open_time,open,high,low,close,volume,close_time,quote_volume,count,taker_buy_volume,taker_buy_quote_volume,ignore
1772323200000,5289.66,5298.18,5289.66,5295.24,1492.551,1772324099999,7903731.78821,3676,943.653,4996584.91930,0
1772324100000,5295.23,5303.56,5294.07,5303.56,957.904,1772324999999,5075128.66897,3239,696.243,3688788.11770,0
1772325000000,5303.56,5310.00,5302.37,5307.60,1173.064,1772325899999,6223692.43613,3981,610.706,3240273.06848,0
1772325900000,5307.60,5310.00,5297.00,5300.75,1353.266,1772326799999,7176110.72230,4320,636.279,3374066.41575,0
1772326800000,5300.64,5302.18,5292.10,5294.27,1134.131,1772327699999,6007151.21490,4504,426.796,2260674.31194,0
1772327700000,5294.29,5302.50,5293.86,5299.44,653.492,1772328599999,3461953.24081,3241,343.835,1821444.40099,0
1772328600000,5299.45,5299.95,5292.25,5292.31,1035.322,1772329499999,5482504.84996,3951,381.737,2021478.17249,0
1772329500000,5292.31,5296.33,5283.60,5284.15,2372.728,1772330399999,12547842.60821,6663,945.592,5001310.87171,0
1772330400000,5284.16,5288.92,5282.70,5286.44,2821.749,1772331299999,14910533.71224,8060,1242.736,6567104.81762,0
1772331300000,5286.43,5291.56,5284.00,5290.08,1541.799,1772332199999,8153208.55620,5654,842.696,4456196.32019,0
1772332200000,5290.08,5291.37,5282.70,5282.70,1785.026,1772333099999,9432859.45373,5426,626.461,3310481.04981,0
1772333100000,5282.71,5283.45,5280.04,5283.00,2120.705,1772333999999,11201352.19038,6239,676.261,3571803.22722,0
1772334000000,5283.00,5283.97,5275.08,5276.11,3320.144,1772334899999,17521160.11089,11521,874.944,4617325.13191,0
1772334900000,5276.11,5279.80,5276.11,5279.11,1543.390,1772335799999,8145725.07864,5704,892.035,4708087.19058,0
1772335800000,5279.11,5279.11,5276.12,5278.60,954.970,1772336699999,5039241.34056,4297,385.171,2032547.19043,0
1772336700000,5278.59,5282.53,5277.54,5282.53,2009.960,1772337599999,10613475.59663,6487,1432.389,7563921.44410,0
1772337600000,5282.53,5290.69,5282.49,5286.26,2093.029,1772338499999,11064673.03190,7041,1219.977,6448875.23721,0
1772338500000,5286.27,5295.00,5284.00,5295.00,1654.340,1772339399999,8749021.98213,5631,1230.679,6508421.57304,0
1772339400000,5295.00,5300.00,5291.12,5296.19,1608.793,1772340299999,8520491.90858,5147,937.388,4964957.95534,0
1772340300000,5296.18,5296.19,5289.10,5291.38,743.880,1772341199999,3936820.23127,3403,292.743,1549171.14960,0
1772341200000,5291.38,5292.99,5288.68,5292.19,559.736,1772342099999,2961772.18374,2414,210.427,1113408.53217,0
1772342100000,5292.19,5293.00,5291.15,5291.95,417.238,1772342999999,2208027.42331,1817,210.111,1111904.34735,0
1772343000000,5291.95,5294.50,5290.00,5293.68,659.679,1772343899999,3490728.77274,2121,303.864,1607959.23150,0
1772343900000,5293.68,5295.00,5291.48,5295.00,606.946,1772344799999,3213188.76073,2335,420.868,2228170.02609,0
1772344800000,5294.99,5297.00,5288.68,5295.78,972.781,1772345699999,5150451.10069,3909,545.383,2887636.91662,0
1772345700000,5295.77,5298.25,5293.60,5296.74,971.668,1772346599999,5146251.99136,2891,667.486,3535253.12553,0
1772346600000,5296.74,5302.60,5296.40,5301.12,1273.571,1772347499999,6749233.20320,4111,800.058,4239705.97169,0
1772347500000,5301.12,5301.12,5294.91,5295.46,787.982,1772348399999,4173952.65642,3049,308.776,1635556.27348,0
1772348400000,5295.47,5299.80,5294.20,5294.90,807.214,1772349299999,4275643.67026,3667,339.311,1797217.88243,0
1772349300000,5294.89,5297.52,5290.60,5292.34,897.654,1772350199999,4751276.24328,3335,351.368,1859754.76231,0
1772350200000,5292.35,5293.15,5288.21,5288.22,874.180,1772351099999,4625059.61327,2808,219.401,1160845.62835,0
1772351100000,5288.22,5291.01,5285.00,5288.30,1924.298,1772351999999,10177519.13737,3844,795.914,4209803.87888,0
1772352000000,5288.30,5297.79,5288.30,5296.40,1890.533,1772352899999,10009587.22465,4445,1289.066,6824529.88703,0
1772352900000,5296.40,5298.10,5295.50,5297.39,716.315,1772353799999,3794378.08631,2279,418.239,2215417.89461,0
1772353800000,5297.39,5298.00,5295.93,5297.14,658.059,1772354699999,3486191.23629,2246,346.816,1837344.91437,0
1772354700000,5297.14,5297.14,5295.18,5296.55,557.730,1772355599999,2954004.19717,2130,285.001,1509499.40651,0
1772355600000,5296.56,5299.99,5296.33,5299.99,974.170,1772356499999,5161307.10949,2871,675.500,3578871.04565,0
1772356500000,5299.99,5304.05,5297.06,5303.86,1304.423,1772357399999,6914654.58765,4804,647.330,3431369.96374,0
1772357400000,5303.86,5309.00,5299.54,5305.08,1643.384,1772358299999,8719212.27135,5752,849.756,4508482.02376,0
1772358300000,5305.08,5305.16,5298.33,5303.23,1054.986,1772359199999,5593086.42695,4528,485.917,2576114.51899,0
1772359200000,5303.23,5303.75,5296.57,5298.68,1337.010,1772360099999,7087206.79125,4038,488.287,2588285.46761,0
1772360100000,5298.68,5306.20,5298.33,5302.35,1291.398,1772360999999,6847659.55230,5070,689.621,3656812.71319,0
1772361000000,5302.36,5303.38,5295.14,5297.37,1443.049,1772361899999,7645920.04991,5030,635.684,3368152.18412,0
1772361900000,5297.62,5301.00,5295.69,5298.94,855.196,1772362799999,4531553.46283,3398,401.524,2127579.77693,0
1772362800000,5298.93,5299.59,5295.00,5298.40,777.446,1772363699999,4118847.41095,3183,325.213,1723051.24437,0
1772363700000,5298.41,5299.50,5291.00,5297.91,1176.228,1772364599999,6229936.61383,3734,526.707,2790350.36575,0
1772364600000,5297.91,5298.55,5292.23,5295.50,1061.333,1772365499999,5621171.13381,4006,450.079,2383796.72808,0
1772365500000,5295.51,5302.00,5292.80,5297.76,3363.716,1772366399999,17813236.24901,6533,1698.213,8994503.81558,0
1772366400000,5297.61,5313.82,5297.61,5311.02,3206.266,1772367299999,17014366.10178,6782,2024.195,10741332.89696,0
1772367300000,5311.02,5314.30,5307.17,5313.95,1279.643,1772368199999,6796148.84238,5012,741.478,3938117.94509,0
1772368200000,5313.94,5318.54,5310.67,5316.76,1584.627,1772369099999,8421907.95557,5754,838.164,4454829.72351,0
1772369100000,5316.76,5317.01,5310.73,5316.33,848.914,1772369999999,4511931.70572,4314,378.053,2009496.04202,0
1772370000000,5316.33,5323.72,5305.30,5313.55,2679.529,1772370899999,14242842.78541,8063,1297.283,6896445.23330,0
1772370900000,5313.55,5317.98,5313.23,5315.92,1004.110,1772371799999,5338058.50862,4162,463.504,2464067.71806,0
1772371800000,5315.92,5317.20,5309.30,5311.65,1133.442,1772372699999,6022449.11711,3826,348.533,1851444.71802,0
1772372700000,5311.64,5315.86,5305.00,5305.10,1782.472,1772373599999,9465593.21879,6028,733.987,3898084.02791,0
1772373600000,5305.10,5317.90,5304.00,5313.63,1656.859,1772374499999,8800988.24555,7212,975.035,5179659.89390,0
1772374500000,5313.62,5316.92,5310.76,5312.06,1117.564,1772375399999,5937920.59877,4409,648.469,3445477.81290,0
1772375400000,5312.07,5312.71,5306.41,5311.49,789.239,1772376299999,4190574.03969,3635,369.954,1964358.61505,0
1772376300000,5311.50,5312.75,5308.56,5309.84,813.075,1772377199999,4318064.43917,3596,410.424,2179705.75856,0
1772377200000,5309.85,5310.37,5305.25,5306.80,995.703,1772378099999,5284617.18902,3684,500.152,2654475.26064,0
1772378100000,5306.80,5308.00,5303.68,5307.95,1166.417,1772378999999,6189598.08186,4129,600.233,3185250.31373,0
1772379000000,5307.94,5309.77,5305.99,5306.34,893.755,1772379899999,4744104.67565,2742,309.498,1642761.09159,0
1772379900000,5306.35,5311.83,5305.47,5310.63,2408.327,1772380799999,12781807.78621,5052,1106.580,5873099.83450,0
1772380800000,5310.75,5332.00,5310.75,5327.40,8005.206,1772381699999,42623151.20045,18455,4800.049,25556284.29823,0
1772381700000,5327.40,5340.00,5321.00,5327.24,3869.412,1772382599999,20624784.29548,11095,1663.490,8867950.16821,0
1772382600000,5327.24,5328.53,5322.59,5324.19,1120.833,1772383499999,5969452.72323,5020,450.626,2399896.31116,0
1772383500000,5324.19,5330.61,5322.82,5327.74,1359.369,1772384399999,7241214.99547,5261,591.994,3153323.02025,0
1772384400000,5327.74,5330.00,5327.10,5329.74,1115.689,1772385299999,5944826.89333,3676,641.722,3419361.60158,0
1772385300000,5329.74,5334.78,5328.56,5330.75,1495.330,1772386199999,7972620.43925,5405,827.248,4410688.70516,0
1772386200000,5330.74,5332.40,5326.53,5329.03,630.963,1772387099999,3362590.68617,3215,183.393,977400.76254,0
1772387100000,5329.04,5333.23,5329.03,5330.85,568.049,1772387999999,3027983.84202,2667,293.557,1564761.45998,0
1772388000000,5330.86,5333.23,5328.20,5332.01,971.208,1772388899999,5177502.88364,4580,405.070,2159449.26571,0
1772388900000,5332.01,5332.23,5326.23,5328.56,703.626,1772389799999,3749678.84313,3843,280.182,1493108.85780,0
1772389800000,5328.56,5329.20,5324.44,5324.87,702.833,1772390699999,3743842.23005,3740,238.612,1271051.15743,0
1772390700000,5324.88,5326.19,5324.16,5324.86,454.286,1772391599999,2419052.12817,2233,241.498,1285971.19605,0
1772391600000,5324.86,5331.15,5323.00,5325.11,1668.574,1772392499999,8888645.26800,4481,861.018,4586330.57466,0
1772392500000,5325.12,5330.00,5322.90,5327.80,777.490,1772393399999,4140463.91570,3391,401.228,2136841.05360,0
1772393400000,5327.79,5332.20,5318.03,5322.17,3470.371,1772394299999,18473050.10144,8572,1235.118,6575363.78653,0
1772394300000,5322.17,5326.93,5318.00,5325.83,4205.880,1772395199999,22388143.02464,9890,2445.027,13015228.62773,0
1772395200000,5325.82,5361.94,5325.82,5357.16,9543.146,1772396099999,51061670.00092,26101,5242.161,28046000.89111,0
1772396100000,5357.16,5366.48,5355.00,5362.76,3394.750,1772396999999,18199938.43492,11283,1844.029,9886312.00253,0
1772397000000,5362.75,5380.00,5362.73,5379.52,3396.535,1772397899999,18247072.94112,13151,2135.922,11474159.33937,0
1772397900000,5379.52,5379.99,5357.88,5366.07,2898.553,1772398799999,15565263.47444,11251,1425.584,7655639.77896,0
1772398800000,5366.07,5380.00,5361.72,5368.16,2111.114,1772399699999,11332514.45171,7355,1237.217,6642393.03985,0
1772399700000,5368.16,5375.75,5365.87,5370.08,1727.985,1772400599999,9280243.97564,7815,775.365,4164197.33457,0
1772400600000,5370.07,5379.90,5367.74,5374.34,2309.399,1772401499999,12409604.88278,10294,1264.202,6793345.01597,0
1772401500000,5374.34,5378.50,5364.83,5372.82,2585.278,1772402399999,13885689.36511,9457,1338.828,7190612.56245,0
1772402400000,5372.81,5374.11,5363.11,5365.20,1920.852,1772403299999,10314110.40583,8286,941.162,5054002.73976,0
1772403300000,5365.15,5365.16,5350.00,5360.33,3182.355,1772404199999,17049056.91615,9352,1467.045,7858760.04688,0
1772404200000,5360.32,5369.56,5360.32,5369.51,1257.568,1772405099999,6744398.36411,5382,862.076,4623449.83571,0
1772405100000,5369.51,5369.53,5359.50,5368.76,2260.495,1772405999999,12125754.62094,9953,1072.267,5751502.02859,0
1772406000000,5368.77,5373.59,5303.35,5329.48,35264.209,1772406899999,188104451.84557,94354,18839.371,100470275.39318,0
1772406900000,5329.49,5338.84,5323.40,5333.50,10543.807,1772407799999,56207100.48023,31329,4672.400,24908506.44144,0
1772407800000,5333.50,5372.97,5331.40,5362.61,15061.824,1772408699999,80639677.29540,31509,5883.393,31491470.32841,0
1772408700000,5362.61,5369.38,5354.60,5364.82,13837.745,1772409599999,74225363.89249,30791,4625.635,24811782.94649,0
1772409600000,5364.82,5388.00,5348.75,5375.37,18766.488,1772410499999,100817220.18924,47823,9334.706,50152449.90103,0
1772410500000,5375.37,5375.38,5349.49,5363.14,7972.906,1772411399999,42742965.72493,23827,4121.447,22096645.95886,0
1772411400000,5363.15,5372.61,5358.76,5365.82,4857.049,1772412299999,26064003.02967,15831,2172.044,11655292.87861,0
1772412300000,5365.82,5366.00,5342.63,5348.76,5631.238,1772413199999,30148423.34556,18926,2806.318,15023618.98340,0
1772413200000,5348.75,5349.09,5315.99,5339.80,13346.285,1772414099999,71152478.58570,47790,6752.527,35995900.67122,0
1772414100000,5339.76,5345.25,5304.00,5309.28,7674.122,1772414999999,40873496.54245,29383,3249.068,17307262.84000,0
1772415000000,5309.27,5338.59,5307.01,5334.16,7331.518,1772415899999,39033830.87615,23453,3890.298,20709144.72614,0
1772415900000,5334.16,5337.88,5322.87,5325.41,3688.824,1772416799999,19663408.19578,17399,1710.887,9119899.60398,0
1772416800000,5325.40,5335.00,5318.09,5328.90,3991.772,1772417699999,21260337.29960,15657,2130.741,11349256.18026,0
1772417700000,5328.90,5344.64,5327.42,5331.69,4086.935,1772418599999,21797436.46941,12295,2421.702,12917280.40432,0
1772418600000,5331.69,5351.85,5329.20,5351.62,3820.862,1772419499999,20399539.57667,12412,2174.238,11608638.57334,0
1772419500000,5351.61,5351.96,5342.14,5347.43,2547.775,1772420399999,13624183.43998,9685,1160.792,6206959.13518,0
1772420400000,5347.44,5356.45,5345.32,5355.08,2845.994,1772421299999,15233929.35559,9930,1357.183,7264236.73367,0
1772421300000,5355.07,5358.99,5350.28,5354.57,2941.672,1772422199999,15756642.17890,10091,1121.689,6007747.16160,0
1772422200000,5354.58,5362.58,5353.29,5360.97,3537.666,1772423099999,18959915.87188,8538,1512.925,8108640.55685,0
1772423100000,5360.97,5367.99,5359.12,5365.34,2812.652,1772423999999,15083181.43432,8283,1364.816,7319511.30794,0
1772424000000,5365.34,5366.07,5354.91,5354.91,3739.977,1772424899999,20043612.13446,8703,1350.889,7240211.73295,0
1772424900000,5354.92,5364.25,5354.92,5361.69,2117.590,1772425799999,11352441.93167,6043,1107.935,5939632.05568,0
1772425800000,5361.70,5362.23,5345.00,5352.59,3385.337,1772426699999,18117619.43807,10070,1446.432,7740689.97190,0
1772426700000,5352.59,5356.45,5349.50,5353.84,2538.744,1772427599999,13590660.16207,6436,938.935,5026847.55103,0
1772427600000,5353.91,5354.00,5343.52,5349.37,2720.511,1772428499999,14551898.91530,8070,1057.363,5656091.07724,0
1772428500000,5349.36,5351.85,5341.33,5348.81,3147.311,1772429399999,16830009.43784,6800,1717.123,9181500.07122,0
1772429400000,5348.81,5362.35,5347.68,5359.39,2743.728,1772430299999,14696064.84844,8449,1656.917,8874739.82301,0
1772430300000,5359.38,5365.81,5358.00,5364.50,2951.968,1772431199999,15830740.05348,7741,1317.802,7067510.67281,0
1772431200000,5364.65,5378.40,5362.40,5374.04,4576.609,1772432099999,24585164.57722,13078,2183.945,11731362.38231,0
1772432100000,5374.01,5380.75,5372.72,5380.05,3234.175,1772432999999,17391031.09650,8854,1983.850,10668092.53361,0
1772433000000,5380.05,5380.42,5373.03,5373.73,2954.627,1772433899999,15886665.58502,10046,1373.012,7382825.80688,0
1772433900000,5373.63,5387.20,5373.63,5385.64,3620.318,1772434799999,19488293.33115,10509,1896.155,10207042.49564,0
1772434800000,5385.61,5406.00,5383.33,5404.41,8225.350,1772435699999,44380344.96054,19187,4568.025,24646406.44497,0
1772435700000,5404.41,5420.00,5403.23,5407.85,7937.883,1772436599999,42965834.27636,18201,4044.074,21889494.64036,0
1772436600000,5407.85,5409.43,5400.60,5401.42,5097.108,1772437499999,27548907.07883,13506,2341.735,12656564.87606,0
1772437500000,5401.41,5412.34,5400.61,5405.79,3703.310,1772438399999,20021208.78797,10827,1810.181,9786933.62961,0
1772438400000,5405.78,5409.89,5401.61,5408.09,4895.365,1772439299999,26464982.94604,12793,2522.548,13636886.21501,0
1772439300000,5408.08,5413.52,5398.26,5413.11,4556.853,1772440199999,24627138.22750,12323,2034.877,10997319.84751,0
1772440200000,5413.32,5414.86,5394.58,5399.40,4383.269,1772441099999,23688360.09747,11616,1797.801,9718157.57844,0
1772441100000,5399.41,5409.98,5390.00,5391.18,6403.717,1772441999999,34580409.59914,15705,3212.716,17354077.83972,0
1772442000000,5391.19,5397.90,5387.16,5392.14,5170.277,1772442899999,27885202.76387,12890,2740.072,14778390.99380,0
1772442900000,5392.28,5395.90,5385.10,5391.97,3003.948,1772443799999,16194830.89963,10127,1462.761,7886184.15923,0
1772443800000,5391.98,5399.93,5391.73,5395.65,1849.926,1772444699999,9981323.05430,7783,959.879,5179071.32017,0
1772444700000,5395.65,5396.00,5386.01,5391.21,2912.405,1772445599999,15699258.01129,9464,1510.893,8144536.82371,0
1772445600000,5391.22,5392.26,5377.67,5390.24,5024.071,1772446499999,27056445.94946,13657,2434.926,13113622.68301,0
1772446500000,5390.24,5390.78,5383.08,5388.38,3121.766,1772447399999,16818637.16472,8194,1560.506,8406999.25878,0
1772447400000,5388.21,5399.40,5386.01,5398.86,3999.955,1772448299999,21567288.00489,9644,2081.514,11223616.19365,0
1772448300000,5398.86,5399.46,5381.05,5387.70,3419.676,1772449199999,18427470.88928,10448,1785.878,9622904.08002,0
1772449200000,5387.59,5392.92,5381.92,5386.94,2131.686,1772450099999,11482323.77485,7264,1177.524,6342401.18704,0
1772450100000,5386.94,5395.18,5386.90,5389.66,2047.097,1772450999999,11036300.49825,6691,1158.495,6245321.45369,0
1772451000000,5389.66,5397.81,5388.01,5388.10,1906.936,1772451899999,10285289.87036,6807,1034.196,5577756.38267,0
1772451900000,5388.10,5388.64,5373.24,5384.17,5036.321,1772452799999,27101256.45450,14216,2589.441,13933672.99476,0
1772452800000,5384.28,5398.02,5378.66,5391.16,3421.154,1772453699999,18436300.58130,11461,1758.170,9475077.71479,0
1772453700000,5391.16,5394.38,5384.10,5392.67,1942.535,1772454599999,10470017.68419,6936,956.636,5155518.55079,0
1772454600000,5392.80,5397.00,5387.80,5394.88,2494.923,1772455499999,13456647.46824,7187,1375.137,7416876.49326,0
1772455500000,5394.95,5396.91,5384.64,5395.52,2540.904,1772456399999,13701202.34608,7600,1320.918,7122403.35882,0
1772456400000,5395.53,5408.32,5382.25,5384.22,7693.933,1772457299999,41503981.23950,19389,3898.173,21025222.99726,0
1772457300000,5384.22,5407.07,5383.15,5400.16,6890.207,1772458199999,37193070.82514,17554,3246.319,17519992.85904,0
1772458200000,5400.17,5414.27,5392.51,5393.06,7422.090,1772459099999,40099265.17139,18082,3676.713,19862306.24938,0
1772459100000,5393.06,5397.35,5390.04,5393.65,4599.758,1772459999999,24810897.36614,12159,2438.681,13153565.02536,0
1772460000000,5393.65,5394.33,5363.25,5373.85,10959.816,1772460899999,58941194.70638,29676,5391.150,28992875.02383,0
1772460900000,5373.86,5375.69,5308.00,5335.34,27417.119,1772461799999,146384929.30397,60952,13261.358,70781261.94210,0
1772461800000,5335.34,5356.58,5306.40,5345.85,24308.793,1772462699999,129650868.72785,53656,12751.929,68019316.42909,0
1772462700000,5345.85,5349.79,5321.00,5333.13,10599.199,1772463599999,56552856.73807,31070,5139.265,27419479.78314,0
1772463600000,5333.13,5346.95,5311.00,5333.25,12765.187,1772464499999,68012500.85387,37713,6244.817,33277288.35434,0
1772464500000,5333.25,5337.44,5316.79,5329.80,8314.662,1772465399999,44299696.29431,24781,3730.289,19871908.38424,0
1772465400000,5329.79,5347.44,5328.89,5340.79,6162.775,1772466299999,32917945.81160,16808,3044.647,16261233.32522,0
1772466300000,5340.78,5343.65,5308.33,5315.64,8648.790,1772467199999,46049022.18544,21839,4158.300,22135789.36938,0
1772467200000,5315.64,5315.64,5258.00,5299.80,26894.552,1772468099999,142083141.99685,60863,12535.926,66227629.20426,0
1772468100000,5299.79,5312.78,5281.92,5308.81,9111.037,1772468999999,48253171.41548,24631,4369.300,23142345.65315,0
1772469000000,5308.81,5310.18,5282.25,5300.40,8936.453,1772469899999,47350575.68558,24432,4015.782,21277113.01929,0
1772469900000,5300.40,5304.38,5291.61,5291.96,8342.801,1772470799999,44193212.09247,18786,4119.738,21821630.52803,0
1772470800000,5291.95,5311.16,5289.20,5300.63,5568.077,1772471699999,29504935.64243,17414,2979.058,15787185.88797,0
1772471700000,5300.63,5315.22,5294.52,5307.22,3242.167,1772472599999,17200366.66503,13384,1866.008,9899965.00498,0
1772472600000,5307.22,5322.56,5306.10,5307.01,4152.435,1772473499999,22067846.34083,13849,2159.078,11473739.28332,0
1772473500000,5307.00,5313.35,5301.14,5309.14,2001.411,1772474399999,10623112.46632,9727,1036.704,5502732.45150,0
1772474400000,5309.14,5309.94,5290.85,5296.43,2950.743,1772475299999,15634140.82374,11638,1321.939,7003711.16168,0
1772475300000,5296.45,5307.71,5296.03,5299.91,2490.261,1772476199999,13203315.45248,10788,1362.799,7225186.69934,0
1772476200000,5299.83,5304.87,5293.14,5304.87,1696.402,1772477099999,8986990.37713,7837,877.318,4647868.99263,0
1772477100000,5304.86,5317.27,5303.85,5317.26,2515.964,1772477999999,13364156.54432,7708,1270.874,6750230.61615,0
1772478000000,5317.26,5332.18,5316.06,5329.77,3675.098,1772478899999,19573776.95667,11067,1923.516,10244614.98567,0
1772478900000,5329.77,5332.69,5318.61,5330.30,2031.091,1772479799999,10815532.00219,7870,871.365,4639842.88922,0
1772479800000,5330.30,5333.28,5322.74,5324.04,1664.462,1772480699999,8869150.02750,6577,724.501,3860778.21347,0
1772480700000,5324.04,5331.00,5322.01,5328.97,1743.221,1772481599999,9285028.23643,6106,705.673,3758545.47822,0
1772481600000,5328.97,5344.98,5327.17,5337.30,4634.367,1772482499999,24734273.04557,11128,2420.146,12917114.61397,0
1772482500000,5337.30,5344.54,5327.36,5333.69,5727.500,1772483399999,30569080.16913,15900,2557.913,13651365.18858,0
1772483400000,5333.70,5344.00,5332.45,5340.71,2280.872,1772484299999,12178720.09724,9028,1135.487,6062747.48740,0
1772484300000,5340.65,5341.47,5331.24,5332.15,2436.415,1772485199999,13003073.98983,9587,1132.387,6043580.96899,0
1772485200000,5332.20,5337.97,5331.49,5334.47,1435.894,1772486099999,7660782.78930,6183,739.837,3946903.18401,0
1772486100000,5334.48,5338.70,5330.65,5331.55,1176.612,1772486999999,6277442.43603,4263,397.959,2123029.35532,0
1772487000000,5331.56,5336.01,5325.00,5329.87,2108.797,1772487899999,11236015.21030,7016,973.564,5188028.87653,0
1772487900000,5329.86,5329.86,5319.50,5320.37,1378.073,1772488799999,7335651.08233,5400,466.516,2483125.35700,0
1772488800000,5320.38,5320.96,5314.66,5317.75,995.167,1772489699999,5292134.38786,4237,410.393,2182387.48912,0
1772489700000,5317.74,5329.39,5317.74,5322.98,1066.454,1772490599999,5677550.69747,4352,671.461,3574471.78891,0
1772490600000,5322.99,5325.60,5319.33,5321.49,733.946,1772491499999,3906430.28730,3365,390.969,2080937.33415,0
1772491500000,5321.50,5321.50,5316.80,5318.31,503.296,1772492399999,2676653.39959,2624,115.665,615115.50102,0
1772492400000,5318.32,5346.16,5318.32,5337.13,4393.848,1772493299999,23447262.09326,12695,1844.942,9846297.43237,0
1772493300000,5337.13,5340.08,5327.55,5335.09,1421.854,1772494199999,7585381.82383,6803,619.154,3303079.08414,0
1772494200000,5335.08,5335.40,5328.00,5330.24,1162.766,1772495099999,6199298.84740,6004,514.753,2744524.44768,0
1772495100000,5330.25,5344.69,5329.40,5344.15,1788.841,1772495999999,9550887.01508,7366,980.725,5235655.65223,0
1772496000000,5344.15,5348.89,5336.11,5347.11,1711.649,1772496899999,9146023.78391,6765,1011.625,5405663.88054,0
1772496900000,5347.11,5358.00,5347.11,5356.26,4337.883,1772497799999,23223451.06015,11565,2225.753,11914766.79719,0
1772497800000,5356.26,5366.00,5347.86,5353.31,3515.296,1772498699999,18824516.36067,10369,1768.483,9471660.25230,0
1772498700000,5353.29,5360.39,5345.52,5348.52,1871.017,1772499599999,10013945.51726,8337,1001.597,5360914.89409,0
1772499600000,5348.53,5369.91,5346.12,5366.15,3709.963,1772500499999,19894493.27893,15630,1950.204,10456825.03350,0
1772500500000,5366.14,5377.49,5364.11,5375.67,3751.204,1772501399999,20154504.38894,11936,1766.195,9488871.46245,0
1772501400000,5375.68,5375.96,5361.27,5361.34,2992.724,1772502299999,16070131.85359,10673,1283.928,6894084.25376,0
1772502300000,5361.86,5364.11,5337.82,5338.77,8054.146,1772503199999,43089274.36941,23579,3740.114,20009242.59233,0
1772503200000,5338.78,5354.45,5332.60,5348.59,6553.125,1772504099999,35018630.69981,18544,3648.574,19499219.07605,0
1772504100000,5348.59,5357.99,5343.99,5357.18,2443.916,1772504999999,13077598.52614,9873,1353.189,7240878.55334,0
1772505000000,5357.22,5363.00,5353.38,5359.42,2631.510,1772505899999,14101828.06133,10841,1130.896,6060488.65634,0
1772505900000,5359.42,5367.84,5358.38,5364.88,2579.989,1772506799999,13835354.67005,8141,1388.296,7444513.46996,0
1772506800000,5364.91,5369.79,5362.27,5364.32,2294.468,1772507699999,12312381.78238,7843,996.408,5346690.86307,0
1772507700000,5364.32,5371.42,5361.00,5364.72,1783.938,1772508599999,9572458.89577,8287,797.846,4281340.12211,0
1772508600000,5364.71,5367.08,5362.98,5366.38,1436.204,1772509499999,7705164.93297,5160,548.772,2944154.66220,0
1772509500000,5366.39,5366.92,5355.68,5363.96,1763.481,1772510399999,9455553.03126,6122,618.960,3318921.14727,0
1772510400000,5363.99,5364.62,5354.58,5358.65,2384.363,1772511299999,12781258.38180,7162,660.242,3539607.67054,0
1772511300000,5358.66,5371.52,5357.10,5368.64,2875.878,1772512199999,15430239.61571,8740,1064.831,5713569.71318,0
1772512200000,5368.64,5372.21,5364.27,5365.88,1988.883,1772513099999,10675884.26695,7401,638.177,3425698.47944,0
1772513100000,5365.88,5366.35,5358.60,5359.25,2066.062,1772513999999,11078165.58354,9543,648.257,3475720.89327,0
1772514000000,5359.24,5366.85,5354.06,5360.16,2033.374,1772514899999,10899247.09410,8929,969.663,5198158.38867,0
1772514900000,5360.15,5361.85,5347.21,5355.80,2453.235,1772515799999,13136236.52841,8378,991.845,5311518.91476,0
1772515800000,5355.80,5356.33,5332.63,5342.83,4289.839,1772516699999,22917638.83022,16498,2165.882,11570131.95381,0
1772516700000,5342.82,5344.22,5300.00,5318.21,9260.060,1772517599999,49252028.34564,28531,4390.706,23356979.65707,0
1772517600000,5318.21,5322.62,5278.79,5288.32,8307.581,1772518499999,44043609.80956,27443,4038.181,21412245.02064,0
1772518500000,5288.31,5317.25,5286.45,5314.92,5956.719,1772519399999,31597270.93611,20405,3205.644,17002093.79912,0
1772519400000,5315.09,5316.91,5292.78,5309.75,5017.734,1772520299999,26630626.84037,19701,1973.951,10476572.58262,0
1772520300000,5309.74,5313.28,5289.45,5308.76,3770.766,1772521199999,19993476.64781,14638,1992.144,10563487.75289,0
1772521200000,5308.75,5316.79,5304.55,5313.05,2727.954,1772522099999,14488641.32072,9854,1420.310,7543627.13514,0
1772522100000,5313.05,5319.56,5309.50,5311.56,3138.388,1772522999999,16676826.11185,10646,1435.582,7628495.04974,0
1772523000000,5311.56,5326.97,5311.56,5325.46,3161.019,1772523899999,16815811.51394,10087,1675.276,8912942.71615,0
1772523900000,5325.45,5330.53,5322.85,5326.30,2330.582,1772524799999,12413008.43609,8111,1176.054,6263909.54621,0
1772524800000,5326.30,5333.27,5318.17,5318.18,3438.572,1772525699999,18313047.77148,12704,1528.686,8142057.74080,0
1772525700000,5318.18,5325.77,5309.42,5310.45,3141.035,1772526599999,16698599.36800,10541,1402.785,7457359.68259,0
1772526600000,5310.46,5311.89,5295.00,5303.66,4942.838,1772527499999,26213326.87442,14296,2302.938,12212269.71863,0
1772527500000,5303.40,5310.30,5289.61,5294.58,4799.559,1772528399999,25438642.49423,13163,2647.009,14030894.96362,0
1772528400000,5294.58,5302.52,5283.18,5294.94,6746.014,1772529299999,35710844.61635,17582,3681.694,19488461.30811,0
1772529300000,5295.03,5301.00,5223.54,5241.58,23486.814,1772530199999,123384193.51269,46485,11009.854,57830543.69121,0
1772530200000,5241.77,5269.21,5240.13,5262.34,11836.616,1772531099999,62250498.70096,29154,5738.796,30177235.31563,0
1772531100000,5262.34,5278.79,5258.39,5273.25,6554.906,1772531999999,34538462.92090,17525,3053.889,16089723.72356,0
1772532000000,5273.25,5286.19,5266.71,5272.00,5142.641,1772532899999,27132516.98890,15555,2299.506,12131661.74403,0
1772532900000,5271.93,5279.17,5264.20,5275.27,3698.838,1772533799999,19500242.19350,12235,1551.738,8180176.70536,0
1772533800000,5275.27,5275.27,5246.95,5259.80,8334.427,1772534699999,43861645.52650,23856,4037.971,21252147.75934,0
1772534700000,5259.80,5260.19,5236.80,5247.57,10450.069,1772535599999,54845737.06762,27443,5228.634,27440829.00303,0
1772535600000,5247.25,5262.22,5160.00,5197.76,38554.845,1772536499999,200506117.92463,83389,18755.340,97533733.71965,0
1772536500000,5197.76,5207.19,5120.00,5128.65,27097.763,1772537399999,140197786.76983,78525,13120.004,67902005.07092,0
1772537400000,5128.65,5142.30,5068.50,5126.61,47800.593,1772538299999,244290761.08408,136556,23111.567,118123302.17940,0
1772538300000,5126.61,5156.91,5124.97,5143.90,15770.465,1772539199999,81134322.43526,52955,6909.344,35546364.62692,0
1772539200000,5143.91,5191.99,5138.65,5191.72,13957.745,1772540099999,72108782.36666,46634,6745.700,34840219.64336,0
1772540100000,5191.73,5207.83,5180.11,5203.00,11106.292,1772540999999,57689600.15454,30345,4803.544,24950778.47861,0
1772541000000,5203.00,5210.36,5188.02,5201.44,8200.049,1772541899999,42648000.89204,25193,3739.113,19447394.95372,0
1772541900000,5201.45,5224.17,5194.56,5222.05,7621.990,1772542799999,39709741.20439,25019,3591.639,18711475.97194,0
1772542800000,5222.05,5222.50,5145.03,5163.74,23357.334,1772543699999,120878794.21759,66785,11493.438,59469241.97535,0
1772543700000,5163.74,5183.61,5157.78,5176.17,9147.338,1772544599999,47283459.40625,35638,4472.399,23117969.27181,0
1772544600000,5176.16,5185.70,5147.43,5155.64,9642.950,1772545499999,49811514.73590,30226,4787.273,24730779.74833,0
1772545500000,5155.63,5157.84,5126.82,5155.71,12039.679,1772546399999,61902280.52115,31676,6323.054,32509586.32757,0
1772546400000,5155.70,5174.53,5149.15,5164.18,6834.592,1772547299999,35281725.78070,24533,3358.632,17336694.49892,0
1772547300000,5164.19,5165.54,5125.03,5145.27,10944.079,1772548199999,56265556.40344,28885,5709.446,29347444.39917,0
1772548200000,5145.26,5145.26,5065.15,5074.02,36886.429,1772549099999,188392945.45142,69045,19308.507,98604362.96318,0
1772549100000,5074.03,5081.86,5023.72,5044.42,40785.311,1772549999999,206118599.58522,80144,20890.927,105590084.85107,0
1772550000000,5044.92,5072.75,5031.67,5046.29,22044.373,1772550899999,111372241.67761,57760,10727.184,54197798.75094,0
1772550900000,5046.52,5056.96,5004.60,5046.95,24278.187,1772551799999,122183391.73775,53550,12203.933,61420834.98206,0
1772551800000,5046.90,5073.77,5040.32,5064.09,20700.291,1772552699999,104754582.92271,38394,9812.513,49659691.39714,0
1772552700000,5064.09,5098.98,5056.94,5097.57,11431.302,1772553599999,58071094.14800,31519,6104.535,31007223.93434,0
1772553600000,5097.33,5124.00,5092.49,5111.10,12942.599,1772554499999,66132468.54851,28847,5727.269,29266671.82625,0
1772554500000,5111.09,5128.27,5102.23,5115.11,8171.139,1772555399999,41814483.48853,23913,3605.965,18451719.82079,0
1772555400000,5115.12,5135.72,5107.94,5113.46,9093.904,1772556299999,46563309.69501,24982,3845.820,19692736.86087,0
1772556300000,5113.46,5116.54,5100.96,5108.78,9659.741,1772557199999,49342733.82738,24057,4624.721,23623251.97501,0
1772557200000,5108.83,5108.83,5083.06,5100.05,11124.321,1772558099999,56649185.05610,26538,5206.978,26515887.23432,0
1772558100000,5100.05,5111.52,5082.20,5084.18,7037.639,1772558999999,35889297.33318,17366,3360.739,17139751.91305,0
1772559000000,5084.18,5088.00,5066.88,5080.01,7051.829,1772559899999,35808507.31804,21884,3500.230,17774723.09668,0
1772559900000,5080.00,5085.15,5068.58,5079.87,6177.692,1772560799999,31367706.33507,16230,3221.331,16356731.73798,0
1772560800000,5079.80,5105.00,5079.54,5103.52,4782.705,1772561699999,24369697.33603,16958,2610.793,13302615.88037,0
1772561700000,5103.52,5119.50,5094.57,5114.21,5021.963,1772562599999,25637079.28602,16008,2578.557,13166015.41663,0
1772562600000,5114.31,5137.86,5109.26,5133.31,6746.904,1772563499999,34577469.15362,18114,3349.373,17162624.86837,0
1772563500000,5133.32,5137.97,5126.75,5134.90,3727.609,1772564399999,19134821.44416,12736,1599.994,8213705.21782,0
1772564400000,5134.90,5148.72,5109.16,5111.73,6793.581,1772565299999,34856703.27128,18341,3251.949,16688182.53738,0
1772565300000,5111.76,5120.96,5101.22,5106.41,4164.458,1772566199999,21284645.47364,13280,2088.135,10672108.29708,0
1772566200000,5106.50,5119.49,5100.01,5119.49,5221.448,1772567099999,26677626.17510,15723,2824.898,14432715.99582,0
1772567100000,5119.46,5128.93,5107.53,5112.63,4550.886,1772567999999,23296668.01787,14589,2251.855,11527040.57344,0
1772568000000,5112.64,5125.49,5111.85,5118.01,4109.426,1772568899999,21034589.86507,12823,2072.255,10606703.02909,0
1772568900000,5118.01,5129.49,5113.69,5122.40,3181.688,1772569799999,16296798.58538,10469,1639.101,8395514.38745,0
1772569800000,5122.46,5125.63,5103.43,5111.41,3782.350,1772570699999,19345500.49781,11578,1987.531,10165391.61853,0
1772570700000,5111.69,5113.29,5087.06,5098.39,7369.654,1772571599999,37573440.40104,19291,3588.207,18294237.13496,0
1772571600000,5098.59,5111.41,5095.87,5098.48,2285.224,1772572499999,11659849.37195,8017,1088.006,5550976.77455,0
1772572500000,5098.47,5100.94,5089.61,5089.78,2374.336,1772573399999,12099395.79162,7801,1019.796,5196886.78751,0
1772573400000,5089.78,5095.41,5083.73,5090.60,1882.938,1772574299999,9584069.00552,8223,796.304,4053468.04707,0
1772574300000,5090.60,5093.12,5083.94,5087.51,1583.057,1772575199999,8055185.16108,7012,727.669,3702909.47309,0
1772575200000,5087.64,5097.80,5087.64,5097.80,796.136,1772576099999,4055226.39820,3087,576.618,2937178.62722,0
1772576100000,5097.80,5097.80,5093.14,5097.11,562.531,1772576999999,2866666.84354,2240,310.743,1583515.03773,0
1772577000000,5097.11,5101.75,5095.61,5096.83,685.592,1772577899999,3495134.88893,2635,403.053,2054745.67244,0
1772577900000,5096.83,5102.67,5091.07,5099.39,872.911,1772578799999,4450975.58222,3387,347.744,1773082.99665,0
1772578800000,5099.40,5119.89,5087.24,5118.54,5885.758,1772579699999,30053490.84386,21893,3168.229,16176558.74196,0
1772579700000,5118.45,5129.00,5118.44,5126.68,2020.431,1772580599999,10353111.89459,10707,1087.839,5574494.77684,0
1772580600000,5126.71,5129.02,5116.32,5126.72,1628.280,1772581499999,8344359.17921,8215,748.785,3837085.88973,0
1772581500000,5126.75,5130.78,5121.10,5124.99,1553.864,1772582399999,7964863.59657,7288,770.310,3948372.92478,0
1772582400000,5125.00,5125.97,5105.84,5115.69,4220.662,1772583299999,21579807.37465,13430,1856.481,9491704.53795,0
1772583300000,5115.69,5128.60,5112.99,5124.49,2654.850,1772584199999,13596538.49755,9877,1358.226,6955935.33431,0
1772584200000,5124.50,5136.17,5121.89,5131.48,3002.341,1772585099999,15394856.76483,8249,1409.305,7226258.32613,0
1772585100000,5131.48,5139.76,5126.39,5137.14,3476.667,1772585999999,17849253.39141,11548,1704.647,8752152.22901,0
1772586000000,5137.14,5161.02,5137.14,5157.96,7527.949,1772586899999,38781893.57548,23744,3809.526,19624885.11410,0
1772586900000,5157.95,5162.81,5145.34,5145.34,4325.161,1772587799999,22299831.75834,16834,2105.172,10854600.06102,0
1772587800000,5145.34,5161.72,5141.23,5161.05,3895.466,1772588699999,20065698.99227,16382,1901.069,9792512.57139,0
1772588700000,5161.05,5179.57,5157.47,5173.25,5285.383,1772589599999,27322841.70839,16037,2688.373,13897875.47931,0
1772589600000,5173.24,5189.99,5166.68,5188.20,4954.419,1772590499999,25651291.29547,14493,2415.830,12509913.29770,0
1772590500000,5188.19,5188.79,5174.11,5175.70,3060.533,1772591399999,15851620.37744,11414,1306.651,6768156.16249,0
1772591400000,5175.71,5177.88,5162.39,5177.81,3720.235,1772592299999,19233221.54761,13324,1666.548,8615834.50840,0
1772592300000,5177.89,5178.86,5152.65,5154.69,3670.977,1772593199999,18953428.04157,13717,1537.030,7935902.42418,0
1772593200000,5154.69,5158.33,5139.14,5155.03,3773.110,1772594099999,19427907.88484,14598,1773.463,9132183.94329,0
1772594100000,5155.02,5167.56,5151.00,5161.26,2693.627,1772594999999,13902226.45692,9774,1557.281,8037336.28001,0
1772595000000,5161.34,5165.79,5152.46,5161.65,3201.779,1772595899999,16518200.83019,12703,1659.807,8562779.40519,0
1772595900000,5161.65,5175.80,5158.55,5172.87,2295.227,1772596799999,11861852.64886,9400,1161.754,6004052.67904,0
1772596800000,5172.95,5178.99,5170.67,5172.24,1678.687,1772597699999,8685833.87731,7623,788.101,4077696.61298,0
1772597700000,5172.46,5173.73,5161.23,5165.76,2566.903,1772598599999,13262254.24203,8949,1134.984,5863907.06650,0
1772598600000,5165.77,5168.61,5150.14,5159.96,2625.800,1772599499999,13550779.50381,10477,1191.431,6148642.92922,0
1772599500000,5159.97,5163.44,5153.56,5155.08,1865.158,1772600399999,9618337.95295,7674,863.592,4453307.49408,0
1772600400000,5155.08,5164.99,5150.31,5159.83,2500.751,1772601299999,12897359.60660,8763,1275.901,6580812.92802,0
1772601300000,5159.82,5165.00,5152.00,5155.37,1522.753,1772602199999,7853252.13573,6347,806.802,4160849.23513,0
1772602200000,5155.37,5165.71,5154.12,5158.74,1524.131,1772603099999,7864582.99054,8280,689.561,3558117.84391,0
1772603100000,5158.73,5165.95,5153.20,5158.50,2464.627,1772603999999,12715366.38758,7846,1242.976,6411924.29082,0
1772604000000,5158.49,5158.49,5123.05,5141.24,9096.121,1772604899999,46734430.62396,23006,3985.390,20476405.70343,0
1772604900000,5141.11,5149.14,5128.00,5133.77,4030.548,1772605799999,20708945.40294,12907,1763.501,9061301.58636,0
1772605800000,5133.77,5155.43,5131.39,5148.00,3656.509,1772606699999,18815589.63573,10918,1589.105,8176585.91239,0
1772606700000,5148.04,5158.76,5146.40,5158.64,2116.429,1772607599999,10904098.94566,8121,1070.319,5514601.13997,0
1772607600000,5158.64,5173.87,5156.93,5165.95,4467.312,1772608499999,23085155.86163,12763,2188.436,11308860.82202,0
1772608500000,5165.94,5172.71,5163.01,5167.20,2466.495,1772609399999,12747386.68056,7981,1071.883,5539609.96513,0
1772609400000,5167.20,5171.49,5162.50,5167.33,2296.881,1772610299999,11867747.65266,6330,1026.382,5302980.65164,0
1772610300000,5167.27,5174.39,5166.72,5166.75,2161.173,1772611199999,11175292.52202,6055,794.763,4109889.63887,0
1772611200000,5166.76,5170.18,5147.49,5155.67,5117.649,1772612099999,26388375.12495,12429,2331.927,12022172.39239,0
1772612100000,5155.67,5168.13,5151.63,5161.27,3485.424,1772612999999,17981647.92944,9993,1894.459,9774126.69283,0
1772613000000,5161.14,5174.41,5160.85,5174.22,2754.715,1772613899999,14237348.48634,9125,1410.282,7288910.24534,0
1772613900000,5174.22,5182.00,5165.23,5166.76,5870.331,1772614799999,30370578.37766,12820,2379.845,12314175.36241,0
1772614800000,5166.62,5169.58,5158.69,5162.77,4013.497,1772615699999,20724689.22499,12001,1951.104,10074558.57405,0
1772615700000,5162.82,5177.51,5160.89,5169.67,3113.314,1772616599999,16098857.85075,8587,1299.154,6717114.39022,0
1772616600000,5169.66,5183.30,5167.91,5180.85,2412.021,1772617499999,12488956.69314,7664,1356.933,7026204.20616,0
1772617500000,5180.85,5183.85,5174.74,5181.79,2661.587,1772618399999,13787567.97683,7023,1456.800,7546605.04767,0
1772618400000,5181.79,5196.83,5181.79,5196.53,6183.634,1772619299999,32094611.49782,14104,3120.431,16194844.82346,0
1772619300000,5196.74,5201.00,5185.01,5186.77,5392.112,1772620199999,27994984.71078,13420,2396.908,12444710.78628,0
1772620200000,5186.78,5189.20,5179.05,5184.13,4342.278,1772621099999,22512379.90757,10906,1837.181,9524595.25620,0
1772621100000,5184.14,5192.75,5180.79,5188.86,2853.294,1772621999999,14796762.57611,6931,1472.444,7635603.38655,0
1772622000000,5188.86,5195.85,5187.30,5194.07,1838.289,1772622899999,9542986.10123,5839,932.155,4839094.77626,0
1772622900000,5194.07,5196.99,5189.21,5194.32,1941.881,1772623799999,10084874.86999,5904,809.067,4201615.01615,0
1772623800000,5194.32,5199.66,5189.44,5191.91,2393.490,1772624699999,12433653.69138,6719,1019.402,5295949.59069,0
1772624700000,5191.90,5193.46,5187.13,5191.37,2028.244,1772625599999,10528399.76771,5578,853.511,4430345.71480,0
1772625600000,5191.38,5205.60,5191.38,5197.29,3890.854,1772626499999,20228318.39463,9264,1957.385,10176618.57639,0
1772626500000,5197.28,5197.28,5173.00,5176.76,4922.401,1772627399999,25507400.34494,13722,2253.462,11677059.36585,0
1772627400000,5176.75,5176.76,5156.00,5166.00,5995.193,1772628299999,30977956.35941,15433,2885.307,14907449.75588,0
1772628300000,5165.99,5172.87,5158.15,5169.58,3973.623,1772629199999,20531629.91776,11215,1986.177,10263255.04802,0
1772629200000,5169.59,5195.00,5169.39,5191.94,6648.002,1772630099999,34451979.46562,16096,3374.614,17486340.75359,0
1772630100000,5191.84,5194.28,5177.75,5190.74,5011.892,1772630999999,25999732.78092,14230,2262.228,11735054.12894,0
1772631000000,5190.75,5191.25,5180.85,5186.38,2673.437,1772631899999,13866369.76896,9605,1221.946,6337541.63881,0
1772631900000,5186.38,5190.46,5164.06,5166.78,5643.344,1772632799999,29231186.48467,13277,2291.554,11872808.87479,0
1772632800000,5166.77,5178.98,5161.90,5164.12,4728.841,1772633699999,24454316.07765,14944,2291.549,11850670.95627,0
1772633700000,5164.12,5171.99,5159.01,5164.85,4280.898,1772634599999,22117353.52690,14290,1867.623,9648142.23556,0
1772634600000,5164.86,5184.53,5161.78,5168.93,9180.937,1772635499999,47505869.16939,28778,4479.258,23177356.29624,0
1772635500000,5168.93,5176.43,5138.09,5145.15,10720.300,1772636399999,55233884.26995,35195,5172.936,26651601.17493,0
1772636400000,5145.14,5160.06,5130.00,5132.46,9411.818,1772637299999,48438335.82021,29972,4342.233,22348059.36890,0
1772637300000,5132.59,5158.47,5131.23,5154.79,6481.043,1772638199999,33342746.34427,23180,3463.095,17815473.47909,0
1772638200000,5154.80,5164.90,5137.62,5142.67,4593.266,1772639099999,23668519.59400,17051,2218.946,11432896.30559,0
1772639100000,5142.67,5151.99,5133.00,5150.34,4335.874,1772639999999,22297172.31679,13458,2217.129,11400837.90035,0
1772640000000,5150.33,5159.99,5141.51,5147.06,3936.926,1772640899999,20284496.29271,13292,1769.032,9114590.03943,0
1772640900000,5147.11,5153.67,5136.30,5144.76,2945.293,1772641799999,15153362.91545,12950,1314.416,6762130.12909,0
1772641800000,5144.76,5157.81,5143.01,5146.44,2473.724,1772642699999,12741851.48181,11559,1192.123,6140747.41553,0
1772642700000,5146.44,5151.35,5142.47,5148.30,2043.394,1772643599999,10517398.48485,7864,889.245,4576832.05013,0
1772643600000,5148.31,5151.90,5142.49,5145.53,1655.710,1772644499999,8521619.16795,7321,812.220,4180148.69610,0
1772644500000,5145.53,5148.66,5119.09,5133.18,6330.582,1772645399999,32482855.46209,16392,3056.283,15680391.70957,0
1772645400000,5133.06,5137.50,5111.96,5135.31,5131.416,1772646299999,26327643.62234,13604,1965.989,10089546.60014,0
1772646300000,5135.32,5146.03,5134.88,5139.09,2861.742,1772647199999,14707930.04024,9776,1236.249,6353670.29445,0
1772647200000,5139.09,5141.19,5115.16,5123.30,3666.798,1772648099999,18799212.34198,12730,1778.831,9119112.47452,0
1772648100000,5123.30,5125.65,5109.19,5121.92,3485.556,1772648999999,17840127.13056,14012,1665.038,8522638.70774,0
1772649000000,5121.99,5127.27,5107.95,5123.55,2769.804,1772649899999,14178880.02356,10022,1429.809,7318207.09015,0
1772649900000,5123.56,5132.43,5121.54,5131.50,1712.568,1772650799999,8782616.30508,5840,856.855,4394009.96749,0
1772650800000,5131.59,5134.82,5125.42,5130.44,1521.572,1772651699999,7805284.28278,5795,773.830,3969353.46926,0
1772651700000,5130.44,5132.62,5123.60,5123.84,1268.618,1772652599999,6504716.26407,5130,672.979,3450524.45493,0
1772652600000,5123.84,5130.58,5121.98,5129.58,955.323,1772653499999,4897591.19383,4996,532.705,2731066.02788,0
1772653500000,5129.58,5138.73,5128.77,5137.36,1279.915,1772654399999,6571442.78823,5478,757.648,3889997.49495,0
1772654400000,5137.37,5138.43,5126.04,5128.76,962.294,1772655299999,4937966.62279,5033,467.756,2400153.67546,0
1772655300000,5128.75,5138.00,5123.20,5136.65,1080.680,1772656199999,5543302.03141,5129,580.639,2978684.95595,0
1772656200000,5136.66,5145.40,5136.44,5142.55,1068.443,1772657099999,5491872.81780,4925,636.828,3273353.14420,0
1772657100000,5142.54,5142.96,5131.63,5133.44,1397.080,1772657999999,7175294.88586,6767,683.912,3512136.36212,0
1772658000000,5133.45,5142.42,5132.61,5139.13,1614.279,1772658899999,8294897.86860,5575,850.856,4371941.30830,0
1772658900000,5139.12,5140.12,5134.45,5139.51,841.804,1772659799999,4324456.07750,3167,393.118,2019399.75137,0
1772659800000,5139.51,5140.08,5128.07,5134.35,913.419,1772660699999,4688491.19765,4365,410.516,2106989.05992,0
1772660700000,5134.34,5141.87,5133.93,5141.12,647.873,1772661599999,3329082.31759,2659,390.695,2007529.28010,0
1772661600000,5141.11,5143.17,5140.33,5140.62,575.700,1772662499999,2960088.13154,1995,310.022,1594059.91327,0
1772662500000,5140.61,5143.90,5140.61,5143.24,301.712,1772663399999,1551643.95788,1123,248.110,1275986.61298,0
1772663400000,5143.24,5147.30,5141.12,5143.85,755.981,1772664299999,3888985.46140,2623,489.383,2517490.73522,0
1772664300000,5143.97,5149.00,5143.97,5148.22,399.662,1772665199999,2056914.36461,2035,266.829,1373215.23049,0
1772665200000,5148.22,5153.96,5144.24,5145.84,2411.369,1772666099999,12416596.59447,8957,1310.155,6746241.79819,0
1772666100000,5145.91,5155.94,5145.60,5153.59,1208.237,1772666999999,6225123.35798,4952,712.426,3670684.15959,0
1772667000000,5153.59,5155.67,5147.74,5154.06,818.443,1772667899999,4216256.07606,3943,421.823,2173004.22788,0
1772667900000,5154.05,5164.31,5153.26,5164.01,2319.163,1772668799999,11965199.00926,6960,1493.746,7706749.10696,0
1772668800000,5164.01,5170.83,5157.88,5169.52,1722.572,1772669699999,8897184.13608,6911,855.352,4417972.52444,0
1772669700000,5169.51,5177.80,5169.33,5170.71,1624.124,1772670599999,8402148.24059,5563,824.201,4263584.36013,0
1772670600000,5170.70,5173.93,5165.65,5169.10,1358.111,1772671499999,7020286.41695,4439,573.148,2962809.64788,0
1772671500000,5169.10,5173.49,5163.66,5170.62,1523.505,1772672399999,7874490.35955,6197,584.442,3020708.44715,0
1772672400000,5170.62,5184.97,5167.93,5173.74,3080.049,1772673299999,15942126.10531,10723,1528.057,7909748.61344,0
1772673300000,5173.75,5178.79,5170.45,5175.14,1965.842,1772674199999,10172056.46935,7384,847.647,4385773.81717,0
1772674200000,5175.14,5176.08,5165.68,5169.72,1906.428,1772675099999,9858188.37354,9150,826.200,4272134.26572,0
1772675100000,5169.71,5176.00,5167.12,5170.35,1296.658,1772675999999,6705451.63152,6939,603.743,3122049.70295,0
1772676000000,5170.35,5177.90,5169.84,5177.00,1209.062,1772676899999,6256189.86965,6166,615.758,3186060.66574,0
1772676900000,5177.01,5186.71,5175.71,5182.11,2050.990,1772677799999,10624322.43216,6090,922.223,4777833.34753,0
1772677800000,5182.10,5184.50,5172.20,5173.00,1153.648,1772678699999,5974494.09983,6204,422.976,2190701.79490,0
1772678700000,5173.08,5188.98,5172.18,5188.96,2257.379,1772679599999,11694959.81049,8050,1099.912,5699165.91855,0
1772679600000,5188.95,5191.56,5180.45,5182.11,1826.379,1772680499999,9472571.68333,6166,816.919,4237244.64015,0
1772680500000,5182.12,5188.43,5181.72,5182.84,869.934,1772681399999,4510919.97977,4286,343.742,1782258.34312,0
1772681400000,5182.84,5187.98,5179.00,5186.43,894.182,1772682299999,4635874.37910,4438,404.571,2097583.17499,0
1772682300000,5186.38,5188.50,5177.00,5178.67,721.852,1772683199999,3740253.09098,3796,294.109,1523839.45805,0
1772683200000,5178.68,5182.59,5175.49,5180.24,816.497,1772684099999,4228871.54283,3869,386.890,2003666.33322,0
1772684100000,5180.20,5182.95,5173.74,5176.30,1118.171,1772684999999,5789650.54584,3799,429.850,2225466.18130,0
1772685000000,5176.31,5177.49,5171.34,5172.00,843.958,1772685899999,4366948.44954,3269,259.507,1342784.39074,0
1772685900000,5172.00,5172.93,5165.15,5170.06,2561.299,1772686799999,13238917.61932,5628,1211.511,6261522.10702,0
1772686800000,5170.09,5174.43,5167.93,5173.27,841.364,1772687699999,4351532.56695,3766,418.704,2165484.89033,0
1772687700000,5173.28,5174.52,5167.69,5170.10,699.444,1772688599999,3616645.90625,3686,299.894,1550601.51258,0
1772688600000,5170.10,5171.94,5161.16,5164.72,1821.972,1772689499999,9410839.46069,7190,779.045,4023627.33206,0
1772689500000,5164.73,5167.00,5145.86,5146.03,2969.797,1772690399999,15312075.68270,9322,1153.025,5945258.99316,0
1772690400000,5146.04,5152.90,5120.01,5130.40,9062.195,1772691299999,46553831.36161,24736,4452.458,22870517.57256,0
1772691300000,5130.40,5141.90,5123.30,5140.84,3583.427,1772692199999,18395083.70254,13240,1936.064,9938466.43557,0
1772692200000,5141.04,5153.49,5138.33,5148.15,2746.225,1772693099999,14131814.84238,9602,1285.956,6616905.14454,0
1772693100000,5148.21,5165.84,5146.83,5164.56,2589.244,1772693999999,13351699.75003,9240,1409.184,7266993.04383,0
1772694000000,5164.64,5169.60,5158.34,5158.90,2708.502,1772694899999,13985729.62825,9436,931.640,4811249.02810,0
1772694900000,5158.90,5164.56,5156.12,5164.08,1600.115,1772695799999,8258099.24496,6132,765.882,3952770.74514,0
1772695800000,5164.09,5164.56,5158.00,5158.90,1263.463,1772696699999,6520419.14576,4828,646.039,3333953.15649,0
1772696700000,5158.85,5164.25,5155.34,5158.81,1919.343,1772697599999,9903172.56845,6203,1138.634,5875138.15339,0
1772697600000,5158.80,5159.35,5140.21,5140.22,3166.991,1772698499999,16305530.68927,9676,1582.782,8148210.41246,0
1772698500000,5140.22,5146.17,5135.00,5142.37,3129.107,1772699399999,16084426.65123,9462,1807.121,9289458.18691,0
1772699400000,5142.37,5159.82,5141.61,5158.01,2544.578,1772700299999,13116349.30305,8331,1376.637,7095357.31584,0
1772700300000,5158.02,5167.50,5158.02,5163.29,3145.766,1772701199999,16243789.45980,7234,1693.426,8743842.91718,0
1772701200000,5163.28,5178.80,5159.34,5176.97,5452.222,1772702099999,28194351.13727,12236,3289.772,17013692.14035,0
1772702100000,5176.98,5178.39,5165.02,5166.66,2658.123,1772702999999,13744647.04830,8605,1067.163,5517699.32030,0
1772703000000,5166.65,5166.65,5150.91,5160.16,3335.455,1772703899999,17212230.82330,8863,1752.002,9041627.43813,0
1772703900000,5160.16,5164.70,5156.00,5158.36,1812.712,1772704799999,9351737.03845,5995,1084.444,5594586.03822,0
1772704800000,5158.36,5158.36,5144.70,5151.27,3186.411,1772705699999,16411084.78405,9166,1732.654,8923823.59150,0
1772705700000,5151.27,5156.00,5150.34,5153.88,1401.451,1772706599999,7221433.55076,5515,812.341,4185793.43677,0
1772706600000,5153.85,5156.62,5145.59,5153.87,1937.702,1772707499999,9980898.73562,6718,915.237,4714670.35621,0
1772707500000,5153.87,5164.78,5153.64,5161.56,1995.820,1772708399999,10300490.79954,6882,1045.080,5393346.72965,0
1772708400000,5161.57,5164.54,5158.51,5161.29,1120.260,1772709299999,5782045.85274,4784,426.781,2202749.10120,0
1772709300000,5161.30,5163.73,5157.71,5159.44,904.635,1772710199999,4668932.34140,4339,254.972,1315999.54654,0
1772710200000,5159.44,5161.22,5154.56,5158.00,1678.090,1772711099999,8654825.84353,4621,689.115,3554378.21919,0
1772711100000,5157.92,5161.99,5157.26,5161.19,1625.389,1772711999999,8386499.31715,3810,881.360,4547392.00981,0
1772712000000,5161.20,5169.22,5160.17,5166.60,1464.894,1772712899999,7566058.00369,5145,740.493,3824521.69538,0
1772712900000,5166.61,5167.61,5159.77,5159.78,1313.970,1772713799999,6784678.00713,4824,579.521,2992180.74323,0
1772713800000,5159.77,5164.50,5158.93,5160.24,846.511,1772714699999,4369592.28723,3687,326.869,1687216.73252,0
1772714700000,5160.23,5162.77,5158.58,5159.64,1134.525,1772715599999,5855197.48090,4276,620.488,3202319.26554,0
1772715600000,5159.70,5160.90,5145.00,5152.86,3620.201,1772716499999,18648500.79540,11749,1628.773,8390336.27903,0
1772716500000,5152.94,5156.15,5083.14,5118.99,23541.521,1772717399999,120429795.18654,55513,11819.177,60456978.09087,0
1772717400000,5118.99,5134.36,5111.10,5128.24,6271.438,1772718299999,32134280.85823,19704,3207.422,16434024.81435,0
1772718300000,5128.12,5129.32,5108.00,5116.10,4444.299,1772719199999,22745815.03262,15101,2205.857,11288596.88982,0
1772719200000,5116.09,5126.75,5108.63,5111.81,5103.384,1772720099999,26115425.28344,14002,2567.700,13138457.12566,0
1772720100000,5111.80,5117.70,5100.49,5116.78,5529.725,1772720999999,28248999.84448,16810,2871.034,14666382.61091,0
1772721000000,5116.77,5121.14,5088.49,5095.66,9054.974,1772721899999,46216702.85336,26880,4707.687,24025847.26250,0
1772721900000,5095.67,5108.31,5090.31,5100.43,6629.283,1772722799999,33806318.87792,22974,3348.865,17076130.63402,0
1772722800000,5100.43,5117.26,5059.20,5082.77,14735.708,1772723699999,74877131.02290,38471,7676.492,39000925.42089,0
1772723700000,5082.76,5091.85,5070.89,5085.40,5652.712,1772724599999,28720538.17373,19470,2709.677,13767491.16836,0
1772724600000,5085.36,5091.66,5076.16,5078.40,3929.835,1772725499999,19981322.30223,15648,2068.318,10516380.25107,0
1772725500000,5078.41,5101.97,5077.89,5101.14,3223.584,1772726399999,16411846.20936,12241,1938.680,9870536.69074,0
1772726400000,5101.15,5102.94,5073.46,5081.25,5350.766,1772727299999,27206422.66923,14108,2932.755,14908162.69592,0
1772727300000,5081.24,5083.00,5060.12,5063.36,5649.420,1772728199999,28641500.66549,16825,2964.798,15031771.51251,0
1772728200000,5063.36,5071.43,5052.08,5069.66,5286.595,1772729099999,26765630.68944,17569,2830.807,14333444.84417,0
1772729100000,5069.65,5079.80,5069.35,5075.87,2089.739,1772729999999,10605371.01647,10492,1163.981,5907355.26040,0
1772730000000,5075.88,5087.57,5072.60,5085.60,2040.734,1772730899999,10371974.14120,9386,1049.205,5332322.48874,0
1772730900000,5085.61,5087.75,5073.60,5073.60,2140.735,1772731799999,10877394.68724,9332,775.766,3941746.28771,0
1772731800000,5073.61,5075.25,5054.85,5062.55,4168.128,1772732699999,21108047.64041,14586,1956.524,9907332.94625,0
1772732700000,5062.79,5068.19,5055.55,5062.20,2540.844,1772733599999,12861488.19141,11380,1319.369,6678496.50204,0
1772733600000,5062.24,5073.58,5050.29,5071.38,3560.356,1772734499999,18025857.26662,13379,1817.817,9205731.63255,0
1772734500000,5071.32,5075.00,5060.06,5071.02,2042.631,1772735399999,10353853.95726,10721,1144.606,5802236.73966,0
1772735400000,5070.96,5085.62,5070.59,5084.20,2883.237,1772736299999,14645684.67279,9551,1465.577,7443633.28639,0
1772736300000,5084.20,5084.58,5068.22,5069.85,1403.235,1772737199999,7120376.98711,6108,858.677,4356937.60913,0
1772737200000,5069.85,5081.09,5068.80,5074.22,1271.719,1772738099999,6455206.72981,6229,740.184,3757056.75751,0
1772738100000,5074.22,5074.22,5063.30,5067.86,1599.844,1772738999999,8107634.00273,7727,781.437,3959852.79154,0
1772739000000,5067.85,5071.17,5057.50,5068.15,2530.508,1772739899999,12816750.09795,9698,1695.551,8589295.39992,0
1772739900000,5068.15,5071.99,5059.42,5066.66,1457.800,1772740799999,7385139.59606,6837,627.983,3182063.07929,0
1772740800000,5066.66,5081.77,5062.87,5080.00,1561.665,1772741699999,7921638.80995,9252,957.350,4856346.27203,0
1772741700000,5080.01,5095.40,5077.70,5081.71,2972.205,1772742599999,15120985.43400,11986,1261.555,6417669.59840,0
1772742600000,5081.71,5083.30,5075.45,5081.01,997.316,1772743499999,5065630.05510,6953,482.323,2449796.60871,0
1772743500000,5080.99,5082.25,5074.48,5078.14,1045.472,1772744399999,5309268.32208,6681,569.772,2893580.82366,0
1772744400000,5078.14,5085.26,5073.41,5076.95,985.860,1772745299999,5007275.45746,5018,521.610,2649427.70695,0
1772745300000,5077.00,5081.45,5076.61,5081.17,535.772,1772746199999,2721496.05934,2641,322.834,1639902.24667,0
1772746200000,5081.17,5082.66,5073.10,5075.44,713.763,1772747099999,3624203.61961,3698,408.261,2072834.58542,0
1772747100000,5075.43,5084.96,5074.03,5083.65,709.971,1772747999999,3607238.21341,3665,337.318,1713770.37564,0
1772748000000,5083.64,5085.00,5081.37,5083.33,356.087,1772748899999,1810123.49220,1577,170.250,865485.58502,0
1772748900000,5083.32,5086.37,5082.35,5086.10,534.340,1772749799999,2717079.91489,1640,404.566,2057259.81051,0
1772749800000,5086.09,5088.00,5084.13,5084.56,506.925,1772750699999,2578517.55282,1906,302.311,1537776.93197,0
1772750700000,5084.55,5087.50,5084.55,5087.28,210.138,1772751599999,1068827.06800,1378,134.715,685220.93779,0
1772751600000,5087.29,5102.00,5083.00,5087.29,5100.318,1772752499999,25954126.54607,14505,2751.090,13999991.30235,0
1772752500000,5087.29,5097.10,5084.12,5092.22,1683.842,1772753399999,8574908.59336,8396,803.214,4090103.45908,0
1772753400000,5092.22,5100.44,5088.11,5099.69,1293.119,1772754299999,6586977.05475,6296,705.842,3595617.32921,0
1772754300000,5099.68,5099.69,5085.30,5086.60,1432.222,1772755199999,7291628.44753,7285,663.435,3377544.05939,0
1772755200000,5086.60,5091.40,5075.59,5087.86,3880.185,1772756099999,19728008.17278,11932,1823.260,9269452.26122,0
1772756100000,5087.86,5093.35,5081.45,5092.01,1270.700,1772756999999,6465683.33365,6023,693.941,3530746.41346,0
1772757000000,5092.01,5093.28,5077.31,5084.26,1478.558,1772757899999,7516683.07213,6452,651.874,3313908.33521,0
1772757900000,5084.23,5090.73,5078.68,5085.47,1932.049,1772758799999,9823711.85439,7954,968.083,4922246.37565,0
1772758800000,5085.40,5086.09,5067.91,5077.81,4523.248,1772759699999,22966992.03860,15838,2075.068,10535549.87754,0
1772759700000,5077.88,5088.78,5076.10,5085.70,2291.992,1772760599999,11652084.89897,8847,1196.417,6082067.51194,0
1772760600000,5085.70,5118.04,5085.48,5116.24,4260.556,1772761499999,21749415.33660,14306,2054.394,10486434.84420,0
1772761500000,5116.23,5141.50,5115.78,5131.50,7232.340,1772762399999,37091448.70403,18471,2851.820,14625084.80524,0
1772762400000,5131.46,5135.52,5123.00,5127.85,3690.386,1772763299999,18927187.49418,12578,1506.533,7726706.74152,0
1772763300000,5127.78,5131.45,5124.92,5125.76,1299.262,1772764199999,6661759.20659,5733,599.335,3072836.02305,0
1772764200000,5125.77,5128.64,5118.71,5121.54,1663.878,1772765099999,8524757.91733,7708,670.075,3433229.77041,0
1772765100000,5121.50,5125.77,5120.19,5124.29,938.229,1772765999999,4806738.99190,5142,486.360,2491689.90202,0
1772766000000,5124.25,5132.75,5122.18,5130.46,1730.059,1772766899999,8871943.02960,6869,950.263,4873101.06224,0
1772766900000,5130.45,5138.89,5128.56,5133.96,2130.734,1772767799999,10939093.26680,7022,960.598,4931304.22677,0
1772767800000,5133.96,5135.35,5126.12,5129.60,1269.567,1772768699999,6513192.30816,5283,501.815,2574397.83692,0
1772768700000,5129.60,5131.22,5125.37,5128.34,1626.390,1772769599999,8341491.82057,3999,556.398,2853815.94099,0
1772769600000,5128.35,5133.93,5127.85,5132.85,1075.765,1772770499999,5519940.51245,4145,577.691,2964349.31626,0
1772770500000,5132.85,5134.28,5124.99,5126.61,1148.220,1772771399999,5888857.65409,4561,433.210,2221542.13419,0
1772771400000,5126.61,5130.43,5125.85,5129.65,962.791,1772772299999,4937448.82824,3511,376.885,1932776.72903,0
1772772300000,5129.64,5132.35,5123.95,5124.76,1304.175,1772773199999,6689679.39922,3999,435.454,2233561.98304,0
1772773200000,5124.75,5127.57,5121.01,5124.63,1997.423,1772774099999,10233659.13859,5056,861.185,4412202.47081,0
1772774100000,5124.61,5127.70,5121.00,5126.72,999.819,1772774999999,5124201.75912,3863,444.438,2277837.35997,0
1772775000000,5126.72,5126.93,5117.69,5119.10,2063.631,1772775899999,10568987.38089,7851,951.795,4874451.48335,0
1772775900000,5119.10,5120.50,5111.23,5115.30,2229.601,1772776799999,11405847.14305,7980,973.319,4979029.40684,0
1772776800000,5115.45,5119.50,5107.44,5114.26,2461.542,1772777699999,12585351.42697,7964,1317.158,6734580.46501,0
1772777700000,5114.27,5120.85,5112.55,5117.70,1347.759,1772778599999,6898245.64764,5104,738.429,3779298.66843,0
1772778600000,5117.70,5119.62,5113.98,5118.20,1924.233,1772779499999,9845093.83398,4908,1075.554,5502702.21307,0
1772779500000,5118.20,5118.85,5112.63,5113.08,1194.564,1772780399999,6111347.18445,4429,665.764,3405886.92196,0
1772780400000,5113.01,5114.69,5103.20,5108.65,2589.091,1772781299999,13223597.12229,7658,1064.022,5434468.72223,0
1772781300000,5108.66,5116.48,5108.48,5111.41,1857.104,1772782199999,9494634.68001,5535,927.831,4743652.16841,0
1772782200000,5111.41,5113.66,5106.00,5111.61,1374.698,1772783099999,7024274.73622,5211,711.433,3635255.91046,0
1772783100000,5111.60,5118.50,5110.05,5117.17,1494.611,1772783999999,7644751.92287,4667,873.204,4466284.48323,0
1772784000000,5117.27,5121.11,5108.18,5112.11,2822.467,1772784899999,14438046.05214,7344,1597.548,8172321.40844,0
1772784900000,5112.10,5114.07,5097.42,5098.20,3171.554,1772785799999,16192447.72747,8992,1409.953,7198762.10822,0
1772785800000,5098.20,5105.60,5094.55,5104.54,2140.117,1772786699999,10915818.32192,7691,992.288,5060978.13782,0
1772786700000,5104.55,5110.38,5104.49,5105.67,1500.928,1772787599999,7665414.01712,5594,619.467,3163668.88435,0
1772787600000,5105.68,5106.07,5092.38,5092.50,2284.097,1772788499999,11644197.10517,8191,776.842,3960314.70638,0
1772788500000,5092.50,5098.84,5088.00,5095.62,2380.038,1772789399999,12122856.45584,7424,1099.844,5602322.83101,0
1772789400000,5095.62,5100.44,5083.00,5092.88,4110.927,1772790299999,20936948.73298,10309,1765.391,8990579.10127,0
1772790300000,5092.82,5094.36,5081.48,5083.20,2391.882,1772791199999,12165300.03514,9029,1308.986,6657391.10362,0
1772791200000,5083.20,5087.08,5073.81,5079.80,3568.292,1772792099999,18127597.03891,12437,1801.482,9152273.89371,0
1772792100000,5079.79,5089.98,5078.12,5084.67,2158.823,1772792999999,10972139.01393,8739,1152.350,5856219.67735,0
1772793000000,5084.66,5087.95,5079.11,5080.05,5393.059,1772793899999,27425056.08691,9503,4273.930,21734293.36940,0
1772793900000,5080.06,5091.39,5080.05,5088.85,1962.513,1772794799999,9982239.67038,7277,1280.167,6511370.24588,0
1772794800000,5088.85,5089.63,5079.12,5084.10,2632.642,1772795699999,13382063.58079,8426,1389.016,7060700.27480,0
1772795700000,5084.10,5095.00,5083.86,5092.92,2065.914,1772796599999,10518683.39760,6662,1124.212,5723410.44368,0
1772796600000,5092.92,5097.80,5080.00,5080.26,2006.766,1772797499999,10212229.40190,6620,1053.334,5360654.30153,0
1772797500000,5080.28,5085.63,5060.05,5074.44,5563.651,1772798399999,28222613.26507,13905,2520.133,12782910.01205,0
1772798400000,5074.66,5088.15,5070.80,5086.61,4357.028,1772799299999,22135604.26993,11017,1830.136,9299176.17959,0
1772799300000,5086.47,5093.44,5084.10,5086.34,1736.146,1772800199999,8833767.02796,7351,958.498,4876927.08576,0
1772800200000,5086.36,5093.56,5083.14,5092.84,2275.227,1772801099999,11578781.65845,7934,1329.427,6765188.10909,0
1772801100000,5092.84,5093.78,5079.70,5080.80,2232.851,1772801999999,11356727.99334,7600,955.965,4861948.49662,0
1772802000000,5080.79,5081.12,5063.75,5071.51,5349.197,1772802899999,27128567.81730,16465,2963.741,15029704.87197,0
1772802900000,5071.46,5085.20,5070.61,5081.25,2921.539,1772803799999,14835612.69911,10589,1454.554,7385695.54598,0
1772803800000,5081.24,5127.46,5081.04,5118.07,18480.332,1772804699999,94526550.69324,39222,8696.202,44474889.68601,0
1772804700000,5117.80,5118.17,5073.18,5083.70,12242.109,1772805599999,62377949.34191,28220,6002.109,30575810.77942,0
1772805600000,5083.70,5100.29,5079.76,5096.21,8345.748,1772806499999,42482194.53508,21177,4863.711,24759649.85406,0
1772806500000,5096.20,5106.15,5088.31,5101.43,4381.006,1772807399999,22335041.42248,13303,2446.390,12471056.98808,0
1772807400000,5101.44,5112.00,5083.89,5087.55,10035.013,1772808299999,51140147.90363,27598,4940.767,25178058.82892,0
1772808300000,5087.50,5128.14,5085.66,5126.67,7105.237,1772809199999,36280689.03682,21983,3105.750,15851432.20950,0
1772809200000,5126.67,5156.10,5124.65,5145.53,15309.826,1772810099999,78750176.86080,36957,6638.732,34150801.48175,0
1772810100000,5145.61,5167.24,5140.98,5159.21,8614.243,1772810999999,44405843.49904,24780,4089.692,21086250.63281,0
1772811000000,5159.21,5163.32,5147.12,5150.36,5371.590,1772811899999,27688212.58129,17668,2161.029,11139305.86683,0
1772811900000,5150.37,5153.59,5130.75,5137.55,6409.506,1772812799999,32946830.37724,16872,2965.656,15242347.97728,0
1772812800000,5137.56,5146.32,5132.28,5139.44,3519.796,1772813699999,18091466.85639,12682,1995.168,10255332.86736,0
1772813700000,5139.44,5150.00,5133.16,5138.58,3194.958,1772814599999,16423048.13276,10768,1569.952,8070683.62339,0
1772814600000,5138.59,5142.56,5122.00,5137.76,4068.778,1772815499999,20884530.37438,12499,1872.471,9612806.20104,0
1772815500000,5137.77,5143.90,5126.03,5135.91,2880.581,1772816399999,14796667.08781,11024,1466.090,7531852.49385,0
1772816400000,5136.04,5138.24,5126.00,5132.60,2473.910,1772817299999,12694111.16213,10053,1449.228,7435827.02819,0
1772817300000,5132.60,5140.78,5129.41,5137.95,1653.168,1772818199999,8491650.30746,8185,987.766,5073966.79107,0
1772818200000,5137.95,5148.07,5132.54,5133.58,2626.541,1772819099999,13506112.69191,9072,1458.146,7497909.68316,0
1772819100000,5133.57,5136.80,5129.08,5136.30,1952.242,1772819999999,10020398.77324,6871,1087.903,5584229.58212,0
1772820000000,5136.29,5142.71,5134.29,5140.29,1794.639,1772820899999,9222865.19025,7337,908.012,4666088.37725,0
1772820900000,5140.30,5145.63,5138.50,5144.67,1432.665,1772821799999,7367050.76005,6695,807.138,4150571.73439,0
1772821800000,5144.67,5157.36,5143.62,5157.01,2350.029,1772822699999,12101182.61442,8018,1436.762,7398954.03626,0
1772822700000,5157.00,5158.73,5151.64,5155.46,3589.875,1772823599999,18505976.47252,9390,2377.649,12256377.64392,0
1772823600000,5155.45,5163.97,5154.84,5163.96,1639.999,1772824499999,8461094.18598,6469,917.754,4734590.91080,0
1772824500000,5163.96,5168.25,5156.84,5157.21,1907.342,1772825399999,9846621.70403,6820,962.444,4968957.51576,0
1772825400000,5157.22,5159.44,5149.65,5150.34,1590.334,1772826299999,8197078.47062,6708,731.200,3768666.39483,0
1772826300000,5150.35,5157.58,5148.61,5155.05,1234.069,1772827199999,6360647.86482,5650,683.976,3525378.69639,0
1772827200000,5155.05,5157.58,5149.52,5150.22,1409.880,1772828099999,7265847.19480,6510,684.150,3525737.51142,0
1772828100000,5150.22,5155.48,5147.65,5148.91,767.926,1772828999999,3955612.47543,4922,395.010,2034672.15067,0
1772829000000,5148.92,5155.87,5144.62,5152.14,1274.248,1772829899999,6562332.26957,6374,635.125,3271194.44412,0
1772829900000,5152.15,5154.84,5145.50,5147.44,1181.424,1772830799999,6084999.41857,6087,579.473,2984883.45039,0
1772830800000,5147.44,5162.36,5145.00,5160.28,1626.745,1772831699999,8389845.06922,5509,831.512,4288071.94246,0
1772831700000,5160.28,5168.23,5160.12,5167.15,1697.296,1772832599999,8767222.39105,4909,721.105,3724604.13553,0
1772832600000,5167.15,5173.47,5165.61,5171.40,1936.020,1772833499999,10010332.57921,5715,919.426,4753701.42236,0
1772833500000,5171.40,5174.58,5169.08,5171.17,1279.080,1772834399999,6615076.37465,4952,630.912,3262977.00420,0
1772834400000,5171.17,5176.00,5168.51,5169.42,938.019,1772835299999,4851949.89215,3871,434.851,2249361.60883,0
1772835300000,5169.42,5173.39,5168.51,5171.02,481.006,1772836199999,2487543.46346,2421,248.974,1287567.87577,0
1772836200000,5171.01,5171.05,5167.00,5168.14,776.635,1772837099999,4014087.34976,2189,462.700,2391501.61581,0
1772837100000,5168.14,5168.64,5167.60,5168.63,201.866,1772837999999,1043307.53062,1936,127.123,657010.44953,0
1772838000000,5168.62,5170.00,5167.00,5167.44,486.576,1772838899999,2515004.36305,2505,175.475,907012.00702,0
1772838900000,5167.45,5167.76,5166.00,5166.59,342.078,1772839799999,1767402.16618,1889,108.100,558522.46498,0
1772839800000,5166.60,5167.41,5165.21,5165.40,350.350,1772840699999,1809998.00238,1989,135.571,700414.40540,0
1772840700000,5165.40,5168.79,5165.00,5168.38,610.841,1772841599999,3156162.99622,2295,348.280,1799629.62694,0
1772841600000,5168.38,5169.04,5166.76,5168.14,627.805,1772842499999,3244557.13517,3604,274.771,1420022.07046,0
1772842500000,5168.15,5170.14,5167.24,5169.64,480.262,1772843399999,2482088.23911,2276,329.323,1702005.34947,0
1772843400000,5169.65,5174.31,5169.64,5172.48,838.641,1772844299999,4337148.12173,2594,580.698,3003110.56994,0
1772844300000,5172.48,5173.57,5170.90,5171.69,355.044,1772845199999,1836263.96649,2203,187.961,972144.23772,0
1772845200000,5171.69,5172.31,5171.08,5172.30,160.199,1772846099999,828545.81579,1371,91.380,472612.33195,0
1772846100000,5172.29,5172.40,5167.33,5169.51,408.780,1772846999999,2113329.78839,1935,140.752,727717.47857,0
1772847000000,5169.52,5170.86,5169.23,5170.14,248.847,1772847899999,1286598.92683,1782,123.937,640779.36715,0
1772847900000,5170.15,5170.15,5168.48,5169.10,226.743,1772848799999,1172139.68345,1525,104.978,542670.06315,0
1772848800000,5169.10,5170.15,5168.58,5169.11,271.345,1772849699999,1402626.94028,1275,109.105,563998.38926,0
1772849700000,5169.11,5169.11,5168.29,5168.29,362.774,1772850599999,1875079.19516,1992,124.825,645192.98960,0
1772850600000,5168.29,5168.30,5166.03,5166.84,1317.967,1772851499999,6810201.75668,4187,320.381,1655387.57756,0
1772851500000,5166.85,5166.98,5166.10,5166.50,439.420,1772852399999,2270180.24153,2711,127.469,658547.08327,0
1772852400000,5166.51,5168.97,5165.34,5168.44,1043.301,1772853299999,5390537.10712,4271,506.378,2616512.72760,0
1772853300000,5168.44,5171.80,5168.44,5170.71,1280.467,1772854199999,6620433.29764,2893,838.750,4336493.45286,0
1772854200000,5170.72,5171.48,5168.67,5169.20,599.174,1772855099999,3097745.48713,2435,284.403,1470391.42078,0
1772855100000,5169.20,5169.69,5168.15,5169.69,401.205,1772855999999,2073758.21770,1567,130.071,672299.25963,0
1772856000000,5169.69,5171.90,5169.24,5171.25,787.146,1772856899999,4070309.54805,3087,596.947,3086816.18141,0
1772856900000,5171.25,5171.90,5171.16,5171.64,257.107,1772857799999,1329617.27115,1180,179.995,930832.66364,0
1772857800000,5171.64,5171.75,5168.91,5168.91,370.503,1772858699999,1915604.52114,1299,107.381,555178.78461,0
1772858700000,5168.91,5169.76,5168.37,5169.40,257.896,1772859599999,1333048.70711,864,61.833,319615.73508,0
1772859600000,5169.40,5169.76,5169.11,5169.71,161.480,1772860499999,834773.28429,877,68.783,355574.00972,0
1772860500000,5169.71,5169.93,5169.11,5169.92,126.963,1772861399999,656356.63765,787,83.587,432116.18278,0
1772861400000,5169.92,5171.68,5169.92,5171.29,449.836,1772862299999,2326134.16297,1345,344.659,1782229.45570,0
1772862300000,5171.29,5172.67,5171.17,5172.31,362.174,1772863199999,1873150.11340,1297,295.278,1527150.09287,0
1772863200000,5172.32,5173.50,5171.54,5172.42,425.228,1772864099999,2199626.79710,2019,231.441,1197212.93509,0
1772864100000,5172.42,5172.43,5170.37,5170.65,303.346,1772864999999,1568864.37367,1242,63.841,330180.40632,0
1772865000000,5170.66,5171.81,5169.71,5170.50,272.571,1772865899999,1409381.81755,1145,139.720,722461.50132,0
1772865900000,5170.50,5171.31,5170.00,5171.15,206.242,1772866799999,1066448.80712,1090,118.066,610508.66632,0
1772866800000,5171.15,5172.69,5171.14,5172.68,390.326,1772867699999,2018795.77834,1929,220.193,1138836.30843,0
1772867700000,5172.68,5172.69,5171.49,5172.67,228.018,1772868599999,1179386.40502,986,93.716,484728.36118,0
1772868600000,5172.67,5172.68,5171.02,5172.31,874.441,1772869499999,4522575.22241,2855,333.243,1723519.60995,0
1772869500000,5172.31,5173.51,5171.95,5172.32,1093.842,1772870399999,5658194.40018,2697,678.803,3511395.39695,0
1772870400000,5172.32,5172.32,5169.54,5171.33,822.811,1772871299999,4254415.34119,2879,374.555,1936697.47285,0
1772871300000,5171.33,5171.92,5171.02,5171.80,205.543,1772872199999,1062958.12946,1003,56.216,290723.11553,0
1772872200000,5171.81,5171.81,5170.23,5170.54,161.868,1772873099999,837020.46680,946,51.469,266143.94149,0
1772873100000,5170.55,5170.55,5169.75,5169.91,288.132,1772873999999,1489663.44042,1142,89.200,461175.35308,0
1772874000000,5169.90,5169.91,5168.06,5169.04,443.809,1772874899999,2294017.46901,1317,153.208,791888.78416,0
1772874900000,5169.04,5170.26,5168.07,5169.46,287.667,1772875799999,1486910.49023,1348,141.929,733651.08823,0
1772875800000,5169.46,5170.40,5168.64,5168.64,301.792,1772876699999,1560082.91476,1186,110.526,571334.85382,0
1772876700000,5168.64,5169.54,5168.64,5169.54,160.969,1772877599999,832048.57479,814,72.170,373041.62896,0
1772877600000,5169.54,5169.54,5168.10,5169.15,193.390,1772878499999,999608.28903,752,76.490,395353.24704,0
1772878500000,5169.16,5170.60,5169.16,5170.59,166.997,1772879399999,863365.54505,1126,96.359,498171.09580,0
1772879400000,5170.60,5171.20,5170.59,5170.93,345.924,1772880299999,1788747.46189,1010,201.795,1043454.80504,0
1772880300000,5170.92,5170.93,5170.15,5170.30,134.026,1772881199999,692991.58338,888,47.904,247688.91415,0
1772881200000,5170.30,5170.45,5169.11,5169.57,145.661,1772882099999,753030.96385,756,47.448,245291.04259,0
1772882100000,5169.58,5171.00,5169.58,5170.13,221.297,1772882999999,1144236.61137,1059,176.054,910299.49106,0
1772883000000,5170.14,5170.80,5169.63,5170.50,140.359,1772883899999,725678.16421,842,80.316,415250.49292,0
1772883900000,5170.50,5171.00,5169.24,5170.64,204.652,1772884799999,1058076.77459,980,106.505,550648.54969,0
1772884800000,5170.64,5171.98,5170.37,5170.62,203.795,1772885699999,1053847.57678,1367,111.457,576357.50118,0
1772885700000,5170.63,5171.77,5170.62,5170.89,118.954,1772886599999,615116.35155,935,72.586,375338.90140,0
1772886600000,5170.90,5171.40,5170.30,5170.30,130.652,1772887499999,675582.45812,1418,41.548,214840.64550,0
1772887500000,5170.31,5170.31,5169.00,5169.31,399.402,1772888399999,2064834.29039,1742,83.619,432274.30838,0
1772888400000,5169.30,5170.32,5168.28,5168.60,440.736,1772889299999,2278054.37467,1747,147.790,763902.89437,0
1772889300000,5168.60,5169.50,5168.50,5169.14,253.776,1772890199999,1311698.04368,1015,91.415,472501.85790,0
1772890200000,5169.15,5169.50,5169.14,5169.49,134.092,1772891099999,693175.23766,704,101.816,526329.56270,0
1772891100000,5169.49,5169.50,5169.33,5169.50,82.513,1772891999999,426546.04396,598,58.287,301311.86384,0
1772892000000,5169.49,5169.99,5169.21,5169.55,387.021,1772892899999,2000678.02582,1054,100.091,517419.29419,0
1772892900000,5169.54,5170.42,5169.44,5169.99,247.295,1772893799999,1278457.65661,977,150.007,775508.83047,0
1772893800000,5170.00,5170.93,5169.63,5170.68,412.226,1772894699999,2131296.99669,1110,262.559,1357494.36490,0
1772894700000,5170.69,5171.39,5169.71,5169.79,252.274,1772895599999,1304421.61281,1214,187.680,970435.87234,0
1772895600000,5169.79,5171.01,5169.71,5170.24,242.622,1772896499999,1254378.32738,1217,181.715,939474.67411,0
1772896500000,5170.18,5170.24,5169.50,5170.17,103.872,1772897399999,537018.49869,599,36.793,190216.24771,0
1772897400000,5170.17,5170.61,5169.65,5170.49,320.058,1772898299999,1654769.03778,1057,176.521,912653.89894,0
1772898300000,5170.50,5172.05,5169.76,5172.05,564.856,1772899199999,2920778.18248,1319,415.791,2150039.97814,0
1772899200000,5172.05,5172.38,5171.16,5171.97,158.006,1772900099999,817179.57666,967,73.128,378202.09575,0
1772900100000,5171.97,5171.97,5170.91,5171.14,277.617,1772900999999,1435710.89585,1172,97.975,506689.82340,0
1772901000000,5171.15,5172.30,5171.12,5171.12,323.822,1772901899999,1674735.36585,1162,158.816,821344.59782,0
1772901900000,5171.12,5173.50,5171.12,5173.14,561.563,1772902799999,2904763.63790,1645,417.531,2159713.98878,0
1772902800000,5173.14,5174.31,5172.83,5173.05,258.918,1772903699999,1339579.61159,1222,80.585,416911.27776,0
1772903700000,5173.05,5175.00,5172.94,5174.65,352.651,1772904599999,1824629.70370,966,258.255,1336224.51512,0
1772904600000,5174.66,5175.35,5174.65,5175.02,144.758,1772905499999,749124.07310,910,91.769,474901.27001,0
1772905500000,5175.02,5175.02,5174.25,5174.26,85.493,1772906399999,442416.16595,473,30.185,156206.64614,0
1772906400000,5174.25,5174.26,5171.43,5172.15,319.838,1772907299999,1654285.55061,1323,140.276,725483.25895,0
1772907300000,5172.16,5172.68,5171.16,5171.17,119.850,1772908199999,619869.37184,711,60.458,312690.26058,0
1772908200000,5171.16,5172.38,5170.65,5171.20,201.383,1772909099999,1041471.34492,686,114.675,593049.35619,0
1772909100000,5171.20,5172.58,5171.20,5172.58,194.163,1772909999999,1004199.82943,833,57.022,294917.70011,0
1772910000000,5172.58,5172.58,5171.21,5171.51,218.110,1772910899999,1128023.21264,1099,82.673,427569.48563,0
1772910900000,5171.51,5171.73,5170.05,5170.81,240.969,1772911799999,1245967.66063,1027,50.726,262281.20978,0
1772911800000,5170.81,5173.33,5168.58,5168.61,1125.684,1772912699999,5820107.31090,3856,304.174,1572815.74651,0
1772912700000,5168.60,5168.61,5166.30,5166.81,910.097,1772913599999,4702998.78160,1820,235.272,1215662.26770,0
1772913600000,5166.81,5168.61,5166.81,5167.56,175.989,1772914499999,909458.46754,1056,95.455,493271.79576,0
1772914500000,5167.56,5168.44,5167.55,5168.43,116.317,1772915399999,601096.61853,504,49.856,257645.59564,0
1772915400000,5168.44,5170.47,5168.00,5170.47,122.552,1772916299999,633470.67674,767,97.188,502364.21151,0
1772916300000,5170.47,5170.47,5168.65,5168.65,160.407,1772917199999,829234.75791,804,47.678,246476.15174,0
1772917200000,5168.65,5170.94,5168.65,5169.89,178.935,1772918099999,925013.57772,1074,93.000,480747.21076,0
1772918100000,5169.90,5169.90,5169.25,5169.25,52.743,1772918999999,272656.59505,599,27.844,143937.68993,0
1772919000000,5169.25,5170.34,5169.03,5169.34,96.361,1772919899999,498125.73556,537,46.179,238720.29905,0
1772919900000,5169.33,5170.34,5169.09,5170.19,78.725,1772920799999,406992.41585,514,52.644,272165.32294,0
1772920800000,5170.18,5171.00,5169.22,5170.66,169.874,1772921699999,878254.88737,1011,106.766,551988.98559,0
1772921700000,5170.66,5170.66,5170.08,5170.09,72.390,1772922599999,374271.27015,298,40.329,208506.48723,0
1772922600000,5170.08,5170.99,5169.00,5169.84,247.496,1772923499999,1279563.11874,1074,110.250,570004.20702,0
1772923500000,5169.97,5170.70,5169.00,5169.97,58.060,1772924399999,300167.78729,794,35.395,182990.84281,0
1772924400000,5169.97,5170.47,5169.60,5169.64,118.513,1772925299999,612715.86759,704,67.761,350324.47426,0
1772925300000,5169.64,5170.15,5167.00,5168.76,609.294,1772926199999,3149217.57849,1960,197.928,1023037.59666,0
1772926200000,5168.75,5169.74,5168.60,5169.41,152.925,1772927099999,790473.86966,797,114.202,590311.73267,0
1772927100000,5169.41,5171.00,5169.17,5169.80,277.088,1772927999999,1432540.11718,711,194.782,1007017.60396,0
1772928000000,5169.80,5170.50,5169.10,5169.10,228.038,1772928899999,1178919.57820,840,166.295,859724.46463,0
1772928900000,5169.11,5169.50,5168.41,5168.41,124.260,1772929799999,642294.55956,700,59.777,308983.24650,0
1772929800000,5168.41,5169.29,5167.78,5169.28,174.974,1772930699999,904354.81567,543,77.229,399165.57903,0
1772930700000,5169.28,5169.97,5168.86,5169.45,152.072,1772931599999,786116.94069,682,69.976,361731.77718,0
1772931600000,5169.46,5169.95,5168.62,5169.84,185.031,1772932499999,956500.87681,888,70.932,366671.41513,0
1772932500000,5169.85,5170.19,5168.55,5170.19,297.338,1772933399999,1537133.21887,1048,194.697,1006546.27849,0
1772933400000,5170.19,5170.99,5169.64,5170.30,337.572,1772934299999,1745374.57839,973,209.380,1082568.46875,0
1772934300000,5170.29,5170.71,5169.78,5169.78,110.328,1772935199999,570443.31772,659,23.515,121581.96750,0
1772935200000,5169.78,5169.79,5169.00,5169.53,215.587,1772936099999,1114414.88162,630,54.002,279143.77440,0
1772936100000,5169.53,5169.96,5169.01,5169.92,105.250,1772936999999,544085.50738,522,57.467,297070.53314,0
1772937000000,5169.93,5170.10,5169.47,5169.94,73.624,1772937899999,380605.88059,385,46.250,239094.86506,0
1772937900000,5169.94,5170.03,5169.47,5169.99,158.579,1772938799999,819805.73223,827,79.693,411987.36358,0
1772938800000,5169.98,5170.13,5169.98,5170.00,117.323,1772939699999,606564.10873,453,30.785,159159.68420,0
1772939700000,5170.00,5170.09,5169.56,5169.59,176.245,1772940599999,911145.47757,604,44.804,231624.63861,0
1772940600000,5169.58,5169.95,5169.52,5169.70,205.932,1772941499999,1064602.68274,696,91.144,471183.17831,0
1772941500000,5169.70,5169.97,5169.00,5169.51,255.299,1772942399999,1319800.69218,519,76.367,394786.06431,0
1772942400000,5169.51,5169.90,5168.50,5169.30,270.013,1772943299999,1395746.42151,700,108.519,560953.83587,0
1772943300000,5169.30,5169.79,5169.30,5169.76,141.526,1772944199999,731638.68176,355,67.171,347244.52373,0
1772944200000,5169.77,5170.20,5169.50,5169.66,184.758,1772945099999,955168.69302,447,142.078,734514.46548,0
1772945100000,5169.66,5169.66,5168.80,5168.81,176.286,1772945999999,911289.58449,769,86.207,445637.11192,0
1772946000000,5168.80,5169.44,5168.60,5169.44,186.761,1772946899999,965338.13062,621,136.040,703169.06272,0
1772946900000,5169.44,5169.70,5168.44,5169.08,102.689,1772947799999,530829.14026,584,55.769,288298.74269,0
1772947800000,5169.08,5169.84,5168.67,5169.53,149.850,1772948699999,774604.00361,573,77.019,398137.90612,0
1772948700000,5169.53,5169.71,5169.07,5169.71,64.265,1772949599999,332204.80208,360,36.066,186435.38376,0
1772949600000,5169.75,5169.85,5169.40,5169.41,123.958,1772950499999,640808.46958,536,82.504,426506.64589,0
1772950500000,5169.41,5169.41,5168.90,5168.91,86.053,1772951399999,444819.03427,557,28.706,148386.56100,0
1772951400000,5168.90,5169.36,5168.75,5169.36,207.727,1772952299999,1073744.15030,670,105.780,546779.81010,0
1772952300000,5169.35,5169.40,5169.00,5169.35,220.990,1772953199999,1142358.50121,594,111.314,575411.76330,0
1772953200000,5169.35,5169.44,5169.28,5169.44,179.173,1772954099999,926210.71805,596,157.706,815240.11762,0
1772954100000,5169.44,5169.56,5169.44,5169.56,140.395,1772954999999,725770.28486,336,53.630,277239.92854,0
1772955000000,5169.55,5169.65,5169.30,5169.30,189.442,1772955899999,979326.87844,592,42.514,219775.43333,0
1772955900000,5169.30,5169.71,5169.30,5169.70,95.030,1772956799999,491249.07572,422,66.157,341993.73480,0
1772956800000,5169.71,5169.75,5169.70,5169.75,61.719,1772957699999,319071.48939,614,38.438,198714.81745,0
1772957700000,5169.75,5169.80,5169.50,5169.54,103.499,1772958599999,535051.86524,685,49.594,256382.53260,0
1772958600000,5169.54,5169.83,5169.33,5169.83,142.639,1772959499999,737387.37931,716,97.240,502696.32559,0
1772959500000,5169.83,5170.00,5169.83,5170.00,107.842,1772960399999,557540.94937,698,78.232,404457.85229,0
1772960400000,5170.00,5170.10,5169.81,5170.05,59.810,1772961299999,309218.72587,633,43.108,222869.20079,0
1772961300000,5170.04,5170.05,5169.90,5169.91,60.463,1772962199999,312593.74418,660,29.205,150989.87063,0
1772962200000,5169.90,5169.93,5169.34,5169.46,116.921,1772963099999,604438.74824,945,73.022,377493.98277,0
1772963100000,5169.47,5169.54,5168.03,5168.20,487.817,1772963999999,2521387.38716,1815,125.617,649255.83058,0
1772964000000,5168.20,5168.39,5168.15,5168.22,182.698,1772964899999,944226.56571,566,66.826,345374.75209,0
1772964900000,5168.22,5168.39,5167.60,5167.60,506.905,1772965799999,2619727.85820,797,227.052,1173419.70170,0
1772965800000,5167.61,5168.18,5167.32,5167.33,577.558,1772966699999,2984678.40790,878,234.030,1209396.30281,0
1772966700000,5167.33,5168.20,5167.00,5167.00,282.116,1772967599999,1457789.17216,807,99.925,516349.25941,0
1772967600000,5167.01,5167.69,5166.80,5167.35,284.910,1772968499999,1472173.58632,882,107.355,554718.09598,0
1772968500000,5167.35,5167.80,5167.34,5167.80,141.796,1772969399999,732733.90580,580,115.389,596277.07369,0
1772969400000,5167.80,5168.51,5167.79,5168.51,185.488,1772970299999,958660.98882,732,112.174,579745.03971,0
1772970300000,5168.50,5168.51,5168.47,5168.47,124.680,1772971199999,644407.51914,539,52.114,269350.80301,0
1772971200000,5168.47,5168.64,5168.47,5168.49,185.250,1772972099999,957470.00230,726,115.022,594490.63583,0
1772972100000,5168.50,5168.88,5168.15,5168.56,290.720,1772972999999,1502566.84875,774,167.952,868045.52263,0
1772973000000,5168.57,5168.57,5166.74,5167.49,302.227,1772973899999,1561845.53442,980,74.331,384101.09590,0
1772973900000,5167.49,5168.37,5167.49,5167.89,169.876,1772974799999,877901.58093,604,85.799,443403.67025,0
1772974800000,5167.90,5168.33,5167.80,5168.24,124.215,1772975699999,641966.18729,613,80.647,416798.47384,0
1772975700000,5168.23,5168.27,5167.96,5168.01,190.890,1772976599999,986523.20933,513,77.512,400582.58653,0
1772976600000,5168.00,5168.01,5168.00,5168.01,104.200,1772977499999,538506.22408,749,62.408,322525.16808,0
1772977500000,5168.01,5168.76,5167.76,5168.30,263.897,1772978399999,1363881.37484,1382,209.103,1080693.72996,0
1772978400000,5168.30,5168.99,5168.24,5168.66,204.655,1772979299999,1057771.88847,817,154.211,797048.13251,0
1772979300000,5168.67,5168.93,5168.40,5168.47,148.844,1772980199999,769317.23835,659,95.140,491743.53437,0
1772980200000,5168.47,5168.47,5167.59,5167.60,225.448,1772981099999,1165148.34847,593,149.817,774293.19266,0
1772981100000,5167.60,5168.30,5167.49,5168.30,159.904,1772981999999,826334.41824,663,112.836,583098.73581,0
1772982000000,5168.29,5168.44,5168.02,5168.44,118.140,1772982899999,610566.64615,524,84.343,435897.31755,0
1772982900000,5168.44,5168.96,5167.65,5168.00,193.011,1772983799999,997516.79323,934,105.324,544328.77371,0
1772983800000,5168.01,5168.25,5168.01,5168.11,125.184,1772984699999,646963.39630,438,62.064,320752.82296,0
1772984700000,5168.11,5168.86,5167.85,5168.12,306.791,1772985599999,1585532.98208,663,155.309,802656.76627,0
1772985600000,5168.12,5168.76,5167.20,5167.59,512.999,1772986499999,2651213.71724,1286,334.970,1731131.63698,0
1772986500000,5167.58,5167.70,5167.18,5167.30,324.777,1772987399999,1678249.31519,866,153.319,792262.79052,0
1772987400000,5167.31,5167.31,5166.74,5166.76,343.436,1772988299999,1774535.68826,765,102.252,528323.58062,0
1772988300000,5166.77,5167.30,5166.00,5166.25,372.177,1772989199999,1922907.67555,1585,186.886,965580.02246,0
1772989200000,5166.25,5166.54,5165.00,5165.46,331.342,1772990099999,1711596.97168,1209,140.895,727807.26655,0
1772990100000,5165.46,5166.46,5164.22,5165.35,243.325,1772990999999,1256846.24497,1174,111.333,575075.90996,0
1772991000000,5165.35,5166.25,5165.31,5165.31,127.709,1772991899999,659707.70364,623,70.057,361894.73329,0
1772991900000,5165.31,5165.32,5163.75,5163.89,158.412,1772992799999,818112.39839,957,45.659,235792.43478,0
1772992800000,5163.89,5164.01,5163.05,5163.48,192.987,1772993699999,996508.61114,1160,71.284,368081.51023,0
1772993700000,5163.49,5164.50,5162.75,5163.47,253.274,1772994599999,1307799.32308,1156,126.025,650759.70834,0
1772994600000,5163.48,5164.05,5163.01,5163.94,202.125,1772995499999,1043685.46778,1022,126.558,653497.13717,0
1772995500000,5163.95,5164.87,5163.94,5164.34,229.397,1772996399999,1184680.13912,941,155.084,800902.44811,0
1772996400000,5164.33,5164.55,5164.25,5164.55,92.581,1772997299999,478123.57268,553,45.349,234199.92315,0
1772997300000,5164.54,5166.49,5164.47,5166.43,335.897,1772998199999,1735067.77739,1424,216.726,1119524.73003,0
1772998200000,5166.43,5168.41,5166.43,5168.41,359.918,1772999099999,1859974.32887,1075,274.864,1420412.85040,0
1772999100000,5168.41,5168.75,5168.39,5168.74,143.500,1772999999999,741687.77001,669,98.513,509170.06317,0
1773000000000,5168.75,5168.75,5167.27,5167.28,303.530,1773000899999,1568680.96462,1180,73.123,377894.24560,0
1773000900000,5167.27,5167.95,5167.27,5167.77,219.214,1773001799999,1132790.76971,606,186.783,965200.87018,0
1773001800000,5167.78,5168.59,5167.37,5167.59,146.445,1773002699999,756838.40973,830,54.679,282587.78206,0
1773002700000,5167.58,5168.53,5167.48,5167.90,123.344,1773003599999,637427.98984,903,90.310,466705.34295,0
1773003600000,5167.90,5168.86,5166.69,5167.10,147.034,1773004499999,759871.17553,1006,53.907,278593.53252,0
1773004500000,5167.10,5168.25,5166.20,5166.34,312.622,1773005399999,1615324.98578,1568,217.639,1124547.26600,0
1773005400000,5166.34,5166.93,5152.15,5154.91,1440.223,1773006299999,7432491.40610,5181,520.871,2688008.48856,0
1773006300000,5154.91,5162.95,5154.02,5162.92,417.453,1773007199999,2153082.62910,2432,251.550,1297468.66969,0
1773007200000,5162.93,5193.82,5124.12,5158.54,19897.249,1773008099999,102723972.50016,51190,9563.310,49386203.58604,0
1773008100000,5158.54,5158.80,5131.59,5155.00,8690.938,1773008999999,44709823.47999,26739,4612.572,23727788.28309,0
1773009000000,5155.00,5162.93,5107.58,5127.01,8544.152,1773009899999,43897675.70508,27331,4631.675,23800614.02230,0
1773009900000,5127.00,5136.00,5107.21,5132.15,5624.830,1773010799999,28818584.33548,21649,2988.876,15313001.26437,0
1773010800000,5132.16,5136.95,5096.92,5104.56,8447.038,1773011699999,43179018.96855,26998,4202.888,21480226.58914,0
1773011700000,5104.55,5110.16,5097.38,5108.48,4279.590,1773012599999,21843371.45524,13697,2482.050,12668974.58774,0
1773012600000,5108.48,5108.88,5040.00,5077.59,15127.249,1773013499999,76740528.00851,38839,6358.475,32255115.67226,0
1773013500000,5077.59,5082.08,5058.08,5078.19,8095.372,1773014399999,41053306.74349,26959,4359.300,22107065.73116,0
1773014400000,5078.44,5082.25,5032.03,5040.74,13468.172,1773015299999,68118447.03604,34715,6533.625,33052706.47627,0
1773015300000,5040.75,5055.85,5035.73,5050.25,7728.846,1773016199999,39002273.75107,25174,4038.920,20381374.23815,0
1773016200000,5050.17,5064.57,5048.65,5056.65,5004.307,1773017099999,25309950.39678,15244,2767.890,13998589.27094,0
1773017100000,5056.66,5061.59,5038.16,5054.34,5913.229,1773017999999,29850800.97250,20850,3095.146,15624510.63779,0
1773018000000,5054.33,5077.00,5019.70,5074.94,16837.119,1773018899999,84968143.27888,44008,8047.714,40616704.70773,0
1773018900000,5074.74,5089.63,5072.08,5073.72,10451.346,1773019799999,53104281.39729,25096,4777.162,24273088.20834,0
1773019800000,5073.66,5087.93,5073.05,5082.30,3916.777,1773020699999,19900028.89185,14877,1888.173,9593171.93986,0
1773020700000,5082.26,5084.57,5067.34,5072.22,4024.676,1773021599999,20434320.45394,13689,2068.715,10503248.89711,0
1773021600000,5072.23,5096.95,5058.76,5096.23,6735.741,1773022499999,34224563.93041,19083,3716.128,18880892.37449,0
1773022500000,5096.22,5096.38,5075.79,5079.65,3853.361,1773023399999,19586223.49260,12303,1993.917,10134010.10757,0
1773023400000,5079.56,5095.12,5078.19,5094.27,4202.783,1773024299999,21383199.03762,14752,2149.837,10937842.30291,0
1773024300000,5094.27,5100.73,5088.00,5096.56,9736.131,1773025199999,49595165.83299,52185,4605.237,23460328.43230,0
1773025200000,5096.56,5100.63,5086.32,5089.62,2436.669,1773026099999,12409392.03628,10050,993.116,5057696.89929,0
1773026100000,5089.62,5103.41,5086.88,5086.88,2458.825,1773026999999,12529832.22837,9479,1191.900,6074201.69798,0
1773027000000,5086.88,5094.95,5083.66,5088.34,2510.693,1773027899999,12778715.67008,8963,1127.162,5736684.27455,0
1773027900000,5088.34,5094.66,5088.33,5092.75,1109.159,1773028799999,5648744.68665,5091,462.341,2354565.31734,0
1773028800000,5092.63,5097.91,5089.00,5092.39,1661.303,1773029699999,8462351.45363,6766,790.539,4026995.32033,0
1773029700000,5092.24,5095.54,5090.22,5091.20,1297.006,1773030599999,6604992.00300,4498,589.136,3000129.63015,0
1773030600000,5091.20,5094.56,5088.43,5091.29,1382.020,1773031499999,7037195.84031,32309,660.446,3362996.30334,0
1773031500000,5091.31,5091.57,5086.20,5090.52,1679.879,1773032399999,8548602.42431,8642,794.551,4043302.77812,0
1773032400000,5090.53,5102.54,5081.63,5096.97,2681.845,1773033299999,13660339.45064,27513,1212.936,6179174.11802,0
1773033300000,5097.03,5106.48,5089.15,5097.17,2427.953,1773034199999,12375178.86435,21956,1280.916,6529008.76964,0
1773034200000,5097.18,5122.14,5095.06,5121.36,3997.746,1773035099999,20424915.47441,14510,2320.173,11854439.41100,0
1773035100000,5121.36,5140.00,5119.66,5124.20,5775.628,1773035999999,29627856.38599,18788,2656.443,13626428.10678,0
1773036000000,5124.20,5133.55,5119.95,5126.94,3329.825,1773036899999,17072705.64636,13007,1697.718,8704846.90714,0
1773036900000,5127.07,5130.00,5122.08,5125.51,2322.661,1773037799999,11906137.98166,8832,1225.187,6280341.28124,0
1773037800000,5125.51,5128.18,5105.63,5107.32,2996.139,1773038699999,15328394.23369,12146,1139.480,5828964.14733,0
1773038700000,5107.32,5111.47,5098.00,5099.51,3328.783,1773039599999,16987677.38938,11005,1507.820,7695087.23737,0
1773039600000,5099.50,5104.48,5091.16,5100.09,3772.880,1773040499999,19232082.21064,12647,2133.845,10878613.83765,0
1773040500000,5099.99,5108.89,5098.43,5108.78,1627.165,1773041399999,8304308.49612,7909,988.931,5046730.47818,0
1773041400000,5108.78,5110.00,5103.42,5104.24,1441.555,1773042299999,7361693.44793,7705,844.620,4313303.68716,0
1773042300000,5104.25,5104.25,5096.00,5100.50,1774.903,1773043199999,9051549.02716,7285,860.296,4387550.32793,0
1773043200000,5100.52,5111.34,5100.52,5101.56,1852.012,1773044099999,9456379.02454,8793,848.655,4333202.66940,0
1773044100000,5101.58,5106.70,5092.24,5093.02,2430.896,1773044999999,12396962.59117,9035,945.453,4821618.81689,0
1773045000000,5093.02,5097.56,5089.15,5091.71,1753.987,1773045899999,8934479.84010,8711,610.800,3111430.46855,0
1773045900000,5091.70,5102.59,5089.28,5097.15,2169.574,1773046799999,11057628.42220,8094,1049.795,5350589.09119,0
1773046800000,5097.14,5116.00,5096.01,5113.40,2877.571,1773047699999,14698115.89633,11247,1500.722,7666930.42263,0
1773047700000,5113.39,5125.38,5112.95,5124.30,3151.329,1773048599999,16131450.00633,9512,1426.589,7301951.25611,0
1773048600000,5124.31,5131.98,5104.72,5104.73,4835.938,1773049499999,24757719.05022,13556,1914.120,9799424.45351,0
1773049500000,5104.73,5108.30,5099.03,5106.93,3355.929,1773050399999,17128361.52489,10299,1885.003,9621144.67909,0
1773050400000,5106.92,5111.28,5104.28,5109.11,2007.614,1773051299999,10255266.18534,6317,1136.184,5803536.42762,0
1773051300000,5109.14,5110.20,5099.23,5100.48,1288.720,1773052199999,6578057.80566,6039,585.145,2986586.60726,0
1773052200000,5100.47,5100.47,5089.25,5096.39,2964.872,1773053099999,15105339.90686,10760,1589.487,8098178.61219,0
1773053100000,5096.39,5097.18,5084.18,5089.39,2815.291,1773053999999,14333867.81269,10282,1268.085,6456777.45344,0
1773054000000,5089.39,5097.51,5089.39,5091.58,1317.194,1773054899999,6710176.38140,6842,711.826,3626060.39217,0
1773054900000,5091.45,5093.89,5081.21,5086.64,2420.673,1773055799999,12311756.56749,10746,1277.956,6499930.88371,0
1773055800000,5086.64,5093.00,5084.16,5086.65,1574.562,1773056699999,8012909.13888,7880,676.130,3440464.57279,0
1773056700000,5086.64,5095.00,5085.48,5088.77,1001.214,1773057599999,5096354.93405,5976,568.813,2895326.09338,0
1773057600000,5088.77,5100.82,5088.77,5097.14,1466.008,1773058499999,7471827.57837,7486,717.110,3654747.89417,0
1773058500000,5097.14,5110.85,5096.02,5110.09,1801.538,1773059399999,9195736.66534,8075,1064.195,5431954.85331,0
1773059400000,5110.08,5113.29,5105.03,5107.41,2280.892,1773060299999,11654363.29643,7121,901.928,4608328.89204,0
1773060300000,5107.41,5107.70,5094.45,5096.01,1607.642,1773061199999,8197600.84047,7829,822.071,4191751.01810,0
1773061200000,5096.02,5100.34,5089.78,5094.44,2079.402,1773062099999,10594675.24227,10929,1184.878,6036921.37395,0
1773062100000,5094.44,5099.29,5086.65,5095.36,2444.033,1773062999999,12446878.35533,9655,1380.737,7031587.29990,0
1773063000000,5095.36,5111.10,5076.02,5077.82,5855.353,1773063899999,29825470.66888,21926,2680.969,13656077.69896,0
1773063900000,5077.82,5086.27,5067.14,5075.89,6463.208,1773064799999,32820695.81420,22918,3554.608,18051036.49166,0
1773064800000,5075.90,5088.41,5062.18,5073.15,4882.641,1773065699999,24784606.11919,22056,2447.226,12420136.70326,0
1773065700000,5073.14,5084.64,5067.16,5082.53,3223.429,1773066599999,16365418.85990,13498,1758.702,8928827.19401,0
1773066600000,5082.67,5117.75,5081.46,5113.82,5150.986,1773067499999,26257992.36977,15264,2300.530,11729200.09205,0
1773067500000,5113.83,5116.56,5088.59,5095.65,3809.524,1773068399999,19431087.62776,13929,1406.954,7172709.69520,0
1773068400000,5095.66,5096.04,5081.61,5092.35,3223.456,1773069299999,16400242.42035,13280,1759.655,8952121.17176,0
1773069300000,5092.35,5099.76,5083.30,5099.17,2474.618,1773070199999,12603092.81053,8680,1020.501,5197239.09884,0
1773070200000,5099.17,5102.06,5093.62,5095.17,1642.216,1773071099999,8372784.53405,6741,753.120,3839465.56432,0
1773071100000,5095.17,5104.19,5094.90,5101.63,1502.859,1773071999999,7664786.40563,6867,874.997,4462429.41613,0
1773072000000,5101.63,5109.12,5098.62,5103.69,1985.250,1773072899999,10135415.74413,7470,1128.313,5760382.55298,0
1773072900000,5103.70,5105.53,5095.00,5104.36,1465.788,1773073799999,7473667.79341,5973,677.810,3456167.22743,0
1773073800000,5104.36,5110.29,5102.90,5107.27,1255.729,1773074699999,6412641.97076,5258,468.329,2391810.38877,0
1773074700000,5107.27,5108.10,5103.00,5104.10,937.315,1773075599999,4785217.54357,4151,437.523,2233596.96911,0
1773075600000,5104.11,5105.66,5098.15,5099.55,1016.518,1773076499999,5186028.18954,5115,566.420,2889507.15696,0
1773076500000,5099.59,5101.76,5092.30,5095.41,1225.930,1773077399999,6247391.82646,6154,761.743,3882087.00464,0
1773077400000,5095.41,5098.05,5090.01,5091.37,1225.576,1773078299999,6242561.98742,5739,589.039,3000337.14788,0
1773078300000,5091.37,5099.38,5091.25,5096.86,545.479,1773079199999,2779930.76052,3388,298.112,1519255.53524,0
1773079200000,5096.86,5098.35,5092.92,5097.20,482.274,1773080099999,2457157.10798,3251,172.725,880038.90325,0
1773080100000,5097.20,5106.52,5096.80,5104.67,737.086,1773080999999,3761514.96647,3769,354.191,1807338.74287,0
1773081000000,5104.60,5118.79,5103.56,5116.40,2723.648,1773081899999,13923745.80013,6462,1186.104,6062854.82410,0
1773081900000,5116.41,5124.49,5113.78,5122.14,2118.372,1773082799999,10847265.65869,6631,985.165,5044787.06211,0
1773082800000,5122.13,5128.87,5116.32,5121.72,1754.999,1773083699999,8990018.73055,5558,811.645,4158002.61660,0
1773083700000,5121.72,5142.80,5118.41,5139.37,4520.547,1773084599999,23211303.38732,13338,2270.765,11658637.02733,0
1773084600000,5139.37,5139.37,5125.51,5134.41,2595.605,1773085499999,13319638.33916,11321,1184.438,6078038.80164,0
1773085500000,5134.41,5142.41,5128.50,5139.89,1245.390,1773086399999,6394902.65826,8117,631.771,3244140.53360,0
1773086400000,5139.90,5147.00,5137.60,5139.06,1491.721,1773087299999,7670264.13904,7080,735.432,3781731.86478,0
1773087300000,5139.03,5139.03,5132.62,5137.50,766.581,1773088199999,3937394.74312,4343,249.261,1280236.23718,0
1773088200000,5137.50,5137.65,5133.20,5137.35,681.412,1773089099999,3499325.47007,3392,282.915,1452869.23190,0
1773089100000,5137.35,5138.75,5133.01,5136.87,875.629,1773089999999,4497380.28902,4505,347.305,1783750.22743,0
1773090000000,5136.48,5137.06,5134.18,5135.44,339.995,1773090899999,1746021.96490,1424,108.026,554728.15302,0
1773090900000,5135.43,5137.75,5134.29,5136.27,284.383,1773091799999,1460683.49732,1275,144.037,739820.27653,0
1773091800000,5136.27,5137.30,5135.07,5135.08,322.998,1773092699999,1658962.88120,1951,147.485,757519.78012,0
1773092700000,5135.07,5136.95,5134.38,5136.59,206.847,1773093599999,1062209.43603,1590,115.855,594963.90769,0
1773093600000,5136.60,5151.04,5120.44,5131.67,7089.872,1773094499999,36396611.53292,18549,3346.713,17182517.92984,0
1773094500000,5131.78,5134.72,5118.52,5130.72,2223.333,1773095399999,11396513.23652,7626,984.853,5047785.51248,0
1773095400000,5130.72,5137.79,5127.33,5134.76,1566.024,1773096299999,8037629.94323,6166,701.529,3600623.64766,0
1773096300000,5134.77,5151.82,5134.35,5151.25,2136.281,1773097199999,10988630.43249,8211,1146.297,5896098.31383,0
1773097200000,5151.36,5153.57,5138.46,5144.55,2740.317,1773098099999,14100556.25537,8463,1314.275,6762451.16674,0
1773098100000,5144.51,5153.95,5142.36,5144.32,1701.127,1773098999999,8758932.58502,6906,798.900,4113060.79647,0
1773099000000,5144.33,5147.95,5135.58,5137.10,1881.682,1773099899999,9678467.85172,5552,889.767,4575474.44046,0
1773099900000,5137.09,5142.33,5136.82,5138.48,1225.305,1773100799999,6297348.34495,5693,674.313,3465365.63299,0
1773100800000,5138.48,5140.15,5130.45,5136.09,1583.041,1773101699999,8129658.68104,7462,707.585,3634027.09360,0
1773101700000,5136.07,5136.83,5128.68,5130.44,1550.220,1773102599999,7956445.23522,6770,852.177,4373740.59565,0
1773102600000,5130.43,5137.00,5123.64,5137.00,2015.289,1773103499999,10339758.79137,7798,926.724,4755404.29856,0
1773103500000,5137.01,5138.47,5128.37,5130.24,1587.297,1773104399999,8147286.42179,5813,901.891,4629144.11932,0
1773104400000,5130.25,5151.77,5123.77,5142.04,3912.321,1773105299999,20112411.95492,15038,1811.162,9310521.13130,0
1773105300000,5142.03,5166.25,5140.85,5157.02,3995.171,1773106199999,20596969.84877,13997,1880.777,9696657.59837,0
1773106200000,5156.88,5166.36,5151.76,5163.95,3559.488,1773107099999,18367206.51042,12448,1642.462,8474846.26118,0
1773107100000,5163.94,5183.99,5162.36,5181.65,4811.603,1773107999999,24888975.97203,13265,2520.851,13040119.55775,0
1773108000000,5181.65,5184.61,5169.42,5173.87,3925.462,1773108899999,20317238.14040,10969,1659.835,8590479.33673,0
1773108900000,5173.87,5178.50,5171.23,5177.54,1931.604,1773109799999,9996705.19942,6230,864.670,4474791.54408,0
1773109800000,5177.54,5181.93,5174.35,5180.10,2267.065,1773110699999,11739511.44510,7963,1195.762,6191946.51139,0
1773110700000,5180.19,5183.99,5162.55,5164.04,2429.623,1773111599999,12570472.47223,8936,1056.835,5468857.05596,0
1773111600000,5164.05,5171.39,5164.01,5165.27,1289.807,1773112499999,6665605.57594,6218,601.899,3110569.79611,0
1773112500000,5165.26,5168.62,5160.97,5164.48,1395.165,1773113399999,7205794.25179,5890,557.993,2881739.56525,0
1773113400000,5164.49,5165.55,5159.40,5160.56,1227.486,1773114299999,6335923.99004,4682,618.418,3191906.89238,0
1773114300000,5160.55,5160.70,5154.69,5157.33,1418.343,1773115199999,7314590.25892,5325,743.837,3835948.96430,0
1773115200000,5157.32,5166.47,5154.06,5164.17,1880.544,1773116099999,9700099.84067,6009,1303.352,6723398.12808,0
1773116100000,5164.17,5165.68,5161.14,5162.08,1080.216,1773116999999,5577285.83236,3783,746.241,3852937.34667,0
1773117000000,5162.09,5164.80,5161.34,5161.86,723.908,1773117899999,3737571.05292,2655,420.473,2170871.22601,0
1773117900000,5161.85,5163.75,5161.30,5162.64,412.715,1773118799999,2130685.85088,2153,140.502,725345.14171,0
1773118800000,5162.73,5171.94,5162.73,5171.24,1248.958,1773119699999,6454714.49520,4878,654.012,3379992.98076,0
1773119700000,5171.23,5172.37,5167.01,5169.29,868.940,1773120599999,4491659.20960,3091,274.499,1419004.48363,0
1773120600000,5169.30,5171.89,5165.76,5167.00,1262.763,1773121499999,6526178.53132,4702,451.629,2334075.45360,0
1773121500000,5167.00,5177.11,5165.87,5175.99,1136.007,1773122399999,5875869.04978,4663,690.135,3569535.46608,0
1773122400000,5176.00,5178.00,5171.97,5177.12,1491.393,1773123299999,7718133.88166,5403,639.021,3307015.76049,0
1773123300000,5177.12,5177.12,5170.68,5173.71,1019.692,1773124199999,5276178.64158,4236,410.992,2126487.27145,0
1773124200000,5173.71,5176.12,5171.98,5174.27,904.362,1773125099999,4679142.00546,3895,544.543,2817385.80129,0
1773125100000,5174.27,5175.52,5171.66,5172.07,1011.417,1773125999999,5232964.39646,3685,309.066,1599022.60198,0
1773126000000,5172.34,5176.24,5168.13,5172.64,1547.634,1773126899999,8005464.51697,5186,687.184,3554597.60482,0
1773126900000,5172.61,5174.37,5156.40,5168.02,2088.953,1773127799999,10786559.26682,7459,958.986,4951447.95832,0
1773127800000,5168.03,5175.56,5164.25,5174.12,1516.952,1773128699999,7843195.56336,5243,784.930,4058932.38562,0
1773128700000,5174.13,5178.67,5173.24,5178.21,1193.423,1773129599999,6177213.82190,4507,639.655,3310915.26102,0
1773129600000,5178.23,5182.29,5172.83,5179.07,2961.189,1773130499999,15332871.49232,7689,1675.604,8675207.81190,0
1773130500000,5179.07,5181.52,5175.00,5181.35,1430.577,1773131399999,7407286.30417,4847,744.707,3856024.13342,0
1773131400000,5181.35,5191.00,5180.50,5187.66,3205.269,1773132299999,16625234.58508,8952,1673.815,8681297.15031,0
1773132300000,5187.66,5192.00,5181.08,5181.50,2345.960,1773133199999,12168415.69661,7179,997.466,5173616.95273,0
1773133200000,5181.50,5186.40,5178.32,5186.02,1281.653,1773134099999,6642591.95459,5061,579.799,3004977.23917,0
1773134100000,5185.91,5186.96,5179.74,5184.03,790.101,1773134999999,4094615.53356,4195,362.467,1878369.78307,0
1773135000000,5184.03,5185.18,5180.04,5184.64,881.327,1773135899999,4567455.64036,3789,419.869,2175835.65193,0
1773135900000,5184.64,5186.37,5180.92,5180.92,671.716,1773136799999,3482081.77275,3468,303.712,1574272.58536,0
1773136800000,5180.92,5180.92,5173.60,5178.30,2569.045,1773137699999,13302909.29572,6204,749.892,3882838.35079,0
1773137700000,5178.29,5178.90,5171.22,5172.05,1735.049,1773138599999,8979846.73539,5593,604.752,3129901.51301,0
1773138600000,5172.06,5174.26,5156.04,5167.45,4176.508,1773139499999,21565349.53579,10639,2592.128,13383354.89835,0
1773139500000,5167.45,5176.76,5167.06,5176.21,1800.042,1773140399999,9310178.25715,6309,895.089,4629545.28693,0
1773140400000,5176.21,5189.95,5175.68,5185.51,3159.201,1773141299999,16377280.77106,10678,1189.680,6166472.43000,0
1773141300000,5185.51,5187.06,5177.74,5180.39,1968.848,1773142199999,10202733.69500,7200,595.765,3087127.11463,0
1773142200000,5180.39,5182.81,5172.50,5172.85,1487.849,1773143099999,7702652.19357,6583,800.780,4145619.33130,0
1773143100000,5172.84,5177.43,5170.80,5173.73,1382.618,1773143999999,7152519.60557,5498,854.961,4422570.19338,0
1773144000000,5173.74,5175.17,5161.78,5169.54,2376.876,1773144899999,12280668.09937,8091,1347.586,6962268.38303,0
1773144900000,5169.50,5178.74,5164.69,5177.98,2029.631,1773145799999,10498886.08747,6261,1059.834,5481980.41513,0
1773145800000,5177.99,5182.28,5176.98,5182.28,1352.997,1773146699999,7007102.45439,5488,561.240,2906663.72462,0
1773146700000,5182.27,5186.60,5178.21,5184.42,1971.585,1773147599999,10218825.76038,6000,834.639,4325975.98806,0
1773147600000,5184.42,5201.60,5183.46,5198.30,6395.917,1773148499999,33228034.91817,15402,3146.367,16345922.29679,0
1773148500000,5198.31,5225.83,5197.13,5218.79,8415.308,1773149399999,43879902.20426,18725,4435.732,23124238.42054,0
1773149400000,5218.80,5219.76,5204.19,5207.20,5847.511,1773150299999,30475116.79345,16031,2482.541,12939463.79612,0
1773150300000,5207.15,5213.76,5193.91,5203.90,5858.710,1773151199999,30484603.31587,14731,3173.688,16513928.77130,0
1773151200000,5203.90,5206.88,5185.08,5193.76,6763.126,1773152099999,35130454.18706,17285,3444.485,17890798.32010,0
1773152100000,5193.76,5211.52,5193.01,5206.30,4209.248,1773152999999,21909671.66170,11672,2183.878,11365728.10480,0
1773153000000,5206.29,5211.57,5201.31,5204.39,2077.478,1773153899999,10815803.22645,8355,834.416,4344112.83149,0
1773153900000,5204.39,5209.75,5202.99,5205.24,1915.951,1773154799999,9976132.67170,6382,816.424,4250931.06153,0
1773154800000,5205.24,5224.89,5202.32,5222.01,3960.807,1773155699999,20647593.68903,9842,2278.011,11876350.99629,0
1773155700000,5222.00,5227.86,5220.14,5223.38,2714.336,1773156599999,14176600.19493,7566,1280.906,6690566.43996,0
1773156600000,5223.38,5235.00,5223.01,5233.40,3520.577,1773157499999,18415137.92884,9405,1785.505,9339085.97790,0
1773157500000,5233.40,5236.74,5224.25,5226.41,2332.292,1773158399999,12195765.19554,7029,1051.286,5497445.92071,0
1773158400000,5226.41,5228.96,5220.04,5221.14,1777.395,1773159299999,9285830.88152,6188,845.853,4419339.69791,0
1773159300000,5221.14,5233.76,5220.28,5230.68,1756.759,1773160199999,9184641.72861,5925,953.601,4985722.68634,0
1773160200000,5230.68,5232.65,5225.09,5225.98,1323.632,1773161099999,6922276.33075,4415,606.445,3171627.85619,0
1773161100000,5225.98,5229.29,5223.40,5225.20,889.732,1773161999999,4649909.46929,4162,436.699,2282229.24609,0
1773162000000,5225.19,5232.32,5224.62,5231.55,919.232,1773162899999,4806509.62516,4025,427.215,2233865.68158,0
1773162900000,5231.56,5231.62,5222.00,5230.55,1927.280,1773163799999,10071418.59186,6674,826.519,4319073.14553,0
1773163800000,5230.54,5231.94,5225.26,5225.66,996.465,1773164699999,5209959.98637,4939,464.534,2428775.64272,0
1773164700000,5225.65,5229.80,5224.24,5225.30,721.921,1773165599999,3773203.81062,3235,320.730,1676214.46365,0
1773165600000,5225.29,5225.30,5213.06,5214.51,2246.719,1773166499999,11726687.14326,7232,778.332,4062670.55543,0
1773166500000,5214.48,5216.38,5159.18,5200.81,15298.503,1773167399999,79306067.94223,34731,7960.686,41264555.21217,0
1773167400000,5200.80,5205.59,5187.70,5193.18,3550.340,1773168299999,18445811.67939,13317,1383.846,7189585.62876,0
1773168300000,5193.12,5203.20,5189.73,5189.99,1892.511,1773169199999,9835151.92798,8191,1142.078,5934931.46090,0
1773169200000,5190.07,5197.60,5183.23,5195.94,1823.418,1773170099999,9465148.97629,7349,910.110,4724192.76736,0
1773170100000,5195.94,5205.00,5195.94,5198.04,983.510,1773170999999,5114924.59836,5471,498.009,2590031.09671,0
1773171000000,5198.04,5198.05,5178.85,5185.21,3484.651,1773171899999,18073229.48845,11957,1950.403,10114763.44389,0
1773171900000,5185.38,5197.84,5185.26,5197.00,1282.491,1773172799999,6657062.71625,6811,680.794,3533751.02332,0
1773172800000,5196.99,5197.06,5191.80,5195.20,812.095,1773173699999,4218234.83902,3740,378.525,1966195.73581,0
1773173700000,5195.33,5195.99,5189.60,5192.36,485.243,1773174599999,2520173.53026,3125,222.841,1157322.97654,0
1773174600000,5192.35,5195.57,5191.50,5195.56,417.682,1773175499999,2169097.09111,2326,236.138,1226327.01280,0
1773175500000,5195.56,5196.65,5188.68,5189.11,960.040,1773176399999,4985531.58582,3404,544.798,2829198.40274,0
1773176400000,5189.10,5190.07,5186.36,5186.70,437.279,1773177299999,2268943.18139,1827,224.977,1167426.45623,0
1773177300000,5186.70,5193.09,5186.70,5192.45,370.117,1773178199999,1921114.73015,1396,258.839,1343512.39712,0
1773178200000,5192.46,5194.57,5189.74,5194.57,318.564,1773179099999,1654111.57534,1983,186.039,966015.83823,0
1773179100000,5194.56,5194.73,5190.25,5191.95,335.542,1773179999999,1742284.02949,2247,173.761,902250.96153,0
1773180000000,5191.95,5194.98,5182.30,5189.19,2633.658,1773180899999,13665698.97858,9684,1450.234,7524552.87635,0
1773180900000,5189.19,5195.00,5187.20,5189.21,1076.861,1773181799999,5590141.25954,5096,520.374,2701178.30745,0
1773181800000,5189.22,5192.85,5186.16,5191.29,825.410,1773182699999,4283684.89941,4781,430.513,2234131.02672,0
1773182700000,5191.33,5192.39,5185.14,5187.76,1019.827,1773183599999,5291279.10591,4118,621.348,3223393.59926,0
1773183600000,5187.76,5194.19,5187.56,5190.71,933.849,1773184499999,4848025.34513,3611,614.799,3191542.19022,0
1773184500000,5190.70,5194.92,5187.04,5192.11,1269.686,1773185399999,6591033.73076,3802,820.224,4257506.26747,0
1773185400000,5192.11,5194.74,5190.11,5190.35,588.687,1773186299999,3056715.31683,2840,324.629,1685649.97576,0
1773186300000,5190.36,5195.50,5187.00,5195.31,822.055,1773187199999,4266757.98562,3678,482.044,2502115.01061,0
1773187200000,5195.31,5196.36,5185.52,5190.65,1391.027,1773188099999,7219134.64057,5926,635.849,3300037.48013,0
1773188100000,5190.64,5214.20,5189.97,5210.89,2671.232,1773188999999,13902660.07702,8924,1408.025,7328226.58465,0
1773189000000,5211.00,5211.00,5204.36,5209.09,1181.896,1773189899999,6155119.00657,4593,555.777,2894424.62592,0
1773189900000,5209.08,5216.73,5209.08,5213.96,1462.333,1773190799999,7623906.72584,5889,724.894,3779216.38063,0
1773190800000,5213.91,5219.95,5209.21,5212.61,2488.002,1773191699999,12973762.71304,8849,1082.635,5645738.66505,0
1773191700000,5212.61,5219.67,5208.89,5213.19,2385.179,1773192599999,12435651.98124,6809,986.429,5143057.26907,0
1773192600000,5213.18,5216.90,5210.57,5212.23,1527.554,1773193499999,7963917.15993,5021,678.192,3535805.82103,0
1773193500000,5212.23,5218.08,5206.64,5206.66,2003.839,1773194399999,10444709.39503,5404,946.226,4932729.24372,0
1773194400000,5206.70,5207.68,5193.00,5199.87,3491.436,1773195299999,18154594.31804,9995,1917.357,9968035.47230,0
1773195300000,5199.86,5204.21,5198.80,5202.48,1147.036,1773196199999,5966426.67341,4722,670.513,3487554.21477,0
1773196200000,5202.47,5207.47,5200.29,5206.40,1279.071,1773197099999,6656082.50545,4579,571.797,2975519.81197,0
1773197100000,5206.40,5218.22,5206.26,5214.81,1848.279,1773197999999,9636691.74408,5431,957.405,4991526.99630,0
1773198000000,5214.81,5217.54,5209.86,5211.17,895.784,1773198899999,4670292.74024,3825,307.570,1603491.72601,0
1773198900000,5211.17,5211.76,5202.65,5202.65,962.870,1773199799999,5014385.59888,4559,364.803,1899824.70995,0
1773199800000,5202.88,5208.23,5201.84,5205.94,1078.011,1773200699999,5612516.70419,3061,703.562,3662825.30103,0
1773200700000,5205.95,5206.40,5198.20,5201.55,1173.224,1773201599999,6101189.17422,3915,654.229,3402055.34909,0
1773201600000,5201.54,5205.69,5198.20,5204.85,818.392,1773202499999,4257033.15088,3082,559.293,2909135.48383,0
1773202500000,5204.86,5206.80,5203.74,5205.66,629.676,1773203399999,3277717.84776,2413,333.691,1736991.27464,0
1773203400000,5205.66,5206.00,5203.23,5204.70,516.063,1773204299999,2686264.42301,2017,228.903,1191507.43531,0
1773204300000,5204.69,5204.69,5200.66,5202.55,560.601,1773205199999,2916434.07050,2458,240.247,1249815.76757,0
1773205200000,5202.61,5206.71,5201.78,5202.81,671.733,1773206099999,3496122.14931,2650,452.302,2354108.65269,0
1773206100000,5202.81,5204.00,5199.38,5199.64,657.250,1773206999999,3418509.15830,2704,211.708,1101159.60762,0
1773207000000,5199.64,5202.34,5189.31,5198.94,2934.781,1773207899999,15248902.04382,8915,1457.832,7574650.78907,0
1773207900000,5198.95,5198.98,5193.00,5197.45,2332.658,1773208799999,12118748.77219,4513,1253.747,6512719.70946,0
1773208800000,5197.45,5207.68,5194.37,5207.05,1197.664,1773209699999,6228999.22662,4459,706.908,3676934.98465,0
1773209700000,5207.06,5207.99,5201.13,5204.40,1015.358,1773210599999,5284113.76089,3849,475.373,2473775.17205,0
1773210600000,5204.40,5204.41,5191.20,5193.90,1542.514,1773211499999,8017031.53710,4262,773.618,4020222.98300,0
1773211500000,5193.89,5196.70,5190.60,5195.49,1278.457,1773212399999,6640498.83245,4390,660.364,3430025.41163,0
1773212400000,5195.49,5199.86,5193.58,5196.91,663.586,1773213299999,3448477.44887,3878,355.584,1847845.40259,0
1773213300000,5197.00,5198.34,5193.72,5195.79,566.922,1773214199999,2945527.84215,3017,322.390,1674986.36130,0
1773214200000,5195.80,5195.99,5183.02,5190.48,2966.505,1773215099999,15389951.50945,7789,1541.697,7998015.87707,0
1773215100000,5190.49,5196.00,5189.37,5193.18,1231.805,1773215999999,6396095.40365,4418,658.667,3420010.18756,0
1773216000000,5193.17,5196.60,5187.00,5196.60,1281.461,1773216899999,6653479.52485,4653,569.177,2955150.12943,0
1773216900000,5196.59,5196.60,5181.22,5184.19,2690.756,1773217799999,13953451.38587,6376,1398.413,7251652.24451,0
1773217800000,5184.18,5186.45,5175.23,5180.99,2523.919,1773218699999,13076987.41664,6626,1356.889,7030409.08763,0
1773218700000,5180.98,5187.36,5179.05,5186.51,1343.853,1773219599999,6966527.79983,4544,870.379,4512094.69322,0
1773219600000,5186.50,5186.85,5178.27,5183.44,1195.629,1773220499999,6196741.94431,4973,695.844,3606528.53987,0
1773220500000,5183.43,5189.18,5183.08,5185.94,1396.693,1773221399999,7243591.43592,3875,851.370,4415304.98235,0
1773221400000,5185.95,5195.28,5185.65,5190.25,1520.271,1773222299999,7893609.43283,4419,613.527,3185585.05270,0
1773222300000,5190.25,5192.45,5185.59,5186.46,843.251,1773223199999,4375465.06134,3525,403.794,2095141.17087,0
1773223200000,5186.46,5193.00,5184.51,5191.31,734.251,1773224099999,3809523.93319,3406,296.694,1539315.07570,0
1773224100000,5191.35,5193.94,5188.56,5190.73,1036.365,1773224999999,5380280.15417,3481,690.881,3586758.96616,0
1773225000000,5190.73,5190.73,5176.77,5177.94,2809.353,1773225899999,14557267.26158,7055,1402.137,7264643.39740,0
1773225900000,5178.00,5188.54,5176.68,5184.78,1654.108,1773226799999,8577438.26308,4318,849.825,4406359.70183,0
1773226800000,5184.76,5191.05,5183.54,5186.20,1011.813,1773227699999,5248518.96030,3729,452.906,2349140.76632,0
1773227700000,5186.20,5188.85,5178.51,5180.03,1299.432,1773228599999,6733528.76687,4115,679.132,3519244.56825,0
1773228600000,5180.04,5188.63,5179.01,5183.74,908.131,1773229499999,4708867.43420,3887,545.886,2830328.33842,0
1773229500000,5183.74,5186.80,5175.50,5179.71,1462.434,1773230399999,7578120.42606,5694,741.187,3840589.15228,0
1773230400000,5179.70,5190.08,5176.36,5189.25,1890.563,1773231299999,9802737.68128,5646,849.442,4404016.86521,0
1773231300000,5189.25,5193.75,5186.32,5189.79,1752.070,1773232199999,9093978.49142,6658,1008.510,5234517.28280,0
1773232200000,5189.80,5194.85,5171.87,5179.56,6236.556,1773233099999,32307719.55180,14999,3041.783,15758378.25803,0
1773233100000,5179.39,5179.90,5165.26,5166.88,3539.967,1773233999999,18310287.46904,10638,1588.357,8215723.31506,0
1773234000000,5166.86,5179.72,5161.97,5176.33,4150.862,1773234899999,21468528.83643,12634,2169.697,11220342.42699,0
1773234900000,5176.33,5180.89,5174.61,5179.71,1581.524,1773235799999,8188203.68066,6373,834.082,4318465.86248,0
1773235800000,5179.71,5179.84,5165.05,5165.25,3304.457,1773236699999,17088584.96911,12159,1899.633,9823167.06576,0
1773236700000,5165.29,5175.07,5146.27,5174.86,5455.067,1773237599999,28155378.13346,16093,2513.396,12976044.45233,0
1773237600000,5174.86,5187.90,5173.45,5187.89,4849.137,1773238499999,25127459.74343,13211,2151.178,11146792.02543,0
1773238500000,5187.90,5193.46,5180.12,5192.82,3088.809,1773239399999,16022307.83259,9189,1351.212,7009110.75653,0
1773239400000,5192.81,5194.40,5174.00,5181.69,3147.215,1773240299999,16313238.86040,10028,1468.228,7610026.04114,0
1773240300000,5181.69,5191.55,5179.01,5181.57,1736.728,1773241199999,9005351.74253,7488,833.333,4320631.29784,0
1773241200000,5181.57,5183.73,5170.36,5170.37,2605.713,1773242099999,13490010.01283,9270,1303.154,6746537.27775,0
1773242100000,5170.36,5177.64,5168.15,5171.79,1866.881,1773242999999,9658703.65490,6562,1051.675,5440730.92464,0
1773243000000,5171.80,5173.17,5166.45,5169.04,2472.329,1773243899999,12780386.00728,8083,1453.864,7515284.28049,0
1773243900000,5169.01,5174.75,5163.63,5166.21,2075.376,1773244799999,10727041.65643,6486,1267.567,6552106.81714,0
1773244800000,5166.21,5171.20,5163.77,5171.20,1705.284,1773245699999,8810985.31423,6429,906.737,4685017.46531,0
1773245700000,5171.19,5171.20,5164.20,5165.86,1050.097,1773246599999,5425770.34065,5160,478.465,2472146.42150,0
1773246600000,5165.86,5174.79,5165.24,5173.01,1133.627,1773247499999,5862560.62432,4427,653.264,3378240.20474,0
1773247500000,5173.01,5176.00,5169.35,5174.01,684.759,1773248399999,3541867.99973,3062,306.396,1584828.11626,0
1773248400000,5174.00,5179.20,5173.23,5174.19,878.870,1773249299999,4549417.78572,3981,412.523,2135368.94220,0
1773249300000,5174.19,5176.35,5169.33,5171.19,880.792,1773250199999,4555260.60868,4454,453.011,2342828.37591,0
1773250200000,5171.20,5171.38,5154.30,5162.60,3053.129,1773251099999,15755447.25118,9670,1490.994,7693794.87774,0
1773251100000,5162.60,5168.87,5160.89,5168.87,707.968,1773251999999,3656677.95927,4562,404.700,2090206.72197,0
1773252000000,5168.87,5173.00,5168.06,5170.76,930.934,1773252899999,4813727.64755,3300,356.535,1843517.38814,0
1773252900000,5170.76,5177.14,5170.76,5176.54,991.278,1773253799999,5129306.86687,3258,432.562,2238036.13999,0
1773253800000,5176.54,5177.15,5175.05,5176.30,409.680,1773254699999,2120685.58251,1711,163.025,843896.99565,0
1773254700000,5176.30,5176.44,5169.40,5171.52,622.476,1773255599999,3220134.79443,2537,311.670,1612277.52262,0
1773255600000,5171.55,5172.80,5168.70,5171.46,355.933,1773256499999,1840454.46599,2373,202.294,1046010.95013,0
1773256500000,5171.46,5176.01,5171.15,5175.85,417.269,1773257399999,2159056.35344,2255,255.583,1322400.04338,0
1773257400000,5175.84,5178.19,5174.65,5177.95,329.724,1773258299999,1706929.44805,1931,171.164,886090.87758,0
1773258300000,5177.96,5182.19,5175.69,5182.18,607.732,1773259199999,3147624.14033,2897,300.528,1556511.90603,0
1773259200000,5182.19,5182.30,5175.45,5176.44,560.340,1773260099999,2901316.91540,2151,236.497,1224508.08693,0
1773260100000,5176.45,5177.45,5173.62,5176.26,312.412,1773260999999,1616945.99670,1587,154.997,802227.59903,0
1773261000000,5176.25,5176.46,5174.51,5174.56,203.857,1773261899999,1055020.83382,1303,93.928,486106.71487,0
1773261900000,5174.56,5176.69,5174.13,5174.93,420.071,1773262799999,2174113.77722,1796,188.057,973277.25249,0
1773262800000,5174.93,5176.36,5174.78,5175.64,257.617,1773263699999,1333268.75180,1170,152.028,786788.97225,0
1773263700000,5175.65,5176.97,5175.64,5176.60,182.717,1773264599999,945777.43119,817,142.983,740098.38008,0
1773264600000,5176.59,5178.06,5174.96,5174.97,251.961,1773265499999,1304267.02106,1420,160.831,832539.61228,0
1773265500000,5174.97,5175.36,5172.68,5173.99,269.001,1773266399999,1391706.10707,1250,110.292,570597.30220,0
1773266400000,5174.00,5181.46,5163.96,5173.28,2862.602,1773267299999,14810360.31427,8635,1130.777,5850457.02131,0
1773267300000,5173.23,5176.00,5160.52,5168.63,1338.235,1773268199999,6916496.30210,4809,754.745,3901129.70471,0
1773268200000,5168.45,5168.68,5153.54,5157.55,2039.748,1773269099999,10525444.74174,6463,1159.763,5984360.60572,0
1773269100000,5157.56,5166.89,5129.34,5140.05,6301.525,1773269999999,32413165.94463,14691,2979.897,15328384.33653,0
1773270000000,5140.05,5151.64,5136.08,5150.14,3068.098,1773270899999,15788875.55209,9173,1666.316,8574581.51031,0
1773270900000,5150.15,5154.79,5148.55,5153.80,1256.145,1773271799999,6471890.72171,4779,643.683,3316213.11487,0
1773271800000,5153.79,5155.80,5144.24,5145.20,1420.369,1773272699999,7314159.14210,6271,646.745,3330527.91866,0
1773272700000,5145.20,5145.39,5132.78,5133.74,2089.805,1773273599999,10739895.20384,7921,1184.468,6087087.22071,0
1773273600000,5133.74,5140.78,5123.55,5137.70,3765.675,1773274499999,19321871.52642,14003,1829.778,9388411.75062,0
1773274500000,5137.70,5155.98,5137.70,5150.99,2610.624,1773275399999,13435678.85997,8565,1224.808,6303068.25632,0
1773275400000,5150.91,5159.43,5150.08,5152.69,1726.106,1773276299999,8897304.46885,5985,825.779,4256419.20385,0
1773276300000,5152.69,5153.44,5148.00,5150.93,1027.799,1773277199999,5294582.15456,4637,409.469,2109377.07107,0
1773277200000,5151.04,5164.14,5149.77,5155.01,2653.702,1773278099999,13686106.31153,9824,1101.750,5681846.20084,0
1773278100000,5155.02,5158.50,5150.53,5155.19,1096.119,1773278999999,5650804.25354,6001,560.245,2888112.03570,0
1773279000000,5155.20,5168.20,5153.09,5167.54,1340.488,1773279899999,6916213.18870,6557,686.011,3539682.36517,0
1773279900000,5167.54,5170.89,5162.38,5166.28,1388.236,1773280799999,7173087.75267,5612,633.515,3273405.76938,0
1773280800000,5166.28,5172.00,5164.75,5171.48,1341.711,1773281699999,6935104.79447,4255,630.671,3259817.36752,0
1773281700000,5171.49,5171.95,5164.69,5164.95,1303.147,1773282599999,6736189.85275,4373,387.538,2003197.01457,0
1773282600000,5164.95,5168.45,5153.09,5154.20,1888.680,1773283499999,9744494.36824,7397,690.867,3564314.22387,0
1773283500000,5154.45,5155.25,5145.00,5149.30,2441.772,1773284399999,12574236.61223,7941,1420.907,7316821.54867,0
1773284400000,5149.30,5153.13,5146.25,5151.56,1491.316,1773285299999,7680574.48840,4567,726.970,3744304.15355,0
1773285300000,5151.63,5152.77,5146.00,5149.60,1095.242,1773286199999,5640115.30314,4572,634.950,3269805.29614,0
1773286200000,5149.60,5151.50,5146.53,5150.86,748.589,1773287099999,3854071.08994,3653,425.862,2192506.05035,0
1773287100000,5150.86,5152.71,5150.24,5151.69,564.295,1773287999999,2906863.59920,2069,401.877,2070176.52244,0
1773288000000,5151.70,5151.70,5149.15,5150.90,685.687,1773288899999,3531531.21445,2244,296.437,1526746.35519,0
1773288900000,5150.88,5152.23,5149.40,5150.99,467.379,1773289799999,2407434.63090,2419,233.173,1201044.77127,0
1773289800000,5150.98,5150.99,5142.30,5143.01,1174.634,1773290699999,6043563.75400,4129,454.493,2338330.15746,0
1773290700000,5143.06,5145.10,5139.01,5141.19,1067.494,1773291599999,5489050.78688,3813,537.367,2763082.54608,0
1773291600000,5141.20,5146.88,5141.00,5144.72,1119.319,1773292499999,5757511.24785,3426,757.381,3895597.97423,0
1773292500000,5144.72,5146.64,5136.48,5140.80,1243.828,1773293399999,6393568.48154,3869,666.712,3426733.95371,0
1773293400000,5140.80,5152.05,5139.55,5151.50,1329.810,1773294299999,6844771.59617,6062,640.816,3298103.26875,0
1773294300000,5151.49,5154.79,5150.11,5152.79,1100.520,1773295199999,5670825.22604,4109,514.726,2652366.12991,0
1773295200000,5152.80,5154.96,5149.57,5152.36,744.782,1773296099999,3837545.42033,3308,255.780,1317891.70578,0
1773296100000,5152.35,5155.00,5146.20,5154.61,842.270,1773296999999,4338881.94650,3444,375.697,1935568.23238,0
1773297000000,5154.60,5166.79,5154.37,5165.84,2269.125,1773297899999,11712674.58255,6501,1048.659,5412381.83160,0
1773297900000,5165.86,5167.39,5162.45,5163.55,1687.330,1773298799999,8715563.86582,4373,503.731,2601873.49828,0
1773298800000,5163.55,5167.45,5162.16,5167.45,929.116,1773299699999,4798108.38424,3161,453.820,2343729.10658,0
1773299700000,5167.45,5167.60,5163.81,5166.93,1121.935,1773300599999,5795411.02577,3502,511.507,2642219.29120,0
1773300600000,5166.93,5176.73,5165.63,5175.96,2188.115,1773301499999,11314205.80111,5481,1128.873,5837639.11633,0
1773301500000,5175.95,5182.00,5173.78,5179.71,2455.354,1773302399999,12714170.89594,5688,1167.473,6044727.83725,0
1773302400000,5179.72,5187.15,5178.55,5178.93,2954.088,1773303299999,15309847.42092,7531,1426.888,7395709.93735,0
1773303300000,5178.93,5181.20,5175.64,5175.66,1821.866,1773304199999,9433984.01681,4320,813.330,4211779.38773,0
1773304200000,5175.67,5178.60,5175.66,5178.05,875.845,1773305099999,4534670.51519,3111,360.171,1864796.51419,0
1773305100000,5178.06,5179.35,5173.55,5176.04,821.861,1773305999999,4254240.57355,3486,292.208,1512498.57409,0
1773306000000,5176.04,5178.00,5173.62,5174.46,952.073,1773306899999,4927600.63462,4097,494.354,2558461.25594,0
1773306900000,5174.52,5178.90,5173.00,5178.25,987.608,1773307799999,5111004.01860,3405,623.455,3226464.51558,0
1773307800000,5178.24,5184.70,5178.24,5182.95,2050.341,1773308699999,10625737.61282,4765,832.822,4316026.05709,0
1773308700000,5182.96,5187.25,5181.37,5186.10,1181.894,1773309599999,6126676.64682,3756,534.869,2772660.89260,0
1773309600000,5186.10,5188.52,5184.21,5184.55,1834.233,1773310499999,9513736.65758,4441,725.249,3761722.65241,0
1773310500000,5184.55,5184.55,5178.50,5178.50,1096.738,1773311399999,5682708.76431,3518,608.586,3153380.50528,0
1773311400000,5178.51,5180.41,5174.48,5179.02,1869.710,1773312299999,9680882.60100,4797,1014.231,5251258.87311,0
1773312300000,5179.01,5181.00,5176.34,5179.09,813.816,1773313199999,4214724.33039,3152,338.888,1755076.57672,0
1773313200000,5179.10,5180.50,5176.22,5176.35,618.741,1773314099999,3203946.53262,2392,240.751,1246637.53370,0
1773314100000,5176.34,5176.49,5171.46,5173.96,1189.220,1773314999999,6153230.71796,3775,589.564,3050441.58707,0
1773315000000,5173.95,5178.05,5173.35,5177.96,679.853,1773315899999,3518679.91344,3082,367.771,1903367.69242,0
1773315900000,5178.12,5178.63,5174.20,5177.12,834.843,1773316799999,4321315.15979,3136,324.406,1679256.52344,0
1773316800000,5177.13,5177.90,5166.30,5167.51,2018.004,1773317699999,10432662.56280,6576,1021.577,5281055.03514,0
1773317700000,5167.51,5171.25,5162.55,5171.24,2150.280,1773318599999,11109908.12840,6627,1161.966,6003345.88745,0
1773318600000,5171.24,5173.36,5167.04,5171.61,1664.084,1773319499999,8603994.56391,5401,879.017,4544906.23624,0
1773319500000,5171.61,5182.73,5171.61,5178.50,2270.322,1773320399999,11758025.92984,5811,1090.150,5645290.24252,0
1773320400000,5178.50,5183.24,5177.09,5181.19,1805.034,1773321299999,9350466.27325,6373,800.433,4146366.47284,0
1773321300000,5181.20,5181.20,5158.50,5169.86,4861.765,1773322199999,25127145.97425,10944,2612.440,13502730.73648,0
1773322200000,5169.85,5169.85,5153.91,5157.75,6324.521,1773323099999,32639151.11684,14260,3459.780,17855350.06383,0
1773323100000,5157.63,5158.27,5145.50,5150.52,5777.834,1773323999999,29766582.50727,12528,3535.560,18214714.54980,0
1773324000000,5150.52,5161.75,5149.12,5159.41,3408.449,1773324899999,17578642.49070,9410,1953.432,10074321.48161,0
1773324900000,5159.44,5161.70,5150.00,5151.75,2154.632,1773325799999,11103996.61972,7781,1167.696,6017933.59520,0
1773325800000,5151.64,5152.14,5139.00,5147.87,4305.831,1773326699999,22153559.68543,11098,2199.775,11317731.89114,0
1773326700000,5147.94,5153.03,5138.25,5143.72,3484.535,1773327599999,17924907.92577,10073,2094.183,10773061.62240,0
1773327600000,5143.73,5145.17,5110.38,5125.83,11218.807,1773328499999,57519854.20987,23308,5440.037,27885538.49275,0
1773328500000,5125.81,5133.35,5119.56,5130.20,3019.302,1773329399999,15482614.87959,10188,1626.524,8340697.39833,0
1773329400000,5130.19,5135.14,5119.25,5132.29,3075.099,1773330299999,15767203.77427,11014,1467.600,7524962.23902,0
1773330300000,5132.29,5135.67,5126.56,5132.49,1595.252,1773331199999,8185505.93477,6983,740.160,3797859.82945,0
1773331200000,5132.50,5135.84,5122.87,5128.75,2173.315,1773332099999,11148164.00909,7605,1029.313,5279987.57685,0
1773332100000,5128.85,5137.54,5128.65,5132.31,1409.439,1773332999999,7235646.39357,5920,617.068,3167692.19151,0
1773333000000,5132.31,5137.74,5126.83,5136.35,1345.455,1773333899999,6905366.96566,5818,667.063,3423803.93048,0
1773333900000,5136.35,5136.35,5124.00,5125.43,1571.681,1773334799999,8061615.10557,5796,773.618,3968352.80686,0
1773334800000,5125.43,5131.54,5123.20,5123.60,1184.077,1773335699999,6070430.86748,5016,513.337,2631851.51084,0
1773335700000,5123.59,5125.35,5116.16,5120.94,2089.696,1773336599999,10700483.70520,7405,1075.886,5509264.49720,0
1773336600000,5120.95,5121.72,5108.55,5113.03,2502.375,1773337499999,12796577.61356,8706,1165.350,5959071.44147,0
1773337500000,5113.04,5114.84,5105.00,5108.20,2289.500,1773338399999,11698711.52068,8080,1125.781,5752924.10871,0
1773338400000,5108.21,5114.84,5107.85,5109.39,1762.465,1773339299999,9008029.44683,6210,961.296,4913041.41446,0
1773339300000,5109.38,5112.79,5103.00,5107.14,1556.196,1773340199999,7947360.45773,5468,772.610,3946099.77025,0
1773340200000,5107.03,5107.03,5101.01,5101.87,2005.024,1773341099999,10231756.02014,5683,875.863,4469793.73381,0
1773341100000,5101.88,5102.00,5093.03,5097.49,3263.019,1773341999999,16635526.40859,8587,1487.194,7582348.45787,0
1773342000000,5097.49,5097.64,5083.03,5088.58,4452.641,1773342899999,22666623.17556,10886,1687.772,8592136.48593,0
1773342900000,5088.69,5098.50,5085.11,5096.93,2772.746,1773343799999,14118056.91648,6924,1445.378,7359345.70939,0
1773343800000,5096.92,5099.89,5094.00,5095.07,1214.330,1773344699999,6189798.07309,4638,687.897,3506313.03568,0
1773344700000,5095.07,5098.99,5085.60,5088.08,1707.095,1773345599999,8694005.35968,5314,680.295,3464708.61813,0
1773345600000,5088.08,5094.27,5086.93,5088.78,906.183,1773346499999,4613319.32474,3910,566.453,2883686.64333,0
1773346500000,5088.78,5092.00,5076.24,5076.25,2636.377,1773347399999,13398453.55443,8226,1243.130,6317831.95310,0
1773347400000,5076.24,5076.46,5058.33,5075.36,5796.443,1773348299999,29375149.73074,15150,2649.004,13424849.11895,0
1773348300000,5075.35,5083.84,5075.27,5083.23,1614.986,1773349199999,8205584.32719,5859,896.775,4556294.60160,0
1773349200000,5083.24,5086.00,5083.24,5085.10,688.815,1773350099999,3502339.89253,2149,492.514,2504188.38775,0
1773350100000,5085.10,5089.59,5084.80,5088.72,602.249,1773350999999,3063722.82987,2164,410.505,2088294.69014,0
1773351000000,5088.71,5096.71,5088.71,5096.19,1076.572,1773351899999,5483221.72376,3166,684.615,3486600.82253,0
1773351900000,5096.18,5096.18,5090.00,5090.59,691.474,1773352799999,3521339.87429,2891,236.776,1205639.95471,0
1773352800000,5090.60,5090.60,5075.65,5084.05,5694.042,1773353699999,28946088.78292,12704,2810.752,14289478.97335,0
1773353700000,5084.09,5097.00,5083.65,5094.93,1735.725,1773354599999,8839096.57129,6108,987.209,5026858.04827,0
1773354600000,5094.88,5094.96,5088.79,5091.44,744.886,1773355499999,3792519.72296,3363,394.872,2010414.32478,0
1773355500000,5091.44,5098.65,5090.66,5098.65,1027.403,1773356399999,5234399.39665,3660,606.560,3090363.58424,0
1773356400000,5098.64,5098.65,5092.35,5093.76,1223.819,1773357299999,6236460.96464,4897,601.128,3063241.45358,0
1773357300000,5093.76,5101.14,5093.50,5096.47,1220.874,1773358199999,6223741.29765,4365,632.111,3222367.42983,0
1773358200000,5096.47,5100.27,5094.49,5098.08,850.255,1773359099999,4334335.75095,4422,479.724,2445462.09344,0
1773359100000,5098.06,5103.59,5097.90,5100.79,1000.851,1773359999999,5105761.52785,3434,652.042,3326340.38868,0
1773360000000,5100.79,5110.56,5099.86,5109.02,4281.106,1773360899999,21859319.76514,6092,2492.213,12724904.99797,0
1773360900000,5109.01,5110.41,5107.01,5108.64,1714.358,1773361799999,8757939.56165,4188,943.390,4819421.93190,0
1773361800000,5108.64,5112.09,5108.46,5109.34,1914.521,1773362699999,9784324.76693,4248,685.135,3501372.39741,0
1773362700000,5109.34,5115.52,5109.20,5114.68,1345.980,1773363599999,6881018.47518,3440,650.688,3326484.16785,0
1773363600000,5114.69,5121.19,5114.54,5120.08,2635.368,1773364499999,13491027.67516,6322,1196.315,6124044.84259,0
1773364500000,5120.09,5120.92,5115.00,5119.45,1561.857,1773365399999,7993466.86417,4708,649.889,3326061.76843,0
1773365400000,5119.46,5121.74,5111.64,5112.44,1678.967,1773366299999,8592187.50610,4962,743.339,3804037.20914,0
1773366300000,5112.44,5123.36,5109.23,5123.35,2197.111,1773367199999,11238203.94021,7289,1049.160,5367002.65319,0
1773367200000,5123.09,5126.80,5122.03,5122.04,1580.466,1773368099999,8099696.94352,4771,564.509,2892965.22149,0
1773368100000,5122.03,5122.03,5114.19,5120.84,1646.494,1773368999999,8428330.60095,4403,668.602,3422476.39271,0
1773369000000,5120.95,5120.95,5115.62,5117.29,838.998,1773369899999,4293945.64943,3340,349.837,1790351.58350,0
1773369900000,5117.28,5117.47,5109.19,5110.08,1347.202,1773370799999,6887607.76853,4771,548.552,2804441.52953,0
1773370800000,5110.09,5114.00,5107.54,5109.39,1239.923,1773371699999,6337014.14235,4279,540.166,2760881.51213,0
1773371700000,5109.39,5112.49,5107.47,5109.38,796.119,1773372599999,4068451.19874,3160,442.996,2263711.52833,0
1773372600000,5109.39,5111.05,5105.54,5110.03,1156.452,1773373499999,5907576.98587,3408,651.786,3329750.32204,0
1773373500000,5110.04,5116.05,5109.74,5115.41,691.854,1773374399999,3538320.38573,3036,410.823,2100915.91095,0
1773374400000,5115.40,5117.20,5112.16,5113.19,502.652,1773375299999,2570910.99285,2729,222.288,1136946.12834,0
1773375300000,5113.19,5113.20,5103.85,5104.06,911.912,1773376199999,4657223.98077,3529,414.501,2116696.32892,0
1773376200000,5104.06,5105.20,5100.79,5103.36,1232.365,1773377099999,6288917.19022,3554,563.776,2877066.60754,0
1773377100000,5103.36,5106.10,5102.62,5103.76,539.444,1773377999999,2753421.20861,2380,301.524,1538987.68910,0
1773378000000,5103.77,5107.31,5102.00,5107.25,591.176,1773378899999,3017638.14139,2870,325.123,1659560.90936,0
1773378900000,5107.24,5108.98,5104.40,5104.94,605.712,1773379799999,3093686.01699,2648,297.609,1520088.37500,0
1773379800000,5104.94,5109.91,5098.92,5099.72,1663.291,1773380699999,8490910.70961,6287,681.101,3477613.54428,0
1773380700000,5099.72,5103.67,5096.36,5101.53,1757.830,1773381599999,8963896.33600,5811,729.873,3722151.63623,0
1773381600000,5101.56,5106.51,5101.36,5102.93,1063.751,1773382499999,5429666.38172,4438,539.522,2753688.38756,0
1773382500000,5102.94,5102.95,5088.69,5093.64,2427.581,1773383399999,12365021.57886,7098,1333.134,6789593.00014,0
1773383400000,5093.65,5096.75,5087.16,5090.66,2429.385,1773384299999,12371285.88799,6362,1220.843,6216757.27291,0
1773384300000,5090.67,5092.93,5083.78,5087.66,3304.794,1773385199999,16813130.34040,7182,1736.387,8833867.68488,0
1773385200000,5087.65,5093.00,5083.54,5090.06,1582.349,1773386099999,8052179.46336,5442,853.100,4340761.65572,0
1773386100000,5090.05,5090.06,5073.78,5085.02,3967.227,1773386999999,20152775.75609,10803,2138.698,10862885.02086,0
1773387000000,5085.03,5092.45,5084.96,5089.12,1580.128,1773387899999,8041966.78844,5136,784.775,3993878.73818,0
1773387900000,5089.12,5091.89,5083.27,5085.98,1364.293,1773388799999,6939434.77097,4528,732.647,3726608.94958,0
1773388800000,5085.98,5085.98,5069.23,5079.36,3243.044,1773389699999,16457465.51765,10044,1673.796,8493816.57050,0
1773389700000,5079.37,5080.82,5065.05,5073.31,2494.755,1773390599999,12652684.86975,8264,1222.438,6199781.55789,0
1773390600000,5073.30,5085.25,5073.09,5078.71,2128.851,1773391499999,10815111.71540,6791,946.246,4807062.29632,0
1773391500000,5078.70,5089.02,5078.57,5088.71,1495.515,1773392399999,7604026.24826,5525,727.430,3698105.65051,0
1773392400000,5088.72,5097.49,5087.50,5093.28,2693.601,1773393299999,13720159.14268,6976,1295.730,6599869.33180,0
1773393300000,5093.28,5093.90,5085.24,5092.59,1361.625,1773394199999,6929098.82603,4824,556.617,2832624.19299,0
1773394200000,5092.59,5093.28,5084.46,5086.21,994.151,1773395099999,5059369.30988,4499,450.648,2293451.54497,0
1773395100000,5086.20,5095.23,5085.70,5091.41,886.290,1773395999999,4512417.80804,4014,418.615,2131333.73035,0
1773396000000,5091.41,5094.31,5088.22,5094.31,910.093,1773396899999,4632926.57570,4487,468.941,2387261.86106,0
1773396900000,5094.40,5097.46,5091.16,5091.85,1411.202,1773397799999,7188640.66731,4183,520.589,2652126.64898,0
1773397800000,5091.85,5091.96,5083.39,5088.67,1808.873,1773398699999,9202242.23188,5634,677.738,3447371.87477,0
1773398700000,5088.66,5098.80,5086.08,5095.45,1458.395,1773399599999,7430369.00937,5201,860.335,4383156.40608,0
1773399600000,5095.45,5098.04,5088.00,5091.69,1172.874,1773400499999,5973391.55949,5443,559.875,2851421.11147,0
1773400500000,5091.60,5097.79,5090.29,5096.09,693.329,1773401399999,3532295.89102,3434,373.465,1902598.99608,0
1773401400000,5096.09,5096.75,5093.03,5095.46,666.135,1773402299999,3393827.91391,3842,305.442,1556091.88759,0
1773402300000,5095.56,5108.42,5094.05,5108.41,1951.612,1773403199999,9952422.40744,6053,1081.269,5514708.46190,0
1773403200000,5108.42,5118.79,5108.34,5109.04,3489.060,1773404099999,17839994.85912,9649,1474.811,7540173.03024,0
1773404100000,5109.05,5114.62,5104.01,5113.35,2624.919,1773404999999,13411961.79094,6160,1031.644,5271399.07522,0
1773405000000,5113.34,5115.89,5107.71,5110.68,2465.313,1773405899999,12605740.47980,6994,1157.869,5920524.51688,0
1773405900000,5110.69,5120.46,5110.08,5116.69,2575.284,1773406799999,13179180.35621,8156,1385.002,7087825.96759,0
1773406800000,5116.69,5119.70,5109.85,5111.73,2617.773,1773407699999,13390609.29809,8713,1142.476,5843896.05159,0
1773407700000,5111.73,5114.78,5105.63,5107.11,2198.398,1773408599999,11235279.58170,6609,864.380,4417714.58844,0
1773408600000,5107.11,5111.37,5095.69,5111.02,3221.006,1773409499999,16435824.96756,10844,1489.386,7600423.41706,0
1773409500000,5111.02,5115.22,5098.74,5101.24,1885.659,1773410399999,9631554.36366,7488,882.795,4508822.28525,0
1773410400000,5101.20,5106.89,5090.09,5090.09,4778.541,1773411299999,24365552.00813,10625,2008.798,10243165.12663,0
1773411300000,5090.86,5093.89,5081.87,5089.29,3018.445,1773412199999,15359267.59055,10433,1507.998,7674152.24580,0
1773412200000,5089.30,5091.53,5075.24,5079.99,2988.124,1773413099999,15188345.73677,11173,1486.964,7558009.29546,0
1773413100000,5079.99,5079.99,5038.50,5045.66,12126.549,1773413999999,61325839.13098,27689,5981.154,30252086.85581,0
1773414000000,5045.65,5072.65,5042.85,5071.10,7447.684,1773414899999,37667701.93805,20471,4199.924,21238304.48150,0
1773414900000,5071.10,5072.57,5059.73,5066.68,2894.327,1773415799999,14662468.87140,11489,1471.876,7456070.27908,0
1773415800000,5066.68,5070.84,5046.81,5051.02,3250.977,1773416699999,16446787.55858,11794,1519.896,7688676.26552,0
1773416700000,5051.02,5060.67,5034.01,5040.09,6182.168,1773417599999,31201971.44307,19595,3008.594,15185010.04202,0
1773417600000,5040.09,5045.85,5025.20,5037.96,6410.744,1773418499999,32286011.03481,20490,3229.110,16262848.94200,0
1773418500000,5037.90,5046.73,5035.16,5046.30,2931.206,1773419399999,14776452.14692,12200,1423.830,7177411.98797,0
1773419400000,5046.31,5055.30,5045.57,5048.29,3491.047,1773420299999,17632492.81153,10617,1640.667,8285795.00758,0
1773420300000,5048.30,5055.40,5046.01,5050.22,1772.438,1773421199999,8951244.06960,7643,806.033,4070375.29972,0
1773421200000,5050.12,5061.89,5048.05,5060.69,1714.244,1773422099999,8663492.36717,7797,985.402,4980607.17777,0
1773422100000,5060.69,5065.72,5056.44,5060.80,2264.414,1773422999999,11461262.80620,7830,1115.542,5646125.81507,0
1773423000000,5060.81,5068.20,5056.65,5058.75,1696.698,1773423899999,8589031.31741,6606,804.680,4073931.13863,0
1773423900000,5058.79,5060.51,5046.87,5049.86,1868.536,1773424799999,9439215.83358,7200,697.549,3523803.16597,0
1773424800000,5049.86,5054.92,5045.07,5046.46,1071.769,1773425699999,5412596.08740,5918,536.918,2711760.71930,0
1773425700000,5046.46,5049.89,5041.20,5046.21,1395.603,1773426599999,7040891.77185,5885,734.280,3704295.89913,0
1773426600000,5046.20,5053.53,5045.30,5048.39,1004.342,1773427499999,5071153.73522,4633,510.924,2579776.70514,0
1773427500000,5048.38,5050.15,5045.30,5049.97,1201.278,1773428399999,6063593.21581,3927,670.441,3384195.49538,0
1773428400000,5050.15,5053.21,5040.38,5045.09,1684.531,1773429299999,8501534.48752,6403,675.285,3408150.54678,0
1773429300000,5045.13,5045.79,5038.50,5041.09,1594.949,1773430199999,8041206.95518,5657,655.223,3303523.12694,0
1773430200000,5041.08,5042.55,5030.07,5031.57,1562.772,1773431099999,7869047.35109,6454,708.382,3566931.63847,0
1773431100000,5031.57,5031.84,5013.91,5023.83,6158.977,1773431999999,30931467.29676,15720,2713.076,13626417.63785,0
1773432000000,5023.82,5028.63,5020.04,5023.26,2400.521,1773432899999,12059241.28608,6268,1362.887,6845978.14999,0
1773432900000,5023.25,5027.30,5019.72,5021.30,1474.751,1773433799999,7407494.81792,5707,765.143,3843400.44051,0
1773433800000,5021.30,5029.69,5020.65,5028.65,1866.860,1773434699999,9380219.91242,5814,873.274,4387697.99502,0
1773434700000,5028.35,5028.66,5020.49,5020.78,2092.783,1773435599999,10513090.06531,5877,818.733,4112954.50429,0
1773435600000,5020.78,5021.51,5016.28,5016.44,1614.661,1773436499999,8104638.31149,3178,515.241,2586194.99812,0
1773436500000,5016.45,5017.11,5015.11,5015.45,1516.894,1773437399999,7608430.93832,2861,519.857,2607490.08679,0
1773437400000,5015.44,5016.31,5013.66,5014.70,646.073,1773438299999,3240136.13173,1534,173.938,872334.71908,0
1773438300000,5014.71,5019.69,5014.70,5019.58,271.720,1773439199999,1363515.33667,1304,196.158,984287.42008,0
1773439200000,5019.57,5021.41,5018.35,5021.14,1265.595,1773440099999,6353323.94498,2751,750.106,3765597.36509,0
1773440100000,5021.13,5021.91,5020.91,5021.72,219.660,1773440999999,1103008.16286,1017,142.178,713935.84870,0
1773441000000,5021.71,5022.01,5021.31,5022.01,279.843,1773441899999,1405293.12523,1098,189.692,952581.26255,0
1773441900000,5022.01,5023.00,5022.00,5022.81,384.573,1773442799999,1931551.14816,1391,249.781,1254549.19565,0
1773442800000,5022.80,5023.31,5022.80,5023.01,426.308,1773443699999,2141391.95157,1998,229.453,1152564.59943,0
1773443700000,5023.01,5023.02,5022.71,5022.72,201.836,1773444599999,1013786.84008,799,78.182,392694.13324,0
1773444600000,5022.72,5023.01,5022.51,5022.84,208.198,1773445499999,1045713.08260,854,146.460,735620.62890,0
1773445500000,5022.84,5025.71,5022.80,5025.71,498.908,1773446399999,2506748.80860,1724,390.757,1963264.68143,0
1773446400000,5025.70,5026.90,5025.51,5026.89,446.605,1773447299999,2244753.29898,1334,299.541,1505573.48419,0
1773447300000,5026.89,5027.56,5026.89,5027.01,1214.704,1773448199999,6106477.11118,2458,615.105,3092212.77547,0
1773448200000,5027.02,5027.71,5027.01,5027.55,1121.922,1773449099999,5640316.28583,2278,723.821,3638882.03177,0
1773449100000,5027.54,5028.59,5027.48,5028.43,699.406,1773449999999,3516723.96237,1577,427.193,2148002.60148,0
1773450000000,5028.43,5028.43,5025.61,5025.66,713.324,1773450899999,3586026.21134,1729,244.164,1227569.16097,0
1773450900000,5025.65,5025.71,5025.21,5025.32,595.459,1773451799999,2992486.40257,1223,276.135,1387719.00763,0
1773451800000,5025.32,5025.32,5023.22,5023.22,675.763,1773452699999,3395212.23697,1614,183.912,924021.45141,0
1773452700000,5023.23,5023.61,5023.05,5023.05,242.492,1773453599999,1218113.57268,1007,95.108,477756.66217,0
1773453600000,5023.05,5023.23,5022.45,5022.45,478.110,1773454499999,2401468.81029,1095,161.880,813097.40929,0
1773454500000,5022.45,5022.46,5021.50,5021.50,300.377,1773455399999,1508466.48795,1514,62.596,314343.46600,0
1773455400000,5021.50,5022.68,5021.22,5022.68,603.277,1773456299999,3029470.09021,1213,272.973,1370847.98137,0
1773456300000,5022.69,5022.90,5022.39,5022.81,309.605,1773457199999,1555041.06403,907,164.590,826673.74726,0
1773457200000,5022.81,5022.87,5022.01,5022.87,418.260,1773458099999,2100672.81412,1068,275.830,1385326.72607,0
1773458100000,5022.86,5022.90,5021.64,5022.21,834.185,1773458999999,4189657.90977,1704,153.331,770084.09720,0
1773459000000,5022.21,5022.30,5022.20,5022.21,238.078,1773459899999,1195683.57900,1535,91.364,458852.84576,0
1773459900000,5022.21,5022.25,5021.77,5021.81,318.872,1773460799999,1601372.07014,651,99.804,501202.10713,0
1773460800000,5021.81,5022.99,5021.81,5022.40,550.180,1773461699999,2763364.79837,1325,290.524,1459169.93530,0
1773461700000,5022.39,5026.00,5021.82,5025.52,920.491,1773462599999,4624074.34006,2456,551.780,2771981.05946,0
1773462600000,5025.52,5025.52,5022.90,5023.92,704.672,1773463499999,3540479.57238,1636,287.122,1442493.32871,0
1773463500000,5023.91,5024.82,5023.61,5023.81,453.734,1773464399999,2279567.39254,798,357.835,1797783.04821,0
1773464400000,5023.81,5023.82,5023.00,5023.01,215.648,1773465299999,1083280.30689,737,80.535,404555.71938,0
1773465300000,5023.00,5023.70,5022.06,5022.84,494.108,1773466199999,2481893.35797,995,228.589,1148244.56122,0
1773466200000,5022.84,5022.84,5022.35,5022.61,201.865,1773467099999,1013884.97633,787,121.206,608763.11457,0
1773467100000,5022.61,5022.90,5022.37,5022.60,188.521,1773467999999,946864.40799,446,136.103,683584.87127,0
1773468000000,5022.60,5022.90,5022.40,5022.42,265.983,1773468899999,1335926.40710,797,122.776,616653.14297,0
1773468900000,5022.43,5022.80,5022.40,5022.41,233.241,1773469799999,1171465.38490,675,62.313,312965.70196,0
1773469800000,5022.40,5022.75,5021.81,5021.98,405.517,1773470699999,2036591.28615,1173,192.274,965639.10229,0
1773470700000,5021.98,5022.65,5021.53,5021.90,382.999,1773471599999,1923412.09417,1309,147.942,742966.40117,0
1773471600000,5021.91,5022.41,5021.31,5021.41,489.484,1773472499999,2458072.87852,1172,130.767,656700.78366,0
1773472500000,5021.42,5021.80,5021.41,5021.80,112.085,1773473399999,562849.24561,535,69.236,347678.21009,0
1773473400000,5021.80,5022.20,5021.79,5022.19,200.490,1773474299999,1006842.65862,1447,89.214,448025.63050,0
1773474300000,5022.19,5022.61,5022.15,5022.52,344.854,1773475199999,1731958.25733,1254,197.345,991127.99853,0
1773475200000,5022.53,5023.71,5022.52,5023.70,254.842,1773476099999,1280123.17260,1027,167.364,840696.52284,0
1773476100000,5023.71,5023.71,5023.42,5023.45,152.087,1773476999999,764007.73481,521,88.077,442453.45338,0
1773477000000,5023.45,5023.50,5023.41,5023.50,212.056,1773477899999,1065256.45625,564,124.517,625508.56359,0
1773477900000,5023.50,5023.50,5023.49,5023.50,82.427,1773478799999,414071.62184,354,41.161,206772.28350,0
1773478800000,5023.50,5023.50,5022.51,5022.51,249.844,1773479699999,1254954.11709,599,71.513,359203.77819,0
1773479700000,5022.52,5022.60,5022.40,5022.59,241.613,1773480599999,1213499.75368,829,124.465,625124.02491,0
1773480600000,5022.59,5022.59,5022.00,5022.29,257.713,1773481499999,1294300.17533,611,91.911,461597.05128,0
1773481500000,5022.30,5022.40,5022.20,5022.20,278.504,1773482399999,1398722.66529,852,91.490,459487.74176,0
1773482400000,5022.21,5022.51,5022.01,5022.33,260.437,1773483299999,1307979.61905,991,142.853,717447.59508,0
1773483300000,5022.32,5022.66,5022.32,5022.33,103.155,1773484199999,518081.79516,733,57.094,286747.51339,0
1773484200000,5022.32,5022.60,5022.32,5022.59,130.233,1773485099999,654078.23006,636,60.761,305167.36311,0
1773485100000,5022.60,5022.60,5022.51,5022.51,108.993,1773485999999,547425.07667,422,48.473,243459.24940,0
1773486000000,5022.52,5022.83,5022.51,5022.51,193.785,1773486899999,973306.83436,542,94.854,476417.88082,0
1773486900000,5022.51,5022.52,5022.21,5022.22,78.676,1773487799999,395140.62062,548,27.147,136343.33142,0
1773487800000,5022.22,5022.45,5022.21,5022.21,106.002,1773488699999,532374.24075,528,68.439,343721.36560,0
1773488700000,5022.22,5022.48,5022.21,5022.35,124.284,1773489599999,624202.91230,418,34.146,171492.88181,0
1773489600000,5022.35,5022.54,5021.70,5021.72,369.602,1773490499999,1856161.48139,1365,124.301,624239.27374,0
1773490500000,5021.72,5021.72,5021.52,5021.54,420.528,1773491399999,2111715.61160,1100,276.429,1388110.78907,0
1773491400000,5021.54,5022.24,5021.54,5022.23,236.181,1773492299999,1186088.02046,794,134.217,674025.69236,0
1773492300000,5022.24,5022.81,5022.23,5022.80,197.520,1773493199999,992078.15864,1514,128.687,646350.90832,0
1773493200000,5022.81,5022.82,5022.80,5022.80,164.797,1773494099999,827743.97817,1351,60.739,305080.79005,0
1773494100000,5022.80,5022.81,5021.84,5021.84,414.665,1773494999999,2082558.30228,1864,149.478,750698.03285,0
1773495000000,5021.85,5022.21,5021.84,5022.20,134.827,1773495899999,677098.55710,733,107.844,541592.24488,0
1773495900000,5022.20,5022.93,5022.20,5022.93,299.718,1773496799999,1505350.37868,1063,244.365,1227329.65102,0
1773496800000,5022.92,5023.00,5022.88,5022.91,251.645,1773497699999,1264002.97000,740,100.154,503068.48012,0
1773497700000,5022.90,5022.91,5022.61,5022.90,141.511,1773498599999,710786.57602,596,62.365,313248.87871,0
1773498600000,5022.91,5023.10,5022.48,5022.48,184.242,1773499499999,925388.96049,827,35.995,180793.33196,0
1773499500000,5022.48,5022.48,5022.01,5022.01,126.434,1773500399999,634983.06568,1007,40.204,201914.24059,0
1773500400000,5022.01,5022.41,5022.01,5022.40,174.070,1773501299999,874208.99513,966,134.353,674744.17708,0
1773501300000,5022.41,5022.95,5022.40,5022.93,235.334,1773502199999,1181978.04384,753,185.448,931424.83921,0
1773502200000,5022.92,5022.93,5022.60,5022.60,190.429,1773503099999,956465.06732,1012,66.674,334885.35060,0
1773503100000,5022.60,5022.75,5022.41,5022.42,160.861,1773503999999,807934.98219,716,82.296,413335.89026,0
1773504000000,5022.42,5022.71,5021.85,5022.13,580.390,1773504899999,2914853.87729,1588,209.411,1051698.01603,0
1773504900000,5022.12,5022.15,5021.60,5021.60,252.072,1773505799999,1265888.50967,913,96.980,487028.43411,0
1773505800000,5021.60,5021.61,5021.51,5021.52,209.545,1773506699999,1052238.01056,754,116.023,582613.58044,0
1773506700000,5021.52,5021.52,5020.25,5020.99,437.222,1773507599999,2195318.68957,717,118.561,595312.76429,0
1773507600000,5021.00,5021.03,5020.92,5020.93,214.567,1773508499999,1077337.34203,517,70.448,353716.98108,0
1773508500000,5020.93,5021.34,5020.92,5021.34,90.143,1773509399999,452626.20954,286,60.856,305572.67621,0
1773509400000,5021.34,5021.81,5021.27,5021.81,108.606,1773510299999,545353.77305,397,88.060,442183.45479,0
1773510300000,5021.81,5021.99,5021.66,5021.99,180.551,1773511199999,906701.97120,637,82.882,416224.80763,0
1773511200000,5021.98,5022.00,5021.66,5022.00,101.755,1773512099999,511005.52942,513,44.474,223344.64863,0
1773512100000,5022.00,5022.00,5021.99,5021.99,43.053,1773512999999,216211.99822,403,26.275,131953.05000,0
1773513000000,5021.99,5022.10,5021.99,5022.10,48.885,1773513899999,245500.48208,469,36.580,183704.86043,0
1773513900000,5022.10,5022.10,5022.07,5022.10,45.913,1773514799999,230579.47533,353,25.770,129419.51646,0
1773514800000,5022.10,5022.12,5022.09,5022.11,83.860,1773515699999,421153.07925,581,45.714,229580.33629,0
1773515700000,5022.12,5022.41,5021.35,5022.16,265.526,1773516599999,1333481.35786,878,56.731,284910.48991,0
1773516600000,5022.15,5022.16,5022.15,5022.15,25.666,1773517499999,128898.62635,342,12.445,62500.78120,0
1773517500000,5022.16,5022.21,5022.15,5022.21,56.576,1773518399999,284134.65727,519,54.332,272864.92827,0
1773518400000,5022.21,5022.21,5021.41,5021.41,198.443,1773519299999,996528.71393,740,71.050,356795.07404,0
1773519300000,5021.41,5021.42,5021.41,5021.41,23.552,1773520199999,118264.33578,305,8.746,43917.33932,0
1773520200000,5021.42,5021.42,5021.35,5021.35,78.849,1773521099999,395933.26344,835,39.799,199847.48600,0
1773521100000,5021.36,5021.62,5021.35,5021.61,56.565,1773521999999,284043.31692,330,31.825,159808.71920,0
1773522000000,5021.62,5021.62,5021.61,5021.62,72.243,1773522899999,362776.47982,390,30.859,154962.17158,0
1773522900000,5021.61,5021.62,5021.50,5021.59,99.272,1773523799999,498498.90398,357,38.463,193143.15850,0
1773523800000,5021.60,5022.02,5021.00,5021.01,270.989,1773524699999,1360794.61577,569,92.804,466039.52417,0
1773524700000,5021.01,5021.03,5021.00,5021.00,133.115,1773525599999,668371.98236,415,42.517,213478.62105,0
1773525600000,5021.01,5021.54,5020.77,5021.00,251.061,1773526499999,1260592.97275,648,129.441,649933.60246,0
1773526500000,5021.01,5021.51,5020.77,5021.37,177.055,1773527399999,889026.11474,668,115.089,577887.68291,0
1773527400000,5021.36,5021.71,5021.36,5021.70,83.804,1773528299999,420823.60487,554,43.684,219359.75582,0
1773528300000,5021.59,5021.77,5021.52,5021.60,89.005,1773529199999,446957.76625,731,28.010,140657.74068,0
1773529200000,5021.60,5021.62,5021.52,5021.53,123.307,1773530099999,619193.63987,657,64.908,325939.68387,0
1773530100000,5021.53,5021.53,5021.47,5021.52,100.351,1773530999999,503914.52826,611,26.865,134903.40345,0
1773531000000,5021.53,5021.53,5021.05,5021.19,138.648,1773531899999,696197.27286,640,84.109,422340.64234,0
1773531900000,5021.19,5021.19,5021.18,5021.18,112.832,1773532799999,566550.26311,446,48.135,241694.98065,0
1773532800000,5021.18,5021.22,5021.05,5021.05,200.204,1773533699999,1005251.79181,623,109.221,548415.23088,0
1773533700000,5021.06,5021.52,5021.05,5021.51,144.859,1773534599999,727369.43561,642,86.058,432116.60640,0
1773534600000,5021.51,5021.52,5021.08,5021.08,160.127,1773535499999,804046.34676,589,36.794,184757.27598,0
1773535500000,5021.08,5021.26,5021.05,5021.05,193.098,1773536399999,969576.00908,526,98.921,496699.50516,0
1773536400000,5021.06,5021.06,5020.88,5020.91,133.239,1773537299999,668985.92053,432,45.894,230431.41368,0
1773537300000,5020.91,5020.92,5020.91,5020.92,74.609,1773538199999,374605.31042,297,23.623,118609.19316,0
1773538200000,5020.91,5020.92,5020.91,5020.92,75.518,1773539099999,379169.49813,380,41.675,209246.84100,0
1773539100000,5020.92,5021.38,5020.91,5021.38,151.587,1773539999999,761142.83732,592,125.519,630251.49213,0
1773540000000,5021.38,5021.87,5021.37,5021.62,236.986,1773540899999,1190062.18424,987,84.590,424777.29931,0
1773540900000,5021.62,5021.95,5021.61,5021.94,109.347,1773541799999,549106.23423,1151,87.224,438012.41040,0
1773541800000,5021.95,5022.60,5021.94,5022.53,91.129,1773542699999,457668.28541,797,72.480,364009.31000,0
1773542700000,5022.53,5023.50,5021.95,5023.41,457.132,1773543599999,2296094.46803,1565,291.806,1465681.24472,0
1773543600000,5023.41,5023.46,5023.23,5023.45,112.634,1773544499999,565809.10411,726,72.601,364706.07753,0
1773544500000,5023.45,5023.95,5023.45,5023.95,145.097,1773545399999,728945.35681,760,112.662,565994.73901,0
1773545400000,5023.94,5024.56,5023.65,5023.65,217.310,1773546299999,1091792.34537,800,101.846,511691.05388,0
1773546300000,5023.66,5023.66,5023.27,5023.45,129.629,1773547199999,651196.09395,530,35.511,178391.78902,0
1773547200000,5023.45,5023.45,5022.55,5022.56,129.508,1773548099999,650529.69404,647,34.622,173906.47473,0
1773548100000,5022.56,5022.56,5022.01,5022.02,211.575,1773548999999,1062558.94636,512,91.157,457801.32943,0
1773549000000,5022.02,5022.04,5021.80,5022.03,141.373,1773549899999,709963.24144,872,53.016,266239.43866,0
1773549900000,5022.04,5022.04,5022.03,5022.03,41.646,1773550799999,209147.62715,435,16.577,83250.35708,0
1773550800000,5022.03,5022.04,5021.70,5021.70,66.228,1773551699999,332586.72716,601,14.191,71265.15151,0
1773551700000,5021.70,5021.71,5021.30,5021.62,166.923,1773552599999,838213.18904,738,102.762,516022.93105,0
1773552600000,5021.62,5021.63,5020.77,5021.27,368.657,1773553499999,1851115.23412,956,124.841,626841.54464,0
1773553500000,5021.26,5021.27,5020.85,5020.85,147.676,1773554399999,741477.62514,609,55.880,280571.66283,0
1773554400000,5020.85,5020.91,5020.80,5020.91,143.085,1773555299999,718405.50343,886,75.407,378606.11560,0
1773555300000,5020.90,5021.25,5020.90,5021.25,224.669,1773556199999,1128102.19725,886,135.857,682158.90194,0
1773556200000,5021.25,5021.35,5021.11,5021.11,212.845,1773557099999,1068731.05239,1009,66.026,331529.88034,0
1773557100000,5021.11,5021.12,5021.05,5021.05,178.187,1773557999999,894690.26678,654,54.808,275194.94652,0
1773558000000,5021.05,5021.06,5021.05,5021.06,131.275,1773558899999,659138.79692,516,45.817,230049.90602,0
1773558900000,5021.05,5021.06,5020.79,5021.00,222.033,1773559799999,1114830.54750,829,85.876,431186.86480,0
1773559800000,5021.01,5021.05,5020.79,5020.79,212.799,1773560699999,1068469.43787,747,86.303,433328.96088,0
1773560700000,5020.79,5020.80,5020.12,5020.36,204.328,1773561599999,1025841.20791,602,82.933,416365.90313,0
1773561600000,5020.35,5020.90,5020.35,5020.89,248.095,1773562499999,1245583.28830,870,158.294,794731.73269,0
1773562500000,5020.90,5021.27,5020.52,5021.15,319.372,1773563399999,1603592.86331,795,190.515,956587.70795,0
1773563400000,5021.15,5021.16,5020.74,5020.75,284.279,1773564299999,1427374.90274,707,88.287,443296.86897,0
1773564300000,5020.76,5020.76,5019.11,5019.14,381.427,1773565199999,1914803.52454,982,106.355,533918.92235,0
1773565200000,5019.14,5019.14,5011.47,5011.66,1231.072,1773566099999,6174185.93226,2429,191.333,959538.20224,0
1773566100000,5011.67,5015.20,5011.66,5015.01,1235.096,1773566999999,6192180.33073,1964,803.281,4027168.33351,0
1773567000000,5015.01,5015.01,5013.06,5013.30,421.407,1773567899999,2112910.52467,1170,188.580,945523.46950,0
1773567900000,5013.30,5013.31,5012.77,5012.99,545.836,1773568799999,2736208.67499,1525,310.699,1557495.93517,0
1773568800000,5012.99,5014.19,5012.27,5014.19,813.835,1773569699999,4079822.19221,2111,469.745,2354869.70435,0
1773569700000,5014.19,5014.45,5013.78,5014.10,453.598,1773570599999,2274411.91489,1437,197.340,989501.42479,0
1773570600000,5014.11,5015.70,5014.10,5015.69,433.578,1773571499999,2174174.81315,1466,347.921,1744662.53042,0
1773571500000,5015.69,5016.02,5015.69,5016.02,160.824,1773572399999,806657.31354,441,126.126,632620.51819,0
1773572400000,5016.02,5017.27,5016.01,5017.27,267.424,1773573299999,1341504.63975,717,173.780,871755.57291,0
1773573300000,5017.26,5018.23,5017.26,5018.23,195.659,1773574199999,981797.35703,766,121.431,609331.11511,0
1773574200000,5018.23,5019.08,5017.00,5017.01,498.817,1773575099999,2503279.69819,1425,248.811,1248727.90450,0
1773575100000,5017.01,5017.28,5016.11,5016.78,370.079,1773575999999,1856665.89172,905,127.239,638335.04654,0
1773576000000,5016.77,5016.78,5015.50,5015.50,253.299,1773576899999,1270618.69678,993,94.853,475826.22890,0
1773576900000,5015.50,5015.51,5015.19,5015.34,130.788,1773577799999,655931.31635,550,69.407,348091.74133,0
1773577800000,5015.35,5015.42,5015.34,5015.42,127.821,1773578699999,641072.49817,617,87.061,436645.53875,0
1773578700000,5015.41,5015.42,5014.67,5014.71,394.093,1773579599999,1976289.45835,1461,187.046,937980.80843,0
1773579600000,5014.71,5014.71,5011.34,5011.91,884.188,1773580499999,4432725.94539,1537,209.829,1051867.40733,0
1773580500000,5011.92,5014.61,5011.91,5014.30,482.902,1773581399999,2420749.81171,968,348.511,1746994.70922,0
1773581400000,5014.31,5014.99,5013.33,5013.33,403.787,1773582299999,2024635.54282,876,83.704,419698.56553,0
1773582300000,5013.33,5013.80,5013.25,5013.80,174.734,1773583199999,876031.88028,742,107.442,538661.88026,0
1773583200000,5013.79,5014.75,5013.79,5014.75,138.965,1773584099999,696804.29807,669,109.278,547943.91082,0
1773584100000,5014.75,5015.40,5014.74,5015.40,186.447,1773584999999,935080.53838,692,132.005,662040.76190,0
1773585000000,5015.39,5015.40,5014.76,5015.00,259.399,1773585899999,1300908.73095,944,161.503,809936.69775,0
1773585900000,5015.00,5015.01,5013.50,5013.50,268.472,1773586799999,1346248.57050,1185,100.378,503359.15773,0
1773586800000,5013.47,5013.48,5011.88,5012.60,375.754,1773587699999,1883361.21777,1213,117.828,590582.73344,0
1773587700000,5012.60,5013.00,5012.59,5012.69,286.645,1773588599999,1436883.25076,778,87.178,437002.30373,0
1773588600000,5012.70,5013.72,5011.89,5012.31,594.147,1773589499999,2978441.01200,1792,236.442,1185321.16820,0
1773589500000,5012.31,5012.93,5011.45,5012.25,869.527,1773590399999,4358308.37851,1971,392.269,1966168.91980,0
1773590400000,5012.24,5012.25,5007.00,5007.01,1153.310,1773591299999,5777358.35297,2709,250.274,1253694.90377,0
1773591300000,5007.00,5007.01,5003.00,5003.44,1260.568,1773592199999,6309429.05864,3490,444.760,2226111.75798,0
1773592200000,5003.45,5007.33,5003.44,5006.75,964.601,1773593099999,4828704.56063,2247,615.766,3082309.74640,0
1773593100000,5006.75,5006.76,5001.49,5003.06,1067.056,1773593999999,5339028.61321,2867,349.988,1751221.23280,0
1773594000000,5003.07,5004.98,5002.16,5002.67,576.621,1773594899999,2885457.40528,1851,316.210,1582340.61612,0
1773594900000,5002.68,5006.97,5001.90,5006.21,665.241,1773595799999,3329273.22127,2150,408.311,2043541.13006,0
1773595800000,5006.21,5007.40,5005.15,5005.32,330.524,1773596699999,1654656.23640,1403,126.429,632930.89472,0
1773596700000,5005.33,5007.40,5005.00,5006.15,366.898,1773597599999,1836691.66136,1320,184.236,922273.84584,0
1773597600000,5006.14,5006.51,5005.68,5005.70,394.234,1773598499999,1973501.43909,1272,162.323,812571.85792,0
1773598500000,5005.70,5007.39,5005.70,5007.36,345.029,1773599399999,1727523.37727,1037,129.610,648951.32170,0
1773599400000,5007.35,5007.38,5005.73,5005.93,302.040,1773600299999,1512203.99412,1032,128.257,642138.75037,0
1773600300000,5005.93,5005.93,5003.61,5004.18,441.262,1773601199999,2208323.20628,1631,143.867,719982.14114,0
1773601200000,5004.18,5004.25,5003.38,5003.61,473.468,1773602099999,2369201.68138,1314,138.397,692532.01563,0
1773602100000,5003.61,5003.82,5002.82,5003.71,391.542,1773602999999,1959023.21736,1165,112.907,564924.62727,0
1773603000000,5003.72,5003.72,5002.82,5003.20,325.052,1773603899999,1626295.02179,1130,107.775,539215.58824,0
1773603900000,5003.20,5008.90,5003.19,5008.87,1004.234,1773604799999,5026973.43168,2656,595.062,2978914.80554,0
1773604800000,5008.86,5008.86,4997.05,4998.02,3176.093,1773605699999,15885869.76073,5530,788.923,3945468.92977,0
1773605700000,4998.03,5002.00,4998.00,5002.00,354.704,1773606599999,1773467.03691,1373,172.254,861275.29171,0
1773606600000,5001.99,5004.09,5001.99,5003.43,318.451,1773607499999,1593304.04943,1103,180.536,903251.67707,0
1773607500000,5003.43,5004.30,5002.02,5003.60,326.271,1773608399999,1632335.91693,1376,140.182,701316.06759,0
1773608400000,5003.60,5005.35,5002.69,5003.58,245.282,1773609299999,1227356.48857,1311,139.222,696623.66250,0
1773609300000,5003.58,5006.39,5003.57,5006.38,221.820,1773610199999,1110163.35134,814,168.594,843781.90316,0
1773610200000,5006.37,5012.52,5006.37,5012.52,681.672,1773611099999,3415105.81433,1945,558.700,2799017.86148,0
1773611100000,5012.51,5012.99,5007.66,5008.73,805.719,1773611999999,4036679.16454,2577,319.681,1601785.80542,0
1773612000000,5008.75,5029.82,4997.29,5023.21,15339.541,1773612899999,76934401.83218,24407,7529.910,37768142.01795,0
1773612900000,5023.21,5023.33,5001.68,5012.70,4584.933,1773613799999,22973651.06091,12308,2616.461,13109068.27209,0
1773613800000,5012.69,5017.86,5009.96,5012.01,1921.431,1773614699999,9634243.13054,6925,1076.522,5397389.04977,0
1773614700000,5012.01,5027.68,5011.52,5026.76,2240.164,1773615599999,11250313.32067,6176,1187.178,5961567.70058,0
1773615600000,5026.76,5028.24,5004.48,5009.50,4269.239,1773616499999,21397462.56254,11189,2403.951,12046899.38458,0
1773616500000,5009.50,5010.43,4966.22,4990.93,13549.978,1773617399999,67566822.09123,25940,6094.218,30388527.71096,0
1773617400000,4990.93,4993.40,4981.60,4985.61,2603.806,1773618299999,12984927.53436,9795,1364.836,6806051.03528,0
1773618300000,4985.61,4998.99,4973.68,4998.21,3796.830,1773619199999,18929388.44489,13386,2028.888,10114888.51827,0
1773619200000,4998.20,5027.39,4995.86,5021.65,8348.950,1773620099999,41889234.25200,18466,3497.247,17544133.60574,0
1773620100000,5021.65,5023.05,5015.00,5016.69,2221.689,1773620999999,11150763.18689,7359,1048.162,5260464.81257,0
1773621000000,5016.70,5029.94,5015.03,5027.01,2644.787,1773621899999,13289455.83461,8446,1233.615,6198056.95095,0
1773621900000,5027.01,5029.50,5016.75,5025.97,2165.634,1773622799999,10879367.26958,8238,1048.709,5267962.75611,0
1773622800000,5026.05,5026.76,4988.51,4988.62,6224.739,1773623699999,31196084.07160,21351,2961.769,14845136.03385,0
1773623700000,4988.55,5006.75,4985.14,4990.25,5776.700,1773624599999,28863787.91373,18120,3167.436,15826433.90352,0
1773624600000,4990.25,5004.91,4984.74,5004.81,3441.050,1773625499999,17183816.74563,13290,1803.799,9008034.90483,0
1773625500000,5004.82,5015.79,5003.34,5015.69,2418.725,1773626399999,12116985.31853,8579,1213.075,6076937.20405,0
1773626400000,5015.78,5017.89,5009.86,5014.13,1917.975,1773627299999,9616059.87999,6577,707.788,3548455.89154,0
1773627300000,5014.12,5019.25,5009.61,5013.05,1866.697,1773628199999,9360352.72877,6564,907.995,4553532.84509,0
1773628200000,5012.95,5013.99,5003.08,5006.30,1704.330,1773629099999,8533292.33867,7832,820.366,4107390.96304,0
1773629100000,5006.21,5007.96,4998.00,5004.30,1717.978,1773629999999,8594288.72406,6939,883.534,4419973.60358,0
1773630000000,5004.30,5007.31,4999.43,5000.71,1695.120,1773630899999,8482480.16738,6138,1012.023,5064460.07010,0
1773630900000,5000.62,5012.79,5000.40,5012.40,1700.270,1773631799999,8511610.07574,5492,1075.291,5382977.88294,0
1773631800000,5012.39,5017.95,5012.02,5017.94,1911.891,1773632699999,9586059.26406,4896,985.296,4940308.26694,0
1773632700000,5017.94,5020.39,5016.05,5018.90,1141.434,1773633599999,5728509.63581,3584,542.630,2723339.26536,0
1773633600000,5018.90,5025.00,5018.87,5023.46,1561.824,1773634499999,7844440.67962,4369,598.829,3007710.20255,0
1773634500000,5023.45,5025.00,5019.20,5020.34,1370.809,1773635399999,6884849.65849,3181,458.018,2300369.26798,0
1773635400000,5020.34,5023.24,5013.69,5015.55,1507.615,1773636299999,7566531.15824,4350,489.030,2454478.25285,0
1773636300000,5015.54,5015.58,5011.41,5012.35,872.749,1773637199999,4375681.76635,2224,392.934,1970079.16613,0
1773637200000,5012.35,5014.99,5011.53,5012.01,795.142,1773638099999,3986295.78367,2809,405.961,2035225.31826,0
1773638100000,5012.10,5012.90,5007.91,5010.95,1383.574,1773638999999,6932154.72865,4014,782.482,3920520.38120,0
1773639000000,5010.94,5016.99,5003.44,5015.71,1883.837,1773639899999,9435942.91589,6946,1014.538,5081839.61955,0
1773639900000,5015.71,5018.84,5014.77,5016.75,1007.277,1773640799999,5052942.54033,3678,482.997,2422943.70963,0
1773640800000,5016.75,5026.78,5012.92,5026.51,2163.223,1773641699999,10859122.17410,6380,1301.915,6535520.41043,0
1773641700000,5026.51,5036.62,5024.90,5026.61,3451.570,1773642599999,17362634.84533,8826,1604.479,8071338.69289,0
1773642600000,5026.61,5028.37,5021.25,5022.63,1583.103,1773643499999,7954735.58665,5242,705.996,3547339.49016,0
1773643500000,5022.56,5022.72,5006.72,5013.40,4112.925,1773644399999,20615910.57217,10493,2257.468,11314202.04430,0
1773644400000,5013.40,5016.90,5010.42,5010.60,1724.924,1773645299999,8648756.70252,5717,749.268,3756677.18968,0
1773645300000,5010.60,5010.61,4999.50,5003.64,4101.420,1773646199999,20530002.87293,11427,2010.211,10062352.01399,0
1773646200000,5003.65,5007.70,4992.00,4993.95,3270.203,1773647099999,16345559.43714,9926,1298.912,6492803.80013,0
1773647100000,4993.94,5000.97,4993.85,4997.03,2106.449,1773647999999,10526953.80665,5992,1191.043,5952101.71926,0
1773648000000,4997.00,5001.99,4990.50,4990.60,3201.512,1773648899999,15999053.24683,9108,1318.317,6587994.75317,0
1773648900000,4990.61,5003.84,4989.28,4997.45,2748.271,1773649799999,13731321.80352,8553,1315.608,6572258.13517,0
1773649800000,4997.45,4998.99,4987.32,4988.85,2805.362,1773650699999,14003393.84606,8401,1479.332,7383275.64968,0
1773650700000,4988.86,4998.21,4988.14,4992.24,2235.751,1773651599999,11163427.38617,6244,1272.641,6354190.63014,0
1773651600000,4992.23,4992.35,4981.76,4987.70,3673.964,1773652499999,18320020.45763,10927,1743.186,8692404.48208,0
1773652500000,4987.70,4991.48,4985.00,4990.50,1568.074,1773653399999,7822024.82036,5245,660.293,3293733.05197,0
1773653400000,4990.50,4991.98,4983.41,4983.83,1603.669,1773654299999,7998396.01588,6081,722.776,3604625.66803,0
1773654300000,4983.83,4986.43,4973.43,4976.31,3882.898,1773655199999,19336204.23681,10335,1915.921,9541566.28749,0
1773655200000,4976.30,4981.46,4971.81,4978.27,2717.393,1773656099999,13523395.13442,8978,1293.069,6435329.19689,0
1773656100000,4978.26,4993.04,4978.05,4988.34,2308.778,1773656999999,11510363.39482,7018,1266.738,6314986.21200,0
1773657000000,4988.35,4989.69,4982.32,4986.79,2154.110,1773657899999,10742050.99496,6145,1089.668,5434118.65476,0
1773657900000,4986.79,5000.50,4985.61,4999.81,2591.106,1773658799999,12945642.52931,7132,1253.609,6263150.31473,0
1773658800000,4999.82,5006.98,4996.54,5003.22,3001.578,1773659699999,15012983.15150,6958,1188.170,5943535.37521,0
1773659700000,5003.23,5022.99,5003.23,5018.46,4928.200,1773660599999,24718052.70810,9651,2098.001,10520939.18720,0
1773660600000,5018.45,5018.89,5013.69,5015.10,1952.371,1773661499999,9794586.44864,6193,685.332,3438158.64711,0
1773661500000,5015.09,5017.44,4994.12,4997.69,4535.534,1773662399999,22692598.62687,9617,1744.713,8724756.85327,0
1773662400000,4997.68,5006.52,4995.15,5005.80,2158.069,1773663299999,10792976.67321,6996,1379.734,6900117.33165,0
1773663300000,5005.79,5024.81,5003.25,5021.90,3591.103,1773664199999,18010406.05068,9283,1800.658,9030113.18342,0
1773664200000,5021.99,5025.75,5018.12,5020.75,2482.919,1773665099999,12467582.57399,7639,902.338,4531305.44307,0
1773665100000,5020.75,5020.75,5011.74,5018.87,2979.663,1773665999999,14947396.82171,7888,1266.460,6352792.15349,0
1773666000000,5018.74,5022.36,5013.66,5021.39,1757.695,1773666899999,8819470.70794,6930,840.174,4215593.81718,0
1773666900000,5021.40,5028.67,5018.29,5020.99,3019.567,1773667799999,15173558.19950,9026,1457.880,7326093.18040,0
1773667800000,5020.99,5033.93,5017.51,5029.98,4740.418,1773668699999,23831213.65531,13281,2280.509,11465127.18652,0
1773668700000,5029.97,5031.99,5022.49,5028.48,2708.147,1773669599999,13612334.61506,9177,1322.096,6645396.07436,0
1773669600000,5028.48,5037.72,5026.20,5027.34,3288.613,1773670499999,16547763.41128,10343,1592.922,8015877.68991,0
1773670500000,5027.35,5028.93,5014.41,5014.41,3462.237,1773671399999,17384303.37826,10114,1433.474,7198499.44152,0
1773671400000,5014.41,5014.71,5000.88,5001.14,4710.529,1773672299999,23591112.45911,11225,2564.052,12840796.23748,0
1773672300000,5001.14,5002.22,4987.50,4996.80,5753.928,1773673199999,28747660.89522,15632,3325.326,16613876.51859,0
1773673200000,4996.56,5002.48,4991.36,4998.84,3900.513,1773674099999,19488159.52150,11030,2027.366,10129450.06836,0
1773674100000,4998.84,5005.99,4983.00,4991.70,4616.439,1773674999999,23068633.98321,10760,1796.482,8978873.87835,0
1773675000000,4991.70,5002.10,4990.28,4995.97,2287.745,1773675899999,11430292.91206,6628,1156.603,5778109.68810,0
1773675900000,4996.00,4998.36,4984.51,4987.46,2435.946,1773676799999,12155887.31309,7779,1419.111,7080930.51747,0
1773676800000,4987.45,4998.72,4986.34,4995.85,2010.567,1773677699999,10038049.25798,6502,1014.206,5063126.79796,0
1773677700000,4995.85,4997.43,4979.00,4981.08,2967.297,1773678599999,14793662.05198,7937,1372.378,6842520.67680,0
1773678600000,4981.08,4990.89,4976.06,4988.30,3839.525,1773679499999,19129451.52404,9789,2248.031,11200219.80005,0
1773679500000,4988.31,4993.66,4984.28,4990.25,1519.499,1773680399999,7582136.21717,4879,603.898,3013260.45970,0
1773680400000,4990.26,5003.49,4990.26,5001.59,2041.631,1773681299999,10200557.55603,6316,1096.587,5478813.67689,0
1773681300000,5001.60,5002.35,4994.44,4995.27,1466.737,1773682199999,7332529.08665,5108,569.746,2848142.67537,0
1773682200000,4995.55,4996.10,4986.12,4987.55,1416.868,1773683099999,7069701.05460,5764,607.949,3033217.52935,0
1773683100000,4987.55,4992.72,4984.14,4991.40,818.958,1773683999999,4084994.78911,3648,407.433,2032381.24365,0
1773684000000,4991.40,5001.00,4991.40,4999.21,1298.762,1773684899999,6489156.11768,5483,776.929,3881538.31610,0
1773684900000,4999.21,5007.73,4997.88,5006.71,1625.392,1773685799999,8131279.04762,5294,908.380,4544410.72049,0
1773685800000,5006.70,5015.70,5005.46,5014.78,2277.771,1773686699999,11414819.43683,6558,1516.375,7599190.48708,0
1773686700000,5014.80,5016.77,5011.00,5011.72,1274.021,1773687599999,6388117.85930,4453,559.966,2807673.43179,0
1773687600000,5011.73,5019.24,5008.00,5011.92,1572.336,1773688499999,7883920.67663,6002,757.981,3800358.34979,0
1773688500000,5011.91,5015.30,5009.28,5010.02,957.208,1773689399999,4797474.22656,4415,534.506,2678898.15182,0
1773689400000,5010.02,5014.46,5007.50,5009.59,949.132,1773690299999,4756069.24670,4031,445.202,2230811.98970,0
1773690300000,5009.58,5015.34,5008.26,5012.30,1013.803,1773691199999,5081395.97597,4499,483.944,2425767.96106,0
1773691200000,5012.29,5023.90,5007.60,5016.15,1773.463,1773692099999,8897371.04855,5046,989.493,4964672.64561,0
1773692100000,5016.72,5017.66,5014.76,5014.81,648.062,1773692999999,3250748.37737,2917,396.321,1987929.74803,0
1773693000000,5014.80,5014.95,5008.55,5010.24,853.234,1773693899999,4275368.61313,3852,516.989,2590414.75385,0
1773693900000,5010.01,5011.16,5006.56,5007.24,1426.219,1773694799999,7143580.13841,4244,837.520,4194898.44470,0
1773694800000,5007.22,5008.61,5003.30,5004.35,646.327,1773695699999,3235438.86582,2635,336.656,1685352.07294,0
1773695700000,5004.36,5007.44,5000.15,5003.20,1315.095,1773696599999,6581025.86205,2946,694.005,3473055.63202,0
1773696600000,5003.20,5004.24,4996.68,5000.54,763.150,1773697499999,3816178.72381,2598,249.113,1245672.36693,0
1773697500000,5000.55,5006.39,4998.34,5005.60,554.515,1773698399999,2774036.92703,2343,300.831,1504851.25528,0
1773698400000,5005.60,5016.71,5002.59,5005.77,3428.309,1773699299999,17179275.69689,9031,1607.775,8055213.77290,0
1773699300000,5005.77,5009.73,5000.09,5003.40,1025.443,1773700199999,5131265.09433,4734,529.721,2650858.17348,0
1773700200000,5003.39,5005.32,5000.59,5002.41,648.633,1773701099999,3244850.21897,3142,394.078,1971356.08840,0
1773701100000,5002.44,5006.39,5001.14,5002.18,710.128,1773701999999,3553625.71024,2915,330.041,1651492.53754,0
1773702000000,5002.17,5006.31,5001.88,5006.13,705.669,1773702899999,3531778.47606,2372,310.550,1554303.61450,0
1773702900000,5006.13,5011.82,5005.76,5010.19,579.099,1773703799999,2900423.27135,2342,427.512,2141203.86082,0
1773703800000,5010.19,5014.15,5009.06,5009.06,591.511,1773704699999,2965043.59136,3024,194.889,976875.30838,0
1773704700000,5009.06,5015.35,5007.00,5013.59,679.155,1773705599999,3404120.71026,3377,277.551,1391060.21483,0
1773705600000,5013.59,5013.59,5002.95,5006.96,1709.981,1773706499999,8562022.77609,5992,850.821,4260022.62640,0
1773706500000,5006.96,5010.55,5000.15,5003.49,1089.350,1773707399999,5451958.23589,4367,444.095,2222510.48122,0
1773707400000,5003.49,5007.35,4998.68,5002.14,1195.371,1773708299999,5980638.10505,4030,522.936,2616209.47649,0
1773708300000,5002.14,5006.35,4998.91,5003.51,924.860,1773709199999,4626577.98387,3975,557.912,2790882.32924,0
1773709200000,5003.51,5011.86,4995.90,5009.38,2894.924,1773710099999,14485990.02568,8759,1272.977,6369764.82044,0
1773710100000,5009.36,5013.38,5006.71,5012.70,1576.287,1773710999999,7897386.06987,4697,580.821,2910300.84176,0
1773711000000,5012.71,5018.06,5010.65,5016.34,2313.594,1773711899999,11603746.52415,5553,1119.083,5612542.82520,0
1773711900000,5016.52,5026.93,5015.58,5026.37,2321.785,1773712799999,11660491.78831,5781,1268.583,6371387.53847,0
1773712800000,5026.39,5027.98,5019.84,5020.24,2141.377,1773713699999,10756953.39305,5244,507.430,2549096.42284,0
1773713700000,5020.25,5024.25,5018.49,5024.24,936.533,1773714599999,4702070.80564,2913,457.942,2299322.03049,0
1773714600000,5024.25,5027.20,5020.30,5027.20,1010.075,1773715499999,5075256.95774,3219,493.225,2478326.49182,0
1773715500000,5027.20,5027.24,5020.00,5020.78,1196.332,1773716399999,6009656.01839,3122,421.140,2115505.49069,0
1773716400000,5020.78,5023.55,5019.01,5020.99,643.264,1773717299999,3229849.92217,2582,287.191,1442025.90585,0
1773717300000,5020.99,5030.44,5020.84,5030.44,1625.000,1773718199999,8170339.05443,3426,959.841,4825867.95059,0
1773718200000,5030.44,5031.40,5026.00,5026.70,1463.348,1773719099999,7358109.18346,4080,741.166,3726791.01447,0
1773719100000,5026.69,5027.85,5024.14,5025.97,698.512,1773719999999,3510407.36224,2412,374.314,1881083.28417,0
1773720000000,5025.97,5030.00,5025.10,5028.21,644.835,1773720899999,3242101.78535,2344,357.257,1796250.18824,0
1773720900000,5028.20,5033.00,5025.67,5032.50,1391.463,1773721799999,6998075.42596,3295,922.031,4637720.29978,0
1773721800000,5032.51,5040.74,5030.50,5038.28,3088.200,1773722699999,15547792.49336,5826,1643.369,8274589.43033,0
1773722700000,5038.29,5040.20,5036.19,5036.92,1527.105,1773723599999,7693805.57260,4750,727.590,3665719.95502,0
1773723600000,5036.92,5039.35,5031.13,5039.15,990.232,1773724499999,4985170.59937,4255,382.641,1926420.67665,0
1773724500000,5039.16,5043.75,5033.26,5035.11,1909.518,1773725399999,9619957.19549,5170,1016.688,5121878.83009,0
1773725400000,5035.11,5038.00,5029.31,5030.34,1159.272,1773726299999,5835467.48757,5206,419.374,2111122.01322,0
1773726300000,5030.34,5030.89,5020.00,5020.09,2413.961,1773727199999,12130875.91093,7214,948.987,4768375.68246,0
1773727200000,5020.10,5021.99,5007.21,5012.20,4951.467,1773728099999,24819966.21957,12475,3012.683,15099831.77860,0
1773728100000,5012.29,5014.68,5005.34,5012.20,2946.332,1773728999999,14762185.58674,7079,1915.491,9597263.71804,0
1773729000000,5012.19,5017.34,5010.57,5014.75,1141.286,1773729899999,5722462.14430,4178,707.155,3545628.87160,0
1773729900000,5014.74,5015.24,5009.46,5010.14,891.365,1773730799999,4467229.69801,3492,397.829,1993743.04746,0
1773730800000,5010.14,5016.30,5009.75,5014.48,1077.967,1773731699999,5404459.45155,4206,664.754,3332686.41179,0
1773731700000,5014.49,5017.81,5010.00,5015.87,1302.855,1773732599999,6531702.88256,3911,764.223,3831197.00537,0
1773732600000,5015.87,5027.20,5015.87,5022.37,1627.164,1773733499999,8172507.46470,5118,714.650,3588953.78054,0
1773733500000,5022.37,5024.63,5017.65,5020.90,981.665,1773734399999,4928945.17971,3112,441.887,2218859.15091,0
1773734400000,5020.91,5025.28,5019.50,5021.04,1126.378,1773735299999,5657226.31220,4188,558.445,2804768.36549,0
1773735300000,5021.04,5029.00,5019.39,5021.24,1269.186,1773736199999,6376247.25414,4616,655.071,3290985.68069,0
1773736200000,5021.25,5024.90,5018.70,5022.53,854.593,1773737099999,4290775.56496,3662,417.826,2097870.50927,0
1773737100000,5022.53,5024.25,5019.19,5023.87,1070.222,1773737999999,5375057.67980,3262,465.002,2335429.41475,0
1773738000000,5023.86,5025.04,5013.98,5014.25,1307.663,1773738899999,6561787.22336,5059,516.465,2591750.58957,0
1773738900000,5014.25,5019.50,5013.15,5018.14,765.893,1773739799999,3841760.45662,3899,397.605,1994456.46065,0
1773739800000,5018.14,5018.22,5012.02,5014.31,1025.598,1773740699999,5142973.88054,3391,520.033,2607661.39107,0
1773740700000,5014.30,5015.90,5011.01,5011.05,1138.488,1773741599999,5707281.49294,2691,662.649,3321926.39893,0
1773741600000,5011.05,5016.24,5002.35,5004.94,2677.641,1773742499999,13407875.32969,6621,1409.865,7059570.49234,0
1773742500000,5004.94,5009.95,5003.23,5004.54,1323.414,1773743399999,6625751.89864,4348,776.510,3887358.35612,0
1773743400000,5004.55,5009.06,4993.88,5000.47,4202.039,1773744299999,21010573.00863,9056,1732.512,8662262.70531,0
1773744300000,5000.47,5005.70,4997.38,5001.75,1797.317,1773745199999,8990319.09161,5379,1116.137,5583161.15298,0
1773745200000,5001.65,5007.19,4998.50,5006.49,1526.555,1773746099999,7636720.43322,4518,934.007,4672335.37180,0
1773746100000,5006.50,5011.00,5006.50,5007.59,1299.192,1773746999999,6507428.47426,3317,590.671,2958637.15116,0
1773747000000,5007.60,5009.77,5004.02,5009.77,513.011,1773747899999,2568738.32742,2439,201.792,1010490.51212,0
1773747900000,5009.76,5011.62,5003.46,5004.52,1151.620,1773748799999,5766695.79706,3130,473.486,2371318.56988,0
1773748800000,5004.52,5010.87,5001.35,5009.40,1054.884,1773749699999,5280454.91940,4146,584.405,2924968.90138,0
1773749700000,5009.40,5020.00,5009.19,5019.85,2229.437,1773750599999,11182192.16655,5355,911.343,4570605.71450,0
1773750600000,5019.84,5024.50,5016.01,5017.87,2361.357,1773751499999,11853920.29525,5884,1087.642,5460322.93766,0
1773751500000,5017.87,5017.87,5011.00,5013.02,1251.727,1773752399999,6275374.66340,4667,639.097,3203893.88584,0
1773752400000,5013.03,5018.74,5011.11,5017.85,1090.588,1773753299999,5470342.89932,5321,566.751,2842785.98812,0
1773753300000,5017.85,5020.34,5012.03,5013.59,1221.640,1773754199999,6128436.69714,5075,615.502,3087676.69638,0
1773754200000,5013.60,5030.30,5012.64,5026.85,5015.332,1773755099999,25207682.16743,10528,2429.011,12208386.87958,0
1773755100000,5026.84,5027.41,5007.50,5016.71,4330.346,1773755999999,21718930.04148,10399,2072.603,10393067.91879,0
1773756000000,5016.74,5021.35,5010.66,5018.89,2870.419,1773756899999,14398874.29197,8671,1803.666,9047859.53329,0
1773756900000,5019.20,5019.34,5006.87,5009.76,3746.616,1773757799999,18777757.18734,8385,2028.800,10168767.65858,0
1773757800000,5009.75,5015.35,5004.35,5014.16,2223.709,1773758699999,11141239.33062,7858,1127.426,5648326.21031,0
1773758700000,5014.16,5019.93,5008.82,5009.11,2036.386,1773759599999,10211876.02939,6573,958.556,4806754.86862,0
1773759600000,5009.10,5017.99,5008.00,5009.70,1792.094,1773760499999,8983727.76072,7213,966.840,4846456.10492,0
1773760500000,5009.73,5015.55,4996.14,4997.39,3562.523,1773761399999,17830106.53493,8443,1780.745,8911869.58039,0
1773761400000,4997.26,5003.04,4978.40,4988.01,9968.738,1773762299999,49721630.03219,18293,5189.777,25887576.09930,0
1773762300000,4988.01,5000.24,4987.45,4999.24,3071.255,1773763199999,15341272.95959,8090,1386.261,6924699.33900,0
1773763200000,4999.25,5000.37,4993.43,4995.86,2127.433,1773764099999,10630689.12394,7486,908.750,4540799.58296,0
1773764100000,4995.86,5006.90,4994.36,5006.00,2363.517,1773764999999,11820945.71833,5929,1609.401,8048614.41989,0
1773765000000,5005.93,5007.08,5000.90,5003.85,1318.760,1773765899999,6598645.81850,4778,607.867,3041509.98769,0
1773765900000,5003.85,5005.19,5000.00,5002.71,876.896,1773766799999,4386502.35375,3669,396.256,1982135.52810,0
1773766800000,5002.71,5008.19,5002.71,5004.60,942.160,1773767699999,4716320.98895,3674,323.829,1620950.52466,0
1773767700000,5004.60,5010.99,5003.07,5004.21,1237.330,1773768599999,6196225.81228,4065,525.323,2630611.10168,0
1773768600000,5004.21,5007.34,4999.12,4999.41,1010.956,1773769499999,5058580.83983,3661,463.141,2317663.75686,0
1773769500000,4999.32,5004.50,4998.16,5003.70,629.050,1773770399999,3146487.11219,2671,322.579,1613476.78346,0
1773770400000,5003.70,5008.80,5002.61,5007.28,649.650,1773771299999,3252950.00059,2651,266.997,1336754.17135,0
1773771300000,5007.29,5009.94,5005.04,5005.04,552.270,1773772199999,2765744.04440,2364,132.251,662351.67167,0
1773772200000,5005.04,5005.81,5001.38,5004.41,381.048,1773773099999,1906615.97243,2351,163.903,820097.31054,0
1773773100000,5004.41,5009.50,5004.41,5005.46,562.912,1773773999999,2818633.13113,2120,393.444,1969959.92327,0
1773774000000,5005.45,5006.98,5002.46,5003.32,474.489,1773774899999,2374578.83329,2071,231.942,1160776.39383,0
1773774900000,5003.42,5004.41,5000.34,5001.91,396.432,1773775799999,1983001.95127,2478,186.146,931094.84401,0
1773775800000,5001.90,5005.38,4998.52,5004.26,481.421,1773776699999,2408160.61078,2499,229.795,1149589.45104,0
1773776700000,5004.26,5005.26,5001.10,5002.48,418.178,1773777599999,2091987.30983,2539,158.575,793287.77065,0
1773777600000,5002.47,5007.95,5002.40,5004.87,512.121,1773778499999,2563623.45745,1840,165.084,826306.78695,0
1773778500000,5004.87,5006.79,5004.67,5006.60,406.060,1773779399999,2032647.82326,1258,337.313,1688503.99688,0
1773779400000,5006.60,5008.00,5006.02,5006.49,341.805,1773780299999,1711467.28922,1282,194.189,972341.55876,0
1773780300000,5006.49,5008.86,5004.32,5008.70,446.028,1773781199999,2232977.92881,2281,307.008,1536968.63133,0
1773781200000,5008.70,5009.32,5000.24,5000.99,1049.990,1773782099999,5255241.78728,2082,155.582,778848.31758,0
1773782100000,5001.00,5002.94,5000.00,5002.44,507.936,1773782999999,2540218.54482,1161,179.054,895536.61490,0
1773783000000,5002.44,5002.97,4999.93,5000.66,492.465,1773783899999,2462899.02125,1222,110.987,555081.76747,0
1773783900000,5000.66,5008.21,5000.66,5004.37,522.034,1773784799999,2612619.98732,1782,351.464,1758788.65227,0
1773784800000,5004.36,5007.34,4998.95,5003.46,1425.276,1773785699999,7131290.69748,4428,686.497,3434889.11398,0
1773785700000,5003.45,5005.80,5000.87,5002.51,298.938,1773786599999,1495604.18135,1835,89.373,447149.98598,0
1773786600000,5002.50,5002.50,4997.78,4998.15,499.034,1773787499999,2495105.77335,2110,222.136,1110646.07164,0
1773787500000,4998.15,5003.81,4995.77,5001.67,743.364,1773788399999,3716480.77935,2927,439.967,2199537.22448,0
1773788400000,5001.67,5004.00,5000.10,5000.49,411.505,1773789299999,2058437.67374,2185,183.789,919416.06115,0
1773789300000,5000.49,5002.83,5000.20,5000.91,303.062,1773790199999,1515776.91030,1983,136.489,682656.66516,0
1773790200000,5000.90,5004.00,5000.90,5003.15,307.788,1773791099999,1539901.33093,1226,118.545,593066.85771,0
1773791100000,5003.16,5003.74,5002.42,5003.54,202.505,1773791999999,1013183.39551,962,86.082,430683.31776,0
1773792000000,5003.53,5012.98,5002.41,5010.15,2202.740,1773792899999,11035716.10614,5409,875.748,4387135.92021,0
1773792900000,5010.14,5011.79,5003.28,5003.28,1035.152,1773793799999,5184023.24942,3443,379.008,1897909.84629,0
1773793800000,5003.28,5004.82,5000.70,5004.82,973.401,1773794699999,4869009.82409,3183,395.356,1977594.43116,0
1773794700000,5004.82,5008.20,5002.28,5004.28,1068.414,1773795599999,5347757.78809,2948,382.158,1912733.20154,0
1773795600000,5004.29,5016.67,4999.05,5012.35,2610.764,1773796499999,13078662.95206,7001,1168.290,5852218.58337,0
1773796500000,5012.35,5016.54,5008.28,5008.70,802.429,1773797399999,4022437.93708,3609,359.841,1804076.66361,0
1773797400000,5008.71,5009.75,5003.03,5003.19,1046.338,1773798299999,5237716.49091,4670,577.989,2893288.11349,0
1773798300000,5003.18,5003.19,4993.00,5000.36,3175.683,1773799199999,15875361.77736,6769,2031.399,10155380.58198,0
1773799200000,5000.37,5003.90,4998.01,5001.29,1016.964,1773800099999,5085958.38475,3638,518.658,2593891.63936,0
1773800100000,5001.29,5007.40,5001.16,5002.11,1036.208,1773800999999,5185709.33006,2912,469.724,2350588.45992,0
1773801000000,5002.11,5004.14,5001.03,5001.65,829.520,1773801899999,4149252.27232,2880,306.974,1535463.15873,0
1773801900000,5001.65,5004.25,4991.51,4993.44,1831.218,1773802799999,9151954.55819,4938,701.605,3505837.86139,0
1773802800000,4993.43,4996.68,4987.68,4994.98,2577.506,1773803699999,12869685.71851,6168,1189.025,5937155.24970,0
1773803700000,4994.99,4997.86,4994.73,4997.40,658.275,1773804599999,3288900.73027,2266,306.484,1531241.75982,0
1773804600000,4997.41,4997.86,4995.00,4995.43,758.268,1773805499999,3788821.46481,2025,283.323,1415735.19313,0
1773805500000,4995.44,4996.38,4990.80,4993.34,847.233,1773806399999,4230195.91663,2181,311.290,1554175.66150,0
1773806400000,4993.34,4994.17,4990.45,4991.36,739.019,1773807299999,3689330.64858,2380,340.653,1700610.69915,0
1773807300000,4991.35,4993.46,4991.20,4991.64,713.126,1773808199999,3560095.30609,1828,395.614,1974994.23219,0
1773808200000,4991.64,4991.70,4981.55,4986.73,3366.103,1773809099999,16784176.78391,5156,1905.586,9501748.28142,0
1773809100000,4986.74,4988.80,4984.17,4988.58,1069.737,1773809999999,5334450.03473,2789,670.431,3343251.03432,0
1773810000000,4988.58,4993.82,4986.85,4992.13,1068.621,1773810899999,5332859.95188,2981,660.140,3294271.19568,0
1773810900000,4992.13,4993.76,4988.00,4991.70,1561.346,1773811799999,7792470.29173,3757,671.736,3352598.00561,0
1773811800000,4991.70,5001.00,4989.18,4999.66,2336.071,1773812699999,11672762.74995,5787,927.673,4634328.90671,0
1773812700000,4999.65,5002.19,4995.00,4997.10,1232.270,1773813599999,6160062.39595,3644,490.135,2450376.77021,0
1773813600000,4997.09,5008.66,4996.85,5008.66,2317.894,1773814499999,11594985.52496,4630,1120.053,5603056.18650,0
1773814500000,5008.70,5009.80,5006.80,5008.20,2102.416,1773815399999,10530242.22313,4009,565.788,2833791.41013,0
1773815400000,5008.20,5015.15,5008.20,5010.76,3256.415,1773816299999,16321857.12424,4806,1260.805,6319423.65906,0
1773816300000,5010.76,5013.68,5008.44,5009.02,1412.293,1773817199999,7076228.25634,3316,540.274,2707057.42629,0
1773817200000,5009.01,5014.27,5009.01,5010.51,1085.054,1773818099999,5438042.58392,2690,389.477,1952061.05002,0
1773818100000,5010.50,5010.50,5006.14,5008.72,1180.816,1773818999999,5913051.01345,2827,503.150,2519600.83766,0
1773819000000,5008.72,5009.35,5002.10,5002.11,1346.761,1773819899999,6741354.00549,3224,643.547,3221371.92681,0
1773819900000,5002.11,5002.64,4992.60,4996.90,3706.222,1773820799999,18521277.21162,6597,2386.284,11924060.41414,0
1773820800000,4996.90,4998.27,4990.03,4994.44,2178.941,1773821699999,10881298.70499,5105,1327.717,6630135.66087,0
1773821700000,4994.46,4996.71,4986.60,4991.68,2742.820,1773822599999,13684592.59058,5945,1740.544,8683750.60010,0
1773822600000,4991.68,4994.09,4987.22,4988.12,1346.156,1773823499999,6718381.29314,4208,735.876,3672245.08316,0
1773823500000,4988.11,4991.50,4982.20,4990.05,3070.523,1773824399999,15314794.65140,5647,1615.067,8055536.55979,0
1773824400000,4989.92,4993.40,4989.28,4989.51,1552.263,1773825299999,7748523.44619,3245,735.800,3672830.38659,0
1773825300000,4989.51,4996.55,4988.10,4994.75,1199.033,1773826199999,5986806.11368,3660,635.502,3172778.86104,0
1773826200000,4994.74,4997.20,4993.65,4995.10,828.542,1773827099999,4139034.84185,2773,418.127,2088731.11166,0
1773827100000,4995.20,4996.40,4993.10,4994.06,618.756,1773827999999,3090406.20127,2074,317.134,1583904.84784,0
1773828000000,4994.06,4994.06,4989.03,4991.59,977.363,1773828899999,4878522.91091,2962,384.108,1917170.47527,0
1773828900000,4991.59,4993.44,4984.33,4985.84,1088.294,1773829799999,5429482.08477,3373,470.370,2346789.34550,0
1773829800000,4985.83,4989.48,4965.00,4980.39,9727.204,1773830699999,48403099.15611,17147,4102.992,20413872.70008,0
1773830700000,4980.32,4983.60,4964.10,4971.62,3753.384,1773831599999,18664880.56403,9213,2101.374,10449995.16388,0
1773831600000,4971.60,4973.10,4953.33,4973.02,6950.615,1773832499999,34486022.20462,15826,3469.726,17216212.53359,0
1773832500000,4973.02,4976.40,4949.64,4951.45,6805.088,1773833399999,33767908.80921,13833,2957.595,14672376.58082,0
1773833400000,4951.45,4963.95,4937.39,4942.32,7293.547,1773834299999,36100985.41028,18650,3450.079,17077042.87534,0
1773834300000,4942.36,4948.36,4928.84,4933.32,8629.293,1773835199999,42603818.19621,18549,4815.213,23776792.30946,0
1773835200000,4933.33,4936.18,4907.83,4911.97,12688.128,1773836099999,62447662.98035,25261,6575.003,32364999.86155,0
1773836100000,4911.99,4916.20,4898.88,4905.91,10131.621,1773836999999,49699450.08491,23167,4894.712,24012547.21074,0
1773837000000,4905.90,4906.20,4876.62,4881.28,15264.901,1773837899999,74635815.17242,30228,6889.233,33688592.53292,0
1773837900000,4881.29,4895.87,4874.39,4884.22,14201.430,1773838799999,69348279.11330,22295,8249.993,40290791.70582,0
1773838800000,4884.06,4885.00,4855.00,4863.37,17422.860,1773839699999,84750560.44154,30685,8699.413,42316844.15603,0
1773839700000,4863.36,4869.92,4837.49,4865.16,14190.734,1773840599999,68904673.66195,26771,7131.493,34635155.52951,0
1773840600000,4865.16,4888.00,4855.66,4878.30,10932.086,1773841499999,53271883.09180,27378,5610.689,27335493.98929,0
1773841500000,4878.35,4884.21,4866.10,4882.26,6533.608,1773842399999,31855783.93528,20506,3345.695,16312998.38420,0
1773842400000,4882.25,4898.83,4876.50,4884.72,9146.260,1773843299999,44722324.56957,20100,3853.932,18843979.32367,0
1773843300000,4884.72,4887.68,4862.50,4864.19,5989.144,1773844199999,29182282.45094,17392,2764.010,13465965.01924,0
1773844200000,4864.10,4869.79,4860.15,4865.24,4074.972,1773845099999,19823755.60294,14056,2524.891,12283022.55261,0
1773845100000,4865.23,4876.04,4864.44,4872.74,2884.393,1773845999999,14049797.66776,10996,1487.152,7243947.21004,0
1773846000000,4872.74,4881.45,4868.42,4878.50,4063.181,1773846899999,19809239.75687,11494,1863.991,9087563.50008,0
1773846900000,4878.50,4883.16,4870.95,4875.76,3050.811,1773847799999,14878690.29330,9202,1469.554,7166618.34884,0
1773847800000,4875.75,4879.20,4868.90,4869.31,1804.821,1773848699999,8799144.58977,6813,872.448,4253796.38910,0
1773848700000,4869.20,4870.75,4865.00,4866.19,2586.696,1773849599999,12592205.44324,7861,1510.576,7353548.79617,0
1773849600000,4866.20,4883.29,4863.65,4880.87,2223.101,1773850499999,10832925.95590,7718,1164.099,5672136.38576,0
1773850500000,4880.87,4886.25,4877.24,4885.70,2147.733,1773851399999,10482882.25342,6639,770.790,3762242.44584,0
1773851400000,4885.69,4886.13,4877.00,4886.13,2414.754,1773852299999,11789972.97159,7502,1198.140,5849966.46553,0
1773852300000,4886.15,4893.11,4883.16,4890.11,2047.046,1773853199999,10007711.53849,7170,826.844,4042046.64417,0
1773853200000,4890.10,4892.79,4886.80,4889.91,1618.023,1773854099999,7912106.56039,6070,571.928,2796779.08893,0
1773854100000,4889.85,4900.65,4888.45,4894.21,2765.123,1773854999999,13538092.41023,7666,1282.173,6276925.06479,0
1773855000000,4894.20,4901.95,4890.48,4897.86,1813.096,1773855899999,8878909.40420,6001,867.459,4247852.39568,0
1773855900000,4897.85,4898.79,4891.20,4892.28,1408.217,1773856799999,6891592.48660,4818,560.608,2743297.14014,0
1773856800000,4892.28,4902.61,4883.16,4890.24,4642.786,1773857699999,22700591.03262,14428,1992.369,9741664.17224,0
1773857700000,4890.23,4890.95,4881.00,4889.11,1820.565,1773858599999,8894826.28736,8162,898.416,4389522.99626,0
1773858600000,4889.10,4891.08,4875.72,4881.20,2870.599,1773859499999,14016462.15721,12750,1198.402,5851905.15941,0
1773859500000,4881.18,4881.41,4855.84,4856.19,4302.301,1773860399999,20943662.08399,14361,1593.271,7757022.27480,0
1773860400000,4856.18,4864.80,4847.55,4861.25,5644.412,1773861299999,27411974.03608,14922,3161.469,15354505.45503,0
1773861300000,4861.26,4868.74,4849.37,4853.38,3350.078,1773862199999,16274581.11120,10714,1795.511,8722528.36956,0
1773862200000,4853.10,4864.00,4851.09,4854.21,2199.376,1773863099999,10683626.60297,7207,871.113,4231275.92530,0
1773863100000,4854.20,4854.34,4842.73,4847.11,3119.604,1773863999999,15123305.52898,10010,1377.410,6677351.38356,0
1773864000000,4847.10,4852.29,4828.27,4829.85,4482.220,1773864899999,21692792.54230,11206,1754.951,8495388.43831,0
1773864900000,4829.85,4832.27,4814.01,4816.49,5870.320,1773865799999,28315948.23624,13842,2756.971,13299562.38567,0
1773865800000,4816.48,4827.09,4812.25,4826.70,3587.313,1773866699999,17289145.74981,10751,2256.196,10873327.87764,0
1773866700000,4826.71,4832.27,4820.43,4825.31,1703.750,1773867599999,8221468.27502,6291,852.298,4113200.15755,0
1773867600000,4825.32,4827.64,4823.40,4824.59,929.571,1773868499999,4485477.05241,2844,477.066,2301962.48645,0
1773868500000,4824.60,4826.64,4820.33,4821.72,1072.763,1773869399999,5173871.05838,3638,450.741,2173832.11633,0
1773869400000,4821.73,4821.87,4818.00,4820.83,806.366,1773870299999,3886769.96110,2867,322.842,1556164.15286,0
1773870300000,4820.82,4828.09,4820.80,4826.69,590.925,1773871199999,2850918.78761,3194,334.072,1611718.89394,0
1773871200000,4826.68,4838.64,4818.49,4821.15,6459.445,1773872099999,31193003.29090,17891,3297.150,15920840.04813,0
1773872100000,4821.14,4827.12,4806.45,4817.51,4663.245,1773872999999,22461387.23575,14145,2195.390,10575984.27218,0
1773873000000,4817.50,4831.48,4811.40,4830.40,1955.589,1773873899999,9434145.25685,8136,853.738,4117646.43284,0
1773873900000,4830.46,4841.91,4828.06,4837.06,2618.155,1773874799999,12660235.53502,7638,1303.504,6303086.38713,0
1773874800000,4837.05,4840.26,4832.86,4838.16,1752.876,1773875699999,8479130.24458,5988,1084.066,5243727.83012,0
1773875700000,4838.17,4842.90,4831.58,4840.14,2139.742,1773876599999,10351892.89786,6726,1139.667,5513044.94160,0
1773876600000,4840.13,4845.81,4838.10,4838.10,1332.942,1773877499999,6452973.20744,5221,745.180,3607575.11547,0
1773877500000,4838.10,4841.40,4833.90,4840.06,1698.918,1773878399999,8218494.36948,6218,933.932,4517804.70484,0
1773878400000,4840.06,4850.64,4838.55,4846.08,2302.736,1773879299999,11160331.16007,8183,948.560,4597049.97819,0
1773879300000,4846.09,4846.81,4840.82,4845.65,1475.749,1773880199999,7148576.74452,5176,842.819,4082437.88238,0
1773880200000,4845.65,4851.85,4841.73,4844.07,2068.193,1773881099999,10025246.93132,7696,1152.951,5588730.48564,0
1773881100000,4844.06,4849.16,4841.56,4845.01,1624.125,1773881999999,7868249.35305,6554,811.490,3931313.20647,0
1773882000000,4845.01,4855.54,4835.84,4840.81,3363.562,1773882899999,16294346.05300,13638,1607.254,7786560.61801,0
1773882900000,4840.86,4847.94,4836.79,4847.66,1709.370,1773883799999,8275216.64573,8218,815.106,3945791.82870,0
1773883800000,4847.65,4868.14,4845.56,4867.01,3958.637,1773884699999,19233832.62643,11067,1875.500,9112035.90307,0
1773884700000,4867.00,4867.00,4851.56,4853.04,2423.219,1773885599999,11774389.97318,7428,1037.940,5043232.44847,0
1773885600000,4853.03,4854.71,4844.08,4852.17,2265.045,1773886499999,10985510.36538,7900,1165.315,5651882.41822,0
1773886500000,4852.17,4860.25,4851.26,4859.42,1370.953,1773887399999,6657744.01403,4685,588.327,2857156.68980,0
1773887400000,4859.51,4863.04,4856.45,4862.89,1712.935,1773888299999,8323702.40240,5553,677.119,3290322.48908,0
1773888300000,4862.86,4863.63,4855.30,4860.52,1870.242,1773889199999,9088432.24319,5348,843.659,4099886.68326,0
1773889200000,4860.52,4866.07,4857.30,4865.65,1556.883,1773890099999,7570275.48654,5203,599.739,2916125.49829,0
1773890100000,4865.64,4866.89,4858.17,4861.12,1562.567,1773890999999,7598484.63077,3952,720.700,3504185.72153,0
1773891000000,4861.12,4861.30,4853.24,4857.50,1276.445,1773891899999,6198523.19801,3632,446.186,2166617.98168,0
1773891900000,4857.51,4858.42,4852.47,4852.54,995.612,1773892799999,4833589.64268,3336,450.987,2189391.07459,0
1773892800000,4852.53,4853.49,4848.66,4853.35,1318.897,1773893699999,6397750.52288,3362,631.108,3061485.33404,0
1773893700000,4853.35,4855.69,4852.12,4852.13,897.214,1773894599999,4355213.53323,2385,622.862,3023514.09466,0
1773894600000,4852.12,4853.85,4849.88,4850.88,804.373,1773895499999,3902583.07634,2838,282.941,1372767.08167,0
1773895500000,4850.88,4851.30,4847.38,4851.00,899.735,1773896399999,4363258.15710,2903,391.097,1896605.25074,0
1773896400000,4851.01,4854.36,4848.67,4852.85,1121.349,1773897299999,5440208.97444,3670,528.438,2563638.56851,0
1773897300000,4852.84,4856.12,4847.63,4847.87,1057.594,1773898199999,5132472.13675,3241,466.639,2264861.25650,0
1773898200000,4847.86,4847.86,4833.64,4835.61,3403.546,1773899099999,16473430.37874,9720,1591.059,7700045.11385,0
1773899100000,4835.61,4841.90,4829.17,4829.68,3480.140,1773899999999,16827546.72372,8566,1865.102,9019065.68122,0
1773900000000,4829.68,4843.44,4829.32,4835.65,2416.836,1773900899999,11692149.92940,7743,1111.988,5378297.50544,0
1773900900000,4835.65,4836.00,4816.10,4816.76,5209.113,1773901799999,25130613.49365,11420,2323.054,11208316.54773,0
1773901800000,4816.77,4822.52,4783.69,4790.13,13215.817,1773902699999,63451757.94815,28136,5393.788,25896924.28296,0
1773902700000,4790.15,4792.58,4751.32,4768.93,19155.159,1773903599999,91279840.39567,41946,8688.626,41399752.88953,0
1773903600000,4768.92,4787.00,4767.54,4780.80,7484.016,1773904499999,35756758.08614,18121,3415.296,16314812.47184,0
1773904500000,4780.81,4784.99,4761.41,4773.84,6711.189,1773905399999,32027388.12028,16750,2732.556,13039079.55629,0
1773905400000,4773.83,4776.08,4738.41,4743.91,7545.244,1773906299999,35906000.63099,17730,3189.599,15188317.07765,0
1773906300000,4743.91,4758.30,4732.00,4732.25,7078.225,1773907199999,33594799.41305,18033,3579.999,16993648.99051,0
1773907200000,4732.26,4745.71,4705.36,4718.11,13970.069,1773908099999,66001626.28358,31861,6394.434,30214433.96997,0
1773908100000,4718.23,4740.97,4717.13,4721.98,8082.006,1773908999999,38234245.13508,22108,4313.917,20407952.84653,0
1773909000000,4721.97,4726.76,4690.60,4693.54,15463.424,1773909899999,72795595.52566,34254,7322.145,34469666.27041,0
1773909900000,4693.46,4723.48,4692.36,4714.20,9193.129,1773910799999,43319576.08912,22151,4876.487,22975683.17355,0
1773910800000,4714.20,4724.75,4692.61,4699.69,9363.900,1773911699999,44100517.43724,24061,5434.641,25595703.30715,0
1773911700000,4699.71,4726.79,4698.22,4712.60,8379.376,1773912599999,39507890.17273,24394,3915.977,18461125.43345,0
1773912600000,4712.64,4729.70,4707.86,4709.40,7174.684,1773913499999,33855327.27085,19257,3707.516,17491569.92887,0
1773913500000,4709.39,4721.16,4701.47,4703.45,6459.542,1773914399999,30428976.52055,18566,3568.821,16809594.72438,0
1773914400000,4703.44,4723.30,4702.40,4709.41,6316.567,1773915299999,29761539.87048,14938,3233.692,15232918.20303,0
1773915300000,4709.40,4710.15,4675.32,4687.83,13709.206,1773916199999,64300487.99551,26103,5947.038,27898606.91539,0
1773916200000,4688.13,4703.98,4678.60,4687.99,9391.320,1773917099999,44061696.43068,22297,4570.256,21440871.01080,0
1773917100000,4687.99,4693.30,4670.70,4682.14,7733.817,1773917999999,36204508.60615,21217,3675.436,17206316.07339,0
1773918000000,4682.15,4702.79,4682.15,4689.12,7831.945,1773918899999,36760361.72210,19188,3163.466,14846336.96587,0
1773918900000,4689.06,4695.82,4680.53,4689.74,4472.272,1773919799999,20965546.21047,14892,2455.901,11512359.00271,0
1773919800000,4689.76,4699.15,4662.01,4668.95,8335.212,1773920699999,38979079.48908,22035,4248.297,19865160.33026,0
1773920700000,4668.95,4672.54,4655.55,4656.49,11917.992,1773921599999,55563348.91155,24615,5893.752,27479374.66819,0
1773921600000,4656.79,4658.52,4618.01,4626.37,32476.426,1773922499999,150552179.61588,50214,15193.397,70422585.72190,0
1773922500000,4626.37,4638.50,4610.10,4617.42,18122.569,1773923399999,83756213.05113,36821,9190.046,42481691.50662,0
1773923400000,4617.41,4626.50,4568.02,4572.90,25712.250,1773924299999,118265803.21315,51596,11309.765,52043726.48524,0
1773924300000,4572.91,4592.67,4540.01,4583.65,46584.294,1773925199999,212852154.32450,73750,23667.835,108160592.14895,0
1773925200000,4582.15,4583.87,4514.11,4550.49,49419.714,1773926099999,224769666.32956,86856,22584.675,102734047.74028,0
1773926100000,4552.40,4588.00,4536.35,4582.59,25247.710,1773926999999,115334271.78501,57198,12570.358,57420092.49078,0
1773927000000,4582.59,4590.67,4555.64,4568.58,18482.698,1773927899999,84546707.38107,57286,9716.896,44449990.31001,0
1773927900000,4568.57,4624.42,4548.74,4623.25,33110.806,1773928799999,152219417.36160,62906,16216.337,74550245.27614,0
1773928800000,4623.29,4651.48,4618.86,4634.99,32900.604,1773929699999,152526719.02362,60087,14967.414,69389968.78702,0
1773929700000,4634.98,4639.78,4589.67,4590.85,19040.769,1773930599999,87796032.98234,46883,9042.231,41696876.76526,0
1773930600000,4590.84,4626.60,4586.37,4617.23,15146.713,1773931499999,69857229.72100,38465,8477.475,39095861.81924,0
1773931500000,4617.24,4632.55,4603.33,4606.67,8851.490,1773932399999,40883244.67206,31875,4778.658,22074603.13708,0
1773932400000,4606.60,4641.33,4598.37,4631.10,12018.083,1773933299999,55519350.59081,33169,5858.815,27060413.80323,0
1773933300000,4631.09,4632.47,4601.65,4606.21,8888.884,1773934199999,40997340.38168,26311,4615.375,21281641.86616,0
1773934200000,4606.30,4606.30,4573.71,4575.64,17024.021,1773935099999,78053466.12799,39789,8543.527,39167570.05874,0
1773935100000,4575.64,4613.45,4568.79,4600.14,12169.723,1773935999999,55893122.48677,30942,6247.756,28691873.10299,0
1773936000000,4600.14,4629.70,4596.24,4608.58,11917.433,1773936899999,55017906.70716,25698,5285.997,24403314.63635,0
1773936900000,4608.59,4620.20,4596.65,4603.35,6076.265,1773937799999,28009271.99890,20485,2944.576,13572906.94496,0
1773937800000,4603.21,4613.17,4588.20,4597.34,6582.703,1773938699999,30268508.77443,21262,3635.549,16715840.83181,0
1773938700000,4597.34,4602.48,4582.00,4591.05,6064.036,1773939599999,27847712.69466,16416,3216.192,14771565.72049,0
1773939600000,4591.08,4602.08,4581.00,4587.29,5281.366,1773940499999,24245357.20911,16236,3160.343,14508672.74898,0
1773940500000,4587.25,4617.90,4581.79,4608.48,9041.946,1773941399999,41646902.02287,19604,4460.717,20537723.50877,0
1773941400000,4608.49,4623.99,4604.83,4610.40,5269.073,1773942299999,24310564.30317,15869,2975.867,13730149.93530,0
1773942300000,4610.50,4634.43,4610.50,4619.61,6612.722,1773943199999,30577136.85169,15171,2385.105,11027858.89682,0
1773943200000,4619.60,4622.32,4605.06,4618.94,5139.723,1773944099999,23718806.84424,13310,2630.891,12140450.55512,0
1773944100000,4618.94,4621.58,4608.84,4613.15,2526.260,1773944999999,11657876.79075,9238,1487.428,6863727.70560,0
1773945000000,4613.26,4615.44,4600.61,4613.66,3728.992,1773945899999,17186509.43597,10722,2022.304,9320983.32698,0
1773945900000,4613.65,4627.51,4610.01,4627.08,2259.373,1773946799999,10428368.71650,8023,1239.939,5722426.54737,0
1773946800000,4627.15,4666.88,4627.15,4661.15,17055.807,1773947699999,79359826.61623,34070,7913.545,36824017.96656,0
1773947700000,4661.14,4665.55,4638.01,4648.85,10520.951,1773948599999,48949190.35374,24834,5351.912,24900240.00864,0
1773948600000,4648.84,4653.14,4637.17,4642.12,4097.155,1773949499999,19037017.87433,13880,2202.701,10234273.55916,0
1773949500000,4642.13,4654.49,4636.20,4648.32,5789.107,1773950399999,26893778.90092,13745,2787.948,12952439.73157,0
1773950400000,4648.11,4661.80,4647.20,4658.31,2507.071,1773951299999,11674232.40809,7726,1384.896,6448376.72923,0
1773951300000,4658.32,4664.63,4655.02,4660.65,1969.973,1773952199999,9181458.69704,6400,862.234,4018283.84635,0
1773952200000,4660.65,4663.00,4658.16,4658.60,1143.134,1773953099999,5327503.03096,4739,379.987,1770842.73907,0
1773953100000,4658.61,4665.94,4653.68,4656.15,2600.253,1773953999999,12116156.41386,7126,1112.697,5185207.96223,0
1773954000000,4656.12,4662.76,4655.24,4659.96,1007.992,1773954899999,4696870.02354,2961,558.183,2600867.78836,0
1773954900000,4659.95,4659.96,4655.64,4657.00,472.442,1773955799999,2200442.57645,1641,192.010,894266.76241,0
1773955800000,4657.00,4668.75,4655.85,4668.75,1477.912,1773956699999,6891373.45591,3078,1165.026,5432404.25004,0
1773956700000,4668.74,4670.25,4662.52,4665.16,1359.876,1773957599999,6348445.97316,3470,870.250,4063193.87962,0
1773957600000,4665.16,4674.63,4655.25,4673.47,5589.459,1773958499999,26078944.49773,11358,2732.295,12749827.88617,0
1773958500000,4673.55,4680.00,4664.71,4669.56,3599.779,1773959399999,16820497.46284,9308,1612.550,7536202.90996,0
1773959400000,4669.55,4669.59,4635.00,4648.74,4199.040,1773960299999,19533304.39299,9396,1436.075,6679754.05738,0
1773960300000,4648.74,4653.45,4639.21,4639.70,3204.092,1773961199999,14889218.11481,8434,1631.329,7581462.03710,0
1773961200000,4639.71,4650.91,4639.71,4641.42,1770.180,1773962099999,8223831.86824,5670,931.554,4327313.56863,0
1773962100000,4641.42,4650.25,4641.15,4647.67,1893.105,1773962999999,8797942.21333,4803,725.383,3370266.33881,0
1773963000000,4647.67,4650.57,4637.90,4638.91,1443.660,1773963899999,6702887.32417,5480,778.806,3615702.21845,0
1773963900000,4638.90,4649.00,4638.60,4646.00,1868.697,1773964799999,8680828.26579,5118,694.185,3224844.05417,0
1773964800000,4645.99,4665.40,4645.47,4664.57,3103.311,1773965699999,14452407.83573,8995,1591.839,7413019.95251,0
1773965700000,4664.58,4667.05,4646.53,4652.16,3560.798,1773966599999,16577504.78394,9761,1564.113,7279597.61609,0
1773966600000,4652.16,4659.84,4648.11,4659.48,2030.982,1773967499999,9451481.49615,6762,1091.022,5077426.71199,0
1773967500000,4659.51,4663.82,4651.45,4652.36,1995.713,1773968399999,9295939.87247,7022,1116.333,5199922.46776,0
1773968400000,4652.36,4681.47,4643.75,4656.25,12015.587,1773969299999,56060852.94699,26467,5887.289,27469915.79986,0
1773969300000,4656.26,4665.80,4652.65,4665.80,3994.892,1773970199999,18607605.12467,13206,2026.774,9440334.12985,0
1773970200000,4665.80,4692.42,4664.84,4689.36,8985.964,1773971099999,42056057.53243,16881,4011.335,18773756.41528,0
1773971100000,4689.38,4702.39,4676.61,4681.31,6596.583,1773971999999,30918633.24554,15702,3079.065,14432969.76417,0
1773972000000,4681.31,4692.00,4674.05,4687.81,3987.458,1773972899999,18678717.34805,10878,1929.417,9036379.04205,0
1773972900000,4688.04,4692.99,4683.81,4685.52,2662.604,1773973799999,12481913.30385,6813,1362.677,6388568.92117,0
1773973800000,4685.52,4692.85,4681.55,4687.26,3168.684,1773974699999,14852120.46903,9334,1603.900,7518656.68838,0
1773974700000,4687.25,4704.97,4685.22,4699.79,4394.515,1773975599999,20648877.88007,11059,2180.400,10244777.16808,0
1773975600000,4699.78,4725.61,4695.68,4718.38,8079.167,1773976499999,38081811.65037,16147,4080.091,19234594.84601,0
1773976500000,4718.38,4737.42,4717.55,4735.65,7992.194,1773977399999,37817781.25716,15409,3726.539,17632954.24761,0
1773977400000,4735.66,4738.35,4729.69,4731.37,3343.796,1773978299999,15827345.00180,8560,1686.840,7984301.68737,0
1773978300000,4731.35,4731.35,4722.75,4727.01,2729.841,1773979199999,12903093.53813,7404,1127.838,5330857.92721,0
1773979200000,4727.01,4728.50,4717.55,4719.51,2179.671,1773980099999,10292197.44434,6257,1053.357,4973971.81159,0
1773980100000,4719.54,4726.13,4719.47,4725.70,1449.281,1773980999999,6844932.56125,4635,809.188,3821679.52547,0
1773981000000,4725.70,4729.38,4719.24,4721.43,1789.483,1773981899999,8456572.87810,5228,752.741,3557943.13751,0
1773981900000,4721.43,4723.92,4716.28,4722.19,1558.094,1773982799999,7354573.40894,4384,535.608,2528343.32672,0
1773982800000,4722.19,4722.30,4710.80,4719.98,3428.316,1773983699999,16162174.52140,7381,1392.959,6565655.51209,0
1773983700000,4719.96,4724.40,4718.01,4720.20,1956.207,1773984599999,9235210.42993,4871,760.832,3591830.69990,0
1773984600000,4720.19,4720.80,4703.05,4711.06,4962.424,1773985499999,23373751.60540,13564,1915.653,9022704.05746,0
1773985500000,4711.07,4712.60,4688.10,4690.89,6173.123,1773986399999,29000394.60946,14696,2339.521,10990458.05807,0
1773986400000,4690.89,4704.30,4687.40,4693.82,3088.187,1773987299999,14498349.03269,11114,1564.171,7343236.00331,0
1773987300000,4693.80,4697.64,4682.52,4689.99,3280.958,1773988199999,15387358.24124,10303,1596.803,7490007.14851,0
1773988200000,4690.00,4692.40,4664.40,4669.35,5499.844,1773989099999,25715194.22743,14916,2612.058,12212189.96685,0
1773989100000,4669.36,4679.10,4665.12,4673.30,3904.357,1773989999999,18243115.06710,10714,2181.648,10194098.82054,0
1773990000000,4673.29,4688.55,4672.07,4683.80,4735.519,1773990899999,22163580.30964,10366,2283.315,10687059.21971,0
1773990900000,4683.79,4692.60,4680.48,4691.99,2572.853,1773991799999,12062205.89302,6942,1455.316,6823017.52956,0
1773991800000,4691.98,4703.39,4688.67,4698.22,3021.596,1773992699999,14192549.61869,7252,1758.204,8258596.21468,0
1773992700000,4698.24,4711.00,4698.24,4709.10,4538.166,1773993599999,21353326.38374,7828,2700.742,12705343.84684,0
1773993600000,4709.10,4719.84,4704.60,4718.55,4538.921,1773994499999,21384740.73817,8705,1948.158,9180056.27285,0
1773994500000,4718.55,4736.11,4718.19,4723.92,8626.039,1773995399999,40792809.46419,13415,4374.651,20687949.19359,0
1773995400000,4723.93,4723.93,4702.84,4710.87,8386.959,1773996299999,39514506.11991,15291,4024.277,18956482.06409,0
1773996300000,4710.86,4711.51,4688.76,4696.82,6762.691,1773997199999,31766153.86727,14280,3290.759,15456603.42500,0
1773997200000,4696.82,4705.11,4687.20,4698.23,4321.178,1773998099999,20294387.47987,10950,2391.876,11236271.77302,0
1773998100000,4698.22,4701.60,4687.01,4694.56,2732.414,1773998999999,12822675.46157,8307,1121.831,5264732.17889,0
1773999000000,4694.57,4694.99,4675.29,4677.71,4657.756,1773999899999,21814222.95009,12034,2339.110,10954818.13110,0
1773999900000,4677.71,4681.48,4665.16,4671.80,6845.135,1774000799999,31986463.42638,16248,3691.506,17249194.20778,0
1774000800000,4671.80,4674.72,4655.06,4666.44,9422.387,1774001699999,43937500.09314,19244,4868.359,22703077.84754,0
1774001700000,4666.44,4670.76,4650.44,4661.80,4820.398,1774002599999,22460012.81894,13524,2320.172,10810490.07820,0
1774002600000,4661.79,4675.50,4654.15,4665.83,5314.446,1774003499999,24791650.48771,14192,2995.390,13973408.12246,0
1774003500000,4665.84,4666.48,4643.81,4650.29,6892.981,1774004399999,32075452.52188,16269,3203.221,14910235.65410,0
1774004400000,4650.29,4670.00,4642.11,4666.44,6100.886,1774005299999,28423443.83449,16643,2910.400,13557483.02782,0
1774005300000,4666.43,4673.60,4663.14,4669.34,3153.674,1774006199999,14719258.78542,10176,1585.837,7401714.15461,0
1774006200000,4669.35,4678.39,4664.89,4673.62,3808.271,1774007099999,17794123.81708,11222,1593.906,7448175.30594,0
1774007100000,4673.61,4676.15,4661.16,4675.32,2916.207,1774007999999,13617653.28967,9100,1205.377,5628990.34855,0
1774008000000,4675.26,4698.76,4675.25,4689.30,5466.231,1774008899999,25626020.91298,17459,3040.276,14252333.64286,0
1774008900000,4689.30,4695.54,4681.80,4682.28,4146.782,1774009799999,19437119.42902,13145,2003.353,9390863.77756,0
1774009800000,4682.26,4685.94,4665.54,4674.74,5311.442,1774010699999,24826645.81805,15237,2392.704,11184007.46435,0
1774010700000,4674.73,4686.64,4669.80,4682.71,2799.802,1774011599999,13101466.34007,10483,1515.545,7092630.15731,0
1774011600000,4682.71,4683.72,4658.08,4666.50,7294.427,1774012499999,34080483.13165,19593,3349.899,15649511.92268,0
1774012500000,4666.50,4674.46,4660.71,4665.24,2724.032,1774013399999,12713809.98887,12759,1307.942,6104639.59715,0
1774013400000,4665.14,4670.99,4643.18,4668.32,11219.676,1774014299999,52257887.79183,32141,5547.015,25835140.05669,0
1774014300000,4668.36,4671.00,4619.14,4622.88,12950.248,1774015199999,60060098.90635,35102,5871.781,27232669.85814,0
1774015200000,4622.88,4629.61,4593.04,4594.82,14392.279,1774016099999,66400450.46001,34232,6130.992,28290176.75214,0
1774016100000,4594.81,4595.79,4560.49,4567.73,19426.036,1774016999999,88910753.53972,43413,9394.726,42997322.16428,0
1774017000000,4568.12,4594.69,4566.43,4583.98,13774.700,1774017899999,63138937.52418,30754,6596.412,30235677.38103,0
1774017900000,4583.94,4590.47,4557.00,4572.70,11276.025,1774018799999,51569477.53059,28455,5745.573,26276641.46558,0
1774018800000,4572.70,4587.92,4567.34,4583.86,10180.456,1774019699999,46605046.92761,24159,5464.804,25016323.02821,0
1774019700000,4583.99,4584.29,4550.22,4571.49,13221.692,1774020599999,60379465.83497,28870,7400.098,33786525.99889,0
1774020600000,4571.56,4583.84,4563.90,4570.70,8317.313,1774021499999,38029818.67317,23200,3809.515,17418647.74372,0
1774021500000,4570.69,4570.69,4553.30,4560.22,9740.739,1774022399999,44438100.35997,20957,4957.487,22615835.79225,0
1774022400000,4559.54,4597.23,4558.46,4597.21,10860.319,1774023299999,49755653.84802,22110,5141.287,23555391.27972,0
1774023300000,4597.05,4620.00,4591.18,4593.26,13388.712,1774024199999,61679294.42129,25965,5390.956,24831252.19290,0
1774024200000,4593.35,4600.76,4579.04,4588.47,7230.989,1774025099999,33200114.65285,18674,3392.195,15577147.25334,0
1774025100000,4588.47,4596.24,4575.32,4590.20,5806.489,1774025999999,26624555.21591,15122,2537.078,11634230.51874,0
1774026000000,4590.27,4608.59,4581.31,4590.20,7984.054,1774026899999,36685128.99710,19741,4198.078,19287932.99548,0
1774026900000,4590.19,4590.94,4576.32,4580.29,4307.542,1774027799999,19743335.12982,14845,2100.600,9628149.60005,0
1774027800000,4580.30,4583.05,4562.51,4574.01,4989.093,1774028699999,22806415.95262,15700,2489.262,11378532.35921,0
1774028700000,4574.01,4584.60,4570.59,4581.35,3236.970,1774029599999,14820324.44076,10593,1654.767,7575390.67010,0
1774029600000,4581.35,4586.54,4569.30,4571.76,3847.808,1774030499999,17616194.06736,10961,1331.606,6096609.99935,0
1774030500000,4571.76,4575.00,4545.12,4562.03,9754.593,1774031399999,44474126.81869,19277,4094.700,18660929.01994,0
1774031400000,4562.02,4565.00,4531.60,4534.19,7491.384,1774032299999,34063633.16399,17752,3552.260,16152388.34604,0
1774032300000,4534.31,4537.93,4486.87,4509.21,20613.145,1774033199999,92994447.43162,40495,8967.515,40457352.44913,0
1774033200000,4509.21,4524.50,4493.77,4509.30,10217.552,1774034099999,46080390.38948,27260,4838.946,21822609.53095,0
1774034100000,4509.29,4516.31,4495.68,4507.91,6597.254,1774034999999,29721096.99381,22109,3381.661,15233194.21407,0
1774035000000,4507.91,4525.80,4500.75,4522.61,6916.258,1774035899999,31212036.45173,20054,3285.310,14827115.60719,0
1774035900000,4522.61,4524.09,4507.03,4512.04,5148.762,1774036799999,23255581.61205,17369,2612.416,11799516.74530,0
1774036800000,4512.00,4518.77,4505.33,4516.65,3975.146,1774037699999,17938721.56147,12203,1861.987,8401967.72918,0
1774037700000,4516.64,4527.09,4513.32,4514.18,3925.524,1774038599999,17747710.28334,9618,1734.747,7842664.83463,0
1774038600000,4514.19,4517.59,4508.00,4514.16,3230.992,1774039499999,14584240.21634,9924,1453.080,6559196.19405,0
1774039500000,4514.15,4516.14,4501.52,4504.83,4537.204,1774040399999,20459500.88218,11445,2208.833,9960084.26749,0
1774040400000,4504.83,4506.48,4498.02,4501.75,2329.160,1774041299999,10485544.00072,4686,1298.960,5848005.51064,0
1774041300000,4501.75,4505.00,4499.34,4504.69,2316.952,1774042199999,10433799.75854,6206,1427.857,6430184.53346,0
1774042200000,4504.69,4504.99,4496.00,4496.56,3136.517,1774043099999,14122148.04482,6639,1739.783,7835981.38244,0
1774043100000,4496.56,4499.00,4496.13,4498.70,816.186,1774043999999,3670926.41910,2677,443.061,1992758.51407,0
1774044000000,4498.70,4500.00,4496.10,4498.25,1034.656,1774044899999,4654331.53580,2748,471.906,2122911.39778,0
1774044900000,4498.25,4500.97,4497.85,4499.92,823.192,1774045799999,3703784.80111,2649,435.693,1960359.42974,0
1774045800000,4499.92,4502.40,4498.30,4500.29,1275.845,1774046699999,5742128.09138,2688,672.857,3028341.44110,0
1774046700000,4500.29,4502.02,4499.65,4501.46,877.218,1774047599999,3948332.29628,1901,578.905,2605603.16102,0
1774047600000,4501.45,4501.46,4498.18,4498.19,691.133,1774048499999,3110092.18128,1557,142.043,639196.76719,0
1774048500000,4498.18,4499.99,4496.64,4497.03,987.595,1774049399999,4442133.29692,2549,371.247,1669852.20318,0
1774049400000,4497.02,4499.55,4496.80,4497.59,782.960,1774050299999,3521766.35324,2324,414.765,1865578.42858,0
1774050300000,4497.59,4498.00,4494.23,4496.14,1271.922,1774051199999,5718289.09691,3210,330.943,1487864.95741,0
1774051200000,4496.15,4500.85,4496.14,4500.85,874.070,1774052099999,3932695.63639,1923,682.885,3072466.85005,0
1774052100000,4500.85,4501.00,4499.78,4500.91,673.887,1774052999999,3032847.46716,1956,395.769,1781188.67077,0
1774053000000,4500.91,4501.46,4498.21,4498.70,944.467,1774053899999,4250267.98959,2234,396.172,1783030.36660,0
1774053900000,4498.69,4498.97,4497.78,4498.26,615.904,1774054799999,2770631.12856,1400,358.714,1613675.18528,0
1774054800000,4498.25,4500.65,4498.25,4498.43,810.621,1774055699999,3647113.49775,1895,604.209,2718373.64849,0
1774055700000,4498.43,4501.20,4498.43,4499.80,432.396,1774056599999,1945898.43168,2227,280.810,1263721.17063,0
1774056600000,4499.79,4503.10,4499.59,4500.60,2373.412,1774057499999,10682472.60461,4629,1823.832,8208951.58447,0
1774057500000,4500.59,4502.22,4499.60,4500.19,705.493,1774058399999,3175290.60253,2737,361.853,1628616.03332,0
1774058400000,4500.18,4500.78,4497.50,4498.72,1248.188,1774059299999,5615351.56366,2211,795.650,3579289.91485,0
1774059300000,4498.72,4498.73,4497.50,4498.25,844.538,1774060199999,3798735.56047,1269,250.935,1128702.08611,0
1774060200000,4498.25,4498.28,4497.36,4498.28,838.439,1774061099999,3771111.29688,1578,390.493,1756384.87791,0
1774061100000,4498.28,4498.30,4497.18,4498.30,792.767,1774061999999,3565711.94069,1530,420.783,1892662.63058,0
1774062000000,4498.30,4498.30,4497.46,4497.61,445.616,1774062899999,2004321.87360,1186,149.325,671643.08390,0
1774062900000,4497.60,4497.99,4497.30,4497.30,413.238,1774063799999,1858569.73709,1087,178.997,805050.21044,0
1774063800000,4497.30,4499.90,4496.56,4499.90,1103.027,1774064699999,4961482.26761,1695,807.208,3631012.29348,0
1774064700000,4499.90,4500.00,4497.81,4498.00,789.719,1774065599999,3552965.70952,1311,384.511,1729978.99585,0
1774065600000,4498.00,4500.35,4497.80,4498.38,1067.211,1774066499999,4801380.24459,2071,662.709,2981555.07416,0
1774066500000,4498.38,4499.44,4498.19,4498.79,468.714,1774067399999,2108588.21066,1408,272.334,1225159.47727,0
1774067400000,4498.80,4499.58,4497.22,4497.59,851.955,1774068299999,3832377.87576,1826,329.597,1482741.39416,0
1774068300000,4497.59,4499.22,4496.09,4497.24,1087.760,1774069199999,4892369.27226,2365,535.568,2408954.19060,0
1774069200000,4497.24,4498.42,4497.24,4498.42,327.593,1774070099999,1473475.77716,907,185.962,836441.21712,0
1774070100000,4498.42,4499.30,4497.57,4499.22,542.742,1774070999999,2441505.67879,1201,342.542,1540900.16847,0
1774071000000,4499.21,4499.48,4498.13,4498.14,543.064,1774071899999,2443102.95492,1264,292.757,1317052.76366,0
1774071900000,4498.13,4498.95,4498.13,4498.41,399.305,1774072799999,1796290.75881,905,225.245,1013265.06758,0
1774072800000,4498.42,4499.19,4498.40,4498.85,589.922,1774073699999,2653933.16737,1204,439.399,1976756.84045,0
1774073700000,4498.85,4499.46,4498.84,4498.97,341.552,1774074599999,1536700.25575,1182,210.810,948468.65343,0
1774074600000,4498.97,4498.98,4498.65,4498.66,260.344,1774075499999,1171253.98110,832,91.547,411859.28107,0
1774075500000,4498.66,4498.68,4497.62,4497.62,434.325,1774076399999,1953738.68721,1172,160.720,722986.97676,0
1774076400000,4497.62,4497.63,4497.24,4497.63,338.070,1774077299999,1520465.42418,702,118.502,532955.24987,0
1774077300000,4497.63,4497.63,4496.88,4496.93,516.533,1774078199999,2322949.99244,970,202.112,908934.69376,0
1774078200000,4496.93,4496.94,4496.00,4496.35,869.825,1774079099999,3911187.86117,1496,288.954,1299260.09892,0
1774079100000,4496.34,4496.82,4495.80,4496.36,1058.478,1774079999999,4759041.47535,2031,318.676,1432798.16460,0
1774080000000,4496.36,4498.03,4496.35,4496.93,691.343,1774080899999,3109119.52894,1463,345.541,1553984.76346,0
1774080900000,4496.92,4496.92,4495.77,4495.99,777.486,1774081799999,3495870.38347,1111,169.929,764062.99407,0
1774081800000,4495.99,4496.98,4495.99,4496.76,569.304,1774082699999,2559695.11306,1343,261.162,1174230.04645,0
1774082700000,4496.75,4497.46,4496.27,4496.51,1147.452,1774083599999,5159957.16491,1591,609.083,2738969.27000,0
1774083600000,4496.51,4496.52,4495.40,4496.51,893.838,1774084499999,4018720.70704,1342,299.248,1345405.47847,0
1774084500000,4496.52,4497.49,4496.52,4496.90,478.522,1774085399999,2151927.86629,887,309.213,1390529.41658,0
1774085400000,4496.91,4498.20,4496.20,4497.86,466.158,1774086299999,2096396.99105,1469,304.047,1367369.68347,0
1774086300000,4497.86,4498.70,4497.08,4498.70,559.573,1774087199999,2517014.17721,1561,390.702,1757444.83296,0
1774087200000,4498.70,4498.70,4496.51,4498.07,880.049,1774088099999,3958208.94780,1498,274.004,1232411.14901,0
1774088100000,4498.07,4498.59,4497.01,4497.57,436.348,1774088999999,1962761.82945,1325,254.762,1145944.68792,0
1774089000000,4497.57,4498.44,4497.57,4498.15,309.440,1774089899999,1391831.32202,732,179.254,806265.23980,0
1774089900000,4498.14,4498.15,4496.65,4496.94,309.123,1774090799999,1390204.57262,913,115.589,519817.18753,0
1774090800000,4496.94,4497.38,4496.93,4497.06,178.112,1774091699999,801003.96791,563,80.946,364026.35787,0
1774091700000,4497.07,4498.00,4497.06,4497.55,169.130,1774092599999,760688.47191,743,102.471,460873.58636,0
1774092600000,4497.56,4497.56,4497.20,4497.50,297.351,1774093499999,1337286.93947,535,139.562,627653.72618,0
1774093500000,4497.50,4497.50,4496.20,4496.20,450.794,1774094399999,2027110.72090,901,109.787,493685.82161,0
1774094400000,4496.20,4497.37,4496.20,4496.95,389.413,1774095299999,1751125.99620,859,216.605,974037.71154,0
1774095300000,4496.95,4496.95,4496.10,4496.68,413.509,1774096199999,1859308.67780,812,210.126,944808.47737,0
1774096200000,4496.68,4496.68,4496.32,4496.33,196.376,1774097099999,882972.21368,519,80.127,360277.43391,0
1774097100000,4496.32,4497.43,4496.32,4497.42,351.586,1774097999999,1581042.03677,722,220.788,992870.80711,0
1774098000000,4497.42,4497.50,4496.86,4497.50,438.553,1774098899999,1972232.63922,934,217.909,979946.48071,0
1774098900000,4497.49,4497.65,4497.49,4497.65,125.216,1774099799999,563169.99525,447,77.943,350553.72193,0
1774099800000,4497.64,4497.65,4497.49,4497.62,172.446,1774100699999,775595.30287,702,90.699,407927.54887,0
1774100700000,4497.63,4497.63,4497.58,4497.58,256.536,1774101599999,1153801.96181,887,133.811,601832.29347,0
1774101600000,4497.59,4497.80,4496.88,4497.80,407.544,1774102499999,1832903.96922,992,230.439,1036382.93504,0
1774102500000,4497.80,4497.80,4497.65,4497.66,363.818,1774103399999,1636353.52746,802,256.212,1152370.14786,0
1774103400000,4497.65,4497.66,4497.01,4497.02,300.057,1774104299999,1349475.09705,804,78.183,351623.90820,0
1774104300000,4497.01,4497.02,4496.56,4496.80,394.499,1774105199999,1773985.41420,1030,110.140,495263.02538,0
1774105200000,4496.97,4499.39,4496.80,4497.90,928.532,1774106099999,4176818.34984,2300,704.467,3168846.78358,0
1774106100000,4497.89,4498.25,4497.43,4497.81,422.947,1774106999999,1902415.59027,973,163.718,736414.89931,0
1774107000000,4497.81,4498.90,4497.61,4498.00,422.264,1774107899999,1899456.16028,1188,249.908,1124147.79772,0
1774107900000,4498.00,4498.15,4497.50,4497.64,345.562,1774108799999,1554302.58809,909,181.002,814125.34284,0
1774108800000,4497.65,4499.00,4497.64,4499.00,270.920,1774109699999,1218746.20560,921,203.030,913334.07794,0
1774109700000,4499.00,4499.19,4498.52,4498.76,302.678,1774110599999,1361737.57654,699,117.246,527482.41068,0
1774110600000,4498.76,4499.22,4498.75,4499.05,266.846,1774111499999,1200518.57794,524,194.659,875758.53131,0
1774111500000,4499.05,4499.05,4498.77,4499.00,115.871,1774112399999,521300.08374,460,65.807,296062.08889,0
1774112400000,4498.99,4499.00,4497.72,4498.17,217.756,1774113299999,979487.71699,973,68.991,310323.85230,0
1774113300000,4498.17,4499.03,4497.51,4499.02,359.478,1774114199999,1617080.03388,1098,203.691,916324.10275,0
1774114200000,4499.02,4499.02,4497.52,4497.53,178.174,1774115099999,801447.36313,573,32.024,144048.19070,0
1774115100000,4497.52,4497.53,4497.50,4497.51,134.904,1774115999999,606733.74876,494,61.846,278153.99484,0
1774116000000,4497.50,4498.83,4497.50,4498.68,276.128,1774116899999,1242067.79601,580,239.013,1075114.41372,0
1774116900000,4498.69,4498.92,4498.68,4498.70,139.577,1774117799999,627929.50763,862,90.054,405136.02871,0
1774117800000,4498.70,4498.90,4498.07,4498.52,281.610,1774118699999,1266869.22283,823,103.565,465901.62137,0
1774118700000,4498.52,4498.53,4498.10,4498.11,102.941,1774119599999,463066.58443,556,34.960,157262.32182,0
1774119600000,4498.11,4498.33,4497.57,4497.68,185.620,1774120499999,834923.90048,515,44.829,201643.32792,0
1774120500000,4497.69,4497.70,4497.29,4497.30,245.506,1774121399999,1104190.75551,502,59.992,269820.84569,0
1774121400000,4497.29,4497.98,4497.29,4497.97,145.095,1774122299999,652591.60630,402,56.628,254692.05409,0
1774122300000,4497.98,4497.98,4497.29,4497.50,265.408,1774123199999,1193747.27779,522,47.528,213770.17855,0
1774123200000,4497.50,4497.68,4497.00,4497.36,201.929,1774124099999,908164.22880,588,79.841,359082.00007,0
1774124100000,4497.35,4497.36,4497.35,4497.35,22.664,1774124999999,101928.08150,188,14.110,63457.74960,0
1774125000000,4497.36,4497.36,4497.02,4497.02,64.359,1774125899999,289432.48882,812,12.278,55214.71386,0
1774125900000,4497.03,4497.03,4497.02,4497.02,35.878,1774126799999,161344.26926,809,18.570,83509.84710,0
1774126800000,4497.02,4497.60,4497.02,4497.21,127.888,1774127699999,575165.34454,581,59.246,266449.02123,0
1774127700000,4497.20,4497.78,4497.20,4497.77,90.353,1774128599999,406368.29322,311,67.448,303353.98277,0
1774128600000,4497.78,4498.17,4497.10,4497.42,280.018,1774129499999,1259444.03958,730,132.176,594484.22871,0
1774129500000,4497.42,4498.00,4497.41,4498.00,58.856,1774130399999,264715.54388,274,48.109,216380.73487,0
1774130400000,4498.00,4498.12,4497.46,4497.72,210.639,1774131299999,947445.80826,704,106.038,476948.31330,0
1774131300000,4497.72,4498.12,4497.46,4498.09,229.557,1774132199999,1032488.64053,702,95.109,427781.12361,0
1774132200000,4498.10,4498.50,4497.79,4498.49,173.783,1774133099999,781706.88854,395,122.628,551600.63061,0
1774133100000,4498.50,4498.50,4498.18,4498.41,71.047,1774133999999,319596.88282,292,37.097,166875.87932,0
1774134000000,4498.40,4498.41,4497.99,4498.00,99.592,1774134899999,447970.96935,431,21.149,95129.06710,0
1774134900000,4497.99,4498.00,4497.32,4497.51,138.900,1774135799999,624723.97985,400,26.585,119569.10070,0
1774135800000,4497.51,4497.73,4497.51,4497.57,93.500,1774136699999,420525.09282,346,30.617,137701.55286,0
1774136700000,4497.57,4497.58,4494.25,4495.14,2252.385,1774137599999,10125988.03273,4515,523.111,2351519.59192,0
1774137600000,4495.14,4496.82,4493.16,4495.16,1715.485,1774138499999,7711039.51980,4041,780.846,3509902.02979,0
1774138500000,4495.17,4497.50,4495.17,4497.27,489.640,1774139399999,2201723.01261,1606,260.668,1172123.05952,0
1774139400000,4497.27,4497.87,4496.17,4496.18,302.949,1774140299999,1362373.24349,1076,142.157,639296.70549,0
1774140300000,4496.17,4496.32,4495.54,4495.91,202.286,1774141199999,909455.77987,718,86.533,389038.53583,0
1774141200000,4495.91,4496.64,4495.91,4496.64,262.319,1774142099999,1179484.40237,959,148.869,669356.96474,0
1774142100000,4496.64,4496.64,4495.50,4496.26,402.049,1774142999999,1807581.11883,1674,220.311,990495.12178,0
1774143000000,4496.26,4496.41,4494.72,4495.25,553.029,1774143899999,2486241.84509,1206,67.738,304546.60991,0
1774143900000,4495.25,4496.07,4494.95,4494.97,257.999,1774144799999,1159794.08376,1294,79.950,359397.13688,0
1774144800000,4494.97,4496.37,4494.72,4495.89,384.629,1774145699999,1729060.53092,1302,254.870,1145737.94672,0
1774145700000,4495.92,4498.00,4495.92,4497.74,441.075,1774146599999,1983675.62996,1196,217.563,978424.12304,0
1774146600000,4497.74,4497.74,4496.28,4497.02,342.846,1774147499999,1541691.61467,1220,182.474,820529.94658,0
1774147500000,4497.03,4497.46,4496.81,4497.45,124.233,1774148399999,558694.28969,727,68.977,310202.70511,0
1774148400000,4497.46,4498.40,4497.06,4497.89,475.997,1774149299999,2140993.19864,953,353.442,1589755.66568,0
1774149300000,4497.89,4498.80,4497.52,4498.52,271.122,1774150199999,1219619.20744,1200,175.401,789021.58432,0
1774150200000,4498.51,4498.52,4498.20,4498.38,148.989,1774151099999,670209.24025,1121,102.310,460229.60811,0
1774151100000,4498.38,4498.39,4497.01,4497.25,315.792,1774151999999,1420276.48559,776,88.183,396618.70453,0
1774152000000,4497.25,4497.90,4495.92,4496.33,340.062,1774152899999,1529153.82355,2061,128.495,577813.75435,0
1774152900000,4496.33,4497.39,4496.00,4496.57,406.660,1774153799999,1828553.94070,1625,272.095,1223480.87346,0
1774153800000,4496.57,4497.90,4496.57,4497.75,131.621,1774154699999,591982.40131,955,85.754,385685.36556,0
1774154700000,4497.68,4497.75,4495.93,4497.56,430.443,1774155599999,1935643.63253,815,237.717,1068981.40308,0
1774155600000,4497.56,4497.57,4497.12,4497.43,144.034,1774156499999,647759.38691,459,61.271,275547.84628,0
1774156500000,4497.43,4497.43,4495.92,4497.39,198.595,1774157399999,893057.90018,630,98.721,443929.41201,0
1774157400000,4497.40,4497.40,4495.74,4497.30,492.222,1774158299999,2213364.33967,1128,195.096,877302.34709,0
1774158300000,4497.30,4497.88,4497.09,4497.78,341.378,1774159199999,1535372.39906,969,201.841,907784.27672,0
1774159200000,4497.78,4498.23,4497.75,4498.10,381.690,1774160099999,1716856.88707,736,290.209,1305366.79493,0
1774160100000,4498.10,4498.10,4497.42,4497.79,120.226,1774160999999,540750.86505,628,36.481,164087.47766,0
1774161000000,4497.78,4497.79,4497.30,4497.31,171.557,1774161899999,771581.42747,866,65.560,294856.03276,0
1774161900000,4497.31,4497.31,4496.16,4496.47,398.745,1774162799999,1793019.01257,958,85.811,385848.42321,0
1774162800000,4496.47,4497.22,4496.21,4496.80,196.965,1774163699999,885709.05726,671,76.669,344765.58940,0
1774163700000,4496.80,4497.00,4496.79,4496.91,179.836,1774164599999,808698.24935,573,50.232,225884.81089,0
1774164600000,4496.92,4496.92,4496.69,4496.90,177.478,1774165499999,798094.26237,526,80.079,360103.94322,0
1774165500000,4496.90,4496.91,4495.03,4495.04,532.956,1774166399999,2396146.55508,1184,121.602,546730.11578,0
1774166400000,4495.04,4496.00,4495.04,4495.77,398.806,1774167299999,1792797.45131,1114,234.973,1056290.14666,0
1774167300000,4495.77,4496.14,4495.76,4496.01,237.023,1774168199999,1065653.62985,598,90.740,407961.54332,0
1774168200000,4496.02,4496.02,4496.00,4496.00,370.669,1774169099999,1666529.25853,1077,78.502,352946.07591,0
1774169100000,4496.01,4496.71,4496.00,4496.70,245.175,1774169999999,1102403.15288,611,191.831,862534.82311,0
1774170000000,4496.71,4497.50,4494.39,4494.92,1254.069,1774170899999,5638501.62604,1385,358.722,1612992.65338,0
1774170900000,4494.92,4495.59,4494.90,4495.36,423.968,1774171799999,1905809.22199,897,214.601,964652.82104,0
1774171800000,4495.36,4497.50,4482.90,4492.05,6108.298,1774172699999,27433440.36904,5408,1777.097,7975480.93447,0
1774172700000,4492.04,4494.89,4488.87,4489.89,3598.710,1774173599999,16163751.84833,4660,1539.476,6913974.99107,0
1774173600000,4489.89,4493.17,4485.80,4486.01,1469.222,1774174499999,6596434.00035,3301,547.730,2459298.92945,0
1774174500000,4486.01,4488.36,4483.69,4487.56,2155.538,1774175399999,9669911.12628,3372,618.550,2774963.54817,0
1774175400000,4487.48,4488.53,4483.53,4486.66,1257.024,1774176299999,5639168.79710,2121,583.175,2616043.40997,0
1774176300000,4486.67,4487.29,4477.61,4484.98,2153.865,1774177199999,9653553.99941,4355,640.368,2870072.06223,0
1774177200000,4484.99,4488.99,4484.50,4485.91,1115.689,1774178099999,5005250.97581,2767,692.042,3104379.63159,0
1774178100000,4485.92,4486.12,4480.57,4481.50,1332.767,1774178999999,5975121.73942,3436,461.009,2066655.72827,0
1774179000000,4481.51,4485.26,4479.62,4482.36,1382.146,1774179899999,6195683.49395,5823,564.219,2529387.33189,0
1774179900000,4482.36,4490.27,4478.15,4489.33,2634.704,1774180799999,11815367.26636,6983,1495.967,6709090.94067,0
1774180800000,4489.33,4489.33,4477.50,4487.58,2258.422,1774181699999,10126490.18243,8525,1011.676,4536602.78913,0
1774181700000,4487.58,4489.52,4482.27,4486.71,1759.455,1774182599999,7895229.85175,6855,1020.548,4579612.93848,0
1774182600000,4486.72,4487.79,4484.25,4487.55,570.334,1774183499999,2558796.78173,3299,287.864,1291440.41832,0
1774183500000,4487.55,4491.12,4486.98,4491.12,1092.058,1774184399999,4902067.70699,3149,624.228,2802061.19447,0
1774184400000,4491.12,4494.16,4491.11,4493.24,1474.151,1774185299999,6622898.44631,2676,942.533,4234389.86288,0
1774185300000,4493.23,4495.00,4493.23,4494.41,913.983,1774186199999,4107505.16237,2541,581.258,2612231.48638,0
1774186200000,4494.41,4494.59,4490.05,4490.05,505.007,1774187099999,2269081.73279,1894,229.747,1032389.12070,0
1774187100000,4490.06,4493.50,4489.45,4492.61,336.842,1774187999999,1512866.90385,1611,211.569,950176.42020,0
1774188000000,4492.60,4492.97,4480.00,4486.82,2257.704,1774188899999,10129243.35854,4142,687.840,3086558.59225,0
1774188900000,4486.82,4487.97,4483.53,4486.25,627.343,1774189799999,2814301.93757,2367,310.044,1390884.24413,0
1774189800000,4486.24,4487.38,4484.16,4487.38,550.590,1774190699999,2469801.75620,2084,309.449,1388173.90578,0
1774190700000,4487.38,4488.43,4485.37,4487.45,324.309,1774191599999,1455320.60879,1157,155.382,697252.08180,0
1774191600000,4487.45,4488.78,4486.20,4488.52,440.617,1774192499999,1977366.01163,1793,227.959,1023027.97440,0
1774192500000,4488.51,4490.12,4487.29,4489.65,340.450,1774193399999,1528078.68920,1217,205.379,921870.37413,0
1774193400000,4489.66,4491.58,4489.21,4491.23,511.107,1774194299999,2295054.39551,1302,365.089,1639320.14241,0
1774194300000,4491.23,4492.13,4488.66,4490.05,764.301,1774195199999,3432360.33912,1871,456.528,2050241.58274,0
1774195200000,4490.05,4491.30,4488.38,4488.98,475.669,1774196099999,2135704.42886,1643,182.287,818449.04461,0
1774196100000,4488.98,4490.97,4488.98,4489.82,497.606,1774196999999,2234259.83276,1168,301.360,1353100.27486,0
1774197000000,4489.81,4490.75,4487.80,4488.50,523.551,1774197899999,2350322.10204,1621,180.713,811344.83085,0
1774197900000,4488.51,4489.42,4487.91,4488.54,204.550,1774198799999,918121.06877,1184,111.910,502306.06487,0
1774198800000,4488.54,4495.64,4488.53,4495.39,1466.289,1774199699999,6589357.71391,6411,960.456,4316094.52263,0
1774199700000,4495.39,4495.80,4486.07,4490.58,1349.139,1774200599999,6059309.93212,4375,581.219,2610872.40312,0
1774200600000,4490.58,4491.43,4488.22,4491.42,403.221,1774201499999,1810457.44154,1726,232.942,1045891.80674,0
1774201500000,4491.43,4493.11,4490.53,4491.90,326.214,1774202399999,1465359.10908,1128,196.322,881867.96730,0
1774202400000,4491.90,4493.28,4491.37,4491.56,300.575,1774203299999,1350248.98561,1412,132.952,597256.15698,0
1774203300000,4491.57,4493.99,4491.57,4493.71,210.539,1774204199999,945929.56995,783,144.744,650297.18832,0
1774204200000,4493.72,4494.18,4489.70,4490.80,234.120,1774205099999,1051638.24978,1077,91.126,409321.14177,0
1774205100000,4490.80,4493.19,4489.87,4493.18,224.835,1774205999999,1009852.94550,971,123.723,555726.83946,0
1774206000000,4493.19,4493.19,4490.63,4490.93,287.791,1774206899999,1292814.01218,1113,82.679,371385.43353,0
1774206900000,4490.93,4491.33,4488.80,4489.39,463.604,1774207799999,2081535.71810,1531,181.490,814839.06099,0
1774207800000,4489.39,4491.38,4489.39,4489.97,147.424,1774208699999,662000.99445,881,77.360,347385.92525,0
1774208700000,4489.97,4489.97,4487.85,4487.85,266.577,1774209599999,1196653.57954,952,94.857,425797.94737,0
1774209600000,4487.86,4492.00,4487.85,4491.13,335.736,1774210499999,1507457.12759,1595,189.872,852501.18360,0
1774210500000,4491.18,4492.07,4490.87,4491.30,234.220,1774211399999,1051980.08959,956,147.067,660535.31979,0
1774211400000,4491.30,4491.51,4490.20,4491.18,138.798,1774212299999,623295.04293,637,50.557,227038.29779,0
1774212300000,4491.17,4491.20,4489.30,4489.82,203.669,1774213199999,914516.07122,1036,80.157,359921.63462,0
1774213200000,4489.83,4489.83,4485.69,4487.54,745.355,1774214099999,3344673.70058,2239,253.391,1136984.29530,0
1774214100000,4487.53,4487.67,4483.21,4484.12,823.175,1774214999999,3691583.00970,2537,213.612,957901.58111,0
1774215000000,4484.12,4484.76,4481.11,4482.32,684.506,1774215899999,3068765.87718,2626,136.684,612800.40655,0
1774215900000,4482.32,4488.64,4481.00,4482.83,1245.446,1774216799999,5584065.74890,3315,618.534,2773167.49976,0
1774216800000,4482.82,4518.00,4452.57,4510.22,33230.489,1774217699999,149146629.81018,56435,16687.760,74902852.58632,0
1774217700000,4510.10,4540.85,4506.41,4528.69,14879.248,1774218599999,67307656.51539,25663,7607.186,34411410.40592,0
1774218600000,4528.70,4531.78,4507.71,4510.88,5585.643,1774219499999,25238544.52167,14973,2620.966,11844587.97984,0
1774219500000,4510.89,4518.99,4493.01,4501.11,5885.341,1774220399999,26516926.00123,12109,2662.646,11997103.79482,0
1774220400000,4501.12,4514.39,4488.58,4493.57,6741.337,1774221299999,30342782.59279,15819,2770.457,12470690.60892,0
1774221300000,4493.54,4502.79,4485.32,4488.55,4580.153,1774222199999,20582922.33717,14144,2161.642,9712824.39973,0
1774222200000,4488.54,4493.00,4475.59,4490.59,6154.428,1774223099999,27605497.70871,14616,3406.823,15280610.40751,0
1774223100000,4490.59,4495.95,4455.58,4469.11,8577.874,1774223999999,38353013.44221,21700,3878.425,17341769.80087,0
1774224000000,4469.12,4477.44,4430.38,4440.92,18366.626,1774224899999,81694682.43818,33940,8501.788,37817366.33428,0
1774224900000,4440.93,4449.00,4412.00,4431.23,21518.046,1774225799999,95293706.09990,35855,9958.705,44098293.04525,0
1774225800000,4431.21,4440.92,4336.00,4368.32,55844.561,1774226699999,244087875.78954,75472,26256.602,114719573.51557,0
1774226700000,4368.38,4376.30,4327.01,4359.92,24115.086,1774227599999,104932207.68836,52497,11618.392,50550624.79963,0
1774227600000,4359.92,4425.74,4336.58,4412.15,28824.071,1774228499999,126539064.40633,66711,13892.583,60956846.93167,0
1774228500000,4412.45,4446.00,4410.52,4424.91,12096.156,1774229399999,53602755.54525,37385,5589.477,24767521.94070,0
1774229400000,4425.13,4458.47,4419.31,4438.72,13541.474,1774230299999,60169284.45192,33151,6503.595,28899996.44395,0
1774230300000,4438.79,4439.86,4386.36,4391.76,14482.609,1774231199999,63847903.10737,33177,6480.731,28574627.73906,0
1774231200000,4391.76,4425.25,4387.80,4400.11,15345.385,1774232099999,67666619.08420,35155,8357.685,36850435.96347,0
1774232100000,4399.98,4420.43,4398.13,4404.10,8419.880,1774232999999,37130366.55138,24919,4856.683,21414917.32277,0
1774233000000,4404.10,4408.23,4373.33,4387.79,11330.627,1774233899999,49703408.56769,32531,5653.791,24803322.20379,0
1774233900000,4387.79,4387.79,4360.00,4365.24,10848.762,1774234799999,47419612.06178,26700,5563.609,24317241.45839,0
1774234800000,4365.23,4382.21,4351.71,4354.57,9369.089,1774235699999,40911481.67288,23886,5296.994,23129062.46580,0
1774235700000,4354.66,4368.86,4351.92,4356.22,7312.876,1774236599999,31883739.77003,22425,3710.481,16175490.96915,0
1774236600000,4356.22,4368.99,4340.16,4347.27,9005.327,1774237499999,39188088.95099,21753,4785.204,20821825.15314,0
1774237500000,4347.27,4365.78,4342.58,4358.13,6823.677,1774238399999,29717294.82110,17419,3934.311,17132531.77270,0
1774238400000,4357.75,4376.00,4357.75,4368.21,8783.849,1774239299999,38385307.60798,19162,4620.150,20190526.81282,0
1774239300000,4368.21,4375.52,4366.83,4372.38,3569.152,1774240199999,15605114.92645,9758,2020.019,8831610.20407,0
1774240200000,4372.38,4384.93,4364.49,4379.62,4880.381,1774241099999,21357105.54923,14295,2353.278,10298788.64289,0
1774241100000,4379.63,4382.07,4355.51,4371.50,4756.945,1774241999999,20773896.43630,15630,2216.202,9679030.91009,0
1774242000000,4371.50,4383.72,4369.81,4377.23,3920.508,1774242899999,17165126.44576,13272,1954.367,8556111.28522,0
1774242900000,4377.17,4377.99,4357.66,4361.28,3780.257,1774243799999,16503002.85604,13358,1869.695,8160353.61291,0
1774243800000,4361.23,4361.23,4325.43,4328.95,18151.226,1774244699999,78707162.78029,41349,9084.543,39388765.36411,0
1774244700000,4328.94,4332.72,4308.00,4317.49,18000.347,1774245599999,77762030.89634,35093,8941.079,38626272.63453,0
1774245600000,4317.48,4317.61,4274.01,4300.56,33697.033,1774246499999,144539016.09992,56183,14989.335,64294987.99944,0
1774246500000,4300.57,4314.78,4245.62,4252.02,30309.403,1774247399999,129732053.98289,53329,13332.740,57096137.14231,0
1774247400000,4252.16,4261.40,4195.84,4197.45,49222.819,1774248299999,208415287.10214,74800,23038.499,97601566.51793,0
1774248300000,4197.26,4237.75,4175.22,4228.29,52409.595,1774249199999,220730591.88929,76476,24601.023,103619440.82123,0
1774249200000,4228.29,4229.93,4146.26,4150.30,78101.421,1774250099999,326207493.07035,92412,39397.662,164594211.41044,0
1774250100000,4150.29,4182.92,4124.10,4151.84,63178.530,1774250999999,261887016.42686,100533,30358.075,125852323.87460,0
1774251000000,4151.55,4222.00,4143.09,4220.68,43916.229,1774251899999,183792606.28132,71753,22329.575,93434285.20136,0
1774251900000,4220.67,4238.02,4193.01,4209.86,32960.841,1774252799999,138947159.88157,58440,15949.258,67246699.23344,0
1774252800000,4209.87,4262.32,4208.00,4258.87,31545.131,1774253699999,133688349.37274,57550,15725.848,66655740.55532,0
1774253700000,4258.86,4261.89,4219.00,4235.42,21970.143,1774254599999,93019099.01621,46514,10489.984,44412495.78438,0
1774254600000,4234.72,4274.00,4230.40,4261.77,20498.763,1774255499999,87258448.53432,40457,9495.569,40411860.32764,0
1774255500000,4261.77,4273.00,4226.75,4254.86,17429.875,1774256399999,74028148.09839,36521,9410.665,39969388.96159,0
1774256400000,4254.92,4273.22,4251.01,4272.60,13520.240,1774257299999,57596824.11820,27388,6325.870,26953380.70404,0
1774257300000,4272.61,4306.84,4271.19,4306.78,23176.871,1774258199999,99479548.38888,35024,11474.300,49246581.23208,0
1774258200000,4306.78,4310.74,4231.61,4233.54,37155.129,1774259099999,158357668.03874,48778,19181.238,81731394.54743,0
1774259100000,4233.53,4262.52,4231.22,4259.64,10883.156,1774259999999,46203206.07184,23477,5731.640,24334609.38618,0
1774260000000,4259.63,4278.72,4248.03,4269.06,9357.341,1774260899999,39912437.10889,20634,4718.860,20129983.63443,0
1774260900000,4269.05,4281.45,4261.93,4272.72,6682.653,1774261799999,28549686.65594,14902,2939.515,12556857.89507,0
1774261800000,4272.72,4274.22,4245.50,4261.23,9387.189,1774262699999,39986876.74565,19374,4232.614,18030579.05826,0
1774262700000,4261.22,4284.99,4255.01,4271.85,9386.217,1774263599999,40061777.61161,19861,4758.079,20303192.79221,0
1774263600000,4271.81,4468.02,4271.81,4455.29,104750.440,1774264499999,460083111.68908,117330,54009.491,237242850.45121,0
1774264500000,4455.30,4459.20,4356.99,4399.46,61840.662,1774265399999,271807325.63796,89143,29553.467,129903063.58956,0
1774265400000,4400.30,4433.77,4385.71,4414.13,31808.582,1774266299999,140253244.41528,50844,14229.665,62739045.30806,0
1774266300000,4414.12,4419.09,4363.96,4380.75,32691.621,1774267199999,143532622.76933,47618,14588.781,64052210.75686,0
1774267200000,4380.75,4383.33,4340.56,4356.74,33911.494,1774268099999,147907278.18028,47796,16644.963,72597239.42968,0
1774268100000,4356.51,4407.64,4356.07,4392.72,30872.189,1774268999999,135602175.85459,35040,14651.856,64347663.28661,0
1774269000000,4392.43,4444.76,4377.15,4443.22,26714.980,1774269899999,117980715.10198,38503,13653.943,60310784.84793,0
1774269900000,4443.16,4493.89,4433.16,4479.43,35346.560,1774270799999,157906156.83111,44925,15743.132,70338627.36585,0
1774270800000,4479.43,4488.76,4434.02,4448.11,38947.405,1774271699999,173447521.31850,50961,20274.956,90286286.98815,0
1774271700000,4447.96,4455.38,4407.07,4413.00,19726.676,1774272599999,87365125.54977,33341,10460.475,46322178.47712,0
1774272600000,4413.00,4452.78,4405.74,4425.76,24220.396,1774273499999,107250820.88410,46557,11751.789,52033181.47020,0
1774273500000,4425.75,4469.95,4422.89,4456.05,18643.443,1774274399999,82943487.42267,36290,8876.666,39489018.90295,0
1774274400000,4456.05,4481.40,4455.82,4466.36,22535.196,1774275299999,100675439.36051,33917,10381.501,46378896.05719,0
1774275300000,4466.17,4512.71,4462.71,4489.13,28905.575,1774276199999,129922985.71373,40301,14573.927,65498280.38475,0
1774276200000,4488.90,4505.92,4472.69,4481.09,20834.315,1774277099999,93500736.04419,29390,11158.125,50075808.44591,0
1774277100000,4481.09,4487.29,4460.05,4464.08,14869.411,1774277999999,66508051.33327,25330,7739.430,34613386.17413,0
1774278000000,4464.08,4489.67,4457.71,4468.20,16416.368,1774278899999,73480164.02738,27382,8183.729,36628199.83391,0
1774278900000,4468.06,4471.91,4431.15,4449.56,18270.745,1774279799999,81274005.74575,34185,8804.105,39159129.11498,0
1774279800000,4449.55,4458.24,4409.17,4411.19,15026.463,1774280699999,66561044.04870,29961,7913.316,35046961.13276,0
1774280700000,4411.19,4418.36,4354.81,4367.20,29459.893,1774281599999,129236210.01509,45709,15164.202,66525031.73868,0
1774281600000,4367.20,4394.55,4357.24,4388.65,23717.071,1774282499999,103784981.66888,39514,13466.542,58933718.86610,0
1774282500000,4388.44,4393.35,4356.72,4360.35,14414.482,1774283399999,63058583.49564,25854,6982.725,30543792.67712,0
1774283400000,4360.35,4391.98,4359.16,4390.47,11605.130,1774284299999,50838236.69366,21372,6105.448,26743397.78373,0
1774284300000,4390.27,4395.91,4376.40,4380.63,10793.724,1774285199999,47358214.12724,21177,5269.737,23123422.88273,0
1774285200000,4380.53,4409.17,4375.00,4400.30,10447.096,1774286099999,45890593.82809,19562,5136.325,22563447.98432,0
1774286100000,4400.31,4418.03,4391.71,4409.77,7809.159,1774286999999,34391688.82071,17871,4271.315,18813275.03218,0
1774287000000,4409.49,4441.79,4408.43,4425.27,12323.989,1774287899999,54595127.10945,19347,6776.114,30016165.07856,0
1774287900000,4425.27,4433.00,4410.06,4429.29,7464.451,1774288799999,33014872.00368,12424,3900.029,17249042.05832,0
1774288800000,4429.09,4432.54,4406.19,4424.64,7384.012,1774289699999,32655512.01401,14361,3264.460,14433882.22626,0
1774289700000,4424.64,4434.51,4412.41,4429.64,6420.647,1774290599999,28393522.38009,12406,3142.679,13898085.98615,0
1774290600000,4429.63,4465.27,4429.37,4463.47,9855.658,1774291499999,43860366.14185,16336,5494.453,24441435.17908,0
1774291500000,4463.54,4470.75,4450.50,4452.28,5984.954,1774292399999,26696008.82919,11432,2687.643,11987158.91560,0
1774292400000,4452.27,4454.33,4407.87,4411.40,9853.767,1774293299999,43661040.93702,15979,4746.029,21027377.57399,0
1774293300000,4411.40,4419.42,4396.95,4414.55,7991.197,1774294199999,35214917.56708,15665,3989.018,17579253.93734,0
1774294200000,4414.55,4420.00,4406.46,4419.84,3837.694,1774295099999,16936351.89183,10438,1985.702,8762978.50912,0
1774295100000,4419.94,4431.01,4400.99,4401.50,5142.003,1774295999999,22696612.28978,12737,2550.073,11255948.96959,0
1774296000000,4401.51,4413.00,4387.51,4408.81,6752.242,1774296899999,29691980.21859,11500,3681.749,16193345.35707,0
1774296900000,4409.02,4418.00,4408.10,4412.54,2370.432,1774297799999,10458586.97092,5581,1403.361,6191721.24221,0
1774297800000,4412.54,4417.12,4402.22,4416.44,2505.637,1774298699999,11046591.50241,5566,1670.886,7366278.03047,0
1774298700000,4416.36,4419.15,4410.45,4415.16,1880.211,1774299599999,8301026.97908,5258,1217.981,5377571.33973,0
1774299600000,4414.69,4416.91,4412.37,4412.37,718.487,1774300499999,3171886.30880,2303,306.064,1351162.44386,0
1774300500000,4412.38,4414.15,4408.92,4409.36,669.210,1774301399999,2952542.56804,2260,230.488,1016950.85632,0
1774301400000,4409.36,4415.53,4408.05,4415.46,630.267,1774302299999,2780974.00419,1906,369.891,1632066.24292,0
1774302300000,4415.46,4417.15,4409.52,4415.55,556.815,1774303199999,2457971.96519,1973,280.845,1239867.37125,0
1774303200000,4415.55,4426.36,4366.78,4401.54,14710.631,1774304099999,64637256.27689,26759,7045.355,30951475.90035,0
1774304100000,4401.54,4419.04,4392.75,4417.49,3605.528,1774304999999,15886095.93378,12609,1449.614,6386829.48164,0
1774305000000,4417.49,4420.20,4402.00,4413.30,2987.332,1774305899999,13180693.01117,9013,1341.300,5917281.97780,0
1774305900000,4413.31,4435.97,4410.44,4429.96,3979.656,1774306799999,17616961.45378,8985,2259.139,10001056.34985,0
1774306800000,4429.95,4441.59,4426.71,4439.47,2800.698,1774307699999,12419458.09001,7200,1202.877,5334346.73533,0
1774307700000,4439.17,4451.26,4435.70,4445.00,4161.796,1774308599999,18492512.69432,7835,1878.095,8346157.30211,0
1774308600000,4444.99,4447.05,4424.40,4433.13,3037.300,1774309499999,13471619.46320,7602,1356.351,6015324.18773,0
1774309500000,4433.14,4447.92,4423.91,4443.38,3372.906,1774310399999,14970427.60471,9512,1591.802,7065190.07939,0
1774310400000,4443.42,4448.89,4423.05,4424.17,7220.225,1774311299999,32024589.69362,12223,3270.463,14504729.90281,0
1774311300000,4424.18,4425.50,4373.32,4381.11,10854.369,1774312199999,47730593.37133,20378,5386.189,23673821.56714,0
1774312200000,4381.20,4389.90,4335.58,4347.96,24943.907,1774313099999,108670758.97730,34885,11624.112,50631362.38951,0
1774313100000,4348.10,4389.88,4347.31,4368.11,12801.351,1774313999999,55965790.34156,22938,6460.587,28234926.29024,0
1774314000000,4367.90,4378.16,4333.03,4336.51,16489.121,1774314899999,71883358.13825,35129,8702.467,37939828.52361,0
1774314900000,4336.51,4374.23,4336.30,4360.20,9061.521,1774315799999,39463874.70041,22875,4417.043,19235019.85781,0
1774315800000,4359.84,4372.79,4326.10,4326.71,8718.475,1774316699999,37907848.62325,21085,4151.910,18055421.13818,0
1774316700000,4326.36,4336.76,4313.37,4326.02,10980.748,1774317599999,47508724.11831,23263,5842.846,25278928.01553,0
1774317600000,4325.85,4340.80,4310.25,4316.20,12872.500,1774318499999,55680144.94406,24878,6659.457,28805974.89408,0
1774318500000,4316.19,4356.45,4313.26,4354.78,11427.477,1774319399999,49575495.55649,21285,5694.072,24699609.58158,0
1774319400000,4354.79,4375.83,4348.36,4369.03,11583.691,1774320299999,50543282.50974,21860,5443.021,23751157.50759,0
1774320300000,4369.03,4380.59,4354.22,4367.24,8735.294,1774321199999,38164642.48871,17123,4182.715,18276428.22577,0
1774321200000,4367.42,4369.76,4351.81,4359.79,4126.342,1774322099999,17982270.26717,11392,2144.953,9346854.79418,0
1774322100000,4360.02,4369.31,4358.40,4366.50,3564.494,1774322999999,15554640.54841,9015,2210.610,9645932.87740,0
1774323000000,4366.51,4367.00,4340.75,4344.08,5511.473,1774323899999,23968937.76221,12120,2931.407,12748763.13190,0
1774323900000,4344.00,4353.30,4338.67,4349.62,4503.359,1774324799999,19565987.25415,8457,2939.443,12770052.31289,0
1774324800000,4350.67,4360.97,4349.62,4353.61,2907.361,1774325699999,12660371.89970,7600,1483.461,6459897.52704,0
1774325700000,4353.61,4354.33,4330.78,4341.58,7381.585,1774326599999,32026156.28911,12639,4552.602,19750362.64488,0
1774326600000,4341.57,4350.75,4337.70,4344.11,2851.260,1774327499999,12388888.95563,7152,1486.681,6460282.27048,0
1774327500000,4344.11,4352.64,4335.08,4337.10,2658.556,1774328399999,11550233.56477,7377,1304.426,5668738.17745,0
1774328400000,4337.10,4347.18,4323.00,4338.60,6569.683,1774329299999,28467184.52535,13981,3389.967,14688653.67199,0
1774329300000,4338.60,4350.45,4336.00,4337.17,4526.138,1774330199999,19661622.93412,10548,1934.595,8403986.59884,0
1774330200000,4337.39,4375.88,4325.44,4362.09,14712.632,1774331099999,64060626.35856,25146,7397.950,32192115.56785,0
1774331100000,4362.09,4373.10,4348.16,4351.48,7792.558,1774331999999,33982262.41929,17564,4516.577,19694569.29051,0
1774332000000,4351.48,4378.67,4347.08,4370.55,6775.851,1774332899999,29583279.84786,17026,3231.297,14108406.84035,0
1774332900000,4370.56,4399.65,4363.43,4389.11,9292.524,1774333799999,40753356.38971,21278,4465.658,19578194.69350,0
1774333800000,4389.00,4398.95,4378.32,4381.05,7489.288,1774334699999,32875702.61949,17341,3151.247,13831273.72422,0
1774334700000,4381.20,4406.99,4375.95,4404.90,7277.948,1774335599999,31975306.50035,17023,3693.006,16224252.64720,0
1774335600000,4404.75,4429.56,4401.92,4427.27,12486.100,1774336499999,55151215.25523,21976,6028.079,26626556.19619,0
1774336500000,4427.27,4427.55,4409.21,4415.02,8621.134,1774337399999,38092071.45185,14193,3315.440,14643523.16227,0
1774337400000,4415.02,4415.62,4402.22,4410.47,4972.714,1774338299999,21923351.22592,11168,2158.312,9515294.30568,0
1774338300000,4410.50,4436.34,4404.66,4419.16,9054.504,1774339199999,40066626.60478,15148,4984.374,22055435.48089,0
1774339200000,4419.17,4423.67,4405.29,4417.10,7286.060,1774340099999,32159329.23613,16946,3787.151,16713362.25224,0
1774340100000,4417.10,4420.59,4394.41,4399.81,5954.090,1774340999999,26212339.34653,16799,2677.983,11788001.88263,0
1774341000000,4399.80,4407.99,4394.26,4402.71,3770.954,1774341899999,16606460.82687,11180,1932.072,8508397.49633,0
1774341900000,4402.99,4417.80,4401.18,4414.28,6112.018,1774342799999,26956453.17922,12826,2846.745,12555335.65065,0
1774342800000,4414.16,4422.00,4399.14,4401.15,5271.721,1774343699999,23253210.89709,12714,2665.163,11757832.81034,0
1774343700000,4401.37,4417.35,4398.73,4409.64,4541.117,1774344599999,20031154.58446,9441,2324.308,10252103.71097,0
1774344600000,4409.64,4423.88,4407.47,4418.61,3932.564,1774345499999,17365873.69849,10382,1972.574,8711603.75118,0
1774345500000,4418.59,4433.23,4414.56,4428.43,3986.611,1774346399999,17636591.77729,9214,2118.720,9372906.39413,0
1774346400000,4428.55,4433.80,4417.38,4428.32,4438.832,1774347299999,19650954.14549,9599,2046.537,9058882.27894,0
1774347300000,4428.13,4435.80,4423.12,4424.07,3699.334,1774348199999,16388282.03848,8038,1519.102,6730597.63135,0
1774348200000,4424.07,4429.92,4417.58,4429.34,4540.584,1774349099999,20085901.90391,8505,2598.412,11494157.75939,0
1774349100000,4429.35,4443.99,4420.46,4440.58,4657.338,1774349999999,20649861.92004,10859,2320.270,10289006.98519,0
1774350000000,4440.59,4444.56,4380.20,4421.12,32408.508,1774350899999,142814346.65100,42994,16311.123,71849063.25698,0
1774350900000,4421.12,4422.64,4405.54,4415.85,5577.888,1774351799999,24628155.32213,12657,2368.461,10456540.39546,0
1774351800000,4415.64,4433.80,4413.34,4424.76,5114.216,1774352699999,22634990.07638,10165,2190.450,9696600.68511,0
1774352700000,4424.76,4429.99,4393.74,4410.78,9662.622,1774353599999,42604181.10513,16050,5565.394,24535991.50623,0
1774353600000,4410.78,4426.07,4407.00,4423.36,7619.076,1774354499999,33641747.18600,14128,3496.647,15444414.87835,0
1774354500000,4423.28,4429.35,4399.03,4405.10,9534.589,1774355399999,42063954.45841,18121,5203.610,22952844.46463,0
1774355400000,4405.10,4409.25,4366.37,4373.00,18802.043,1774356299999,82384186.41187,29691,9931.661,43513006.55131,0
1774356300000,4373.08,4394.00,4372.05,4382.65,8635.233,1774357199999,37866686.49039,19217,4234.752,18567809.18361,0
1774357200000,4382.65,4392.93,4368.08,4381.94,11219.388,1774358099999,49132021.78744,22882,5643.259,24709346.18828,0
1774358100000,4381.95,4386.90,4358.77,4360.63,9466.746,1774358999999,41438918.82903,19455,4666.465,20429605.72026,0
1774359000000,4360.62,4373.79,4354.08,4359.07,19315.550,1774359899999,84281552.38781,32255,10151.112,44293108.79918,0
1774359900000,4359.07,4386.85,4355.13,4383.70,17512.655,1774360799999,76525105.02030,27340,9502.949,41522968.06315,0
1774360800000,4383.69,4407.24,4382.42,4397.01,12951.611,1774361699999,56910760.79993,22775,6166.956,27100450.23097,0
1774361700000,4397.01,4417.23,4390.78,4410.93,8978.374,1774362599999,39544440.95957,19109,4339.606,19116233.00392,0
1774362600000,4410.92,4422.30,4402.46,4414.34,8543.150,1774363499999,37701484.66671,18133,3929.879,17342863.61602,0
1774363500000,4414.34,4434.58,4400.00,4417.46,18906.153,1774364399999,83580577.14839,30392,9134.778,40386365.14506,0
1774364400000,4417.13,4422.71,4399.02,4413.65,11089.759,1774365299999,48923014.34274,23853,5205.373,22962432.61991,0
1774365300000,4413.65,4422.90,4405.07,4414.70,5158.013,1774366199999,22767172.13958,14715,2780.359,12272625.79961,0
1774366200000,4414.70,4430.40,4411.18,4426.50,4701.168,1774367099999,20789723.51568,13125,2225.921,9844535.51934,0
1774367100000,4426.45,4432.38,4410.78,4413.20,7853.941,1774367999999,34724912.41642,13198,4118.735,18207079.71144,0
1774368000000,4413.16,4416.65,4404.39,4415.88,5290.662,1774368899999,23336654.72594,12128,2498.776,11021871.80891,0
1774368900000,4416.00,4427.00,4413.27,4423.27,4640.046,1774369799999,20519059.47722,9026,1981.901,8763838.48402,0
1774369800000,4423.26,4425.80,4410.28,4425.73,4074.187,1774370699999,17996663.70908,9508,1973.163,8715882.21977,0
1774370700000,4425.83,4429.15,4419.60,4423.30,3917.273,1774371599999,17331390.53583,8210,1960.154,8672642.03604,0
1774371600000,4423.30,4428.40,4390.09,4399.06,11780.568,1774372499999,51858394.82850,20619,6303.261,27746172.86276,0
1774372500000,4399.06,4407.92,4395.45,4402.35,3977.292,1774373399999,17511294.91810,11144,2204.402,9706018.03784,0
1774373400000,4402.35,4402.35,4376.20,4380.15,8624.031,1774374299999,37827701.56679,15962,4548.816,19953383.85816,0
1774374300000,4380.25,4397.78,4374.18,4391.69,7313.391,1774375199999,32090077.44102,14278,3832.328,16816643.61127,0
1774375200000,4391.79,4396.44,4386.61,4392.57,3493.710,1774376099999,15343553.87794,9608,1871.801,8220677.56628,0
1774376100000,4392.57,4413.13,4389.42,4409.53,3622.653,1774376999999,15953352.96424,8793,1851.871,8155203.70239,0
1774377000000,4409.53,4425.89,4398.60,4403.70,7569.348,1774377899999,33411169.39308,13155,3902.282,17221492.86436,0
1774377900000,4403.70,4405.80,4386.69,4392.28,4705.681,1774378799999,20695046.71863,9167,2302.757,10125770.70278,0
1774378800000,4392.23,4409.80,4391.05,4406.76,2666.465,1774379699999,11735313.57364,6452,1382.323,6083276.09372,0
1774379700000,4406.76,4413.75,4403.00,4409.68,1840.798,1774380599999,8116755.11490,6115,918.979,4051840.22615,0
1774380600000,4409.70,4409.78,4397.98,4403.64,3121.624,1774381499999,13746272.18373,6287,1470.512,6474909.52653,0
1774381500000,4403.77,4406.29,4399.06,4403.62,2081.744,1774382399999,9165850.61874,4985,1119.991,4931288.32059,0
1774382400000,4403.61,4407.17,4400.26,4403.92,804.905,1774383299999,3543912.97128,2752,403.724,1777461.01595,0
1774383300000,4403.88,4485.99,4402.64,4459.10,20569.629,1774384199999,91562024.25959,33547,10773.151,47949967.46453,0
1774384200000,4459.09,4477.16,4450.35,4463.00,10896.138,1774385099999,48625268.55469,23706,5283.175,23574363.21123,0
1774385100000,4462.80,4485.91,4458.61,4476.61,6316.256,1774385999999,28261414.14938,16379,3246.829,14530180.59879,0
1774386000000,4476.74,4479.79,4469.81,4475.05,2684.182,1774386899999,12010170.90956,6900,1238.229,5540292.35569,0
1774386900000,4475.05,4483.90,4470.20,4483.90,1864.339,1774387799999,8343046.48492,4540,1065.267,4768089.17823,0
1774387800000,4483.89,4494.00,4478.62,4490.74,2993.902,1774388699999,13429890.34158,7409,1776.945,7971587.51073,0
1774388700000,4490.76,4490.76,4472.68,4478.48,1451.735,1774389599999,6503113.68267,5604,606.033,2714034.89933,0
1774389600000,4478.48,4489.84,4470.00,4485.00,6208.981,1774390499999,27822312.01636,16686,2900.434,12996270.35669,0
1774390500000,4485.00,4488.31,4468.48,4472.18,4157.286,1774391399999,18621814.38001,10939,2160.242,9675809.41259,0
1774391400000,4472.08,4474.20,4459.32,4471.65,4553.177,1774392299999,20331752.00757,12968,1920.171,8575245.77592,0
1774392300000,4471.64,4486.95,4469.76,4486.42,2666.812,1774393199999,11943731.26864,7561,1345.539,6025374.46815,0
1774393200000,4486.65,4488.22,4475.28,4487.24,3180.567,1774394099999,14259261.95433,8701,1226.440,5498500.10690,0
1774394100000,4487.25,4512.99,4486.20,4512.99,7587.498,1774394999999,34157599.66205,16402,3796.333,17089676.93676,0
1774395000000,4512.98,4548.64,4506.84,4541.92,14260.274,1774395899999,64622210.06931,24348,7049.152,31937062.82873,0
1774395900000,4541.92,4554.75,4534.74,4549.04,9376.451,1774396799999,42616808.79470,16829,4014.811,18247533.25050,0
1774396800000,4549.04,4557.99,4540.22,4553.10,10138.673,1774397699999,46129954.55826,20001,4255.393,19361179.25479,0
1774397700000,4553.08,4562.02,4541.19,4557.50,9800.977,1774398599999,44623997.62523,16626,4471.521,20362507.37725,0
1774398600000,4557.50,4572.79,4548.73,4570.14,7782.250,1774399499999,35514992.82333,13448,3711.310,16938682.44117,0
1774399500000,4570.14,4575.32,4562.99,4565.85,6465.752,1774400399999,29548435.50589,10382,2785.260,12728917.60781,0
1774400400000,4565.72,4582.57,4555.00,4573.33,11752.821,1774401299999,53703209.25427,20855,5504.332,25154245.14728,0
1774401300000,4573.05,4580.76,4567.63,4577.67,6680.911,1774402199999,30569327.67306,12454,2645.699,12107038.85147,0
1774402200000,4577.59,4593.50,4576.56,4586.62,7074.039,1774403099999,32452379.94824,12982,3064.997,14060387.61752,0
1774403100000,4586.61,4601.48,4585.36,4594.35,8270.517,1774403999999,38021678.15882,13726,3105.831,14278163.89969,0
1774404000000,4594.35,4595.88,4578.66,4584.21,9398.271,1774404899999,43105120.79969,15081,4226.822,19384487.01380,0
1774404900000,4584.38,4592.00,4583.43,4585.95,3956.629,1774405799999,18150025.53564,7058,2059.383,9447469.95882,0
1774405800000,4585.94,4597.99,4580.01,4592.84,4353.417,1774406699999,19979449.11986,9095,2166.297,9943689.38753,0
1774406700000,4592.85,4601.69,4580.56,4582.44,5676.682,1774407599999,26051957.22457,10185,2899.324,13305929.45829,0
1774407600000,4582.43,4585.77,4571.45,4574.62,7193.847,1774408499999,32931183.29248,11194,2910.855,13325737.25178,0
1774408500000,4574.63,4579.16,4570.20,4574.84,3500.778,1774409399999,16015427.65481,7177,1735.562,7940476.81664,0
1774409400000,4574.83,4576.91,4568.10,4568.10,4521.531,1774410299999,20673039.76508,7108,2108.242,9639183.51456,0
1774410300000,4568.10,4572.95,4565.52,4569.27,3175.877,1774411199999,14512467.08518,6103,1342.350,6134631.00429,0
1774411200000,4569.27,4574.46,4565.04,4573.35,3564.944,1774412099999,16292144.44225,5953,2375.606,10856406.47337,0
1774412100000,4573.41,4575.52,4571.44,4575.27,1799.715,1774412999999,8231807.16297,3810,1124.294,5142500.90537,0
1774413000000,4575.27,4575.60,4567.13,4568.59,2108.895,1774413899999,9641855.58529,4374,999.428,4569355.33312,0
1774413900000,4568.58,4574.00,4567.27,4573.59,1625.788,1774414799999,7430649.57727,3345,922.298,4215400.67282,0
1774414800000,4573.62,4574.13,4567.74,4571.71,2411.350,1774415699999,11020680.67827,4546,1309.017,5982484.02146,0
1774415700000,4571.71,4572.10,4554.62,4556.19,4457.276,1774416599999,20331571.82592,8611,1916.545,8741374.15686,0
1774416600000,4556.10,4570.34,4550.22,4568.40,7440.783,1774417499999,33918621.60889,12398,4379.553,19967727.70329,0
1774417500000,4568.41,4568.70,4555.35,4556.88,3458.661,1774418399999,15777741.00728,7753,1833.232,8362969.87735,0
1774418400000,4556.88,4557.66,4534.12,4536.37,7638.633,1774419299999,34719495.46321,13178,3280.270,14909713.37512,0
1774419300000,4536.37,4553.40,4536.23,4549.60,5271.000,1774420199999,23970621.61204,8724,2313.944,10522269.43802,0
1774420200000,4549.60,4555.99,4542.83,4545.50,8288.441,1774421099999,37717774.12816,9524,3212.905,14618977.36998,0
1774421100000,4545.10,4549.89,4541.80,4544.33,3179.416,1774421999999,14454016.38078,6157,1532.772,6967819.90232,0
1774422000000,4544.33,4558.79,4543.66,4556.47,3168.736,1774422899999,14420295.77297,6401,1881.208,8561619.59938,0
1774422900000,4556.46,4563.22,4555.19,4560.86,4309.299,1774423799999,19648211.21415,7837,2415.939,11015539.19273,0
1774423800000,4560.86,4560.87,4543.22,4546.67,5190.087,1774424699999,23617044.20966,8587,2580.987,11744412.35455,0
1774424700000,4546.67,4549.88,4538.00,4540.17,4745.968,1774425599999,21562227.33568,7412,2651.387,12045532.43071,0
1774425600000,4540.17,4558.69,4536.50,4558.28,6788.853,1774426499999,30888624.25235,11179,3831.564,17433012.86137,0
1774426500000,4558.46,4568.92,4556.98,4565.57,6021.440,1774427399999,27484653.76274,9718,3012.834,13751762.01053,0
1774427400000,4565.56,4567.86,4553.20,4565.23,4933.247,1774428299999,22507422.69810,10622,2398.062,10940035.34515,0
1774428300000,4565.23,4567.19,4555.43,4556.85,2464.711,1774429199999,11244404.68289,7329,1093.549,4988647.50250,0
1774429200000,4556.85,4568.97,4553.95,4563.05,3338.141,1774430099999,15233072.74497,8868,1877.305,8567066.14475,0
1774430100000,4563.05,4566.74,4555.00,4559.82,3003.925,1774430999999,13700586.74171,7866,1446.874,6598438.85541,0
1774431000000,4559.82,4561.80,4549.53,4551.11,2966.637,1774431899999,13516097.15989,8668,1393.225,6348630.26981,0
1774431900000,4551.03,4555.99,4528.58,4551.32,9185.167,1774432799999,41729268.50692,17200,4786.432,21746824.02722,0
1774432800000,4551.36,4560.68,4551.15,4556.19,4152.801,1774433699999,18927640.66851,8926,2055.079,9366011.44970,0
1774433700000,4556.18,4559.08,4552.69,4555.45,2076.274,1774434599999,9458627.51024,6654,1115.574,5081925.54277,0
1774434600000,4555.45,4558.34,4551.45,4552.79,2040.390,1774435499999,9293810.03158,6148,988.602,4502953.94205,0
1774435500000,4552.78,4562.36,4551.33,4559.00,3627.182,1774436399999,16525238.76829,5361,1985.732,9046381.59821,0
1774436400000,4558.99,4568.78,4556.14,4567.32,2691.441,1774437299999,12288416.55860,6750,1307.419,5969115.34348,0
1774437300000,4567.32,4582.29,4564.66,4579.69,9429.438,1774438199999,43157478.31000,10900,5562.618,25456532.55410,0
1774438200000,4579.74,4585.00,4579.74,4582.59,4708.637,1774439099999,21578377.08260,8893,2585.242,11847732.11136,0
1774439100000,4582.59,4582.59,4571.33,4578.79,4890.448,1774439999999,22378010.40717,11724,1884.132,8621228.72834,0
1774440000000,4578.77,4582.97,4572.07,4577.12,2879.951,1774440899999,13187883.49003,8955,1388.003,6356071.39828,0
1774440900000,4577.12,4578.58,4540.36,4545.71,13805.241,1774441799999,62923198.95390,27701,6657.737,30345034.78961,0
1774441800000,4545.67,4554.20,4522.22,4546.53,13834.406,1774442699999,62802273.33655,25757,7580.319,34406685.59500,0
1774442700000,4546.52,4552.65,4536.62,4544.41,5436.618,1774443599999,24703590.44582,14556,3018.108,13713938.38631,0
1774443600000,4544.42,4572.19,4540.53,4558.72,9105.019,1774444499999,41501762.98769,20590,5008.590,22828352.21264,0
1774444500000,4558.74,4569.76,4551.12,4568.25,3468.643,1774445399999,15816250.04688,11901,1823.749,8316526.79309,0
1774445400000,4568.28,4575.99,4554.62,4559.85,10831.913,1774446299999,49436104.00345,24496,5399.920,24641020.00179,0
1774446300000,4559.85,4562.67,4540.00,4544.32,6609.246,1774447199999,30060581.06279,20284,3183.954,14479908.95083,0
1774447200000,4544.35,4554.64,4532.68,4553.37,7743.585,1774448099999,35198310.85428,21156,3642.999,16559742.10039,0
1774448100000,4553.37,4561.66,4545.16,4561.66,7073.219,1774448999999,32224596.15169,16361,3187.776,14522709.29597,0
1774449000000,4561.69,4567.88,4557.31,4564.06,5317.719,1774449899999,24266130.31015,16256,2832.368,12925387.22972,0
1774449900000,4564.06,4577.54,4562.03,4564.99,6731.014,1774450799999,30759494.11825,12407,2620.644,11976258.79437,0
1774450800000,4565.00,4567.45,4548.09,4549.16,5719.259,1774451699999,26058032.49380,13737,3264.796,14874020.68672,0
1774451700000,4549.15,4560.00,4524.02,4559.00,12189.881,1774452599999,55396677.36006,22975,6233.333,28323001.29231,0
1774452600000,4559.00,4563.67,4553.20,4555.10,4668.998,1774453499999,21286116.42576,10948,2012.119,9172813.27952,0
1774453500000,4555.18,4564.90,4552.24,4558.00,3104.148,1774454399999,14152059.05707,9914,1713.733,7814068.29556,0
1774454400000,4558.00,4563.99,4551.52,4552.24,2895.645,1774455299999,13196336.85658,10776,1470.773,6702603.56896,0
1774455300000,4552.24,4559.82,4544.60,4554.33,5836.370,1774456199999,26571538.29439,13568,2944.909,13407115.87205,0
1774456200000,4554.34,4559.39,4550.15,4555.01,2478.699,1774457099999,11290750.12518,8722,1090.067,4965282.88993,0
1774457100000,4555.02,4558.00,4549.05,4554.51,2026.359,1774457999999,9227301.83887,7055,1072.271,4882732.21886,0
1774458000000,4554.51,4556.57,4542.66,4550.12,3756.560,1774458899999,17091821.36765,9857,1923.804,8753634.26582,0
1774458900000,4550.10,4557.71,4542.01,4552.77,3292.644,1774459799999,14985499.02415,8266,1750.119,7964986.18934,0
1774459800000,4552.77,4562.73,4549.52,4559.13,3183.713,1774460699999,14512911.70117,8922,1519.627,6926524.88836,0
1774460700000,4559.07,4561.00,4545.00,4550.10,3448.540,1774461599999,15694355.03477,8812,1788.299,8138280.46871,0
1774461600000,4550.07,4567.96,4544.69,4550.70,7758.911,1774462499999,35337393.03964,16024,3881.329,17677326.37806,0
1774462500000,4550.76,4556.19,4546.00,4551.25,2033.028,1774463399999,9251277.72647,7499,960.234,4369297.79687,0
1774463400000,4551.26,4557.65,4546.74,4548.94,2082.427,1774464299999,9477755.58007,5304,1250.398,5690191.02197,0
1774464300000,4548.99,4549.45,4531.29,4538.55,4810.496,1774465199999,21841710.00371,10946,2480.068,11260324.64262,0
1774465200000,4538.54,4539.02,4488.88,4509.73,20310.792,1774466099999,91591501.84669,28109,10472.218,47229569.33609,0
1774466100000,4509.68,4519.23,4502.21,4514.19,4577.458,1774466999999,20652064.54095,13798,2240.552,10109275.89401,0
1774467000000,4514.30,4527.34,4507.28,4522.21,4947.714,1774467899999,22351274.37786,10233,2882.278,13019680.80062,0
1774467900000,4522.27,4533.40,4515.06,4530.88,3905.006,1774468799999,17663914.86433,9387,1866.845,8444638.25104,0
1774468800000,4530.88,4541.54,4523.52,4528.91,4374.159,1774469699999,19828375.82959,9444,1784.414,8087012.89949,0
1774469700000,4528.90,4533.63,4521.56,4523.15,1814.219,1774470599999,8214168.61828,5296,783.329,3546265.18759,0
1774470600000,4523.16,4525.02,4496.03,4506.04,5222.005,1774471499999,23543649.48886,13302,2723.269,12275670.34497,0
1774471500000,4506.03,4509.56,4502.87,4508.57,2422.382,1774472399999,10916987.60548,7083,1523.040,6864011.46540,0
1774472400000,4508.49,4514.17,4506.37,4512.04,1254.098,1774473299999,5656529.39099,3727,642.292,2896790.37268,0
1774473300000,4512.04,4519.79,4512.04,4514.66,1592.608,1774474199999,7193297.28761,4108,929.901,4199971.94568,0
1774474200000,4514.66,4519.00,4512.00,4517.51,912.201,1774475099999,4118933.82762,1944,510.682,2306167.17469,0
1774475100000,4517.50,4517.71,4514.66,4516.18,385.567,1774475999999,1741102.76939,1056,226.670,1023529.16563,0
1774476000000,4516.25,4532.11,4508.75,4512.03,9444.782,1774476899999,42675388.39534,16571,4979.803,22499128.76387,0
1774476900000,4512.12,4518.82,4504.45,4512.14,3531.743,1774477799999,15932511.17734,10614,1809.266,8162280.69685,0
1774477800000,4512.13,4533.63,4508.02,4531.13,4062.295,1774478699999,18366493.05227,10605,1946.490,8798801.26316,0
1774478700000,4531.27,4532.00,4512.61,4517.87,3391.165,1774479599999,15330881.03112,9208,1770.392,8002177.19640,0
1774479600000,4517.91,4519.24,4498.34,4508.28,4895.549,1774480499999,22066329.54373,11432,2476.411,11162032.89656,0
1774480500000,4508.27,4512.80,4498.15,4505.44,4153.483,1774481399999,18708731.50055,8744,2442.272,11000790.68026,0
1774481400000,4505.44,4510.50,4490.00,4494.23,5217.242,1774482299999,23468288.17165,11331,2372.983,10670925.52753,0
1774482300000,4494.23,4499.44,4491.35,4497.79,3229.203,1774483199999,14517457.47379,8541,1707.276,7675105.12362,0
1774483200000,4497.79,4526.26,4497.79,4525.93,7682.464,1774484099999,34678325.59329,15059,3353.503,15136502.12610,0
1774484100000,4525.93,4534.45,4522.54,4523.78,6428.210,1774484999999,29105909.89236,13256,2682.295,12145124.56364,0
1774485000000,4523.78,4530.90,4522.44,4526.50,4331.440,1774485899999,19605004.55720,8742,1872.487,8475137.86341,0
1774485900000,4526.44,4539.47,4526.07,4534.53,3674.022,1774486799999,16652947.23561,10031,2072.918,9396253.03342,0
1774486800000,4534.53,4542.97,4530.64,4536.33,5567.824,1774487699999,25260522.83692,16737,2619.457,11884133.09855,0
1774487700000,4536.51,4536.84,4525.47,4534.03,3500.723,1774488599999,15861296.98373,10814,1789.419,8107197.61072,0
1774488600000,4533.87,4537.28,4526.00,4530.21,2670.848,1774489499999,12102129.31259,8629,1523.172,6901370.32161,0
1774489500000,4530.21,4535.96,4521.55,4535.18,3622.883,1774490399999,16411412.98258,8478,1485.755,6729965.02282,0
1774490400000,4535.19,4535.63,4527.33,4529.91,2139.417,1774491299999,9693303.05803,6810,1035.182,4689988.88441,0
1774491300000,4529.88,4531.76,4524.42,4526.75,4081.768,1774492199999,18480453.14437,7015,2154.022,9752090.34506,0
1774492200000,4526.75,4529.14,4510.00,4519.25,5517.143,1774493099999,24923635.14162,10766,2800.567,12650748.51968,0
1774493100000,4519.25,4520.85,4505.64,4507.81,5286.795,1774493999999,23855091.56972,8395,3333.091,15038355.30624,0
1774494000000,4507.80,4512.00,4501.00,4511.56,5306.344,1774494899999,23907088.24766,9836,2500.309,11265281.07490,0
1774494900000,4511.48,4513.85,4499.21,4506.57,3970.649,1774495799999,17892689.41994,8081,1987.516,8957378.01264,0
1774495800000,4506.55,4518.02,4506.38,4514.56,2128.998,1774496699999,9609625.28413,5529,1105.020,4987328.71443,0
1774496700000,4514.55,4515.48,4509.05,4515.19,1431.227,1774497599999,6457242.97112,3173,401.739,1812658.79145,0
1774497600000,4515.25,4517.70,4510.84,4516.90,1699.658,1774498499999,7674096.26003,4075,690.316,3116577.48204,0
1774498500000,4516.91,4521.81,4515.50,4520.51,1607.154,1774499399999,7261641.83268,3776,937.541,4236064.20389,0
1774499400000,4520.52,4522.00,4516.41,4517.80,1298.311,1774500299999,5867362.35154,3306,579.434,2618640.00248,0
1774500300000,4517.80,4523.03,4517.77,4519.56,1700.897,1774501199999,7687850.63141,4118,825.905,3733146.24292,0
1774501200000,4519.56,4520.99,4506.64,4508.06,2679.300,1774502099999,12091995.07759,6871,1018.873,4597330.46378,0
1774502100000,4508.06,4510.20,4488.63,4492.50,6663.079,1774502999999,29978523.10330,11961,3202.368,14407305.50858,0
1774503000000,4492.51,4495.34,4478.62,4483.01,10501.235,1774503899999,47129418.99347,20034,5306.019,23814146.99575,0
1774503900000,4483.01,4484.14,4438.67,4438.99,23590.513,1774504799999,105242923.34325,32963,10920.173,48718818.92148,0
1774504800000,4439.05,4451.70,4420.74,4423.98,22534.394,1774505699999,99957359.92743,34820,12205.047,54145207.10343,0
1774505700000,4424.00,4443.00,4416.00,4441.94,13472.895,1774506599999,59692423.83995,25062,6837.194,30296271.00434,0
1774506600000,4441.86,4448.15,4431.79,4447.79,10139.194,1774507499999,45032737.57759,16179,5115.149,22717337.84707,0
1774507500000,4447.80,4459.95,4444.84,4456.82,9374.351,1774508399999,41747628.14092,15797,4424.812,19707200.06115,0
1774508400000,4456.83,4461.81,4443.86,4447.66,7489.541,1774509299999,33340787.10470,15934,3526.858,15699314.32583,0
1774509300000,4447.79,4452.00,4439.21,4448.62,5694.399,1774510199999,25320741.85709,12031,2899.448,12892539.38485,0
1774510200000,4448.61,4464.87,4448.02,4460.99,7202.806,1774511099999,32098805.14705,14037,3651.102,16270455.93534,0
1774511100000,4461.18,4463.48,4451.18,4452.94,3228.427,1774511999999,14388334.67507,10179,1478.616,6589831.46625,0
1774512000000,4452.93,4459.72,4441.51,4446.09,5743.093,1774512899999,25573534.67955,15876,2632.795,11722317.68193,0
1774512900000,4446.04,4447.84,4425.06,4429.03,11338.605,1774513799999,50315128.68155,23022,5723.304,25398029.33747,0
1774513800000,4428.94,4439.10,4413.04,4421.88,11367.240,1774514699999,50337224.38222,19892,5766.884,25539612.29593,0
1774514700000,4421.88,4441.00,4420.01,4430.01,10446.010,1774515599999,46291750.25802,18396,5398.783,23923557.78947,0
1774515600000,4430.01,4436.24,4420.78,4432.14,8894.822,1774516499999,39401338.33043,17370,4932.302,21848076.63549,0
1774516500000,4432.14,4437.86,4426.61,4433.98,5194.088,1774517399999,23019045.07501,11439,2720.478,12055496.66106,0
1774517400000,4433.93,4433.93,4416.33,4425.65,7979.937,1774518299999,35310346.29940,16831,4021.667,17793918.57050,0
1774518300000,4425.55,4428.73,4418.83,4424.91,5494.887,1774519199999,24310876.40648,10727,2863.418,12668106.56267,0
1774519200000,4424.87,4429.27,4419.04,4427.20,4599.095,1774520099999,20346807.90601,8665,2268.823,10036973.43811,0
1774520100000,4427.18,4448.42,4426.86,4442.67,8298.450,1774520999999,36837696.85797,13394,4290.435,19044136.88737,0
1774521000000,4442.67,4445.30,4424.96,4429.61,8846.710,1774521899999,39242916.48335,16898,4229.394,18758902.89300,0
1774521900000,4429.60,4447.94,4426.38,4445.27,8504.475,1774522799999,37767189.13249,14846,3350.889,14875895.35125,0
1774522800000,4445.27,4450.02,4441.00,4442.54,3786.556,1774523699999,16831571.16726,9479,2061.735,9164851.96877,0
1774523700000,4442.62,4456.66,4440.06,4444.65,5006.390,1774524599999,22271069.29461,11079,2420.790,10769531.71713,0
1774524600000,4444.65,4453.11,4439.34,4442.03,3919.822,1774525499999,17433476.29569,9728,2147.526,9550678.74725,0
1774525500000,4442.04,4443.98,4420.46,4423.99,10444.893,1774526399999,46258557.63385,16570,5953.064,26362177.60799,0
1774526400000,4423.81,4445.85,4417.14,4442.62,7432.022,1774527299999,32948128.90131,15503,3653.807,16194172.46164,0
1774527300000,4442.61,4445.71,4434.28,4438.29,3934.695,1774528199999,17469143.89409,10936,1871.194,8307151.93263,0
1774528200000,4438.29,4445.78,4433.36,4436.88,4821.530,1774529099999,21406160.27266,12952,2659.513,11807683.60364,0
1774529100000,4436.97,4443.60,4428.75,4430.62,5306.399,1774529999999,23542858.82371,11568,2693.257,11949113.83822,0
1774530000000,4430.62,4446.20,4421.33,4439.40,10803.321,1774530899999,47930449.99171,19648,5384.738,23885688.14118,0
1774530900000,4439.40,4454.68,4436.07,4448.84,6189.609,1774531799999,27522747.31485,12535,2818.176,12530250.07556,0
1774531800000,4448.61,4454.00,4430.59,4454.00,12102.956,1774532699999,53755930.62920,24742,6320.668,28069939.94367,0
1774532700000,4454.00,4461.85,4438.29,4453.01,15141.401,1774533599999,67427400.88407,26479,8178.040,36416694.75298,0
1774533600000,4453.06,4456.29,4438.42,4447.10,7727.323,1774534499999,34370494.49233,17645,4067.479,18089726.75867,0
1774534500000,4447.10,4471.81,4445.10,4460.41,14472.108,1774535399999,64554107.63474,19978,7151.795,31902437.15843,0
1774535400000,4460.40,4479.68,4458.98,4460.73,15185.142,1774536299999,67866864.94167,26551,7393.027,33039085.50831,0
1774536300000,4460.89,4469.76,4447.42,4466.28,12519.075,1774537199999,55864828.37458,23441,5980.414,26685749.60435,0
1774537200000,4466.28,4469.73,4452.48,4456.40,6838.756,1774538099999,30502605.50607,17708,3352.208,14950246.86583,0
1774538100000,4456.43,4459.79,4449.29,4455.96,4304.269,1774538999999,19174722.44700,12645,2071.731,9229427.94526,0
1774539000000,4455.90,4456.02,4439.00,4442.15,8120.999,1774539899999,36104463.60794,14779,4237.869,18841285.52075,0
1774539900000,4442.06,4448.81,4436.34,4440.17,6617.957,1774540799999,29404654.59955,13790,3473.415,15433429.21494,0
1774540800000,4440.16,4444.37,4428.14,4441.54,5523.774,1774541699999,24505869.70454,11724,2773.142,12302793.44193,0
1774541700000,4441.42,4441.42,4388.65,4398.36,23607.060,1774542599999,104056097.57842,36012,10893.776,48015183.00924,0
1774542600000,4398.37,4398.37,4368.72,4383.96,19069.187,1774543499999,83605573.95429,37055,9462.319,41485938.72726,0
1774543500000,4383.96,4394.16,4381.25,4391.31,6650.368,1774544399999,29190103.77542,17845,3430.220,15057051.64118,0
1774544400000,4391.30,4404.47,4386.96,4397.16,7107.161,1774545299999,31254417.84090,17850,4054.199,17829136.33805,0
1774545300000,4397.16,4399.48,4380.60,4385.76,5924.938,1774546199999,26010776.96640,15774,2874.218,12617127.26074,0
1774546200000,4385.80,4394.78,4380.74,4387.67,4023.691,1774547099999,17653780.79006,12011,1906.274,8363823.63633,0
1774547100000,4387.66,4393.68,4382.34,4384.28,3108.740,1774547999999,13638945.72135,10090,1536.543,6741667.23501,0
1774548000000,4384.28,4393.33,4382.88,4390.28,4603.342,1774548899999,20201322.92616,13342,2363.675,10372400.53543,0
1774548900000,4390.28,4390.43,4371.05,4376.40,5475.215,1774549799999,23975362.18314,14028,2661.733,11654542.00798,0
1774549800000,4376.40,4398.11,4375.69,4395.85,4458.602,1774550699999,19570126.20241,10605,2016.328,8852169.63841,0
1774550700000,4395.85,4400.26,4392.84,4397.12,2452.402,1774551599999,10783159.39460,7476,1032.306,4539310.01045,0
1774551600000,4397.14,4402.48,4384.37,4390.71,3167.314,1774552499999,13911643.87641,10127,1673.636,7351060.36522,0
1774552500000,4390.70,4394.77,4380.65,4383.21,2567.744,1774553399999,11270123.78990,8183,1421.964,6241103.13656,0
1774553400000,4383.32,4390.68,4377.69,4381.72,2635.945,1774554299999,11557093.01157,8772,1288.182,5647982.22032,0
1774554300000,4381.79,4383.05,4362.47,4367.32,5740.494,1774555199999,25084874.05101,14949,2900.638,12677132.56871,0
1774555200000,4367.41,4417.84,4355.00,4400.59,32865.796,1774556099999,144228232.57805,46263,16363.574,71801479.64113,0
1774556100000,4400.66,4419.58,4383.09,4407.74,23175.452,1774556999999,101961285.56396,40911,10775.867,47409559.73994,0
1774557000000,4407.74,4423.81,4401.72,4409.47,7924.766,1774557899999,34966009.68428,17890,3557.611,15694259.82275,0
1774557900000,4409.47,4413.10,4377.36,4385.40,8388.174,1774558799999,36835836.10674,20411,4468.021,19620936.10891,0
1774558800000,4385.50,4391.09,4384.43,4387.65,1513.990,1774559699999,6643625.57313,4319,753.555,3306824.04694,0
1774559700000,4387.65,4395.78,4387.64,4393.67,1116.928,1774560599999,4906674.27107,2429,564.336,2478719.28658,0
1774560600000,4393.66,4394.62,4392.62,4392.82,451.175,1774561499999,1982124.46333,1749,163.792,719628.24452,0
1774561500000,4392.83,4394.60,4392.83,4394.47,426.315,1774562399999,1873294.82749,1876,191.652,842112.46584,0
1774562400000,4394.48,4407.26,4384.20,4404.06,11695.921,1774563299999,51406839.41050,25810,5617.270,24689280.56747,0
1774563300000,4404.14,4410.36,4397.98,4400.94,5421.489,1774564199999,23881633.33046,8118,2701.010,11896650.36922,0
1774564200000,4400.93,4416.07,4397.02,4408.10,4422.440,1774565099999,19498827.18329,8669,1998.565,8811220.00371,0
1774565100000,4408.08,4414.98,4403.21,4412.64,3144.833,1774565999999,13866014.42607,8309,1958.871,8636331.81728,0
1774566000000,4412.61,4415.94,4391.71,4395.65,5017.984,1774566899999,22095390.54396,10701,2266.435,9978633.14251,0
1774566900000,4395.64,4403.57,4394.07,4401.72,1772.246,1774567799999,7795707.74620,5705,893.783,3931378.84080,0
1774567800000,4401.71,4410.81,4398.40,4403.46,4638.803,1774568699999,20437327.12087,7267,2530.534,11146649.13456,0
1774568700000,4403.46,4407.69,4399.11,4406.46,1984.398,1774569599999,8739581.13969,5742,836.266,3682607.91952,0
1774569600000,4406.46,4414.19,4406.29,4407.20,2621.891,1774570499999,11562664.08622,6836,1250.392,5514455.44383,0
1774570500000,4407.21,4408.13,4386.00,4393.51,4917.564,1774571399999,21616793.17864,11804,2179.896,9583139.60711,0
1774571400000,4393.51,4399.16,4390.04,4393.73,2503.267,1774572299999,10999490.03044,8667,1283.951,5642186.88599,0
1774572300000,4393.72,4394.28,4378.98,4382.30,4164.799,1774573199999,18263678.90814,10812,1822.847,7993767.78830,0
1774573200000,4382.31,4401.99,4381.31,4397.04,4802.981,1774574099999,21094570.17461,13850,2706.580,11885896.05231,0
1774574100000,4397.11,4410.69,4395.00,4410.69,3540.406,1774574999999,15590273.42047,8580,1984.533,8740237.47197,0
1774575000000,4410.68,4423.00,4408.11,4421.85,4701.395,1774575899999,20766075.01328,11404,2483.716,10971125.49808,0
1774575900000,4421.85,4423.31,4414.79,4419.79,3439.655,1774576799999,15199961.34550,8174,1394.590,6161901.94799,0
1774576800000,4419.80,4441.98,4419.61,4438.07,7603.162,1774577699999,33716451.11406,13794,3993.915,17706373.74473,0
1774577700000,4438.06,4438.63,4426.52,4434.17,4394.214,1774578599999,19478714.23669,8354,1998.466,8859290.45956,0
1774578600000,4434.18,4436.40,4428.72,4432.21,2218.547,1774579499999,9832401.53206,7265,997.820,4422059.41009,0
1774579500000,4432.21,4443.00,4431.30,4434.05,2344.471,1774580399999,10401490.72180,7178,1278.458,5672660.20062,0
1774580400000,4434.06,4437.40,4423.58,4431.30,2887.458,1774581299999,12791138.99443,8112,1047.944,4642091.95739,0
1774581300000,4431.30,4439.40,4429.80,4438.04,1746.498,1774582199999,7743487.17482,5964,801.342,3553451.98549,0
1774582200000,4438.03,4448.00,4433.36,4440.36,4774.818,1774583099999,21208219.81060,8255,2002.677,8895366.88284,0
1774583100000,4440.35,4441.00,4436.51,4439.99,2445.876,1774583999999,10857034.00250,5070,1326.990,5890209.09002,0
1774584000000,4440.00,4441.99,4434.00,4435.50,2968.979,1774584899999,13174423.99577,5238,913.942,4056012.92565,0
1774584900000,4435.50,4439.90,4433.05,4435.97,2281.714,1774585799999,10120938.13742,3874,1343.861,5960647.27104,0
1774585800000,4435.96,4444.05,4435.81,4444.05,1800.856,1774586699999,7997992.02899,4355,1023.992,4547748.44912,0
1774586700000,4444.04,4451.47,4443.93,4448.00,4328.865,1774587599999,19250870.34503,6681,2111.575,9389629.67263,0
1774587600000,4448.00,4449.84,4443.72,4446.81,2197.441,1774588499999,9771135.59939,6153,915.323,4070126.89808,0
1774588500000,4446.80,4449.50,4441.99,4444.47,2017.264,1774589399999,8967214.98969,5055,707.975,3147615.13743,0
1774589400000,4444.46,4476.57,4443.91,4467.26,10604.879,1774590299999,47356697.93990,20617,5844.280,26088588.13234,0
1774590300000,4467.25,4470.98,4456.00,4456.50,3999.359,1774591199999,17849288.83319,9653,1632.128,7283904.16103,0
1774591200000,4456.50,4474.41,4454.01,4473.36,3786.790,1774592099999,16898899.06070,10790,1927.253,8602047.21986,0
1774592100000,4473.38,4473.44,4459.48,4464.46,3509.831,1774592999999,15676420.49177,9179,1729.980,7727859.29305,0
1774593000000,4464.48,4469.81,4461.53,4465.79,2534.617,1774593899999,11320895.49209,6727,1017.857,4546529.29036,0
1774593900000,4465.78,4466.28,4456.05,4461.45,3166.926,1774594799999,14130320.71106,7531,1266.239,5649209.47890,0
1774594800000,4461.44,4463.99,4448.93,4456.56,4284.033,1774595699999,19088623.18654,10330,1970.663,8781157.10209,0
1774595700000,4456.55,4458.80,4452.62,4454.37,2517.709,1774596599999,11218593.66745,6167,1312.418,5848085.40897,0
1774596600000,4454.38,4457.83,4448.00,4449.84,2411.309,1774597499999,10736849.26880,6537,1099.562,4896186.11780,0
1774597500000,4449.84,4455.00,4445.55,4448.67,2876.222,1774598399999,12797063.37377,6020,1349.611,6004432.58965,0
1774598400000,4448.67,4453.34,4443.58,4448.97,3780.101,1774599299999,16814165.56912,9421,1750.435,7786342.80962,0
1774599300000,4449.00,4449.16,4432.21,4435.62,6231.253,1774600199999,27657818.39353,9824,3179.178,14109669.20257,0
1774600200000,4435.61,4442.65,4430.00,4437.06,4143.295,1774601099999,18381647.30898,9359,2104.990,9339740.96868,0
1774601100000,4437.05,4441.32,4426.40,4426.99,4432.128,1774601999999,19650756.07441,8095,2084.535,9242838.02048,0
1774602000000,4427.00,4432.99,4422.14,4431.35,6212.299,1774602899999,27513620.53029,9619,3139.322,13903241.62984,0
1774602900000,4431.35,4439.20,4430.71,4437.63,3443.474,1774603799999,15274513.66375,7871,2217.193,9835585.74754,0
1774603800000,4437.63,4441.00,4432.83,4434.88,3616.352,1774604699999,16045541.82544,6202,1712.697,7599744.95872,0
1774604700000,4434.87,4435.82,4429.19,4431.24,1549.024,1774605599999,6866170.86430,4476,803.629,3562267.88756,0
1774605600000,4431.23,4436.75,4426.47,4428.51,3416.120,1774606499999,15137941.79664,6850,1805.500,8001659.90273,0
1774606500000,4428.53,4433.67,4426.70,4431.40,2072.470,1774607399999,9180275.62351,4601,925.654,4100472.38043,0
1774607400000,4431.36,4432.55,4414.01,4417.55,5692.052,1774608299999,25174387.03822,10178,2170.342,9598795.98356,0
1774608300000,4417.54,4421.00,4412.33,4416.40,4791.317,1774609199999,21158922.57599,8894,2140.324,9451901.93028,0
1774609200000,4416.58,4418.81,4407.00,4414.74,5877.544,1774610099999,25939099.29317,9583,3136.640,13843994.82763,0
1774610100000,4414.70,4419.68,4410.44,4417.72,3438.407,1774610999999,15181158.91977,6661,1915.422,8456803.45389,0
1774611000000,4417.73,4424.29,4416.14,4424.27,2972.501,1774611899999,13135994.19945,5740,1864.961,8241679.48135,0
1774611900000,4424.21,4428.11,4418.06,4422.00,2946.983,1774612799999,13035844.84466,6789,1540.164,6812651.81201,0
1774612800000,4422.00,4429.48,4415.00,4426.77,3599.656,1774613699999,15921614.75121,8871,2046.055,9050406.78811,0
1774613700000,4426.77,4437.94,4419.83,4432.21,4460.847,1774614599999,19757987.10848,9905,2272.889,10068017.72745,0
1774614600000,4432.21,4439.57,4427.17,4436.60,3217.929,1774615499999,14267644.88965,8820,1675.611,7429109.68055,0
1774615500000,4436.64,4448.00,4436.64,4439.72,4415.602,1774616399999,19617465.20003,9891,2340.739,10399027.97967,0
1774616400000,4439.73,4445.64,4426.02,4430.71,4833.809,1774617299999,21443216.16949,12429,2129.088,9444632.30730,0
1774617300000,4430.66,4444.82,4421.10,4424.96,7072.258,1774618199999,31362964.28910,12898,3750.415,16632149.48313,0
1774618200000,4424.97,4434.30,4417.28,4431.02,8575.240,1774619099999,37946508.40241,18547,3814.487,16878417.67628,0
1774619100000,4431.02,4444.99,4423.60,4433.97,8888.181,1774619999999,39416337.64010,15912,4707.271,20876034.19184,0
1774620000000,4433.94,4465.67,4433.51,4462.32,13522.826,1774620899999,60236672.52700,27015,6929.207,30865494.77143,0
1774620900000,4462.33,4472.64,4454.53,4456.93,10089.935,1774621799999,45049919.70013,20405,4741.716,21171660.08785,0
1774621800000,4456.93,4465.60,4454.44,4465.44,7596.158,1774622699999,33890249.18596,16037,3368.223,15026684.99476,0
1774622700000,4465.44,4516.54,4465.29,4511.03,22155.050,1774623599999,99561144.96219,35310,11567.905,51968816.43451,0
1774623600000,4511.13,4537.74,4503.52,4527.63,24444.763,1774624499999,110450783.59630,35957,12621.684,57045136.06700,0
1774624500000,4527.60,4556.63,4523.09,4544.55,19362.640,1774625399999,87936770.14140,34220,8997.009,40862353.17372,0
1774625400000,4544.64,4553.50,4528.08,4533.21,10182.941,1774626299999,46218802.87660,22719,4559.064,20690620.57919,0
1774626300000,4533.22,4537.41,4522.23,4524.94,8157.138,1774627199999,36949156.07751,17253,3537.425,16024530.69809,0
1774627200000,4524.97,4533.46,4519.01,4528.57,6288.658,1774628099999,28469248.41994,14482,3407.659,15428933.73719,0
1774628100000,4528.57,4534.00,4525.25,4527.59,4911.205,1774628999999,22243022.71985,10420,2938.947,13310027.68344,0
1774629000000,4527.49,4527.80,4506.82,4512.88,6829.997,1774629899999,30839764.64121,16641,3097.598,13986447.57652,0
1774629900000,4512.85,4522.72,4508.76,4516.76,3539.806,1774630799999,15985043.24611,11024,1977.316,8928531.83507,0
1774630800000,4516.75,4523.00,4507.21,4512.49,3919.508,1774631699999,17692781.43495,12250,1866.735,8426082.17357,0
1774631700000,4512.49,4512.93,4487.23,4494.28,8724.817,1774632599999,39235013.92016,15701,3875.540,17425603.31560,0
1774632600000,4494.12,4501.20,4487.40,4491.91,4697.829,1774633499999,21109544.84908,11521,2350.676,10562542.09031,0
1774633500000,4492.01,4500.75,4486.67,4487.06,4266.469,1774634399999,19171002.41529,10079,2223.589,9992684.98848,0
1774634400000,4487.06,4499.40,4487.06,4498.68,3262.692,1774635299999,14660994.65940,9360,1922.703,8639205.55346,0
1774635300000,4498.80,4512.76,4498.80,4510.50,5612.141,1774636199999,25299177.87633,13099,3327.734,15000700.04474,0
1774636200000,4510.50,4530.00,4510.24,4526.90,6664.714,1774637099999,30135902.89554,13698,3474.431,15709870.67333,0
1774637100000,4526.81,4527.12,4514.75,4517.56,2243.120,1774637999999,10138984.28177,7675,977.325,4416952.83509,0
1774638000000,4517.55,4519.65,4507.33,4512.30,3817.823,1774638899999,17223812.25365,8757,1616.675,7293661.30205,0
1774638900000,4512.24,4524.51,4510.97,4521.60,3395.769,1774639799999,15348614.66427,7402,1773.036,8013020.53866,0
1774639800000,4521.60,4525.47,4502.00,4510.44,3829.488,1774640699999,17284724.13540,8747,2087.978,9424470.95772,0
1774640700000,4510.43,4521.77,4503.48,4515.16,3519.275,1774641599999,15880399.57287,10054,1755.583,7921221.92367,0
1774641600000,4515.14,4520.99,4508.01,4512.10,2029.028,1774642499999,9157759.48371,6738,1182.408,5336282.28860,0
1774642500000,4512.11,4512.17,4505.51,4507.74,1046.254,1774643399999,4716716.88903,4572,598.400,2697641.31157,0
1774643400000,4507.72,4512.80,4500.13,4506.11,1887.497,1774644299999,8507376.96314,6353,830.147,3741345.69521,0
1774644300000,4506.12,4506.12,4493.00,4494.43,2733.781,1774645199999,12297342.58784,9126,1364.011,6134971.07641,0
1774645200000,4494.42,4497.41,4493.17,4493.88,842.042,1774646099999,3785102.40163,3507,403.368,1813133.76939,0
1774646100000,4493.88,4496.49,4492.20,4494.32,771.500,1774646999999,3467200.12420,2612,366.848,1648639.07182,0
1774647000000,4494.31,4500.50,4494.31,4500.50,923.249,1774647899999,4152778.55784,2864,632.313,2844114.04113,0
1774647900000,4500.49,4501.04,4496.20,4497.70,497.834,1774648799999,2239774.40457,2464,198.023,890905.61577,0
1774648800000,4497.69,4498.26,4496.44,4498.23,536.959,1774649699999,2414850.51678,2026,280.448,1261264.55579,0
1774649700000,4498.23,4498.80,4496.16,4496.58,310.524,1774650599999,1396701.31439,1254,208.022,935681.30687,0
1774650600000,4496.57,4498.33,4496.57,4497.37,360.426,1774651499999,1620928.37628,1049,230.822,1038059.13551,0
1774651500000,4497.36,4498.92,4497.08,4498.51,348.907,1774652399999,1569389.33411,899,287.503,1293201.58042,0
1774652400000,4498.51,4498.51,4496.28,4497.98,327.529,1774653299999,1473001.45932,1142,191.461,861047.11455,0
1774653300000,4497.99,4498.09,4496.76,4497.42,224.556,1774654199999,1009942.42584,709,143.479,645306.62310,0
1774654200000,4497.41,4497.44,4496.43,4497.44,261.364,1774655099999,1175347.68133,868,123.869,557022.43218,0
1774655100000,4497.44,4498.11,4496.64,4496.93,740.941,1774655999999,3332355.21287,2349,546.843,2459417.07581,0
1774656000000,4496.93,4497.77,4496.60,4497.00,361.762,1774656899999,1626959.71046,1349,194.391,874235.28954,0
1774656900000,4497.01,4498.55,4496.98,4497.31,513.745,1774657799999,2310695.67201,1499,353.542,1590147.70253,0
1774657800000,4497.31,4497.97,4497.00,4497.85,369.871,1774658699999,1663539.75210,967,216.169,972247.63867,0
1774658700000,4497.85,4497.85,4496.82,4497.09,443.483,1774659599999,1994476.89938,1047,235.144,1057506.35870,0
1774659600000,4497.08,4497.31,4496.02,4496.03,269.139,1774660499999,1210281.33003,804,120.500,541890.02956,0
1774660500000,4496.02,4496.25,4493.53,4494.44,731.353,1774661399999,3287393.76821,2112,284.245,1277638.31766,0
1774661400000,4494.45,4494.87,4492.88,4493.64,845.236,1774662299999,3798302.19867,2363,307.645,1382475.92069,0
1774662300000,4493.64,4494.46,4492.60,4493.81,404.594,1774663199999,1818016.53180,1017,178.129,800409.95942,0
1774663200000,4493.80,4495.27,4493.72,4494.17,268.128,1774664099999,1205085.30869,929,132.341,594782.98720,0
1774664100000,4494.18,4494.18,4493.62,4493.86,235.102,1774664999999,1056524.99755,523,80.269,360713.23776,0
1774665000000,4493.85,4494.22,4493.80,4493.89,177.329,1774665899999,796916.96275,442,117.354,527380.52460,0
1774665900000,4493.89,4494.09,4493.46,4494.09,145.850,1774666799999,655423.23879,630,91.674,411967.59730,0
1774666800000,4494.08,4495.08,4494.08,4494.80,278.958,1774667699999,1253781.90344,979,186.665,838962.46840,0
1774667700000,4494.80,4495.04,4494.56,4494.63,120.769,1774668599999,542826.08848,382,47.880,215205.85913,0
1774668600000,4494.62,4495.78,4494.50,4495.78,248.084,1774669499999,1115153.87294,650,135.121,607406.61975,0
1774669500000,4495.77,4496.73,4495.01,4495.56,221.411,1774670399999,995438.50918,936,136.765,614852.70647,0
1774670400000,4495.55,4495.56,4493.34,4493.88,453.898,1774671299999,2040079.64955,2132,177.578,798096.74566,0
1774671300000,4493.88,4494.71,4492.87,4494.71,421.786,1774672199999,1895514.07435,1173,241.929,1087254.36086,0
1774672200000,4494.70,4495.26,4494.70,4495.05,249.837,1774673099999,1123012.98047,541,179.748,807955.71970,0
1774673100000,4495.05,4495.18,4494.00,4495.00,230.063,1774673999999,1034078.65325,1072,112.280,504671.50683,0
1774674000000,4495.00,4497.48,4494.93,4497.25,579.324,1774674899999,2604685.16972,2281,457.591,2057354.05283,0
1774674900000,4497.24,4501.00,4496.88,4500.55,2209.890,1774675799999,9942849.86718,3270,1904.517,8568895.43581,0
1774675800000,4500.55,4501.24,4499.63,4499.87,1266.429,1774676699999,5699492.68723,1062,498.580,2243961.55173,0
1774676700000,4499.88,4502.90,4499.87,4501.55,827.169,1774677599999,3723535.23066,1321,615.612,2771135.12750,0
1774677600000,4501.54,4503.17,4501.33,4501.59,694.140,1774678499999,3125178.20523,1716,488.694,2200212.63682,0
1774678500000,4501.58,4502.00,4500.63,4500.63,352.424,1774679399999,1586439.22868,958,158.699,714384.40801,0
1774679400000,4500.63,4500.64,4499.77,4499.77,337.839,1774680299999,1520256.12307,518,31.739,142829.36518,0
1774680300000,4499.77,4501.22,4499.77,4500.14,570.711,1774681199999,2568226.60684,620,398.816,1794688.93667,0
1774681200000,4500.13,4501.05,4499.76,4500.56,357.448,1774682099999,1608609.20695,840,219.117,986090.81554,0
1774682100000,4500.57,4500.69,4499.70,4500.32,1431.544,1774682999999,6441974.49131,2857,518.549,2333585.73203,0
1774683000000,4500.33,4500.43,4498.00,4498.01,269.370,1774683899999,1211885.92256,1364,58.784,264481.32036,0
1774683900000,4498.01,4498.78,4497.23,4497.64,1225.897,1774684799999,5514031.43446,1577,406.614,1828875.92546,0
1774684800000,4497.64,4498.62,4497.00,4497.99,1122.927,1774685699999,5050796.80919,1572,634.424,2853632.86372,0
1774685700000,4498.00,4498.63,4495.70,4498.62,587.138,1774686599999,2640606.86804,986,180.142,810261.15273,0
1774686600000,4498.63,4499.38,4497.48,4497.49,267.808,1774687499999,1204765.07833,789,185.131,832842.35589,0
1774687500000,4497.48,4498.18,4496.36,4497.37,381.355,1774688399999,1715137.73841,721,157.447,708119.85861,0
1774688400000,4497.36,4498.31,4497.36,4498.15,506.389,1774689299999,2277653.51143,812,286.230,1287389.88130,0
1774689300000,4498.16,4498.56,4497.72,4498.07,349.392,1774690199999,1571608.34552,784,202.335,910134.61513,0
1774690200000,4498.08,4498.18,4497.99,4498.00,178.984,1774691099999,805081.83016,472,102.640,461681.76549,0
1774691100000,4498.00,4498.01,4497.49,4497.66,234.220,1774691999999,1053479.54740,469,105.760,475683.64213,0
1774692000000,4497.64,4497.65,4497.18,4497.28,164.200,1774692899999,738460.15884,613,105.018,472298.11318,0
1774692900000,4497.27,4497.89,4496.72,4497.10,353.032,1774693799999,1587712.42980,1168,160.670,722604.16573,0
1774693800000,4497.10,4498.18,4497.09,4497.53,281.621,1774694699999,1266616.24135,790,186.553,839036.09672,0
1774694700000,4497.53,4497.60,4497.20,4497.60,185.201,1774695599999,832936.23697,815,94.895,426788.11856,0
1774695600000,4497.60,4498.14,4497.48,4497.50,262.388,1774696499999,1180149.66998,780,174.113,783114.63765,0
1774696500000,4497.50,4497.68,4496.75,4496.75,156.085,1774697399999,701958.11784,633,44.990,202337.17263,0
1774697400000,4496.76,4497.29,4496.59,4497.00,308.603,1774698299999,1387764.64129,606,219.282,986095.83787,0
1774698300000,4497.00,4497.44,4496.99,4497.21,128.757,1774699199999,579041.52487,452,84.856,381612.06292,0
1774699200000,4497.22,4498.64,4496.75,4497.93,592.888,1774700099999,2666574.91471,1677,404.331,1818514.33463,0
1774700100000,4497.93,4498.30,4497.29,4497.30,198.151,1774700999999,891257.71604,849,92.530,416197.80570,0
1774701000000,4497.30,4498.50,4497.12,4497.75,324.514,1774701899999,1459611.33291,806,147.165,661924.88418,0
1774701900000,4497.75,4498.92,4497.74,4498.57,280.092,1774702799999,1259946.16709,830,170.234,765772.72490,0
1774702800000,4498.57,4498.86,4497.33,4497.97,252.443,1774703699999,1135464.40826,801,91.969,413679.78720,0
1774703700000,4497.97,4498.11,4497.35,4497.54,109.871,1774704599999,494180.92889,507,46.505,209176.83396,0
1774704600000,4497.54,4500.00,4497.35,4498.35,661.236,1774705499999,2974527.81204,1893,381.801,1717526.54240,0
1774705500000,4498.36,4498.36,4497.55,4497.56,485.382,1774706399999,2183203.34052,1177,169.909,764229.31108,0
1774706400000,4497.56,4498.50,4497.55,4497.65,289.497,1774707299999,1302144.42641,623,111.285,500551.61292,0
1774707300000,4497.65,4497.87,4497.51,4497.86,224.677,1774708199999,1010525.25627,470,145.981,656576.72219,0
1774708200000,4497.87,4497.87,4497.25,4497.71,295.697,1774709099999,1329905.35296,779,61.576,276940.31637,0
1774709100000,4497.71,4497.90,4497.50,4497.50,251.032,1774709999999,1129054.92895,552,157.697,709267.51444,0
1774710000000,4497.51,4497.90,4497.50,4497.90,165.493,1774710899999,744316.28256,513,55.687,250455.88527,0
1774710900000,4497.89,4498.52,4496.00,4496.39,1086.991,1774711799999,4888452.87132,2698,472.596,2125444.70190,0
1774711800000,4496.38,4497.15,4496.05,4496.64,660.854,1774712699999,2971557.25535,1572,346.006,1555812.79553,0
1774712700000,4496.63,4497.37,4496.41,4497.12,429.493,1774713599999,1931410.96279,965,218.396,982121.06194,0
1774713600000,4497.11,4498.00,4496.85,4497.79,319.783,1774714499999,1438204.85521,729,146.315,658055.05654,0
1774714500000,4497.79,4497.79,4497.42,4497.51,182.928,1774715399999,822756.21335,538,78.074,351155.71080,0
1774715400000,4497.51,4497.88,4497.50,4497.72,184.937,1774716299999,831796.99781,595,101.938,458485.42454,0
1774716300000,4497.72,4497.77,4497.11,4497.50,268.550,1774717199999,1207821.04265,683,130.163,585418.63455,0
1774717200000,4497.49,4498.30,4497.46,4498.29,208.488,1774718099999,937767.83665,623,163.438,735134.80466,0
1774718100000,4498.30,4498.30,4497.82,4497.83,98.967,1774718999999,445175.98064,411,64.102,288345.10437,0
1774719000000,4497.83,4498.05,4497.37,4497.73,222.314,1774719899999,999899.97755,450,34.233,153970.55227,0
1774719900000,4497.72,4497.73,4497.00,4497.15,64.817,1774720799999,291496.03945,279,15.263,68639.18852,0
1774720800000,4497.14,4498.24,4497.14,4497.52,311.719,1774721699999,1402008.42709,1291,262.173,1179168.77216,0
1774721700000,4497.51,4497.51,4497.06,4497.22,94.685,1774722599999,425821.57122,306,21.711,97638.66922,0
1774722600000,4497.23,4497.90,4497.00,4497.90,47.393,1774723499999,213138.51335,358,27.185,122258.18797,0
1774723500000,4497.89,4497.90,4497.05,4497.59,162.799,1774724399999,732172.13702,817,82.610,371529.31860,0
1774724400000,4497.59,4498.05,4497.31,4497.66,40.058,1774725299999,180166.96500,324,17.479,78615.84378,0
1774725300000,4497.65,4497.66,4497.24,4497.30,61.628,1774726199999,277164.50580,242,14.940,67190.25991,0
1774726200000,4497.30,4497.41,4497.30,4497.41,58.493,1774727099999,263064.26711,175,34.637,155774.88481,0
1774727100000,4497.41,4497.61,4497.40,4497.61,51.350,1774727999999,230945.53263,241,34.867,156814.28125,0
1774728000000,4497.61,4498.40,4497.60,4497.78,160.382,1774728899999,721388.63735,639,120.654,542690.23008,0
1774728900000,4497.78,4497.79,4497.51,4497.52,18.692,1774729799999,84069.24932,234,12.434,55922.74749,0
1774729800000,4497.52,4497.59,4497.52,4497.59,12.223,1774730699999,54973.84776,107,9.393,42245.76440,0
1774730700000,4497.58,4497.59,4497.58,4497.59,12.607,1774731599999,56701.04232,206,5.126,23054.64634,0
1774731600000,4497.59,4497.59,4497.00,4497.18,257.889,1774732499999,1159789.42921,765,118.270,531882.30328,0
1774732500000,4497.18,4497.73,4497.17,4497.49,109.916,1774733399999,494337.03613,393,59.743,268682.14165,0
1774733400000,4497.48,4498.50,4497.23,4498.14,243.848,1774734299999,1096823.84601,446,177.625,798978.20949,0
1774734300000,4498.07,4498.50,4497.12,4497.12,70.442,1774735199999,316827.66769,375,12.039,54152.65864,0
1774735200000,4497.12,4497.52,4496.81,4497.28,429.957,1774736099999,1933564.91402,962,182.193,819325.37609,0
1774736100000,4497.29,4497.60,4496.66,4497.13,275.135,1774736999999,1237270.76625,730,115.149,517812.41121,0
1774737000000,4497.13,4497.51,4496.97,4497.20,128.570,1774737899999,578211.56678,479,62.976,283217.56634,0
1774737900000,4497.19,4497.20,4496.77,4496.89,180.991,1774738799999,813887.51614,402,72.334,325276.92690,0
1774738800000,4496.89,4497.30,4496.77,4497.01,309.872,1774739699999,1393474.76257,633,148.756,668950.43548,0
1774739700000,4497.01,4497.73,4496.95,4497.50,175.157,1774740599999,787706.21636,538,66.717,300032.57829,0
1774740600000,4497.51,4497.52,4497.50,4497.51,41.638,1774741499999,187267.07877,188,13.167,59218.71687,0
1774741500000,4497.50,4497.90,4497.50,4497.75,76.727,1774742399999,345087.01725,395,33.233,149466.74641,0
1774742400000,4497.76,4498.08,4497.66,4497.78,308.061,1774743299999,1385612.81071,888,184.588,830254.56608,0
1774743300000,4497.79,4498.08,4497.47,4497.65,523.685,1774744199999,2355392.22716,1658,222.245,999597.08686,0
1774744200000,4497.64,4498.08,4497.31,4497.61,479.785,1774745099999,2157908.00370,1442,265.024,1191996.59522,0
1774745100000,4497.61,4497.61,4497.30,4497.30,309.205,1774745999999,1390604.74539,788,33.644,151312.33904,0
1774746000000,4497.30,4497.71,4497.30,4497.70,117.238,1774746899999,527282.05021,465,85.015,382362.45090,0
1774746900000,4497.71,4497.89,4497.31,4497.46,429.432,1774747799999,1931430.41394,1795,181.919,818207.00777,0
1774747800000,4497.46,4497.67,4496.66,4497.03,1006.403,1774748699999,4525968.22460,3293,234.620,1055112.16309,0
1774748700000,4497.03,4497.19,4496.75,4497.09,256.224,1774749599999,1152220.68916,693,131.400,590891.18982,0
1774749600000,4497.08,4497.27,4496.86,4497.06,144.232,1774750499999,648627.52507,397,71.189,320141.50939,0
1774750500000,4497.06,4497.34,4497.04,4497.21,136.218,1774751399999,612591.67574,581,91.073,409568.80312,0
1774751400000,4497.22,4497.60,4497.21,4497.48,147.611,1774752299999,663863.10202,413,118.548,533157.67884,0
1774752300000,4497.49,4497.49,4497.48,4497.48,104.935,1774753199999,471943.76246,226,69.866,314221.63634,0
1774753200000,4497.48,4497.49,4497.44,4497.45,90.177,1774754099999,405567.25920,241,55.481,249523.48354,0
1774754100000,4497.46,4497.80,4497.45,4497.65,189.300,1774754999999,851401.21854,406,104.860,471617.94016,0
1774755000000,4497.64,4497.65,4497.40,4497.65,84.928,1774755899999,381969.17957,203,34.275,154155.16194,0
1774755900000,4497.64,4497.65,4497.30,4497.30,210.324,1774756799999,945906.55479,258,60.675,272874.65872,0
1774756800000,4497.31,4497.53,4497.30,4497.53,67.206,1774757699999,302253.75120,220,51.222,230368.24543,0
1774757700000,4497.52,4497.64,4497.52,4497.63,146.797,1774758599999,660232.55783,297,111.168,499986.52441,0
1774758600000,4497.63,4497.67,4497.63,4497.66,60.210,1774759499999,270803.06138,308,46.452,208924.63951,0
1774759500000,4497.67,4498.10,4497.49,4497.49,209.507,1774760399999,942330.96679,730,125.219,563225.02170,0
1774760400000,4497.49,4497.74,4497.49,4497.73,54.882,1774761299999,246836.87042,332,42.113,189406.71095,0
1774761300000,4497.73,4497.86,4497.57,4497.63,75.932,1774762199999,341519.24663,385,37.975,170800.94313,0
1774762200000,4497.62,4497.74,4497.53,4497.72,20.938,1774763099999,94171.91137,209,7.901,35535.53338,0
1774763100000,4497.72,4497.87,4497.44,4497.87,122.515,1774763999999,551035.91931,372,91.069,409602.82883,0
1774764000000,4497.87,4497.97,4497.74,4497.82,124.910,1774764899999,561828.54588,379,61.877,278314.58447,0
1774764900000,4497.82,4498.13,4497.59,4497.69,313.255,1774765799999,1408969.25308,394,161.779,727658.76084,0
1774765800000,4497.69,4497.70,4497.65,4497.65,40.817,1774766699999,183582.01417,163,4.318,19421.00648,0
1774766700000,4497.65,4497.66,4497.61,4497.61,60.739,1774767599999,273182.79839,239,33.693,151539.49762,0
1774767600000,4497.62,4497.62,4497.39,4497.40,60.984,1774768499999,274272.86538,176,14.490,65167.65148,0
1774768500000,4497.40,4497.40,4497.13,4497.24,178.917,1774769399999,804638.88656,357,33.168,149162.77035,0
1774769400000,4497.24,4497.40,4496.81,4497.40,308.027,1774770299999,1385240.47752,441,110.152,495376.11021,0
1774770300000,4497.40,4497.40,4497.32,4497.32,56.382,1774771199999,253570.66555,288,10.058,45234.68472,0
1774771200000,4497.33,4498.13,4497.32,4497.59,398.588,1774772099999,1792767.35424,581,188.248,846689.43877,0
1774772100000,4497.60,4497.82,4497.59,4497.78,37.246,1774772999999,167522.21727,193,29.368,132089.08389,0
1774773000000,4497.78,4497.85,4497.58,4497.84,141.976,1774773899999,638565.18422,773,58.139,261490.98174,0
1774773900000,4497.85,4497.85,4497.52,4497.61,128.577,1774774799999,578299.00005,304,53.480,240537.46483,0
1774774800000,4497.61,4497.61,4497.52,4497.54,183.173,1774775699999,823836.13219,257,47.175,212173.88849,0
1774775700000,4497.54,4497.61,4497.54,4497.60,101.840,1774776599999,458033.17162,249,63.116,283869.19432,0
1774776600000,4497.61,4497.84,4496.78,4497.84,632.993,1774777499999,2846713.68657,1662,213.361,959548.45656,0
1774777500000,4497.84,4498.00,4497.02,4497.13,587.971,1774778399999,2644374.66930,1191,307.344,1382243.91494,0
1774778400000,4497.14,4497.75,4496.60,4496.60,501.517,1774779299999,2255371.05520,1120,211.493,951124.84777,0
1774779300000,4496.61,4497.58,4496.61,4497.30,576.878,1774780199999,2594367.54018,1066,340.701,1532196.85950,0
1774780200000,4497.31,4497.61,4497.14,4497.37,161.853,1774781099999,727922.66921,834,96.313,433162.27879,0
1774781100000,4497.36,4497.37,4497.09,4497.09,72.502,1774781999999,326062.50138,291,13.295,59792.19915,0
1774782000000,4497.10,4497.51,4496.78,4497.15,448.015,1774782899999,2014760.28458,863,286.773,1289629.98400,0
1774782900000,4497.15,4497.15,4497.02,4497.03,99.763,1774783799999,448641.01575,294,70.244,315890.96329,0
1774783800000,4497.03,4497.58,4497.02,4497.57,95.132,1774784699999,427830.04415,410,58.220,261828.80776,0
1774784700000,4497.58,4498.28,4497.57,4498.27,392.259,1774785599999,1764350.95421,1408,308.691,1388459.41963,0
1774785600000,4498.28,4499.39,4498.27,4499.11,481.627,1774786499999,2166723.31336,777,328.854,1479438.70916,0
1774786500000,4499.11,4499.70,4499.10,4499.70,334.089,1774787399999,1503196.56464,634,226.777,1020356.86447,0
1774787400000,4499.70,4504.99,4499.47,4503.90,2316.954,1774788299999,10432045.84617,4488,1704.209,7673145.29689,0
1774788300000,4503.90,4509.57,4503.00,4509.57,1616.687,1774789199999,7285210.21143,3189,1327.656,5982625.33939,0
1774789200000,4509.57,4510.50,4503.10,4504.84,1750.076,1774790099999,7886961.72708,3738,795.077,3583520.19937,0
1774790100000,4504.85,4507.12,4504.50,4505.34,953.157,1774790999999,4294711.05619,3206,510.396,2299674.43493,0
1774791000000,4505.34,4506.32,4503.59,4503.82,543.478,1774791899999,2448117.54184,1466,202.075,910275.59076,0
1774791900000,4503.83,4505.12,4502.41,4502.80,552.524,1774792799999,2488218.99450,1066,162.779,733102.49954,0
1774792800000,4502.80,4505.79,4502.58,4504.47,856.649,1774793699999,3858592.77658,2613,592.458,2668557.79583,0
1774793700000,4504.48,4504.48,4502.11,4502.11,410.297,1774794599999,1847661.59673,678,65.338,294228.57283,0
1774794600000,4502.12,4503.00,4501.00,4501.35,541.689,1774795499999,2438606.74914,1040,261.886,1178905.50783,0
1774795500000,4501.35,4503.23,4501.15,4503.18,466.277,1774796399999,2099235.28700,1244,388.908,1750902.86017,0
1774796400000,4503.19,4503.19,4501.43,4502.91,271.267,1774797299999,1221364.21892,1216,157.383,708609.45408,0
1774797300000,4502.91,4504.77,4502.91,4503.15,646.765,1774798199999,2912851.04945,2662,463.531,2087608.88337,0
1774798200000,4503.15,4503.92,4503.09,4503.78,327.226,1774799099999,1473670.21233,1036,193.252,870308.69303,0
1774799100000,4503.77,4503.80,4502.00,4502.55,1260.036,1774799999999,5673730.23407,2650,517.171,2328713.85843,0
1774800000000,4502.55,4508.34,4502.55,4506.50,1663.187,1774800899999,7494251.21320,3325,1168.682,5265943.00014,0
1774800900000,4506.50,4507.80,4506.00,4506.42,594.039,1774801799999,2677222.14574,1947,270.082,1217214.72504,0
1774801800000,4506.42,4507.43,4505.49,4505.54,424.038,1774802699999,1910875.63723,1320,216.873,977319.73717,0
1774802700000,4505.53,4506.02,4505.48,4505.56,514.159,1774803599999,2316714.76925,1254,252.566,1138001.06337,0
1774803600000,4505.56,4506.45,4505.55,4505.91,300.899,1774804499999,1355832.17366,1236,140.982,635242.73277,0
1774804500000,4505.90,4506.02,4505.18,4505.57,579.231,1774805399999,2609859.24366,1751,283.943,1279365.42830,0
1774805400000,4505.56,4506.02,4505.42,4505.94,319.103,1774806299999,1437798.56086,1336,163.618,737220.24550,0
1774806300000,4505.94,4506.20,4505.83,4506.00,196.584,1774807199999,885812.08270,706,122.815,553404.19376,0
1774807200000,4505.99,4506.35,4505.67,4506.35,269.776,1774808099999,1215609.08372,918,161.408,727305.19473,0
1774808100000,4506.35,4506.92,4505.86,4506.66,200.742,1774808999999,904626.09326,946,122.087,550178.15993,0
1774809000000,4506.65,4507.80,4506.44,4507.19,340.527,1774809899999,1534830.69023,1309,263.028,1185527.28888,0
1774809900000,4507.19,4507.28,4506.71,4507.28,263.022,1774810799999,1185442.85485,911,178.207,803177.77136,0
1774810800000,4507.28,4507.99,4506.60,4506.69,244.628,1774811699999,1102591.94489,1189,122.294,551218.38541,0
1774811700000,4506.69,4506.69,4505.55,4506.20,255.376,1774812599999,1150744.95239,1027,84.465,380595.89903,0
1774812600000,4506.21,4506.56,4505.62,4506.16,245.849,1774813499999,1107826.39134,990,104.199,469528.81049,0
1774813500000,4506.16,4506.17,4504.21,4504.59,512.088,1774814399999,2307249.46593,1393,189.949,855849.32241,0
1774814400000,4504.59,4511.85,4504.42,4509.55,1514.203,1774815299999,6827783.24110,3126,993.512,4479558.44426,0
1774815300000,4509.56,4510.90,4509.55,4509.89,374.664,1774816199999,1689793.88950,1203,210.158,947836.63863,0
1774816200000,4509.89,4510.99,4506.20,4508.41,840.807,1774817099999,3790690.60571,1496,263.083,1186069.38044,0
1774817100000,4508.41,4511.00,4507.31,4508.34,750.510,1774817999999,3384239.49542,2256,471.658,2126844.85713,0
1774818000000,4508.33,4510.23,4508.33,4509.50,610.874,1774818899999,2754680.99343,2028,414.384,1868606.40299,0
1774818900000,4509.46,4513.97,4509.39,4513.10,1014.727,1774819799999,4577698.17280,3624,724.282,3267539.89283,0
1774819800000,4513.16,4524.13,4512.79,4522.78,1514.967,1774820699999,6845490.22538,4357,944.242,4265937.61531,0
1774820700000,4522.79,4522.79,4516.00,4519.28,1501.179,1774821599999,6784643.07984,3909,722.448,3264973.71273,0
1774821600000,4519.29,4519.69,4476.73,4497.72,34552.855,1774822499999,155290307.46997,46700,17602.634,79087401.86119,0
1774822500000,4497.72,4511.85,4490.85,4508.64,4897.315,1774823399999,22054225.67336,13924,1860.640,8377987.59545,0
1774823400000,4508.64,4512.78,4491.60,4493.69,4164.926,1774824299999,18758860.26051,10345,2023.812,9114815.04846,0
1774824300000,4493.69,4497.44,4481.79,4485.25,6495.170,1774825199999,29163841.71739,12883,3355.780,15067992.10670,0
1774825200000,4485.24,4492.70,4465.11,4478.85,7417.245,1774826099999,33209879.86288,16866,3359.183,15040354.76679,0
1774826100000,4478.71,4484.65,4471.48,4472.86,3629.618,1774826999999,16254475.35020,8534,1582.304,7086637.85321,0
1774827000000,4472.86,4472.88,4445.05,4452.21,11612.984,1774827899999,51747900.54408,21011,5077.446,22625222.61288,0
1774827900000,4452.21,4456.32,4443.56,4448.82,6558.018,1774828799999,29177424.80301,13554,3310.674,14730779.11063,0
1774828800000,4448.82,4450.99,4419.21,4427.16,14448.719,1774829699999,64053841.29069,25568,6314.693,27994189.00140,0
1774829700000,4427.16,4468.35,4424.40,4450.06,16316.669,1774830599999,72633523.13394,28339,8829.289,39300383.27665,0
1774830600000,4450.19,4460.53,4436.24,4440.15,8232.859,1774831499999,36619050.42219,18114,3837.360,17068883.37594,0
1774831500000,4440.25,4444.47,4432.13,4433.95,5797.674,1774832399999,25729560.97792,12968,2596.135,11522078.37424,0
1774832400000,4433.95,4462.56,4433.66,4460.70,14184.922,1774833299999,63120232.46111,23948,6827.503,30375966.72549,0
1774833300000,4460.70,4467.29,4447.42,4449.79,6622.421,1774834199999,29514936.22115,15310,3266.081,14555401.60169,0
1774834200000,4449.80,4476.50,4446.91,4472.07,8458.060,1774835099999,37786004.82907,17505,4488.719,20049245.26940,0
1774835100000,4472.07,4476.70,4463.20,4471.00,4288.977,1774835999999,19174044.04942,10279,2141.133,9571431.99794,0
1774836000000,4470.98,4475.67,4467.02,4474.12,4310.857,1774836899999,19275734.22589,9379,2220.029,9926545.21915,0
1774836900000,4474.12,4474.94,4467.63,4473.59,2912.533,1774837799999,13024558.32386,6226,1255.846,5615828.44326,0
1774837800000,4473.45,4503.32,4461.37,4497.75,15121.026,1774838699999,67754817.79898,17884,9089.509,40757389.52364,0
1774838700000,4497.75,4498.79,4482.53,4484.42,10339.615,1774839599999,46455064.52069,13005,5680.464,25521946.54718,0
1774839600000,4484.41,4512.13,4482.38,4507.16,6672.348,1774840499999,30035380.69811,12557,3382.402,15222196.77218,0
1774840500000,4507.16,4520.88,4506.53,4510.15,9638.961,1774841399999,43497862.91531,12080,4845.082,21863174.49182,0
1774841400000,4510.20,4510.87,4503.05,4506.28,2779.051,1774842299999,12526107.74048,6565,1288.150,5806121.45707,0
1774842300000,4506.49,4510.51,4496.66,4498.77,2445.440,1774843199999,11013795.13708,5951,931.445,4196227.09418,0
1774843200000,4498.78,4501.37,4490.10,4490.71,2806.446,1774844099999,12616895.66075,6860,1475.723,6634544.00642,0
1774844100000,4490.71,4499.06,4490.61,4493.45,2089.401,1774844999999,9390431.91350,5224,1072.875,4822062.12766,0
1774845000000,4493.45,4494.14,4475.00,4490.03,5788.083,1774845899999,25977488.77581,7601,2015.696,9050455.01817,0
1774845900000,4490.10,4501.30,4489.35,4499.25,2230.372,1774846799999,10024084.98404,5084,1408.362,6329793.15847,0
1774846800000,4499.18,4511.49,4499.18,4508.09,5277.110,1774847699999,23772473.81102,7522,3602.178,16226244.07568,0
1774847700000,4508.10,4517.74,4507.01,4507.64,3830.537,1774848599999,17287962.86315,7198,1554.632,7015693.21281,0
1774848600000,4507.66,4517.40,4506.50,4512.20,2899.915,1774849499999,13083367.21385,8904,1572.663,7095395.08698,0
1774849500000,4512.20,4531.29,4512.20,4524.51,5867.075,1774850399999,26540494.87022,11835,3048.578,13790822.79184,0
1774850400000,4524.51,4536.00,4520.11,4532.49,5579.362,1774851299999,25276162.33578,11054,2630.521,11917195.21480,0
1774851300000,4532.49,4536.92,4529.00,4530.49,3615.383,1774852199999,16385197.72668,7918,1688.832,7654376.56606,0
1774852200000,4530.48,4543.73,4528.32,4542.36,6573.892,1774853099999,29833180.93763,10791,3485.011,15815038.86655,0
1774853100000,4542.33,4551.79,4524.00,4533.77,9395.923,1774853999999,42656630.21334,11977,3091.401,14038648.83523,0
1774854000000,4533.64,4536.12,4525.00,4534.97,7136.591,1774854899999,32331078.34045,9341,3338.098,15123367.80229,0
1774854900000,4534.99,4535.36,4522.05,4523.70,5104.383,1774855799999,23114774.77606,7906,1872.165,8478750.75703,0
1774855800000,4523.69,4526.60,4515.90,4521.92,5870.754,1774856699999,26541679.97807,9601,2418.085,10933315.34366,0
1774856700000,4521.92,4530.58,4520.01,4529.37,4443.032,1774857599999,20112630.95701,5909,2105.764,9531496.69296,0
1774857600000,4529.31,4544.46,4527.00,4536.00,5729.931,1774858499999,25986685.94480,8623,3960.529,17963025.15465,0
1774858500000,4536.00,4537.70,4528.26,4532.22,3961.356,1774859399999,17954612.21614,6018,2029.974,9201338.65542,0
1774859400000,4532.23,4541.16,4532.22,4535.69,3480.217,1774860299999,15790144.16087,5591,2143.867,9725850.48555,0
1774860300000,4535.68,4542.49,4535.08,4540.14,2378.846,1774861199999,10798131.63340,5127,1277.833,5800169.84229,0
1774861200000,4540.14,4542.43,4530.19,4530.97,2359.806,1774862099999,10705741.07519,5940,941.797,4272448.61301,0
1774862100000,4530.98,4538.24,4516.78,4528.81,6300.278,1774862999999,28529963.97344,8474,2478.625,11227297.96446,0
1774863000000,4528.81,4539.98,4525.27,4538.99,2923.114,1774863899999,13245337.56340,6120,1291.847,5854652.54773,0
1774863900000,4538.99,4539.47,4530.50,4533.56,1845.181,1774864799999,8367514.35678,3955,683.744,3100615.18033,0
1774864800000,4533.64,4537.34,4530.63,4534.95,1753.815,1774865699999,7951763.12174,4060,805.695,3652927.85100,0
1774865700000,4534.77,4540.80,4529.68,4532.74,2020.109,1774866599999,9161460.32488,5051,955.699,4334173.77283,0
1774866600000,4532.75,4534.94,4529.82,4534.64,1089.594,1774867499999,4938833.57146,3712,440.804,1997952.86499,0
1774867500000,4534.64,4536.18,4529.96,4533.76,1590.598,1774868399999,7210367.42427,4015,674.510,3057376.03345,0
1774868400000,4533.77,4541.13,4527.43,4539.59,2795.334,1774869299999,12674456.95431,6601,1189.526,5392958.47608,0
1774869300000,4539.58,4549.00,4537.12,4544.79,8541.893,1774870199999,38805481.12897,13578,4482.525,20363971.75745,0
1774870200000,4544.80,4567.76,4540.19,4567.76,8738.789,1774871099999,39772896.12510,14409,5089.730,23172391.77398,0
1774871100000,4567.75,4582.63,4557.51,4561.48,13224.615,1774871999999,60458332.62559,19944,6165.066,28187691.38775,0
1774872000000,4561.49,4562.92,4547.17,4557.65,7729.822,1774872899999,35214869.89715,11686,4026.909,18345492.23772,0
1774872900000,4557.66,4569.59,4557.30,4567.33,6347.394,1774873799999,28976085.03039,8568,3323.925,15173416.28975,0
1774873800000,4567.32,4578.61,4565.52,4574.69,4945.067,1774874699999,22614678.28873,9252,1953.818,8934753.82238,0
1774874700000,4574.69,4574.92,4565.26,4570.69,3821.710,1774875599999,17465122.58570,6276,1763.745,8059686.32413,0
1774875600000,4570.69,4579.85,4562.24,4566.45,7313.950,1774876499999,33423951.96696,9940,3570.578,16315058.39282,0
1774876500000,4566.51,4571.63,4560.85,4568.21,3286.477,1774877399999,15006737.12639,7059,1415.987,6466045.99714,0
1774877400000,4568.21,4574.19,4544.46,4545.67,10250.813,1774878299999,46688101.88902,16856,4771.858,21730586.14299,0
1774878300000,4545.66,4548.71,4519.00,4524.67,11753.366,1774879199999,53295292.64146,20433,6245.456,28320704.92185,0
1774879200000,4524.67,4537.00,4519.35,4535.13,9200.257,1774880099999,41666011.35547,16021,5190.712,23508426.39055,0
1774880100000,4535.13,4536.00,4514.44,4521.17,6468.308,1774880999999,29255341.17039,12640,3198.924,14468977.55934,0
1774881000000,4521.17,4534.79,4519.62,4523.96,5516.792,1774881899999,24975460.35604,10537,2662.852,12054392.98782,0
1774881900000,4524.05,4543.20,4522.83,4540.57,8044.072,1774882799999,36492352.12289,14379,4359.462,19775152.06761,0
1774882800000,4540.58,4545.30,4533.76,4534.83,4123.063,1774883699999,18715568.61312,8983,1896.925,8610662.49060,0
1774883700000,4534.82,4535.83,4526.36,4533.61,3518.058,1774884599999,15941652.66347,7634,1469.514,6659250.93178,0
1774884600000,4533.36,4555.65,4529.44,4553.77,6926.550,1774885499999,31498835.23020,10037,2975.575,13530412.11738,0
1774885500000,4553.77,4558.64,4546.68,4549.51,4357.675,1774886399999,19840439.93790,8577,1909.097,8692684.10251,0
1774886400000,4549.52,4550.63,4540.00,4545.85,3583.486,1774887299999,16283419.23182,6966,1913.671,8695499.20899,0
1774887300000,4545.84,4549.86,4537.90,4537.93,2853.362,1774888199999,12966030.45489,5267,1102.920,5012917.24312,0
1774888200000,4537.92,4549.33,4533.27,4549.32,2488.671,1774889099999,11302942.13287,5422,1092.885,4963998.77526,0
1774889100000,4549.33,4549.94,4538.72,4541.62,2106.868,1774889999999,9571232.52630,4887,947.438,4302909.35688,0
1774890000000,4541.62,4543.76,4521.77,4524.99,3495.580,1774890899999,15842332.63878,6999,1963.562,8898887.88329,0
1774890900000,4524.83,4531.80,4521.31,4529.33,4428.154,1774891799999,20048415.02355,6957,1717.999,7777321.27974,0
1774891800000,4529.10,4529.10,4516.71,4526.72,4828.069,1774892699999,21826939.08941,8602,2970.445,13428516.84974,0
1774892700000,4526.66,4530.93,4513.30,4517.13,4086.405,1774893599999,18469441.03002,7158,2180.047,9853649.70942,0
1774893600000,4517.14,4524.31,4515.26,4520.89,2310.826,1774894499999,10444812.90993,5763,1271.245,5745841.43377,0
1774894500000,4520.80,4522.95,4512.62,4516.13,1448.412,1774895399999,6544006.34736,4401,636.245,2874538.89455,0
1774895400000,4516.23,4521.40,4514.62,4517.14,1208.154,1774896299999,5457577.13838,4043,783.454,3539038.13246,0
1774896300000,4517.15,4520.24,4501.37,4501.60,3450.171,1774897199999,15555430.55069,7034,1789.789,8069054.57746,0
1774897200000,4501.60,4507.03,4495.12,4499.56,4539.565,1774898099999,20431493.68628,9577,1636.670,7366370.08436,0
1774898100000,4499.65,4506.48,4495.60,4503.90,1642.817,1774898999999,7394159.01647,5537,804.109,3619198.20323,0
1774899000000,4503.90,4515.28,4500.28,4506.92,2772.223,1774899899999,12499150.09910,6975,1386.196,6249897.66977,0
1774899900000,4506.95,4523.93,4506.35,4516.16,3395.629,1774900799999,15335058.58989,6931,2153.292,9725550.72990,0
1774900800000,4516.14,4519.26,4507.78,4510.22,1857.688,1774901699999,8383233.54036,4225,716.673,3234636.34005,0
1774901700000,4510.22,4511.42,4503.84,4506.80,1739.473,1774902599999,7841438.23063,3114,325.780,1468538.23649,0
1774902600000,4506.81,4507.80,4501.72,4504.61,2052.832,1774903499999,9247361.76937,3724,443.883,1999569.66742,0
1774903500000,4504.60,4511.77,4503.76,4511.76,1914.399,1774904399999,8630470.23583,3425,470.920,2122972.28813,0
1774904400000,4511.76,4512.09,4509.02,4511.65,522.761,1774905299999,2357975.80728,1534,204.429,922126.21224,0
1774905300000,4511.66,4517.70,4509.55,4514.49,1214.327,1774906199999,5481078.30207,2005,825.059,3723834.90795,0
1774906200000,4514.31,4522.98,4514.05,4519.95,1045.416,1774907099999,4724714.63537,2523,693.913,3136124.74317,0
1774907100000,4519.95,4523.30,4518.69,4518.69,1072.447,1774907999999,4848761.31406,2591,742.587,3357419.90727,0
1774908000000,4518.69,4526.07,4509.03,4509.73,6001.866,1774908899999,27111880.82864,8291,3152.144,14239706.03457,0
1774908900000,4509.85,4516.67,4503.85,4516.38,2968.289,1774909799999,13385265.39743,4306,1071.878,4834211.25318,0
1774909800000,4516.39,4519.79,4509.96,4510.76,1390.467,1774910699999,6278459.03814,3066,829.701,3746401.69146,0
1774910700000,4510.77,4516.61,4510.61,4512.27,1626.913,1774911599999,7343440.84533,2796,867.888,3917495.12005,0
1774911600000,4512.22,4512.22,4493.64,4500.32,4416.189,1774912499999,19881604.77180,7634,2222.765,10006968.19130,0
1774912500000,4500.32,4511.45,4499.45,4506.89,2008.445,1774913399999,9052269.40541,4538,773.578,3486201.20853,0
1774913400000,4506.89,4520.64,4504.76,4519.75,2172.878,1774914299999,9804578.51015,5335,1143.641,5160662.83087,0
1774914300000,4519.72,4522.73,4509.30,4515.13,2099.137,1774915199999,9480045.69801,5107,1067.038,4818419.95943,0
1774915200000,4515.12,4529.72,4512.23,4517.74,5018.414,1774916099999,22698732.31561,10005,2263.491,10237450.17344,0
1774916100000,4517.75,4519.84,4482.84,4513.04,13981.133,1774916999999,62885768.78717,21346,6371.290,28656851.96954,0
1774917000000,4512.90,4538.75,4507.73,4537.29,8473.951,1774917899999,38351176.70302,16487,4362.956,19748493.11294,0
1774917900000,4537.28,4548.82,4536.13,4548.09,7226.434,1774918799999,32822455.30924,15672,3086.524,14019380.83065,0
1774918800000,4548.09,4551.90,4533.32,4544.65,5470.881,1774919699999,24857542.87046,12359,2668.532,12124886.88666,0
1774919700000,4544.65,4587.00,4543.90,4581.45,11985.015,1774920599999,54802111.51449,19549,5123.276,23424175.90341,0
1774920600000,4581.45,4617.68,4577.04,4615.81,17415.144,1774921499999,80036696.50609,26000,8131.779,37375332.71902,0
1774921500000,4615.82,4617.58,4595.08,4604.38,11174.020,1774922399999,51473328.86499,18835,4289.750,19761467.26061,0
1774922400000,4604.27,4606.67,4587.50,4589.28,6824.526,1774923299999,31358754.27515,13237,2949.794,13554150.36699,0
1774923300000,4589.29,4591.99,4579.16,4582.80,4064.215,1774924199999,18635119.37831,9153,2099.436,9626330.59344,0
1774924200000,4582.79,4587.77,4579.50,4586.65,4703.192,1774925099999,21558538.11533,9028,2168.425,9939453.02467,0
1774925100000,4586.65,4587.72,4566.57,4568.76,4392.886,1774925999999,20092618.74147,9775,2234.101,10218784.36885,0
1774926000000,4568.76,4577.69,4567.10,4570.62,2763.899,1774926899999,12635277.84121,7425,1453.232,6643678.32463,0
1774926900000,4570.62,4571.66,4556.56,4561.83,3397.362,1774927799999,15502727.73403,7599,1747.414,7973378.65937,0
1774927800000,4561.95,4566.04,4552.96,4553.00,3879.619,1774928699999,17680146.07668,6096,1844.248,8405157.49900,0
1774928700000,4552.92,4558.00,4551.25,4557.99,2922.457,1774929599999,13310084.62840,5207,1885.515,8587262.46020,0
1774929600000,4558.00,4565.87,4558.00,4558.87,1828.983,1774930499999,8342577.64960,4834,1147.604,5234441.67835,0
1774930500000,4558.86,4569.58,4558.50,4562.24,2209.897,1774931399999,10085348.34531,4883,1064.381,4856975.91378,0
1774931400000,4562.15,4565.64,4561.04,4564.87,1030.164,1774932299999,4700744.76319,3221,657.546,3000429.72340,0
1774932300000,4564.88,4568.74,4561.53,4565.27,1653.429,1774933199999,7547848.29734,4047,778.050,3551890.12937,0
1774933200000,4565.23,4570.72,4548.11,4550.82,4681.636,1774934099999,21351999.13914,7633,1605.182,7321228.55511,0
1774934100000,4550.83,4567.42,4550.00,4561.39,2078.701,1774934999999,9479320.29633,5476,1144.453,5218794.72305,0
1774935000000,4561.39,4578.65,4559.10,4576.06,4724.702,1774935899999,21606977.30139,9164,1993.922,9117369.85484,0
1774935900000,4576.06,4580.78,4567.56,4568.80,2650.015,1774936799999,12123653.97640,7210,1278.406,5848643.56964,0
1774936800000,4568.80,4569.07,4557.32,4559.61,4318.218,1774937699999,19700278.34773,8268,2256.613,10294295.91437,0
1774937700000,4559.65,4564.52,4555.00,4561.01,3463.122,1774938599999,15787853.17049,6626,1823.780,8314470.74545,0
1774938600000,4561.00,4565.35,4556.66,4559.51,2182.162,1774939499999,9954005.84419,5032,1192.641,5439922.18435,0
1774939500000,4559.52,4562.00,4555.41,4557.69,1274.729,1774940399999,5810943.82400,3528,832.729,3796055.06358,0
1774940400000,4557.90,4563.88,4551.53,4553.07,3976.593,1774941299999,18121001.86897,5812,2117.608,9649476.36903,0
1774941300000,4553.08,4557.65,4544.00,4553.58,3424.149,1774942199999,15585216.23939,6625,1628.216,7412236.97453,0
1774942200000,4553.58,4561.63,4553.57,4560.71,2302.199,1774943099999,10493016.33278,5083,1239.236,5647815.74922,0
1774943100000,4560.79,4567.00,4558.58,4566.01,2741.055,1774943999999,12504401.88143,5038,1741.596,7945087.85489,0
1774944000000,4565.90,4573.86,4562.18,4566.96,4122.245,1774944899999,18831108.91156,7788,2134.745,9751909.09665,0
1774944900000,4566.90,4573.79,4566.28,4573.78,2369.082,1774945799999,10825250.01501,4779,1149.952,5254665.67732,0
1774945800000,4573.79,4575.84,4568.36,4571.70,2739.637,1774946699999,12525469.84146,5247,1000.852,4576076.73284,0
1774946700000,4571.69,4574.44,4568.34,4570.23,4228.280,1774947599999,19329788.13475,5761,2461.582,11252688.61129,0
1774947600000,4570.23,4574.01,4564.62,4569.14,2779.098,1774948499999,12700491.46004,5254,1308.919,5981412.63728,0
1774948500000,4568.86,4571.80,4562.59,4563.23,2481.822,1774949399999,11335245.41508,5255,1190.337,5436756.37304,0
1774949400000,4563.23,4563.39,4552.20,4556.74,4347.363,1774950299999,19810454.03536,8004,1936.767,8824456.86136,0
1774950300000,4556.74,4563.13,4552.68,4556.81,2174.131,1774951199999,9909726.13589,4539,1107.902,5050179.99254,0
1774951200000,4556.81,4562.75,4556.35,4558.00,1556.339,1774952099999,7097286.90503,3887,917.712,4184987.16409,0
1774952100000,4558.00,4561.99,4556.86,4561.67,769.723,1774952999999,3509342.15605,2771,411.821,1877574.31426,0
1774953000000,4561.68,4561.89,4531.63,4542.64,10184.382,1774953899999,46249173.79139,12733,5004.934,22727249.87460,0
1774953900000,4542.45,4553.45,4541.50,4548.03,3142.127,1774954799999,14286854.46072,7213,1548.974,7042375.33165,0
1774954800000,4548.04,4565.50,4542.23,4552.49,6379.119,1774955699999,29034067.46726,12308,3534.669,16086947.10533,0
1774955700000,4552.48,4583.96,4550.93,4576.41,9823.351,1774956599999,44923568.97060,16066,4916.955,22486404.48536,0
1774956600000,4576.43,4593.64,4570.51,4592.53,12751.069,1774957499999,58430930.51676,11282,5935.660,27197466.00957,0
1774957500000,4592.53,4593.27,4577.81,4583.00,6767.324,1774958399999,31031649.67201,9442,3113.029,14274700.37453,0
1774958400000,4583.00,4597.99,4575.78,4577.32,5383.745,1774959299999,24694661.01574,12960,2556.504,11727060.87932,0
1774959300000,4577.31,4583.14,4572.60,4580.52,5129.267,1774960199999,23481779.17566,12473,2718.070,12443457.27955,0
1774960200000,4580.74,4590.63,4578.64,4579.67,2236.388,1774961099999,10252053.43597,6612,1027.105,4708823.34754,0
1774961100000,4579.66,4581.80,4570.49,4575.48,3433.526,1774961999999,15707173.65494,6886,1512.260,6917499.70108,0
1774962000000,4575.48,4583.56,4569.00,4581.95,3547.788,1774962899999,16233359.42567,9340,1624.855,7433662.67842,0
1774962900000,4581.94,4587.88,4574.37,4574.38,2354.643,1774963799999,10792969.66174,5736,997.922,4573669.20655,0
1774963800000,4574.37,4590.44,4569.51,4587.93,5227.126,1774964699999,23944036.89295,11687,2513.585,11511111.45183,0
1774964700000,4587.94,4609.31,4585.90,4607.35,9406.830,1774965599999,43260658.79261,15468,4340.053,19957820.31251,0
1774965600000,4607.28,4624.55,4603.00,4614.40,13549.026,1774966499999,62502333.85696,21668,6033.646,27831847.76597,0
1774966500000,4614.61,4619.34,4603.50,4618.67,7917.909,1774967399999,36515358.80722,13676,3861.197,17808488.79270,0
1774967400000,4618.68,4631.98,4604.69,4608.50,12101.828,1774968299999,55885530.75437,17439,6717.903,31025725.91210,0
1774968300000,4608.50,4611.27,4594.52,4599.46,7887.370,1774969199999,36301096.66997,13797,3528.903,16243443.79100,0
1774969200000,4599.46,4623.34,4599.46,4622.30,6220.255,1774970099999,28703136.16948,11294,3270.997,15092904.63300,0
1774970100000,4622.30,4624.56,4608.23,4610.08,4679.364,1774970999999,21602841.03723,10075,1993.166,9201298.85283,0
1774971000000,4610.05,4620.55,4607.62,4619.80,3064.621,1774971899999,14146081.54761,6799,1527.367,7049177.02883,0
1774971900000,4619.80,4623.01,4609.04,4610.21,4101.305,1774972799999,18930660.07564,7897,1989.564,9181513.47636,0
1774972800000,4610.21,4619.97,4608.00,4612.41,3454.725,1774973699999,15936418.28728,7302,1738.712,8020071.47360,0
1774973700000,4612.40,4618.46,4610.06,4617.34,2152.793,1774974599999,9934739.44611,5106,941.367,4344409.16075,0
1774974600000,4617.35,4651.33,4615.14,4642.34,16849.351,1774975499999,78172381.03435,24698,9483.081,43994600.80030,0
1774975500000,4642.33,4649.73,4631.28,4638.15,12404.028,1774976399999,57549529.74455,22187,5828.573,27041612.91835,0
1774976400000,4638.16,4655.19,4637.01,4643.11,9913.263,1774977299999,46042815.85210,17507,4840.073,22479704.70829,0
1774977300000,4643.10,4657.20,4640.68,4648.43,6460.733,1774978199999,30030747.83311,13000,3302.516,15349766.83198,0
1774978200000,4648.42,4663.84,4645.85,4659.53,9098.982,1774979099999,42353736.07462,17064,4276.092,19904944.50424,0
1774979100000,4659.59,4666.59,4653.31,4654.89,5560.964,1774979999999,25918801.73137,11483,2651.622,12358328.40923,0
1774980000000,4654.88,4670.00,4653.16,4665.10,4821.105,1774980899999,22477615.69797,11346,2579.844,12029517.29723,0
1774980900000,4665.09,4668.48,4658.96,4663.89,3504.368,1774981799999,16344840.21595,7732,1324.418,6177285.74077,0
1774981800000,4663.89,4669.39,4659.39,4666.31,2984.355,1774982699999,13921816.71723,7159,1200.200,5598740.73668,0
1774982700000,4666.31,4669.00,4663.14,4665.74,2969.543,1774983599999,13858734.17985,4973,1439.308,6716746.63876,0
1774983600000,4665.74,4674.75,4660.32,4669.60,6267.733,1774984499999,29263725.46264,9228,3321.109,15505830.95347,0
1774984500000,4669.61,4678.60,4667.80,4671.06,3708.625,1774985399999,17332867.87555,8144,1840.007,8599513.45190,0
1774985400000,4671.06,4681.92,4671.06,4679.18,3482.077,1774986299999,16287300.10992,8329,1786.097,8355068.38690,0
1774986300000,4679.17,4683.60,4677.80,4680.51,2621.266,1774987199999,12269846.34320,7005,1237.761,5793843.83710,0
1774987200000,4680.51,4684.78,4674.61,4677.38,2603.509,1774988099999,12182410.09934,6373,1047.317,4900809.05275,0
1774988100000,4677.38,4679.95,4666.61,4667.63,2360.016,1774988999999,11025321.11407,5562,755.627,3529955.87939,0
1774989000000,4667.64,4673.02,4665.15,4666.20,1956.694,1774989899999,9135252.31035,5097,683.592,3191494.36207,0
1774989900000,4666.20,4668.57,4662.50,4668.57,2694.773,1774990799999,12572831.32168,5506,897.158,4186012.08691,0
1774990800000,4668.57,4668.57,4664.00,4664.04,642.719,1774991699999,2998803.73149,1734,210.786,983523.70789,0
1774991700000,4664.04,4664.05,4660.67,4660.67,590.933,1774992599999,2755451.96281,1973,161.960,755235.98943,0
1774992600000,4660.68,4666.47,4660.67,4666.18,533.973,1774993499999,2490681.79088,2230,357.960,1669583.72301,0
1774993500000,4666.14,4666.14,4661.33,4662.02,731.248,1774994399999,3410249.75877,3391,255.194,1190118.49571,0
1774994400000,4662.01,4677.39,4660.96,4666.90,6814.571,1774995299999,31825843.79558,12557,3130.722,14621133.01368,0
1774995300000,4666.91,4683.49,4661.42,4671.99,4744.865,1774996199999,22169694.74592,9675,2077.187,9702830.43529,0
1774996200000,4672.21,4693.97,4668.66,4682.45,7236.242,1774997099999,33901959.57856,14349,3877.453,18168374.70669,0
1774997100000,4682.45,4684.64,4660.33,4677.75,10201.739,1774997999999,47644908.12226,16845,5242.371,24478804.53657,0
1774998000000,4677.78,4679.75,4670.46,4672.95,2155.665,1774998899999,10077600.05269,6830,939.742,4393069.63420,0
1774998900000,4672.96,4681.49,4669.74,4680.28,2440.768,1774999799999,11411881.85188,6668,1260.724,5894634.05325,0
1774999800000,4680.20,4692.17,4679.41,4687.72,2499.170,1775000699999,11712868.42318,6738,1183.047,5543974.06955,0
1775000700000,4687.73,4699.00,4685.48,4693.91,3364.125,1775001599999,15784973.74751,7332,1739.781,8164654.78726,0
