open_time,open,high,low,close,volume,close_time,quote_volume,count,taker_buy_volume,taker_buy_quote_volume,ignore
1777593600000,4629.11,4633.39,4623.56,4625.32,1288.841,1777594499999,5964429.19538,4355,600.530,2778980.37740,0
1777594500000,4625.31,4631.00,4624.26,4626.61,1000.909,1777595399999,4632420.75610,3275,598.485,2770132.60637,0
1777595400000,4626.61,4627.62,4621.42,4623.07,918.656,1777596299999,4247808.60100,2945,427.515,1977019.79723,0
1777596300000,4623.10,4627.42,4622.61,4622.88,691.998,1777597199999,3200199.92228,2297,293.736,1358416.33441,0
1777597200000,4622.87,4623.00,4618.77,4621.44,960.146,1777598099999,4436444.61744,3035,406.060,1876217.13401,0
1777598100000,4621.44,4621.60,4616.75,4618.30,715.865,1777598999999,3306248.36891,2084,282.968,1306800.83977,0
1777599000000,4618.29,4624.42,4618.29,4621.96,741.759,1777599899999,3428065.90295,2596,475.782,2198924.31090,0
1777599900000,4621.96,4624.21,4621.15,4622.95,293.139,1777600799999,1355100.55585,1687,175.277,810274.76633,0
1777600800000,4622.94,4636.61,4622.19,4633.18,1792.470,1777601699999,8298448.31695,3413,1038.020,4804567.55976,0
1777601700000,4633.18,4637.88,4630.87,4631.50,1679.862,1777602599999,7785757.39070,3245,694.635,3219587.92203,0
1777602600000,4631.49,4633.00,4626.49,4626.96,940.004,1777603499999,4352470.23490,2468,319.099,1477406.21545,0
1777603500000,4627.00,4627.00,4619.58,4621.60,1299.123,1777604399999,6005405.22045,3169,597.035,2759900.61628,0
1777604400000,4621.59,4623.88,4620.60,4623.59,770.586,1777605299999,3561665.45941,2173,409.944,1894719.31453,0
1777605300000,4623.48,4629.37,4623.47,4629.32,1096.135,1777606199999,5070523.48895,2359,743.959,3441309.48506,0
1777606200000,4629.24,4634.21,4627.93,4628.49,1852.543,1777607099999,8581685.19032,3434,665.670,3083487.16808,0
1777607100000,4628.49,4630.78,4628.49,4629.12,648.897,1777607999999,3004010.96343,1617,213.939,990466.22043,0
1777608000000,4629.13,4630.88,4622.50,4624.08,972.686,1777608899999,4500401.60266,2891,458.481,2121493.37221,0
1777608900000,4624.09,4625.76,4620.33,4620.33,452.677,1777609799999,2092805.37849,1907,168.831,780682.79052,0
1777609800000,4620.33,4620.68,4614.96,4616.63,1932.358,1777610699999,8923008.91147,3859,980.662,4528467.33848,0
1777610700000,4616.63,4617.28,4612.60,4612.62,841.982,1777611599999,3884899.66521,2287,429.467,1981567.40609,0
1777611600000,4612.63,4617.40,4610.97,4617.25,2118.585,1777612499999,9775115.59522,3250,1382.993,6381488.82706,0
1777612500000,4617.24,4619.39,4614.78,4617.95,735.838,1777613399999,3397580.30481,1996,463.188,2138747.04934,0
1777613400000,4617.95,4618.44,4613.07,4613.07,879.411,1777614299999,4058744.02055,2592,436.819,2016198.00038,0
1777614300000,4613.07,4616.28,4606.12,4608.01,1946.702,1777615199999,8973326.30623,4014,883.050,4070428.07737,0
1777615200000,4608.06,4610.72,4604.60,4604.79,1640.374,1777616099999,7557339.66740,4465,752.779,3468127.52799,0
1777616100000,4604.79,4605.33,4596.24,4597.08,3501.302,1777616999999,16108137.60342,5984,1582.802,7281884.22294,0
1777617000000,4597.08,4600.36,4593.47,4596.88,2879.397,1777617899999,13235595.38039,5540,1530.745,7036728.36157,0
1777617900000,4596.88,4599.20,4594.20,4598.24,1374.223,1777618799999,6316869.08738,5666,662.152,3043640.85291,0
1777618800000,4598.24,4599.49,4593.12,4599.05,1679.265,1777619699999,7720096.60500,6437,895.434,4116619.09512,0
1777619700000,4599.04,4601.19,4588.99,4595.70,3297.057,1777620599999,15147049.74571,7761,1518.684,6977691.32650,0
1777620600000,4595.70,4595.70,4587.23,4589.32,2011.582,1777621499999,9233346.56504,6285,939.907,4314220.88958,0
1777621500000,4589.32,4589.64,4580.65,4582.69,3699.040,1777622399999,16960023.30311,8590,1843.585,8452379.27913,0
1777622400000,4582.68,4586.86,4578.12,4578.32,4217.335,1777623299999,19325867.24779,9716,2190.615,10039811.16763,0
1777623300000,4578.40,4581.28,4571.54,4572.06,3681.928,1777624199999,16845090.98603,8566,1966.759,8997926.87836,0
1777624200000,4572.06,4577.28,4571.15,4576.21,2970.241,1777625099999,13587470.72546,7800,1904.718,8713221.99544,0
1777625100000,4576.21,4577.57,4570.26,4573.20,3038.889,1777625999999,13898899.11510,6862,1728.646,7905941.35135,0
1777626000000,4573.21,4573.47,4569.36,4570.93,1967.230,1777626899999,8992487.64798,6818,949.070,4338291.97560,0
1777626900000,4570.94,4575.55,4570.00,4574.00,2498.296,1777627799999,11425724.07678,5980,1629.712,7453272.26708,0
1777627800000,4574.00,4577.37,4572.66,4575.51,2144.980,1777628699999,9815326.53124,5615,1312.313,6005105.71928,0
1777628700000,4575.51,4575.58,4565.04,4567.85,3790.252,1777629599999,17321998.90361,8403,1829.977,8363471.08615,0
1777629600000,4567.84,4573.03,4566.72,4572.04,1767.008,1777630499999,8075628.26826,5060,1190.930,5442855.78345,0
1777630500000,4572.04,4577.94,4571.75,4577.67,1453.048,1777631399999,6648374.60926,4975,881.863,4034954.98462,0
1777631400000,4577.68,4581.68,4572.68,4575.23,3081.155,1777632299999,14104859.59450,7095,1840.481,8425942.43890,0
1777632300000,4575.23,4577.00,4571.38,4571.71,1416.068,1777633199999,6476967.17343,4812,639.717,2926201.74833,0
1777633200000,4571.71,4573.63,4568.30,4570.84,1934.980,1777634099999,8844748.43579,6254,996.448,4554648.72138,0
1777634100000,4570.84,4581.31,4569.62,4576.81,2741.120,1777634999999,12547435.49596,7067,1686.757,7720904.47533,0
1777635000000,4576.81,4582.57,4575.59,4580.40,2132.906,1777635899999,9768803.33577,6987,1265.804,5797648.99986,0
1777635900000,4580.40,4583.70,4577.67,4583.26,2027.582,1777636799999,9287297.70272,6493,1116.290,5112778.33829,0
1777636800000,4583.26,4594.52,4580.00,4589.51,5857.165,1777637699999,26854993.68354,12497,2928.097,13425968.56965,0
1777637700000,4589.51,4611.34,4587.66,4606.78,10486.362,1777638599999,48251447.17535,20272,5081.058,23371261.45068,0
1777638600000,4606.79,4607.16,4591.65,4594.90,10320.452,1777639499999,47474515.71506,16019,3077.901,14156573.68334,0
1777639500000,4594.90,4599.02,4592.65,4593.75,4231.608,1777640399999,19446931.88269,9930,2029.575,9327449.56849,0
1777640400000,4593.75,4600.47,4592.71,4594.19,2918.926,1777641299999,13417814.30026,9212,1466.418,6740956.34085,0
1777641300000,4594.19,4595.97,4589.12,4591.80,3057.856,1777642199999,14045729.49976,8700,1252.208,5751754.22182,0
1777642200000,4591.80,4611.96,4589.48,4611.01,8253.771,1777643099999,37998679.90364,18567,4216.496,19410462.60294,0
1777643100000,4611.00,4631.66,4601.35,4629.80,14950.902,1777643999999,69047102.35806,25023,7722.069,35656531.34153,0
1777644000000,4629.79,4661.00,4628.67,4657.05,22384.031,1777644899999,103965734.99357,32705,11438.761,53126267.23040,0
1777644900000,4657.05,4661.28,4643.60,4644.98,15575.624,1777645799999,72488689.26825,23337,6200.676,28859388.85664,0
1777645800000,4644.98,4646.43,4632.43,4634.78,9497.579,1777646699999,44070497.97811,18205,4054.148,18810093.84260,0
1777646700000,4634.77,4637.99,4629.85,4634.35,7662.910,1777647599999,35507533.46885,14067,4401.315,20394214.33603,0
1777647600000,4634.47,4638.24,4621.56,4638.24,6968.413,1777648499999,32258470.06690,14628,4106.120,19008420.04499,0
1777648500000,4638.23,4642.41,4635.92,4638.64,4591.110,1777649399999,21298635.43196,10242,2348.476,10894261.64389,0
1777649400000,4638.64,4645.80,4637.76,4644.52,5012.385,1777650299999,23266589.84754,9969,2496.561,11587284.95551,0
1777650300000,4644.52,4649.25,4634.11,4644.11,5627.847,1777651199999,26128700.70283,11118,2333.330,10833746.98401,0
1777651200000,4644.11,4645.78,4638.79,4642.95,2477.989,1777652099999,11505061.34734,6698,776.013,3602768.66927,0
1777652100000,4642.96,4650.66,4638.00,4638.02,5257.337,1777652999999,24410819.71001,11003,2251.954,10455877.82524,0
1777653000000,4638.02,4640.97,4633.01,4639.00,4186.562,1777653899999,19412164.38282,8638,1981.899,9189797.99586,0
1777653900000,4639.00,4643.24,4636.80,4639.87,1082.648,1777654799999,5023221.46353,4150,485.661,2253375.10351,0
1777654800000,4639.87,4643.44,4639.01,4640.78,1096.372,1777655699999,5088011.61626,3378,557.620,2587720.95329,0
1777655700000,4640.78,4641.23,4632.04,4632.92,1019.916,1777656599999,4729339.90015,3838,424.353,1967771.44526,0
1777656600000,4632.70,4633.35,4626.65,4628.89,2548.892,1777657499999,11800572.39972,4445,1090.969,5051396.69052,0
1777657500000,4628.90,4636.01,4627.99,4631.09,1795.037,1777658399999,8313444.38225,4223,1123.485,5203245.65377,0
1777658400000,4631.09,4631.96,4617.19,4617.49,2783.849,1777659299999,12870727.01433,5354,1125.770,5205690.99527,0
1777659300000,4617.27,4626.12,4615.61,4625.93,2265.370,1777660199999,10470239.31601,5013,1402.692,6482647.58289,0
1777660200000,4625.76,4626.44,4618.50,4624.50,1928.682,1777661099999,8916377.81226,4270,895.665,4140450.78610,0
1777661100000,4624.50,4627.84,4622.44,4626.24,914.236,1777661999999,4228902.51416,2392,477.437,2208160.97376,0
1777662000000,4626.24,4628.54,4622.87,4628.53,634.450,1777662899999,2934585.44578,2380,375.546,1737035.15357,0
1777662900000,4628.54,4629.51,4626.60,4626.60,475.173,1777663799999,2199444.30615,1692,223.440,1034241.69333,0
1777663800000,4626.61,4626.61,4614.40,4614.81,1493.774,1777664699999,6899295.61902,3858,734.290,3391393.93011,0
1777664700000,4614.80,4618.59,4612.08,4614.00,2011.869,1777665599999,9283470.97901,4085,1230.221,5676574.16298,0
1777665600000,4613.99,4615.73,4610.50,4614.08,1389.643,1777666499999,6410535.03552,3384,712.498,3286842.54388,0
1777666500000,4614.08,4619.46,4612.92,4617.00,841.863,1777667399999,3886832.52102,2099,380.681,1757329.87590,0
1777667400000,4617.00,4618.94,4614.10,4616.78,683.872,1777668299999,3156901.37993,1837,316.254,1459823.05608,0
1777668300000,4616.78,4619.17,4614.60,4616.01,816.973,1777669199999,3771516.73693,2638,340.561,1572049.09634,0
1777669200000,4616.01,4616.01,4613.76,4615.81,340.315,1777670099999,1570500.67358,1083,154.215,711675.47493,0
1777670100000,4615.80,4616.52,4615.59,4616.41,97.831,1777670999999,451598.41474,324,67.706,312533.93217,0
1777671000000,4616.41,4617.99,4615.10,4617.98,511.979,1777671899999,2363810.30451,900,464.736,2145716.97239,0
1777671900000,4617.98,4617.99,4616.90,4616.91,135.900,1777672799999,627532.86724,452,71.020,327942.34766,0
1777672800000,4616.92,4616.92,4616.01,4616.69,467.658,1777673699999,2158966.41665,797,270.843,1250354.90602,0
1777673700000,4616.69,4617.17,4616.69,4617.17,199.242,1777674599999,919876.88562,384,169.068,780566.22407,0
1777674600000,4617.17,4617.17,4616.22,4616.22,83.132,1777675499999,383809.82941,262,13.845,63921.90798,0
1777675500000,4616.22,4616.24,4616.22,4616.24,86.936,1777676399999,401316.44868,236,69.668,321603.53433,0
1777676400000,4616.23,4616.88,4616.23,4616.51,98.996,1777677299999,457025.40863,338,52.803,243764.27286,0
1777677300000,4616.51,4616.86,4616.51,4616.75,118.189,1777678199999,545639.93845,364,96.608,446005.39971,0
1777678200000,4616.76,4617.35,4616.75,4617.35,175.959,1777679099999,812400.52938,319,152.532,704240.13234,0
1777679100000,4617.34,4617.35,4616.90,4616.90,110.910,1777679999999,512106.01306,331,44.283,204469.64858,0
1777680000000,4616.90,4616.92,4616.41,4616.91,152.884,1777680899999,705818.27344,472,95.632,441505.53751,0
1777680900000,4616.92,4616.92,4616.91,4616.92,26.463,1777681799999,122177.40752,160,11.819,54567.37748,0
1777681800000,4616.91,4617.20,4616.64,4616.76,188.687,1777682699999,871179.94099,820,123.527,570337.35050,0
1777682700000,4616.75,4616.76,4616.70,4616.70,48.014,1777683599999,221667.50302,205,12.534,57866.23974,0
1777683600000,4616.71,4616.71,4616.35,4616.36,190.824,1777684499999,880947.15165,363,45.939,212079.70910,0
1777684500000,4616.35,4616.57,4616.35,4616.38,113.177,1777685399999,522475.87438,264,65.655,303094.18098,0
1777685400000,4616.37,4616.38,4615.95,4615.96,373.991,1777686299999,1726402.75168,523,38.499,177719.63159,0
1777686300000,4615.96,4615.96,4614.61,4614.62,464.709,1777687199999,2144780.10673,427,51.739,238777.35962,0
1777687200000,4614.62,4614.93,4614.51,4614.93,125.268,1777688099999,578058.48690,287,77.563,357919.38812,0
1777688100000,4614.93,4616.14,4614.92,4616.13,83.858,1777688999999,387085.09845,360,59.409,274225.37372,0
1777689000000,4616.12,4616.13,4616.12,4616.12,22.207,1777689899999,102510.35218,132,17.534,80939.22342,0
1777689900000,4616.13,4616.88,4616.12,4616.88,115.704,1777690799999,534141.82911,336,111.934,516738.26259,0
1777690800000,4616.88,4616.88,4616.12,4616.12,68.316,1777691699999,315380.36119,259,7.794,35980.61530,0
1777691700000,4616.12,4616.48,4616.12,4616.47,60.400,1777692599999,278825.35318,205,54.751,252747.05625,0
1777692600000,4616.48,4616.73,4616.47,4616.72,73.269,1777693499999,338248.78373,311,51.508,237786.56506,0
1777693500000,4616.72,4616.73,4616.71,4616.71,50.646,1777694399999,233818.29365,194,35.743,165015.42938,0
1777694400000,4616.72,4616.88,4616.71,4616.72,88.164,1777695299999,407033.01939,294,70.691,326363.09382,0
1777695300000,4616.71,4617.07,4616.62,4616.69,139.790,1777696199999,645391.15631,562,93.660,432419.81119,0
1777696200000,4616.69,4616.70,4616.14,4616.14,86.085,1777697099999,397411.64743,316,7.455,34417.22462,0
1777697100000,4616.15,4616.15,4616.14,4616.15,40.783,1777697999999,188260.32825,344,29.063,134159.16745,0
1777698000000,4616.14,4616.15,4616.14,4616.15,77.761,1777698899999,358955.82201,397,15.947,73613.74405,0
1777698900000,4616.14,4616.15,4616.14,4616.14,35.992,1777699799999,166144.31827,314,20.739,95734.33485,0
1777699800000,4616.15,4616.16,4616.14,4616.15,21.312,1777700699999,98379.38271,199,19.476,89904.14420,0
1777700700000,4616.16,4616.16,4616.15,4616.16,12.128,1777701599999,55984.72826,146,6.106,28186.27296,0
1777701600000,4616.16,4616.16,4616.15,4616.15,53.581,1777702499999,247338.01587,353,8.272,38184.87552,0
1777702500000,4616.16,4616.16,4616.15,4616.16,24.040,1777703399999,110972.33346,205,8.746,40372.93536,0
1777703400000,4616.16,4616.16,4616.12,4616.13,116.050,1777704299999,535702.32838,301,20.934,96634.08046,0
1777704300000,4616.13,4616.13,4616.12,4616.12,30.570,1777705199999,141114.96270,229,17.430,80459.14590,0
1777705200000,4616.13,4616.19,4616.12,4616.19,104.639,1777706099999,483028.88405,566,83.082,383519.13430,0
1777706100000,4616.19,4616.19,4616.18,4616.19,19.771,1777706999999,91266.52970,170,3.492,16119.73548,0
1777707000000,4616.18,4616.19,4616.18,4616.19,19.522,1777707899999,90117.21265,138,14.669,67714.89111,0
1777707900000,4616.18,4616.19,4615.56,4615.56,177.911,1777708799999,821239.89814,354,8.553,39479.28963,0
1777708800000,4615.57,4615.58,4615.56,4615.57,42.757,1777709699999,197347.81762,269,29.731,137225.51274,0
1777709700000,4615.58,4615.58,4615.57,4615.57,26.876,1777710599999,124048.20249,185,14.317,66081.25886,0
1777710600000,4615.58,4615.82,4615.57,4615.81,42.923,1777711499999,198116.16899,201,34.966,161389.29250,0
1777711500000,4615.81,4616.13,4615.81,4616.12,51.129,1777712399999,236004.66181,191,37.959,175213.62881,0
1777712400000,4616.12,4616.13,4616.12,4616.12,26.883,1777713299999,124095.34007,154,18.611,85910.79543,0
1777713300000,4616.12,4616.13,4616.12,4616.12,17.436,1777714199999,80486.77454,118,10.622,49032.53286,0
1777714200000,4616.13,4616.85,4616.12,4616.82,139.546,1777715099999,644209.70663,354,96.754,446652.37571,0
1777715100000,4616.81,4616.82,4616.81,4616.82,24.898,1777715999999,114949.38383,147,4.845,22368.49290,0
1777716000000,4616.81,4616.82,4616.81,4616.81,20.212,1777716899999,93315.01948,166,5.576,25743.38832,0
1777716900000,4616.82,4616.82,4616.81,4616.81,21.727,1777717799999,100309.51450,136,8.363,38610.46566,0
1777717800000,4616.81,4616.82,4616.81,4616.82,59.983,1777718699999,276930.15075,143,3.652,16860.62664,0
1777718700000,4616.81,4616.82,4616.81,4616.81,23.754,1777719599999,109667.86400,154,15.926,73527.47532,0
1777719600000,4616.82,4616.82,4616.81,4616.81,20.750,1777720499999,95798.87042,314,6.292,29049.03144,0
1777720500000,4616.81,4616.82,4616.81,4616.82,28.357,1777721399999,130919.11518,202,23.401,108038.20482,0
1777721400000,4616.81,4616.82,4616.50,4616.50,101.146,1777722299999,466966.22043,265,4.292,19814.57430,0
1777722300000,4616.50,4616.51,4616.50,4616.51,19.212,1777723199999,88692.25917,174,6.117,28239.19167,0
1777723200000,4616.50,4616.51,4616.50,4616.51,33.479,1777724099999,154555.93098,156,12.748,58851.26948,0
1777724100000,4616.50,4616.51,4616.50,4616.50,15.032,1777724999999,69395.33686,112,10.886,50255.32786,0
1777725000000,4616.50,4616.51,4616.50,4616.51,22.414,1777725899999,103474.37673,107,14.573,67276.40023,0
1777725900000,4616.50,4616.51,4616.50,4616.50,21.437,1777726799999,98964.04867,118,13.817,63786.31867,0
1777726800000,4616.50,4616.82,4616.50,4616.82,98.445,1777727699999,454477.23564,309,93.456,431445.21399,0
1777727700000,4616.82,4616.82,4616.81,4616.81,12.671,1777728599999,58499.66532,102,6.581,30383.29242,0
1777728600000,4616.81,4616.82,4616.81,4616.81,110.964,1777729499999,512300.24564,354,54.080,249677.62560,0
1777729500000,4616.81,4616.82,4616.81,4616.82,190.086,1777730399999,877591.64728,381,70.162,323925.32484,0
1777730400000,4616.82,4616.82,4616.81,4616.81,435.612,1777731299999,2011140.02772,441,219.000,1011083.58000,0
1777731300000,4616.81,4616.82,4616.72,4616.72,84.116,1777732199999,388347.15438,308,20.016,92409.99633,0
1777732200000,4616.72,4616.73,4616.61,4616.61,39.595,1777733099999,182795.74127,197,25.130,116015.92966,0
1777733100000,4616.62,4616.62,4616.52,4616.52,27.511,1777733999999,127005.44838,166,14.200,65554.74715,0
1777734000000,4616.53,4616.53,4616.52,4616.52,18.792,1777734899999,86753.68056,172,3.672,16951.89816,0
1777734900000,4616.53,4616.53,4616.52,4616.52,25.639,1777735799999,118363.13186,167,17.558,81057.03374,0
1777735800000,4616.52,4616.53,4616.52,4616.53,13.078,1777736699999,60374.89708,155,4.852,22399.40356,0
1777736700000,4616.52,4616.53,4616.52,4616.53,40.763,1777737599999,188183.49530,257,29.054,134128.66262,0
1777737600000,4616.52,4616.53,4616.52,4616.53,71.246,1777738499999,328908.79742,299,21.350,98562.91550,0
1777738500000,4616.52,4616.53,4616.52,4616.53,69.317,1777739399999,320003.69242,223,37.558,173387.63374,0
1777739400000,4616.52,4616.96,4616.52,4616.96,136.269,1777740299999,629107.69821,445,123.344,569435.48248,0
1777740300000,4616.96,4616.96,4616.95,4616.96,37.943,1777741199999,175181.05640,198,12.255,56580.84480,0
1777741200000,4616.95,4616.96,4616.95,4616.95,24.019,1777742099999,110894.63893,191,11.688,53963.02848,0
1777742100000,4616.95,4617.07,4616.95,4617.07,105.143,1777742999999,485447.94434,307,62.225,287294.64974,0
1777743000000,4617.07,4617.08,4617.00,4617.00,97.165,1777743899999,448616.52382,569,29.284,135206.15554,0
1777743900000,4617.00,4617.01,4617.00,4617.01,15.432,1777744799999,71249.55236,141,0.836,3859.82036,0
1777744800000,4617.00,4617.01,4617.00,4617.00,30.518,1777745699999,140901.64732,201,4.132,19077.48532,0
1777745700000,4617.00,4617.01,4617.00,4617.01,9.681,1777746599999,44697.20961,157,3.261,15056.06961,0
1777746600000,4617.00,4617.01,4617.00,4617.01,16.344,1777747499999,75460.35234,210,10.434,48173.88234,0
1777747500000,4617.00,4617.01,4616.99,4616.99,47.171,1777748399999,217788.55091,337,8.651,39941.74229,0
1777748400000,4616.99,4617.00,4616.66,4616.66,199.858,1777749299999,922733.19177,227,1.864,8606.05206,0
1777749300000,4616.67,4616.67,4616.56,4616.57,16.432,1777750199999,75860.17273,162,4.495,20751.57375,0
1777750200000,4616.57,4616.57,4616.56,4616.56,19.074,1777751099999,88056.35515,216,8.971,41415.24947,0
1777751100000,4616.56,4616.57,4616.52,4616.53,46.985,1777751999999,216908.87025,194,1.294,5973.83118,0
1777752000000,4616.52,4616.53,4616.52,4616.53,14.692,1777752899999,67825.92343,148,1.159,5350.55827,0
1777752900000,4616.52,4616.53,4616.52,4616.52,27.056,1777753799999,124904.60953,145,4.441,20502.00973,0
1777753800000,4616.52,4616.53,4616.52,4616.52,25.121,1777754699999,115971.81913,301,22.021,101660.60713,0
1777754700000,4616.52,4616.53,4616.52,4616.53,30.757,1777755599999,141990.31749,138,1.185,5470.58805,0
1777755600000,4616.53,4616.53,4616.52,4616.53,21.115,1777756499999,97478.00410,147,18.430,85082.64790,0
1777756500000,4616.52,4616.53,4616.52,4616.53,43.602,1777757399999,201289.65160,355,14.656,67659.86368,0
1777757400000,4616.52,4617.03,4616.12,4616.13,274.764,1777758299999,1268514.57500,1007,185.846,858003.78546,0
1777758300000,4616.13,4616.13,4616.12,4616.12,49.238,1777759199999,227288.55774,162,4.118,19009.22334,0
1777759200000,4616.13,4616.13,4615.21,4615.29,350.996,1777760099999,1620133.72737,742,88.551,408699.44702,0
1777760100000,4615.28,4615.29,4615.28,4615.28,125.369,1777760999999,578613.49605,307,45.773,211255.66917,0
1777761000000,4615.28,4615.31,4615.28,4615.30,79.543,1777761899999,367114.66117,223,54.606,252022.95275,0
1777761900000,4615.31,4616.15,4615.30,4616.15,72.406,1777762799999,334207.64830,334,65.716,303328.33911,0
1777762800000,4616.15,4616.19,4616.14,4616.19,43.376,1777763699999,200231.19438,212,21.299,98319.90840,0
1777763700000,4616.19,4616.27,4616.18,4616.27,25.787,1777764599999,119038.31150,201,18.909,87287.91146,0
1777764600000,4616.26,4616.27,4616.26,4616.27,50.536,1777765499999,233287.48699,175,17.163,79229.04201,0
1777765500000,4616.26,4616.89,4616.26,4616.50,80.561,1777766399999,371900.38324,339,72.042,332574.12860,0
1777766400000,4616.51,4616.88,4616.50,4616.88,100.150,1777767299999,462357.05234,425,34.059,157240.57809,0
1777767300000,4616.87,4617.96,4616.87,4617.44,74.928,1777768199999,345972.37121,262,62.180,287106.59154,0
1777768200000,4617.44,4617.45,4617.44,4617.45,28.109,1777769099999,129791.83245,147,21.149,97654.45005,0
1777769100000,4617.44,4617.45,4617.44,4617.45,24.296,1777769999999,112185.51319,162,19.095,88170.20775,0
1777770000000,4617.45,4617.45,4617.44,4617.44,49.814,1777770899999,230013.46699,946,31.083,143524.19835,0
1777770900000,4617.45,4617.45,4617.44,4617.45,36.404,1777771799999,168093.38605,204,10.029,46308.40605,0
1777771800000,4617.44,4617.45,4617.44,4617.44,42.063,1777772699999,194223.65510,128,27.638,127617.08310,0
1777772700000,4617.44,4617.45,4617.07,4617.08,37.521,1777773599999,173249.06288,232,1.569,7244.41016,0
1777773600000,4617.07,4617.08,4617.07,4617.07,17.098,1777774499999,78942.76321,116,10.035,46332.39780,0
1777774500000,4617.07,4617.08,4616.68,4616.69,20.495,1777775399999,94625.99862,222,1.171,5406.39702,0
1777775400000,4616.68,4616.69,4616.68,4616.69,49.173,1777776299999,227016.26939,167,26.375,121765.19875,0
1777776300000,4616.68,4616.69,4616.68,4616.69,43.905,1777777199999,202695.64180,325,30.640,141455.38160,0
1777777200000,4616.69,4616.69,4616.68,4616.68,28.092,1777778099999,129691.82124,143,4.668,21550.70892,0
1777778100000,4616.68,4616.69,4616.68,4616.69,13.376,1777778999999,61752.78370,133,7.202,33249.40138,0
1777779000000,4616.69,4616.69,4616.68,4616.69,12.375,1777779899999,57131.43682,106,2.182,10073.61758,0
1777779900000,4616.69,4616.69,4616.64,4616.65,90.334,1777780799999,417043.06537,338,11.829,54610.79833,0
1777780800000,4616.64,4616.65,4616.64,4616.65,25.530,1777781699999,117863.03225,197,21.305,98357.72825,0
1777781700000,4616.65,4616.65,4616.64,4616.65,47.299,1777782599999,218362.86812,271,41.276,190556.84540,0
1777782600000,4616.64,4616.65,4616.64,4616.64,21.713,1777783499999,100241.29270,145,18.838,86968.45270,0
1777783500000,4616.65,4616.65,4616.64,4616.65,38.798,1777784399999,179116.65603,142,25.731,118791.02115,0
1777784400000,4616.65,4616.65,4616.64,4616.65,37.494,1777785299999,173096.43730,177,13.714,63312.73810,0
1777785300000,4616.65,4616.65,4616.45,4616.45,34.043,1777786199999,157162.85385,240,7.266,33544.34178,0
1777786200000,4616.46,4616.46,4616.02,4616.03,86.829,1777787099999,400838.19129,345,8.641,39888.99354,0
1777787100000,4616.03,4616.03,4616.02,4616.02,46.637,1777787999999,215277.63361,168,30.887,142575.31861,0
1777788000000,4616.03,4616.03,4615.58,4615.59,38.869,1777788899999,179413.09440,299,20.586,95020.41874,0
1777788900000,4615.59,4616.19,4615.58,4616.18,110.186,1777789799999,508586.98164,754,105.695,487857.37179,0
1777789800000,4616.19,4616.19,4616.18,4616.19,18.677,1777790699999,86216.56559,513,17.173,79273.83087,0
1777790700000,4616.19,4616.19,4616.18,4616.19,8.799,1777791599999,40617.79296,143,2.514,11605.10166,0
1777791600000,4616.19,4616.19,4616.18,4616.19,20.280,1777792499999,93616.23529,173,10.489,48419.21691,0
1777792500000,4616.18,4616.65,4616.18,4616.65,58.602,1777793399999,270528.16397,315,53.779,248263.85121,0
1777793400000,4616.65,4616.65,4616.64,4616.65,28.666,1777794299999,132340.70597,176,10.373,47888.51045,0
1777794300000,4616.64,4616.65,4616.64,4616.65,46.724,1777795199999,215708.00212,136,11.476,52980.67540,0
1777795200000,4616.65,4617.20,4616.64,4617.20,296.735,1777796099999,1369956.08864,460,274.168,1265765.45655,0
1777796100000,4617.20,4617.68,4617.19,4617.68,109.183,1777796999999,504143.23611,452,99.686,460290.90555,0
1777797000000,4617.68,4617.72,4617.49,4617.49,189.043,1777797899999,872944.58502,285,7.129,32919.54130,0
1777797900000,4617.49,4617.50,4616.68,4616.69,76.963,1777798799999,355344.43955,370,23.906,110375.05611,0
1777798800000,4616.69,4616.90,4616.68,4616.90,82.260,1777799699999,379776.20909,343,54.623,252181.86868,0
1777799700000,4616.90,4616.90,4616.89,4616.89,26.158,1777800599999,120768.72126,148,11.264,52004.76160,0
1777800600000,4616.90,4616.90,4616.89,4616.90,64.024,1777801499999,295592.34905,156,58.369,269483.83610,0
1777801500000,4616.90,4617.29,4616.89,4617.29,56.272,1777802399999,259806.98974,225,50.189,231722.18849,0
1777802400000,4617.29,4617.84,4617.29,4617.84,52.073,1777803299999,240458.84955,285,34.048,157222.64760,0
1777803300000,4617.83,4618.00,4617.83,4617.88,58.509,1777804199999,270190.75134,232,24.751,114297.72642,0
1777804200000,4617.87,4618.10,4617.87,4618.10,42.459,1777805099999,196072.13022,145,38.891,179595.57006,0
1777805100000,4618.10,4618.51,4618.09,4618.51,49.060,1777805999999,226579.89310,205,26.149,120766.15432,0
1777806000000,4618.51,4618.51,4618.50,4618.51,34.736,1777806899999,160428.42937,165,21.337,98545.14787,0
1777806900000,4618.51,4618.51,4618.27,4618.28,71.132,1777807799999,328520.33419,275,28.696,132530.58256,0
1777807800000,4618.28,4618.28,4618.27,4618.28,47.657,1777808699999,220093.26720,176,37.381,172635.92468,0
1777808700000,4618.27,4620.66,4617.72,4620.49,633.961,1777809599999,2928121.97200,1056,543.383,2509742.82520,0
1777809600000,4620.48,4623.43,4620.17,4622.67,295.923,1777810499999,1367853.74331,891,191.667,885960.51713,0
1777810500000,4622.68,4623.50,4621.23,4623.50,220.219,1777811399999,1017874.68489,570,96.919,448001.27159,0
1777811400000,4623.50,4623.82,4622.71,4623.82,127.009,1777812299999,587184.27427,568,55.119,254825.23860,0
1777812300000,4623.82,4624.96,4623.81,4623.82,372.984,1777813199999,1724715.48902,799,196.398,908173.54315,0
1777813200000,4623.82,4623.83,4622.92,4623.43,203.336,1777814099999,940120.51316,638,70.593,326374.70435,0
1777814100000,4623.43,4623.43,4622.71,4622.72,423.993,1777814999999,1960183.99264,783,76.173,352156.84756,0
1777815000000,4622.71,4623.12,4621.00,4621.01,273.155,1777815899999,1262713.34200,619,118.488,547737.97245,0
1777815900000,4621.01,4622.10,4621.01,4622.10,83.070,1777816799999,383927.89495,399,58.933,272370.37090,0
1777816800000,4622.09,4624.40,4622.09,4624.40,155.418,1777817699999,718593.27538,620,132.393,612130.21650,0
1777817700000,4624.39,4624.82,4624.20,4624.82,243.764,1777818599999,1127274.01983,587,174.911,808870.75589,0
1777818600000,4624.81,4624.82,4624.80,4624.81,119.359,1777819499999,552012.25866,611,51.359,237525.69083,0
1777819500000,4624.81,4624.81,4622.12,4623.76,277.597,1777820399999,1283535.58431,957,121.401,561252.04321,0
1777820400000,4623.76,4624.54,4623.75,4624.54,227.777,1777821299999,1053317.66722,703,160.938,744224.14264,0
1777821300000,4624.54,4624.80,4624.35,4624.79,277.166,1777822199999,1281753.33975,578,161.910,748751.30252,0
1777822200000,4624.80,4624.80,4623.51,4623.62,541.763,1777823099999,2505179.30837,1398,135.028,624374.09917,0
1777823100000,4623.63,4623.63,4623.26,4623.30,530.748,1777823999999,2453856.88266,645,180.286,833519.31544,0
1777824000000,4623.31,4628.87,4623.31,4626.01,1279.223,1777824899999,5918741.61970,2589,838.640,3879912.47979,0
1777824900000,4626.00,4626.09,4624.99,4624.99,263.610,1777825799999,1219335.24571,711,172.709,798885.53801,0
1777825800000,4624.99,4625.39,4624.75,4624.90,235.101,1777826699999,1087336.92226,820,113.065,522926.99185,0
1777826700000,4624.90,4625.12,4624.90,4624.90,164.576,1777827599999,761167.40414,996,48.353,223635.40578,0
1777827600000,4624.91,4624.91,4621.34,4621.44,356.599,1777828499999,1648648.62516,1323,85.493,395233.04842,0
1777828500000,4621.44,4622.02,4620.16,4622.01,160.917,1777829399999,743559.27021,719,86.653,400399.60763,0
1777829400000,4622.02,4623.41,4622.01,4622.40,173.140,1777830299999,800394.26285,569,92.953,429698.55184,0
1777830300000,4622.40,4622.41,4621.62,4621.63,166.510,1777831199999,769611.22566,689,55.287,255537.41596,0
1777831200000,4621.62,4625.00,4621.10,4621.53,562.815,1777832099999,2601777.19761,1604,223.080,1031226.41778,0
1777832100000,4621.53,4621.53,4620.72,4621.22,93.531,1777832999999,432212.97331,416,57.719,266715.99131,0
1777833000000,4621.22,4623.24,4621.21,4622.40,194.153,1777833899999,897461.74604,1030,63.882,295285.24071,0
1777833900000,4622.39,4622.39,4621.20,4621.92,126.689,1777834799999,585516.78146,549,50.180,231901.96042,0
1777834800000,4621.93,4621.93,4620.84,4621.30,133.490,1777835699999,616897.54589,430,49.371,228149.35247,0
1777835700000,4621.30,4624.56,4621.07,4624.56,170.776,1777836599999,789385.37077,606,142.424,658339.58868,0
1777836600000,4624.56,4624.56,4622.90,4623.45,224.811,1777837499999,1039409.46396,795,100.544,464839.50507,0
1777837500000,4623.45,4628.50,4623.44,4624.85,1165.707,1777838399999,5393289.32084,1855,781.250,3614299.70759,0
1777838400000,4624.86,4628.00,4624.86,4627.64,419.956,1777839299999,1943080.11459,894,314.542,1455295.25460,0
1777839300000,4627.63,4631.57,4626.93,4630.01,659.364,1777840199999,3052484.24750,1442,445.668,2063188.34540,0
1777840200000,4630.01,4633.61,4627.80,4632.69,694.725,1777841099999,3217585.80647,2429,431.713,1999407.32998,0
1777841100000,4632.69,4633.41,4632.34,4633.41,369.631,1777841999999,1712491.57033,1093,219.520,1017030.79964,0
1777842000000,4633.41,4647.73,4633.40,4646.05,1777.519,1777842899999,8250049.82791,5046,1223.933,5680040.96540,0
1777842900000,4646.04,4649.00,4635.49,4636.45,1366.165,1777843799999,6341320.73224,4221,600.682,2788550.56067,0
1777843800000,4636.53,4652.74,4636.44,4645.87,2081.085,1777844699999,9670326.42562,5793,1269.329,5897616.95875,0
1777844700000,4645.68,4646.76,4641.56,4643.59,844.382,1777845599999,3921560.26070,3984,413.868,1922081.84047,0
1777845600000,4643.52,4643.52,4618.19,4623.02,9747.895,1777846499999,45099146.26742,16787,4057.617,18771355.62590,0
1777846500000,4623.17,4623.89,4613.01,4620.12,4109.434,1777847399999,18983189.39803,6923,1378.558,6368005.94766,0
1777847400000,4620.11,4628.19,4619.28,4627.82,1259.295,1777848299999,5823084.11297,3477,734.960,3398416.99600,0
1777848300000,4627.81,4628.32,4616.64,4617.61,1607.586,1777849199999,7429910.41092,3964,531.697,2457154.40434,0
1777849200000,4617.60,4619.64,4609.64,4613.19,2430.203,1777850099999,11212396.92422,5432,783.313,3614033.11794,0
1777850100000,4613.20,4617.34,4611.53,4617.12,2164.275,1777850999999,9987993.50641,3557,1422.051,6562620.89532,0
1777851000000,4617.12,4617.67,4610.88,4611.51,1474.560,1777851899999,6804248.03846,3152,635.284,2931504.06288,0
1777851900000,4611.51,4614.72,4609.70,4611.39,1320.238,1777852799999,6089038.22496,3216,538.487,2483510.09509,0
1777852800000,4611.40,4618.66,4606.38,4615.00,3930.041,1777853699999,18123985.84712,8146,2288.906,10555801.41408,0
1777853700000,4615.01,4617.20,4603.79,4608.65,2622.048,1777854599999,12084548.23711,6404,1216.541,5606944.32675,0
1777854600000,4608.65,4613.10,4607.40,4609.41,1775.720,1777855499999,8187753.16695,3569,1073.031,4947668.70144,0
1777855500000,4609.41,4616.49,4608.33,4615.75,1670.302,1777856399999,7704272.93615,4152,1023.627,4721342.92997,0
1777856400000,4615.75,4616.88,4598.25,4603.28,3846.756,1777857299999,17710437.12431,8154,1810.868,8337283.82776,0
1777857300000,4603.29,4607.46,4597.32,4597.93,2416.986,1777858199999,11124826.29133,5139,1214.202,5589247.62565,0
1777858200000,4597.92,4603.67,4595.73,4603.67,1356.891,1777859099999,6242439.27687,3922,908.666,4180610.50770,0
1777859100000,4603.67,4617.17,4603.46,4616.74,2142.426,1777859999999,9876077.88480,4872,1611.641,7429443.05897,0
1777860000000,4616.74,4621.31,4607.38,4611.83,3158.262,1777860899999,14573410.68147,5983,1965.573,9069731.03453,0
1777860900000,4611.83,4611.83,4595.08,4596.63,2307.435,1777861799999,10621432.85605,5930,969.968,4464975.02982,0
1777861800000,4596.62,4607.00,4594.73,4607.00,2194.792,1777862699999,10096062.48581,4650,1402.613,6452381.81361,0
1777862700000,4606.99,4614.53,4603.88,4608.42,1846.294,1777863599999,8511895.87073,4258,840.143,3873570.79358,0
1777863600000,4608.43,4614.64,4606.92,4612.99,1591.367,1777864499999,7335115.85297,3404,963.798,4442379.79391,0
1777864500000,4612.98,4613.43,4610.67,4612.43,523.552,1777865399999,2414646.42406,2361,240.969,1111317.59137,0
1777865400000,4612.36,4613.54,4601.70,4607.84,1777.392,1777866299999,8189619.18688,4303,680.235,3133974.84897,0
1777866300000,4607.84,4619.72,4607.84,4617.87,2655.945,1777867199999,12256254.34813,5980,1828.021,8435636.05091,0
1777867200000,4617.86,4618.09,4610.22,4613.72,1575.314,1777868099999,7268150.57793,4012,628.970,2901784.71576,0
1777868100000,4613.72,4615.56,4609.60,4610.16,681.469,1777868999999,3143087.74626,2555,262.661,1211402.40189,0
1777869000000,4610.20,4615.17,4609.68,4611.66,1266.974,1777869899999,5843681.38974,2841,691.722,3190169.63458,0
1777869900000,4611.67,4613.08,4607.60,4607.90,793.607,1777870799999,3658552.66916,2503,271.839,1253191.22467,0
1777870800000,4607.90,4609.25,4604.69,4605.88,1029.325,1777871699999,4742425.74421,3272,479.569,2209507.42591,0
1777871700000,4605.89,4615.75,4598.97,4599.48,2930.656,1777872599999,13502124.14216,7689,1568.187,7226350.54964,0
1777872600000,4599.56,4602.25,4596.00,4602.25,2106.772,1777873499999,9688140.25862,5851,1284.952,5908811.43365,0
1777873500000,4602.25,4605.12,4597.77,4602.50,1574.875,1777874399999,7247134.21884,4534,863.210,3972305.11958,0
1777874400000,4602.47,4603.85,4591.21,4601.03,3052.052,1777875299999,14030583.61708,7222,1294.171,5950126.42144,0
1777875300000,4601.04,4601.04,4592.59,4597.40,1710.804,1777876199999,7861914.70360,4405,901.658,4143336.69775,0
1777876200000,4597.42,4599.00,4587.12,4587.86,2308.584,1777877099999,10600245.43950,6440,948.993,4357959.39552,0
1777877100000,4588.08,4594.23,4587.00,4591.37,1773.952,1777877999999,8144437.10217,4582,827.492,3799003.16405,0
1777878000000,4591.38,4596.00,4588.36,4595.09,2594.123,1777878899999,11912794.46766,4736,1489.256,6839462.62350,0
1777878900000,4595.08,4595.68,4586.39,4588.43,2117.777,1777879799999,9721502.97841,4266,1304.926,5990708.82514,0
1777879800000,4588.44,4590.85,4585.40,4590.85,1967.056,1777880699999,9024013.48410,4585,775.995,3559942.52945,0
1777880700000,4590.85,4593.31,4580.80,4581.64,2419.078,1777881599999,11094119.64596,4910,1183.508,5428150.95852,0
1777881600000,4581.69,4583.29,4577.30,4583.26,3906.830,1777882499999,17894156.72194,6705,1847.041,8460103.97008,0
1777882500000,4583.26,4584.23,4577.06,4578.48,3087.911,1777883399999,14143078.18495,5510,1756.607,8045585.96699,0
1777883400000,4578.47,4584.00,4577.37,4581.39,1120.664,1777884299999,5133366.29399,3176,550.093,2519689.89743,0
1777884300000,4581.39,4582.42,4578.76,4579.29,1041.332,1777885199999,4770078.38469,3107,687.731,3150336.09732,0
1777885200000,4579.46,4587.00,4579.17,4586.96,1228.723,1777886099999,5631375.26433,3630,877.311,4020845.67172,0
1777886100000,4586.96,4587.22,4583.12,4583.88,899.040,1777886999999,4121736.71810,2783,464.476,2129416.58967,0
1777887000000,4583.88,4587.49,4583.28,4584.09,1276.084,1777887899999,5851598.90446,2481,677.904,3108794.16046,0
1777887900000,4584.09,4585.12,4574.02,4577.74,1956.889,1777888799999,8963143.94370,4678,852.921,3907807.51307,0
1777888800000,4577.75,4578.13,4538.72,4544.05,19424.535,1777889699999,88453743.53302,28599,9413.832,42857291.49231,0
1777889700000,4544.05,4547.85,4527.71,4547.85,10303.941,1777890599999,46767055.22573,16261,5261.142,23885175.29682,0
1777890600000,4547.85,4566.15,4546.20,4560.40,8568.903,1777891499999,39061490.23902,13446,4470.482,20375339.86706,0
1777891500000,4560.39,4568.99,4560.38,4564.80,2890.729,1777892399999,13197663.05953,5953,1401.193,6397545.08349,0
1777892400000,4564.80,4572.90,4563.90,4567.78,3447.609,1777893299999,15748330.35528,7438,1597.671,7297857.17587,0
1777893300000,4567.78,4572.63,4564.72,4565.00,1900.550,1777894199999,8682737.12714,5143,913.354,4173071.05379,0
1777894200000,4564.95,4564.95,4553.97,4555.88,3918.126,1777895099999,17863584.49618,8689,1640.723,7479772.36220,0
1777895100000,4555.88,4565.29,4555.73,4563.15,2871.754,1777895999999,13096468.15269,5443,1710.736,7802277.15346,0
1777896000000,4563.15,4568.57,4562.46,4567.00,2368.207,1777896899999,10810861.99564,4953,1417.588,6471305.71773,0
1777896900000,4567.00,4582.05,4566.45,4570.80,4885.454,1777897799999,22347861.36791,9962,2600.811,11896302.77835,0
1777897800000,4570.79,4574.01,4564.26,4572.86,2826.228,1777898699999,12914623.57850,7235,1400.860,6401168.38047,0
1777898700000,4572.85,4577.81,4569.35,4571.23,1933.923,1777899599999,8846107.92606,6037,1074.187,4913506.83061,0
1777899600000,4571.22,4578.81,4560.34,4568.96,5430.583,1777900499999,24812932.52650,12769,2706.940,12368732.30145,0
1777900500000,4568.95,4570.10,4563.75,4563.75,2249.363,1777901399999,10272556.60556,5489,1198.439,5473186.10678,0
1777901400000,4563.75,4573.25,4558.80,4568.22,7010.516,1777902299999,32024550.99001,12363,3985.294,18205733.66584,0
1777902300000,4568.22,4569.39,4560.52,4566.77,3919.851,1777903199999,17896410.92486,8580,1948.476,8895819.64407,0
1777903200000,4566.78,4567.70,4556.96,4563.30,5684.798,1777904099999,25936409.44023,9877,3074.020,14024678.71554,0
1777904100000,4563.16,4584.64,4562.93,4573.59,6020.735,1777904999999,27555536.79891,10817,2942.694,13466439.88472,0
1777905000000,4573.58,4584.89,4572.73,4576.60,3022.105,1777905899999,13840858.19248,6791,1229.300,5629968.74769,0
1777905900000,4576.61,4578.97,4562.32,4563.80,4330.526,1777906799999,19796486.66844,8503,1930.578,8826101.39569,0
1777906800000,4563.81,4568.55,4550.87,4551.29,5082.876,1777907699999,23180624.64532,10868,2619.157,11946432.87333,0
1777907700000,4551.28,4559.15,4517.70,4539.97,23202.408,1777908599999,105202847.52555,32240,12591.686,57101172.07940,0
1777908600000,4540.00,4546.25,4530.66,4538.37,8196.880,1777909499999,37199600.75028,15355,4034.402,18309443.97884,0
1777909500000,4538.36,4538.37,4515.49,4524.47,9732.040,1777910399999,44053605.70375,17153,4703.490,21293637.40872,0
1777910400000,4524.56,4528.49,4505.00,4512.96,13649.226,1777911299999,61633017.15648,22933,6447.791,29116520.05417,0
1777911300000,4512.98,4530.40,4512.23,4518.89,8681.207,1777912199999,39260025.88733,15945,4642.054,20990304.89227,0
1777912200000,4518.75,4522.85,4515.00,4516.31,3269.244,1777913099999,14773256.51870,9328,1709.610,7725636.74226,0
1777913100000,4516.31,4519.20,4510.80,4514.61,2856.245,1777913999999,12891800.20450,7849,1466.498,6618974.98278,0
1777914000000,4514.61,4529.70,4514.61,4525.86,2901.729,1777914899999,13125606.63037,7421,1616.388,7310597.24912,0
1777914900000,4525.86,4535.36,4525.05,4527.75,4170.299,1777915799999,18896144.17122,8302,2278.999,10326833.77478,0
1777915800000,4527.75,4530.99,4525.20,4528.79,1286.274,1777916699999,5823895.95240,3809,471.023,2132652.29848,0
1777916700000,4528.80,4529.40,4524.56,4525.25,1071.124,1777917599999,4848429.19016,3266,478.079,2164003.87362,0
1777917600000,4525.25,4528.49,4522.05,4523.26,1021.774,1777918499999,4623116.40121,3654,557.790,2523789.04585,0
1777918500000,4523.26,4523.40,4513.11,4515.73,1897.084,1777919399999,8571893.71621,4655,788.383,3562204.03659,0
1777919400000,4515.73,4518.85,4514.34,4515.75,1177.069,1777920299999,5316224.05335,3416,775.960,3504441.60277,0
1777920300000,4515.75,4520.26,4514.70,4520.26,1259.193,1777921199999,5688096.46511,4079,716.591,3236976.31480,0
1777921200000,4520.26,4526.50,4514.90,4522.19,1397.368,1777922099999,6317385.13300,5448,755.022,3413399.63651,0
1777922100000,4522.19,4528.80,4520.94,4525.33,1497.900,1777922999999,6777788.52023,5042,595.770,2695720.06567,0
1777923000000,4525.33,4529.99,4524.07,4524.80,939.476,1777923899999,4253014.88330,3242,426.818,1932267.72681,0
1777923900000,4524.80,4526.33,4518.80,4520.95,1149.081,1777924799999,5196802.34929,3592,538.931,2437413.67837,0
1777924800000,4521.00,4521.46,4515.95,4518.79,937.503,1777925699999,4236748.66349,2752,359.773,1625763.02162,0
1777925700000,4518.79,4519.46,4515.54,4519.04,716.655,1777926599999,3237536.16340,2258,317.935,1436432.74884,0
1777926600000,4519.05,4521.83,4517.67,4521.54,922.661,1777927499999,4170638.63910,2959,255.639,1155643.46038,0
1777927500000,4521.53,4525.94,4521.53,4524.63,1272.039,1777928399999,5754800.81963,2667,309.753,1401268.00859,0
1777928400000,4524.63,4527.15,4524.12,4527.15,360.802,1777929299999,1632925.31472,1031,226.053,1023098.57397,0
1777929300000,4527.18,4527.90,4526.65,4527.53,155.323,1777930199999,703158.73742,486,82.527,373615.30006,0
1777930200000,4527.52,4528.00,4524.82,4526.61,493.241,1777931099999,2232575.66862,1470,184.211,833777.72346,0
1777931100000,4526.62,4528.57,4524.68,4525.15,329.840,1777931999999,1493103.32958,1422,143.086,647658.09018,0
1777932000000,4525.14,4526.39,4521.70,4524.48,1244.684,1777932899999,5631431.32996,3275,615.122,2782967.93925,0
1777932900000,4524.47,4525.39,4522.20,4522.74,597.577,1777933799999,2703411.08839,1512,380.882,1723132.86975,0
1777933800000,4522.64,4525.00,4522.00,4522.41,292.349,1777934699999,1322430.28660,1254,161.119,728823.74819,0
1777934700000,4522.41,4522.41,4519.05,4520.97,476.265,1777935599999,2152985.48517,1264,327.241,1479298.34692,0
1777935600000,4520.96,4523.84,4519.17,4522.95,466.355,1777936499999,2108606.62431,1636,242.119,1094755.12320,0
1777936500000,4522.94,4524.52,4522.44,4523.76,471.740,1777937399999,2133930.65960,1062,280.127,1267135.16039,0
1777937400000,4523.75,4523.91,4521.30,4521.63,292.192,1777938299999,1321470.80951,1028,171.463,775425.80474,0
1777938300000,4521.63,4523.69,4519.65,4521.66,724.517,1777939199999,3276099.59607,1889,284.137,1284731.64874,0
1777939200000,4521.67,4531.10,4520.46,4530.62,2505.591,1777940099999,11339180.75065,4578,1261.782,5710664.61704,0
1777940100000,4530.62,4530.62,4516.65,4519.35,2394.798,1777940999999,10831971.61885,5556,1027.639,4648390.09685,0
1777941000000,4519.34,4526.97,4519.22,4526.70,783.852,1777941899999,3544940.17717,2781,434.824,1966472.68971,0
1777941900000,4526.71,4533.33,4526.71,4532.94,2779.740,1777942799999,12594999.50653,4461,1562.116,7078144.47517,0
1777942800000,4532.93,4541.80,4528.39,4541.44,3738.709,1777943699999,16963742.01877,6866,2299.921,10435372.95727,0
1777943700000,4541.45,4542.83,4538.02,4540.48,1292.970,1777944599999,5870638.28649,4528,509.108,2311621.73614,0
1777944600000,4540.48,4544.79,4536.38,4540.18,1614.492,1777945499999,7331258.83821,6667,815.179,3701633.60806,0
1777945500000,4540.19,4543.85,4539.70,4543.85,876.327,1777946399999,3980391.83239,4227,468.790,2129265.57244,0
1777946400000,4543.85,4545.00,4540.56,4540.92,951.093,1777947299999,4320545.63991,3994,419.983,1907975.22961,0
1777947300000,4540.92,4544.20,4537.27,4544.19,1053.293,1777948199999,4782013.73300,4047,433.242,1967052.08436,0
1777948200000,4544.20,4548.57,4543.43,4546.94,1464.433,1777949099999,6656764.29024,5872,791.192,3596494.81297,0
1777949100000,4546.94,4548.77,4542.12,4542.21,1680.641,1777949999999,7639454.62094,6593,649.616,2952716.71187,0
1777950000000,4542.21,4544.77,4540.62,4544.42,876.926,1777950899999,3983761.89713,4209,349.068,1585760.54866,0
1777950900000,4544.42,4545.24,4539.45,4539.96,914.386,1777951799999,4152819.43662,4127,276.330,1255037.80852,0
1777951800000,4539.96,4541.45,4537.90,4538.34,1358.161,1777952699999,6165532.82329,4769,446.248,2025807.83497,0
1777952700000,4538.35,4539.25,4535.27,4536.90,1051.054,1777953599999,4769322.30695,4952,343.066,1556700.85072,0
1777953600000,4536.90,4537.92,4535.10,4535.18,713.314,1777954499999,3236022.08121,3586,250.051,1134404.44560,0
1777954500000,4535.17,4536.23,4531.69,4532.00,1551.335,1777955399999,7032968.31980,6055,602.678,2732169.16873,0
1777955400000,4532.17,4536.30,4530.40,4534.35,1060.077,1777956299999,4806289.06246,5134,592.244,2685268.35820,0
1777956300000,4534.36,4539.91,4533.91,4537.04,1574.984,1777957199999,7146005.86919,5310,1167.234,5295965.57685,0
1777957200000,4537.04,4548.12,4534.50,4542.59,1796.841,1777958099999,8162113.26648,8388,884.153,4015981.29090,0
1777958100000,4542.58,4542.58,4538.65,4541.99,1406.371,1777958999999,6386049.39306,5745,728.219,3306443.24142,0
1777959000000,4542.00,4554.08,4542.00,4549.06,4283.861,1777959899999,19490050.83895,11799,1765.168,8031019.14210,0
1777959900000,4549.06,4551.68,4546.34,4548.23,1320.447,1777960799999,6006571.12082,6199,660.436,3004270.63950,0
1777960800000,4548.23,4554.19,4544.78,4545.97,2994.618,1777961699999,13621456.03647,10974,1433.813,6521406.25027,0
1777961700000,4545.97,4546.98,4537.06,4540.06,2110.291,1777962599999,9583196.75595,8838,890.687,4044404.36542,0
1777962600000,4540.06,4551.70,4539.50,4548.45,2075.620,1777963499999,9437864.61378,9547,1091.480,4962556.28699,0
1777963500000,4548.46,4553.00,4548.32,4550.27,1840.708,1777964399999,8376731.96543,8149,769.283,3500772.09318,0
1777964400000,4550.27,4557.00,4550.02,4555.96,2729.120,1777965299999,12429998.37820,11636,1235.793,5628219.55504,0
1777965300000,4555.95,4557.72,4551.02,4551.03,1710.770,1777966199999,7792001.02754,8002,580.509,2644168.80128,0
1777966200000,4551.04,4561.39,4551.04,4553.18,3063.175,1777967099999,13959261.20154,10927,1593.671,7262220.01527,0
1777967100000,4553.18,4553.64,4546.40,4548.44,2025.323,1777967999999,9213488.93176,8088,913.128,4153843.94622,0
1777968000000,4548.45,4555.00,4548.39,4553.29,2669.898,1777968899999,12151674.67506,8342,1375.090,6258640.79100,0
1777968900000,4553.29,4556.67,4551.25,4553.16,2663.989,1777969799999,12131775.95321,7746,1220.547,5558158.29890,0
1777969800000,4553.12,4555.08,4550.08,4551.81,3160.378,1777970699999,14388529.54365,8209,1481.583,6745105.44845,0
1777970700000,4551.81,4561.36,4550.30,4560.58,4269.484,1777971599999,19456312.95222,9560,2144.849,9773398.96704,0
1777971600000,4560.58,4562.95,4556.43,4560.24,4188.704,1777972499999,19098744.32250,10157,2103.179,9589298.44743,0
1777972500000,4560.12,4560.12,4554.47,4554.47,3013.014,1777973399999,13731693.73212,6748,1259.747,5741092.09353,0
1777973400000,4554.44,4559.92,4553.39,4557.63,3731.914,1777974299999,17005258.51761,7819,1807.701,8236786.19858,0
1777974300000,4557.63,4559.50,4555.04,4558.56,2749.438,1777975199999,12528118.27226,5033,1146.639,5224569.38191,0
1777975200000,4558.57,4558.85,4553.25,4555.23,3234.522,1777976099999,14738142.48192,6092,1510.697,6883003.69755,0
1777976100000,4555.23,4556.97,4550.12,4550.45,2824.853,1777976999999,12865275.71445,5931,1260.231,5738983.03893,0
1777977000000,4550.46,4556.31,4546.83,4547.35,3293.906,1777977899999,14994122.75087,8271,1461.716,6654161.10932,0
1777977900000,4547.34,4547.98,4542.75,4546.49,3302.569,1777978799999,15012952.80312,7549,1584.969,7204704.17265,0
1777978800000,4546.49,4555.23,4542.39,4555.10,4839.677,1777979699999,22011991.67475,9152,2304.297,10480106.73558,0
1777979700000,4555.10,4559.64,4552.14,4558.14,5128.147,1777980599999,23364694.17384,10063,2588.312,11792343.87843,0
1777980600000,4558.15,4567.00,4557.65,4565.59,5472.336,1777981499999,24963616.08615,9415,2691.381,12277026.06496,0
1777981500000,4565.59,4567.00,4561.61,4564.75,3223.164,1777982399999,14710096.35588,6753,1449.101,6613222.02502,0
1777982400000,4564.76,4568.81,4556.69,4567.19,7883.646,1777983299999,35973159.68880,14046,3932.405,17942421.09536,0
1777983300000,4567.20,4576.44,4563.62,4575.79,6950.119,1777984199999,31767785.54106,12588,3550.673,16229403.63987,0
1777984200000,4575.84,4576.96,4568.98,4569.66,4337.542,1777985099999,19828074.92212,9569,1861.108,8507261.37087,0
1777985100000,4569.66,4570.76,4564.20,4567.40,4440.022,1777985999999,20275446.63845,7648,2236.010,10210504.86407,0
1777986000000,4567.40,4583.17,4567.13,4580.94,6724.669,1777986899999,30783338.38882,13208,3368.351,15417030.78849,0
1777986900000,4580.94,4587.15,4578.32,4578.88,6220.885,1777987799999,28506481.21884,12896,2579.314,11819627.32596,0
1777987800000,4578.89,4583.77,4574.19,4576.32,5606.070,1777988699999,25670473.21685,12129,2391.912,10952471.65512,0
1777988700000,4576.31,4585.56,4575.43,4581.77,4672.091,1777989599999,21400544.12461,11503,2333.465,10687574.94952,0
1777989600000,4581.78,4586.66,4573.69,4576.09,7075.146,1777990499999,32413973.81292,16519,3243.555,14860481.87985,0
1777990500000,4576.03,4588.64,4568.34,4586.25,8241.778,1777991399999,37735914.79328,18500,4457.823,20411804.35027,0
1777991400000,4586.25,4587.61,4580.01,4584.72,4110.997,1777992299999,18845516.51974,11288,1596.481,7318529.61495,0
1777992300000,4584.71,4585.04,4578.00,4584.49,3264.059,1777993199999,14953354.20086,10916,1518.315,6955651.08724,0
1777993200000,4584.49,4585.98,4579.87,4583.12,2412.160,1777994099999,11055324.12243,8586,1034.634,4741778.00346,0
1777994100000,4583.13,4583.78,4578.09,4581.70,2605.973,1777994999999,11937037.84632,8249,1408.443,6451390.74110,0
1777995000000,4581.70,4583.22,4575.60,4576.00,2613.243,1777995899999,11966114.36017,7996,1074.847,4921766.43679,0
1777995900000,4576.00,4578.12,4571.05,4571.11,2707.357,1777996799999,12385273.05681,7519,1220.773,5584902.95636,0
1777996800000,4571.11,4571.47,4565.44,4568.92,3106.219,1777997699999,14190047.86134,8006,1648.362,7529912.19179,0
1777997700000,4568.92,4568.92,4559.10,4561.89,3783.092,1777998599999,17264758.47243,7923,1833.494,8366408.89597,0
1777998600000,4561.89,4562.36,4556.73,4558.77,3369.161,1777999499999,15362014.95478,9008,1533.764,6993180.64594,0
1777999500000,4558.76,4565.40,4558.05,4563.99,2375.589,1778000399999,10837208.85497,6789,1466.056,6687909.51075,0
1778000400000,4563.98,4565.13,4555.82,4558.83,2384.165,1778001299999,10871061.79938,6693,972.964,4435719.71848,0
1778001300000,4558.83,4564.32,4558.82,4560.93,1937.287,1778002199999,8837638.87523,5892,1084.571,4947652.00172,0
1778002200000,4560.93,4565.00,4558.40,4563.13,2049.853,1778003099999,9350854.79168,5378,1021.029,4657589.25440,0
1778003100000,4563.14,4564.60,4560.82,4562.09,913.943,1778003999999,4169718.03300,3347,433.635,1978351.96014,0
1778004000000,4562.01,4567.79,4561.04,4567.38,1508.323,1778004899999,6883922.09484,4196,816.811,3728251.74918,0
1778004900000,4567.38,4568.52,4564.47,4564.88,823.972,1778005799999,3762401.22143,3331,480.128,2192369.43746,0
1778005800000,4564.88,4565.43,4560.72,4564.48,1030.011,1778006699999,4700001.25174,3730,532.438,2429373.52001,0
1778006700000,4564.48,4568.08,4562.36,4563.56,982.635,1778007599999,4485618.49268,3760,459.445,2097234.26438,0
1778007600000,4563.56,4563.87,4559.29,4560.01,1010.942,1778008499999,4611073.71404,3634,349.134,1592494.66670,0
1778008500000,4560.01,4561.31,4557.66,4558.49,679.837,1778009399999,3099643.31859,2894,327.676,1493963.60406,0
1778009400000,4558.49,4560.20,4557.52,4557.75,1178.124,1778010299999,5371026.36738,2668,409.524,1866958.22095,0
1778010300000,4557.74,4560.93,4554.27,4557.55,1922.924,1778011199999,8763278.57684,5333,955.829,4355748.45044,0
1778011200000,4557.55,4559.80,4557.00,4559.76,961.591,1778012099999,4383120.81529,2443,510.464,2326768.16042,0
1778012100000,4559.75,4562.84,4557.60,4562.56,1173.226,1778012999999,5349880.93791,3187,605.587,2761572.04987,0
1778013000000,4562.38,4562.67,4558.26,4558.66,676.621,1778013899999,3085550.84139,2171,323.943,1477236.88671,0
1778013900000,4558.65,4560.38,4557.51,4559.54,696.286,1778014799999,3174303.08930,2441,344.513,1570558.52594,0
1778014800000,4559.54,4564.04,4559.47,4561.18,816.316,1778015699999,3723556.38588,1808,475.849,2170580.24762,0
1778015700000,4561.17,4563.03,4561.17,4561.80,212.830,1778016599999,971004.82136,682,82.426,376042.49325,0
1778016600000,4561.81,4568.00,4561.66,4566.57,373.880,1778017499999,1706673.02113,1605,271.374,1238827.10296,0
1778017500000,4566.57,4566.70,4559.36,4560.38,351.504,1778018399999,1604051.54395,1577,102.390,467223.17439,0
1778018400000,4560.37,4561.04,4551.20,4553.00,2629.696,1778019299999,11978212.65932,7488,1275.170,5808064.32519,0
1778019300000,4553.08,4553.40,4549.00,4549.40,1555.798,1778020199999,7080387.59707,4115,602.366,2741203.56998,0
1778020200000,4549.32,4554.19,4549.10,4551.50,1244.880,1778021099999,5666977.20857,3487,832.575,3790033.64996,0
1778021100000,4551.50,4579.06,4550.21,4575.44,5695.897,1778021999999,26005390.37277,12274,3217.814,14691094.92495,0
1778022000000,4575.45,4593.43,4572.81,4591.83,7316.596,1778022899999,33528956.29082,14641,4009.587,18377319.37468,0
1778022900000,4591.84,4592.29,4583.99,4584.03,2817.524,1778023799999,12926649.23406,8302,1258.506,5774012.36192,0
1778023800000,4584.01,4590.00,4580.81,4587.04,2667.685,1778024699999,12234499.78922,6506,977.680,4483465.13799,0
1778024700000,4587.05,4597.40,4586.70,4595.36,3028.284,1778025599999,13913158.10056,7765,1691.726,7772015.08301,0
1778025600000,4595.37,4600.91,4590.73,4593.27,3985.157,1778026499999,18316101.54724,8522,1641.704,7546277.57245,0
1778026500000,4593.27,4606.58,4589.53,4604.39,3540.427,1778027399999,16287004.40421,8654,1861.841,8566087.41335,0
1778027400000,4604.40,4613.68,4604.32,4612.60,2335.552,1778028299999,10766881.33121,7092,1257.853,5798272.03703,0
1778028300000,4612.59,4621.76,4610.73,4620.65,3993.241,1778029199999,18429542.10605,7143,2056.754,9492438.84324,0
1778029200000,4620.65,4624.39,4610.96,4612.30,4411.717,1778030099999,20366279.88237,10327,1627.153,7512890.54615,0
1778030100000,4612.31,4627.00,4611.04,4626.38,2830.512,1778030999999,13080141.97618,7375,1469.765,6791854.32509,0
1778031000000,4626.38,4627.99,4622.20,4625.84,2014.324,1778031899999,9316410.43841,6166,739.280,3419139.68503,0
1778031900000,4625.83,4630.78,4625.46,4627.47,2408.988,1778032799999,11148756.70241,5897,1146.460,5306032.00125,0
1778032800000,4627.48,4636.00,4626.81,4634.82,2117.285,1778033699999,9807675.72447,5985,1185.771,5492698.46001,0
1778033700000,4634.82,4637.71,4630.92,4631.15,1887.494,1778034599999,8747684.30794,4220,722.453,3348538.82759,0
1778034600000,4631.15,4635.92,4628.11,4635.91,1582.682,1778035499999,7331551.62369,4708,614.364,2846089.11629,0
1778035500000,4635.91,4643.99,4635.02,4642.18,2432.702,1778036399999,11286710.32777,5734,1342.863,6230962.06282,0
1778036400000,4642.19,4650.69,4639.44,4648.00,3993.200,1778037299999,18549117.28099,6587,2297.729,10674440.99195,0
1778037300000,4648.00,4651.20,4645.41,4646.07,2317.913,1778038199999,10773089.48245,5059,611.832,2843509.05062,0
1778038200000,4646.07,4653.44,4643.50,4648.38,2251.903,1778039099999,10466579.54180,5773,1103.167,5127801.27867,0
1778039100000,4648.39,4649.00,4644.00,4644.73,1333.306,1778039999999,6194268.56523,3260,464.232,2156512.82216,0
1778040000000,4644.74,4648.28,4644.20,4648.27,1291.671,1778040899999,6001503.15990,3329,486.168,2258916.30517,0
1778040900000,4648.28,4654.64,4646.23,4653.66,3749.460,1778041799999,17434698.34979,5192,1721.127,8003590.42905,0
1778041800000,4653.66,4653.87,4647.02,4648.83,1940.277,1778042699999,9024042.93307,4608,659.278,3066499.64528,0
1778042700000,4648.84,4653.44,4648.42,4649.58,2028.008,1778043599999,9432043.52945,4294,829.704,3858767.94183,0
1778043600000,4649.58,4657.04,4649.57,4655.93,2581.697,1778044499999,12015127.21581,4968,1219.262,5674368.55262,0
1778044500000,4655.92,4655.92,4650.69,4651.15,1664.832,1778045399999,7746628.67552,3881,575.692,2678801.15131,0
1778045400000,4651.15,4652.34,4645.25,4650.48,2980.304,1778046299999,13852019.94410,5800,1034.746,4809545.69941,0
1778046300000,4650.48,4664.22,4649.89,4663.24,3807.586,1778047199999,17735341.37203,7357,2308.168,10753190.06594,0
1778047200000,4663.24,4667.08,4657.70,4660.79,4120.213,1778048099999,19212097.08026,8364,1937.336,9034040.48186,0
1778048100000,4660.79,4666.29,4658.19,4666.03,2529.463,1778048999999,11793171.18545,5132,1266.227,5904199.47199,0
1778049000000,4666.02,4669.72,4661.33,4664.89,3254.186,1778049899999,15182642.81106,6619,1724.813,8047366.60411,0
1778049900000,4664.88,4672.23,4662.92,4670.14,2820.309,1778050799999,13161582.32572,5816,1236.081,5769833.59681,0
1778050800000,4670.27,4671.61,4659.82,4659.82,2285.814,1778051699999,10664838.45732,6614,823.189,3840771.55059,0
1778051700000,4659.82,4670.12,4658.17,4667.68,2287.460,1778052599999,10667074.35870,6633,1145.284,5340487.23035,0
1778052600000,4667.69,4671.36,4663.55,4671.35,2362.467,1778053499999,11026017.98223,5820,1194.301,5574345.91119,0
1778053500000,4671.35,4682.64,4671.06,4682.31,6545.646,1778054399999,30609983.08971,11992,4143.683,19377967.42831,0
1778054400000,4682.32,4683.59,4676.64,4680.63,3469.811,1778055299999,16237631.25173,8050,1376.332,6440610.60509,0
1778055300000,4680.63,4681.44,4677.50,4677.76,1671.335,1778056199999,7820874.57796,4529,648.831,3036102.01367,0
1778056200000,4677.77,4678.84,4672.75,4677.48,2741.175,1778057099999,12817806.20020,5513,1064.059,4975164.06841,0
1778057100000,4677.48,4704.88,4677.48,4700.99,15606.131,1778057999999,73288914.52289,21823,8431.919,39592614.90548,0
1778058000000,4700.98,4710.60,4690.25,4696.04,8620.205,1778058899999,40504034.66325,14406,4144.759,19477988.27875,0
1778058900000,4696.04,4704.67,4692.62,4700.28,4738.572,1778059799999,22262482.14109,9768,2338.633,10986804.14502,0
1778059800000,4700.27,4706.49,4696.80,4697.56,4242.789,1778060699999,19950438.45332,8449,2236.603,10516737.56086,0
1778060700000,4697.56,4704.35,4695.74,4703.51,3071.655,1778061599999,14439692.13098,7042,1760.504,8276181.15657,0
1778061600000,4703.38,4706.90,4697.50,4699.32,3501.716,1778062499999,16464187.83581,8224,1755.018,8251720.02462,0
1778062500000,4699.32,4705.29,4696.48,4704.96,2806.040,1778063399999,13191859.83862,6615,1413.197,6643955.60291,0
1778063400000,4704.96,4717.40,4704.96,4715.48,9907.054,1778064299999,46680461.03774,12742,6030.672,28416973.01132,0
1778064300000,4715.49,4724.44,4710.00,4719.20,9617.678,1778065199999,45363506.96294,14104,4390.713,20710653.15289,0
1778065200000,4719.19,4722.16,4710.10,4712.96,6646.807,1778066099999,31344771.78681,13002,3102.271,14628900.69000,0
1778066100000,4712.89,4714.24,4707.17,4707.17,4524.804,1778066999999,21320126.39505,9466,2353.047,11087011.75683,0
1778067000000,4707.17,4716.07,4698.10,4699.86,6973.845,1778067899999,32821545.98061,12518,2596.574,12223196.19825,0
1778067900000,4699.87,4702.88,4691.30,4692.72,9690.108,1778068799999,45524000.31742,16490,4681.752,21996989.65946,0
1778068800000,4692.73,4693.26,4672.17,4674.73,14563.491,1778069699999,68199473.85816,22810,6984.644,32705529.26992,0
1778069700000,4674.73,4689.60,4662.20,4684.31,25387.514,1778070599999,118726147.95632,30624,13550.303,63368207.56994,0
1778070600000,4684.32,4686.49,4679.11,4683.54,6430.236,1778071499999,30111141.84796,13846,3053.764,14299211.60128,0
1778071500000,4683.53,4685.20,4678.44,4684.92,5472.562,1778072399999,25622528.57314,10031,3186.617,14919550.76148,0
1778072400000,4684.91,4693.44,4670.61,4685.00,14546.685,1778073299999,68106405.83911,23164,7337.711,34350168.78913,0
1778073300000,4685.00,4692.94,4681.66,4686.45,5666.981,1778074199999,26556721.33079,11738,2926.879,13716013.70403,0
1778074200000,4686.45,4701.05,4682.14,4696.16,9629.077,1778075099999,45210251.33298,18997,5397.357,25341533.01185,0
1778075100000,4696.16,4708.60,4693.91,4703.20,7449.814,1778075999999,35026079.79218,15559,3760.863,17680828.92126,0
1778076000000,4703.19,4713.56,4700.10,4711.81,8630.288,1778076899999,40627704.26733,16585,4204.629,19793305.85890,0
1778076900000,4711.81,4718.29,4705.88,4706.51,6089.882,1778077799999,28702588.89512,13434,2469.232,11638172.19750,0
1778077800000,4706.51,4715.20,4705.50,4713.93,5165.578,1778078699999,24324209.35599,11312,2362.716,11126007.86481,0
1778078700000,4713.93,4714.44,4702.55,4704.52,5806.679,1778079599999,27328021.04449,11825,2754.641,12962997.11930,0
1778079600000,4704.40,4707.12,4694.29,4697.40,4743.056,1778080499999,22296202.53581,10946,2154.149,10126360.07146,0
1778080500000,4697.40,4704.47,4695.29,4696.09,3938.658,1778081399999,18508880.28473,8920,1819.721,8551186.53312,0
1778081400000,4696.10,4698.24,4690.47,4693.88,3960.227,1778082299999,18590217.25847,8601,2072.161,9727307.55728,0
1778082300000,4694.03,4696.10,4690.00,4690.00,2919.517,1778083199999,13703586.19493,7588,1432.710,6724857.75968,0
1778083200000,4690.00,4690.66,4683.60,4686.26,4529.967,1778084099999,21233084.43285,8469,2258.859,10587092.56584,0
1778084100000,4686.26,4690.54,4684.89,4690.24,2311.943,1778084999999,10837233.12788,5510,1490.699,6987972.03310,0
1778085000000,4690.24,4694.13,4687.72,4691.00,2128.805,1778085899999,9987580.69308,5534,1170.587,5491829.58392,0
1778085900000,4691.00,4691.62,4682.00,4684.74,3200.480,1778086799999,14999006.81856,7014,1348.210,6318169.48568,0
1778086800000,4684.74,4689.36,4681.77,4686.87,1641.630,1778087699999,7692924.10313,5001,861.338,4036190.20020,0
1778087700000,4686.88,4687.35,4681.43,4684.22,2435.065,1778088599999,11404568.16729,5367,1035.747,4850705.49536,0
1778088600000,4684.22,4684.87,4680.64,4682.02,1816.768,1778089499999,8507121.00917,4902,903.624,4231193.29770,0
1778089500000,4682.02,4686.86,4682.02,4686.48,1706.267,1778090399999,7992270.54186,3821,899.372,4212895.67933,0
1778090400000,4686.47,4690.04,4683.98,4689.63,2067.693,1778091299999,9691342.76964,4539,1390.110,6515697.22413,0
1778091300000,4689.64,4692.48,4689.30,4689.94,1782.392,1778092199999,8360645.90019,4297,948.984,4451277.78663,0
1778092200000,4689.95,4692.07,4687.21,4688.40,1218.942,1778093099999,5716532.06672,3498,510.604,2394579.14393,0
1778093100000,4688.40,4689.84,4687.00,4688.51,807.960,1778093999999,3788174.31053,2871,372.284,1745399.37161,0
1778094000000,4688.51,4697.93,4688.51,4697.51,1427.590,1778094899999,6702384.92809,4276,915.873,4299744.19580,0
1778094900000,4697.51,4702.30,4697.50,4700.09,1926.254,1778095799999,9054304.70649,4136,1316.202,6186629.02419,0
1778095800000,4700.10,4700.74,4695.62,4696.97,1178.443,1778096699999,5536964.54834,3278,441.528,2074461.97144,0
1778096700000,4696.98,4699.99,4694.35,4694.35,1598.191,1778097599999,7507920.02823,3798,637.566,2995288.10006,0
1778097600000,4694.36,4701.60,4694.36,4701.02,1010.832,1778098499999,4748756.05973,2963,634.287,2979837.92513,0
1778098500000,4701.02,4701.60,4695.02,4695.52,792.338,1778099399999,3722946.47728,2591,447.526,2102734.10850,0
1778099400000,4695.52,4695.58,4691.16,4691.16,1253.006,1778100299999,5880805.71100,3069,494.892,2322601.39420,0
1778100300000,4691.16,4694.85,4687.65,4694.84,1230.560,1778101199999,5773257.02562,3553,629.864,2955012.96623,0
1778101200000,4694.85,4695.59,4693.23,4693.23,381.157,1778102099999,1789282.98483,895,106.345,499235.95002,0
1778102100000,4693.24,4693.68,4692.77,4693.46,161.469,1778102999999,757811.60691,603,72.286,339248.11685,0
1778103000000,4693.45,4696.90,4692.68,4693.41,541.998,1778103899999,2544485.01407,1308,197.248,926134.90372,0
1778103900000,4693.42,4693.63,4692.68,4693.63,145.165,1778104799999,681283.65292,522,102.799,482453.13374,0
1778104800000,4693.62,4699.56,4690.18,4699.19,3553.369,1778105699999,16682875.77349,6259,1891.418,8880605.27455,0
1778105700000,4699.19,4701.84,4695.36,4696.80,1550.925,1778106599999,7288597.82403,3636,870.828,4092446.54355,0
1778106600000,4696.79,4701.20,4695.90,4700.28,1173.508,1778107499999,5514634.18345,2630,705.046,3313099.90072,0
1778107500000,4700.28,4700.29,4695.51,4696.02,1179.117,1778108399999,5539163.15888,2953,440.358,2068628.52776,0
1778108400000,4696.02,4699.56,4695.32,4696.14,1027.609,1778109299999,4826952.56680,2320,433.371,2035736.23712,0
1778109300000,4696.14,4699.27,4691.88,4694.58,1179.876,1778110199999,5540313.39263,3530,562.743,2642364.30538,0
1778110200000,4694.55,4695.14,4692.80,4694.37,528.314,1778111099999,2479959.45692,1580,216.596,1016669.53068,0
1778111100000,4694.36,4700.61,4694.36,4700.60,1479.661,1778111999999,6951928.65577,3896,762.136,3580717.24803,0
1778112000000,4700.61,4702.56,4691.20,4701.36,2944.670,1778112899999,13833779.47461,7046,1402.394,6587915.95959,0
1778112900000,4701.36,4701.93,4693.46,4693.95,1871.174,1778113799999,8791174.19273,5506,850.778,3996945.17821,0
1778113800000,4693.92,4694.39,4686.80,4688.72,2242.853,1778114699999,10521901.70375,6439,1009.592,4736348.36520,0
1778114700000,4688.72,4692.23,4686.50,4690.20,1912.929,1778115599999,8970486.28022,4495,999.668,4687998.74164,0
1778115600000,4690.21,4713.06,4686.65,4711.16,5251.309,1778116499999,24687416.34117,12002,3249.105,15274598.30519,0
1778116500000,4711.19,4717.98,4705.44,4706.03,3128.031,1778117399999,14740177.57165,8704,1591.386,7498903.62116,0
1778117400000,4706.02,4718.86,4704.23,4713.94,2847.872,1778118299999,13417344.21578,8088,1652.984,7787604.78441,0
1778118300000,4713.95,4722.00,4713.94,4715.99,2672.505,1778119199999,12611148.18679,7249,1444.982,6818650.24912,0
1778119200000,4715.99,4720.42,4705.28,4705.29,2822.610,1778120099999,13307523.61566,7697,1378.857,6501317.85734,0
1778120100000,4705.65,4709.41,4704.00,4704.68,1429.021,1778120999999,6725261.07157,5399,831.127,3911391.68204,0
1778121000000,4704.68,4707.00,4701.83,4705.79,1204.593,1778121899999,5666574.87167,5188,583.521,2744895.13933,0
1778121900000,4705.79,4712.10,4705.79,4709.36,1321.288,1778122799999,6221674.68161,4381,754.400,3552542.12536,0
1778122800000,4709.36,4711.42,4705.40,4707.12,703.804,1778123699999,3313873.63238,3939,333.213,1568983.82513,0
1778123700000,4707.08,4710.17,4705.54,4705.92,656.610,1778124599999,3091013.18488,3079,231.185,1088362.81969,0
1778124600000,4705.88,4706.08,4703.68,4704.80,701.591,1778125499999,3300778.44657,2883,288.760,1358466.46119,0
1778125500000,4704.79,4705.57,4700.00,4700.02,1101.554,1778126399999,5180881.19648,3393,430.936,2026960.02960,0
1778126400000,4700.02,4701.41,4697.22,4697.28,2350.536,1778127299999,11046120.78931,5005,850.793,3998146.10126,0
1778127300000,4697.27,4699.76,4696.00,4698.04,1459.838,1778128199999,6858371.98501,3745,699.771,3287646.77054,0
1778128200000,4698.03,4700.33,4693.92,4699.42,656.162,1778129099999,3081980.25934,2784,368.871,1732761.15140,0
1778129100000,4699.43,4700.34,4695.48,4697.83,652.328,1778129999999,3064162.94027,3150,297.091,1395463.82129,0
1778130000000,4697.82,4702.99,4697.82,4702.02,855.980,1778130899999,4024209.58492,2929,587.574,2762284.83001,0
1778130900000,4702.02,4702.50,4696.33,4697.42,694.338,1778131799999,3262615.01536,3299,355.596,1670787.08092,0
1778131800000,4697.41,4707.84,4696.44,4705.04,2784.093,1778132699999,13100061.33145,5705,2001.098,9415615.59118,0
1778132700000,4705.05,4707.97,4702.32,4702.80,801.016,1778133599999,3768748.31783,3971,335.940,1580603.56383,0
1778133600000,4702.80,4711.00,4702.80,4709.10,967.015,1778134499999,4553246.56232,4258,512.182,2411683.24256,0
1778134500000,4709.10,4718.68,4708.40,4718.30,1610.569,1778135399999,7592574.70446,5215,831.970,3922427.95832,0
1778135400000,4718.30,4750.00,4717.68,4746.47,13512.026,1778136299999,64006513.38813,22267,6545.474,31000716.53281,0
1778136300000,4746.45,4747.32,4736.84,4739.56,3693.573,1778137199999,17508194.38694,7873,1468.820,6961598.83645,0
1778137200000,4739.51,4751.40,4732.75,4749.94,4909.800,1778138099999,23290112.39882,12483,2933.456,13917940.98677,0
1778138100000,4749.95,4751.64,4739.24,4740.63,3075.741,1778138999999,14592827.96551,7638,1241.260,5889214.00378,0
1778139000000,4740.64,4744.62,4739.88,4743.54,1226.911,1778139899999,5818238.71131,4240,637.745,3024396.12352,0
1778139900000,4743.53,4745.98,4738.62,4744.14,1382.648,1778140799999,6557200.12553,4066,718.761,3408781.01566,0
1778140800000,4744.15,4754.92,4743.12,4743.13,5288.909,1778141699999,25117748.12114,9002,2414.063,11465112.34864,0
1778141700000,4743.12,4743.29,4734.72,4741.08,3323.644,1778142599999,15750389.75963,7415,1365.054,6468748.96385,0
1778142600000,4741.20,4742.99,4735.06,4736.83,1750.228,1778143499999,8295361.27163,4220,895.798,4246378.99810,0
1778143500000,4736.82,4737.78,4732.80,4732.89,1744.272,1778144399999,8259741.82477,4980,852.649,4037658.17136,0
1778144400000,4732.90,4737.84,4724.16,4735.45,4697.856,1778145299999,22224700.37328,8233,2824.466,13362382.12181,0
1778145300000,4735.45,4740.16,4733.16,4736.88,1659.313,1778146199999,7860367.80672,4974,781.770,3703385.64295,0
1778146200000,4736.87,4741.24,4734.21,4739.64,2133.278,1778147099999,10107623.89450,4594,1005.267,4763269.79678,0
1778147100000,4739.53,4740.88,4727.36,4730.28,1863.091,1778147999999,8820373.77242,5353,906.416,4292083.07590,0
1778148000000,4730.40,4736.39,4728.01,4736.39,1427.768,1778148899999,6756498.50961,4447,933.413,4417132.76187,0
1778148900000,4736.39,4737.78,4729.80,4733.97,1049.804,1778149799999,4969307.84451,3349,339.431,1606873.72540,0
1778149800000,4733.97,4741.93,4729.75,4741.05,2219.853,1778150699999,10515206.58705,4808,1409.271,6675326.94499,0
1778150700000,4741.06,4741.61,4737.38,4737.88,1202.719,1778151599999,5699763.38040,3281,683.166,3237535.98969,0
1778151600000,4737.89,4739.16,4730.00,4731.11,2360.229,1778152499999,11174811.61927,4521,1266.066,5994436.16767,0
1778152500000,4731.12,4737.96,4729.11,4734.17,2032.675,1778153399999,9620674.23394,4503,1176.463,5569118.20286,0
1778153400000,4734.18,4739.03,4733.60,4738.30,1730.733,1778154299999,8198064.13768,3950,1022.163,4841691.29144,0
1778154300000,4738.30,4744.96,4736.00,4744.25,1693.906,1778155199999,8030530.01153,4683,1055.749,5005297.63596,0
1778155200000,4744.24,4747.65,4741.32,4745.83,2239.050,1778156099999,10623308.21017,5685,1197.309,5681108.35096,0
1778156100000,4745.82,4749.05,4734.15,4739.35,3133.177,1778156999999,14856437.11377,8617,1405.192,6662874.61085,0
1778157000000,4739.42,4752.80,4739.22,4751.98,4737.342,1778157899999,22492776.85957,10659,2327.719,11051662.95205,0
1778157900000,4752.01,4754.04,4745.79,4751.53,2898.282,1778158799999,13768857.91114,7024,1276.235,6062715.42030,0
1778158800000,4751.53,4751.53,4733.03,4735.14,4473.404,1778159699999,21207753.52178,11202,1996.984,9466154.67809,0
1778159700000,4735.13,4747.80,4732.47,4746.40,1985.531,1778160599999,9414903.30307,6897,1156.727,5484978.21614,0
1778160600000,4746.40,4759.88,4744.38,4749.48,6217.239,1778161499999,29554519.54393,14069,2816.283,13388839.16397,0
1778161500000,4749.48,4750.42,4738.33,4747.61,5273.913,1778162399999,25027321.72744,11004,2831.852,13439250.72479,0
1778162400000,4747.61,4754.79,4743.64,4752.35,4693.602,1778163299999,22292596.60077,9301,2425.734,11520846.19987,0
1778163300000,4752.33,4760.95,4742.63,4757.65,5686.580,1778164199999,27035956.73852,11821,2794.580,13287108.81044,0
1778164200000,4757.66,4759.64,4748.84,4752.48,3736.944,1778165099999,17765040.13971,9530,1644.489,7816792.85677,0
1778165100000,4752.56,4764.39,4752.02,4763.86,3850.624,1778165999999,18329737.34726,8858,2052.102,9768805.52543,0
1778166000000,4763.86,4765.99,4756.01,4756.08,3688.436,1778166899999,17556867.31493,7745,1490.433,7095098.75282,0
1778166900000,4756.08,4757.27,4737.64,4740.84,5954.470,1778167799999,28266245.29660,12889,2662.322,12636447.30944,0
1778167800000,4740.92,4747.98,4739.81,4739.84,3308.068,1778168699999,15693111.08102,8404,1615.635,7664345.92170,0
1778168700000,4739.84,4740.00,4728.01,4730.84,4861.556,1778169599999,23011828.43691,10015,2151.786,10184256.88030,0
1778169600000,4730.85,4731.12,4715.06,4716.73,7279.037,1778170499999,34375438.01647,13800,3234.139,15273381.38127,0
1778170500000,4716.72,4724.73,4706.24,4722.02,9042.356,1778171399999,42635264.52220,13968,5063.648,23875677.26590,0
1778171400000,4722.02,4722.71,4712.50,4713.35,4512.604,1778172299999,21288411.00173,7275,2152.189,10152553.18381,0
1778172300000,4713.36,4719.28,4712.69,4716.60,2149.683,1778173199999,10137406.31123,5873,1253.919,5913088.94658,0
1778173200000,4716.61,4720.55,4713.63,4716.47,1931.556,1778174099999,9111495.33115,5832,1131.775,5338928.12152,0
1778174100000,4716.48,4720.44,4690.32,4700.98,10435.912,1778174999999,49083020.28172,18354,4740.370,22298577.37849,0
1778175000000,4700.98,4707.44,4695.71,4701.59,4693.669,1778175899999,22066323.79526,12751,2516.986,11832530.73829,0
1778175900000,4701.39,4713.48,4699.68,4713.47,2862.372,1778176799999,13472684.08175,7831,1641.133,7724497.84839,0
1778176800000,4713.47,4714.42,4707.08,4709.90,1735.780,1778177699999,8177046.08951,5602,781.503,3681815.14576,0
1778177700000,4709.90,4714.16,4707.48,4714.16,1209.936,1778178599999,5699661.33529,4180,577.731,2721420.34102,0
1778178600000,4714.15,4717.31,4705.42,4708.14,2202.438,1778179499999,10378467.01530,6570,1007.483,4747470.57236,0
1778179500000,4707.99,4712.74,4698.00,4711.44,5237.984,1778180399999,24647575.96239,11225,2641.173,12428409.20869,0
1778180400000,4711.45,4714.24,4707.05,4711.64,1172.707,1778181299999,5524072.73248,4907,553.889,2608988.14035,0
1778181300000,4711.47,4712.28,4699.80,4706.97,2597.608,1778182199999,12221765.69202,7277,1140.467,5365657.14764,0
1778182200000,4706.98,4713.92,4705.64,4711.88,1725.444,1778183099999,8127563.54671,4398,1112.248,5239178.10341,0
1778183100000,4711.89,4713.34,4705.09,4705.78,5219.329,1778183999999,24578735.24292,7787,2909.408,13701080.01090,0
1778184000000,4705.56,4721.27,4705.56,4713.66,2863.726,1778184899999,13503691.85797,6286,1535.284,7238908.07262,0
1778184900000,4713.66,4716.24,4711.52,4715.90,547.108,1778185799999,2578918.94006,2315,344.170,1622309.65290,0
1778185800000,4715.76,4717.33,4699.36,4705.80,3344.015,1778186699999,15741758.25192,7474,1590.690,7487303.23269,0
1778186700000,4705.92,4705.92,4688.02,4688.70,3295.107,1778187599999,15469619.18505,7553,1450.959,6811558.94132,0
1778187600000,4688.69,4696.85,4688.25,4695.84,1259.167,1778188499999,5909246.51500,2500,740.109,3473718.49135,0
1778188500000,4695.84,4697.28,4693.28,4693.98,1020.788,1778189399999,4792451.45116,1896,549.020,2577356.33746,0
1778189400000,4693.98,4694.17,4684.71,4688.04,1789.013,1778190299999,8387945.99261,3413,553.311,2594487.93316,0
1778190300000,4688.05,4689.94,4685.52,4688.53,318.471,1778191199999,1493062.95245,1262,180.891,848087.97157,0
1778191200000,4688.54,4699.67,4680.80,4692.72,5972.752,1778192099999,28008086.85710,11451,2944.258,13806944.90309,0
1778192100000,4692.71,4701.07,4691.04,4695.66,2267.372,1778192999999,10648424.44871,5918,1160.139,5448746.84763,0
1778193000000,4695.66,4697.40,4688.01,4689.25,1896.562,1778193899999,8896842.13029,4588,999.237,4687358.65350,0
1778193900000,4689.25,4690.65,4683.95,4687.79,1286.286,1778194799999,6028997.92132,3302,709.365,3324968.17088,0
1778194800000,4687.79,4695.86,4686.66,4693.17,1337.825,1778195699999,6276282.31194,3087,801.605,3760537.45146,0
1778195700000,4693.18,4700.28,4693.18,4698.16,1079.302,1778196599999,5070962.34321,3176,582.785,2738118.78424,0
1778196600000,4698.17,4701.35,4696.68,4699.79,880.925,1778197499999,4139859.32859,2554,472.144,2218822.54525,0
1778197500000,4699.79,4707.30,4699.79,4706.24,1652.447,1778198399999,7773254.26166,3878,986.076,4638478.25065,0
1778198400000,4706.24,4711.67,4703.54,4705.30,2492.880,1778199299999,11735296.47495,6145,1530.441,7204509.42711,0
1778199300000,4705.31,4707.54,4696.51,4699.57,1593.486,1778200199999,7491871.86774,5415,812.577,3820767.06951,0
1778200200000,4699.70,4709.97,4698.80,4707.00,1684.759,1778201099999,7927353.18609,4443,863.293,4061637.44422,0
1778201100000,4707.01,4707.48,4698.73,4703.21,1579.946,1778201999999,7429248.84347,4051,546.295,2568726.55152,0
1778202000000,4703.21,4720.48,4702.38,4715.63,4078.364,1778202899999,19228904.61091,9769,2058.297,9704069.29916,0
1778202900000,4715.63,4720.31,4713.01,4714.62,1783.856,1778203799999,8412847.19505,5486,856.667,4040085.13906,0
1778203800000,4714.62,4717.23,4706.64,4712.72,2401.030,1778204699999,11312840.00478,7849,1260.392,5938932.63542,0
1778204700000,4712.72,4726.39,4712.72,4723.57,3820.063,1778205599999,18031958.26837,6624,2110.374,9960688.44112,0
1778205600000,4723.56,4732.86,4722.24,4725.25,3192.988,1778206499999,15101372.90867,6066,1476.990,6984813.25168,0
1778206500000,4725.25,4725.89,4719.30,4722.02,2375.683,1778207399999,11217831.35613,4476,904.244,4269490.60266,0
1778207400000,4722.02,4723.92,4708.63,4712.32,3321.386,1778208299999,15661513.00789,8047,1388.026,6544050.52115,0
1778208300000,4712.33,4718.61,4710.01,4714.33,2048.073,1778209199999,9656180.56756,5381,995.618,4693761.86481,0
1778209200000,4714.33,4720.85,4712.07,4720.75,1244.638,1778210099999,5871737.91392,4031,701.864,3311159.76845,0
1778210100000,4720.76,4723.88,4718.34,4721.67,1334.982,1778210999999,6303049.05980,3394,704.564,3326531.36187,0
1778211000000,4721.66,4732.23,4721.44,4725.37,1878.364,1778211899999,8879231.67772,5044,1043.850,4934457.95949,0
1778211900000,4725.37,4725.78,4719.30,4720.76,1168.889,1778212799999,5520131.94019,3162,463.618,2189160.90334,0
1778212800000,4720.77,4724.62,4716.46,4716.46,981.069,1778213699999,4630618.52255,3714,528.847,2496300.43362,0
1778213700000,4716.46,4719.81,4715.00,4718.91,898.059,1778214599999,4236620.62448,3150,493.215,2326841.08766,0
1778214600000,4718.90,4719.49,4710.01,4713.11,1696.191,1778215499999,7996129.42631,4065,665.725,3138105.55750,0
1778215500000,4713.11,4717.29,4711.08,4712.35,1305.313,1778216399999,6152937.84426,3065,801.445,3778007.39595,0
1778216400000,4712.36,4717.72,4711.45,4714.13,1042.067,1778217299999,4912937.50392,3432,624.111,2942410.51899,0
1778217300000,4714.13,4721.20,4712.48,4720.60,1063.787,1778218199999,5017523.33038,3037,788.744,3720402.34108,0
1778218200000,4720.60,4727.97,4720.60,4725.55,1815.203,1778219099999,8577272.15517,5527,1022.116,4829579.54155,0
1778219100000,4725.59,4731.72,4724.69,4728.25,2068.934,1778219999999,9783268.15407,4957,946.300,4474456.16694,0
1778220000000,4728.26,4730.63,4715.00,4724.24,3296.905,1778220899999,15576084.17531,8561,1351.346,6383050.39734,0
1778220900000,4724.23,4735.14,4723.03,4734.23,2094.577,1778221799999,9907202.78804,6098,1131.176,5350838.32407,0
1778221800000,4734.24,4735.00,4726.68,4730.04,1852.766,1778222699999,8764073.14532,5036,592.722,2803786.55633,0
1778222700000,4730.01,4730.36,4723.17,4726.79,1161.831,1778223599999,5491178.65295,4349,518.624,2451129.60886,0
1778223600000,4726.79,4727.59,4717.44,4717.51,2405.737,1778224499999,11361695.90170,6563,1360.992,6427864.55591,0
1778224500000,4717.50,4720.06,4700.00,4708.57,6526.223,1778225399999,30731989.01396,13498,3707.028,17455424.87572,0
1778225400000,4708.57,4713.83,4703.74,4710.19,3134.561,1778226299999,14761713.41224,7110,1468.596,6916154.77080,0
1778226300000,4710.19,4715.44,4709.05,4710.23,1432.184,1778227199999,6748335.81616,5058,772.983,3642328.00725,0
1778227200000,4710.24,4714.71,4708.70,4713.36,1795.352,1778228099999,8458439.86959,4714,916.558,4318399.37136,0
1778228100000,4713.29,4723.62,4713.27,4718.29,3068.826,1778228999999,14483978.36342,6047,1526.830,7205887.31988,0
1778229000000,4718.29,4724.65,4717.88,4718.67,1559.383,1778229899999,7362214.28665,4048,629.448,2971657.71438,0
1778229900000,4718.67,4722.16,4716.27,4716.81,1411.745,1778230799999,6662131.97439,3833,692.884,3269931.65035,0
1778230800000,4716.81,4720.85,4715.00,4719.72,2025.727,1778231699999,9558755.87657,3818,1058.040,4992824.24454,0
1778231700000,4719.79,4724.00,4719.79,4720.00,1169.796,1778232599999,5523150.59683,3539,531.566,2509734.50391,0
1778232600000,4720.09,4720.44,4711.23,4714.31,2516.947,1778233499999,11868954.07501,5773,831.610,3920586.13285,0
1778233500000,4714.40,4714.74,4709.00,4713.67,1515.958,1778234399999,7142523.80021,4005,737.250,3473440.68298,0
1778234400000,4713.66,4720.32,4712.88,4720.14,1197.873,1778235299999,5649347.39762,3777,723.066,3410105.08818,0
1778235300000,4720.15,4724.82,4719.04,4722.30,1094.164,1778236199999,5166420.26370,3213,525.212,2479842.95796,0
1778236200000,4722.12,4729.20,4721.68,4725.69,1473.550,1778237099999,6964384.69251,4223,763.501,3608429.74345,0
1778237100000,4725.69,4725.69,4716.87,4720.70,2142.462,1778237999999,10114984.68825,5041,1077.535,5087119.23986,0
1778238000000,4720.70,4728.15,4720.63,4723.18,1740.193,1778238899999,8221799.26889,4413,649.368,3067057.39432,0
1778238900000,4723.17,4726.84,4721.98,4725.39,822.665,1778239799999,3886797.35730,3013,384.200,1815069.27877,0
1778239800000,4725.39,4726.82,4722.46,4722.72,1164.154,1778240699999,5500519.62856,3456,454.999,2149531.54651,0
1778240700000,4722.72,4722.72,4715.82,4719.30,1272.932,1778241599999,6007008.94508,3959,723.086,3412164.52760,0
1778241600000,4719.30,4721.13,4706.17,4706.76,3332.600,1778242499999,15701737.35548,7449,1740.025,8198448.24109,0
1778242500000,4706.75,4712.30,4705.20,4711.85,2410.692,1778243399999,11352904.32850,6474,1412.259,6650477.16190,0
1778243400000,4711.84,4731.60,4705.81,4725.01,9764.943,1778244299999,46089030.72559,19821,4727.563,22313705.29226,0
1778244300000,4725.01,4732.32,4721.50,4725.12,4301.107,1778245199999,20331362.61069,9792,1691.681,7996528.35480,0
1778245200000,4725.11,4730.12,4717.67,4721.93,3599.691,1778246099999,17000346.62891,9868,1854.060,8756077.43770,0
1778246100000,4721.93,4729.00,4721.31,4728.71,1767.304,1778246999999,8352774.25675,5569,734.400,3470896.64645,0
1778247000000,4728.71,4745.27,4728.59,4739.06,8468.839,1778247899999,40134219.10002,15152,4354.049,20630638.04678,0
1778247900000,4739.15,4749.43,4736.16,4749.43,5641.441,1778248799999,26758494.90167,11512,2923.713,13869387.51672,0
1778248800000,4749.43,4751.68,4720.92,4731.98,11834.410,1778249699999,56027606.31370,18894,5288.506,25035321.74121,0
1778249700000,4732.20,4734.58,4718.61,4719.54,5680.622,1778250599999,26849597.88051,11808,2513.723,11880717.38811,0
1778250600000,4719.63,4727.40,4716.24,4724.76,4614.657,1778251499999,21791908.53199,10525,2695.290,12728031.77619,0
1778251500000,4724.75,4726.34,4716.06,4718.11,3472.248,1778252399999,16387528.50574,8086,1857.584,8766557.87376,0
1778252400000,4718.11,4721.83,4708.59,4710.15,5044.224,1778253299999,23791138.19085,9826,2635.245,12429909.14326,0
1778253300000,4710.15,4715.51,4706.51,4715.51,4894.794,1778254199999,23052372.47048,10297,2308.497,10872277.49880,0
1778254200000,4715.51,4717.00,4706.97,4708.22,3213.259,1778255099999,15140050.03917,8826,1769.962,8339274.67550,0
1778255100000,4708.22,4713.25,4705.32,4709.51,3462.320,1778255999999,16303817.30596,7094,1663.366,7833011.31906,0
1778256000000,4709.51,4714.16,4708.16,4713.23,2238.143,1778256899999,10545552.77389,5983,1137.691,5360486.85421,0
1778256900000,4713.36,4719.59,4713.29,4719.24,1560.127,1778257799999,7359184.64138,4259,918.004,4329968.16798,0
1778257800000,4719.24,4721.56,4715.00,4715.00,1721.605,1778258699999,8123612.09652,4090,509.582,2404516.18613,0
1778258700000,4715.01,4717.74,4712.75,4714.10,876.717,1778259599999,4133647.51742,3622,418.709,1974163.13917,0
1778259600000,4714.11,4717.92,4713.93,4717.30,1286.020,1778260499999,6065235.74693,3645,644.495,3039582.27790,0
1778260500000,4717.30,4723.83,4717.29,4722.66,1079.029,1778261399999,5094083.10635,3731,613.569,2896567.75637,0
1778261400000,4722.66,4723.64,4721.26,4722.59,448.099,1778262299999,2116036.50699,1718,229.712,1084758.29042,0
1778262300000,4722.82,4724.42,4721.17,4722.09,545.042,1778263199999,2573865.32529,1852,214.320,1012137.41766,0
1778263200000,4722.10,4729.80,4721.97,4729.02,1666.173,1778264099999,7875641.71185,4761,704.567,3329786.74965,0
1778264100000,4729.02,4730.16,4725.14,4727.28,1195.334,1778264999999,5651229.35611,2868,373.094,1763938.97637,0
1778265000000,4727.27,4727.44,4724.88,4725.98,632.851,1778265899999,2990975.36771,2370,190.716,901361.16580,0
1778265900000,4725.99,4725.99,4721.55,4723.90,579.745,1778266799999,2738697.28303,2506,352.865,1666852.82383,0
1778266800000,4723.90,4726.53,4723.15,4724.87,730.224,1778267699999,3450623.19822,2533,290.724,1373813.97671,0
1778267700000,4724.87,4726.33,4724.55,4724.75,581.370,1778268599999,2747292.36530,2069,201.021,949916.77971,0
1778268600000,4724.75,4727.88,4723.08,4726.14,1057.175,1778269499999,4995296.96220,3180,298.958,1412530.73412,0
1778269500000,4726.14,4726.72,4724.01,4724.87,800.957,1778270399999,3784803.38451,2698,253.419,1197410.48062,0
1778270400000,4724.86,4724.86,4718.07,4719.54,1485.554,1778271299999,7014247.12055,2639,708.268,3344349.91884,0
1778271300000,4719.54,4719.80,4716.38,4717.58,741.336,1778272199999,3497280.17861,1940,272.730,1286552.56485,0
1778272200000,4717.57,4719.36,4716.88,4718.16,678.529,1778273099999,3201368.41281,1836,435.715,2055774.63054,0
1778273100000,4718.18,4719.39,4716.01,4718.82,3026.881,1778273999999,14279022.06450,4825,1719.144,8109983.05193,0
1778274000000,4718.82,4721.44,4718.82,4720.24,375.239,1778274899999,1771181.04416,2542,193.115,911525.19403,0
1778274900000,4720.24,4720.25,4718.83,4719.49,165.846,1778275799999,782729.83384,940,52.117,245947.53696,0
1778275800000,4719.49,4719.49,4717.76,4718.72,131.895,1778276699999,622369.79535,647,57.413,270899.96303,0
1778276700000,4718.71,4718.79,4718.61,4718.79,33.415,1778277599999,157674.52951,272,23.883,112695.91925,0
1778277600000,4718.79,4718.79,4715.28,4716.36,427.150,1778278499999,2014652.72182,1135,114.765,541249.37209,0
1778278500000,4716.37,4716.96,4716.36,4716.95,90.815,1778279399999,428332.02930,309,77.633,366156.36893,0
1778279400000,4716.96,4718.07,4716.19,4717.56,298.520,1778280299999,1408195.53401,658,184.433,870018.94831,0
1778280300000,4717.56,4718.26,4717.31,4717.53,352.454,1778281199999,1662792.24995,675,54.996,259454.10015,0
1778281200000,4717.54,4717.54,4716.66,4717.06,110.889,1778282099999,523079.21022,967,69.967,330039.34442,0
1778282100000,4717.05,4717.06,4716.34,4716.36,100.844,1778282999999,475635.64260,1262,60.816,286836.18903,0
1778283000000,4716.35,4716.36,4715.60,4715.60,98.662,1778283899999,465290.36741,669,22.241,104888.81343,0
1778283900000,4715.60,4715.61,4715.02,4715.02,155.615,1778284799999,733776.03762,428,36.570,172443.59898,0
1778284800000,4715.01,4715.02,4714.61,4714.62,173.098,1778285699999,816154.71155,481,96.505,455020.82668,0
1778285700000,4714.61,4715.52,4714.61,4715.52,188.021,1778286599999,886503.69281,490,169.058,797093.72769,0
1778286600000,4715.51,4716.70,4715.51,4716.70,153.990,1778287499999,726230.13504,573,117.836,555728.68610,0
1778287500000,4716.69,4716.97,4716.69,4716.97,24.989,1778288399999,117867.66682,268,14.330,67591.67957,0
1778288400000,4716.97,4717.54,4716.96,4717.54,148.799,1778289299999,701940.01857,432,122.790,579254.40101,0
1778289300000,4717.54,4717.90,4716.69,4717.11,118.952,1778290199999,561171.10579,444,54.468,256964.02874,0
1778290200000,4717.10,4717.55,4717.10,4717.35,63.475,1778291099999,299442.27849,302,21.081,99449.01916,0
1778291100000,4717.36,4719.00,4717.35,4718.99,187.762,1778291999999,885928.21482,513,163.758,772660.53734,0
1778292000000,4719.00,4723.68,4718.99,4722.90,273.412,1778292899999,1291003.64647,1128,213.078,1006093.99013,0
1778292900000,4722.90,4723.59,4720.47,4721.29,177.912,1778293799999,840151.12516,1005,60.368,285054.43668,0
1778293800000,4721.28,4721.59,4720.08,4720.08,153.623,1778294699999,725240.29970,594,73.592,347424.90009,0
1778294700000,4720.08,4720.84,4720.08,4720.84,47.775,1778295599999,225520.47130,263,32.870,155163.24481,0
1778295600000,4720.83,4720.84,4719.27,4719.28,141.459,1778296499999,667706.36603,440,18.486,87250.90950,0
1778296500000,4719.28,4719.28,4715.72,4716.55,461.566,1778297399999,2177450.12998,1057,89.921,424196.01952,0
1778297400000,4716.56,4718.01,4716.55,4717.85,151.588,1778298299999,715053.30011,556,122.679,578676.08113,0
1778298300000,4717.84,4719.72,4717.60,4717.61,152.069,1778299199999,717501.27581,690,118.925,561114.90556,0
1778299200000,4717.61,4719.48,4717.48,4719.13,89.748,1778300099999,423465.45905,600,55.309,260970.29920,0
1778300100000,4719.13,4719.13,4719.04,4719.04,61.303,1778300999999,289293.29521,307,37.883,178772.88699,0
1778301000000,4719.05,4719.72,4717.80,4718.36,137.422,1778301899999,648484.66102,544,71.715,338410.64684,0
1778301900000,4718.36,4718.62,4717.20,4718.62,117.727,1778302799999,555457.95862,536,52.009,245386.36818,0
1778302800000,4718.61,4719.58,4718.61,4719.58,81.070,1778303699999,382565.98699,436,66.093,311891.57011,0
1778303700000,4719.58,4719.58,4719.00,4719.00,124.926,1778304599999,589558.27796,351,50.625,238907.94645,0
1778304600000,4719.01,4719.01,4717.00,4717.55,190.037,1778305499999,896620.94845,530,35.859,169177.12515,0
1778305500000,4717.56,4718.10,4717.55,4718.10,52.226,1778306399999,246390.55550,288,30.261,142763.84193,0
1778306400000,4718.09,4719.01,4718.09,4718.60,191.564,1778307299999,903925.90512,437,151.889,716713.68106,0
1778307300000,4718.61,4719.00,4718.60,4718.94,43.482,1778308199999,205185.87335,224,36.754,173437.05825,0
1778308200000,4718.95,4719.01,4718.94,4719.01,77.885,1778309099999,367536.79454,291,69.133,326236.58858,0
1778309100000,4719.01,4719.01,4719.00,4719.00,76.122,1778309999999,359219.90142,246,18.342,86556.08142,0
1778310000000,4719.01,4719.01,4719.00,4719.00,63.267,1778310899999,298557.05918,254,8.618,40668.42818,0
1778310900000,4719.00,4719.01,4719.00,4719.01,99.462,1778311799999,469361.69843,339,52.043,245591.43743,0
1778311800000,4719.01,4719.01,4719.00,4719.00,42.474,1778312699999,200434.92248,336,11.648,54967.02848,0
1778312700000,4719.00,4719.01,4718.19,4718.19,89.677,1778313599999,423154.61161,594,21.562,101738.38656,0
1778313600000,4718.19,4718.20,4717.10,4717.10,90.643,1778314499999,427620.34148,531,7.707,36359.20756,0
1778314500000,4717.11,4717.60,4716.70,4716.80,189.583,1778315399999,894281.32304,643,98.336,463853.95893,0
1778315400000,4716.80,4717.60,4716.48,4716.48,94.103,1778316299999,443898.69675,479,16.233,76573.06266,0
1778316300000,4716.48,4716.49,4716.48,4716.49,18.278,1778317199999,86207.89962,275,7.818,36873.51882,0
1778317200000,4716.49,4716.49,4716.48,4716.48,41.085,1778318099999,193776.62073,271,3.993,18832.94457,0
1778318100000,4716.48,4716.49,4716.20,4716.21,70.270,1778318999999,331412.50664,404,27.309,128795.34575,0
1778319000000,4716.21,4717.40,4716.20,4717.39,68.227,1778319899999,321818.24607,435,56.023,264250.89862,0
1778319900000,4717.39,4717.40,4716.73,4716.73,34.579,1778320799999,163116.81220,315,11.259,53112.68093,0
1778320800000,4716.73,4716.74,4716.39,4716.46,32.723,1778321699999,154337.18711,325,17.545,82749.55953,0
1778321700000,4716.45,4716.46,4716.00,4716.21,105.603,1778322599999,498047.12063,392,21.238,100161.86259,0
1778322600000,4716.20,4717.00,4716.00,4716.00,137.372,1778323499999,647886.77651,549,45.233,213326.32059,0
1778323500000,4716.00,4716.01,4716.00,4716.00,25.723,1778324399999,121309.78861,225,12.061,56879.79661,0
1778324400000,4716.00,4716.60,4716.00,4716.60,79.658,1778325299999,375676.89804,244,71.441,336924.19936,0
1778325300000,4716.60,4716.70,4716.59,4716.70,27.264,1778326199999,128593.30910,183,18.921,89242.79873,0
1778326200000,4716.69,4717.24,4716.69,4717.24,30.510,1778327099999,143909.93022,270,26.995,127329.65387,0
1778327100000,4717.24,4717.24,4717.23,4717.24,26.885,1778327999999,126822.96017,201,23.162,109260.71288,0
1778328000000,4717.24,4717.24,4717.23,4717.23,51.968,1778328899999,245145.37830,283,36.966,174377.49384,0
1778328900000,4717.24,4718.00,4717.23,4717.86,87.735,1778329799999,413899.89680,413,67.736,319551.03418,0
1778329800000,4718.00,4718.00,4717.32,4717.99,146.354,1778330699999,690451.39446,459,69.652,328592.97198,0
1778330700000,4717.98,4717.99,4716.72,4716.72,72.306,1778331599999,341084.05061,330,30.628,144477.38974,0
1778331600000,4716.72,4716.73,4716.72,4716.72,42.813,1778332499999,201937.08853,189,15.517,73189.49941,0
1778332500000,4716.72,4716.73,4716.22,4716.23,42.455,1778333399999,200239.05588,333,8.012,37789.43658,0
1778333400000,4716.22,4716.40,4716.22,4716.39,87.059,1778334299999,410595.77138,509,53.346,251594.52305,0
1778334300000,4716.40,4716.49,4716.39,4716.49,70.115,1778335199999,330691.90920,260,46.050,217191.03464,0
1778335200000,4716.49,4717.12,4716.48,4717.11,71.522,1778336099999,337358.31766,490,45.508,214651.41415,0
1778336100000,4717.11,4717.24,4717.11,4717.24,61.965,1778336999999,292298.64825,257,44.760,211139.61306,0
1778337000000,4717.23,4717.24,4715.04,4715.50,271.665,1778337899999,1281236.13148,649,36.654,172852.11489,0
1778337900000,4715.51,4715.51,4715.50,4715.51,55.494,1778338799999,261682.11498,404,15.798,74495.62698,0
1778338800000,4715.50,4715.51,4715.50,4715.51,29.449,1778339699999,138866.95047,236,19.097,90052.09447,0
1778339700000,4715.50,4715.60,4715.50,4715.60,36.445,1778340599999,171856.93522,242,30.580,144200.52772,0
1778340600000,4715.60,4715.89,4715.59,4715.88,89.693,1778341499999,422971.80284,495,36.362,171473.55477,0
1778341500000,4715.89,4716.40,4715.88,4716.39,53.145,1778342399999,250632.49402,291,33.986,160279.49164,0
1778342400000,4716.39,4717.20,4716.39,4717.20,54.131,1778343299999,255323.14589,407,39.598,186776.08812,0
1778343300000,4717.22,4717.54,4717.22,4717.29,105.429,1778344199999,497342.54022,318,70.032,330360.94697,0
1778344200000,4717.30,4717.30,4716.15,4716.16,104.168,1778345099999,491354.65494,365,21.604,101909.40964,0
1778345100000,4716.15,4716.92,4716.15,4716.92,25.795,1778345999999,121660.78680,218,16.285,76807.81824,0
1778346000000,4716.91,4717.32,4716.91,4717.31,53.024,1778346899999,250117.99260,474,31.876,150363.07038,0
1778346900000,4717.31,4717.79,4717.31,4717.78,50.691,1778347799999,239146.95059,280,30.463,143715.74558,0
1778347800000,4717.78,4718.80,4717.78,4718.79,114.703,1778348699999,541180.66330,481,97.669,460814.92076,0
1778348700000,4718.80,4718.80,4718.16,4718.17,92.364,1778349599999,435821.87855,598,20.890,98569.12021,0
1778349600000,4718.16,4718.17,4718.16,4718.17,33.417,1778350499999,157667.04797,247,29.525,139303.96925,0
1778350500000,4718.17,4719.90,4718.16,4719.90,99.108,1778351399999,467713.33734,505,89.950,424491.96016,0
1778351400000,4719.90,4720.54,4719.67,4719.67,101.654,1778352299999,479817.42421,498,45.861,216465.85268,0
1778352300000,4719.68,4719.68,4719.67,4719.68,33.307,1778353199999,157198.14660,185,9.791,46210.38688,0
1778353200000,4719.67,4719.84,4719.67,4719.84,18.371,1778354099999,86706.68117,209,9.661,45597.46155,0
1778354100000,4719.84,4719.84,4719.42,4719.42,52.913,1778354999999,249728.39206,256,17.212,81233.97280,0
1778355000000,4719.42,4720.53,4719.42,4719.43,96.622,1778355899999,456044.36885,780,65.130,307403.30711,0
1778355900000,4719.42,4721.32,4719.35,4721.31,487.572,1778356799999,2301391.87564,947,257.415,1215024.45077,0
1778356800000,4721.32,4721.83,4721.10,4721.11,49.517,1778357699999,233793.05598,313,28.708,135540.05916,0
1778357700000,4721.10,4722.00,4721.10,4721.40,81.965,1778358599999,387007.13598,656,56.676,267599.48179,0
1778358600000,4721.39,4721.40,4721.14,4721.15,32.533,1778359499999,153599.05730,208,10.753,50768.50636,0
1778359500000,4721.14,4721.15,4721.11,4721.12,30.188,1778360399999,142521.51704,211,9.966,47050.68858,0
1778360400000,4721.11,4721.12,4721.11,4721.12,37.414,1778361299999,176635.92204,253,31.250,147535.00000,0
1778361300000,4721.11,4721.12,4721.11,4721.12,28.381,1778362199999,133989.99051,162,16.760,79125.97120,0
1778362200000,4721.12,4723.00,4721.11,4723.00,202.930,1778363099999,958352.86824,500,186.428,880432.68378,0
1778363100000,4722.99,4723.00,4722.99,4723.00,28.367,1778363999999,133977.23890,136,18.157,85755.51100,0
1778364000000,4723.00,4723.00,4721.30,4721.70,183.287,1778364899999,865567.46051,797,82.799,391004.48758,0
1778364900000,4721.69,4721.70,4721.16,4721.37,63.962,1778365799999,301989.81258,228,22.850,107880.14392,0
1778365800000,4721.36,4722.12,4721.36,4721.65,82.322,1778366699999,388703.79679,376,51.820,244672.67780,0
1778366700000,4721.65,4721.65,4721.23,4721.23,42.782,1778367599999,201995.16253,288,20.387,96256.84152,0
1778367600000,4721.23,4721.24,4721.11,4721.24,80.984,1778368499999,382339.25252,358,62.870,296819.50228,0
1778368500000,4721.23,4721.24,4720.42,4720.42,85.680,1778369399999,404474.82769,494,21.877,103279.00487,0
1778369400000,4720.43,4720.43,4720.42,4720.42,15.306,1778370299999,72250.83030,190,8.178,38603.67654,0
1778370300000,4720.42,4721.23,4720.42,4721.23,78.597,1778371199999,371034.33566,478,56.960,268886.92328,0
1778371200000,4721.23,4722.84,4721.22,4722.70,103.913,1778372099999,490716.40658,568,71.273,336570.62271,0
1778372100000,4722.70,4723.50,4722.57,4723.33,76.811,1778372999999,362766.90359,407,49.670,234588.93953,0
1778373000000,4723.34,4723.34,4722.57,4722.57,80.403,1778373899999,379719.40908,278,5.002,23623.44358,0
1778373900000,4722.58,4723.49,4722.57,4723.49,89.405,1778374799999,422248.30718,203,79.709,376457.33042,0
1778374800000,4723.49,4723.49,4723.48,4723.48,21.541,1778375699999,101748.58511,141,10.243,48382.70807,0
1778375700000,4723.49,4723.49,4723.35,4723.35,26.962,1778376599999,127353.90242,117,0.804,3797.61186,0
1778376600000,4723.36,4723.36,4722.05,4722.05,43.606,1778377499999,205942.79117,565,8.487,40085.04539,0
1778377500000,4722.05,4722.06,4721.44,4721.59,79.507,1778378399999,375426.08470,721,28.302,133639.31175,0
1778378400000,4721.59,4721.60,4720.50,4720.75,118.038,1778379299999,557267.33388,478,38.859,183446.33743,0
1778379300000,4720.74,4721.73,4720.42,4721.01,190.950,1778380199999,901448.72462,702,113.687,536674.57743,0
1778380200000,4721.01,4721.24,4721.00,4721.00,51.353,1778381099999,242437.82942,386,30.970,146209.67970,0
1778381100000,4721.00,4721.52,4721.00,4721.52,68.052,1778381999999,321285.06011,485,57.950,273593.51454,0
1778382000000,4721.52,4721.76,4720.41,4721.75,250.075,1778382899999,1180665.98137,641,54.067,255253.18198,0
1778382900000,4721.75,4723.48,4721.64,4722.92,446.557,1778383799999,2108879.99745,827,350.462,1655035.72945,0
1778383800000,4722.91,4722.92,4722.91,4722.91,56.442,1778384699999,266570.93128,263,44.506,210198.27752,0
1778384700000,4722.91,4723.27,4722.91,4723.27,121.355,1778385599999,573160.05336,389,90.736,428540.75326,0
1778385600000,4723.27,4724.05,4723.26,4724.05,50.087,1778386499999,236586.12780,393,44.085,208235.10495,0
1778386500000,4724.05,4727.00,4724.04,4727.00,206.538,1778387399999,975962.03335,733,164.516,777430.41504,0
1778387400000,4726.99,4727.00,4726.50,4726.51,96.718,1778388299999,457162.67006,345,49.094,232052.01847,0
1778388300000,4726.51,4726.51,4725.14,4725.44,139.210,1778389199999,657906.74829,517,24.189,114328.08148,0
1778389200000,4725.45,4725.45,4723.97,4723.97,152.545,1778390099999,720744.93213,462,27.978,132197.14972,0
1778390100000,4723.97,4725.35,4723.97,4725.35,75.471,1778390999999,356589.62938,259,42.618,201348.03710,0
1778391000000,4725.35,4725.35,4724.17,4724.18,39.873,1778391899999,188373.32961,213,12.282,58022.65488,0
1778391900000,4724.18,4725.08,4724.17,4725.08,51.712,1778392799999,244298.89394,260,26.538,125372.52664,0
1778392800000,4725.08,4725.19,4725.07,4725.18,50.893,1778393699999,240473.48845,487,29.161,137788.23509,0
1778393700000,4725.19,4725.85,4725.18,4725.80,53.657,1778394599999,253559.02567,438,44.976,212535.30252,0
1778394600000,4725.80,4725.80,4724.93,4724.95,115.784,1778395499999,547112.38623,403,28.742,135818.78960,0
1778395500000,4724.95,4724.95,4724.49,4724.50,35.991,1778396399999,170054.66576,245,22.232,105044.69827,0
1778396400000,4724.49,4724.50,4723.80,4723.81,79.861,1778397299999,377270.43444,292,30.518,144176.01398,0
1778397300000,4723.81,4724.41,4723.00,4724.26,199.922,1778398199999,944376.00560,569,97.255,459400.50119,0
1778398200000,4724.27,4724.36,4723.41,4723.41,138.394,1778399099999,653751.72948,390,66.428,313794.45700,0
1778399100000,4723.41,4723.41,4722.35,4722.35,112.189,1778399999999,529850.24974,400,55.041,259950.05181,0
1778400000000,4722.36,4722.36,4722.00,4722.00,80.778,1778400899999,381435.08774,306,15.054,71085.15576,0
1778400900000,4722.00,4722.00,4721.47,4721.53,86.132,1778401799999,406674.45295,293,45.291,213842.06705,0
1778401800000,4721.52,4721.53,4721.12,4721.13,81.998,1778402699999,387145.23338,302,42.132,198920.15896,0
1778402700000,4721.12,4723.85,4720.73,4723.11,287.960,1778403599999,1359710.57353,1474,232.182,1096308.68436,0
1778403600000,4723.11,4723.57,4722.85,4723.31,76.909,1778404499999,363257.45630,524,66.728,315169.32593,0
1778404500000,4723.31,4724.50,4723.30,4723.45,74.345,1778405399999,351206.10400,472,41.380,195475.77288,0
1778405400000,4723.46,4723.84,4722.85,4723.83,52.083,1778406299999,246014.85585,499,20.347,96108.84525,0
1778406300000,4723.83,4724.12,4723.16,4723.16,48.400,1778407199999,228630.06582,366,22.870,108035.56420,0
1778407200000,4723.17,4724.40,4723.16,4724.40,94.753,1778408099999,447591.27382,558,37.833,178711.14616,0
1778408100000,4724.40,4724.40,4724.08,4724.08,53.593,1778408999999,253179.95165,236,27.564,130216.21424,0
1778409000000,4724.08,4725.02,4724.08,4725.02,69.211,1778409899999,326985.85419,398,50.510,238628.89394,0
1778409900000,4725.02,4725.02,4724.31,4724.31,68.129,1778410799999,321897.40027,431,33.709,159268.48170,0
1778410800000,4724.31,4724.31,4724.07,4724.09,113.185,1778411699999,534701.19934,316,58.979,278623.08785,0
1778411700000,4724.08,4725.74,4724.08,4725.05,91.244,1778412599999,431131.89072,775,76.164,359876.45740,0
1778412600000,4725.05,4727.00,4725.01,4725.67,361.971,1778413499999,1710596.15114,874,279.980,1323095.66050,0
1778413500000,4725.68,4730.12,4725.67,4730.03,720.093,1778414399999,3405577.13009,1408,490.048,2317492.46675,0
1778414400000,4730.03,4732.00,4728.84,4729.29,288.254,1778415299999,1363626.01938,1954,168.246,795875.50164,0
1778415300000,4729.29,4729.29,4727.00,4727.00,193.155,1778416199999,913252.06864,661,44.926,212401.64321,0
1778416200000,4727.01,4728.72,4727.00,4728.71,88.981,1778417099999,420727.32908,408,43.897,207544.33877,0
1778417100000,4728.71,4728.72,4726.09,4727.22,198.817,1778417999999,939905.18164,732,45.134,213375.99507,0
1778418000000,4727.22,4732.00,4726.94,4731.53,509.799,1778418899999,2411461.20332,1765,290.976,1376313.76125,0
1778418900000,4731.53,4731.72,4729.84,4731.60,215.255,1778419799999,1018388.87384,943,115.011,544133.13142,0
1778419800000,4731.60,4731.60,4730.64,4730.64,69.645,1778420699999,329482.36542,367,35.738,169070.35874,0
1778420700000,4730.64,4730.65,4730.27,4730.47,94.355,1778421599999,446329.51130,406,19.462,92060.83748,0
1778421600000,4730.47,4730.47,4728.80,4728.81,154.612,1778422499999,731258.56622,478,19.286,91208.12273,0
1778422500000,4728.81,4728.81,4727.76,4727.76,84.724,1778423399999,400579.22407,543,41.325,195384.41155,0
1778423400000,4727.76,4729.40,4727.76,4729.39,101.377,1778424299999,479357.73236,450,72.982,345099.56331,0
1778424300000,4729.40,4730.47,4727.33,4730.22,331.314,1778425199999,1566906.63460,980,219.093,1036155.49026,0
1778425200000,4730.23,4731.00,4730.22,4730.99,127.510,1778426099999,603198.07223,426,79.192,374625.54377,0
1778426100000,4730.99,4731.28,4730.94,4731.28,136.417,1778426999999,645388.24077,348,89.231,422151.98539,0
1778427000000,4731.27,4731.47,4731.08,4731.47,152.477,1778427899999,721408.63484,361,108.708,514323.94792,0
1778427900000,4731.47,4734.00,4731.01,4733.67,489.506,1778428799999,2316504.66581,1400,315.385,1492473.65830,0
1778428800000,4733.66,4735.60,4732.40,4732.41,391.737,1778429699999,1854623.39190,2228,189.581,897539.72108,0
1778429700000,4732.41,4732.41,4731.37,4732.20,117.874,1778430599999,557768.07017,580,63.949,302609.26681,0
1778430600000,4732.19,4732.71,4731.60,4731.61,94.523,1778431499999,447322.98754,489,28.900,136764.20298,0
1778431500000,4731.60,4732.38,4731.60,4732.09,102.175,1778432399999,483507.33401,551,54.622,258477.66558,0
1778432400000,4732.09,4732.09,4731.60,4731.61,202.556,1778433299999,958459.37774,383,81.273,384577.39031,0
1778433300000,4731.61,4731.61,4731.60,4731.61,137.231,1778434199999,649322.78868,316,58.908,278729.68188,0
1778434200000,4731.61,4732.80,4730.65,4732.80,279.129,1778435099999,1320683.56470,1220,192.476,910685.60493,0
1778435100000,4732.80,4735.33,4732.79,4733.76,399.544,1778435999999,1891534.75942,1099,290.329,1374431.17236,0
1778436000000,4733.77,4735.65,4733.08,4735.01,447.317,1778436899999,2117891.72682,734,252.282,1194441.18538,0
1778436900000,4735.00,4735.01,4733.20,4733.21,204.445,1778437799999,967865.19100,587,69.478,328925.80215,0
1778437800000,4733.20,4733.21,4732.04,4732.04,113.804,1778438699999,538602.22677,509,32.336,153035.44300,0
1778438700000,4732.04,4732.56,4731.60,4732.56,82.883,1778439599999,392188.82471,472,35.472,167849.14374,0
1778439600000,4732.56,4732.56,4727.52,4731.56,653.509,1778440499999,3091317.05609,1853,315.158,1490775.24345,0
1778440500000,4731.56,4733.25,4731.36,4731.37,192.707,1778441399999,911959.47145,720,104.253,493340.31268,0
1778441400000,4731.37,4731.37,4730.21,4730.21,69.605,1778442299999,329310.50636,450,12.652,59854.55460,0
1778442300000,4730.22,4731.82,4729.44,4731.65,226.025,1778443199999,1069244.62513,818,174.345,824755.42096,0
1778443200000,4731.65,4731.65,4727.00,4727.01,161.459,1778444099999,763531.25524,1013,36.740,173732.91812,0
1778444100000,4727.01,4727.02,4722.41,4722.42,597.956,1778444999999,2824848.90463,2495,207.304,979285.34119,0
1778445000000,4722.42,4722.42,4716.51,4719.00,1128.378,1778445899999,5325010.82204,2775,290.146,1369110.72859,0
1778445900000,4719.00,4719.00,4715.12,4717.02,733.746,1778446799999,3461011.98754,2487,338.505,1596582.78068,0
1778446800000,4717.01,4720.88,4716.86,4717.93,479.739,1778447699999,2263756.31476,1618,320.632,1512994.13924,0
1778447700000,4717.93,4718.59,4717.00,4717.00,134.437,1778448599999,634244.34751,559,26.388,124495.62917,0
1778448600000,4717.01,4717.70,4712.20,4713.99,420.178,1778449499999,1981363.73957,1883,131.337,619368.92446,0
1778449500000,4713.99,4716.08,4708.00,4714.06,1446.957,1778450399999,6817293.12333,3340,489.878,2308421.71659,0
1778450400000,4714.06,4719.80,4682.00,4690.99,18198.329,1778451299999,85408044.02998,22874,9279.678,43547457.42332,0
1778451300000,4690.99,4699.04,4685.69,4697.26,4289.543,1778452199999,20124816.23786,8387,2618.956,12287204.82679,0
1778452200000,4697.26,4697.26,4690.67,4694.99,2630.445,1778453099999,12347203.19743,6212,1311.858,6157334.52637,0
1778453100000,4694.99,4698.24,4693.66,4695.50,2073.899,1778453999999,9738437.10154,4560,1306.007,6132828.19390,0
1778454000000,4695.49,4700.00,4692.54,4693.73,1976.697,1778454899999,9283544.72539,5670,1200.746,5639195.57922,0
1778454900000,4693.72,4701.00,4692.84,4698.48,1116.778,1778455799999,5246785.39201,3770,718.545,3375704.39502,0
1778455800000,4698.47,4702.22,4698.47,4701.72,2040.384,1778456699999,9590755.28900,4102,1390.088,6533879.02489,0
1778456700000,4701.72,4702.86,4693.78,4695.44,2086.747,1778457599999,9807440.39859,4982,1182.322,5557124.86301,0
1778457600000,4695.44,4695.44,4683.54,4685.88,4771.034,1778458499999,22376032.33089,11138,2681.248,12575790.97285,0
1778458500000,4685.88,4690.98,4679.12,4686.75,3448.530,1778459399999,16156448.25078,8882,1874.883,8786126.30228,0
1778459400000,4686.75,4697.00,4686.75,4692.51,2085.566,1778460299999,9787666.82688,6846,976.926,4584883.50092,0
1778460300000,4692.51,4696.49,4672.59,4686.42,5558.883,1778461199999,26023446.46857,14028,2514.190,11771624.14012,0
1778461200000,4686.41,4702.66,4677.48,4695.14,6875.827,1778462099999,32246720.43079,22452,3571.179,16749242.28871,0
1778462100000,4695.14,4708.73,4692.74,4701.68,3102.378,1778462999999,14586312.60677,12995,1675.182,7875593.95568,0
1778463000000,4701.69,4704.79,4693.50,4697.51,2521.497,1778463899999,11847643.07950,9926,1060.741,4984575.52577,0
1778463900000,4697.51,4698.99,4682.79,4688.33,2937.064,1778464799999,13776413.32589,8701,1508.108,7075622.17342,0
1778464800000,4688.33,4695.99,4681.00,4689.15,2018.009,1778465699999,9462938.96547,8338,1148.152,5384628.20395,0
1778465700000,4689.34,4691.14,4685.50,4691.01,919.750,1778466599999,4311826.77637,3953,366.205,1716877.42446,0
1778466600000,4691.01,4704.00,4691.01,4691.75,4891.317,1778467499999,22983032.64708,7716,2543.245,11949831.74334,0
1778467500000,4691.75,4696.37,4680.60,4684.67,2209.140,1778468399999,10350128.65850,7008,1137.055,5327082.54844,0
1778468400000,4684.67,4692.32,4678.80,4689.57,1660.086,1778469299999,7775772.91533,5245,842.850,3948526.81821,0
1778469300000,4689.57,4693.95,4686.86,4692.54,3228.546,1778470199999,15144065.60212,4180,1737.500,8150724.52733,0
1778470200000,4692.55,4693.66,4685.25,4690.86,1857.452,1778471099999,8709937.74571,4386,710.401,3331013.79456,0
1778471100000,4690.85,4690.85,4679.28,4681.27,2351.645,1778471999999,11010918.08996,4618,1194.720,5593825.07984,0
1778472000000,4681.32,4682.55,4676.16,4680.32,962.403,1778472899999,4503670.30869,4048,517.094,2419917.50717,0
1778472900000,4680.31,4681.37,4673.87,4674.32,2586.256,1778473799999,12093985.99458,5024,1387.131,6486524.96321,0
1778473800000,4674.32,4676.99,4671.28,4675.96,1544.075,1778474699999,7216511.77362,4316,973.262,4548592.33601,0
1778474700000,4675.95,4678.90,4675.55,4675.55,1205.147,1778475599999,5636481.25997,2612,752.273,3518483.02037,0
1778475600000,4675.56,4679.14,4673.78,4676.19,1242.181,1778476499999,5808547.13320,3667,760.992,3558415.86670,0
1778476500000,4676.20,4677.75,4674.12,4674.13,1398.514,1778477399999,6539395.00386,2903,819.531,3832204.75283,0
1778477400000,4674.12,4682.50,4665.00,4666.29,4805.637,1778478299999,22457691.62384,9515,2373.153,11092147.21787,0
1778478300000,4666.30,4666.70,4651.37,4655.41,6979.546,1778479199999,32516103.10692,13707,3726.143,17358363.26339,0
1778479200000,4655.42,4669.98,4652.74,4668.04,3206.009,1778480099999,14945595.96633,8264,2221.905,10356865.24866,0
1778480100000,4668.03,4672.66,4667.28,4670.20,1899.804,1778480999999,8871888.21368,5799,907.462,4237688.62125,0
1778481000000,4670.26,4677.49,4670.26,4676.28,1630.865,1778481899999,7622762.18617,5421,909.197,4249628.40809,0
1778481900000,4676.28,4683.53,4674.41,4680.86,2216.020,1778482799999,10368658.32054,5812,1272.366,5954006.05766,0
1778482800000,4680.86,4682.88,4676.76,4679.04,1548.474,1778483699999,7246532.31596,5409,728.876,3411111.33090,0
1778483700000,4679.05,4680.60,4675.10,4678.34,787.191,1778484599999,3682022.18956,3820,419.889,1963977.80866,0
1778484600000,4678.33,4680.45,4675.00,4675.00,1397.227,1778485499999,6534882.02285,4171,640.583,2996228.86007,0
1778485500000,4675.01,4675.87,4667.40,4670.68,1974.914,1778486399999,9224758.39196,5233,952.076,4446929.51283,0
1778486400000,4670.69,4677.20,4667.66,4675.21,1974.929,1778487299999,9226682.37544,6266,1122.894,5246365.07640,0
1778487300000,4675.20,4681.45,4675.02,4675.02,1515.106,1778488199999,7088181.04211,4119,975.376,4562996.74645,0
1778488200000,4675.02,4678.94,4671.84,4672.79,1250.399,1778489099999,5845278.80317,4050,576.342,2694537.27768,0
1778489100000,4672.80,4673.81,4669.47,4670.50,815.906,1778489999999,3811633.03557,3127,405.187,1892813.39590,0
1778490000000,4670.51,4673.45,4668.40,4670.70,1123.656,1778490899999,5248462.19574,3734,723.238,3378047.80787,0
1778490900000,4670.70,4670.72,4660.63,4661.08,1855.720,1778491799999,8657298.75773,4978,779.840,3637798.01856,0
1778491800000,4661.08,4667.19,4654.78,4666.80,4893.440,1778492699999,22803989.07421,8044,2979.475,13885662.08407,0
1778492700000,4666.80,4668.49,4659.69,4660.20,1804.208,1778493599999,8415746.01737,4661,950.988,4435894.67378,0
1778493600000,4660.19,4667.56,4659.76,4666.40,2984.463,1778494499999,13920491.48383,4246,2033.474,9484703.43916,0
1778494500000,4666.39,4668.94,4663.77,4666.44,1160.369,1778495399999,5414353.89645,3277,402.005,1875771.28294,0
1778495400000,4666.47,4670.32,4663.35,4666.99,2224.238,1778496299999,10379294.69427,5157,1005.867,4693956.98637,0
1778496300000,4666.99,4670.69,4665.03,4666.81,1266.328,1778497199999,5911216.71853,3395,590.983,2758650.89087,0
1778497200000,4666.82,4674.92,4666.82,4672.08,1589.758,1778498099999,7426473.27738,4693,824.093,3849260.85237,0
1778498100000,4672.08,4674.65,4670.30,4674.65,874.416,1778498999999,4085372.48805,2579,588.276,2748526.03453,0
1778499000000,4674.64,4679.58,4673.00,4677.00,1596.558,1778499899999,7466005.07278,4690,678.230,3171531.75735,0
1778499900000,4677.00,4677.50,4672.85,4676.76,979.536,1778500799999,4579899.97308,3222,427.414,1998336.13752,0
1778500800000,4676.77,4678.68,4670.60,4671.35,1896.574,1778501699999,8865568.16282,4138,820.364,3834804.18218,0
1778501700000,4671.48,4697.93,4670.65,4693.57,9175.291,1778502599999,43025652.41449,16299,5323.928,24960761.37081,0
1778502600000,4693.57,4700.50,4692.23,4694.66,6692.042,1778503499999,31435016.11780,11502,2595.914,12194232.31581,0
1778503500000,4694.66,4703.63,4687.79,4703.14,6689.362,1778504399999,31410644.94486,12068,3418.207,16053479.28443,0
1778504400000,4702.84,4723.99,4701.25,4723.19,14192.235,1778505299999,66895276.50190,20781,7397.972,34867451.30164,0
1778505300000,4723.19,4737.57,4722.77,4730.75,11414.469,1778506199999,53996369.46021,18035,4678.179,22129020.43188,0
1778506200000,4730.76,4747.30,4730.40,4745.31,10659.375,1778507099999,50518052.85745,17431,4906.141,23254181.95896,0
1778507100000,4745.25,4749.81,4736.64,4738.01,7861.084,1778507999999,37280160.53365,14494,2902.604,13765384.67780,0
1778508000000,4738.00,4739.91,4721.33,4732.67,9615.719,1778508899999,45481584.02582,15358,4885.663,23104002.50490,0
1778508900000,4732.67,4736.39,4727.10,4727.71,4383.081,1778509799999,20740685.65211,9840,2056.335,9731500.93669,0
1778509800000,4727.70,4736.28,4718.17,4735.73,9373.144,1778510699999,44308772.55866,14413,4410.297,20849105.96154,0
1778510700000,4735.72,4737.45,4727.11,4729.04,3930.574,1778511599999,18602111.76144,7288,1916.592,9070312.76052,0
1778511600000,4729.04,4734.90,4726.39,4731.60,2628.886,1778512499999,12437628.24272,6010,1564.963,7404201.25632,0
1778512500000,4731.61,4741.28,4730.49,4736.15,2552.339,1778513399999,12090707.26040,6318,1407.591,6667474.05565,0
1778513400000,4736.15,4738.00,4730.00,4730.74,2178.566,1778514299999,10313573.95735,5043,694.555,3288105.55028,0
1778514300000,4730.56,4735.65,4728.07,4735.43,1938.221,1778515199999,9171461.96376,5334,708.702,3353437.61314,0
1778515200000,4735.43,4736.72,4730.19,4730.80,1983.401,1778516099999,9389166.32683,3941,865.663,4098103.02458,0
1778516100000,4730.81,4731.32,4726.32,4727.28,1687.647,1778516999999,7979835.60230,4477,760.558,3596071.10884,0
1778517000000,4727.28,4729.26,4711.78,4714.95,4587.544,1778517899999,21650000.77456,9233,1920.229,9062047.84699,0
1778517900000,4714.94,4720.27,4712.65,4720.01,2486.352,1778518799999,11730730.76598,6226,1588.983,7496736.66227,0
1778518800000,4720.00,4723.47,4719.47,4722.07,941.607,1778519699999,4445932.90744,3933,528.210,2494060.04574,0
1778519700000,4722.07,4725.49,4720.59,4721.67,943.460,1778520599999,4456200.53179,3403,563.492,2661628.62459,0
1778520600000,4721.66,4727.45,4721.61,4727.05,933.645,1778521499999,4412654.01411,2996,589.966,2788385.85734,0
1778521500000,4727.04,4727.91,4724.73,4726.55,683.907,1778522399999,3232187.38932,2157,238.153,1125518.20169,0
1778522400000,4726.56,4730.99,4725.61,4727.33,3253.523,1778523299999,15385998.79955,3835,2007.991,9495888.49856,0
1778523300000,4727.33,4730.34,4723.66,4730.09,1693.959,1778524199999,8006155.30715,3043,556.937,2632281.92767,0
1778524200000,4730.09,4732.84,4728.55,4729.50,1253.489,1778525099999,5929409.35693,2785,517.933,2450183.63670,0
1778525100000,4729.26,4731.95,4727.36,4727.72,887.769,1778525999999,4198067.63207,2243,317.697,1502349.82326,0
1778526000000,4727.64,4731.30,4726.68,4727.79,651.789,1778526899999,3082174.94951,2339,306.253,1448238.27042,0
1778526900000,4727.79,4728.46,4726.00,4727.29,519.914,1778527799999,2457794.20232,1705,196.491,928880.42045,0
1778527800000,4727.29,4730.88,4725.49,4729.38,745.266,1778528699999,3523807.72037,2222,324.646,1535176.42200,0
1778528700000,4729.35,4738.89,4729.35,4735.98,1709.078,1778529599999,8091802.10258,3722,1035.271,4900952.26212,0
1778529600000,4735.99,4740.24,4732.56,4737.54,2295.744,1778530499999,10874588.69753,4262,758.520,3593072.42539,0
1778530500000,4737.55,4737.85,4735.64,4737.23,626.978,1778531399999,2969821.32896,2073,129.987,615712.82005,0
1778531400000,4737.23,4740.28,4737.02,4739.50,1049.140,1778532299999,4972273.00834,2127,353.053,1673253.53206,0
1778532300000,4739.50,4739.50,4734.48,4737.17,684.885,1778533199999,3244579.16750,2284,155.335,735812.55720,0
1778533200000,4737.16,4737.16,4735.28,4735.75,286.143,1778534099999,1355091.68201,851,148.997,705597.79621,0
1778534100000,4735.75,4736.78,4734.53,4734.56,253.364,1778534999999,1199739.10261,725,87.102,412454.26452,0
1778535000000,4734.55,4734.56,4731.20,4731.52,294.990,1778535899999,1396221.37338,735,64.370,304661.25178,0
1778535900000,4731.51,4739.86,4731.51,4737.04,598.326,1778536799999,2833392.26050,2192,377.051,1785410.32499,0
1778536800000,4737.03,4745.36,4737.02,4741.57,3048.862,1778537699999,14459310.41161,5086,1555.825,7378138.02257,0
1778537700000,4741.27,4743.60,4739.74,4741.51,690.879,1778538599999,3275808.49766,2266,239.359,1134877.83243,0
1778538600000,4741.51,4746.95,4741.20,4746.50,773.562,1778539499999,3669447.75432,2385,445.730,2114383.14146,0
1778539500000,4746.50,4756.73,4746.49,4753.42,5417.729,1778540399999,25752994.72665,6716,2878.972,13682967.35553,0
1778540400000,4753.43,4756.99,4748.40,4753.54,1695.444,1778541299999,8058749.87571,4256,773.535,3677044.79811,0
1778541300000,4753.54,4757.02,4753.09,4755.19,1029.065,1778542199999,4893448.20417,2982,604.279,2873489.58854,0
1778542200000,4755.20,4762.17,4754.16,4759.04,1788.828,1778543099999,8512447.59379,4968,1052.591,5009083.95973,0
1778543100000,4759.03,4773.38,4758.16,4769.94,4516.611,1778543999999,21529451.73181,8697,2280.341,10868048.88073,0
1778544000000,4770.15,4771.85,4761.33,4769.39,3158.253,1778544899999,15054715.41246,8163,1265.518,6032089.58899,0
1778544900000,4769.39,4776.83,4757.07,4764.43,6844.028,1778545799999,32629147.42258,11782,3503.870,16706337.50263,0
1778545800000,4764.42,4765.68,4760.08,4760.40,3018.028,1778546699999,14374632.49843,6827,1180.171,5620444.70146,0
1778546700000,4760.40,4764.21,4752.24,4753.01,3598.865,1778547599999,17120265.14266,8929,1776.367,8449984.01673,0
1778547600000,4753.01,4758.11,4746.16,4748.80,5523.002,1778548499999,26247158.82548,14515,2789.958,13258101.44116,0
1778548500000,4748.79,4753.85,4737.08,4738.33,4938.499,1778549399999,23433543.62403,12392,2551.438,12107466.48786,0
1778549400000,4738.34,4741.80,4724.00,4732.32,6805.817,1778550299999,32204838.49156,14383,3615.141,17106570.27166,0
1778550300000,4732.32,4734.60,4727.39,4730.04,3187.182,1778551199999,15079635.21448,9875,1636.286,7741704.50888,0
1778551200000,4730.04,4737.49,4728.77,4734.64,3268.796,1778552099999,15472685.93490,10317,1829.778,8660959.16503,0
1778552100000,4734.68,4735.11,4728.13,4730.52,2622.329,1778552999999,12406652.82126,7573,1550.531,7335273.57311,0
1778553000000,4730.52,4733.90,4725.88,4733.90,2710.972,1778553899999,12821404.74198,8523,1447.011,6843840.49619,0
1778553900000,4733.89,4736.44,4730.54,4733.09,3044.184,1778554799999,14411181.51380,8666,1420.215,6723158.75569,0
1778554800000,4733.09,4735.49,4729.60,4734.06,2481.451,1778555699999,11743137.90551,7554,1257.043,5948741.42189,0
1778555700000,4734.06,4734.06,4725.96,4726.82,2319.343,1778556599999,10967393.65200,6772,1156.267,5467625.71244,0
1778556600000,4726.83,4730.39,4726.55,4726.68,1540.882,1778557499999,7286207.04406,4838,727.629,3440639.92030,0
1778557500000,4726.65,4726.80,4721.32,4723.43,2647.365,1778558399999,12504394.24233,6713,1194.884,5643661.81092,0
1778558400000,4723.42,4726.08,4722.80,4724.51,1540.101,1778559299999,7275957.91505,4144,930.869,4397640.56838,0
1778559300000,4724.52,4732.99,4724.29,4724.73,2443.105,1778560199999,11553723.70823,6376,1107.307,5236346.47638,0
1778560200000,4724.74,4729.83,4723.81,4727.67,1583.991,1778561099999,7488516.76469,3999,979.654,4631549.64637,0
1778561100000,4727.68,4727.88,4714.83,4717.39,5143.925,1778561999999,24281648.39951,8706,2129.154,10049638.10359,0
1778562000000,4717.38,4721.88,4711.90,4715.36,4694.447,1778562899999,22138856.35160,20424,2631.966,12412934.86622,0
1778562900000,4715.36,4719.55,4715.36,4718.20,2683.308,1778563799999,12659337.65637,6714,1361.260,6421873.20524,0
1778563800000,4718.20,4725.28,4716.05,4718.10,3509.238,1778564699999,16562172.95691,9833,1843.131,8698483.71225,0
1778564700000,4718.10,4723.40,4713.83,4717.85,3809.153,1778565599999,17974273.81407,9584,2173.516,10256446.03006,0
1778565600000,4717.92,4717.92,4705.74,4708.44,5892.577,1778566499999,27751082.81304,15324,2622.068,12348519.34074,0
1778566500000,4708.44,4710.29,4698.61,4699.93,6151.964,1778567399999,28933576.23037,13447,3174.728,14930743.56805,0
1778567400000,4699.94,4707.49,4698.58,4705.79,4304.880,1778568299999,20244970.04972,10445,2177.350,10239528.21417,0
1778568300000,4705.79,4707.48,4698.26,4700.48,3924.450,1778569199999,18451751.14966,10170,2099.898,9873031.62171,0
1778569200000,4700.49,4701.72,4689.28,4699.34,8184.889,1778570099999,38430544.00720,15040,3517.715,16518509.29919,0
1778570100000,4699.33,4702.88,4697.73,4701.43,2357.348,1778570999999,11081900.83326,7397,1387.003,6520255.84920,0
1778571000000,4701.43,4705.68,4699.40,4704.07,3025.466,1778571899999,14226393.97883,6489,1944.489,9143332.10143,0
1778571900000,4704.07,4706.52,4701.08,4703.12,3610.292,1778572799999,16983198.61923,8634,1820.979,8566331.21392,0
1778572800000,4703.12,4709.99,4702.16,4702.39,3636.562,1778573699999,17111574.30401,7013,1694.928,7975298.02069,0
1778573700000,4702.45,4707.05,4699.61,4705.92,1620.531,1778574599999,7622172.69963,5452,936.025,4403087.39391,0
1778574600000,4705.92,4707.20,4701.01,4702.99,2183.601,1778575499999,10271640.38120,7095,1144.056,5381345.89455,0
1778575500000,4702.99,4708.83,4701.96,4705.91,2970.411,1778576399999,13979215.75194,7324,1536.687,7231644.47627,0
1778576400000,4705.98,4705.98,4700.86,4700.88,3175.367,1778577299999,14935199.11179,8484,1639.310,7710123.80524,0
1778577300000,4700.88,4704.47,4700.25,4701.82,2571.539,1778578199999,12090452.86579,6210,1229.470,5780330.72654,0
1778578200000,4701.83,4707.91,4698.00,4699.02,5200.207,1778579099999,24460713.55038,12068,2278.573,10717685.46842,0
1778579100000,4699.01,4704.96,4697.88,4702.39,2373.875,1778579999999,11158662.87533,6583,1215.188,5711955.84584,0
1778580000000,4702.40,4710.87,4701.59,4707.91,3465.053,1778580899999,16312939.77410,8327,1787.194,8413536.69062,0
1778580900000,4707.92,4708.32,4702.12,4702.81,3616.130,1778581799999,17012282.83072,9108,1550.201,7292507.06775,0
1778581800000,4702.81,4702.81,4688.60,4693.93,6539.300,1778582699999,30705032.30695,15682,3159.949,14836554.22639,0
1778582700000,4693.92,4697.06,4692.26,4697.06,2999.292,1778583599999,14080484.90346,8302,1543.776,7247132.47655,0
1778583600000,4697.06,4700.71,4689.80,4694.88,6332.895,1778584499999,29731843.26108,14942,3651.472,17143192.71491,0
1778584500000,4694.89,4702.40,4694.88,4702.40,3488.224,1778585399999,16389865.25915,8856,1765.297,8294277.82371,0
1778585400000,4702.40,4708.99,4700.73,4707.26,3701.080,1778586299999,17412032.29859,8499,1970.342,9270068.13529,0
1778586300000,4707.26,4712.03,4705.22,4709.70,3607.780,1778587199999,16988613.16198,9553,1771.291,8341065.81155,0
1778587200000,4709.70,4711.41,4701.62,4708.25,4101.048,1778588099999,19299817.80076,12326,1918.057,9026369.50080,0
1778588100000,4708.25,4711.00,4698.12,4700.76,6205.355,1778588999999,29195368.60528,16975,2972.585,13985206.36300,0
1778589000000,4700.76,4711.61,4692.60,4705.11,13050.701,1778589899999,61342917.43883,31560,6715.804,31566977.88303,0
1778589900000,4705.12,4714.99,4703.52,4708.40,10856.226,1778590799999,51135584.83139,21118,5318.776,25053145.11167,0
1778590800000,4708.40,4711.47,4690.35,4692.23,8190.699,1778591699999,38493563.12316,23241,3796.767,17843691.77204,0
1778591700000,4692.23,4697.94,4682.10,4693.71,9590.699,1778592599999,44982769.06577,25343,4967.102,23297359.65866,0
1778592600000,4693.71,4704.16,4686.89,4701.90,9133.340,1778593499999,42882352.67760,24243,4756.945,22333620.04279,0
1778593500000,4701.89,4704.24,4678.47,4681.84,8625.495,1778594399999,40460434.16381,22968,3538.425,16601665.45925,0
1778594400000,4681.85,4697.75,4678.85,4695.59,7847.451,1778595299999,36796625.25667,22364,4571.439,21434001.20227,0
1778595300000,4695.60,4696.98,4685.08,4685.88,5314.763,1778596199999,24929930.81832,18708,2282.808,10707539.73251,0
1778596200000,4685.89,4690.85,4674.16,4688.40,5746.712,1778597099999,26917537.35418,17169,3194.371,14963847.21728,0
1778597100000,4688.40,4688.40,4671.73,4675.67,5891.287,1778597999999,27562339.84463,15808,2993.342,14003538.18856,0
1778598000000,4675.68,4678.92,4667.00,4667.56,6960.179,1778598899999,32518012.22702,17939,3366.794,15730012.86045,0
1778598900000,4667.57,4669.40,4642.18,4659.73,20545.244,1778599799999,95633113.79757,35838,10786.717,50210168.90094,0
1778599800000,4659.72,4670.32,4657.25,4668.24,6226.884,1778600699999,29048762.85430,14220,3087.444,14402391.37268,0
1778600700000,4668.24,4672.49,4666.73,4668.47,3534.084,1778601599999,16502348.01994,9879,1815.687,8478113.84302,0
1778601600000,4668.48,4675.50,4666.72,4674.31,5429.928,1778602499999,25369759.78956,9292,2430.369,11355033.48551,0
1778602500000,4674.30,4677.20,4668.77,4670.48,3202.915,1778603399999,14966883.52153,8943,1559.512,7287175.41722,0
1778603400000,4670.48,4673.70,4668.00,4672.10,2733.379,1778604299999,12767321.39840,6595,1434.561,6700246.23992,0
1778604300000,4672.09,4676.65,4669.01,4673.73,2962.700,1778605199999,13843122.08337,7492,1215.511,5679171.02040,0
1778605200000,4673.73,4682.00,4673.73,4679.30,3604.835,1778606099999,16866470.99159,8885,2157.814,10095566.09231,0
1778606100000,4679.30,4684.89,4679.30,4681.37,3808.767,1778606999999,17834710.86127,10818,2020.853,9462500.53941,0
1778607000000,4681.36,4683.00,4678.21,4682.04,2670.971,1778607899999,12501450.66548,6367,1356.982,6351279.53485,0
1778607900000,4682.00,4682.92,4680.11,4680.99,1636.459,1778608799999,7660588.03019,4527,743.982,3482556.89051,0
1778608800000,4680.99,4685.89,4678.45,4683.44,3148.557,1778609699999,14741089.20536,7413,1566.580,7334083.86289,0
1778609700000,4683.44,4689.60,4681.97,4687.62,2691.341,1778610599999,12611543.64517,6565,1323.593,6201878.88370,0
1778610600000,4687.62,4699.44,4686.88,4697.00,3436.156,1778611499999,16129933.66180,8444,1802.880,8463054.28023,0
1778611500000,4697.01,4699.98,4692.47,4697.63,2941.625,1778612399999,13814986.75622,6767,1237.649,5812209.95375,0
1778612400000,4697.64,4703.48,4697.54,4701.13,3224.841,1778613299999,15158685.92624,6074,1549.541,7283465.38144,0
1778613300000,4701.13,4705.76,4700.69,4704.95,2301.448,1778614199999,10824895.49657,4964,1007.201,4737204.88051,0
1778614200000,4704.95,4713.35,4704.95,4711.16,4183.246,1778615099999,19705727.12167,6619,2306.427,10864615.76180,0
1778615100000,4711.16,4716.97,4711.09,4716.97,3134.283,1778615999999,14773037.56374,5436,1774.398,8363136.11475,0
1778616000000,4717.00,4719.99,4713.09,4714.60,3073.956,1778616899999,14497441.53751,6073,1044.707,4926850.39877,0
1778616900000,4714.60,4717.41,4713.47,4714.03,1093.570,1778617799999,5156095.48596,2204,334.730,1578179.18275,0
1778617800000,4714.03,4716.00,4713.15,4715.81,1136.043,1778618699999,5356315.74006,2820,528.582,2492136.81445,0
1778618700000,4715.80,4717.56,4714.50,4717.13,1012.891,1778619599999,4776550.04131,2153,419.751,1979388.19169,0
1778619600000,4716.97,4716.97,4713.81,4714.27,530.949,1778620499999,2503389.54951,1080,164.901,777447.69052,0
1778620500000,4714.28,4714.72,4714.13,4714.69,442.648,1778621399999,2086792.22494,1012,88.877,418989.40291,0
1778621400000,4714.69,4714.70,4714.08,4714.35,553.119,1778622299999,2607560.92367,629,128.681,606633.32437,0
1778622300000,4714.36,4714.39,4714.35,4714.36,287.339,1778623199999,1354619.74968,898,46.618,219774.23033,0
1778623200000,4714.35,4722.23,4714.35,4715.69,4177.986,1778624099999,19713406.65729,7719,1900.178,8965754.05335,0
1778624100000,4715.70,4720.68,4715.64,4718.38,1160.127,1778624999999,5473485.71679,3525,523.076,2467854.12042,0
1778625000000,4718.37,4722.23,4716.93,4717.84,2672.121,1778625899999,12610780.13282,4714,910.807,4298352.70602,0
1778625900000,4717.84,4724.00,4717.84,4718.69,1176.980,1778626799999,5555947.08540,3835,637.315,3008396.34898,0
1778626800000,4718.69,4724.76,4717.47,4719.55,1665.425,1778627699999,7862541.40736,5771,701.781,3313119.52506,0
1778627700000,4719.55,4724.94,4717.88,4721.89,1502.191,1778628599999,7092525.20965,4540,638.811,3016127.29736,0
1778628600000,4721.90,4723.37,4718.00,4723.27,1584.403,1778629499999,7480300.43858,4979,688.679,3251332.98589,0
1778629500000,4723.26,4725.25,4717.14,4718.40,2002.675,1778630399999,9452821.16718,6251,866.997,4092376.66367,0
1778630400000,4718.41,4728.34,4716.31,4722.21,3341.148,1778631299999,15782710.14189,9350,1661.791,7849866.11985,0
1778631300000,4722.22,4728.59,4721.96,4724.98,2053.346,1778632199999,9703024.69947,6847,995.048,4701766.16534,0
1778632200000,4724.97,4726.78,4720.01,4723.05,1466.574,1778633099999,6927163.54133,5188,776.155,3665777.45597,0
1778633100000,4723.04,4723.04,4715.55,4716.43,2385.978,1778633999999,11260566.06878,6577,927.464,4377324.28601,0
1778634000000,4716.42,4719.38,4709.13,4712.01,3974.498,1778634899999,18736729.17896,13124,1716.930,8094267.25242,0
1778634900000,4712.01,4712.70,4705.29,4706.36,2431.373,1778635799999,11448202.10890,7652,1094.642,5154063.42602,0
1778635800000,4706.36,4712.76,4703.52,4711.41,1880.060,1778636699999,8850309.01414,7173,899.016,4232796.50685,0
1778636700000,4711.41,4713.66,4702.73,4704.44,2064.941,1778637599999,9719715.28611,5520,744.779,3507362.88625,0
1778637600000,4704.44,4709.38,4700.26,4703.16,1763.943,1778638499999,8298223.08446,5941,835.558,3931008.03037,0
1778638500000,4703.16,4706.30,4700.41,4702.08,1332.248,1778639399999,6266126.19726,4602,646.903,3042835.42884,0
1778639400000,4702.16,4702.30,4696.50,4696.58,1977.126,1778640299999,9290399.92436,6252,644.111,3026620.08157,0
1778640300000,4696.58,4699.16,4691.08,4694.60,2745.316,1778641199999,12887970.31299,7508,1316.251,6179070.11791,0
1778641200000,4694.61,4696.55,4692.02,4694.66,1265.281,1778642099999,5939531.27801,5294,657.599,3086988.72722,0
1778642100000,4694.66,4702.76,4694.44,4702.76,1360.690,1778642999999,6392397.24555,4681,1053.565,4949450.79946,0
1778643000000,4702.75,4709.10,4702.75,4706.69,2239.512,1778643899999,10539431.11631,5479,1221.265,5746861.88226,0
1778643900000,4706.70,4707.66,4697.07,4699.03,1797.453,1778644799999,8451005.27666,6276,586.144,2755528.91406,0
1778644800000,4699.04,4702.12,4697.34,4701.40,1233.269,1778645699999,5795864.26670,4031,591.266,2778878.38989,0
1778645700000,4701.41,4706.50,4700.90,4704.57,981.251,1778646599999,4616037.77989,3238,664.884,3127665.67189,0
1778646600000,4704.56,4706.18,4700.59,4701.47,1252.532,1778647499999,5890576.64730,3675,801.784,3770781.37438,0
1778647500000,4701.48,4704.86,4701.20,4702.59,1034.609,1778648399999,4865818.45215,3175,604.154,2841378.69663,0
1778648400000,4702.56,4709.87,4701.66,4707.56,1538.418,1778649299999,7241160.02454,4914,937.316,4411541.90478,0
1778649300000,4707.55,4707.56,4699.68,4699.85,1252.373,1778650199999,5890227.63909,4339,434.478,2043538.48563,0
1778650200000,4699.84,4703.89,4695.44,4698.24,2888.191,1778651099999,13575619.86951,7633,881.238,4142112.63746,0
1778651100000,4698.36,4707.35,4698.25,4706.21,1079.377,1778651999999,5076219.23194,3492,701.749,3300644.34828,0
1778652000000,4706.31,4714.49,4705.60,4712.99,1981.402,1778652899999,9334887.97953,5811,1258.558,5929324.59090,0
1778652900000,4712.43,4716.86,4709.76,4711.31,2287.917,1778653799999,10783804.68288,4761,1003.875,4731386.03045,0
1778653800000,4711.31,4715.84,4710.49,4714.04,1562.681,1778654699999,7364693.86849,4054,1077.222,5076568.51356,0
1778654700000,4714.05,4714.79,4702.04,4704.12,2745.082,1778655599999,12922339.03151,5517,1459.644,6870359.97584,0
1778655600000,4704.12,4708.08,4698.96,4704.49,2309.854,1778656499999,10862723.50660,5721,1082.674,5092148.09928,0
1778656500000,4704.49,4711.43,4703.52,4710.34,2084.159,1778657399999,9812689.68870,4330,1185.040,5579804.75014,0
1778657400000,4710.24,4710.24,4705.47,4706.02,597.982,1778658299999,2815150.42470,2693,269.879,1270453.85924,0
1778658300000,4706.02,4707.20,4703.98,4705.81,780.037,1778659199999,3670532.17625,3467,378.143,1779450.81858,0
1778659200000,4705.80,4706.72,4701.58,4703.40,1388.037,1778660099999,6528941.12659,4220,765.047,3598568.10463,0
1778660100000,4703.24,4703.81,4697.57,4699.85,1431.796,1778660999999,6730143.25110,3846,741.181,3483821.23164,0
1778661000000,4699.74,4702.44,4697.41,4698.34,1287.123,1778661899999,6049040.65424,3397,657.001,3087595.94137,0
1778661900000,4698.35,4705.20,4697.65,4703.41,1317.810,1778662799999,6195306.85679,3808,860.502,4045215.84730,0
1778662800000,4703.41,4703.99,4696.22,4696.79,1932.783,1778663699999,9086027.44083,4695,470.700,2212742.70967,0
1778663700000,4696.79,4697.61,4688.40,4691.55,3760.814,1778664599999,17646636.81161,7640,1752.994,8226247.62401,0
1778664600000,4691.55,4697.58,4689.14,4697.58,2450.450,1778665499999,11500776.19063,5119,1572.433,7380430.97364,0
1778665500000,4697.57,4702.93,4696.37,4702.92,1493.733,1778666399999,7020288.20214,3862,776.695,3650022.57611,0
1778666400000,4702.93,4712.00,4700.90,4704.50,2984.424,1778667299999,14045962.01781,6567,1499.869,7058721.01816,0
1778667300000,4704.51,4708.30,4701.12,4701.12,1393.652,1778668199999,6556196.09645,4041,623.339,2932416.00709,0
1778668200000,4701.13,4701.64,4696.44,4697.95,1318.195,1778669099999,6194279.20593,3939,563.316,2646860.26872,0
1778669100000,4697.95,4699.55,4696.33,4696.95,1246.690,1778669999999,5856682.20951,3453,480.338,2256475.31659,0
1778670000000,4696.95,4701.72,4694.52,4701.61,1156.892,1778670899999,5434031.11938,3925,598.538,2811346.51319,0
1778670900000,4701.61,4702.84,4698.15,4700.94,1106.554,1778671799999,5201893.56958,3809,667.559,3138132.84642,0
1778671800000,4700.93,4707.65,4700.66,4705.80,1266.320,1778672699999,5958059.03533,4910,665.551,3131424.17656,0
1778672700000,4705.79,4707.61,4700.27,4700.42,1546.275,1778673599999,7273779.73795,3335,714.383,3361146.45519,0
1778673600000,4700.41,4704.16,4696.02,4696.03,1557.827,1778674499999,7322647.87905,4946,768.295,3611589.77594,0
1778674500000,4696.23,4696.23,4686.14,4687.87,4065.410,1778675399999,19071799.97138,9873,1953.195,9162937.86803,0
1778675400000,4687.88,4689.66,4678.91,4686.12,12918.030,1778676299999,60499801.98256,17755,6880.235,32223683.27850,0
1778676300000,4686.13,4688.18,4681.02,4686.36,2911.454,1778677199999,13639098.77866,8537,1534.125,7186847.49400,0
1778677200000,4686.35,4693.46,4685.99,4692.46,3218.936,1778678099999,15097721.64177,7470,1518.590,7122455.26204,0
1778678100000,4692.46,4696.61,4689.39,4691.21,2459.378,1778678999999,11543112.44762,5600,1137.248,5337476.96558,0
1778679000000,4691.21,4693.32,4675.68,4681.90,7056.867,1778679899999,33049256.24169,14291,3650.613,17096630.79122,0
1778679900000,4681.90,4685.88,4672.68,4681.70,5215.729,1778680799999,24401195.31507,12007,2768.818,12953382.54734,0
1778680800000,4681.70,4685.87,4676.34,4683.58,3650.562,1778681699999,17086445.62783,9081,1872.987,8766758.19228,0
1778681700000,4683.59,4688.72,4676.50,4687.53,3663.288,1778682599999,17158704.42458,7897,2074.972,9719165.17653,0
1778682600000,4687.52,4693.30,4686.39,4686.86,2765.265,1778683499999,12969647.86662,7641,1220.948,5726180.34214,0
1778683500000,4686.86,4687.94,4681.00,4683.38,2519.319,1778684399999,11800686.94828,6756,1277.478,5983521.35476,0
1778684400000,4683.39,4694.25,4682.25,4690.70,2423.575,1778685299999,11365033.42820,6363,1324.961,6213047.47976,0
1778685300000,4690.71,4694.47,4688.36,4693.81,1449.227,1778686199999,6797877.51145,4579,701.239,3289288.27575,0
1778686200000,4693.97,4702.95,4690.20,4701.72,2967.008,1778687099999,13939896.79811,7385,1660.573,7800901.84486,0
1778687100000,4701.72,4701.83,4696.60,4697.48,1816.107,1778687999999,8534331.77323,4433,695.125,3266523.47877,0
1778688000000,4697.49,4704.99,4697.25,4704.85,1943.037,1778688899999,9134792.75178,5004,1059.405,4980747.56785,0
1778688900000,4704.84,4711.59,4701.38,4708.74,3507.884,1778689799999,16513772.41502,7787,1462.411,6883758.19710,0
1778689800000,4708.74,4709.63,4702.30,4702.30,1658.058,1778690699999,7802457.57885,5690,577.798,2718904.70693,0
1778690700000,4702.30,4704.12,4697.50,4698.39,1640.817,1778691599999,7711126.14397,4745,568.914,2673699.51981,0
1778691600000,4698.39,4704.05,4698.39,4702.78,1487.697,1778692499999,6994286.71467,3762,647.124,3042333.78897,0
1778692500000,4702.78,4703.97,4699.68,4701.39,1210.227,1778693399999,5689968.02415,4006,700.364,3292760.74368,0
1778693400000,4701.39,4701.39,4693.31,4693.99,2986.217,1778694299999,14022733.62364,6044,1332.258,6256113.45937,0
1778694300000,4694.00,4697.28,4687.00,4687.51,1836.542,1778695199999,8616510.91557,5286,779.753,3658538.16817,0
1778695200000,4687.52,4694.59,4686.69,4694.58,1448.389,1778696099999,6794184.55961,3944,844.795,3962743.00980,0
1778696100000,4694.59,4695.96,4691.12,4694.47,750.354,1778696999999,3521706.00419,2753,415.378,1949493.74773,0
1778697000000,4694.51,4695.32,4688.52,4689.16,797.146,1778697899999,3740436.46101,2997,325.876,1528900.56450,0
1778697900000,4689.16,4690.17,4680.74,4686.99,2184.733,1778698799999,10236711.36699,5945,880.022,4123405.44561,0
1778698800000,4686.99,4691.74,4685.79,4691.74,556.419,1778699699999,2608455.93499,2435,265.258,1243565.86786,0
1778699700000,4691.75,4692.54,4689.58,4690.17,947.754,1778700599999,4445792.24285,2399,404.745,1898540.64418,0
1778700600000,4690.16,4692.21,4687.80,4691.77,905.057,1778701499999,4245070.28539,2692,455.361,2135761.87247,0
1778701500000,4691.77,4692.40,4686.65,4690.68,2082.425,1778702399999,9765458.31383,4439,888.368,4165652.83967,0
1778702400000,4690.68,4693.68,4688.33,4693.67,1022.651,1778703299999,4796738.31510,2433,544.231,2552505.52325,0
1778703300000,4693.67,4696.67,4693.67,4694.40,431.836,1778704199999,2027531.85738,1516,272.038,1277226.51740,0
1778704200000,4694.40,4695.90,4692.07,4693.64,538.508,1778705099999,2527559.44664,1651,238.839,1121001.69652,0
1778705100000,4693.66,4694.03,4691.06,4692.26,448.803,1778705999999,2105826.51002,1350,260.201,1220846.75259,0
1778706000000,4692.27,4694.63,4691.59,4693.33,400.801,1778706899999,1880900.72877,1021,239.218,1122617.69508,0
1778706900000,4693.32,4695.00,4692.72,4694.38,190.626,1778707799999,894717.58385,622,129.475,607698.36761,0
1778707800000,4694.38,4695.00,4692.86,4694.83,439.284,1778708699999,2062096.71470,1099,270.108,1267963.61877,0
1778708700000,4694.82,4694.83,4693.20,4693.38,82.373,1778709599999,386636.15295,606,34.316,161064.22290,0
1778709600000,4693.39,4696.84,4691.36,4693.57,1906.099,1778710499999,8947845.59482,3742,923.318,4334223.23266,0
1778710500000,4693.56,4699.00,4693.19,4699.00,1244.173,1778711399999,5843941.31882,2679,655.220,3077510.14048,0
1778711400000,4699.00,4702.47,4698.00,4701.50,1131.925,1778712299999,5320309.22564,2295,651.596,3062601.68612,0
1778712300000,4701.49,4702.70,4699.44,4702.02,632.378,1778713199999,2973018.11429,1790,315.116,1481394.32964,0
1778713200000,4702.01,4704.48,4701.24,4703.30,616.183,1778714099999,2897978.17058,1946,312.195,1468317.59410,0
1778714100000,4703.29,4703.30,4699.35,4699.87,667.460,1778714999999,3137840.63358,1812,261.592,1229744.09398,0
1778715000000,4699.86,4699.86,4697.00,4697.01,1042.868,1778715899999,4899567.03834,2648,515.451,2421563.40883,0
1778715900000,4697.01,4699.07,4695.37,4698.89,771.789,1778716799999,3625288.85338,2694,424.254,1992762.92487,0
1778716800000,4698.88,4701.71,4692.00,4699.99,2116.818,1778717699999,9941725.46053,5897,969.247,4552068.68196,0
1778717700000,4700.00,4707.61,4699.99,4703.46,2118.835,1778718599999,9967086.52649,5376,1199.835,5644357.86914,0
1778718600000,4703.46,4705.55,4695.06,4702.50,1594.532,1778719499999,7492547.84591,5124,687.144,3228812.24837,0
1778719500000,4702.35,4708.59,4701.01,4707.08,1803.587,1778720399999,8485065.21289,4938,929.394,4372357.66537,0
1778720400000,4707.01,4708.85,4686.82,4691.33,5444.031,1778721299999,25564460.08712,15257,2338.075,10978003.38589,0
1778721300000,4691.42,4697.49,4689.84,4694.55,1914.948,1778722199999,8989035.00481,7593,946.588,4443383.12820,0
1778722200000,4694.54,4696.38,4685.61,4691.65,2172.889,1778723099999,10194452.30389,11998,1017.379,4773022.81858,0
1778723100000,4691.72,4696.88,4685.89,4691.02,2154.665,1778723999999,10107239.20314,8496,1224.648,5744076.36282,0
1778724000000,4691.03,4695.93,4689.74,4690.65,1167.293,1778724899999,5477578.92684,5356,682.585,3202954.41354,0
1778724900000,4690.66,4696.20,4689.62,4695.49,801.526,1778725799999,3761698.17630,4014,476.617,2236832.77813,0
1778725800000,4695.49,4701.42,4692.48,4694.70,1786.319,1778726699999,8391145.20862,5860,898.746,4221634.41408,0
1778726700000,4694.71,4695.95,4683.05,4688.76,2531.680,1778727599999,11868391.99648,7155,1389.635,6513884.82846,0
1778727600000,4688.76,4692.59,4684.44,4686.02,1742.109,1778728499999,8166692.21283,5943,998.726,4681910.34256,0
1778728500000,4686.03,4694.96,4684.54,4693.43,1807.522,1778729399999,8476428.89505,5606,876.849,4111649.08888,0
1778729400000,4693.44,4693.67,4678.98,4679.65,2307.437,1778730299999,10807537.02644,6459,889.731,4167298.85857,0
1778730300000,4679.65,4680.83,4676.52,4678.21,1539.866,1778731199999,7204067.43878,5204,694.351,3248485.74513,0
1778731200000,4678.20,4684.50,4671.10,4684.40,4098.127,1778732099999,19162720.29991,7546,2013.856,9417671.40553,0
1778732100000,4684.40,4708.59,4684.00,4704.00,5315.676,1778732999999,24977688.62847,9847,2409.484,11318848.66344,0
1778733000000,4704.00,4713.00,4702.96,4706.33,6639.641,1778733899999,31267899.08777,10431,2775.254,13070127.02459,0
1778733900000,4706.32,4708.99,4704.54,4704.65,1755.669,1778734799999,8263757.16917,4182,952.413,4483139.27042,0
1778734800000,4704.66,4706.15,4701.32,4701.47,1354.863,1778735699999,6373001.22726,4488,462.838,2177214.31888,0
1778735700000,4701.47,4701.76,4695.70,4695.88,1500.901,1778736599999,7053025.53308,4237,520.939,2448164.04740,0
1778736600000,4695.87,4703.11,4695.46,4699.17,2121.003,1778737499999,9969561.60152,6426,940.040,4418930.34159,0
1778737500000,4699.28,4704.98,4692.22,4692.59,1467.356,1778738399999,6894598.69670,4897,736.884,3462610.35980,0
1778738400000,4692.59,4696.73,4689.33,4691.00,2210.031,1778739299999,10369806.44661,6748,1227.190,5758041.35028,0
1778739300000,4690.99,4696.00,4689.80,4693.22,1928.347,1778740199999,9048334.32178,7727,1128.045,5293587.69502,0
1778740200000,4693.22,4702.12,4692.86,4701.96,1131.824,1778741099999,5316421.36234,4071,638.831,3001067.18901,0
1778741100000,4701.85,4704.47,4697.73,4701.96,1994.380,1778741999999,9377771.12736,5716,791.566,3721907.94144,0
1778742000000,4701.95,4703.48,4697.00,4697.64,2171.187,1778742899999,10205361.33848,6556,913.960,4295444.79946,0
1778742900000,4697.64,4707.98,4697.01,4707.20,2434.993,1778743799999,11450731.69314,6951,1083.058,5092897.13097,0
1778743800000,4707.20,4720.90,4704.79,4710.46,6396.115,1778744699999,30149465.56027,13553,3384.797,15957080.36886,0
1778744700000,4710.46,4710.96,4693.84,4695.84,4013.795,1778745599999,18870213.48413,10887,1627.669,7651330.11347,0
1778745600000,4695.84,4703.09,4694.88,4701.60,2441.751,1778746499999,11477759.30648,8390,1175.150,5523549.43990,0
1778746500000,4701.60,4706.74,4699.84,4705.02,2884.517,1778747399999,13565657.95453,7388,1257.586,5915070.52750,0
1778747400000,4705.01,4708.00,4697.07,4698.48,2809.743,1778748299999,13216706.44196,7576,1179.771,5549691.08923,0
1778748300000,4698.49,4699.20,4695.75,4696.02,2417.126,1778749199999,11353960.76784,6033,1125.895,5288435.01156,0
1778749200000,4696.03,4700.96,4692.73,4697.41,3843.756,1778750099999,18051802.07947,7308,2080.173,9769707.60426,0
1778750100000,4697.41,4699.00,4693.77,4693.77,2451.957,1778750999999,11515311.31889,4977,1280.425,6013064.36542,0
1778751000000,4693.77,4699.20,4691.05,4697.49,3639.519,1778751899999,17085228.81795,7839,1908.440,8958617.72459,0
1778751900000,4697.50,4704.36,4697.50,4701.48,3196.252,1778752799999,15027873.42625,6524,1729.164,8129602.04728,0
1778752800000,4701.48,4707.04,4698.32,4698.97,3787.914,1778753699999,17812879.10947,6869,1828.185,8596147.15560,0
1778753700000,4698.98,4700.57,4696.16,4699.97,2382.504,1778754599999,11195106.31359,5289,1256.999,5906176.89308,0
1778754600000,4699.96,4700.37,4695.16,4696.31,1802.819,1778755499999,8468843.20643,3954,909.365,4271625.90281,0
1778755500000,4696.31,4699.94,4694.08,4699.55,2687.506,1778756399999,12623884.86674,5397,1548.346,7272818.07140,0
1778756400000,4699.54,4701.94,4695.50,4699.81,2044.905,1778757299999,9609046.62116,4834,1168.369,5490222.02970,0
1778757300000,4699.82,4699.98,4692.57,4694.34,2673.809,1778758199999,12557760.57704,5392,1279.781,6010090.56766,0
1778758200000,4694.35,4698.90,4693.87,4697.67,1405.819,1778759099999,6602461.90266,3404,745.820,3502626.93690,0
1778759100000,4697.67,4706.55,4696.14,4697.29,4443.396,1778759999999,20891073.41580,7665,2241.042,10536883.33359,0
1778760000000,4697.28,4705.73,4695.44,4705.72,3545.161,1778760899999,16661991.39489,11074,1965.929,9240104.82289,0
1778760900000,4705.72,4709.18,4700.90,4704.60,3524.330,1778761799999,16585894.54725,9723,1546.062,7275771.68194,0
1778761800000,4704.59,4711.72,4701.01,4701.02,5129.976,1778762699999,24147982.20246,9515,2158.040,10158129.80995,0
1778762700000,4701.03,4708.25,4699.01,4707.08,2368.902,1778763599999,11142403.20941,5468,1247.865,5868720.31002,0
1778763600000,4707.08,4709.81,4699.18,4706.17,3595.067,1778764499999,16908335.37970,8541,1763.342,8292375.84928,0
1778764500000,4706.17,4706.17,4691.20,4691.21,6068.257,1778765399999,28501152.46182,11435,2973.684,13964954.81816,0
1778765400000,4691.21,4691.99,4670.00,4679.78,13319.935,1778766299999,62362984.79664,22431,6543.280,30634136.73240,0
1778766300000,4679.78,4693.29,4679.23,4682.25,7928.921,1778767199999,37158288.25709,17907,3749.809,17572537.84455,0
1778767200000,4682.25,4692.00,4680.50,4689.87,6465.382,1778768099999,30307172.41520,14752,3009.691,14107492.31748,0
1778768100000,4689.86,4702.19,4689.13,4693.54,6776.203,1778768999999,31827765.28178,11884,3312.162,15556402.87203,0
1778769000000,4693.54,4694.17,4688.64,4689.59,3055.756,1778769899999,14335752.87976,8601,1391.552,6528065.58869,0
1778769900000,4689.59,4692.60,4682.70,4682.70,4313.728,1778770799999,20226400.24458,9695,2145.582,10060962.74285,0
1778770800000,4682.70,4689.31,4680.28,4688.00,4239.321,1778771699999,19855645.86380,9580,2706.681,12676535.36814,0
1778771700000,4687.92,4691.70,4687.34,4688.52,2203.584,1778772599999,10333569.43101,5463,1170.461,5488664.09000,0
1778772600000,4688.52,4691.16,4684.23,4685.59,2239.095,1778773499999,10496707.21573,4826,946.343,4436208.63018,0
1778773500000,4685.63,4689.33,4684.44,4688.27,1649.835,1778774399999,7731945.15767,4477,870.786,4080707.59732,0
1778774400000,4688.27,4689.52,4677.78,4681.68,3747.084,1778775299999,17541365.41179,8434,2133.059,9984788.15236,0
1778775300000,4681.68,4684.28,4678.43,4680.76,1560.961,1778776199999,7308091.18670,4806,753.268,3526565.54051,0
1778776200000,4680.76,4681.71,4674.00,4678.32,2265.773,1778777099999,10597291.71826,6370,1043.653,4881380.19661,0
1778777100000,4678.32,4682.26,4675.00,4681.97,1397.284,1778777999999,6537827.22623,3974,778.959,3645027.44716,0
1778778000000,4681.96,4685.50,4681.32,4681.33,1325.982,1778778899999,6210505.16639,4854,612.704,2869645.11725,0
1778778900000,4681.55,4686.19,4680.26,4680.88,1117.541,1778779799999,5233868.69668,4646,561.826,2631212.33868,0
1778779800000,4680.87,4684.70,4679.66,4684.68,902.032,1778780699999,4223159.84065,3569,632.711,2962188.06184,0
1778780700000,4684.67,4685.25,4681.33,4681.51,725.921,1778781599999,3399868.40467,2908,416.229,1949515.59142,0
1778781600000,4681.51,4681.69,4672.61,4677.70,2053.919,1778782499999,9603206.99637,6772,1068.979,4997421.21958,0
1778782500000,4677.69,4679.40,4676.42,4677.10,362.350,1778783399999,1695083.48884,2344,192.377,899957.29710,0
1778783400000,4677.10,4678.20,4672.38,4672.39,1195.502,1778784299999,5588773.75790,3389,728.084,3403616.91088,0
1778784300000,4672.39,4675.20,4670.70,4675.07,1380.138,1778785199999,6448902.31114,3836,942.990,4406300.52423,0
1778785200000,4675.08,4675.08,4670.57,4671.38,1286.981,1778786099999,6013081.07134,3066,643.811,3007818.41406,0
1778786100000,4671.25,4672.65,4667.08,4667.08,2583.436,1778786999999,12063821.02952,4401,674.105,3148502.49636,0
1778787000000,4667.08,4669.29,4660.00,4660.74,3357.872,1778787899999,15661875.15402,7624,1727.907,8059273.40938,0
1778787900000,4660.74,4662.88,4656.13,4657.73,3625.130,1778788799999,16891350.28360,7811,1702.958,7935084.80453,0
1778788800000,4657.73,4661.01,4653.27,4654.47,2628.775,1778789699999,12240116.95249,5487,1420.260,6613207.02736,0
1778789700000,4654.44,4655.20,4651.37,4652.84,1353.203,1778790599999,6296622.43767,3181,709.909,3303289.17461,0
1778790600000,4652.83,4657.67,4648.14,4655.05,2095.537,1778791499999,9748754.16950,4944,1156.787,5382135.83947,0
1778791500000,4655.28,4658.00,4654.77,4656.72,1926.517,1778792399999,8970597.67784,3536,817.476,3806437.14777,0
1778792400000,4656.72,4660.34,4656.60,4660.34,684.899,1778793299999,3190662.23474,1875,326.697,1521901.45467,0
1778793300000,4660.33,4661.72,4660.33,4661.31,397.483,1778794199999,1852764.92674,1224,193.544,902119.69974,0
1778794200000,4661.32,4664.98,4660.15,4663.09,647.123,1778795099999,3017081.85020,1931,395.182,1842505.33967,0
1778795100000,4663.09,4663.09,4660.52,4660.81,269.309,1778795999999,1255636.87563,1033,103.479,482429.14596,0
1778796000000,4660.81,4661.09,4651.29,4658.48,4793.139,1778796899999,22321323.10566,10801,2495.530,11621231.22174,0
1778796900000,4658.48,4661.76,4658.47,4661.71,1395.177,1778797799999,6501859.05633,3745,825.084,3844963.62254,0
1778797800000,4661.71,4665.26,4661.70,4664.57,1163.114,1778798699999,5424502.99688,3847,604.954,2821236.74991,0
1778798700000,4664.56,4665.60,4663.19,4665.22,696.392,1778799599999,3248392.36295,2061,433.997,2024422.35496,0
1778799600000,4665.21,4666.22,4662.17,4662.31,1094.018,1778800499999,5103246.93701,2935,518.307,2417764.21568,0
1778800500000,4662.18,4666.98,4659.22,4666.73,1553.345,1778801399999,7243764.33226,4354,800.252,3731701.90201,0
1778801400000,4666.73,4667.82,4649.45,4660.29,4007.275,1778802299999,18661718.90588,10420,1895.768,8828990.68804,0
1778802300000,4660.29,4660.51,4651.92,4655.49,2009.817,1778803199999,9356942.17989,6397,1034.105,4814456.21958,0
1778803200000,4655.49,4656.46,4646.45,4653.95,4128.131,1778804099999,19201785.83404,12499,2088.771,9716144.57342,0
1778804100000,4653.95,4661.13,4631.86,4633.88,8929.592,1778804999999,41461769.84423,18672,4012.882,18634504.83978,0
1778805000000,4633.81,4634.38,4617.33,4621.66,9385.858,1778805899999,43415974.50156,17100,4504.918,20838418.87060,0
1778805900000,4621.86,4634.20,4621.01,4634.20,3649.732,1778806799999,16884397.85883,11877,2056.046,9511926.22871,0
1778806800000,4634.22,4634.22,4611.66,4618.46,5908.641,1778807699999,27303655.94729,17908,3165.344,14624981.30362,0
1778807700000,4618.42,4627.66,4612.16,4612.47,3746.291,1778808599999,17306551.33549,13503,1887.350,8718041.74535,0
1778808600000,4612.48,4625.52,4611.69,4625.52,3120.451,1778809499999,14412514.07664,9674,1658.159,7658622.30997,0
1778809500000,4625.52,4626.65,4610.34,4616.68,3546.015,1778810399999,16369085.13099,11071,1610.659,7435561.38980,0
1778810400000,4616.69,4621.41,4613.00,4616.57,2337.092,1778811299999,10790461.08980,7449,1368.972,6320419.13553,0
1778811300000,4616.56,4618.96,4613.17,4615.88,2405.743,1778812199999,11105673.62710,5967,1275.245,5886818.76244,0
1778812200000,4615.89,4619.98,4612.97,4619.88,2646.353,1778813099999,12213408.03021,6652,1276.373,5890878.73225,0
1778813100000,4619.96,4626.10,4614.87,4621.18,2840.949,1778813999999,13129526.25007,7373,1720.616,7951976.42645,0
1778814000000,4621.17,4624.76,4618.00,4620.69,1922.415,1778814899999,8884144.28582,6084,1065.408,4923421.01865,0
1778814900000,4620.69,4621.45,4613.59,4616.88,2732.742,1778815799999,12618539.61146,6013,1263.892,5836064.33799,0
1778815800000,4616.95,4621.20,4611.68,4617.40,1832.738,1778816699999,8460340.74229,5421,1029.147,4750838.91626,0
1778816700000,4617.41,4621.51,4614.60,4619.46,1463.885,1778817599999,6761163.97352,4496,830.653,3836540.32588,0
1778817600000,4619.46,4625.00,4617.41,4624.01,2051.487,1778818499999,9481438.66430,4934,1216.178,5621226.22919,0
1778818500000,4624.01,4624.16,4612.00,4614.62,2171.920,1778819399999,10026508.00418,6584,1092.202,5041320.51477,0
1778819400000,4614.62,4618.55,4610.00,4610.69,1979.220,1778820299999,9131935.32071,5250,881.411,4067077.14902,0
1778820300000,4610.69,4616.50,4609.46,4610.56,2310.992,1778821199999,10658236.95528,6101,1145.088,5281011.42889,0
1778821200000,4610.56,4610.72,4591.68,4594.95,10375.705,1778822099999,47730517.42387,15529,3809.342,17522229.49716,0
1778822100000,4594.96,4598.01,4585.45,4592.94,6837.617,1778822999999,31384092.07125,11521,3415.702,15678564.63699,0
1778823000000,4592.94,4593.93,4567.09,4573.11,13935.677,1778823899999,63774710.97936,24267,5910.137,27046251.49289,0
1778823900000,4573.10,4577.00,4561.75,4563.09,8453.357,1778824799999,38637898.21649,16449,3832.113,17517710.43136,0
1778824800000,4563.09,4577.66,4561.50,4575.28,8446.318,1778825699999,38599474.93545,16375,4756.366,21736181.40387,0
1778825700000,4575.28,4582.31,4574.52,4579.55,5762.014,1778826599999,26387713.74336,12622,2831.343,12966724.53193,0
1778826600000,4579.55,4584.55,4571.49,4572.24,5380.050,1778827499999,24633506.96368,11480,2630.377,12044272.73347,0
1778827500000,4572.24,4577.99,4569.21,4574.40,4754.254,1778828399999,21747219.53970,11455,2423.797,11086564.56738,0
1778828400000,4574.40,4589.58,4570.42,4589.57,7947.718,1778829299999,36393396.96566,13945,4288.570,19636857.69701,0
1778829300000,4589.58,4591.94,4582.73,4585.24,5990.545,1778830199999,27482260.25619,10387,2884.988,13235301.38833,0
1778830200000,4585.24,4586.00,4579.00,4582.14,3435.602,1778831099999,15742430.17125,7847,1773.300,8125051.09016,0
1778831100000,4582.14,4582.95,4573.11,4575.37,4254.473,1778831999999,19471122.62541,8567,2275.196,10412104.07686,0
1778832000000,4575.37,4576.40,4562.63,4570.29,7686.964,1778832899999,35121578.63942,14070,3742.388,17098767.60299,0
1778832900000,4570.29,4570.29,4557.86,4563.67,7605.295,1778833799999,34700988.59255,13405,3563.582,16259116.12755,0
1778833800000,4563.67,4568.00,4555.68,4567.99,7527.643,1778834699999,34333078.09514,14490,3974.062,18125272.17247,0
1778834700000,4567.99,4568.80,4557.61,4559.28,3992.977,1778835599999,18221697.50244,8328,1859.876,8487345.07271,0
1778835600000,4559.35,4568.00,4550.50,4552.00,6943.516,1778836499999,31645484.45372,13553,3372.367,15370324.99966,0
1778836500000,4551.99,4559.66,4544.00,4558.51,8752.582,1778837399999,39840289.51266,15550,4018.579,18294451.72550,0
1778837400000,4558.51,4560.32,4548.59,4549.43,5437.882,1778838299999,24766079.24964,10655,2707.192,12329487.36319,0
1778838300000,4549.43,4551.28,4536.21,4550.18,8812.231,1778839199999,40051037.95982,16124,4293.763,19517128.09684,0
1778839200000,4550.19,4567.53,4548.76,4565.34,7578.869,1778840099999,34550240.79474,14516,3641.662,16602536.46244,0
1778840100000,4565.34,4567.33,4557.01,4557.20,5528.051,1778840999999,25224883.52766,11232,2601.506,11870520.73434,0
1778841000000,4557.19,4561.66,4555.21,4560.36,5329.689,1778841899999,24293243.44570,9773,3057.451,13935419.75298,0
1778841900000,4560.37,4576.27,4559.74,4570.28,13148.724,1778842799999,60075283.96838,20933,6808.687,31108351.63680,0
1778842800000,4570.32,4574.26,4565.26,4570.51,6809.808,1778843699999,31119533.77091,11862,3382.767,15458247.83269,0
1778843700000,4570.51,4572.59,4563.70,4566.26,3472.291,1778844599999,15861993.04901,7211,1608.124,7345996.45493,0
1778844600000,4566.25,4566.40,4555.01,4556.00,3835.639,1778845499999,17492293.55629,7755,1686.162,7689744.26881,0
1778845500000,4555.99,4562.75,4554.72,4556.43,3693.877,1778846399999,16837876.00873,7954,1905.487,8685745.19250,0
1778846400000,4556.42,4559.76,4550.50,4550.81,4471.813,1778847299999,20370476.83399,10318,2226.939,10144176.35129,0
1778847300000,4550.81,4563.57,4550.22,4560.22,5621.268,1778848199999,25619322.13288,12767,3167.211,14434166.32386,0
1778848200000,4560.22,4560.22,4549.21,4551.14,5231.313,1778849099999,23822099.91817,13015,2429.460,11063086.25366,0
1778849100000,4551.14,4560.51,4549.51,4551.11,2456.678,1778849999999,11192415.33536,7834,1240.069,5649743.30098,0
1778850000000,4551.10,4555.55,4540.13,4551.95,8500.821,1778850899999,38654771.13244,17678,3756.864,17084587.39074,0
1778850900000,4551.94,4562.00,4546.01,4553.89,5346.805,1778851799999,24358220.42042,11357,2663.290,12132989.81627,0
1778851800000,4553.90,4556.16,4525.40,4525.44,15575.782,1778852699999,70689433.13732,26688,6997.005,31756547.16012,0
1778852700000,4525.44,4545.80,4516.64,4537.73,16822.368,1778853599999,76230830.12875,25364,8869.904,40196519.07705,0
1778853600000,4537.82,4554.60,4529.84,4548.80,11325.841,1778854499999,51424543.51516,21545,5246.567,23822895.32125,0
1778854500000,4548.72,4566.54,4546.01,4559.39,11813.712,1778855399999,53864201.01330,20555,5584.261,25457527.64197,0
1778855400000,4559.39,4564.00,4555.18,4561.05,5784.262,1778856299999,26377162.20031,13785,2666.567,12159951.53098,0
1778856300000,4561.06,4569.19,4550.04,4566.51,7400.169,1778857199999,33741422.74367,13501,3297.023,15033437.21338,0
1778857200000,4566.51,4567.57,4555.04,4556.53,5847.204,1778858099999,26665233.07363,11156,2755.260,12564382.34985,0
1778858100000,4556.44,4557.52,4547.02,4550.37,5249.111,1778858999999,23893007.39169,9482,2524.043,11489018.46500,0
1778859000000,4550.38,4553.64,4544.00,4545.23,4669.828,1778859899999,21242017.01154,9139,2106.382,9580961.12711,0
1778859900000,4545.23,4546.77,4538.06,4543.88,5817.706,1778860799999,26428819.83476,9922,3322.576,15094143.75101,0
1778860800000,4543.97,4546.43,4534.58,4537.85,5902.592,1778861699999,26790017.16244,10898,2888.966,13111423.81682,0
1778861700000,4537.84,4548.00,4536.75,4546.00,4556.988,1778862599999,20698381.87099,8098,2623.653,11916900.53010,0
1778862600000,4546.00,4552.74,4545.81,4552.31,4552.644,1778863499999,20712176.76423,7358,2424.283,11028605.48684,0
1778863500000,4552.30,4552.89,4547.20,4549.33,2479.591,1778864399999,11282309.37555,5191,1003.453,4565603.86287,0
1778864400000,4549.28,4561.43,4548.24,4560.60,4138.832,1778865299999,18862204.51560,7787,2156.610,9827592.00235,0
1778865300000,4560.60,4567.33,4558.72,4560.49,4097.261,1778866199999,18697115.54321,6661,1982.244,9044763.79287,0
1778866200000,4560.69,4566.50,4560.50,4564.29,2533.696,1778867099999,11564496.48997,4817,1194.040,5449772.03664,0
1778867100000,4564.30,4565.87,4560.63,4562.72,1605.871,1778867999999,7327549.77779,3818,681.982,3111897.45911,0
1778868000000,4562.63,4564.81,4559.54,4564.59,1557.857,1778868899999,7106680.30329,4256,682.786,3114840.86072,0
1778868900000,4564.59,4565.77,4556.09,4561.11,1913.287,1778869799999,8725508.05580,5080,789.153,3598639.98801,0
1778869800000,4561.12,4562.11,4556.19,4561.80,1643.549,1778870699999,7493870.74493,3791,844.187,3849269.86595,0
1778870700000,4561.81,4565.99,4560.98,4563.19,1219.408,1778871599999,5565608.88780,3068,692.934,3162716.51496,0
1778871600000,4563.20,4563.84,4553.78,4554.53,1463.857,1778872499999,6672099.59670,4357,585.238,2667496.38139,0
1778872500000,4554.54,4556.96,4553.09,4554.45,1163.634,1778873399999,5300013.33463,3213,557.976,2541357.89516,0
1778873400000,4554.47,4558.98,4553.91,4557.53,1083.306,1778874299999,4936037.74135,3170,443.795,2022049.76383,0
1778874300000,4557.52,4558.12,4550.01,4551.23,1790.348,1778875199999,8152142.38801,3948,779.041,3547111.37858,0
1778875200000,4551.23,4551.58,4541.57,4544.42,4218.596,1778876099999,19173743.10443,6892,1636.602,7438166.22636,0
1778876100000,4544.42,4544.42,4538.14,4543.84,2713.412,1778876999999,12322260.98804,5406,1255.158,5699973.93932,0
1778877000000,4543.84,4548.00,4543.84,4545.63,2654.726,1778877899999,12068443.67615,5708,1462.247,6647173.25243,0
1778877900000,4545.63,4546.74,4542.27,4544.80,1111.705,1778878799999,5052156.62408,3080,625.988,2844691.39207,0
1778878800000,4544.80,4544.88,4542.08,4544.50,623.348,1778879699999,2832164.59078,1399,298.948,1358235.57261,0
1778879700000,4544.49,4545.63,4542.91,4543.94,394.629,1778880599999,1793335.09824,1476,213.003,967932.06356,0
1778880600000,4543.93,4545.17,4542.80,4542.81,410.186,1778881499999,1863819.35520,1143,184.604,838845.42225,0
1778881500000,4542.80,4544.00,4542.80,4543.99,111.474,1778882399999,506479.51635,581,63.645,289172.09457,0
1778882400000,4543.99,4550.31,4543.99,4546.74,1208.662,1778883299999,5496285.73524,2977,770.248,3502357.35862,0
1778883300000,4546.74,4546.75,4545.45,4545.46,183.646,1778884199999,834902.64066,671,73.092,332309.15332,0
1778884200000,4545.45,4545.46,4543.68,4543.73,368.223,1778885099999,1673336.80491,973,128.927,585859.35964,0
1778885100000,4543.73,4543.74,4543.44,4543.45,73.138,1778885999999,332301.71056,433,26.628,120984.51885,0
1778886000000,4543.45,4546.50,4543.44,4546.50,236.104,1778886899999,1073034.79229,864,178.909,813061.14273,0
1778886900000,4546.49,4547.31,4543.62,4543.91,403.459,1778887799999,1834057.00201,1412,114.913,522426.40235,0
1778887800000,4543.90,4544.32,4541.82,4542.32,547.438,1778888699999,2486999.28614,1832,124.429,565254.67915,0
1778888700000,4542.32,4543.59,4542.23,4542.56,267.298,1778889599999,1214299.38129,1222,99.260,450912.04803,0
1778889600000,4542.57,4543.27,4541.33,4542.42,216.204,1778890499999,982069.07852,1270,84.801,385194.76048,0
1778890500000,4542.42,4543.22,4542.01,4542.44,164.777,1778891399999,748546.10954,884,48.588,220715.02313,0
1778891400000,4542.44,4545.30,4542.44,4544.38,267.167,1778892299999,1213991.84217,1082,174.732,793934.41382,0
1778892300000,4544.38,4544.52,4543.43,4544.48,172.633,1778893199999,784479.42045,923,78.504,356738.94686,0
1778893200000,4544.48,4545.19,4544.08,4545.09,126.896,1778894099999,576696.77055,664,77.568,352517.81773,0
1778894100000,4545.20,4545.20,4543.49,4543.49,178.096,1778894999999,809356.68922,770,77.457,352017.37462,0
1778895000000,4543.49,4543.49,4542.53,4542.66,240.960,1778895899999,1094711.50983,738,96.137,436745.26122,0
1778895900000,4542.65,4543.18,4542.03,4542.95,278.614,1778896799999,1265693.18415,757,95.953,435882.63088,0
1778896800000,4542.95,4543.55,4542.94,4542.97,144.494,1778897699999,656441.72441,686,73.574,334250.08897,0
1778897700000,4542.96,4544.98,4542.96,4543.92,225.606,1778898599999,1025143.78029,801,149.280,678325.11760,0
1778898600000,4543.91,4544.19,4543.91,4543.94,120.624,1778899499999,548119.15184,416,68.830,312762.10873,0
1778899500000,4543.93,4544.93,4543.93,4544.93,87.520,1778900399999,397741.21343,338,76.245,346502.04398,0
1778900400000,4544.92,4545.00,4544.54,4544.91,167.888,1778901299999,763028.09571,747,116.272,528443.39809,0
1778901300000,4544.90,4545.00,4544.90,4545.00,75.224,1778902199999,341886.89377,401,48.166,218910.74612,0
1778902200000,4545.00,4545.00,4544.43,4544.43,100.478,1778903099999,456660.02938,476,31.567,143470.26512,0
1778903100000,4544.43,4545.39,4544.43,4545.24,187.470,1778903999999,852035.42223,667,156.461,711104.52103,0
1778904000000,4545.24,4545.24,4544.10,4544.68,237.221,1778904899999,1078105.37694,1136,74.948,340610.74968,0
1778904900000,4544.67,4545.13,4544.22,4545.13,160.991,1778905799999,731637.54226,764,114.562,520635.97501,0
1778905800000,4545.13,4545.13,4543.56,4544.81,227.960,1778906699999,1035885.08155,911,85.731,389587.93948,0
1778906700000,4544.82,4545.23,4544.81,4545.22,107.888,1778907599999,490348.21858,676,77.875,353940.77620,0
1778907600000,4545.23,4549.63,4545.22,4549.55,467.077,1778908499999,2123732.10320,1283,413.301,1879169.46721,0
1778908500000,4549.55,4550.00,4548.05,4548.82,308.586,1778909399999,1403857.45661,1126,169.357,770450.96210,0
1778909400000,4548.82,4548.83,4546.94,4547.94,110.928,1778910299999,504486.14428,993,50.314,228812.85461,0
1778910300000,4547.94,4548.79,4547.59,4547.59,143.464,1778911199999,652453.91364,721,56.823,258424.74755,0
1778911200000,4547.60,4547.78,4546.72,4547.67,168.295,1778912099999,765285.74503,830,70.391,320083.60444,0
1778912100000,4547.67,4547.68,4545.60,4546.51,174.234,1778912999999,792109.14890,942,62.516,284216.20561,0
1778913000000,4546.50,4547.64,4545.20,4545.64,210.128,1778913899999,955272.72974,1153,53.038,241115.89983,0
1778913900000,4545.63,4545.64,4544.01,4544.01,369.667,1778914799999,1680056.29887,1436,92.222,419119.97867,0
1778914800000,4544.01,4544.02,4531.29,4532.97,1658.848,1778915699999,7530344.97800,4249,535.638,2431578.59087,0
1778915700000,4532.97,4536.49,4528.80,4536.48,1357.626,1778916599999,6154767.06037,4411,680.528,3085255.74739,0
1778916600000,4536.48,4539.56,4536.00,4538.78,409.154,1778917499999,1856690.71715,2057,247.928,1125060.71935,0
1778917500000,4538.78,4539.03,4537.75,4538.11,214.741,1778918399999,974557.11372,1308,62.169,282127.99990,0
1778918400000,4538.11,4539.26,4536.94,4537.45,303.101,1778919299999,1375464.25305,1386,103.856,471298.86095,0
1778919300000,4537.45,4538.49,4536.00,4538.16,284.660,1778920199999,1291469.41768,1351,139.712,633893.99473,0
1778920200000,4538.16,4539.66,4537.55,4539.65,137.165,1778921099999,622505.94901,909,90.817,412171.23706,0
1778921100000,4539.66,4539.66,4536.51,4536.61,370.790,1778921999999,1682454.06839,1514,135.954,616837.88380,0
1778922000000,4536.60,4537.40,4536.60,4537.13,135.744,1778922899999,615857.70001,637,87.085,395094.39012,0
1778922900000,4537.13,4537.29,4532.83,4532.93,849.081,1778923799999,3850813.67427,2751,206.233,935247.09085,0
1778923800000,4532.93,4536.50,4532.92,4536.50,296.258,1778924699999,1343588.96186,1386,197.345,895010.02160,0
1778924700000,4536.50,4536.82,4535.11,4535.36,316.905,1778925599999,1437458.94232,1324,122.491,555605.57509,0
1778925600000,4535.35,4535.72,4525.05,4528.06,3854.906,1778926499999,17458866.04441,6405,1334.435,6042260.74833,0
1778926500000,4528.06,4531.94,4528.06,4531.51,536.004,1778927399999,2428015.83052,1881,277.455,1256868.12782,0
1778927400000,4531.51,4532.91,4531.22,4532.12,353.608,1778928299999,1602574.60188,1341,188.825,855764.19957,0
1778928300000,4532.12,4533.13,4531.36,4532.12,415.745,1778929199999,1884313.71477,1224,174.296,789973.02696,0
1778929200000,4532.12,4533.78,4527.21,4528.47,1389.976,1778930099999,6296234.37076,4831,715.984,3243183.87549,0
1778930100000,4528.47,4529.30,4528.46,4529.16,470.348,1778930999999,2130157.76597,1657,378.939,1716157.08153,0
1778931000000,4529.15,4530.53,4528.72,4529.26,379.760,1778931899999,1720182.94049,1334,250.556,1134917.22827,0
1778931900000,4529.27,4532.66,4528.53,4532.08,522.918,1778932799999,2368799.57716,1910,269.001,1218586.00324,0
1778932800000,4532.08,4532.61,4530.69,4532.61,205.006,1778933699999,928952.22483,1005,80.341,364047.34719,0
1778933700000,4532.61,4533.92,4532.60,4533.91,122.599,1778934599999,555752.01058,609,88.954,403247.02322,0
1778934600000,4533.91,4534.31,4533.67,4533.68,110.630,1778935499999,501608.50798,709,50.718,229959.68640,0
1778935500000,4533.67,4534.54,4533.32,4534.08,160.865,1778936399999,729337.25193,818,103.295,468323.36756,0
1778936400000,4534.09,4534.09,4532.92,4533.45,138.430,1778937299999,627585.95307,847,66.556,301735.02137,0
1778937300000,4533.45,4535.77,4533.45,4534.95,245.502,1778938199999,1113234.06099,821,119.614,542362.32885,0
1778938200000,4534.94,4536.50,4533.78,4534.38,537.346,1778939099999,2437111.20760,1143,286.322,1298543.94546,0
1778939100000,4534.37,4535.57,4531.68,4532.95,494.860,1778939999999,2243179.23522,1682,234.800,1064303.16623,0
1778940000000,4532.95,4532.95,4531.98,4532.77,107.499,1778940899999,487236.58742,705,56.073,254145.53677,0
1778940900000,4532.76,4533.14,4532.58,4533.13,118.385,1778941799999,536613.55652,681,48.613,220352.68925,0
1778941800000,4533.14,4535.60,4533.13,4535.60,261.510,1778942699999,1185752.33178,1180,173.973,788844.93288,0
1778942700000,4535.60,4536.44,4535.42,4536.43,261.345,1778943599999,1185431.27101,1015,120.982,548754.60348,0
1778943600000,4536.43,4537.93,4536.43,4537.32,263.012,1778944499999,1193352.66238,991,204.074,925929.86664,0
1778944500000,4537.32,4537.32,4535.50,4536.39,138.831,1778945399999,629798.23105,637,42.846,194365.96918,0
1778945400000,4536.38,4540.00,4536.37,4539.78,921.750,1778946299999,4183357.41980,1703,724.950,3290167.60480,0
1778946300000,4539.78,4539.90,4539.03,4539.04,187.681,1778947199999,851989.81077,639,37.946,172252.17853,0
1778947200000,4539.03,4539.50,4538.66,4538.67,149.484,1778948099999,678495.79551,761,71.441,324255.50624,0
1778948100000,4538.67,4538.67,4537.22,4537.22,156.009,1778948999999,707958.88464,766,90.186,409259.94862,0
1778949000000,4537.23,4538.46,4536.68,4536.68,191.634,1778949899999,869544.56756,670,123.499,560362.72889,0
1778949900000,4536.68,4538.18,4535.91,4536.82,126.540,1778950799999,574094.09818,887,56.189,254906.25598,0
1778950800000,4536.83,4537.68,4536.67,4536.86,139.715,1778951699999,633912.51512,766,82.618,374846.79523,0
1778951700000,4536.87,4538.67,4536.17,4537.49,205.600,1778952599999,932846.15830,1035,121.008,549056.23372,0
1778952600000,4537.48,4538.65,4537.48,4538.09,53.088,1778953499999,240920.15855,602,27.319,123975.81093,0
1778953500000,4538.09,4538.99,4537.24,4537.25,90.333,1778954399999,409951.14442,866,29.358,133232.59597,0
1778954400000,4537.24,4538.31,4537.24,4538.31,63.550,1778955299999,288395.94540,581,52.033,236131.50510,0
1778955300000,4538.30,4538.31,4537.47,4537.96,55.930,1778956199999,253803.15887,483,30.477,138300.47050,0
1778956200000,4537.95,4538.85,4537.95,4538.85,106.767,1778957099999,484562.86132,552,82.813,375854.24377,0
1778957100000,4538.85,4540.00,4538.61,4539.82,230.095,1778957999999,1044464.01395,618,152.238,691027.90569,0
1778958000000,4539.82,4539.83,4539.07,4539.32,62.239,1778958899999,282538.38283,663,20.394,92578.69109,0
1778958900000,4539.32,4539.55,4539.31,4539.54,33.614,1778959799999,152590.34124,354,19.674,89309.39214,0
1778959800000,4539.55,4539.55,4539.54,4539.55,13.360,1778960699999,60648.33224,380,7.784,35335.85720,0
1778960700000,4539.54,4539.60,4539.09,4539.20,76.933,1778961599999,349229.18487,488,27.098,123004.86334,0
1778961600000,4539.19,4539.51,4539.19,4539.50,41.097,1778962499999,186553.00432,314,26.520,120383.35340,0
1778962500000,4539.50,4539.51,4539.50,4539.50,19.742,1778963399999,89618.90153,254,9.253,42004.08603,0
1778963400000,4539.51,4539.51,4537.74,4538.43,96.799,1778964299999,439337.20735,660,11.954,54247.84836,0
1778964300000,4538.43,4538.44,4536.98,4537.39,89.817,1778965199999,407554.14120,480,25.849,117282.48388,0
1778965200000,4537.38,4537.39,4535.72,4535.72,162.560,1778966099999,737429.47036,537,18.785,85215.37639,0
1778966100000,4535.72,4536.36,4535.20,4535.22,141.056,1778966999999,639764.84664,654,56.385,255726.61563,0
1778967000000,4535.22,4535.22,4532.58,4532.59,233.900,1778967899999,1060510.56919,1205,75.479,342230.47548,0
1778967900000,4532.59,4533.04,4532.58,4533.04,57.769,1778968799999,261853.67712,450,32.745,148423.47408,0
1778968800000,4533.04,4536.65,4533.03,4536.08,587.200,1778969699999,2662891.10276,1671,284.939,1292098.08680,0
1778969700000,4536.07,4536.73,4535.60,4535.61,33.317,1778970599999,151121.98555,410,20.717,93969.09774,0
1778970600000,4535.61,4537.00,4535.60,4537.00,106.707,1778971499999,484047.74561,685,50.090,227220.40104,0
1778971500000,4536.99,4537.01,4536.99,4537.00,19.762,1778972399999,89660.08263,330,6.714,30461.42300,0
1778972400000,4537.00,4537.53,4537.00,4537.06,40.581,1778973299999,184127.42893,392,16.575,75202.29325,0
1778973300000,4537.07,4537.55,4537.06,4537.54,41.852,1778974199999,189897.10104,435,29.530,133988.21098,0
1778974200000,4537.54,4538.26,4537.54,4538.26,35.026,1778975099999,158942.82773,427,30.971,140541.73733,0
1778975100000,4538.25,4538.33,4537.41,4537.42,130.570,1778975999999,592553.06714,479,60.223,273309.57421,0
1778976000000,4537.41,4539.21,4537.07,4539.15,141.888,1778976899999,643953.37390,823,100.510,456165.60087,0
1778976900000,4539.15,4539.30,4538.99,4539.00,50.062,1778977799999,227241.68675,520,23.433,106366.24874,0
1778977800000,4538.99,4539.00,4537.37,4537.81,147.291,1778978699999,668444.78150,601,72.851,330606.73579,0
1778978700000,4537.81,4538.17,4536.57,4536.67,136.918,1778979599999,621253.29330,621,56.964,258482.83706,0
1778979600000,4536.67,4536.68,4534.15,4534.72,374.893,1778980499999,1700378.49935,1227,85.036,385646.41505,0
1778980500000,4534.73,4535.08,4533.56,4533.56,220.754,1778981399999,1000982.10154,727,101.742,461341.31567,0
1778981400000,4533.56,4533.76,4532.58,4532.59,391.551,1778982299999,1774903.56578,1323,104.557,473968.25682,0
1778982300000,4532.59,4533.86,4532.29,4532.29,119.901,1778983199999,543505.76727,742,45.932,208210.97845,0
1778983200000,4532.29,4532.41,4531.82,4531.82,143.213,1778984099999,649053.97293,940,49.707,225267.00842,0
1778984100000,4531.83,4533.08,4531.82,4532.50,116.078,1778984999999,526149.24120,509,41.931,190051.01849,0
1778985000000,4532.50,4533.08,4532.50,4532.84,54.685,1778985899999,247876.95381,425,37.347,169284.58511,0
1778985900000,4532.85,4533.19,4532.84,4533.19,80.280,1778986799999,363907.82954,464,60.375,273676.43262,0
1778986800000,4533.18,4534.16,4533.18,4533.88,125.942,1778987699999,570958.71107,535,84.247,381943.72046,0
1778987700000,4533.89,4535.40,4533.88,4534.75,153.772,1778988599999,697310.58287,534,123.340,559314.44457,0
1778988600000,4534.75,4534.87,4534.05,4534.77,107.417,1778989499999,487098.89715,592,53.271,241560.89975,0
1778989500000,4534.77,4535.50,4534.77,4535.49,103.988,1778990399999,471616.40784,388,92.260,418427.40478,0
1778990400000,4535.50,4535.81,4535.49,4535.81,45.008,1778991299999,204146.44853,499,23.100,104776.22872,0
1778991300000,4535.81,4536.00,4535.80,4535.99,49.963,1778992199999,226626.09057,368,32.852,149013.29325,0
1778992200000,4536.00,4536.19,4536.00,4536.19,64.201,1778993099999,291227.01968,382,50.933,231040.99939,0
1778993100000,4536.19,4536.88,4536.18,4536.88,47.627,1778993999999,216070.51100,438,23.095,104774.35562,0
1778994000000,4536.87,4536.88,4536.87,4536.88,65.408,1778994899999,296747.94637,442,35.341,160337.87608,0
1778994900000,4536.88,4536.88,4533.04,4533.31,423.407,1778995799999,1920075.26410,932,25.589,116034.35989,0
1778995800000,4533.32,4533.34,4532.39,4532.85,225.660,1778996699999,1022889.46154,1160,100.474,455427.74043,0
1778996700000,4532.85,4532.85,4531.20,4531.81,382.418,1778997599999,1733127.58858,1552,142.556,646036.62357,0
1778997600000,4531.81,4533.31,4531.10,4533.31,233.345,1778998499999,1057483.21136,1094,126.730,574336.91619,0
1778998500000,4533.31,4533.31,4532.50,4533.02,128.399,1778999399999,582040.42527,527,52.458,237799.38471,0
1778999400000,4533.02,4533.70,4532.47,4533.47,208.865,1779000299999,946811.84574,658,109.623,496948.90140,0
1779000300000,4533.47,4533.48,4533.38,4533.38,84.558,1779001199999,383337.07117,342,17.455,79131.30129,0
1779001200000,4533.38,4534.79,4533.38,4533.99,80.879,1779002099999,366698.71713,504,63.021,285730.48182,0
1779002100000,4533.99,4534.87,4533.88,4534.87,103.384,1779002999999,468779.16455,574,50.164,227468.61534,0
1779003000000,4534.87,4535.10,4534.86,4535.10,95.558,1779003899999,433353.90767,426,78.203,354648.00226,0
1779003900000,4535.09,4535.10,4534.01,4534.17,146.641,1779004799999,664970.46608,520,19.721,89430.15483,0
1779004800000,4534.17,4535.00,4534.16,4534.99,64.137,1779005699999,290831.96395,496,39.326,178324.17617,0
1779005700000,4534.99,4535.00,4534.71,4534.89,105.836,1779006599999,479956.19672,569,63.140,286333.90407,0
1779006600000,4534.90,4534.90,4534.89,4534.90,55.522,1779007499999,251786.57986,432,41.728,189232.30720,0
1779007500000,4534.90,4534.90,4534.89,4534.90,50.596,1779008399999,229447.65514,461,36.070,163573.84300,0
1779008400000,4534.89,4534.90,4534.89,4534.89,81.402,1779009299999,369149.71084,575,59.506,269853.75940,0
1779009300000,4534.90,4534.90,4534.01,4534.18,159.782,1779010199999,724562.60093,585,74.715,338805.28380,0
1779010200000,4534.18,4534.76,4534.18,4534.40,104.403,1779011099999,473411.90192,438,52.715,239032.28231,0
1779011100000,4534.40,4534.90,4534.39,4534.90,39.682,1779011999999,179950.03709,361,33.941,153915.55360,0
1779012000000,4534.90,4534.90,4534.89,4534.90,123.524,1779012899999,560168.90672,352,115.436,523490.71640,0
1779012900000,4534.90,4534.90,4534.89,4534.90,67.582,1779013799999,306477.31551,461,37.953,172113.05970,0
1779013800000,4534.90,4539.20,4534.89,4539.20,938.790,1779014699999,4259572.24067,1293,767.434,3481921.00657,0
1779014700000,4539.20,4539.21,4539.18,4539.21,219.244,1779015599999,995191.84171,624,124.368,564531.48542,0
1779015600000,4539.21,4539.21,4537.69,4538.39,234.950,1779016499999,1066271.28083,750,144.104,653962.30607,0
1779016500000,4538.39,4539.00,4538.39,4539.00,376.943,1779017399999,1710870.95089,804,215.551,978338.57874,0
1779017400000,4539.00,4539.50,4538.48,4539.49,366.937,1779018299999,1665525.02306,661,187.564,851340.06975,0
1779018300000,4539.50,4540.71,4539.49,4540.70,181.422,1779019199999,823658.33071,804,143.228,650257.55769,0
1779019200000,4540.71,4540.71,4539.26,4539.58,120.179,1779020099999,545620.27999,757,43.795,198826.33093,0
1779020100000,4539.59,4540.89,4539.58,4540.52,202.534,1779020999999,919557.22948,840,130.582,592881.84383,0
1779021000000,4540.51,4540.89,4540.01,4540.25,163.936,1779021899999,744355.53258,705,92.580,420354.65797,0
1779021900000,4540.25,4540.99,4540.24,4540.95,105.417,1779022799999,478674.34198,577,53.416,242543.78938,0
1779022800000,4540.95,4540.99,4540.39,4540.84,154.184,1779023699999,700115.37285,591,27.440,124595.75728,0
1779023700000,4540.83,4540.84,4538.83,4539.43,163.941,1779024599999,744337.72763,674,35.406,160746.66085,0
1779024600000,4539.42,4541.34,4538.15,4540.66,273.629,1779025499999,1242236.75094,1275,158.600,720031.38080,0
1779025500000,4540.75,4542.71,4540.66,4542.11,363.554,1779026399999,1651194.31656,1028,305.974,1389662.50899,0
1779026400000,4542.11,4542.54,4540.29,4541.00,226.266,1779027299999,1027600.86891,930,85.858,389930.19886,0
1779027300000,4540.99,4541.00,4538.00,4538.54,314.516,1779028199999,1427633.95504,1171,69.967,317586.60054,0
1779028200000,4538.53,4539.00,4537.24,4538.64,419.249,1779029099999,1902518.04248,1143,128.619,583699.89016,0
1779029100000,4538.63,4540.73,4538.08,4539.61,164.102,1779029999999,744863.00547,1017,77.608,352256.14879,0
1779030000000,4539.61,4541.39,4539.07,4540.26,402.236,1779030899999,1826328.18101,1478,165.338,750706.53963,0
1779030900000,4540.27,4541.56,4540.00,4541.55,127.284,1779031799999,578003.11179,746,77.309,351073.00602,0
1779031800000,4541.56,4543.66,4541.08,4541.09,591.425,1779032699999,2686429.55112,1312,333.715,1515818.73666,0
1779032700000,4541.08,4542.10,4540.65,4541.50,186.728,1779033599999,848028.60363,1129,132.609,602254.81906,0
1779033600000,4541.50,4541.88,4540.51,4541.74,189.141,1779034499999,858960.33002,1019,68.051,309050.70505,0
1779034500000,4541.74,4541.75,4540.00,4540.00,259.009,1779035399999,1176110.30880,931,55.701,252931.00072,0
1779035400000,4540.00,4542.10,4540.00,4542.10,154.932,1779036299999,703583.19582,717,127.117,577270.10488,0
1779036300000,4542.09,4542.67,4540.00,4540.73,250.124,1779037199999,1135852.09751,829,133.144,604625.92318,0
1779037200000,4540.73,4540.74,4536.36,4536.36,315.895,1779038099999,1433797.33929,1449,68.384,310324.16814,0
1779038100000,4536.37,4538.00,4536.35,4537.01,146.091,1779038999999,662858.95104,673,54.063,245304.64482,0
1779039000000,4537.00,4537.98,4537.00,4537.98,83.132,1779039899999,377201.33861,434,46.246,209841.09488,0
1779039900000,4537.97,4538.00,4537.97,4538.00,47.522,1779040799999,215654.31529,311,19.831,89992.94254,0
1779040800000,4537.99,4538.00,4535.70,4536.24,275.423,1779041699999,1249451.05618,827,84.822,384747.66366,0
1779041700000,4536.25,4537.37,4535.83,4537.10,181.082,1779042599999,821463.42248,743,114.125,517722.10915,0
1779042600000,4537.10,4538.00,4536.87,4538.00,54.489,1779043499999,247257.33172,611,41.050,186275.41771,0
1779043500000,4537.99,4538.57,4537.84,4538.24,119.281,1779044399999,541315.53434,636,76.230,345939.34411,0
1779044400000,4538.23,4539.31,4535.02,4535.74,341.344,1779045299999,1548593.38786,1841,138.283,627338.26498,0
1779045300000,4535.74,4536.79,4535.10,4535.31,497.337,1779046199999,2255771.65635,1299,136.959,621209.50544,0
1779046200000,4535.30,4535.60,4532.68,4534.16,725.316,1779047099999,3288799.81505,1634,248.952,1128784.57641,0
1779047100000,4534.16,4534.84,4533.76,4534.06,84.149,1779047999999,381549.33173,650,32.384,146834.40404,0
1779048000000,4534.06,4534.13,4533.89,4533.95,166.198,1779048899999,753540.48893,534,57.348,260012.47635,0
1779048900000,4533.95,4534.13,4533.94,4534.12,46.671,1779049799999,211607.90329,258,36.100,163678.69781,0
1779049800000,4534.12,4534.13,4534.12,4534.13,85.051,1779050699999,385631.71636,514,27.624,125250.80712,0
1779050700000,4534.12,4535.00,4530.02,4530.03,497.817,1779051599999,2256678.97344,1172,146.924,666178.99495,0
1779051600000,4530.26,4536.00,4530.12,4535.77,630.714,1779052499999,2859372.35929,2168,381.193,1728171.85033,0
1779052500000,4535.77,4537.78,4535.77,4537.78,309.610,1779053399999,1404593.69315,1280,241.693,1096456.74238,0
1779053400000,4537.78,4545.02,4537.71,4542.24,887.973,1779054299999,4033040.91452,2895,669.529,3040676.59268,0
1779054300000,4542.24,4543.43,4536.28,4537.31,644.181,1779055199999,2924020.93101,3031,149.043,676441.60575,0
1779055200000,4537.30,4557.83,4533.34,4552.52,10784.613,1779056099999,49031998.68717,14858,5875.736,26713502.65138,0
1779056100000,4552.53,4553.22,4540.72,4544.47,2633.576,1779056999999,11976107.84457,5933,1326.280,6030957.23352,0
1779057000000,4544.47,4556.74,4544.47,4552.60,1672.897,1779057899999,7614141.41169,6035,910.135,4142396.54205,0
1779057900000,4552.59,4556.67,4547.25,4549.42,2416.876,1779058799999,11004146.54593,4642,1261.930,5745419.33568,0
1779058800000,4549.42,4550.80,4542.43,4544.08,1144.208,1779059699999,5201913.62576,5123,506.428,2302471.12662,0
1779059700000,4544.08,4546.63,4540.30,4540.90,1512.952,1779060599999,6874039.24570,5055,749.348,3404573.98145,0
1779060600000,4540.80,4544.39,4534.99,4541.91,3971.220,1779061499999,18024818.22183,7849,1679.743,7624908.04718,0
1779061500000,4541.91,4547.09,4534.61,4539.89,2474.222,1779062399999,11234410.62046,7333,1175.803,5338200.40832,0
1779062400000,4539.89,4545.11,4526.48,4528.67,5899.025,1779063299999,26739561.76863,15747,2519.915,11423195.43255,0
1779063300000,4528.67,4536.49,4516.35,4518.11,4533.973,1779064199999,20514132.88411,11601,1816.909,8223146.65422,0
1779064200000,4518.11,4521.16,4481.33,4482.51,20473.118,1779065099999,92043317.15039,31505,7828.643,35190961.81499,0
1779065100000,4482.51,4518.00,4481.34,4516.82,9586.471,1779065999999,43115139.87829,16721,5197.947,23381508.47739,0
1779066000000,4516.75,4517.22,4492.14,4497.79,9000.561,1779066899999,40523648.58204,21490,4711.894,21211473.57035,0
1779066900000,4497.79,4511.21,4495.32,4506.04,5112.615,1779067799999,23018300.66886,14446,2541.176,11439820.77333,0
1779067800000,4506.01,4515.54,4502.40,4514.39,4161.534,1779068699999,18767508.66678,11694,2148.090,9687725.56901,0
1779068700000,4514.38,4537.12,4513.04,4527.59,6816.899,1779069599999,30868719.28015,13102,3562.460,16129449.56174,0
1779069600000,4527.59,4540.52,4524.60,4538.40,3274.372,1779070499999,14841564.47534,9395,1686.171,7642954.14621,0
1779070500000,4538.41,4542.89,4534.11,4536.22,2225.761,1779071399999,10102794.89540,7149,1122.215,5093908.11509,0
1779071400000,4536.15,4542.49,4532.12,4537.71,2258.478,1779072299999,10247382.45748,6916,895.085,4060938.25502,0
1779072300000,4537.71,4543.92,4532.64,4535.38,2277.291,1779073199999,10332120.99858,6113,869.820,3946619.45230,0
1779073200000,4535.38,4537.79,4529.55,4531.89,1865.558,1779074099999,8457170.40335,5902,1050.101,4760522.75198,0
1779074100000,4531.90,4540.61,4531.03,4538.63,1274.520,1779074999999,5781118.23208,5526,814.274,3693641.39702,0
1779075000000,4538.63,4549.41,4528.30,4547.54,3282.434,1779075899999,14895704.04309,9632,1656.315,7517057.96646,0
1779075900000,4547.54,4549.54,4542.02,4544.10,2098.058,1779076799999,9536624.34204,6895,1279.456,5815584.48094,0
1779076800000,4544.09,4551.70,4543.87,4546.63,2442.460,1779077699999,11108005.87035,6317,1216.804,5534071.93459,0
1779077700000,4546.64,4549.09,4533.21,4535.80,2589.218,1779078599999,11761403.33591,6713,909.949,4132478.40669,0
1779078600000,4535.77,4546.46,4535.41,4544.27,1241.192,1779079499999,5638440.35273,4874,705.304,3203663.25997,0
1779079500000,4544.28,4547.59,4539.12,4543.28,2465.790,1779080399999,11200507.78711,5506,1370.143,6222784.59850,0
1779080400000,4543.28,4545.11,4536.01,4540.92,1754.659,1779081299999,7964678.43812,6076,852.005,3867237.44566,0
1779081300000,4540.92,4552.81,4537.51,4551.68,3786.481,1779082199999,17219077.47028,8590,1829.750,8320176.89787,0
1779082200000,4551.68,4554.49,4541.70,4543.00,3021.321,1779083099999,13736301.43879,7738,1684.669,7659391.56172,0
1779083100000,4543.00,4545.75,4533.59,4534.20,1908.202,1779083999999,8662984.72512,5816,889.811,4039912.15059,0
1779084000000,4534.20,4542.82,4533.10,4540.06,1959.944,1779084899999,8894711.37337,6796,1078.789,4895874.39620,0
1779084900000,4540.05,4549.97,4537.48,4540.52,2648.777,1779085799999,12034722.49600,6669,1171.208,5320900.66523,0
1779085800000,4540.77,4548.87,4537.59,4543.12,2270.784,1779086699999,10314434.10478,6321,1134.735,5153736.35958,0
1779086700000,4543.12,4549.96,4541.50,4549.49,2072.056,1779087599999,9422754.23294,4627,1307.153,5944168.33489,0
1779087600000,4549.49,4551.96,4545.01,4545.85,1890.321,1779088499999,8597906.23972,5020,915.830,4165471.31285,0
1779088500000,4545.91,4553.45,4541.60,4552.90,2308.985,1779089399999,10501740.41754,5790,1053.531,4792297.35112,0
1779089400000,4552.89,4562.18,4551.00,4551.96,4438.352,1779090299999,20226568.75724,9826,2420.234,11029707.57052,0
1779090300000,4551.82,4554.00,4543.51,4548.80,2629.913,1779091199999,11959194.46427,6107,1262.447,5740037.56036,0
1779091200000,4548.79,4551.61,4545.79,4549.53,1487.911,1779092099999,6768024.30334,4333,777.030,3534518.92449,0
1779092100000,4549.52,4553.83,4545.64,4550.40,1434.272,1779092999999,6526856.57007,4505,647.499,2946362.38882,0
1779093000000,4550.48,4555.79,4548.73,4551.30,1461.039,1779093899999,6651988.37527,4322,704.848,3209126.85430,0
1779093900000,4551.31,4559.29,4551.31,4553.67,1761.173,1779094799999,8024621.73130,4593,745.665,3397314.10465,0
1779094800000,4553.56,4554.77,4545.31,4549.16,2203.675,1779095699999,10023592.46472,5125,1304.689,5934061.32250,0
1779095700000,4549.17,4551.61,4547.20,4547.76,1162.877,1779096599999,5290440.76427,3790,453.897,2064942.53763,0
1779096600000,4547.73,4548.96,4543.53,4545.77,2572.510,1779097499999,11694115.11827,5815,1071.196,4869377.61816,0
1779097500000,4545.76,4547.21,4543.26,4545.80,671.036,1779098399999,3049823.05905,2505,379.724,1725802.75595,0
1779098400000,4545.75,4547.30,4539.34,4542.22,2783.868,1779099299999,12646486.92377,6104,1453.966,6605606.97402,0
1779099300000,4542.22,4544.87,4540.69,4542.89,1712.246,1779100199999,7777622.66935,4128,771.837,3506125.76493,0
1779100200000,4542.88,4545.94,4536.00,4545.93,3164.887,1779101099999,14370565.16090,5776,1695.109,7696461.79887,0
1779101100000,4545.93,4549.99,4539.15,4542.39,1926.333,1779101999999,8755698.55670,4859,901.283,4096712.38359,0
1779102000000,4542.39,4543.99,4533.30,4541.90,3464.681,1779102899999,15726203.77601,7136,1570.918,7130325.11490,0
1779102900000,4541.89,4542.55,4535.57,4538.65,1347.714,1779103799999,6118466.37145,4648,753.613,3421331.57174,0
1779103800000,4538.66,4569.74,4538.15,4564.81,10869.955,1779104699999,49534272.37982,18855,5196.965,23682343.23229,0
1779104700000,4564.82,4567.09,4553.34,4554.21,6721.952,1779105599999,30650950.70149,11880,2874.662,13107124.87640,0
1779105600000,4554.22,4560.00,4550.94,4556.96,3233.020,1779106499999,14729568.41571,7864,1830.189,8338464.65353,0
1779106500000,4556.97,4558.82,4549.09,4553.82,3656.055,1779107399999,16651031.88361,8397,2151.654,9799930.38134,0
1779107400000,4553.82,4573.79,4553.45,4573.46,6153.165,1779108299999,28088108.24578,14033,3668.410,16745228.35185,0
1779108300000,4573.46,4577.45,4565.91,4574.17,5202.067,1779109199999,23785869.20150,12152,2504.823,11453606.67850,0
1779109200000,4574.17,4579.89,4564.38,4570.69,6620.009,1779110099999,30259151.93010,14726,2847.216,13015384.86574,0
1779110100000,4570.68,4579.18,4567.20,4574.21,2613.618,1779110999999,11954392.67722,7318,1179.677,5395746.45702,0
1779111000000,4574.22,4582.45,4565.76,4568.86,8816.435,1779111899999,40321492.69906,15206,3659.628,16740038.08128,0
1779111900000,4568.86,4586.53,4566.65,4578.65,5477.654,1779112799999,25085420.19578,12942,2952.646,13520253.49613,0
1779112800000,4578.65,4578.65,4562.88,4567.33,6243.533,1779113699999,28526443.84999,14342,3168.017,14473438.60319,0
1779113700000,4567.33,4571.80,4558.21,4564.24,4496.679,1779114599999,20518515.95543,10526,2408.214,10988134.16811,0
1779114600000,4564.28,4565.56,4542.10,4549.74,6215.024,1779115499999,28280746.78275,15976,2581.018,11743694.06435,0
1779115500000,4549.75,4550.62,4541.25,4549.49,2353.009,1779116399999,10695768.79899,9092,1231.138,5596332.19459,0
1779116400000,4549.44,4550.92,4535.37,4543.81,5594.880,1779117299999,25409922.61134,15553,2754.117,12508664.03424,0
1779117300000,4543.80,4545.30,4537.83,4538.17,3784.111,1779118199999,17184640.46873,8334,1736.554,7886591.87458,0
1779118200000,4538.16,4547.06,4537.14,4541.93,2558.805,1779119099999,11624482.19009,6747,1599.857,7268293.91446,0
1779119100000,4541.94,4549.64,4541.43,4546.62,1670.656,1779119999999,7594828.71988,6340,983.085,4468615.38465,0
1779120000000,4546.63,4551.89,4543.47,4551.47,2064.677,1779120899999,9387501.11595,5723,1029.537,4681365.92305,0
1779120900000,4551.47,4553.80,4538.00,4541.08,6212.449,1779121799999,28254483.14779,10343,3200.555,14557796.50948,0
1779121800000,4541.08,4548.18,4538.66,4546.36,1855.348,1779122699999,8429784.85060,7148,1057.428,4804868.61526,0
1779122700000,4546.25,4557.85,4546.17,4553.51,2236.028,1779123599999,10182193.53138,6251,1202.754,5476687.01188,0
1779123600000,4553.51,4561.04,4551.31,4556.47,1731.656,1779124499999,7893268.39407,5996,750.278,3419812.43801,0
1779124500000,4556.48,4559.67,4555.24,4556.99,1070.911,1779125399999,4880277.32951,4179,449.167,2046908.83011,0
1779125400000,4557.00,4557.28,4550.37,4551.70,886.862,1779126299999,4037607.99815,4520,403.642,1837524.37296,0
1779126300000,4551.69,4552.54,4549.16,4550.26,931.909,1779127199999,4241194.19071,3494,378.002,1720333.16654,0
1779127200000,4550.26,4550.90,4547.10,4548.28,786.628,1779128099999,3578112.81253,3655,327.778,1490952.34696,0
1779128100000,4548.28,4548.29,4539.52,4545.05,1558.771,1779128999999,7082300.92147,6142,667.345,3032170.29168,0
1779129000000,4545.05,4546.99,4542.72,4544.76,722.158,1779129899999,3281902.36347,3628,423.274,1923661.19478,0
1779129900000,4544.80,4546.39,4537.91,4539.38,1119.369,1779130799999,5084071.10754,4633,444.395,2018476.19268,0
1779130800000,4539.38,4567.90,4539.01,4557.19,11270.751,1779131699999,51364154.54968,19261,5778.870,26332751.09507,0
1779131700000,4557.23,4559.00,4550.00,4554.85,2830.499,1779132599999,12894390.09421,7474,1417.004,6455378.48994,0
1779132600000,4554.84,4564.03,4553.56,4561.39,1705.526,1779133499999,7778340.40722,5837,758.118,3457507.60482,0
1779133500000,4561.39,4566.17,4560.40,4561.70,1799.655,1779134399999,8213362.29505,5311,773.041,3527943.25974,0
1779134400000,4561.70,4567.05,4561.20,4566.88,990.226,1779135299999,4519111.54056,3675,604.820,2760286.07271,0
1779135300000,4566.79,4570.81,4566.78,4567.85,1207.016,1779136199999,5514640.57990,3731,784.279,3583219.75103,0
1779136200000,4567.86,4568.95,4566.14,4568.69,863.300,1779137099999,3942929.41420,2502,474.719,2168160.34888,0
1779137100000,4568.69,4571.25,4567.00,4571.24,796.284,1779137999999,3638360.43382,2922,550.015,2513104.92912,0
1779138000000,4571.24,4573.00,4571.00,4571.78,549.094,1779138899999,2510428.98955,2193,321.575,1470215.13040,0
1779138900000,4571.78,4572.36,4570.39,4570.82,193.296,1779139799999,883632.00732,1077,45.215,206695.73488,0
1779139800000,4570.82,4572.00,4570.44,4571.56,197.581,1779140699999,903197.16843,1124,109.621,501099.47062,0
1779140700000,4571.53,4571.53,4569.55,4569.55,57.016,1779141599999,260564.81790,594,12.983,59332.29053,0
1779141600000,4569.55,4576.38,4569.55,4575.85,2012.036,1779142499999,9201694.62778,4434,1157.032,5291720.71005,0
1779142500000,4575.85,4577.24,4573.60,4575.07,999.456,1779143399999,4573063.19507,2483,373.027,1706736.69414,0
1779143400000,4575.07,4580.90,4574.72,4579.45,2448.417,1779144299999,11208206.16200,3055,1607.390,7357971.27991,0
1779144300000,4579.44,4579.70,4576.12,4577.19,503.341,1779145199999,2304060.41400,1510,194.645,891021.67085,0
1779145200000,4577.19,4588.93,4577.19,4587.65,3153.295,1779146099999,14456490.45493,4889,2120.990,9723475.57763,0
1779146100000,4587.65,4590.94,4585.66,4587.75,1329.943,1779146999999,6102136.68960,3565,502.642,2306332.97463,0
1779147000000,4587.75,4589.55,4585.04,4587.88,1120.409,1779147899999,5140059.37563,2672,337.734,1549320.39239,0
1779147900000,4587.88,4588.78,4582.00,4584.42,1212.484,1779148799999,5558757.31317,3048,265.755,1218354.46332,0
1779148800000,4584.38,4591.71,4579.89,4581.84,1911.657,1779149699999,8766888.59177,7854,845.499,3877428.03442,0
1779149700000,4581.85,4588.46,4571.60,4576.10,2248.662,1779150599999,10298081.48411,7582,982.171,4499057.64694,0
1779150600000,4576.11,4578.33,4570.55,4573.34,1346.036,1779151499999,6159033.78195,4600,598.175,2737065.39267,0
1779151500000,4573.34,4575.00,4564.43,4566.19,1605.759,1779152399999,7337780.13546,4999,875.349,4000409.32014,0
1779152400000,4566.09,4571.81,4561.47,4568.52,2879.907,1779153299999,13152140.34395,9590,1693.799,7735202.29342,0
1779153300000,4568.52,4570.99,4558.00,4562.47,2655.125,1779154199999,12111893.20067,6141,1191.576,5435047.54142,0
1779154200000,4562.51,4575.31,4558.25,4573.99,1682.979,1779155099999,7686553.45408,6051,959.714,4384001.62233,0
1779155100000,4573.99,4574.91,4564.89,4566.32,1954.695,1779155999999,8931563.91938,5347,801.007,3660206.42901,0
1779156000000,4566.31,4566.31,4556.64,4557.79,1821.654,1779156899999,8307184.70999,6432,839.965,3830095.10315,0
1779156900000,4557.79,4564.57,4555.06,4562.59,1377.354,1779157799999,6280076.48660,4961,833.551,3800535.62574,0
1779157800000,4562.58,4562.58,4553.99,4559.17,2304.487,1779158699999,10504263.79706,6074,1180.386,5380529.34482,0
1779158700000,4559.13,4560.71,4549.09,4550.99,2473.060,1779159599999,11260019.36198,5294,1071.156,4877092.41281,0
1779159600000,4550.98,4555.59,4547.11,4554.33,2588.348,1779160499999,11779763.77458,5583,1490.626,6784166.31493,0
1779160500000,4554.32,4555.51,4549.84,4552.35,1398.335,1779161399999,6366750.88880,3550,497.502,2264971.86292,0
1779161400000,4552.34,4558.07,4550.70,4551.36,1636.794,1779162299999,7454915.93346,4369,1036.260,4719310.29207,0
1779162300000,4551.36,4552.37,4547.10,4548.54,2072.814,1779163199999,9430181.81446,4662,853.066,3880967.19074,0
1779163200000,4548.55,4548.94,4542.69,4543.77,1667.240,1779164099999,7579562.38969,5165,883.686,4017489.65085,0
1779164100000,4543.76,4546.56,4542.33,4543.77,1211.290,1779164999999,5504422.77361,3628,821.025,3731006.18774,0
1779165000000,4543.77,4545.77,4541.94,4543.77,890.134,1779165899999,4044885.63728,2566,534.531,2429032.44309,0
1779165900000,4543.78,4547.39,4543.78,4545.98,930.579,1779166799999,4230147.15853,2265,623.223,2832938.59022,0
1779166800000,4545.99,4550.00,4544.60,4547.92,1126.023,1779167699999,5120797.09493,3171,658.598,2995075.54267,0
1779167700000,4547.91,4548.18,4533.76,4541.57,5101.559,1779168599999,23164580.26179,8324,1827.007,8295197.51936,0
1779168600000,4541.54,4546.25,4536.19,4540.70,4664.971,1779169499999,21188532.03678,8192,1963.558,8917605.76632,0
1779169500000,4540.70,4546.36,4536.46,4544.23,3892.674,1779170399999,17676873.17563,8155,1703.314,7735624.77078,0
1779170400000,4544.10,4548.60,4536.75,4545.18,2440.155,1779171299999,11083294.09260,7196,1429.210,6491517.32432,0
1779171300000,4545.18,4556.00,4544.44,4550.81,2701.476,1779172199999,12295644.17548,7090,1388.666,6320422.53466,0
1779172200000,4550.80,4554.95,4548.62,4554.63,1550.457,1779173099999,7057435.56950,5185,1023.228,4657594.18696,0
1779173100000,4554.63,4554.96,4546.78,4550.57,1293.925,1779173999999,5886578.07585,3797,573.728,2610091.83571,0
1779174000000,4550.57,4557.49,4547.17,4551.76,2010.047,1779174899999,9150177.73911,5991,940.021,4278963.18799,0
1779174900000,4551.76,4553.25,4546.83,4551.12,1375.942,1779175799999,6260050.96129,3441,739.518,3364624.89326,0
1779175800000,4551.11,4552.20,4545.33,4545.79,1663.085,1779176699999,7562890.05741,4326,920.709,4186818.93645,0
1779176700000,4545.79,4561.65,4545.64,4560.13,4483.952,1779177599999,20432885.78265,7141,2458.037,11200762.85273,0
1779177600000,4560.13,4561.89,4546.03,4549.33,3717.122,1779178499999,16919804.36491,6961,1729.630,7873345.10364,0
1779178500000,4549.33,4550.55,4540.36,4542.09,2528.660,1779179399999,11494152.60588,6056,1156.836,5257943.02335,0
1779179400000,4542.08,4547.55,4541.21,4546.54,933.552,1779180299999,4242576.01080,3059,578.453,2628620.83149,0
1779180300000,4546.54,4550.98,4542.21,4546.04,1611.477,1779181199999,7327661.14456,4490,757.324,3443512.47507,0
1779181200000,4545.99,4545.99,4540.34,4542.72,1442.810,1779182099999,6554478.84930,4607,665.149,3021589.06260,0
1779182100000,4542.71,4549.43,4539.16,4543.52,2311.898,1779182999999,10506688.41751,5940,849.834,3862902.82332,0
1779183000000,4543.66,4545.97,4539.72,4543.10,2668.099,1779183899999,12119584.10797,5815,1454.792,6608041.39767,0
1779183900000,4543.10,4547.99,4541.54,4545.28,1649.495,1779184799999,7497005.50166,3781,925.477,4206505.40808,0
1779184800000,4545.29,4545.38,4539.75,4544.53,1843.510,1779185699999,8375106.41023,4839,1020.617,4636743.75992,0
1779185700000,4544.53,4544.73,4541.46,4542.49,1005.973,1779186599999,4569967.39335,2389,397.898,1807641.19911,0
1779186600000,4542.48,4545.53,4528.07,4532.58,4421.372,1779187499999,20061042.21010,10126,1552.137,7043884.12474,0
1779187500000,4532.58,4547.34,4531.40,4547.34,4294.456,1779188399999,19488651.64385,10518,2541.280,11532906.47767,0
1779188400000,4547.34,4550.22,4540.10,4540.63,2653.568,1779189299999,12061281.81438,6904,1142.507,5192886.47379,0
1779189300000,4540.66,4545.74,4539.80,4542.48,1184.677,1779190199999,5381119.42963,4219,595.401,2704483.05280,0
1779190200000,4542.48,4545.76,4540.33,4544.90,1233.867,1779191099999,5605067.89463,3734,676.520,3073339.05763,0
1779191100000,4544.89,4544.95,4533.90,4534.35,1854.570,1779191999999,8417062.09475,5299,855.811,3884127.92414,0
1779192000000,4534.50,4549.23,4531.50,4545.32,2983.045,1779192899999,13547312.43179,7730,1599.308,7262519.68849,0
1779192900000,4545.32,4547.33,4541.01,4546.32,2033.776,1779193799999,9242685.53506,5758,930.180,4227314.37481,0
1779193800000,4546.30,4549.97,4540.64,4540.78,2376.696,1779194699999,10806358.69744,6387,933.799,4245574.69997,0
1779194700000,4540.79,4544.72,4539.56,4541.09,1425.649,1779195599999,6475917.41989,4269,889.790,4041810.73689,0
1779195600000,4541.08,4541.08,4519.26,4528.73,9717.833,1779196499999,44007378.19266,19197,4596.940,20818242.44122,0
1779196500000,4528.88,4530.57,4496.78,4497.79,13071.139,1779197399999,58961090.26033,23904,6592.480,29735338.29881,0
1779197400000,4497.80,4501.00,4469.25,4481.83,29230.504,1779198299999,131055798.01368,46309,14710.101,65953025.27115,0
1779198300000,4481.84,4513.99,4479.22,4507.57,15694.962,1779199199999,70626082.07651,23386,7603.278,34205005.96294,0
1779199200000,4507.56,4517.06,4495.63,4496.27,12551.932,1779200099999,56544646.10262,20749,5509.831,24823540.79341,0
1779200100000,4496.27,4504.06,4488.23,4493.17,7199.528,1779200999999,32357435.88890,15199,3235.879,14544644.83751,0
1779201000000,4493.18,4501.96,4491.41,4497.95,6608.985,1779201899999,29719082.95509,13062,3811.067,17136986.33219,0
1779201900000,4497.94,4499.98,4490.10,4497.43,3658.895,1779202799999,16446172.28440,9872,1808.845,8130439.55464,0
1779202800000,4497.44,4503.13,4493.64,4502.31,3591.832,1779203699999,16162287.30035,9470,1783.317,8024202.93659,0
1779203700000,4502.25,4507.88,4498.01,4501.89,2564.936,1779204599999,11548901.72473,8286,1386.362,6242273.28702,0
1779204600000,4501.87,4509.93,4501.25,4504.94,3250.247,1779205499999,14647915.91755,8405,1468.888,6619949.59570,0
1779205500000,4504.95,4512.00,4503.21,4511.01,1947.844,1779206399999,8779661.64441,5633,931.066,4196918.56991,0
1779206400000,4511.01,4513.56,4500.22,4504.89,2647.282,1779207299999,11933994.13125,7270,1242.418,5601397.81885,0
1779207300000,4504.89,4514.51,4502.85,4512.16,1406.571,1779208199999,6342473.19731,4815,613.993,2768653.07823,0
1779208200000,4512.38,4516.12,4509.54,4510.00,1507.137,1779209099999,6801327.50145,5027,767.298,3462536.74136,0
1779209100000,4509.99,4512.53,4508.23,4511.26,880.753,1779209999999,3972080.66575,3198,416.722,1879354.08819,0
1779210000000,4511.26,4514.07,4509.43,4513.72,887.499,1779210899999,4003665.30248,3884,320.212,1444513.81276,0
1779210900000,4513.72,4514.18,4507.38,4510.60,1021.595,1779211799999,4608047.85171,3895,369.526,1666780.26508,0
1779211800000,4510.61,4511.57,4506.39,4508.00,949.653,1779212699999,4281432.95144,4258,378.008,1704218.21753,0
1779212700000,4508.00,4508.06,4502.72,4504.53,1045.629,1779213599999,4710162.21494,3237,403.187,1816020.66209,0
1779213600000,4504.53,4507.75,4503.67,4505.64,990.859,1779214499999,4464871.03595,2677,458.082,2064012.87597,0
1779214500000,4505.65,4506.45,4500.00,4500.01,1298.018,1779215399999,5843770.39575,3912,601.261,2707030.15125,0
1779215400000,4500.01,4504.48,4497.68,4502.66,912.333,1779216299999,4106149.33201,3553,402.652,1812318.53185,0
1779216300000,4502.71,4503.65,4494.76,4497.66,973.112,1779217199999,4377930.14228,3549,535.371,2408408.26397,0
1779217200000,4497.62,4500.98,4497.45,4500.30,764.871,1779218099999,3441466.83530,3025,443.839,1997034.65323,0
1779218100000,4500.31,4500.43,4490.00,4491.27,1361.964,1779218999999,6120256.31620,4052,532.255,2391629.02255,0
1779219000000,4491.28,4493.84,4489.50,4491.58,1605.597,1779219899999,7211140.42911,3649,711.753,3196671.65957,0
1779219900000,4491.57,4491.98,4485.19,4486.90,1136.826,1779220799999,5102244.67120,3576,571.424,2564548.42607,0
1779220800000,4486.99,4491.19,4485.06,4489.98,961.024,1779221699999,4313006.35091,2858,514.958,2311057.78902,0
1779221700000,4489.97,4491.85,4488.07,4490.40,335.687,1779222599999,1507304.11989,1742,199.527,895898.27387,0
1779222600000,4490.39,4490.40,4486.40,4488.01,562.190,1779223499999,2523102.20350,1948,299.191,1342715.49698,0
1779223500000,4488.01,4488.39,4486.19,4486.58,624.294,1779224399999,2801425.29343,1734,280.025,1256505.35239,0
1779224400000,4486.58,4489.12,4486.57,4488.67,332.254,1779225299999,1491049.16010,875,257.495,1155557.43143,0
1779225300000,4488.66,4490.88,4488.66,4490.88,187.753,1779226199999,842887.41471,706,131.317,589536.54181,0
1779226200000,4490.87,4495.96,4490.87,4494.55,360.104,1779227099999,1617871.11645,1476,260.388,1169820.88213,0
1779227100000,4494.55,4494.55,4490.55,4490.56,178.888,1779227999999,803624.90035,810,52.406,235415.98721,0
1779228000000,4490.56,4490.56,4486.00,4486.42,1480.538,1779228899999,6644577.60892,4053,860.258,3860671.39119,0
1779228900000,4486.42,4486.42,4481.89,4482.72,1006.450,1779229799999,4512214.59583,2927,377.797,1693720.30400,0
1779229800000,4482.72,4488.28,4480.70,4485.22,1909.444,1779230699999,8564639.78546,4826,950.460,4262954.33873,0
1779230700000,4485.21,4487.82,4483.01,4487.81,817.484,1779231599999,3666635.18989,3127,483.581,2169007.64444,0
1779231600000,4487.80,4489.48,4484.17,4489.24,1006.109,1779232499999,4513750.96532,3807,552.872,2480382.40356,0
1779232500000,4489.28,4492.07,4486.25,4489.78,822.353,1779233399999,3692186.82090,2950,460.833,2069070.01967,0
1779233400000,4489.77,4499.00,4489.73,4495.67,1498.290,1779234299999,6735101.59769,4810,770.167,3461589.23851,0
1779234300000,4495.67,4498.00,4491.51,4492.64,1819.419,1779235199999,8179152.67545,4425,1025.165,4608464.30366,0
1779235200000,4492.64,4493.60,4483.64,4491.75,2360.170,1779236099999,10595131.34982,9008,1219.827,5475812.76890,0
1779236100000,4491.75,4505.34,4485.03,4505.14,2753.892,1779236999999,12375606.59760,10899,1456.803,6546887.36860,0
1779237000000,4505.14,4510.37,4503.01,4508.29,3038.656,1779237899999,13694780.08311,9699,1370.995,6178859.54624,0
1779237900000,4508.15,4512.00,4501.58,4504.17,2331.463,1779238799999,10506971.17204,6147,951.650,4289084.78338,0
1779238800000,4504.27,4509.34,4492.11,4496.36,3580.409,1779239699999,16106572.47577,11696,1783.442,8022998.78536,0
1779239700000,4496.35,4499.97,4476.49,4477.20,4217.230,1779240599999,18917878.58022,10039,2005.284,8995420.83916,0
1779240600000,4477.20,4481.56,4458.23,4470.77,9603.451,1779241499999,42916656.82715,20458,4497.730,20104120.05098,0
1779241500000,4470.77,4491.20,4467.54,4484.20,4888.472,1779242399999,21904769.14177,13085,2406.213,10780705.28272,0
1779242400000,4484.16,4489.77,4479.34,4484.25,2405.955,1779243299999,10789693.86045,6690,1190.633,5339946.53853,0
1779243300000,4484.25,4489.76,4480.55,4485.29,1456.348,1779244199999,6532085.25193,5575,758.634,3402482.19977,0
1779244200000,4485.23,4486.99,4464.08,4464.46,4890.964,1779245099999,21872062.26123,11493,2507.671,11213294.27252,0
1779245100000,4464.46,4468.99,4462.32,4468.12,3406.766,1779245999999,15215214.95771,8051,2244.758,10025343.65885,0
1779246000000,4468.11,4470.19,4457.27,4461.60,5225.757,1779246899999,23315314.50164,10600,3122.772,13932068.88421,0
1779246900000,4461.60,4467.64,4460.96,4464.59,1539.704,1779247799999,6874922.15720,4672,799.114,3567979.14760,0
1779247800000,4464.59,4469.33,4461.45,4463.91,2528.589,1779248699999,11293534.49248,6158,1326.449,5924225.22607,0
1779248700000,4463.92,4468.00,4462.00,4466.89,1001.711,1779249599999,4471996.47546,3787,658.490,2939674.75862,0
1779249600000,4466.88,4472.86,4466.43,4472.45,1746.388,1779250499999,7807963.36122,4894,809.103,3617304.22211,0
1779250500000,4472.45,4473.95,4465.32,4468.15,2839.417,1779251399999,12687816.58326,4705,1099.483,4912869.70937,0
1779251400000,4468.17,4469.13,4463.58,4465.50,3043.392,1779252299999,13593486.34667,4559,1089.373,4865830.76954,0
1779252300000,4465.49,4465.92,4460.12,4464.86,3629.528,1779253199999,16198497.92637,5073,1423.548,6352992.28070,0
1779253200000,4464.85,4476.32,4464.74,4472.76,3126.656,1779254099999,13983969.55536,5731,1634.747,7311033.40788,0
1779254100000,4472.75,4478.65,4470.79,4472.29,2217.276,1779254999999,9921286.40530,5556,1299.365,5814317.45592,0
1779255000000,4472.29,4482.16,4472.06,4475.24,3760.964,1779255899999,16844473.61599,7628,1580.343,7077747.82749,0
1779255900000,4475.25,4477.40,4467.31,4475.49,2138.865,1779256799999,9565249.66219,5804,861.632,3853046.13353,0
1779256800000,4475.67,4479.97,4471.12,4475.31,1683.344,1779257699999,7533030.18797,6033,811.048,3629360.75186,0
1779257700000,4475.33,4480.90,4472.14,4475.01,3444.771,1779258599999,15421151.96673,7518,2167.869,9704706.68263,0
1779258600000,4475.01,4475.34,4465.66,4470.51,2372.645,1779259499999,10605352.05955,6186,1328.623,5938435.08489,0
1779259500000,4470.51,4481.94,4469.01,4477.92,3841.689,1779260399999,17200143.44979,6917,2330.946,10435226.32454,0
1779260400000,4477.89,4487.73,4475.68,4483.61,3959.498,1779261299999,17748423.59680,7633,1996.731,8949808.81732,0
1779261300000,4483.61,4486.12,4479.42,4485.09,1813.478,1779262199999,8130042.34776,4977,660.578,2961299.03508,0
1779262200000,4485.09,4488.44,4479.21,4484.37,2798.296,1779263099999,12546627.14641,6439,1301.765,5837242.78777,0
1779263100000,4484.34,4484.77,4478.42,4481.02,1810.485,1779263999999,8113777.75466,4415,827.730,3708881.51228,0
1779264000000,4481.03,4486.74,4479.62,4484.96,2511.598,1779264899999,11258793.79950,6202,979.624,4391351.73229,0
1779264900000,4484.96,4488.68,4481.51,4488.68,2657.895,1779265799999,11920929.57966,5696,1238.078,5552449.86743,0
1779265800000,4488.78,4491.96,4480.72,4482.75,2289.811,1779266699999,10271482.53421,5576,1357.002,6086729.02720,0
1779266700000,4482.74,4492.73,4482.60,4487.05,2599.225,1779267599999,11665694.94683,6147,1362.398,6114430.30549,0
1779267600000,4487.05,4489.44,4483.28,4483.66,2097.118,1779268499999,9408282.04975,5116,1135.565,5094391.75446,0
1779268500000,4483.65,4487.00,4476.38,4477.55,2687.278,1779269399999,12043917.20425,5840,1221.208,5474110.78421,0
1779269400000,4477.55,4487.46,4476.19,4486.07,2673.137,1779270299999,11981113.76064,5972,1355.236,6074134.74355,0
1779270300000,4486.06,4493.53,4484.58,4487.52,2267.769,1779271199999,10180148.85079,5339,1116.994,5014426.68557,0
1779271200000,4487.52,4494.68,4487.39,4490.97,1788.067,1779272099999,8031503.23852,4555,1033.893,4643971.80773,0
1779272100000,4490.97,4495.44,4490.32,4491.64,1449.173,1779272999999,6511484.80268,4291,718.718,3229339.00927,0
1779273000000,4491.64,4499.93,4491.52,4497.01,2583.524,1779273899999,11619446.49228,5312,1164.810,5238243.31603,0
1779273900000,4496.95,4498.23,4493.10,4497.57,2124.637,1779274799999,9552189.65754,4658,866.905,3897510.01099,0
1779274800000,4497.57,4499.36,4495.22,4495.92,1976.798,1779275699999,8890425.03838,4090,672.097,3022793.27550,0
1779275700000,4495.92,4503.49,4493.76,4502.53,2281.247,1779276599999,10263441.66059,5462,1206.335,5427966.46729,0
1779276600000,4502.52,4502.97,4496.25,4498.44,3129.906,1779277499999,14083668.44853,4920,1026.079,4616781.32531,0
1779277500000,4498.43,4501.50,4493.68,4501.49,2580.789,1779278399999,11607811.92285,5853,1073.791,4829402.70312,0
1779278400000,4501.49,4503.08,4498.14,4498.83,1939.369,1779279299999,8728984.51724,4434,972.611,4377619.85754,0
1779279300000,4498.83,4502.02,4496.31,4501.99,1877.086,1779280199999,8445165.55577,4597,922.797,4151892.74767,0
1779280200000,4501.98,4506.92,4501.14,4505.10,3620.910,1779281099999,16310242.17106,6559,2003.461,9024099.30556,0
1779281100000,4505.11,4507.38,4497.35,4499.37,3373.276,1779281999999,15188017.83983,5611,1679.431,7561597.09076,0
1779282000000,4499.36,4508.40,4497.49,4507.47,3611.447,1779282899999,16257865.45094,9671,1935.679,8713877.42544,0
1779282900000,4507.48,4507.64,4491.89,4491.89,3636.605,1779283799999,16360696.64446,8082,1268.170,5705160.03176,0
1779283800000,4491.90,4495.95,4485.96,4492.33,5943.011,1779284699999,26686482.64890,12693,2793.463,12544402.07030,0
1779284700000,4492.32,4494.98,4485.32,4486.48,4326.050,1779285599999,19426518.54501,8232,1984.465,8911771.00752,0
1779285600000,4486.48,4488.68,4471.01,4479.86,7330.938,1779286499999,32841000.85036,13745,3564.489,15967573.69106,0
1779286500000,4479.87,4512.73,4479.67,4509.28,18897.272,1779287399999,85067754.13991,31035,9485.902,42699370.74776,0
1779287400000,4509.27,4529.89,4509.27,4522.67,15654.327,1779288299999,70795413.55925,24473,7234.218,32709265.64236,0
1779288300000,4522.68,4538.53,4518.85,4533.42,8817.530,1779289199999,39952999.04526,14760,3783.004,17137513.58961,0
1779289200000,4533.42,4537.79,4525.16,4526.31,5691.966,1779290099999,25788785.49357,10166,2181.380,9883968.73857,0
1779290100000,4526.32,4556.28,4526.32,4531.24,20087.677,1779290999999,91285665.73357,27071,9445.720,42926810.28208,0
1779291000000,4531.24,4541.27,4530.25,4538.48,3117.870,1779291899999,14146158.16277,7506,1567.343,7110175.87239,0
1779291900000,4538.49,4539.39,4529.22,4531.65,2037.704,1779292799999,9240835.32640,5602,762.472,3457790.81327,0
1779292800000,4531.43,4537.69,4531.36,4536.55,1547.013,1779293699999,7016051.03903,4449,851.881,3863318.17336,0
1779293700000,4536.55,4536.55,4527.44,4528.58,2641.088,1779294599999,11966474.11870,5740,1136.090,5146906.30610,0
1779294600000,4528.59,4536.00,4527.48,4535.96,1518.402,1779295499999,6879461.54786,5077,992.772,4498213.35752,0
1779295500000,4535.96,4538.00,4533.28,4537.25,1690.060,1779296399999,7665917.23068,4335,923.734,4190099.80752,0
1779296400000,4537.25,4541.57,4533.85,4537.13,2432.228,1779297299999,11036444.46330,5332,1595.272,7239031.57380,0
1779297300000,4537.13,4538.99,4533.87,4535.06,1699.114,1779298199999,7708372.22581,3942,812.509,3686149.29939,0
1779298200000,4535.07,4538.75,4533.03,4535.73,1912.515,1779299099999,8675472.46206,4592,645.096,2926461.68576,0
1779299100000,4535.73,4537.49,4533.00,4533.68,663.893,1779299999999,3010920.43659,1998,324.592,1472162.01642,0
1779300000000,4533.68,4536.70,4531.93,4535.52,1051.448,1779300899999,4767647.97714,3264,525.882,2384422.87080,0
1779300900000,4535.52,4538.33,4534.01,4536.93,1559.020,1779301799999,7072581.99069,3114,717.138,3253284.52235,0
1779301800000,4536.94,4545.75,4536.94,4539.48,1505.863,1779302699999,6840245.39265,4339,795.813,3614923.55760,0
1779302700000,4539.48,4547.00,4539.24,4545.02,635.482,1779303599999,2887481.61283,2770,410.192,1863916.00531,0
1779303600000,4545.03,4547.24,4544.13,4546.05,791.098,1779304499999,3596378.90991,2503,429.792,1953836.83684,0
1779304500000,4546.05,4547.80,4545.80,4547.18,654.419,1779305399999,2975457.40467,2312,273.074,1241578.19007,0
1779305400000,4547.18,4551.60,4547.18,4548.16,2101.282,1779306299999,9559383.16543,4180,1175.001,5345548.63775,0
1779306300000,4548.17,4551.04,4546.83,4548.19,1663.616,1779307199999,7567306.96686,3717,877.864,3993178.98536,0
1779307200000,4548.19,4553.00,4547.97,4549.27,1034.130,1779308099999,4705299.35597,2848,589.182,2681012.34954,0
1779308100000,4549.28,4550.58,4545.00,4547.98,1134.619,1779308999999,5159764.29652,3249,433.996,1973613.08827,0
1779309000000,4547.97,4548.21,4543.91,4544.64,549.066,1779309899999,2495895.42286,2092,197.490,897730.04913,0
1779309900000,4544.64,4546.90,4543.82,4545.97,472.588,1779310799999,2147905.28064,1324,204.301,928563.13735,0
1779310800000,4545.98,4547.86,4545.96,4546.32,214.533,1779311699999,975430.96216,880,112.422,511150.99812,0
1779311700000,4546.32,4546.92,4543.27,4543.57,311.209,1779312599999,1414509.98961,951,71.931,326929.63480,0
1779312600000,4543.57,4544.13,4543.14,4544.00,205.842,1779313499999,935237.10879,561,41.792,189882.12419,0
1779313500000,4544.00,4546.94,4544.00,4546.16,372.553,1779314399999,1693518.91955,989,282.621,1284694.30488,0
1779314400000,4546.16,4549.94,4540.85,4542.51,2330.578,1779315299999,10592859.51929,5243,943.413,4288234.37864,0
1779315300000,4542.51,4542.71,4536.36,4541.28,1527.207,1779316199999,6932561.98626,3658,687.426,3120736.23129,0
1779316200000,4541.29,4545.00,4541.05,4543.75,631.813,1779317099999,2870315.48892,2174,343.610,1560942.62572,0
1779317100000,4543.75,4546.46,4539.34,4542.27,1400.545,1779317999999,6362016.57827,3732,694.927,3156811.98851,0
1779318000000,4542.26,4544.72,4540.28,4541.78,650.476,1779318899999,2954918.69626,1797,275.151,1249871.59992,0
1779318900000,4541.77,4541.92,4537.21,4540.82,800.289,1779319799999,3632836.58437,2292,470.089,2133829.45479,0
1779319800000,4540.82,4546.36,4540.06,4544.66,837.805,1779320699999,3806803.50725,2388,423.911,1926066.68215,0
1779320700000,4544.67,4548.99,4543.56,4548.60,604.964,1779321599999,2750718.40906,2509,315.751,1435760.04566,0
1779321600000,4548.61,4550.35,4542.30,4546.86,1639.486,1779322499999,7452781.38930,5296,739.115,3359951.00362,0
1779322500000,4546.86,4554.88,4539.63,4546.08,2881.681,1779323399999,13098707.42039,7491,1256.887,5713841.67534,0
1779323400000,4545.94,4547.29,4542.32,4545.40,680.608,1779324299999,3093219.97398,2830,438.290,1991824.90916,0
1779324300000,4545.39,4550.48,4543.85,4547.50,952.667,1779325199999,4332784.03659,3088,593.846,2700776.60356,0
1779325200000,4547.49,4562.74,4542.67,4561.87,5275.817,1779326099999,24027516.90380,11306,3115.625,14190876.43872,0
1779326100000,4561.88,4568.46,4559.47,4568.30,3645.450,1779326999999,16640465.73331,7072,2100.470,9588356.81439,0
1779327000000,4568.33,4572.07,4563.90,4569.07,2902.097,1779327899999,13258062.79080,6667,1283.541,5863783.39395,0
1779327900000,4569.07,4569.62,4561.00,4562.60,1339.919,1779328799999,6116847.43044,4329,506.157,2310540.12756,0
1779328800000,4562.61,4566.03,4553.64,4554.01,2334.952,1779329699999,10644348.53705,5670,1121.534,5112620.38453,0
1779329700000,4554.02,4555.45,4542.67,4543.33,2778.483,1779330599999,12640611.00010,5735,1448.210,6588235.47710,0
1779330600000,4543.33,4545.08,4537.13,4539.47,4200.849,1779331499999,19075745.88532,7721,2119.405,9623944.79055,0
1779331500000,4539.47,4540.76,4535.16,4535.95,2566.627,1779332399999,11646292.66684,5214,1532.657,6954451.54120,0
1779332400000,4535.95,4541.79,4533.93,4540.91,2497.970,1779333299999,11334955.46288,4880,1401.004,6357612.82904,0
1779333300000,4540.86,4542.91,4536.37,4538.72,1401.916,1779334199999,6363151.30370,3277,788.504,3578719.97238,0
1779334200000,4538.71,4539.87,4534.01,4536.90,1218.708,1779335099999,5528469.26448,3220,568.565,2579320.61595,0
1779335100000,4536.91,4536.93,4529.50,4530.96,1919.152,1779335999999,8697291.63864,4388,681.087,3086492.84685,0
1779336000000,4530.73,4538.75,4529.81,4538.63,1369.578,1779336899999,6210795.41297,3445,872.329,3955850.79339,0
1779336900000,4538.62,4542.62,4537.56,4542.21,1373.307,1779337799999,6234097.80449,2558,829.854,3767195.85207,0
1779337800000,4542.20,4542.71,4536.10,4539.27,985.173,1779338699999,4472299.62497,2545,446.611,2027380.61408,0
1779338700000,4539.27,4541.77,4537.94,4541.08,525.958,1779339599999,2387746.22136,1718,289.935,1316287.37821,0
1779339600000,4541.00,4542.56,4532.40,4533.73,1372.008,1779340499999,6224941.58276,3335,746.498,3386621.58747,0
1779340500000,4533.72,4533.73,4525.00,4525.46,3350.621,1779341399999,15175146.58525,5556,1582.756,7168361.70207,0
1779341400000,4525.46,4529.55,4521.66,4528.59,2772.697,1779342299999,12551356.13339,6214,1577.563,7141011.64299,0
1779342300000,4528.59,4532.29,4520.63,4530.33,2378.589,1779343199999,10768992.22063,5709,1320.808,5980978.60500,0
1779343200000,4530.32,4537.94,4529.10,4534.04,2188.508,1779344099999,9924138.40342,5094,1166.847,5291001.32040,0
1779344100000,4534.03,4541.24,4530.90,4534.88,3547.540,1779344999999,16092725.46667,6725,1664.587,7551286.29615,0
1779345000000,4534.75,4536.35,4525.26,4526.93,1907.960,1779345899999,8644424.80698,5287,682.562,3092242.42106,0
1779345900000,4526.93,4527.99,4522.00,4524.55,2040.459,1779346799999,9232510.91304,4784,1013.523,4585684.38358,0
1779346800000,4524.31,4527.00,4521.05,4523.23,1327.872,1779347699999,6006692.09310,4883,690.008,3121327.56385,0
1779347700000,4523.22,4525.57,4515.01,4515.28,2429.714,1779348599999,10983725.32063,5923,1192.453,5391329.06419,0
1779348600000,4515.28,4519.91,4514.38,4518.82,1962.138,1779349499999,8864021.67753,4316,1332.053,6017617.55602,0
1779349500000,4518.82,4525.70,4516.75,4522.22,1823.837,1779350399999,8247501.20143,4217,980.491,4433444.61334,0
1779350400000,4522.22,4537.55,4520.97,4536.24,3304.119,1779351299999,14967943.32007,7156,1701.284,7706569.89515,0
1779351300000,4536.19,4538.49,4531.56,4537.61,2848.560,1779352199999,12918351.02091,6637,1241.646,5631267.82168,0
1779352200000,4537.58,4537.99,4528.53,4532.01,1819.008,1779353099999,8244419.86253,5669,743.679,3370540.87397,0
1779353100000,4532.01,4536.36,4530.91,4534.91,1251.268,1779353999999,5673170.33181,4184,719.082,3260175.43144,0
1779354000000,4534.91,4542.49,4533.84,4540.06,2147.672,1779354899999,9745713.75742,5698,1254.683,5693454.08421,0
1779354900000,4540.06,4544.63,4537.70,4539.32,1593.580,1779355799999,7237399.18915,4944,780.844,3546431.71414,0
1779355800000,4539.31,4545.00,4532.12,4532.26,2034.744,1779356699999,9233226.90092,5351,913.217,4144170.53456,0
1779356700000,4532.26,4535.23,4530.61,4532.76,806.323,1779357599999,3655365.44133,2558,463.443,2100982.81592,0
1779357600000,4532.76,4538.27,4532.76,4535.16,1054.577,1779358499999,4782919.76373,3680,617.024,2798386.26265,0
1779358500000,4535.14,4536.98,4514.30,4521.02,5255.436,1779359399999,23774192.04648,9604,2302.920,10415266.72583,0
1779359400000,4521.13,4521.31,4508.10,4519.98,8019.417,1779360299999,36202474.34494,14451,4212.146,19016501.18587,0
1779360300000,4519.98,4520.46,4513.40,4514.50,2333.783,1779361199999,10541621.80779,7135,1010.722,4565574.31933,0
1779361200000,4514.51,4521.81,4513.22,4519.23,1661.391,1779362099999,7506318.00224,5399,816.956,3691220.28834,0
1779362100000,4519.24,4523.59,4515.05,4516.49,2023.196,1779362999999,9144834.82228,5430,1052.525,4757793.63454,0
1779363000000,4516.49,4517.84,4510.80,4514.50,1789.202,1779363899999,8077562.33547,4530,691.067,3119626.42060,0
1779363900000,4514.49,4519.34,4513.11,4516.03,898.635,1779364799999,4058200.76526,3245,455.596,2057445.25428,0
1779364800000,4516.21,4521.33,4515.82,4516.82,1154.666,1779365699999,5217606.77369,4085,617.011,2788220.90479,0
1779365700000,4516.82,4516.93,4506.25,4509.68,2445.774,1779366599999,11030559.00408,6822,1137.111,5128607.26153,0
1779366600000,4509.68,4520.17,4508.03,4517.15,5463.118,1779367499999,24666019.29290,11695,2672.648,12067314.84455,0
1779367500000,4517.15,4520.11,4504.82,4506.80,3332.254,1779368399999,15029750.69353,7301,1506.540,6796088.44832,0
1779368400000,4506.79,4514.94,4501.79,4505.11,4198.390,1779369299999,18928409.14518,9854,2175.979,9810869.86968,0
1779369300000,4505.11,4507.75,4498.19,4503.25,5391.327,1779370199999,24274104.68134,10277,2991.619,13470017.54739,0
1779370200000,4503.26,4505.15,4492.09,4501.07,8114.227,1779371099999,36493659.69820,15027,4469.481,20100988.01987,0
1779371100000,4501.07,4522.91,4498.28,4515.65,10560.083,1779371999999,47657165.21603,17589,5294.784,23892793.15259,0
1779372000000,4515.72,4518.20,4505.28,4510.65,4826.388,1779372899999,21770086.15918,11043,2426.131,10943158.99838,0
1779372900000,4510.54,4511.29,4501.13,4509.96,2114.773,1779373799999,9528295.03516,8046,1117.761,5036158.80085,0
1779373800000,4510.00,4513.60,4504.71,4507.00,1685.262,1779374699999,7599721.70614,6186,735.781,3318454.21332,0
1779374700000,4507.00,4512.35,4504.86,4510.68,1684.930,1779375599999,7597470.18415,5930,879.731,3966558.73001,0
1779375600000,4510.69,4517.44,4500.00,4512.61,3977.667,1779376499999,17929573.30670,10266,2370.840,10688004.13713,0
1779376500000,4512.61,4514.12,4505.61,4506.51,1464.060,1779377399999,6602643.53544,5271,656.874,2962297.50110,0
1779377400000,4506.51,4511.81,4505.69,4509.00,1394.410,1779378299999,6288427.43044,4141,753.369,3397181.89612,0
1779378300000,4509.00,4514.89,4509.00,4513.91,2009.716,1779379199999,9068178.82389,3748,1150.826,5192679.17684,0
1779379200000,4513.92,4522.64,4513.92,4519.19,3445.110,1779380099999,15571289.78519,7543,1629.480,7364799.58619,0
1779380100000,4519.19,4520.44,4516.40,4518.43,1349.405,1779380999999,6097423.31064,3477,485.681,2194596.08657,0
1779381000000,4518.52,4521.15,4517.93,4519.96,900.507,1779381899999,4070179.69275,2833,412.643,1865105.30185,0
1779381900000,4519.96,4521.96,4518.00,4521.31,1213.136,1779382799999,5483333.26134,3259,529.132,2391637.39589,0
1779382800000,4521.32,4533.14,4515.77,4528.08,8967.025,1779383699999,40584948.90901,14485,4286.804,19407001.15167,0
1779383700000,4528.16,4547.97,4528.01,4542.84,10712.225,1779384599999,48626112.43803,20014,4872.902,22119098.65009,0
1779384600000,4542.85,4549.59,4540.01,4548.86,5518.216,1779385499999,25081278.40697,9045,2052.438,9328658.64804,0
1779385500000,4548.87,4560.90,4546.01,4552.49,5307.630,1779386399999,24175868.74964,10150,2848.195,12974459.22663,0
1779386400000,4552.50,4556.53,4544.59,4548.00,5546.908,1779387299999,25235314.83063,8909,1703.317,7748574.29723,0
1779387300000,4547.79,4551.40,4546.22,4549.33,1883.812,1779388199999,8570904.12340,4495,714.665,3251305.52893,0
1779388200000,4549.34,4550.17,4544.27,4546.99,1435.343,1779389099999,6526108.20349,3280,773.489,3516592.03594,0
1779389100000,4546.98,4547.37,4529.77,4534.18,6697.375,1779389999999,30382305.82223,12413,3362.735,15253317.38989,0
1779390000000,4534.17,4540.00,4532.34,4540.00,1793.591,1779390899999,8137280.77083,5146,1149.201,5213712.72791,0
1779390900000,4540.00,4543.37,4539.02,4540.34,1718.811,1779391799999,7806168.61768,3589,672.300,3053084.37050,0
1779391800000,4540.33,4544.99,4540.06,4541.47,709.189,1779392699999,3221559.01539,2526,300.895,1366768.19479,0
1779392700000,4541.47,4545.05,4537.37,4544.50,2076.217,1779393599999,9431600.70684,4917,1069.828,4859651.66905,0
1779393600000,4544.50,4545.90,4542.80,4543.74,460.227,1779394499999,2091257.22710,1894,155.214,705254.30821,0
1779394500000,4543.74,4543.74,4541.87,4542.43,447.067,1779395399999,2031009.60830,1037,184.222,836917.45844,0
1779395400000,4542.42,4543.49,4541.53,4541.94,343.851,1779396299999,1561915.31426,904,166.957,758409.25403,0
1779396300000,4541.94,4544.47,4541.37,4544.14,304.917,1779397199999,1385158.53287,1156,102.431,465323.03569,0
1779397200000,4544.13,4545.00,4543.71,4544.62,252.275,1779398099999,1146427.54834,814,160.656,730079.50570,0
1779398100000,4544.63,4545.00,4543.33,4544.41,528.832,1779398999999,2403142.24009,915,255.783,1162322.18970,0
1779399000000,4544.41,4544.61,4542.99,4543.24,158.802,1779399899999,721563.70700,692,73.516,334031.03503,0
1779399900000,4543.24,4544.00,4542.51,4543.56,177.073,1779400799999,804482.36284,498,52.892,240304.40956,0
1779400800000,4543.56,4546.89,4542.31,4543.98,1486.615,1779401699999,6756407.66274,3491,827.232,3759349.83927,0
1779401700000,4543.98,4545.00,4542.50,4543.42,307.409,1779402599999,1396837.67926,984,171.807,780687.30932,0
1779402600000,4543.47,4545.10,4541.64,4544.50,528.131,1779403499999,2399466.29844,1620,203.066,922631.40227,0
1779403500000,4544.49,4544.90,4543.00,4544.90,304.361,1779404399999,1382954.53360,998,117.894,535688.72369,0
1779404400000,4544.91,4546.54,4544.17,4545.47,521.233,1779405299999,2369193.86536,1352,269.043,1222929.74955,0
1779405300000,4545.47,4546.00,4540.00,4541.92,925.158,1779406199999,4202587.23114,2144,276.577,1256258.23223,0
1779406200000,4541.91,4541.92,4534.73,4534.73,928.696,1779407099999,4214508.23860,2678,328.695,1491579.34891,0
1779407100000,4534.74,4537.78,4534.38,4536.80,917.078,1779407999999,4159857.39990,2471,464.323,2106065.46444,0
1779408000000,4536.80,4538.00,4533.34,4533.34,983.431,1779408899999,4459566.86180,2877,556.320,2522714.45170,0
1779408900000,4533.33,4538.53,4531.79,4538.31,1498.068,1779409799999,6793701.59808,3254,885.254,4014894.02602,0
1779409800000,4538.32,4543.38,4538.02,4539.44,1034.251,1779410699999,4696340.37589,3359,512.738,2328228.93516,0
1779410700000,4539.44,4540.20,4527.14,4528.92,2183.398,1779411599999,9895605.19792,4593,873.440,3958457.69685,0
1779411600000,4528.86,4537.00,4525.84,4531.10,2449.571,1779412499999,11098284.76215,7105,1165.661,5281028.75278,0
1779412500000,4531.11,4535.34,4528.87,4531.14,785.192,1779413399999,3558685.48302,3663,430.891,1952878.78345,0
1779413400000,4531.14,4531.14,4523.84,4527.30,1464.317,1779414299999,6628939.13773,4708,726.609,3289185.88525,0
1779414300000,4527.17,4533.70,4527.01,4528.13,1971.623,1779415199999,8932762.58361,3317,1188.134,5382964.05279,0
1779415200000,4528.13,4531.04,4524.13,4529.55,1013.201,1779416099999,4588098.48336,3378,436.037,1974523.65772,0
1779416100000,4529.55,4530.48,4524.76,4526.68,860.437,1779416999999,3895149.98127,2210,535.364,2423438.12810,0
1779417000000,4526.68,4526.68,4522.30,4525.31,1569.821,1779417899999,7101399.21975,3176,800.031,3618997.88858,0
1779417900000,4525.30,4528.47,4522.61,4525.64,853.288,1779418799999,3861221.00463,2528,512.952,2320985.20358,0
1779418800000,4525.63,4527.00,4523.48,4523.89,593.295,1779419699999,2684954.63232,2074,365.914,1655874.91678,0
1779419700000,4523.90,4525.00,4522.19,4524.29,720.487,1779420599999,3259351.66383,1946,381.823,1727254.27594,0
1779420600000,4524.29,4529.88,4524.29,4529.28,962.360,1779421499999,4356870.21528,2186,584.707,2647087.58256,0
1779421500000,4529.28,4531.93,4528.72,4531.73,768.324,1779422399999,3480708.30871,1739,350.299,1586945.00634,0
1779422400000,4531.73,4532.75,4530.45,4531.76,933.254,1779423299999,4229399.33155,2034,315.171,1428256.82869,0
1779423300000,4531.75,4535.52,4530.18,4534.81,1043.605,1779424199999,4730401.84735,2077,654.501,2966892.45236,0
1779424200000,4534.80,4535.16,4528.18,4531.52,1593.554,1779425099999,7220567.25936,2873,884.068,4005695.26026,0
1779425100000,4531.53,4532.52,4529.60,4530.02,917.946,1779425999999,4159576.21740,1648,509.216,2307609.81889,0
1779426000000,4530.02,4531.97,4526.20,4527.92,1051.080,1779426899999,4760274.63193,2345,458.598,2076970.18126,0
1779426900000,4527.92,4531.49,4526.59,4529.20,1037.165,1779427799999,4697898.13911,2337,804.498,3644053.87429,0
1779427800000,4529.19,4536.36,4528.59,4536.00,1577.617,1779428699999,7150846.97047,4089,824.945,3738738.13793,0
1779428700000,4536.01,4536.46,4510.71,4513.93,6037.059,1779429599999,27288731.56294,9351,2979.706,13468125.19316,0
1779429600000,4514.68,4526.26,4513.53,4523.94,4408.754,1779430499999,19930570.39081,7319,2057.337,9299459.15242,0
1779430500000,4523.79,4528.25,4519.10,4527.29,2328.137,1779431399999,10531556.89931,5035,656.441,2969509.03054,0
1779431400000,4527.29,4529.56,4524.13,4529.35,1437.710,1779432299999,6508824.71395,3642,677.527,3067272.09924,0
1779432300000,4529.45,4530.96,4526.42,4528.86,921.581,1779433199999,4174011.33460,3023,479.300,2170860.84071,0
1779433200000,4528.86,4528.90,4522.92,4523.92,1805.079,1779434099999,8169962.75663,4686,976.679,4420842.75666,0
1779434100000,4523.92,4529.50,4523.92,4528.49,1730.092,1779434999999,7833231.45180,2946,1312.907,5944337.63821,0
1779435000000,4528.49,4528.50,4519.67,4522.76,3030.194,1779435899999,13706725.64228,4445,2205.440,9976074.78537,0
1779435900000,4522.76,4524.86,4520.88,4524.35,3307.281,1779436799999,14958803.05666,3635,2624.281,11869331.15129,0
1779436800000,4524.35,4534.00,4524.35,4528.20,4302.020,1779437699999,19484083.60677,6052,3588.090,16250224.17833,0
1779437700000,4528.19,4532.88,4527.33,4529.44,2378.475,1779438599999,10772880.78963,4790,1150.834,5212514.11040,0
1779438600000,4529.45,4529.68,4520.36,4525.48,2728.173,1779439499999,12343469.73795,5389,1452.324,6570393.87960,0
1779439500000,4525.47,4527.72,4524.00,4524.38,1230.547,1779440399999,5569230.41176,2677,441.997,2000479.55454,0
1779440400000,4524.38,4528.17,4520.86,4520.87,1707.772,1779441299999,7727741.46602,3546,937.795,4243529.74005,0
1779441300000,4520.86,4523.00,4518.70,4520.29,1410.949,1779442199999,6378228.39204,3691,870.947,3936966.96323,0
1779442200000,4520.33,4528.63,4518.10,4527.27,1675.927,1779443099999,7579261.10096,4202,816.884,3694226.77169,0
1779443100000,4527.27,4537.52,4526.76,4534.42,3713.305,1779443999999,16835739.34683,4906,1584.636,7183865.14679,0
1779444000000,4534.43,4538.60,4531.77,4535.77,2387.053,1779444899999,10828041.99480,4440,1222.138,5543858.60240,0
1779444900000,4535.77,4536.15,4527.85,4528.00,1466.440,1779445799999,6646766.67799,3390,557.545,2527048.01337,0
1779445800000,4528.00,4528.47,4515.17,4515.84,6308.064,1779446699999,28517956.66077,7867,3421.347,15468338.79776,0
1779446700000,4515.84,4518.78,4513.54,4517.68,2772.468,1779447599999,12521857.09839,4804,1834.237,8284450.85581,0
1779447600000,4517.69,4520.20,4517.40,4519.34,1488.564,1779448499999,6726719.71563,2994,856.980,3872566.05032,0
1779448500000,4519.34,4519.34,4515.55,4515.88,1665.211,1779449399999,7521206.93468,2470,878.343,3966993.21258,0
1779449400000,4515.87,4525.62,4515.50,4524.21,1661.507,1779450299999,7511104.91147,3305,1068.059,4827921.51185,0
1779450300000,4524.50,4526.99,4522.44,4523.16,1563.538,1779451199999,7075124.56116,3533,623.747,2822407.66540,0
1779451200000,4523.15,4532.46,4521.67,4531.85,5360.562,1779452099999,24272736.23193,8699,2609.920,11816894.48006,0
1779452100000,4531.85,4537.94,4523.80,4524.37,5208.331,1779452999999,23602286.15978,9456,2162.692,9801330.18736,0
1779453000000,4524.37,4526.00,4518.79,4521.12,3498.846,1779453899999,15820422.99079,6096,2219.723,10036551.20076,0
1779453900000,4521.04,4531.18,4520.75,4531.04,1671.836,1779454799999,7564482.51705,3950,1038.778,4700111.11856,0
1779454800000,4531.05,4536.78,4524.57,4530.60,5259.550,1779455699999,23833329.77285,8997,2041.970,9253340.08115,0
1779455700000,4530.59,4531.99,4523.67,4524.51,2016.421,1779456599999,9131180.46981,4377,940.584,4259426.94854,0
1779456600000,4524.48,4529.53,4515.00,4520.88,6184.803,1779457499999,27965989.38775,10490,3460.155,15647166.36998,0
1779457500000,4521.01,4521.95,4513.76,4517.23,3694.658,1779458399999,16690297.36877,7061,2002.752,9047712.28766,0
1779458400000,4517.23,4517.45,4496.28,4501.08,12547.587,1779459299999,56566333.44568,19187,5890.757,26559054.57996,0
1779459300000,4501.08,4503.86,4493.09,4501.90,8077.470,1779460199999,36347166.43171,13660,4046.420,18208849.82387,0
1779460200000,4501.91,4509.31,4500.53,4507.27,3722.277,1779461099999,16771002.79048,7537,2162.245,9742382.49004,0
1779461100000,4507.26,4509.53,4503.36,4503.36,2030.770,1779461999999,9152366.24330,4575,886.602,3995913.01521,0
1779462000000,4503.36,4514.65,4503.22,4513.44,2707.541,1779462899999,12213967.22225,6168,1503.237,6780881.66495,0
1779462900000,4513.54,4521.53,4513.54,4521.53,2996.845,1779463799999,13537797.87866,6327,1451.239,6555484.62369,0
1779463800000,4521.53,4524.31,4519.53,4520.28,3098.519,1779464699999,14011998.76581,4951,980.171,4432456.09410,0
1779464700000,4520.29,4523.73,4516.80,4522.21,2206.345,1779465599999,9971724.98975,3747,918.777,4152472.09482,0
1779465600000,4522.21,4522.21,4519.01,4521.84,1962.921,1779466499999,8873993.89946,3429,673.460,3044482.34029,0
1779466500000,4521.76,4526.58,4518.78,4526.01,1902.314,1779467399999,8604468.44426,3981,1035.169,4682812.68212,0
1779467400000,4526.01,4528.70,4516.08,4517.81,2456.906,1779468299999,11113218.98247,4718,1160.885,5251439.90534,0
1779468300000,4517.82,4520.48,4515.50,4517.22,1195.872,1779469199999,5402060.94679,2931,656.252,2964486.69562,0
1779469200000,4517.22,4523.63,4517.22,4522.07,1070.085,1779470099999,4838029.05112,2520,429.110,1940031.10736,0
1779470100000,4522.06,4528.16,4516.37,4528.02,3632.178,1779470999999,16428479.57131,6779,2309.328,10445303.70711,0
1779471000000,4527.87,4530.00,4522.51,4524.60,2631.929,1779471899999,11914397.71906,5285,1047.538,4742276.93690,0
1779471900000,4524.61,4525.28,4521.50,4521.82,833.800,1779472799999,3771708.08228,2065,270.005,1221307.65604,0
1779472800000,4521.82,4522.09,4516.20,4517.66,1473.213,1779473699999,6656693.15133,3444,973.456,4398549.62245,0
1779473700000,4517.66,4521.12,4516.21,4518.85,401.769,1779474599999,1815797.68725,1652,266.253,1203294.67704,0
1779474600000,4518.85,4522.99,4517.76,4518.59,1178.526,1779475499999,5327680.51389,2708,645.647,2918600.94656,0
1779475500000,4518.59,4519.07,4516.12,4518.23,757.613,1779476399999,3422297.17847,2096,271.103,1224612.63922,0
1779476400000,4518.24,4518.62,4510.89,4510.89,1423.406,1779477299999,6425684.10710,4316,692.316,3125048.83844,0
1779477300000,4510.89,4512.44,4510.24,4510.55,399.046,1779478199999,1800287.64225,1529,188.608,850879.93932,0
1779478200000,4510.56,4513.45,4507.24,4512.40,1656.824,1779479099999,7473211.52631,3523,611.964,2760410.18257,0
1779479100000,4512.39,4512.40,4509.40,4510.84,1180.762,1779479999999,5326058.34428,2569,339.616,1531855.34457,0
1779480000000,4510.84,4511.51,4508.16,4510.17,1287.550,1779480899999,5806295.97102,1933,212.887,959982.60602,0
1779480900000,4510.18,4512.00,4509.13,4511.87,852.075,1779481799999,3843763.08117,1802,158.365,714381.49884,0
1779481800000,4511.87,4512.66,4506.96,4507.00,1978.185,1779482699999,8920614.65605,3637,538.212,2427275.55074,0
1779482700000,4507.01,4511.00,4506.47,4510.61,1383.338,1779483599999,6236993.39350,2185,430.060,1938990.27486,0
1779483600000,4510.61,4510.80,4508.77,4509.89,435.979,1779484499999,1966133.76629,1306,226.150,1019856.65482,0
1779484500000,4509.90,4510.85,4509.90,4510.44,63.688,1779485399999,287263.10934,326,33.629,151677.96825,0
1779485400000,4510.43,4513.75,4510.43,4513.74,201.058,1779486299999,907159.97156,917,137.589,620763.59220,0
1779486300000,4513.74,4513.76,4513.03,4513.09,163.844,1779487199999,739525.16447,660,77.414,349416.90922,0
1779487200000,4513.08,4514.40,4511.16,4513.00,259.884,1779488099999,1172822.00158,989,124.068,559921.26329,0
1779488100000,4512.99,4513.20,4510.51,4512.05,207.633,1779488999999,936812.93091,490,91.640,413451.10593,0
1779489000000,4512.06,4512.06,4510.50,4510.80,147.853,1779489899999,667062.50170,442,61.661,278177.38202,0
1779489900000,4510.80,4511.51,4510.80,4511.10,182.037,1779490799999,821203.61850,384,36.030,162534.48034,0
1779490800000,4511.10,4511.11,4511.00,4511.00,82.415,1779491699999,371781.99443,379,40.160,181165.92480,0
1779491700000,4511.00,4511.00,4509.72,4509.73,141.472,1779492599999,638066.05852,438,42.808,193065.86758,0
1779492600000,4509.72,4509.73,4507.60,4508.39,235.286,1779493499999,1060709.30783,719,99.954,450574.59063,0
1779493500000,4508.40,4508.40,4504.50,4505.94,302.010,1779494399999,1360858.98843,1137,111.547,502597.63525,0
1779494400000,4505.93,4508.00,4504.94,4507.44,301.588,1779495299999,1359066.50751,927,163.995,738983.13615,0
1779495300000,4507.44,4508.36,4506.01,4506.13,309.571,1779496199999,1395349.28672,734,166.814,751890.22624,0
1779496200000,4506.13,4507.44,4505.64,4507.41,248.781,1779497099999,1121152.58164,814,170.926,770301.84400,0
1779497100000,4507.41,4508.00,4507.23,4507.94,159.101,1779497999999,717175.48637,463,82.548,372099.27644,0
1779498000000,4507.94,4509.32,4506.48,4506.78,238.603,1779498899999,1075654.62569,782,64.896,292608.94352,0
1779498900000,4506.79,4508.18,4506.78,4508.18,95.889,1779499799999,432194.97065,598,73.913,333141.12406,0
1779499800000,4508.18,4509.00,4507.83,4509.00,110.550,1779500699999,498408.77013,424,66.809,301209.42697,0
1779500700000,4509.00,4513.00,4509.00,4511.19,492.976,1779501599999,2223886.78487,1098,369.150,1665243.14189,0
1779501600000,4511.19,4511.20,4510.20,4510.78,127.898,1779502499999,576936.53892,548,60.894,274683.05992,0
1779502500000,4510.78,4510.78,4509.39,4510.35,152.161,1779503399999,686282.64373,613,57.216,258062.71154,0
1779503400000,4510.35,4512.21,4510.35,4511.89,96.955,1779504299999,437365.79726,443,85.095,383861.15872,0
1779504300000,4511.89,4513.44,4511.88,4513.43,90.999,1779505199999,410649.85238,503,75.036,338613.09490,0
1779505200000,4513.44,4515.00,4513.44,4514.07,211.532,1779506099999,954909.55377,732,151.341,683163.65028,0
1779506100000,4514.07,4515.94,4513.49,4513.50,366.075,1779506999999,1652714.53432,937,207.325,935995.53560,0
1779507000000,4513.50,4513.50,4511.40,4512.33,193.534,1779507899999,873310.61615,868,74.550,336386.39870,0
1779507900000,4512.33,4513.98,4512.32,4513.32,162.582,1779508799999,733756.01975,633,109.119,492446.26481,0
1779508800000,4513.32,4513.68,4512.80,4513.67,52.232,1779509699999,235737.34673,562,30.880,139369.90492,0
1779509700000,4513.68,4515.00,4513.67,4514.33,170.599,1779510599999,770137.17668,598,111.910,505191.38573,0
1779510600000,4514.32,4514.96,4513.41,4513.56,100.303,1779511499999,452772.32916,431,39.607,178789.05726,0
1779511500000,4513.56,4514.04,4513.56,4514.04,54.381,1779512399999,245466.27598,449,27.181,122690.80587,0
1779512400000,4514.03,4514.53,4514.03,4514.29,25.208,1779513299999,113795.92146,324,15.165,68457.43679,0
1779513300000,4514.29,4514.29,4513.25,4514.04,114.481,1779514199999,516737.95411,560,64.656,291834.20978,0
1779514200000,4514.03,4515.48,4513.64,4515.47,85.385,1779515099999,385465.04277,619,73.996,334050.81296,0
1779515100000,4515.47,4515.48,4513.41,4514.64,208.037,1779515999999,939175.13000,685,110.421,498476.75879,0
1779516000000,4514.64,4515.00,4514.64,4514.72,147.390,1779516899999,665432.76242,383,56.019,252909.69218,0
1779516900000,4514.71,4515.66,4514.71,4515.66,78.375,1779517799999,353875.84478,556,53.805,242936.97900,0
1779517800000,4515.66,4517.70,4515.65,4517.69,227.469,1779518699999,1027505.04415,763,173.370,783127.75855,0
1779518700000,4517.70,4517.80,4516.05,4517.54,196.166,1779519599999,886090.91962,758,81.074,366225.56518,0
1779519600000,4517.54,4517.55,4514.00,4514.76,228.505,1779520499999,1031823.78028,965,85.960,388114.38333,0
1779520500000,4514.76,4515.00,4514.76,4514.98,31.789,1779521399999,143524.42242,478,13.279,59953.38400,0
1779521400000,4514.98,4515.90,4514.15,4514.20,102.791,1779522299999,464070.40848,833,27.477,124047.06176,0
1779522300000,4514.20,4514.20,4506.60,4508.19,1356.107,1779523199999,6114574.11201,3771,513.270,2314147.22592,0
1779523200000,4508.20,4508.20,4506.23,4507.61,636.517,1779524099999,2868850.02745,1400,247.935,1117431.42416,0
1779524100000,4507.60,4508.97,4507.13,4508.95,175.755,1779524999999,792293.66123,896,120.213,541912.62841,0
1779525000000,4508.96,4509.87,4507.65,4508.76,382.268,1779525899999,1723569.14927,1162,193.139,870801.89641,0
1779525900000,4508.76,4510.00,4508.22,4509.92,191.828,1779526799999,864978.79556,1643,111.504,502777.13662,0
1779526800000,4509.92,4510.12,4509.92,4510.12,96.978,1779527699999,437373.42412,1355,57.749,260450.44189,0
1779527700000,4510.12,4510.12,4509.27,4509.95,101.413,1779528599999,457350.49217,1018,46.720,210694.05875,0
1779528600000,4509.95,4510.34,4509.67,4510.02,86.597,1779529499999,390549.73128,697,63.761,287558.13218,0
1779529500000,4510.02,4510.02,4509.50,4509.60,110.275,1779530399999,497313.66781,514,52.819,238196.93936,0
1779530400000,4509.60,4509.62,4509.60,4509.61,124.570,1779531299999,561762.53436,392,105.011,473559.08156,0
1779531300000,4509.62,4510.21,4509.21,4510.20,101.948,1779532199999,459747.26134,553,77.159,347954.73925,0
1779532200000,4510.21,4510.21,4508.04,4509.09,165.207,1779533099999,744907.42955,758,45.811,206556.69497,0
1779533100000,4509.10,4509.64,4509.09,4509.21,72.460,1779533999999,326742.07475,460,31.810,143435.38058,0
1779534000000,4509.21,4509.64,4508.88,4509.28,86.493,1779534899999,390019.65327,598,50.968,229825.72017,0
1779534900000,4509.29,4510.32,4509.28,4510.32,123.323,1779535799999,556182.86349,562,111.000,500608.18055,0
1779535800000,4510.31,4510.31,4507.00,4508.00,297.206,1779536699999,1339845.55534,872,92.188,415555.85132,0
1779536700000,4508.01,4508.01,4506.13,4507.26,296.401,1779537599999,1335868.83699,795,84.593,381223.12645,0
1779537600000,4507.26,4507.82,4507.09,4507.65,52.716,1779538499999,237616.72653,435,31.416,141608.50974,0
1779538500000,4507.65,4507.65,4506.50,4507.32,92.822,1779539399999,418365.31952,701,39.706,178953.47838,0
1779539400000,4507.33,4507.99,4507.32,4507.99,51.986,1779540299999,234339.71178,797,42.915,193450.54033,0
1779540300000,4507.99,4507.99,4506.79,4507.41,123.172,1779541199999,555196.36273,1287,41.448,186817.36395,0
1779541200000,4507.41,4508.20,4507.41,4508.20,24.562,1779542099999,110727.40650,1158,19.031,85793.42876,0
1779542100000,4508.20,4510.80,4508.20,4510.80,509.111,1779542999999,2295756.52031,1275,294.601,1328407.84131,0
1779543000000,4510.79,4511.59,4509.72,4510.20,152.854,1779543899999,689468.90799,667,91.593,413151.48188,0
1779543900000,4510.19,4511.99,4510.19,4511.47,150.804,1779544799999,680361.23190,665,73.534,331737.40249,0
1779544800000,4511.46,4512.00,4511.46,4512.00,102.888,1779545699999,464207.14237,567,83.780,377996.80109,0
1779545700000,4512.00,4514.35,4511.75,4514.34,315.411,1779546599999,1423396.05789,814,213.521,963610.37389,0
1779546600000,4514.35,4515.70,4513.96,4515.70,782.909,1779547499999,3534750.06790,1296,527.818,2383022.95639,0
1779547500000,4515.70,4516.88,4515.00,4515.42,287.339,1779548399999,1297651.02565,880,127.097,573967.89169,0
1779548400000,4515.42,4516.97,4514.72,4516.08,367.674,1779549299999,1660375.14170,1088,203.713,919971.45291,0
1779549300000,4516.09,4516.84,4515.75,4516.83,91.093,1779550199999,411399.33091,510,36.555,165088.23674,0
1779550200000,4516.83,4516.84,4512.88,4514.49,616.732,1779551099999,2784310.82012,1000,294.324,1328758.04188,0
1779551100000,4514.48,4515.01,4514.48,4515.01,88.306,1779551999999,398674.42550,415,56.115,253344.30702,0
1779552000000,4515.01,4516.36,4514.73,4514.73,236.149,1779552899999,1066340.68989,772,128.915,582105.65176,0
1779552900000,4514.72,4514.73,4513.00,4513.00,75.283,1779553799999,339820.01958,389,7.378,33305.28827,0
1779553800000,4513.00,4515.51,4513.00,4514.89,144.731,1779554699999,653372.60130,556,116.550,526143.30451,0
1779554700000,4514.89,4514.89,4514.88,4514.88,32.407,1779555599999,146313.88772,387,17.156,77457.45284,0
1779555600000,4514.88,4516.65,4514.88,4515.56,247.890,1779556499999,1119372.84798,610,183.322,827789.53586,0
1779556500000,4515.55,4515.96,4514.40,4515.53,200.347,1779557399999,904610.56384,730,117.080,528635.96944,0
1779557400000,4515.52,4515.96,4515.30,4515.31,56.465,1779558299999,254968.59114,304,26.224,118412.72255,0
1779558300000,4515.30,4515.90,4515.30,4515.90,44.378,1779559199999,200384.68349,623,21.355,96427.48717,0
1779559200000,4515.90,4517.00,4515.89,4516.97,195.718,1779560099999,884005.35161,671,125.157,565299.97409,0
1779560100000,4516.97,4518.00,4516.60,4518.00,517.868,1779560999999,2339370.69869,1070,348.310,1573434.29143,0
1779561000000,4517.99,4520.55,4517.30,4520.17,551.402,1779561899999,2491580.51586,1742,335.045,1513859.51232,0
1779561900000,4520.16,4520.46,4518.25,4519.27,808.111,1779562799999,3652539.52915,1040,277.658,1254895.58982,0
1779562800000,4519.26,4520.48,4519.26,4520.48,104.034,1779563699999,470200.83867,524,81.586,368741.64575,0
1779563700000,4520.48,4521.70,4519.78,4520.00,261.403,1779564599999,1181733.09239,850,91.541,413819.32980,0
1779564600000,4519.99,4520.00,4518.54,4519.35,201.492,1779565499999,910628.94863,652,91.560,413777.73597,0
1779565500000,4519.35,4521.68,4519.25,4521.34,277.915,1779566399999,1256182.80855,620,228.902,1034632.30129,0
1779566400000,4521.35,4523.28,4520.76,4522.20,240.284,1779567299999,1086605.33396,870,145.398,657513.06831,0
1779567300000,4522.20,4525.04,4521.96,4525.00,614.974,1779568199999,2782188.69468,1904,396.817,1795201.98511,0
1779568200000,4525.00,4536.94,4523.68,4536.71,3575.827,1779569099999,16203461.29967,9812,2500.888,11333051.28783,0
1779569100000,4536.71,4542.00,4534.04,4538.60,2091.885,1779569999999,9492985.44628,5805,1128.610,5121275.15346,0
1779570000000,4538.59,4539.29,4534.55,4536.78,1213.967,1779570899999,5507632.91341,3178,512.484,2325070.43851,0
1779570900000,4536.78,4537.32,4527.03,4527.24,1075.435,1779571799999,4875074.54137,3945,354.001,1604674.77139,0
1779571800000,4527.19,4530.29,4523.74,4525.32,724.612,1779572699999,3280301.74622,2168,288.590,1306589.76035,0
1779572700000,4525.32,4529.14,4525.31,4528.20,228.116,1779573599999,1032750.82524,1277,124.080,561737.74158,0
1779573600000,4528.21,4534.00,4528.20,4529.60,946.155,1779574499999,4286923.72082,1861,562.996,2550887.54002,0
1779574500000,4529.61,4530.26,4528.60,4530.25,274.013,1779575399999,1241224.57875,745,189.909,860257.56523,0
1779575400000,4530.26,4536.00,4530.25,4535.99,822.084,1779576299999,3726337.66554,1790,626.755,2840883.81642,0
1779576300000,4535.99,4538.92,4535.93,4538.83,804.360,1779577199999,3649934.11348,1826,612.739,2780373.34317,0
1779577200000,4538.83,4542.00,4538.29,4540.98,924.475,1779578099999,4197154.32949,2257,376.404,1708873.53202,0
1779578100000,4540.99,4543.53,4540.54,4540.54,549.048,1779578999999,2493823.54686,1348,310.153,1408793.11198,0
1779579000000,4540.55,4540.55,4536.87,4539.69,692.490,1779579899999,3143072.12932,2497,285.839,1297305.68782,0
1779579900000,4539.68,4541.00,4539.51,4540.23,375.294,1779580799999,1703893.62308,985,201.612,915350.13838,0
1779580800000,4540.23,4543.25,4540.10,4541.24,1184.198,1779581699999,5378271.68708,2988,754.898,3428478.04495,0
1779581700000,4541.24,4543.00,4540.64,4542.48,201.764,1779582599999,916418.50949,1125,99.208,450595.82691,0
1779582600000,4542.47,4548.30,4542.47,4548.30,621.778,1779583499999,2826674.42757,2169,406.645,1848661.27341,0
1779583500000,4548.30,4552.00,4545.58,4546.22,863.467,1779584399999,3927844.78052,2464,491.471,2235661.67547,0
1779584400000,4546.22,4555.50,4546.22,4555.05,1260.889,1779585299999,5738776.53771,3047,815.919,3713767.01917,0
1779585300000,4555.01,4558.72,4553.45,4554.69,1251.681,1779586199999,5702419.44464,2847,600.990,2738005.30950,0
1779586200000,4554.70,4555.80,4552.72,4552.93,603.295,1779587099999,2747703.54346,1436,161.354,734847.13288,0
1779587100000,4552.93,4555.55,4552.92,4555.44,325.728,1779587999999,1483520.58356,1432,168.975,769599.85064,0
1779588000000,4555.45,4557.39,4555.09,4555.20,323.265,1779588899999,1472938.80807,1270,143.434,653543.68250,0
1779588900000,4555.20,4555.21,4545.00,4549.56,1765.878,1779589799999,8034594.85954,3662,538.322,2448850.93561,0
1779589800000,4549.56,4549.57,4545.10,4546.01,634.246,1779590699999,2883666.93717,1721,226.754,1030820.18409,0
1779590700000,4546.01,4549.65,4546.00,4548.72,236.367,1779591599999,1074993.50432,1370,128.787,585710.40427,0
1779591600000,4548.78,4553.67,4548.78,4553.47,814.413,1779592499999,3706355.79270,2005,635.797,2893367.54046,0
1779592500000,4553.48,4553.48,4551.72,4552.21,322.047,1779593399999,1466200.83242,2799,99.945,455008.69755,0
1779593400000,4552.21,4552.22,4549.27,4550.51,428.859,1779594299999,1951868.09452,1634,122.786,558820.01733,0
1779594300000,4550.52,4552.00,4548.17,4548.17,310.182,1779595199999,1411520.26090,1326,149.479,680280.16300,0
1779595200000,4548.18,4552.01,4546.77,4546.94,724.337,1779596099999,3295339.16141,1975,377.543,1717724.49478,0
1779596100000,4546.94,4546.94,4543.66,4544.04,545.750,1779596999999,2480432.02191,1911,179.844,817331.66444,0
1779597000000,4544.05,4546.59,4544.05,4546.58,190.429,1779597899999,865563.48926,739,114.466,520282.65051,0
1779597900000,4546.59,4546.59,4545.00,4545.00,240.953,1779598799999,1095395.89882,913,66.279,301316.91930,0
1779598800000,4545.01,4545.84,4544.14,4545.12,358.295,1779599699999,1628445.53381,1036,162.056,736519.38960,0
1779599700000,4545.11,4548.36,4545.11,4548.05,350.912,1779600599999,1595342.10798,1024,267.310,1215229.49840,0
1779600600000,4548.04,4549.43,4548.04,4548.85,322.683,1779601499999,1467803.63141,1037,146.223,665130.79357,0
1779601500000,4548.85,4553.85,4548.85,4552.61,606.952,1779602399999,2762937.93899,1793,342.744,1560063.86849,0
1779602400000,4552.62,4554.28,4551.12,4551.60,533.763,1779603299999,2430254.73689,1305,230.693,1050328.11301,0
1779603300000,4551.59,4552.32,4547.72,4548.48,616.020,1779604199999,2802474.92613,1740,269.121,1224265.79511,0
1779604200000,4548.37,4548.96,4546.09,4547.98,517.735,1779605099999,2354527.72519,1422,288.958,1314106.57931,0
1779605100000,4547.98,4550.40,4547.07,4550.02,387.261,1779605999999,1761680.00036,1621,259.210,1179156.36107,0
1779606000000,4550.01,4552.45,4549.60,4551.24,484.649,1779606899999,2205593.29214,1821,310.668,1413774.84256,0
1779606900000,4551.23,4553.00,4550.50,4552.04,444.407,1779607799999,2022826.25208,1370,218.324,993734.66977,0
1779607800000,4552.03,4552.59,4551.67,4552.17,303.890,1779608699999,1383331.27788,1128,152.975,696345.80485,0
1779608700000,4552.17,4555.95,4551.92,4553.25,744.686,1779609599999,3391206.29642,2772,455.662,2074918.37084,0
1779609600000,4553.24,4555.00,4551.43,4554.99,540.777,1779610499999,2462184.26496,1707,284.159,1293783.62887,0
1779610500000,4555.00,4555.00,4553.10,4553.10,362.969,1779611399999,1652970.95739,1110,171.535,781176.10149,0
1779611400000,4553.11,4553.65,4551.76,4552.48,418.876,1779612299999,1907028.74637,1086,226.618,1031693.54906,0
1779612300000,4552.49,4552.75,4551.27,4551.56,316.013,1779613199999,1438488.34951,997,123.145,560553.05523,0
1779613200000,4551.55,4551.94,4551.16,4551.16,282.327,1779614099999,1285096.45451,771,193.520,880868.07591,0
1779614100000,4551.17,4552.00,4550.70,4551.06,228.022,1779614999999,1037817.31988,1011,110.677,503729.04562,0
1779615000000,4551.07,4553.69,4551.06,4553.35,458.926,1779615899999,2089296.07356,1117,342.575,1559561.35842,0
1779615900000,4553.34,4553.35,4551.46,4551.79,207.436,1779616799999,944391.32599,690,55.246,251524.74910,0
1779616800000,4551.80,4553.00,4551.14,4551.16,323.670,1779617699999,1473281.74412,1061,161.942,737107.88051,0
1779617700000,4551.17,4551.17,4549.25,4549.28,304.160,1779618599999,1384016.11859,1603,88.269,401625.07290,0
1779618600000,4549.29,4549.29,4547.50,4547.51,452.924,1779619499999,2059926.06507,1272,95.810,435753.65062,0
1779619500000,4547.51,4548.15,4546.68,4546.69,572.092,1779620399999,2601661.73147,1070,234.500,1066437.29182,0
1779620400000,4546.69,4546.69,4543.20,4543.71,503.330,1779621299999,2287530.06508,2065,185.182,841561.91295,0
1779621300000,4543.71,4546.31,4543.55,4546.31,428.044,1779622199999,1945292.72823,1057,265.795,1207989.75787,0
1779622200000,4546.31,4546.31,4544.54,4544.54,351.508,1779623099999,1597692.35960,893,115.901,526776.38356,0
1779623100000,4544.55,4544.55,4544.10,4544.33,157.380,1779623999999,715183.63511,614,56.417,256372.48650,0
1779624000000,4544.34,4545.10,4544.34,4545.01,169.349,1779624899999,769653.10963,763,103.770,471597.40221,0
1779624900000,4545.01,4545.01,4544.00,4544.00,289.527,1779625799999,1315671.49455,971,89.090,404832.27276,0
1779625800000,4544.00,4544.01,4540.24,4540.25,444.410,1779626699999,2018192.19184,1411,125.569,570189.42029,0
1779626700000,4540.25,4540.50,4539.10,4540.50,359.310,1779627599999,1631051.96731,1206,111.163,504604.51978,0
1779627600000,4540.50,4541.60,4540.24,4541.60,230.515,1779628499999,1046758.98056,776,141.038,640455.18433,0
1779628500000,4541.59,4542.80,4541.25,4541.25,440.348,1779629399999,2000168.49326,1070,235.143,1068061.08530,0
1779629400000,4541.26,4541.26,4535.00,4536.11,989.391,1779630299999,4489832.89141,2390,185.718,842571.96839,0
1779630300000,4536.10,4539.00,4536.10,4539.00,451.686,1779631199999,2049282.66731,1039,282.941,1283688.11236,0
1779631200000,4538.99,4540.23,4530.28,4530.71,1461.680,1779632099999,6629254.28429,3125,307.082,1393006.82853,0
1779632100000,4530.71,4531.43,4523.98,4530.24,2976.162,1779632999999,13476537.97203,5180,1484.870,6722988.39358,0
1779633000000,4530.24,4534.54,4530.00,4532.50,485.344,1779633899999,2199798.10495,1377,281.444,1275567.26220,0
1779633900000,4532.49,4532.99,4531.00,4531.00,329.477,1779634799999,1493156.25346,1110,164.913,747359.05348,0
1779634800000,4531.00,4531.38,4525.00,4527.22,874.991,1779635699999,3961239.71593,3571,366.576,1659359.69861,0
1779635700000,4527.23,4531.01,4527.22,4529.64,997.496,1779636599999,4518416.65982,2040,384.206,1740195.93677,0
1779636600000,4529.64,4530.70,4525.80,4526.16,717.742,1779637499999,3250131.91364,2054,274.279,1242014.20271,0
1779637500000,4526.17,4528.65,4525.86,4527.80,618.035,1779638399999,2798002.46780,1734,322.328,1459178.73045,0
1779638400000,4527.79,4530.80,4526.49,4528.70,790.988,1779639299999,3582077.50250,2417,387.222,1753541.42183,0
1779639300000,4528.64,4531.80,4528.43,4529.86,469.724,1779640199999,2128097.93776,1190,329.512,1492859.57390,0
1779640200000,4529.87,4531.13,4527.83,4527.83,336.433,1779641099999,1523834.63765,1275,56.663,256670.81611,0
1779641100000,4527.82,4530.40,4527.40,4529.60,306.180,1779641999999,1386865.79625,981,153.393,694757.66969,0
1779642000000,4529.60,4529.61,4525.00,4525.00,462.327,1779642899999,2092967.52297,1726,80.546,364622.92252,0
1779642900000,4525.01,4525.52,4522.00,4524.91,647.266,1779643799999,2928489.21635,1802,183.355,829507.16370,0
1779643800000,4524.90,4525.37,4524.25,4524.83,251.717,1779644699999,1138984.04240,626,107.815,487825.84365,0
1779644700000,4524.82,4525.02,4524.60,4524.98,107.353,1779645599999,485758.68429,387,73.024,330421.93016,0
1779645600000,4524.98,4525.45,4524.33,4524.97,214.511,1779646499999,970688.21016,498,104.208,471546.72569,0
1779646500000,4524.97,4526.18,4524.96,4526.10,201.477,1779647399999,911800.40629,827,154.509,699231.58909,0
1779647400000,4526.10,4527.60,4525.81,4527.05,164.914,1779648299999,746497.55219,556,139.619,631991.78045,0
1779648300000,4527.06,4527.06,4525.82,4526.49,91.198,1779649199999,412783.12413,352,49.421,223687.01290,0
1779649200000,4526.49,4527.00,4523.20,4523.21,351.453,1779650099999,1590321.55307,1119,142.809,646200.02231,0
1779650100000,4523.21,4524.30,4523.00,4523.10,159.719,1779650999999,722474.60478,581,101.611,459625.70379,0
1779651000000,4523.10,4523.82,4522.00,4523.82,120.341,1779651899999,544232.85144,622,49.874,225547.55067,0
1779651900000,4523.81,4524.57,4522.73,4523.49,229.156,1779652799999,1036614.84664,707,76.689,346904.89782,0
1779652800000,4523.50,4526.00,4522.59,4526.00,201.105,1779653699999,909850.68590,1096,174.099,787675.42487,0
1779653700000,4525.99,4527.70,4525.46,4527.45,259.373,1779654599999,1174151.17831,1268,187.554,849030.69174,0
1779654600000,4527.45,4527.50,4526.19,4527.10,298.976,1779655499999,1353470.62375,1053,143.420,649261.58716,0
1779655500000,4527.10,4527.45,4524.82,4525.16,357.212,1779656399999,1616722.31332,1155,171.068,774151.02146,0
1779656400000,4525.16,4531.40,4524.49,4531.40,636.770,1779657299999,2883420.65664,2209,450.900,2041631.67658,0
1779657300000,4531.40,4532.00,4531.23,4531.51,316.944,1779658199999,1436328.13001,1447,246.534,1117241.83853,0
1779658200000,4531.51,4532.00,4528.60,4528.88,479.978,1779659099999,2174581.70276,1443,303.801,1376440.03947,0
1779659100000,4528.87,4529.76,4524.19,4527.15,782.698,1779659999999,3543035.71909,2486,484.315,2192411.42436,0
1779660000000,4527.15,4561.02,4526.85,4558.39,17956.845,1779660899999,81725806.48667,22855,9105.847,41441343.91744,0
1779660900000,4558.39,4559.48,4552.69,4555.81,4015.707,1779661799999,18295193.99643,6008,1844.035,8400834.91311,0
1779661800000,4555.80,4563.86,4555.67,4561.19,3141.600,1779662699999,14330862.09413,4907,1414.645,6452635.17846,0
1779662700000,4561.20,4568.13,4560.86,4567.81,2342.148,1779663599999,10693871.87920,3731,1037.177,4735415.71644,0
1779663600000,4567.81,4579.32,4567.81,4577.15,4108.071,1779664499999,18790490.03291,6545,1885.256,8622411.12046,0
1779664500000,4577.15,4580.76,4576.55,4577.99,3718.762,1779665399999,17025005.30337,4803,1495.722,6847189.17816,0
1779665400000,4578.00,4582.72,4577.67,4580.02,3110.165,1779666299999,14248011.69509,4114,1254.711,5747619.24820,0
1779666300000,4580.03,4580.48,4568.12,4569.84,2583.712,1779667199999,11822693.71720,5415,825.433,3776835.97550,0
1779667200000,4569.83,4577.84,4569.66,4575.20,2591.137,1779668099999,11850992.42532,5289,1260.991,5766907.70461,0
1779668100000,4575.21,4577.29,4571.82,4574.50,1232.449,1779668999999,5637658.47452,3458,518.675,2372551.73731,0
1779669000000,4574.51,4578.55,4574.29,4575.15,2600.966,1779669899999,11904616.12261,3699,1753.381,8025085.85574,0
1779669900000,4575.15,4582.53,4569.90,4572.68,2404.540,1779670799999,11001194.05248,5240,1233.815,5645601.63842,0
1779670800000,4572.67,4578.00,4564.37,4568.45,4005.240,1779671699999,18307733.70720,9512,2020.564,9235116.57473,0
1779671700000,4568.46,4577.24,4565.60,4575.30,2639.045,1779672599999,12065600.36417,5576,1170.434,5350796.13213,0
1779672600000,4575.23,4576.94,4566.53,4566.53,1453.199,1779673499999,6645902.75683,3815,943.923,4317117.64393,0
1779673500000,4566.54,4569.32,4563.21,4565.41,2175.861,1779674399999,9934783.44652,4664,890.197,4064366.61194,0
1779674400000,4565.42,4570.78,4564.61,4565.25,1132.355,1779675299999,5171696.05619,4926,664.791,3036243.15086,0
1779675300000,4565.28,4565.85,4562.26,4565.17,1181.049,1779676199999,5390341.53915,2996,597.924,2728971.34459,0
1779676200000,4565.17,4571.69,4564.20,4571.69,1344.571,1779677099999,6141500.65403,3989,764.018,3489759.52639,0
1779677100000,4571.69,4572.45,4562.86,4564.17,1157.445,1779677999999,5285652.83122,3503,510.566,2331230.97072,0
1779678000000,4564.17,4566.77,4562.65,4565.24,1083.859,1779678899999,4947795.01835,2723,553.919,2528685.50952,0
1779678900000,4565.25,4567.53,4563.56,4563.80,715.632,1779679799999,3267196.26031,2267,433.786,1980403.95571,0
1779679800000,4563.80,4566.55,4561.65,4561.99,1647.787,1779680699999,7520071.36756,2845,731.275,3337325.19168,0
1779680700000,4562.00,4563.87,4559.18,4562.54,1339.617,1779681599999,6111262.25746,2651,747.651,3410691.28705,0
1779681600000,4562.53,4564.50,4562.15,4563.22,826.377,1779682499999,3771154.39472,1663,401.310,1831330.80933,0
1779682500000,4563.21,4568.18,4562.29,4567.52,991.694,1779683399999,4527469.27872,2232,611.051,2789676.85505,0
1779683400000,4567.52,4568.01,4562.71,4565.15,834.832,1779684299999,3811000.71109,2468,415.793,1897998.03749,0
1779684300000,4565.15,4568.12,4564.99,4567.33,638.279,1779685199999,2915117.66498,1679,324.035,1479892.33550,0
1779685200000,4567.32,4569.08,4565.81,4566.26,740.645,1779686099999,3382969.93047,1850,356.990,1630553.59967,0
1779686100000,4566.27,4566.27,4557.02,4557.32,1177.209,1779686999999,5369568.08204,3462,587.691,2680496.60811,0
1779687000000,4557.32,4563.81,4556.31,4559.79,1553.604,1779687899999,7084356.10838,4186,954.717,4353379.50154,0
1779687900000,4559.79,4560.75,4555.50,4556.41,985.166,1779688799999,4489950.38403,2882,551.060,2511334.37741,0
1779688800000,4556.40,4558.44,4553.60,4556.31,1497.152,1779689699999,6820587.69120,3489,651.325,2967186.41655,0
1779689700000,4556.53,4559.75,4554.81,4556.75,811.265,1779690599999,3696888.39170,2444,389.268,1773815.42994,0
1779690600000,4556.75,4559.79,4555.43,4558.48,2923.346,1779691499999,13320735.53076,2809,499.851,2278042.77763,0
1779691500000,4558.64,4565.51,4558.64,4564.61,1262.536,1779692399999,5759400.87474,3079,690.524,3149852.91957,0
1779692400000,4564.62,4566.92,4563.02,4563.16,1254.527,1779693299999,5727329.98179,3383,591.607,2700874.23816,0
1779693300000,4563.16,4563.55,4555.73,4557.07,2848.144,1779694199999,12982278.84490,5589,1473.504,6715791.21079,0
1779694200000,4557.07,4563.82,4556.98,4562.43,1282.979,1779695099999,5852065.13271,3263,678.171,3093123.20728,0
1779695100000,4562.42,4567.20,4560.08,4566.96,1275.272,1779695999999,5821737.37345,3175,644.152,2940483.71456,0
1779696000000,4566.95,4566.95,4562.25,4563.73,996.532,1779696899999,4549030.87349,2823,483.333,2206287.64655,0
1779696900000,4563.73,4563.74,4556.86,4557.78,1249.258,1779697799999,5695572.93917,3341,594.518,2710313.09891,0
1779697800000,4557.78,4560.89,4556.66,4557.70,1012.999,1779698699999,4618025.68357,2434,548.835,2501977.40482,0
1779698700000,4557.70,4559.41,4557.00,4559.15,692.242,1779699599999,3155262.70287,1787,492.871,2246485.23970,0
1779699600000,4559.15,4561.43,4558.19,4558.74,419.813,1779700499999,1914252.10208,1931,197.820,902019.92221,0
1779700500000,4558.74,4561.44,4558.51,4561.44,562.787,1779701399999,2566000.32242,1547,290.259,1323446.16031,0
1779701400000,4561.44,4567.87,4561.26,4567.63,1624.002,1779702299999,7415042.94564,4252,682.698,3116962.42221,0
1779702300000,4567.63,4570.81,4566.76,4569.72,2285.140,1779703199999,10441835.00743,3283,1050.654,4800970.73614,0
1779703200000,4569.73,4574.32,4569.73,4573.86,1939.293,1779704099999,8867545.27998,3490,1116.193,5103566.23336,0
1779704100000,4573.85,4575.50,4572.17,4572.72,1645.054,1779704999999,7524209.02330,2765,696.012,3183549.18819,0
1779705000000,4572.72,4574.48,4570.76,4572.26,1029.661,1779705899999,4708483.18493,2168,390.260,1784587.65058,0
1779705900000,4572.25,4573.83,4571.15,4571.38,675.584,1779706799999,3089035.68129,2102,257.394,1176844.98011,0
1779706800000,4571.18,4574.48,4569.54,4574.45,941.997,1779707699999,4305565.33847,1949,501.585,2292737.74668,0
1779707700000,4574.45,4576.98,4571.99,4573.80,1971.362,1779708599999,9019686.55660,3057,623.224,2851306.95905,0
1779708600000,4573.81,4577.00,4573.80,4576.23,1634.282,1779709499999,7479046.87285,2459,683.134,3126085.29452,0
1779709500000,4576.23,4578.87,4571.67,4571.67,2149.796,1779710399999,9836642.27771,2948,964.659,4414300.65249,0
1779710400000,4571.68,4571.68,4559.54,4559.55,3799.149,1779711299999,17338695.11631,6236,2233.244,10191048.99337,0
1779711300000,4559.55,4564.01,4556.48,4563.46,3794.570,1779712199999,17299262.19191,5592,2256.801,10288345.27528,0
1779712200000,4563.47,4572.06,4563.02,4568.94,2635.009,1779713099999,12037297.14177,4665,1511.252,6903169.64983,0
1779713100000,4568.95,4570.60,4566.12,4569.80,1707.017,1779713999999,7798361.98935,2955,593.978,2713552.39508,0
1779714000000,4569.80,4573.00,4564.20,4566.96,2137.333,1779714899999,9764579.55376,4843,983.467,4492690.33087,0
1779714900000,4566.96,4567.34,4563.79,4564.53,1010.341,1779715799999,4612320.62542,2829,609.066,2780370.87725,0
1779715800000,4564.52,4568.19,4564.46,4567.70,941.408,1779716699999,4298779.84426,2293,622.130,2840734.16133,0
1779716700000,4567.70,4567.71,4562.92,4566.09,1150.327,1779717599999,5251287.52256,2623,520.670,2376818.34846,0
1779717600000,4566.09,4572.00,4565.30,4569.78,1137.492,1779718499999,5198746.29581,3102,652.321,2981287.48075,0
1779718500000,4569.78,4572.36,4569.70,4570.68,1095.230,1779719399999,5006589.68507,1857,518.547,2370329.43237,0
1779719400000,4570.67,4570.67,4567.36,4569.24,641.585,1779720299999,2931541.69433,2000,250.457,1144343.10444,0
1779720300000,4569.24,4571.00,4567.81,4568.71,864.531,1779721199999,3950160.75979,1885,367.168,1677595.79900,0
1779721200000,4568.71,4575.44,4568.20,4572.24,1671.678,1779722099999,7642797.68973,4358,971.562,4442093.06025,0
1779722100000,4572.25,4577.10,4569.44,4575.33,2084.356,1779722999999,9533240.84085,3943,818.192,3741973.53439,0
1779723000000,4575.47,4575.47,4569.20,4571.05,709.079,1779723899999,3241800.42093,2108,311.464,1423891.43302,0
1779723900000,4571.06,4574.52,4570.85,4573.01,689.966,1779724799999,3155415.60728,1497,296.734,1357056.19243,0
1779724800000,4573.02,4573.39,4571.09,4572.49,465.946,1779725699999,2130233.71975,1506,174.424,797427.88825,0
1779725700000,4572.49,4572.50,4570.60,4570.78,752.441,1779726599999,3439797.75561,1179,337.009,1540573.82073,0
1779726600000,4570.79,4575.35,4570.78,4575.31,553.870,1779727499999,2532771.69095,1638,382.646,1749801.62238,0
1779727500000,4575.31,4577.12,4573.00,4576.03,1212.651,1779728399999,5548353.61340,2654,654.124,2992922.88459,0
1779728400000,4576.02,4579.76,4575.35,4576.15,1864.234,1779729299999,8533330.85495,3551,911.514,4172476.54064,0
1779729300000,4576.15,4576.38,4573.52,4574.24,900.892,1779730199999,4121780.77372,1334,320.041,1464108.95482,0
1779730200000,4574.25,4574.41,4569.93,4570.05,1641.625,1779731099999,7505767.77558,2512,964.964,4411860.85058,0
1779731100000,4570.07,4570.07,4566.40,4568.60,1756.068,1779731999999,8021483.70769,2661,855.141,3906113.06735,0
1779732000000,4568.59,4573.68,4567.94,4572.35,843.238,1779732899999,3854818.86082,2164,495.074,2262971.09696,0
1779732900000,4572.35,4573.40,4570.88,4573.25,557.736,1779733799999,2550119.62272,1253,422.577,1932112.79164,0
1779733800000,4573.24,4573.64,4571.41,4571.42,152.083,1779734699999,695383.75862,589,71.309,326070.26856,0
1779734700000,4571.42,4572.54,4571.02,4572.22,269.293,1779735599999,1231097.00460,628,207.486,948537.99861,0
1779735600000,4572.22,4572.75,4572.22,4572.74,101.943,1779736499999,466136.27442,501,59.498,272052.51674,0
1779736500000,4572.75,4573.60,4572.42,4572.72,124.879,1779737399999,571076.68256,496,74.924,342627.56386,0
1779737400000,4572.72,4572.73,4571.00,4572.65,168.968,1779738299999,772510.76165,730,60.488,276536.36628,0
1779738300000,4572.65,4573.27,4572.64,4573.27,102.719,1779739199999,469745.29565,435,54.864,250893.37215,0
1779739200000,4573.27,4574.87,4573.27,4574.74,414.814,1779740099999,1897471.42566,1400,357.102,1633473.42514,0
1779740100000,4574.74,4576.62,4574.73,4576.62,472.796,1779740999999,2163343.61114,1541,352.772,1614160.95698,0
1779741000000,4576.61,4577.50,4576.11,4576.79,624.323,1779741899999,2857463.68570,1642,370.661,1696469.99787,0
1779741900000,4576.78,4577.87,4576.78,4577.19,385.911,1779742799999,1766489.13268,1598,256.551,1174343.57404,0
1779742800000,4577.20,4577.86,4575.55,4575.80,393.756,1779743699999,1802290.12441,1108,162.274,742778.34015,0
1779743700000,4575.81,4576.23,4574.16,4575.34,240.479,1779744599999,1100266.11637,684,108.347,495737.88702,0
1779744600000,4575.33,4575.34,4573.81,4573.92,269.680,1779745499999,1233655.45060,729,121.639,556422.86505,0
1779745500000,4573.93,4573.93,4572.36,4572.98,144.501,1779746399999,660830.04664,719,64.934,296936.90516,0
1779746400000,4573.00,4577.06,4572.89,4575.74,1996.689,1779747299999,9134675.04400,3473,1081.872,4949319.51081,0
1779747300000,4575.73,4577.60,4575.26,4576.25,842.865,1779748199999,3857543.73430,1571,306.927,1404700.98376,0
1779748200000,4576.26,4576.99,4572.21,4576.14,1047.456,1779749099999,4791573.90167,1871,548.271,2508061.75534,0
1779749100000,4576.13,4578.58,4576.00,4577.31,671.201,1779749999999,3072332.81387,1281,296.137,1355545.79587,0
1779750000000,4577.39,4581.90,4576.52,4581.89,1469.479,1779750899999,6729232.52410,3670,743.381,3404141.32313,0
1779750900000,4581.90,4584.91,4570.29,4571.58,2338.293,1779751799999,10706992.14603,4649,1320.211,6046228.24487,0
1779751800000,4571.64,4571.84,4558.96,4560.19,5087.103,1779752699999,23214466.30459,7768,2495.671,11388095.92218,0
1779752700000,4560.00,4565.92,4560.00,4563.02,2233.881,1779753599999,10193963.08913,3505,1434.387,6545308.61601,0
1779753600000,4563.03,4563.39,4551.51,4555.31,5058.765,1779754499999,23043979.47299,7248,2448.839,11154113.86323,0
1779754500000,4555.31,4556.29,4545.16,4552.35,4531.175,1779755399999,20612466.55001,6666,2248.260,10226870.54202,0
1779755400000,4552.35,4555.83,4547.27,4551.05,1488.112,1779756299999,6774272.61571,3507,905.457,4121901.57344,0
1779756300000,4551.17,4554.42,4543.20,4551.95,2544.473,1779757199999,11573421.96476,5041,1250.639,5688573.55576,0
1779757200000,4551.96,4553.00,4545.45,4551.43,2836.973,1779758099999,12905332.22348,5909,1244.337,5660322.02352,0
1779758100000,4551.43,4551.43,4545.58,4546.69,1082.933,1779758999999,4925295.36041,2873,508.989,2314825.83517,0
1779759000000,4546.78,4547.01,4531.45,4535.17,5289.514,1779759899999,24002046.87431,8508,2534.081,11498670.69878,0
1779759900000,4535.18,4540.47,4534.92,4540.25,1927.615,1779760799999,8746183.28920,3480,1362.424,6181776.53870,0
1779760800000,4540.25,4542.25,4538.69,4541.36,999.810,1779761699999,4539795.35007,2464,553.888,2515095.27418,0
1779761700000,4541.36,4542.25,4539.63,4540.20,997.010,1779762599999,4527537.13599,2108,542.582,2463901.04305,0
1779762600000,4540.20,4542.29,4537.13,4537.36,1363.215,1779763499999,6188066.59705,3285,835.450,3792172.47386,0
1779763500000,4537.36,4537.37,4533.56,4535.53,1795.349,1779764399999,8142970.91055,3186,1072.264,4863354.87592,0
1779764400000,4535.50,4541.28,4535.10,4540.49,631.108,1779765299999,2864359.82171,2115,410.195,1861710.72335,0
1779765300000,4540.49,4545.67,4540.27,4544.66,1517.688,1779766199999,6896187.24567,2452,909.359,4132025.66334,0
1779766200000,4544.65,4547.38,4543.60,4543.91,1077.075,1779767099999,4896031.95612,2174,486.812,2212902.88180,0
1779767100000,4543.91,4547.28,4543.76,4545.57,888.177,1779767999999,4036968.18473,1689,638.736,2903193.35528,0
1779768000000,4545.57,4546.34,4539.35,4540.49,753.724,1779768899999,3423695.35888,2007,237.051,1076853.69059,0
1779768900000,4540.49,4542.25,4536.50,4536.50,789.301,1779769799999,3582632.90659,1730,332.442,1509077.37696,0
1779769800000,4536.51,4536.61,4529.04,4530.01,3873.302,1779770699999,17555972.76879,4064,2168.009,9826458.84220,0
1779770700000,4530.01,4532.32,4526.74,4529.45,2014.812,1779771599999,9126317.56150,3076,1010.488,4577358.91858,0
1779771600000,4529.45,4534.83,4527.02,4532.85,1733.940,1779772499999,7857290.73016,3176,1199.417,5434947.58353,0
1779772500000,4532.85,4534.83,4532.48,4534.65,1563.463,1779773399999,7088040.83810,2155,1214.845,5507493.81220,0
1779773400000,4534.65,4537.97,4531.60,4533.18,1352.472,1779774299999,6133939.88995,3553,761.308,3452709.95325,0
1779774300000,4533.19,4533.19,4527.50,4530.76,1147.739,1779775199999,5199839.41194,3255,603.164,2732585.00262,0
1779775200000,4530.76,4535.39,4530.76,4534.40,1072.615,1779776099999,4862726.35635,2718,700.843,3177226.27909,0
1779776100000,4534.37,4538.48,4531.06,4533.60,1811.358,1779776999999,8213437.46724,4392,883.457,4005855.22084,0
1779777000000,4533.53,4536.71,4532.04,4536.51,759.320,1779777899999,3443407.33865,2421,512.708,2325021.88236,0
1779777900000,4536.52,4536.54,4531.69,4534.85,860.746,1779778799999,3902542.60764,2214,384.383,1742751.38620,0
1779778800000,4534.85,4536.63,4529.25,4532.04,1686.272,1779779699999,7644589.86430,4305,855.282,3877254.60758,0
1779779700000,4532.17,4534.39,4526.24,4533.00,2201.630,1779780599999,9973768.79645,3469,1458.124,6605605.78824,0
1779780600000,4532.99,4533.24,4525.17,4529.62,2056.665,1779781499999,9313323.78501,4515,915.722,4146610.89832,0
1779781500000,4529.61,4541.09,4528.57,4540.54,2895.191,1779782399999,13132581.07335,5543,1345.995,6105036.47570,0
1779782400000,4540.54,4541.30,4531.00,4531.25,3110.385,1779783299999,14110259.39843,4373,1249.197,5666497.72491,0
1779783300000,4531.25,4533.47,4524.05,4526.28,2912.943,1779784199999,13192809.74311,4198,1508.961,6835136.96619,0
1779784200000,4526.28,4529.94,4523.03,4529.01,2463.776,1779785099999,11151048.36788,3870,1403.568,6352650.08357,0
1779785100000,4529.01,4530.82,4524.33,4527.32,1866.860,1779785999999,8451952.67575,3007,900.402,4076435.15004,0
1779786000000,4527.33,4527.99,4523.26,4523.95,1597.547,1779786899999,7230971.46758,2621,723.534,3275092.19399,0
1779786900000,4523.95,4528.94,4522.36,4527.89,2906.065,1779787799999,13153766.62771,4515,1702.027,7703860.03468,0
1779787800000,4527.88,4528.12,4516.21,4517.27,5051.632,1779788699999,22834460.40811,7554,2218.316,10026588.23376,0
1779788700000,4517.26,4526.57,4517.24,4525.35,1757.115,1779789599999,7944804.68447,4248,890.862,4028052.99945,0
1779789600000,4525.36,4534.58,4522.56,4532.11,3051.869,1779790499999,13819926.25423,5058,1359.339,6156061.35096,0
1779790500000,4532.11,4538.82,4530.66,4536.63,3075.321,1779791399999,13945547.52824,5579,1596.195,7238476.27002,0
1779791400000,4536.63,4541.00,4534.56,4536.20,2792.045,1779792299999,12668587.42916,5752,1170.842,5312819.03096,0
1779792300000,4536.19,4542.72,4535.60,4537.29,1995.487,1779793199999,9056702.69152,4254,898.473,4077979.26538,0
1779793200000,4537.29,4539.37,4534.80,4534.80,1018.783,1779794099999,4622756.99478,2502,522.239,2369631.01379,0
1779794100000,4534.76,4536.40,4526.95,4527.47,2873.680,1779794999999,13020291.38530,4761,1654.069,7494067.18366,0
1779795000000,4527.47,4527.47,4509.18,4514.51,11190.436,1779795899999,50554962.54898,17735,5732.969,25899409.23340,0
1779795900000,4514.52,4519.50,4507.51,4511.42,5996.154,1779796799999,27064234.37693,9000,2693.405,12157992.34619,0
1779796800000,4511.43,4516.40,4508.80,4514.98,4304.706,1779797699999,19425963.53009,8630,2304.320,10399217.56798,0
1779797700000,4514.97,4519.48,4508.31,4510.56,3115.706,1779798599999,14064773.60342,7071,1467.349,6624120.80188,0
1779798600000,4510.56,4515.44,4506.00,4515.17,4189.949,1779799499999,18895613.36925,7784,2216.632,9997389.29973,0
1779799500000,4515.19,4526.51,4514.25,4523.53,3368.169,1779800399999,15232702.90432,7367,1350.752,6108424.93840,0
1779800400000,4523.53,4528.93,4518.90,4521.38,3484.408,1779801299999,15761972.20746,6690,1483.512,6710739.08189,0
1779801300000,4521.38,4530.24,4521.09,4525.32,2877.882,1779802199999,13027590.69394,4924,1329.464,6017840.76893,0
1779802200000,4525.33,4533.71,4524.28,4530.27,3972.412,1779803099999,17992368.75506,7375,1856.080,8406420.50582,0
1779803100000,4530.28,4531.77,4516.33,4517.97,4676.775,1779803999999,21151694.62910,8553,2216.305,10022984.66285,0
1779804000000,4517.96,4524.18,4512.08,4514.87,3859.980,1779804899999,17439600.44420,7995,2006.210,9065145.93336,0
1779804900000,4514.86,4520.76,4512.72,4520.51,2770.895,1779805799999,12519107.27673,4282,1731.719,7824052.73598,0
1779805800000,4520.50,4527.49,4520.22,4524.08,2595.479,1779806699999,11741071.83545,5809,1143.176,5171350.34386,0
1779806700000,4524.08,4524.99,4515.86,4518.06,1673.841,1779807599999,7566421.75804,3824,552.292,2496743.50751,0
1779807600000,4518.06,4518.13,4512.01,4513.60,2199.725,1779808499999,9930316.77969,4749,1087.357,4908713.50041,0
1779808500000,4513.58,4514.39,4509.02,4510.13,3418.629,1779809399999,15421650.84662,4826,1837.754,8290112.23735,0
1779809400000,4510.13,4512.80,4506.67,4511.95,2479.616,1779810299999,11182188.79722,4737,1430.095,6449404.50850,0
1779810300000,4511.94,4514.00,4510.00,4510.47,1824.291,1779811199999,8230893.34447,3624,903.746,4077377.31278,0
1779811200000,4510.47,4512.09,4505.01,4506.01,2460.743,1779812099999,11092947.92917,4061,1138.329,5131583.26077,0
1779812100000,4506.00,4512.23,4504.43,4511.41,2515.431,1779812999999,11337722.30013,4210,1441.455,6497142.17130,0
1779813000000,4511.41,4514.96,4509.40,4509.55,1296.123,1779813899999,5848731.12766,3568,617.436,2786246.02272,0
1779813900000,4509.54,4510.72,4506.56,4508.90,947.555,1779814799999,4271778.77496,2376,478.440,2156912.89309,0
1779814800000,4508.90,4511.22,4507.40,4507.78,769.940,1779815699999,3471792.06087,2119,436.003,1966042.25971,0
1779815700000,4507.79,4510.90,4504.10,4504.96,1104.870,1779816599999,4980717.12986,3206,530.958,2393571.80582,0
1779816600000,4504.95,4505.38,4500.43,4502.73,3911.786,1779817499999,17612356.83478,6427,1442.446,6494664.89451,0
1779817500000,4502.84,4505.27,4493.78,4494.82,6600.431,1779818399999,29698243.96451,8611,2576.518,11592602.87657,0
1779818400000,4494.82,4496.93,4487.34,4492.01,6056.897,1779819299999,27206480.28801,9320,2601.820,11687076.86669,0
1779819300000,4492.01,4500.60,4491.43,4499.57,1891.714,1779820199999,8504803.46265,3606,1230.186,5530409.98419,0
1779820200000,4499.57,4501.65,4498.66,4499.68,687.606,1779821099999,3094231.35418,2139,358.985,1615428.73838,0
1779821100000,4499.67,4502.79,4499.67,4502.24,514.042,1779821999999,2314119.99958,1801,200.375,902031.16476,0
1779822000000,4502.44,4504.18,4500.83,4502.74,695.022,1779822899999,3129523.94967,2030,355.295,1599816.05747,0
1779822900000,4502.73,4508.31,4502.73,4506.12,1102.192,1779823799999,4967145.68003,3305,715.539,3224617.49248,0
1779823800000,4506.27,4509.74,4505.18,4508.74,733.655,1779824699999,3307066.03457,2163,405.679,1828731.02477,0
1779824700000,4508.73,4513.04,4508.41,4511.98,810.245,1779825599999,3654858.88283,2570,357.838,1614140.81823,0
1779825600000,4512.00,4514.66,4510.38,4511.66,1101.280,1779826499999,4969533.86386,2343,501.911,2264816.72050,0
1779826500000,4511.76,4513.37,4510.38,4510.39,310.253,1779827399999,1399933.67350,1318,122.221,551509.45479,0
1779827400000,4510.39,4513.73,4509.45,4513.60,510.282,1779828299999,2302162.52840,2162,275.630,1243544.46957,0
1779828300000,4513.60,4514.91,4509.40,4511.76,744.123,1779829199999,3357694.45370,1937,238.407,1075615.21455,0
1779829200000,4511.76,4513.69,4510.80,4513.46,465.083,1779830099999,2098537.04161,1709,261.281,1178977.54223,0
1779830100000,4513.46,4513.91,4512.80,4513.38,109.836,1779830999999,495720.17759,685,64.683,291932.86658,0
1779831000000,4513.37,4514.05,4513.20,4514.05,248.821,1779831899999,1123150.10075,750,220.882,997043.04807,0
1779831900000,4514.05,4514.64,4510.53,4511.92,190.580,1779832799999,860057.98277,988,40.476,182673.19460,0
1779832800000,4511.92,4515.53,4507.76,4508.31,3634.150,1779833699999,16391520.60506,6268,1767.257,7971340.67828,0
1779833700000,4508.31,4513.08,4507.49,4508.68,1955.640,1779834599999,8819568.98276,3255,1001.486,4516391.59520,0
1779834600000,4508.58,4509.94,4503.56,4505.82,2130.920,1779835499999,9601350.53907,3513,986.105,4443443.66461,0
1779835500000,4505.82,4515.40,4504.66,4514.50,1123.408,1779836399999,5066718.34229,2634,752.814,3394913.33745,0
1779836400000,4514.50,4517.25,4511.43,4512.64,1970.399,1779837299999,8896402.76082,3730,987.018,4456485.04023,0
1779837300000,4512.64,4515.78,4507.74,4515.15,3659.345,1779838199999,16507141.74692,6655,2027.858,9147630.12060,0
1779838200000,4515.14,4529.23,4513.53,4529.20,4369.873,1779839099999,19756215.32473,7315,2292.128,10362606.43969,0
1779839100000,4529.21,4530.00,4521.13,4521.93,2936.202,1779839999999,13290391.15940,4635,1388.099,6282550.56105,0
1779840000000,4521.94,4527.75,4520.29,4524.57,3819.665,1779840899999,17281722.41290,3911,1909.387,8638111.51506,0
1779840900000,4524.57,4524.96,4517.21,4520.39,1162.167,1779841799999,5253965.13635,3564,484.057,2188083.46616,0
1779841800000,4520.42,4522.94,4519.58,4521.45,1940.470,1779842699999,8774261.63286,2592,918.272,4152194.65884,0
1779842700000,4521.45,4525.01,4518.27,4518.57,1972.423,1779843599999,8917588.52571,3587,774.912,3503590.00394,0
1779843600000,4518.57,4523.65,4516.02,4522.57,1875.167,1779844499999,8475230.17875,5624,883.355,3992174.37611,0
1779844500000,4522.56,4523.86,4517.92,4519.14,733.844,1779845399999,3317945.32906,2737,373.419,1688464.27915,0
1779845400000,4519.13,4520.00,4513.00,4513.49,1347.104,1779846299999,6084634.58812,3372,639.446,2888347.73742,0
1779846300000,4513.50,4513.94,4510.40,4511.49,900.718,1779847199999,4063858.63190,2669,334.720,1510206.52828,0
1779847200000,4511.48,4512.77,4506.10,4507.73,1288.223,1779848099999,5807414.65331,3491,741.707,3343544.17203,0
1779848100000,4507.76,4508.91,4502.72,4508.70,1557.329,1779848999999,7016837.04037,4083,878.976,3960559.30427,0
1779849000000,4508.69,4509.12,4502.81,4503.86,1322.532,1779849899999,5958069.92434,3559,640.094,2883568.92150,0
1779849900000,4503.86,4510.33,4502.30,4508.70,1162.472,1779850799999,5238635.85487,2644,666.825,3004925.53767,0
1779850800000,4508.88,4513.14,4508.42,4512.41,640.788,1779851699999,2890531.59095,2350,340.202,1534587.05018,0
1779851700000,4512.31,4514.30,4508.82,4510.38,1071.289,1779852599999,4833353.52850,2455,518.565,2339624.91372,0
1779852600000,4510.38,4510.70,4505.26,4507.19,1023.416,1779853499999,4613210.32512,2317,376.253,1696010.80711,0
1779853500000,4507.19,4508.40,4500.72,4501.09,1421.078,1779854399999,6401684.69658,3057,721.356,3249495.52155,0
1779854400000,4501.18,4506.48,4500.16,4505.82,1319.369,1779855299999,5941766.49978,2818,839.271,3779638.54557,0
1779855300000,4505.84,4506.70,4502.85,4503.05,834.478,1779856199999,3759548.21661,2351,349.072,1572663.42385,0
1779856200000,4503.05,4511.62,4501.21,4511.62,1700.298,1779857099999,7661245.45085,3529,812.109,3659668.32271,0
1779857100000,4511.61,4520.29,4511.55,4513.55,3054.382,1779857999999,13793380.88673,5974,1422.179,6422280.55451,0
1779858000000,4513.56,4516.69,4512.01,4512.60,1630.849,1779858899999,7360820.05461,3075,711.526,3211421.18970,0
1779858900000,4512.53,4512.54,4507.48,4510.65,1741.818,1779859799999,7854292.59611,4119,744.485,3356918.17845,0
1779859800000,4510.66,4511.76,4495.49,4496.68,5606.561,1779860699999,25231728.94668,11492,3015.468,13569943.55548,0
1779860700000,4496.67,4505.18,4495.69,4500.54,3268.646,1779861599999,14709412.44639,6648,1796.853,8085751.17321,0
1779861600000,4500.59,4502.00,4497.16,4497.71,1894.950,1779862499999,8525752.44639,4861,1093.318,4918741.03084,0
1779862500000,4497.72,4499.00,4487.97,4490.04,6413.443,1779863399999,28808322.97377,9160,3226.076,14489456.42930,0
1779863400000,4490.04,4491.15,4483.00,4491.15,4166.299,1779864299999,18693465.45437,9584,2497.568,11206752.93629,0
1779864300000,4491.15,4493.91,4487.23,4488.48,1852.713,1779865199999,8320478.50133,4126,997.429,4479404.87932,0
1779865200000,4488.48,4491.96,4483.89,4483.90,2467.877,1779866099999,11075892.41910,6677,1476.507,6626545.40276,0
1779866100000,4483.95,4491.87,4483.95,4489.20,1511.985,1779866999999,6785708.36174,4542,821.293,3685422.64107,0
1779867000000,4489.20,4492.32,4484.91,4485.96,1169.338,1779867899999,5247996.06540,4849,589.433,2645185.78368,0
1779867900000,4485.96,4487.50,4478.00,4484.72,4576.212,1779868799999,20510596.16879,9708,2297.500,10298315.59303,0
1779868800000,4484.71,4491.74,4484.11,4489.21,3637.442,1779869699999,16328211.31646,6417,1568.893,7042073.61355,0
1779869700000,4489.22,4495.07,4489.03,4492.73,5535.446,1779870599999,24871979.79589,6198,3449.121,15497973.47324,0
1779870600000,4492.73,4498.92,4490.22,4498.62,4693.149,1779871499999,21089738.89600,5397,1564.413,7030776.85972,0
1779871500000,4498.62,4501.26,4495.36,4500.16,2971.950,1779872399999,13371346.48059,5286,1316.474,5922747.02941,0
1779872400000,4500.15,4500.15,4492.40,4495.58,2295.110,1779873299999,10319076.23181,5191,1022.030,4594948.65665,0
1779873300000,4495.50,4498.22,4492.85,4493.28,1485.235,1779874199999,6677197.49948,3350,805.326,3620608.78387,0
1779874200000,4493.28,4495.14,4490.02,4491.86,1516.161,1779875099999,6811336.19641,3911,799.400,3591234.01247,0
1779875100000,4491.87,4496.14,4491.52,4493.00,745.106,1779875999999,3348437.60225,2346,388.036,1743776.37404,0
1779876000000,4493.01,4493.26,4488.06,4488.92,1161.863,1779876899999,5216802.54186,4492,494.261,2219188.88883,0
1779876900000,4488.92,4489.58,4480.26,4480.69,3828.608,1779877799999,17167351.36889,7573,1741.981,7810166.76947,0
1779877800000,4480.69,4480.80,4466.46,4469.76,8809.386,1779878699999,39410350.78980,17764,4298.661,19231703.43078,0
1779878700000,4469.76,4470.77,4447.68,4451.23,24899.432,1779879599999,110925647.90841,36438,12327.815,54917407.78379,0
1779879600000,4451.39,4458.10,4449.23,4455.33,6406.608,1779880499999,28533164.55689,12060,3802.155,16934069.77824,0
1779880500000,4455.33,4456.69,4444.00,4445.35,6499.523,1779881399999,28919692.15508,11224,2998.264,13341937.53524,0
1779881400000,4445.35,4449.21,4437.02,4448.07,8895.308,1779882299999,39519270.42081,13929,4634.571,20592464.05637,0
1779882300000,4448.06,4449.24,4428.65,4433.02,7112.467,1779883199999,31566986.12261,12537,3111.393,13809249.18477,0
1779883200000,4433.06,4441.83,4432.63,4435.03,5742.969,1779884099999,25481803.11195,10824,3286.969,14583161.42032,0
1779884100000,4434.90,4469.41,4432.71,4458.48,21201.526,1779884999999,94477757.78107,30997,9387.770,41818362.26480,0
1779885000000,4458.47,4463.64,4449.14,4451.32,9091.772,1779885899999,40510993.70760,15001,4605.363,20521242.94243,0
1779885900000,4451.32,4452.07,4442.35,4443.18,3819.318,1779886799999,16986372.89900,8816,1960.141,8718122.48757,0
1779886800000,4443.18,4443.27,4416.40,4421.38,20395.376,1779887699999,90252563.96749,30274,10209.407,45178108.39384,0
1779887700000,4421.37,4426.00,4405.06,4409.59,16964.036,1779888599999,74911596.45573,27240,7927.187,35009980.49844,0
1779888600000,4409.35,4429.90,4408.64,4424.08,11431.491,1779889499999,50555759.88547,20573,6245.584,27618390.61908,0
1779889500000,4423.83,4437.27,4422.97,4430.91,8969.832,1779890399999,39738561.56752,17283,4599.525,20375161.81326,0
1779890400000,4430.94,4457.72,4430.01,4450.96,14501.999,1779891299999,64468955.50165,19815,6117.767,27187299.20265,0
1779891300000,4450.96,4458.13,4443.20,4448.40,7614.633,1779892199999,33889120.08915,13405,2999.897,13351276.99040,0
1779892200000,4448.47,4452.44,4439.33,4445.76,6220.925,1779893099999,27651000.68279,13257,3224.887,14334183.36327,0
1779893100000,4445.98,4448.73,4436.20,4436.99,3046.649,1779893999999,13534359.46372,7539,1468.670,6524377.42675,0
1779894000000,4436.99,4441.12,4432.19,4435.76,3901.635,1779894899999,17308805.89345,8716,2270.484,10072028.17899,0
1779894900000,4435.75,4439.29,4433.63,4439.29,2183.182,1779895799999,9684518.31628,4994,1530.718,6790055.05500,0
1779895800000,4439.29,4444.99,4436.31,4437.22,2925.704,1779896699999,12995396.63219,6782,1558.178,6921744.26459,0
1779896700000,4437.21,4440.99,4433.83,4439.27,2148.251,1779897599999,9531626.12365,5635,1123.515,4985124.70190,0
1779897600000,4439.31,4444.88,4438.25,4443.89,2880.116,1779898499999,12792114.69040,5463,1329.408,5904780.19545,0
1779898500000,4443.89,4450.74,4443.79,4449.91,1660.038,1779899399999,7382633.98554,3762,967.766,4303929.05404,0
1779899400000,4449.77,4456.47,4448.40,4454.12,1756.914,1779900299999,7823047.85278,4334,943.170,4199707.78065,0
1779900300000,4454.13,4456.45,4452.25,4453.57,1979.864,1779901199999,8818312.50705,4767,695.070,3095862.47456,0
1779901200000,4453.64,4454.34,4444.65,4447.20,2253.725,1779902099999,10029566.64359,6024,690.600,3073201.99140,0
1779902100000,4447.25,4454.10,4446.90,4453.14,1424.750,1779902999999,6340141.94240,4083,854.952,3804727.95736,0
1779903000000,4453.14,4457.32,4453.14,4453.74,1257.833,1779903899999,5603832.75199,3693,400.810,1785720.47675,0
1779903900000,4453.74,4457.35,4453.11,4453.50,985.596,1779904799999,4390587.44411,2708,309.805,1380179.33084,0
1779904800000,4453.49,4455.20,4451.39,4453.13,611.786,1779905699999,2724143.82102,2140,190.118,846519.06463,0
1779905700000,4453.14,4461.14,4453.13,4458.97,1228.716,1779906599999,5478154.13516,3862,679.427,3029139.69649,0
1779906600000,4458.96,4459.44,4454.94,4456.21,579.800,1779907499999,2584117.10124,1979,160.185,713904.19478,0
1779907500000,4456.10,4457.74,4454.88,4457.31,455.273,1779908399999,2028837.27461,1190,192.219,856594.18997,0
1779908400000,4457.31,4457.55,4453.74,4455.35,553.641,1779909299999,2466740.78871,1711,262.823,1171025.39067,0
1779909300000,4455.35,4457.16,4452.73,4454.33,1087.418,1779910199999,4844624.88651,2633,397.549,1771114.90124,0
1779910200000,4454.34,4457.72,4453.10,4456.86,797.539,1779911099999,3553841.70677,2344,409.421,1824357.88267,0
1779911100000,4456.86,4456.86,4452.38,4454.16,800.840,1779911999999,3566914.59032,1975,323.842,1442276.09143,0
1779912000000,4454.16,4459.66,4453.40,4459.65,963.871,1779912899999,4295801.30837,1911,435.364,1940490.10094,0
1779912900000,4459.66,4462.65,4459.06,4459.06,840.265,1779913799999,3748624.13058,2033,378.599,1689036.32713,0
1779913800000,4459.06,4459.18,4455.55,4457.55,522.627,1779914699999,2329568.30124,1231,238.948,1065074.51528,0
1779914700000,4457.45,4461.21,4456.80,4460.98,348.643,1779915599999,1554614.61587,1164,121.350,541134.47127,0
1779915600000,4460.98,4461.60,4458.75,4459.77,438.816,1779916499999,1957220.68869,1196,171.608,765414.48781,0
1779916500000,4459.76,4460.44,4459.23,4460.06,165.821,1779917399999,739514.78996,825,59.435,265058.43067,0
1779917400000,4460.06,4460.06,4456.21,4456.22,798.070,1779918299999,3557474.53933,1432,99.174,442121.98226,0
1779918300000,4456.23,4459.49,4456.22,4458.65,728.006,1779919199999,3245129.87476,1794,484.274,2158713.42801,0
1779919200000,4458.66,4467.89,4458.64,4461.24,4499.022,1779920099999,20080402.97078,7338,2495.567,11137814.98123,0
1779920100000,4461.28,4464.56,4459.59,4462.52,838.082,1779920999999,3739618.44203,2224,425.869,1900108.64657,0
1779921000000,4462.52,4465.76,4458.36,4461.21,1658.240,1779921899999,7399654.40757,3676,586.547,2617170.28366,0
1779921900000,4461.22,4461.39,4458.57,4460.29,619.218,1779922799999,2761854.53800,1831,284.683,1269764.47114,0
1779922800000,4460.29,4460.47,4454.35,4456.22,1240.809,1779923699999,5529891.29424,2584,573.975,2557707.99370,0
1779923700000,4456.23,4457.42,4452.14,4453.75,1158.484,1779924599999,5160232.07958,3169,510.793,2275182.09033,0
1779924600000,4453.76,4457.15,4452.87,4454.01,1366.252,1779925499999,6085701.51381,3124,813.130,3621822.99360,0
1779925500000,4454.01,4454.01,4446.66,4449.83,2359.846,1779926399999,10500724.63031,5466,991.639,4413041.59107,0
1779926400000,4449.82,4455.19,4446.93,4446.95,1245.825,1779927299999,5544937.42574,4992,578.352,2574106.38440,0
1779927300000,4446.96,4456.77,4446.66,4449.18,1965.711,1779928199999,8750657.86094,5606,952.937,4241842.54468,0
1779928200000,4449.17,4455.83,4446.69,4455.14,1715.994,1779929099999,7640123.69459,4392,835.209,3718177.89907,0
1779929100000,4455.19,4460.77,4454.22,4459.73,978.641,1779929999999,4362066.20324,3410,488.833,2178995.48396,0
1779930000000,4459.74,4461.58,4441.55,4441.80,4078.822,1779930899999,18149203.21991,9383,1682.041,7484907.41696,0
1779930900000,4441.80,4443.33,4420.80,4422.78,5268.869,1779931799999,23342033.64509,13816,2816.191,12473221.12283,0
1779931800000,4422.78,4429.48,4420.00,4421.11,3272.953,1779932699999,14483834.16722,9089,1884.828,8341734.39254,0
1779932700000,4421.12,4423.39,4411.06,4413.65,5077.672,1779933599999,22421709.06442,9536,2492.397,11004671.80493,0
1779933600000,4413.65,4416.38,4400.72,4406.47,8379.749,1779934499999,36937150.04995,13521,4285.438,18892171.34236,0
1779934500000,4406.47,4411.42,4404.42,4409.67,3287.206,1779935399999,14491585.65876,6581,2014.069,8878892.63757,0
1779935400000,4409.67,4414.47,4405.37,4406.56,3415.338,1779936299999,15060569.80234,7255,1577.680,6957805.36906,0
1779936300000,4406.55,4406.55,4397.71,4398.71,6178.487,1779937199999,27189136.89837,11796,2970.290,13071301.18769,0
1779937200000,4398.70,4402.20,4395.21,4399.29,4245.794,1779938099999,18674775.69911,8004,2406.328,10584422.88178,0
1779938100000,4399.29,4399.31,4385.45,4390.85,10288.338,1779938999999,45167972.03656,13880,4673.756,20516758.58960,0
1779939000000,4390.86,4390.86,4373.21,4379.76,9868.493,1779939899999,43221694.81742,14442,3386.854,14832880.06830,0
1779939900000,4379.76,4382.74,4371.34,4377.08,6901.330,1779940799999,30202309.88820,10346,2592.777,11346927.52097,0
1779940800000,4377.07,4385.70,4373.52,4380.30,5329.805,1779941699999,23347324.64261,9387,2734.742,11980461.43394,0
1779941700000,4380.29,4381.17,4370.58,4371.65,5141.174,1779942599999,22488296.64220,8000,2457.252,10748636.55623,0
1779942600000,4371.64,4379.05,4371.64,4378.45,2302.823,1779943499999,10076522.68342,6109,1494.399,6538983.21005,0
1779943500000,4378.44,4379.14,4372.72,4377.41,2133.220,1779944399999,9335130.23256,5416,1241.875,5434422.63363,0
1779944400000,4377.41,4380.84,4371.96,4378.97,3449.181,1779945299999,15092678.30734,6508,2007.593,8784847.77649,0
1779945300000,4378.97,4383.94,4375.80,4382.61,2249.491,1779946199999,9852880.30209,5906,1360.514,5959412.30164,0
1779946200000,4382.62,4396.00,4379.57,4393.07,5774.299,1779947099999,25353484.32491,11109,3059.917,13433629.39941,0
1779947100000,4393.01,4398.97,4391.09,4391.33,3119.822,1779947999999,13713414.15235,6036,1199.471,5272774.06116,0
1779948000000,4391.33,4393.35,4379.24,4380.37,4384.455,1779948899999,19230297.41052,8593,1939.691,8506672.68989,0
1779948900000,4380.36,4388.62,4378.57,4383.84,2552.079,1779949799999,11188745.95327,5629,1694.660,7430037.27763,0
1779949800000,4383.93,4388.32,4381.01,4384.28,1418.551,1779950699999,6220904.15921,4647,721.210,3162991.30110,0
1779950700000,4384.28,4388.40,4383.52,4387.15,1120.033,1779951599999,4912694.83782,3343,586.280,2571589.95200,0
1779951600000,4387.31,4395.00,4387.31,4392.77,2253.612,1779952499999,9897112.72027,5357,1436.674,6309270.04918,0
1779952500000,4392.78,4398.67,4390.55,4395.28,4902.052,1779953399999,21553020.03822,5679,2572.231,11309144.36125,0
1779953400000,4395.29,4396.64,4388.47,4391.83,1902.083,1779954299999,8355601.28168,4780,693.266,3045331.85137,0
1779954300000,4391.84,4393.45,4386.00,4390.51,2127.493,1779955199999,9338251.42251,4820,1010.826,4436570.78298,0
1779955200000,4390.52,4397.63,4390.00,4395.82,2629.655,1779956099999,11554316.38586,5895,1262.035,5544788.16780,0
1779956100000,4395.81,4397.00,4390.19,4392.51,2101.824,1779956999999,9236519.44667,4220,912.415,4009959.83563,0
1779957000000,4392.51,4397.44,4389.66,4393.47,1717.835,1779957899999,7548463.52929,4245,725.285,3186849.07002,0
1779957900000,4393.47,4394.96,4389.18,4390.39,1528.033,1779958799999,6711163.25978,3342,662.583,2910033.86139,0
1779958800000,4390.38,4394.39,4390.01,4392.19,1245.640,1779959699999,5470932.74842,3292,537.524,2360751.56428,0
1779959700000,4392.19,4401.29,4391.72,4399.23,2535.723,1779960599999,11152241.27587,5807,1203.304,5292299.03962,0
1779960600000,4399.32,4399.69,4393.91,4394.90,1745.704,1779961499999,7675176.64384,4327,785.556,3453559.49806,0
1779961500000,4394.89,4399.64,4393.50,4397.13,1857.530,1779962399999,8167821.26309,3698,1051.325,4622780.08575,0
1779962400000,4397.14,4406.00,4395.40,4402.56,3706.248,1779963299999,16315522.80083,5659,1994.032,8777794.46072,0
1779963300000,4402.57,4404.78,4396.68,4404.17,2234.088,1779964199999,9832039.88492,4707,873.075,3842211.02496,0
1779964200000,4404.16,4405.21,4391.41,4392.34,2784.598,1779965099999,12249540.25729,5457,943.789,4151692.13684,0
1779965100000,4392.34,4392.35,4379.67,4386.25,8391.622,1779965999999,36803049.33183,13704,4161.922,18251714.22922,0
1779966000000,4386.25,4392.09,4384.86,4390.23,2758.643,1779966899999,12107333.62336,6656,1235.503,5422520.37981,0
1779966900000,4390.22,4393.08,4387.44,4387.81,1817.883,1779967799999,7982089.73598,3796,739.021,3245140.10329,0
1779967800000,4387.80,4393.20,4384.10,4389.23,1662.041,1779968699999,7296198.63231,4787,873.067,3832414.03693,0
1779968700000,4389.31,4391.24,4384.62,4390.75,1577.068,1779969599999,6918797.36845,4067,914.315,4011267.34450,0
1779969600000,4390.87,4396.10,4390.87,4395.29,1504.065,1779970499999,6608393.12565,4003,678.959,2983114.11423,0
1779970500000,4395.29,4395.84,4383.00,4388.01,3616.939,1779971399999,15869199.23343,6760,1643.248,7209303.07236,0
1779971400000,4388.02,4405.77,4386.91,4405.17,7413.416,1779972299999,32609234.97096,13050,3940.864,17332610.12388,0
1779972300000,4405.18,4436.36,4404.73,4434.99,15404.311,1779973199999,68119911.84138,21095,6210.768,27464809.42903,0
1779973200000,4434.99,4441.66,4428.00,4429.82,12472.060,1779974099999,55302283.63227,21163,4340.544,19247020.63280,0
1779974100000,4429.91,4437.15,4429.04,4431.53,5875.040,1779974999999,26046537.79900,9278,2505.830,11108974.81249,0
1779975000000,4431.53,4433.88,4420.97,4425.59,7037.300,1779975899999,31148631.24795,12849,2972.822,13158258.88332,0
1779975900000,4425.58,4437.33,4424.93,4433.29,6004.723,1779976799999,26611029.44074,10712,2986.980,13236087.07501,0
1779976800000,4433.28,4474.00,4424.00,4467.60,19628.499,1779977699999,87379293.95543,34567,10176.862,45309656.04796,0
1779977700000,4467.60,4475.68,4454.83,4463.65,19872.668,1779978599999,88721838.32007,33241,8405.249,37526761.73267,0
1779978600000,4463.48,4473.56,4456.19,4471.31,7884.916,1779979499999,35208046.86708,15849,3576.537,15970870.06968,0
1779979500000,4471.32,4482.57,4464.35,4471.47,12534.663,1779980399999,56071987.42153,21079,5494.390,24580193.58810,0
1779980400000,4471.47,4482.71,4470.58,4473.82,4771.340,1779981299999,21361799.58745,11044,2135.961,9563139.91264,0
1779981300000,4473.83,4484.98,4471.82,4479.48,6038.729,1779982199999,27046170.14985,9146,3007.011,13469628.21006,0
1779982200000,4479.48,4487.33,4479.48,4481.62,4401.639,1779983099999,19733123.70868,8871,2160.109,9684360.95100,0
1779983100000,4481.63,4484.25,4481.20,4484.17,2450.403,1779983999999,10984128.73753,4493,1212.033,5432953.19715,0
1779984000000,4484.17,4487.45,4480.12,4486.70,3694.868,1779984899999,16568820.08486,6506,1122.157,5032041.10663,0
1779984900000,4486.70,4505.20,4486.47,4503.18,10069.282,1779985799999,45293195.89542,14683,5531.175,24877325.87433,0
1779985800000,4503.18,4508.71,4499.62,4506.63,4057.403,1779986699999,18272554.46973,7734,1660.221,7476804.91282,0
1779986700000,4506.62,4512.41,4506.62,4512.40,7084.489,1779987599999,31949936.89897,7259,3976.283,17933597.61360,0
1779987600000,4512.41,4515.84,4506.81,4507.02,5986.118,1779988499999,27008781.38767,7347,2111.838,9529438.23445,0
1779988500000,4507.02,4509.34,4503.20,4503.80,4214.486,1779989399999,18991787.25527,5900,1909.022,8602058.50689,0
1779989400000,4503.80,4508.78,4503.80,4507.21,1172.897,1779990299999,5286314.46721,2923,541.652,2441137.24416,0
1779990300000,4507.21,4511.75,4507.03,4510.76,1884.458,1779991199999,8498734.24596,3486,1043.767,4707231.30220,0
1779991200000,4510.77,4517.50,4508.55,4509.34,2906.939,1779992099999,13120281.62254,5342,1272.672,5744437.27730,0
1779992100000,4509.43,4514.51,4507.36,4508.62,2052.216,1779992999999,9258375.50288,4402,815.766,3680249.16605,0
1779993000000,4508.63,4508.77,4503.12,4503.96,2116.034,1779993899999,9532059.50396,4447,753.031,3392110.70742,0
1779993900000,4503.96,4505.49,4500.98,4503.48,1333.891,1779994799999,6006781.79715,3097,536.169,2414594.12678,0
1779994800000,4503.49,4505.49,4501.00,4501.51,1422.421,1779995699999,6404768.45448,2696,678.151,3053550.24783,0
1779995700000,4501.51,4504.66,4501.51,4502.20,870.086,1779996599999,3917738.04347,1716,378.036,1702113.26961,0
1779996600000,4502.19,4503.68,4501.14,4501.30,1308.941,1779997499999,5893441.64948,2152,563.468,2536949.64696,0
1779997500000,4501.30,4502.00,4498.67,4499.72,2787.934,1779998399999,12546462.36548,3238,924.899,4162064.63958,0
1779998400000,4499.55,4499.95,4496.47,4499.19,2164.812,1779999299999,9736639.07512,2396,1304.877,5868764.00516,0
1779999300000,4499.19,4502.39,4498.56,4500.85,913.699,1780000199999,4112442.37146,1754,582.870,2623555.98313,0
1780000200000,4500.84,4501.85,4497.34,4497.51,598.718,1780001099999,2694274.54458,1479,282.634,1271797.47135,0
1780001100000,4497.51,4497.99,4497.11,4497.45,340.548,1780001999999,1531639.38135,1217,102.804,462355.53492,0
1780002000000,4497.45,4498.95,4496.62,4498.41,720.642,1780002899999,3241053.18930,1510,331.246,1489785.38794,0
1780002900000,4498.41,4498.41,4497.11,4497.47,163.626,1780003799999,735952.64002,731,41.296,185737.00998,0
1780003800000,4497.47,4498.09,4497.23,4497.25,357.817,1780004699999,1609272.50013,816,119.615,537970.98009,0
1780004700000,4497.25,4497.57,4497.24,4497.53,89.349,1780005599999,401840.51819,698,39.927,179568.62591,0
1780005600000,4497.52,4502.00,4495.09,4496.33,2514.811,1780006499999,11311984.71003,3980,1060.738,4771464.34411,0
1780006500000,4496.33,4498.93,4495.52,4498.28,944.042,1780007399999,4244907.35348,1911,476.813,2143964.14583,0
1780007400000,4498.17,4498.60,4495.26,4497.71,606.828,1780008299999,2728949.14713,1746,279.978,1259013.57684,0
1780008300000,4497.70,4498.40,4493.11,4493.28,828.889,1780009199999,3726032.52872,2103,245.854,1105291.17322,0
1780009200000,4493.29,4497.34,4493.29,4496.87,902.731,1780010099999,4058800.15440,1775,502.695,2260180.99427,0
1780010100000,4496.88,4499.18,4494.80,4495.21,563.857,1780010999999,2535698.59450,1779,255.502,1149062.74705,0
1780011000000,4495.20,4497.25,4491.84,4492.28,990.096,1780011899999,4450094.57397,3232,386.261,1736287.62880,0
1780011900000,4492.29,4498.78,4491.52,4497.85,1623.696,1780012799999,7297995.18823,3407,888.625,3994256.76515,0
1780012800000,4497.84,4501.45,4495.00,4500.35,2245.835,1780013699999,10102663.74552,5470,1369.593,6161340.02959,0
1780013700000,4500.10,4503.45,4499.00,4502.56,1867.422,1780014599999,8406238.91900,3838,1282.481,5773173.00206,0
1780014600000,4502.53,4502.73,4496.23,4500.91,1281.712,1780015499999,5767647.98712,3090,532.904,2398246.40490,0
1780015500000,4500.91,4500.91,4495.53,4497.58,1054.299,1780016399999,4741322.32370,2334,499.115,2244603.77168,0
1780016400000,4497.59,4517.84,4495.83,4517.48,4707.889,1780017299999,21221587.67818,10013,2536.230,11434659.64252,0
1780017300000,4517.48,4522.70,4508.23,4508.50,3709.391,1780018199999,16759018.05649,8927,1945.407,8790681.31086,0
1780018200000,4508.50,4510.69,4505.62,4509.34,1752.862,1780019099999,7902657.70707,5190,968.460,4366382.57833,0
1780019100000,4509.39,4510.00,4504.28,4509.01,1133.618,1780019999999,5109357.30869,3215,571.286,2574862.27635,0
1780020000000,4509.00,4513.39,4507.00,4509.97,1247.480,1780020899999,5626592.24623,3567,646.760,2917051.80256,0
1780020900000,4509.69,4511.54,4503.57,4505.38,1157.991,1780021799999,5219427.22253,3102,448.500,2021836.22222,0
1780021800000,4505.38,4509.78,4500.81,4507.57,1529.089,1780022699999,6889616.36620,3245,755.326,3403132.03828,0
1780022700000,4507.45,4510.31,4503.82,4504.07,1033.152,1780023599999,4655820.51573,2769,359.146,1618586.61140,0
1780023600000,4504.08,4504.27,4497.68,4499.18,1852.542,1780024499999,8338797.37054,4548,834.294,3755254.85923,0
1780024500000,4499.18,4501.20,4497.68,4498.81,954.551,1780025399999,4294435.37064,2467,466.026,2096663.73123,0
1780025400000,4498.82,4501.75,4497.50,4500.32,868.802,1780026299999,3908938.02682,2206,353.855,1592164.91454,0
1780026300000,4500.31,4503.68,4499.02,4503.38,869.310,1780027199999,3913580.66618,2606,475.081,2138851.77805,0
1780027200000,4503.38,4507.43,4502.97,4504.81,886.301,1780028099999,3993199.21303,2416,515.213,2321141.55259,0
1780028100000,4504.81,4513.05,4504.51,4510.87,1332.550,1780028999999,6009649.26196,3269,708.781,3196130.90205,0
1780029000000,4510.87,4512.82,4510.22,4512.82,758.091,1780029899999,3420067.77563,1994,358.505,1617406.45803,0
1780029900000,4512.82,4516.36,4510.38,4515.91,959.327,1780030799999,4329583.78835,2574,543.806,2454290.93851,0
1780030800000,4515.91,4517.43,4511.27,4513.69,994.000,1780031699999,4486306.85314,2806,415.805,1876763.24255,0
1780031700000,4513.68,4513.68,4512.00,4512.04,506.703,1780032599999,2286728.61849,1229,138.510,625086.00289,0
1780032600000,4512.03,4514.06,4505.40,4509.13,1325.199,1780033499999,5975436.97627,3801,678.482,3059063.93539,0
1780033500000,4509.13,4516.97,4506.23,4516.60,1866.191,1780034399999,8422938.61150,4061,930.698,4200231.50127,0
1780034400000,4516.64,4523.99,4513.77,4517.69,5696.446,1780035299999,25749152.21365,8609,3316.516,14992102.23253,0
1780035300000,4517.69,4522.36,4512.82,4518.80,1874.741,1780036199999,8470632.36604,4545,857.681,3874737.04260,0
1780036200000,4518.81,4522.10,4513.80,4518.18,1264.474,1780037099999,5712943.47206,3772,617.288,2788813.16133,0
1780037100000,4518.39,4526.12,4517.01,4524.75,3488.989,1780037999999,15780927.65726,4534,2246.071,10159869.06334,0
1780038000000,4524.74,4524.90,4518.40,4518.68,3017.395,1780038899999,13645113.04260,3863,1169.972,5290692.23287,0
1780038900000,4518.58,4519.24,4513.09,4516.20,1528.856,1780039799999,6904589.83644,3812,724.284,3270969.96707,0
1780039800000,4516.20,4527.50,4515.00,4527.09,3392.131,1780040699999,15342301.42214,6263,1552.474,7021485.77704,0
1780040700000,4527.09,4528.00,4524.13,4526.49,2257.744,1780041599999,10219131.39920,4117,818.493,3704656.51074,0
1780041600000,4526.49,4526.68,4516.41,4517.12,2000.523,1780042499999,9045921.18682,5422,818.866,3702699.76203,0
1780042500000,4517.11,4520.07,4515.00,4519.46,1723.656,1780043399999,7786729.78373,4005,860.436,3886976.31065,0
1780043400000,4519.45,4520.17,4516.44,4517.37,965.848,1780044299999,4363586.71591,2806,520.049,2349468.46787,0
1780044300000,4517.37,4518.46,4512.53,4516.64,1473.920,1780045199999,6654839.01954,3465,565.376,2552714.36560,0
1780045200000,4516.63,4531.69,4515.33,4530.30,3820.909,1780046099999,17285176.26910,6225,2085.384,9433754.35243,0
1780046100000,4530.31,4532.99,4523.62,4530.18,3895.106,1780046999999,17638257.46398,5903,1364.905,6180306.99366,0
1780047000000,4530.18,4533.79,4526.01,4533.56,3581.142,1780047899999,16222390.89230,5430,1721.769,7799329.74810,0
1780047900000,4533.57,4541.46,4532.07,4533.17,4096.159,1780048799999,18584952.66642,7325,2232.024,10126615.55629,0
1780048800000,4533.17,4533.29,4528.11,4531.02,1791.877,1780049699999,8117325.59907,3467,1147.307,5197331.01990,0
1780049700000,4531.01,4532.81,4528.46,4532.60,1302.109,1780050599999,5899042.58162,2720,733.495,3323121.56810,0
1780050600000,4532.59,4545.00,4532.44,4539.55,4208.142,1780051499999,19106040.56614,6884,2268.053,10296980.67843,0
1780051500000,4539.55,4542.42,4538.00,4540.80,2975.243,1780052399999,13505766.41483,3710,1295.154,5879465.95149,0
1780052400000,4540.80,4541.39,4533.61,4534.83,2849.075,1780053299999,12930033.42427,4054,1303.610,5916222.75166,0
1780053300000,4534.79,4536.80,4529.60,4530.90,2204.332,1780054199999,9991385.70482,4173,1106.721,5016274.49359,0
1780054200000,4530.79,4533.60,4528.81,4533.58,1689.722,1780055099999,7655869.85719,2767,1032.539,4678584.73658,0
1780055100000,4533.58,4540.51,4530.07,4540.09,3128.091,1780055999999,14185474.43956,6309,1660.314,7529541.42771,0
1780056000000,4540.10,4540.33,4528.23,4530.47,3954.530,1780056899999,17921518.33413,6696,1407.145,6376734.61625,0
1780056900000,4530.47,4533.47,4522.63,4524.39,3138.723,1780057799999,14207907.54756,6287,1351.553,6117876.05940,0
1780057800000,4524.41,4525.83,4515.70,4516.79,6581.864,1780058699999,29752237.24046,9891,3081.278,13928064.70256,0
1780058700000,4516.94,4526.17,4515.36,4525.02,3322.597,1780059599999,15019510.66358,6051,1810.576,8184394.97061,0
1780059600000,4525.03,4528.28,4519.39,4524.85,3445.033,1780060499999,15587070.77592,7371,1609.494,7282342.84433,0
1780060500000,4524.85,4530.80,4523.13,4529.67,2150.686,1780061399999,9737166.99152,4591,1057.247,4786882.78076,0
1780061400000,4529.67,4536.98,4525.22,4534.64,4580.553,1780062299999,20756693.18748,9716,2088.728,9465179.58741,0
1780062300000,4534.65,4541.66,4531.17,4538.37,5033.663,1780063199999,22841521.01167,8644,2210.199,10029288.09535,0
1780063200000,4538.37,4553.70,4536.66,4545.53,10354.945,1780064099999,47095848.56458,16634,4620.496,21014547.00358,0
1780064100000,4545.39,4546.35,4528.42,4532.00,7189.058,1780064999999,32616064.89300,12202,3055.346,13860667.17054,0
1780065000000,4531.99,4543.38,4527.38,4541.98,4878.196,1780065899999,22127173.40916,9622,2779.801,12608773.95561,0
1780065900000,4541.97,4570.00,4537.98,4565.26,17994.242,1780066799999,82023739.47830,23072,8374.981,38171332.12654,0
1780066800000,4565.21,4594.83,4564.89,4590.68,22811.560,1780067699999,104540163.82385,27116,11904.460,54551533.70289,0
1780067700000,4590.69,4591.64,4578.33,4578.40,9440.529,1780068599999,43281799.56263,14109,2958.759,13564415.52492,0
1780068600000,4578.41,4583.56,4563.07,4568.44,11127.696,1780069499999,50894589.33594,14203,5157.014,23584396.99632,0
1780069500000,4568.44,4572.90,4560.00,4572.52,4977.895,1780070399999,22731388.32617,9425,2800.833,12791516.89959,0
1780070400000,4572.51,4573.79,4561.68,4565.08,2515.874,1780071299999,11492068.52344,6499,960.551,4387884.27327,0
1780071300000,4565.09,4569.32,4562.62,4564.67,1722.794,1780072199999,7866107.00161,4159,853.505,3896757.67976,0
1780072200000,4564.67,4576.14,4564.13,4571.35,3491.600,1780073099999,15960921.65741,7028,2036.899,9311360.30743,0
1780073100000,4571.35,4571.35,4563.13,4568.51,1263.838,1780073999999,5771390.31621,4667,558.392,2549820.77307,0
1780074000000,4568.51,4569.93,4565.06,4566.29,824.273,1780074899999,3765071.42050,3048,298.058,1361375.24628,0
1780074900000,4566.22,4568.67,4563.26,4564.25,1608.364,1780075799999,7343986.92951,4697,838.029,3826536.86163,0
1780075800000,4564.23,4564.34,4556.26,4556.84,1840.616,1780076699999,8393605.06408,4670,907.608,4139026.66586,0
1780076700000,4556.85,4560.29,4555.00,4556.31,1574.137,1780077599999,7173378.09355,3627,987.437,4499781.70778,0
1780077600000,4556.30,4561.06,4555.76,4560.91,1230.102,1780078499999,5608186.14268,3674,720.186,3283546.94637,0
1780078500000,4560.82,4562.50,4558.64,4561.45,949.230,1780079399999,4329553.93743,2610,457.057,2084671.93284,0
1780079400000,4561.46,4563.91,4560.16,4560.49,597.156,1780080299999,2724480.22571,2119,259.767,1185153.92157,0
1780080300000,4560.50,4560.50,4554.40,4556.59,2731.781,1780081199999,12445561.32187,4424,1093.183,4980646.67764,0
1780081200000,4556.58,4562.73,4555.44,4561.15,775.777,1780082099999,3537048.08866,2388,406.898,1855137.64719,0
1780082100000,4561.14,4561.89,4557.81,4558.53,827.903,1780082999999,3775699.10378,2416,479.565,2187008.65938,0
1780083000000,4558.52,4559.38,4554.37,4554.58,853.461,1780083899999,3888796.76762,2644,475.925,2168606.77270,0
1780083900000,4554.58,4554.58,4546.58,4549.05,1939.383,1780084799999,8824756.22228,4658,1033.837,4703826.92676,0
1780084800000,4549.05,4553.20,4546.51,4552.68,1478.005,1780085699999,6723681.20128,3437,1106.473,5033539.35998,0
1780085700000,4552.68,4552.99,4546.87,4547.07,1255.655,1780086599999,5712994.83992,1973,933.661,4247950.37165,0
1780086600000,4547.07,4547.89,4545.56,4547.76,1190.030,1780087499999,5411245.58950,1846,800.832,3641439.30499,0
1780087500000,4547.75,4547.75,4543.00,4543.39,2647.911,1780088399999,12034855.10552,3279,1402.908,6376580.78347,0
1780088400000,4543.40,4544.90,4540.82,4544.33,944.002,1780089299999,4288168.51261,2107,471.618,2142338.16306,0
1780089300000,4544.33,4544.33,4540.97,4542.27,393.456,1780090199999,1787432.77863,1217,149.872,680821.53657,0
1780090200000,4542.26,4544.49,4540.89,4544.09,423.922,1780091099999,1925553.35449,1617,207.708,943519.87797,0
1780091100000,4544.09,4546.87,4544.00,4544.01,233.593,1780091999999,1061707.37088,1069,126.490,574910.73555,0
1780092000000,4544.00,4546.85,4542.07,4542.78,833.212,1780092899999,3785793.18671,2413,365.058,1658695.92496,0
1780092900000,4542.79,4544.60,4542.78,4543.44,228.467,1780093799999,1038087.17952,618,168.519,765687.52177,0
1780093800000,4543.44,4549.32,4543.44,4547.12,458.272,1780094699999,2083909.95963,1385,359.192,1633305.27546,0
1780094700000,4547.10,4548.70,4546.81,4546.81,439.912,1780095599999,2000590.59724,907,248.141,1128460.06396,0
1780095600000,4546.81,4548.55,4544.10,4544.97,393.386,1780096499999,1788530.85714,963,207.277,942400.30298,0
1780096500000,4544.98,4546.16,4544.44,4545.87,191.734,1780097399999,871505.05016,760,97.058,441165.68337,0
1780097400000,4545.86,4549.50,4545.86,4548.92,260.410,1780098299999,1184256.57450,926,142.172,646535.38061,0
1780098300000,4548.92,4550.00,4548.91,4549.01,231.077,1780099199999,1051349.53716,802,150.212,683428.77088,0
1780099200000,4549.00,4549.99,4549.00,4549.99,269.498,1780100099999,1226083.97918,1012,174.177,792406.71326,0
1780100100000,4549.98,4549.99,4548.50,4548.89,426.351,1780100999999,1939618.54765,669,190.144,865072.66413,0
1780101000000,4548.89,4548.89,4546.00,4547.23,178.509,1780101899999,811709.02321,654,69.302,315100.26386,0
1780101900000,4547.23,4547.75,4546.03,4546.85,191.816,1780102799999,872194.02069,500,129.137,587182.89450,0
1780102800000,4546.84,4546.85,4545.57,4546.28,199.603,1780103699999,907395.04714,602,62.069,282169.92826,0
1780103700000,4546.28,4546.96,4546.08,4546.60,142.851,1780104599999,649462.19295,551,98.392,447328.14118,0
1780104600000,4546.60,4547.81,4546.59,4547.58,189.934,1780105499999,863706.61214,963,144.174,655615.88663,0
1780105500000,4547.58,4547.81,4546.32,4547.40,152.172,1780106399999,691912.75780,727,41.034,186573.30779,0
1780106400000,4547.41,4547.41,4546.34,4546.34,98.148,1780107299999,446261.55516,505,29.044,132064.82132,0
1780107300000,4546.34,4546.88,4546.34,4546.53,120.065,1780108199999,545901.21483,373,87.828,399328.87246,0
1780108200000,4546.52,4546.89,4546.09,4546.52,145.993,1780109099999,663762.80859,496,73.113,332409.76983,0
1780109100000,4546.51,4546.67,4546.19,4546.19,73.091,1780109999999,332298.16054,405,28.240,128389.89765,0
1780110000000,4546.20,4546.20,4540.00,4544.14,761.213,1780110899999,3458326.61796,1971,154.218,700708.12195,0
1780110900000,4544.13,4544.14,4542.64,4542.64,225.683,1780111799999,1025391.68957,1011,133.070,604603.32262,0
1780111800000,4542.64,4542.87,4542.03,4542.05,184.667,1780112699999,838850.00792,651,79.418,360760.44492,0
1780112700000,4542.05,4542.27,4541.17,4541.45,195.162,1780113599999,886387.01723,673,89.165,404961.19942,0
1780113600000,4541.46,4542.14,4536.91,4538.16,1052.403,1780114499999,4778072.69473,1853,232.027,1053187.95895,0
1780114500000,4538.16,4538.16,4535.20,4535.75,602.406,1780115399999,2732632.33396,1685,320.847,1455387.86128,0
1780115400000,4535.76,4537.99,4534.86,4537.93,447.603,1780116299999,2030478.28078,1329,311.405,1412587.27719,0
1780116300000,4537.93,4543.22,4537.93,4542.18,733.203,1780117199999,3329139.50426,1591,568.806,2582607.86539,0
1780117200000,4542.18,4543.37,4540.00,4540.01,393.262,1780118099999,1786322.35702,1423,167.764,762030.06184,0
1780118100000,4540.01,4542.07,4540.00,4542.06,103.737,1780118999999,471086.28369,471,87.089,395479.71938,0
1780119000000,4542.06,4543.10,4542.06,4542.79,86.419,1780119899999,392560.93423,440,69.860,317339.15475,0
1780119900000,4542.78,4543.15,4542.53,4543.14,104.978,1780120799999,476901.58875,478,75.770,344210.36780,0
1780120800000,4543.14,4546.87,4543.00,4543.41,473.619,1780121699999,2152391.85226,1477,276.665,1257279.76251,0
1780121700000,4543.41,4544.94,4541.00,4542.49,257.514,1780122599999,1169768.04590,921,124.937,567548.15896,0
1780122600000,4542.48,4542.51,4541.29,4542.23,110.435,1780123499999,501588.34074,793,59.652,270929.64357,0
1780123500000,4542.23,4544.99,4542.22,4544.99,195.709,1780124399999,889213.70527,797,148.099,672890.65817,0
1780124400000,4544.98,4545.50,4542.71,4543.54,226.491,1780125299999,1029247.25567,879,101.441,461009.04443,0
1780125300000,4543.54,4543.55,4542.23,4542.87,240.071,1780126199999,1090647.22234,1067,102.429,465337.23149,0
1780126200000,4542.87,4543.17,4541.06,4541.39,316.241,1780127099999,1436468.45876,1034,126.981,576758.79233,0
1780127100000,4541.40,4542.44,4541.30,4541.78,217.851,1780127999999,989418.11443,850,119.827,544212.94242,0
1780128000000,4541.78,4543.78,4541.00,4543.64,243.760,1780128899999,1107300.43214,968,146.879,667220.99157,0
1780128900000,4543.65,4544.00,4542.57,4542.58,129.884,1780129799999,590143.90921,633,81.004,368058.99389,0
1780129800000,4542.58,4543.66,4542.35,4542.36,80.175,1780130699999,364226.05769,427,44.603,202631.19936,0
1780130700000,4542.36,4543.21,4542.35,4542.90,92.618,1780131599999,420743.39165,571,61.842,280928.43491,0
1780131600000,4542.90,4545.87,4542.89,4544.80,361.841,1780132499999,1644398.37716,1152,272.881,1240090.34350,0
1780132500000,4544.80,4545.20,4544.65,4545.19,111.580,1780133399999,507134.65029,402,52.020,236433.83240,0
1780133400000,4545.20,4546.86,4545.19,4545.42,189.653,1780134299999,862183.93061,681,129.888,590468.66454,0
1780134300000,4545.42,4545.82,4542.72,4545.26,444.599,1780135199999,2020390.36727,1089,213.487,970150.80096,0
1780135200000,4545.26,4545.75,4544.00,4544.75,282.772,1780136099999,1285144.19518,971,123.183,559851.91968,0
1780136100000,4544.75,4546.72,4544.74,4545.77,168.820,1780136999999,767422.39504,986,126.937,577010.22166,0
1780137000000,4545.77,4545.77,4545.00,4545.75,133.065,1780137899999,604829.30277,474,85.031,386499.54456,0
1780137900000,4545.74,4545.75,4544.52,4545.13,85.097,1780138799999,386791.13549,641,54.420,247350.98644,0
1780138800000,4545.14,4545.37,4543.40,4544.19,204.500,1780139699999,929331.93770,1008,73.627,334578.17772,0
1780139700000,4544.20,4544.58,4542.88,4542.88,219.055,1780140599999,995385.24134,1477,67.154,305164.01213,0
1780140600000,4542.89,4544.23,4542.50,4543.53,191.743,1780141499999,871113.49967,787,118.246,537207.19174,0
1780141500000,4543.54,4544.00,4541.60,4542.69,577.383,1780142399999,2623193.04559,1106,310.689,1411500.10094,0
1780142400000,4542.69,4543.10,4542.34,4542.69,91.240,1780143299999,414465.73936,599,56.591,257065.57355,0
1780143300000,4542.69,4545.26,4542.69,4544.44,259.533,1780144199999,1179343.53168,932,197.078,895528.68626,0
1780144200000,4544.44,4544.44,4544.00,4544.14,93.175,1780145099999,423411.39572,340,55.967,254325.51929,0
1780145100000,4544.15,4544.15,4542.16,4542.16,130.322,1780145999999,592056.13240,448,29.733,135092.37768,0
1780146000000,4542.17,4543.42,4542.00,4543.12,116.859,1780146899999,530862.52181,498,84.878,385580.44004,0
1780146900000,4543.12,4543.33,4542.77,4543.14,150.749,1780147799999,684855.84617,837,91.477,415585.53074,0
1780147800000,4543.14,4543.15,4540.50,4542.52,445.527,1780148699999,2023405.52128,2334,208.631,947497.02766,0
1780148700000,4542.52,4543.00,4542.00,4542.36,270.202,1780149599999,1227370.36155,1813,181.727,825460.18370,0
1780149600000,4542.37,4543.54,4542.11,4542.12,205.344,1780150499999,932848.22959,743,103.546,470384.69053,0
1780150500000,4542.12,4543.42,4542.11,4543.26,135.690,1780151399999,616419.28857,962,93.471,424617.95511,0
1780151400000,4543.26,4543.31,4541.25,4541.88,229.711,1780152299999,1043373.64348,1606,64.786,294264.15015,0
1780152300000,4541.88,4542.34,4541.87,4542.33,116.388,1780153199999,528641.06856,459,68.771,312360.60691,0
1780153200000,4542.33,4542.59,4541.60,4542.38,214.708,1780154099999,975214.66360,1061,78.073,354608.07059,0
1780154100000,4542.37,4542.59,4542.01,4542.58,126.501,1780154999999,574615.29640,478,74.242,337235.25812,0
1780155000000,4542.58,4543.21,4542.04,4542.04,162.602,1780155899999,738674.02688,643,84.396,383401.18602,0
1780155900000,4542.04,4543.14,4541.50,4543.14,188.649,1780156799999,856876.16106,659,87.387,396931.14467,0
1780156800000,4543.13,4543.13,4541.94,4542.25,260.881,1780157699999,1184999.00555,848,68.447,310890.73649,0
1780157700000,4542.25,4542.99,4541.74,4541.75,276.217,1780158599999,1254607.76883,1398,95.064,431820.81607,0
1780158600000,4541.74,4542.17,4541.72,4541.73,126.747,1780159499999,575660.79472,575,44.252,200982.79635,0
1780159500000,4541.73,4541.78,4541.18,4541.41,148.528,1780160399999,674545.53442,469,58.804,267055.12632,0
1780160400000,4541.40,4541.77,4540.40,4540.83,183.697,1780161299999,834190.10354,828,87.798,398688.98947,0
1780161300000,4540.83,4540.83,4539.44,4539.45,195.319,1780162199999,886794.39384,774,113.225,514068.73298,0
1780162200000,4539.45,4539.45,4538.42,4538.89,322.141,1780163099999,1462239.96939,661,106.742,484501.82579,0
1780163100000,4538.88,4540.91,4538.88,4539.37,318.298,1780163999999,1444991.94228,1076,204.148,926781.29090,0
1780164000000,4539.37,4540.38,4538.71,4539.79,104.283,1780164899999,473392.19878,513,58.949,267592.13274,0
1780164900000,4539.79,4539.97,4539.21,4539.21,49.704,1780165799999,225634.31539,350,26.424,119950.35350,0
1780165800000,4539.22,4539.74,4538.49,4539.61,145.143,1780166699999,658834.01618,510,55.080,250015.33866,0
1780166700000,4539.61,4539.90,4539.04,4539.04,81.574,1780167599999,370299.61980,468,45.576,206888.17503,0
1780167600000,4539.05,4539.36,4538.26,4539.21,48.460,1780168499999,219960.38427,445,22.828,103615.39096,0
1780168500000,4539.22,4539.22,4537.50,4537.88,123.549,1780169399999,560696.03936,674,26.232,119036.19529,0
1780169400000,4537.89,4537.89,4537.02,4537.73,116.736,1780170299999,529692.16948,434,55.261,250741.61228,0
1780170300000,4537.73,4538.94,4536.76,4538.93,261.603,1780171199999,1187050.13359,629,125.402,569059.73638,0
1780171200000,4538.94,4540.42,4538.50,4538.50,168.305,1780172099999,763987.82880,506,99.924,453583.30133,0
1780172100000,4538.51,4538.51,4537.03,4537.03,71.675,1780172999999,325228.64429,412,27.316,123943.94948,0
1780173000000,4537.03,4537.18,4537.03,4537.18,81.235,1780173899999,368570.54245,172,74.214,336715.37400,0
1780173900000,4537.17,4537.18,4537.17,4537.18,43.234,1780174799999,196160.33573,119,32.795,148796.81810,0
1780174800000,4537.17,4537.28,4536.07,4536.49,527.301,1780175699999,2392129.96661,1141,224.113,1016679.73758,0
1780175700000,4536.48,4537.31,4536.00,4536.49,107.276,1780176599999,486670.18046,477,54.886,248997.68322,0
1780176600000,4536.49,4537.49,4536.00,4536.76,271.809,1780177499999,1233112.81012,1143,118.673,538393.50958,0
1780177500000,4536.77,4537.99,4536.10,4537.48,144.673,1780178399999,656347.26456,700,92.215,418350.77619,0
1780178400000,4537.48,4537.48,4534.09,4536.68,513.790,1780179299999,2330388.93614,1697,206.680,937438.28208,0
1780179300000,4536.68,4538.06,4535.64,4536.30,243.331,1780180199999,1103964.44874,856,114.011,517228.83359,0
1780180200000,4536.29,4536.99,4535.00,4535.40,146.118,1780181099999,662808.71722,683,88.503,401452.67473,0
1780181100000,4535.40,4535.87,4534.54,4534.91,111.602,1780181999999,506121.86488,363,68.439,310369.15264,0
1780182000000,4534.90,4536.42,4534.90,4535.63,136.151,1780182899999,617555.60850,421,60.187,272982.06646,0
1780182900000,4535.62,4537.76,4535.50,4537.24,354.374,1780183799999,1607553.52487,1009,251.714,1141854.36999,0
1780183800000,4537.23,4537.82,4537.23,4537.40,70.862,1780184699999,321541.07966,312,18.317,83113.09729,0
1780184700000,4537.39,4537.91,4537.00,4537.00,117.133,1780185599999,531490.10699,555,51.221,232415.30597,0
1780185600000,4537.00,4537.23,4536.91,4537.23,106.059,1780186499999,481191.38797,484,50.464,228955.97301,0
1780186500000,4537.22,4538.03,4536.72,4537.18,132.381,1780187399999,600659.83488,486,57.184,259464.70539,0
1780187400000,4537.17,4537.18,4536.42,4536.73,66.321,1780188299999,300881.57920,283,18.950,85967.16396,0
1780188300000,4536.72,4537.23,4536.72,4536.84,97.045,1780189199999,440305.01938,336,17.390,78898.71473,0
1780189200000,4536.85,4537.15,4536.37,4536.90,114.678,1780190099999,520268.21069,481,63.139,286449.52495,0
1780190100000,4536.90,4541.28,4536.90,4539.51,555.536,1780190999999,2521820.86463,1683,263.099,1194293.74931,0
1780191000000,4539.51,4539.81,4537.48,4537.48,292.074,1780191899999,1325537.07269,1132,114.744,520710.87152,0
1780191900000,4537.48,4537.72,4536.56,4536.68,155.838,1780192799999,707053.42444,532,18.907,85781.30846,0
1780192800000,4536.68,4538.98,4536.68,4538.89,218.562,1780193699999,991799.87054,711,185.086,839891.34565,0
1780193700000,4538.88,4538.89,4535.64,4536.16,334.681,1780194599999,1518525.15164,1320,86.245,391251.66624,0
1780194600000,4536.16,4537.66,4536.16,4537.23,239.605,1780195499999,1087097.63659,961,131.302,595709.43736,0
1780195500000,4537.23,4537.50,4536.56,4537.30,156.619,1780196399999,710575.04621,640,72.739,330007.47604,0
1780196400000,4537.31,4537.80,4536.40,4536.40,137.926,1780197299999,625783.14926,481,54.273,246259.34318,0
1780197300000,4536.41,4537.04,4536.40,4537.04,103.088,1780198199999,467684.44813,267,81.352,369072.32886,0
1780198200000,4537.03,4537.48,4536.90,4537.31,148.292,1780199099999,672819.30347,356,105.601,479118.96499,0
1780199100000,4537.30,4537.38,4536.84,4537.07,58.442,1780199999999,265160.33826,285,18.696,84826.00274,0
1780200000000,4537.07,4537.64,4536.63,4536.74,87.016,1780200899999,394798.78090,472,33.390,151493.56465,0
1780200900000,4536.73,4536.92,4536.46,4536.73,122.618,1780201799999,556280.34485,344,45.364,205803.26985,0
1780201800000,4536.74,4536.74,4535.50,4535.51,98.646,1780202699999,447450.87178,657,49.048,222473.27817,0
1780202700000,4535.50,4535.51,4535.00,4535.01,142.441,1780203599999,645977.47385,289,27.226,123470.49490,0
1780203600000,4535.01,4537.50,4535.00,4537.07,265.824,1780204499999,1205950.27945,1044,158.713,719993.75924,0
1780204500000,4537.07,4546.00,4535.53,4544.44,2004.575,1780205399999,9106157.64796,5085,1156.608,5253980.23030,0
1780205400000,4544.44,4546.99,4544.11,4545.72,1139.945,1780206299999,5182171.90145,2762,576.545,2620967.95457,0
1780206300000,4545.72,4546.97,4544.35,4546.20,532.331,1780207199999,2420123.55684,1064,315.189,1432974.73999,0
1780207200000,4546.21,4546.28,4544.16,4545.22,242.899,1780208099999,1104051.98513,976,86.117,391437.69121,0
1780208100000,4545.23,4545.98,4545.22,4545.67,98.651,1780208999999,448436.68476,432,61.395,279082.18747,0
1780209000000,4545.67,4546.18,4545.66,4545.80,155.962,1780209899999,708967.92807,444,103.265,469419.94246,0
1780209900000,4545.80,4546.99,4545.79,4546.99,130.899,1780210799999,595104.45588,425,104.670,475858.27359,0
1780210800000,4546.99,4547.00,4545.61,4546.34,577.851,1780211699999,2627161.34336,1154,301.786,1372053.99396,0
1780211700000,4546.35,4547.00,4546.00,4546.10,449.952,1780212599999,2045765.42204,724,258.598,1175761.60651,0
1780212600000,4546.10,4546.10,4544.26,4544.26,137.875,1780213499999,626686.71060,551,36.074,163970.84695,0
1780213500000,4544.27,4545.70,4544.10,4545.22,152.382,1780214399999,692560.26023,837,98.388,447159.74895,0
1780214400000,4545.21,4545.98,4544.87,4544.89,107.862,1780215299999,490284.17599,690,45.166,205307.03213,0
1780215300000,4544.89,4546.00,4544.55,4545.69,180.373,1780216199999,819841.94580,575,116.396,529046.20924,0
1780216200000,4545.69,4545.69,4543.58,4544.20,162.233,1780217099999,737243.01234,592,50.618,230012.60887,0
1780217100000,4544.21,4545.00,4544.21,4544.67,72.470,1780217999999,329363.47707,368,37.476,170316.84985,0
1780218000000,4544.67,4544.67,4544.53,4544.58,49.114,1780218899999,223203.52873,231,17.542,79720.86818,0
1780218900000,4544.59,4544.59,4544.06,4544.06,61.341,1780219799999,278766.67624,399,7.455,33879.74487,0
1780219800000,4544.06,4544.06,4543.24,4543.24,98.413,1780220699999,447178.73294,510,27.269,123906.52141,0
1780220700000,4543.25,4543.57,4541.17,4543.57,385.058,1780221599999,1749119.31559,1367,177.809,807694.89865,0
1780221600000,4543.56,4545.45,4543.56,4543.88,269.774,1780222499999,1225985.47862,1053,155.531,706803.05615,0
1780222500000,4543.88,4543.88,4542.71,4543.26,163.741,1780223399999,743908.38879,558,81.547,370476.74593,0
1780223400000,4543.25,4543.99,4542.00,4542.12,147.677,1780224299999,670864.56292,500,82.889,376566.32359,0
1780224300000,4542.13,4544.50,4540.64,4542.66,393.761,1780225199999,1788636.12366,887,219.464,996914.43165,0
1780225200000,4542.66,4543.67,4542.33,4543.12,68.559,1780226099999,311475.91630,356,32.675,148443.96119,0
1780226100000,4543.11,4543.60,4543.00,4543.58,92.730,1780226999999,421301.59890,305,47.355,215151.26663,0
1780227000000,4543.59,4544.30,4543.58,4544.00,118.920,1780227899999,540357.03324,367,86.004,390785.81825,0
1780227900000,4544.00,4544.20,4543.71,4544.20,68.066,1780228799999,309292.66179,329,38.234,173737.80800,0
1780228800000,4544.19,4544.84,4543.71,4543.82,122.313,1780229699999,555832.10223,485,81.684,371199.18507,0
1780229700000,4543.83,4546.00,4543.83,4545.25,186.467,1780230599999,847518.22750,711,139.147,632431.50109,0
1780230600000,4545.25,4546.50,4545.25,4545.61,129.386,1780231499999,588175.08429,769,46.899,213193.50095,0
1780231500000,4545.60,4545.91,4545.59,4545.90,52.234,1780232399999,237437.06884,345,35.565,161665.05982,0
1780232400000,4545.91,4546.73,4545.90,4546.31,84.395,1780233299999,383671.47031,421,64.583,293599.45421,0
1780233300000,4546.31,4546.31,4545.82,4545.82,56.594,1780234199999,257274.02891,311,13.832,62878.82071,0
1780234200000,4545.83,4545.83,4543.92,4543.93,134.215,1780235099999,610001.75505,769,59.166,268903.67719,0
1780235100000,4543.93,4543.94,4542.27,4543.56,141.264,1780235999999,641748.21464,713,80.310,364822.54561,0
1780236000000,4543.56,4544.25,4543.44,4543.44,145.092,1780236899999,659291.18906,521,86.210,391732.79468,0
1780236900000,4543.45,4543.90,4542.56,4543.90,346.823,1780237799999,1575672.61154,779,150.921,685678.86040,0
1780237800000,4543.90,4544.90,4542.64,4542.65,259.572,1780238699999,1179453.20784,574,38.394,174456.45698,0
1780238700000,4542.65,4543.78,4542.65,4543.10,199.588,1780239599999,906766.25435,408,153.819,698822.67276,0
1780239600000,4543.11,4543.90,4543.10,4543.56,76.195,1780240499999,346184.06339,554,50.346,228739.70282,0
1780240500000,4543.56,4543.99,4542.24,4543.55,245.516,1780241399999,1115423.69758,818,110.385,501509.88669,0
1780241400000,4543.54,4543.55,4543.23,4543.37,112.903,1780242299999,512962.40857,338,52.398,238063.89657,0
1780242300000,4543.38,4543.38,4543.00,4543.23,107.255,1780243199999,487284.20940,537,31.936,145092.44526,0
1780243200000,4543.22,4543.55,4543.22,4543.54,208.870,1780244099999,948959.55801,915,135.996,617874.30905,0
1780244100000,4543.54,4543.60,4542.82,4543.10,278.585,1780244999999,1265711.87965,526,83.135,377710.44416,0
1780245000000,4543.11,4543.78,4542.82,4543.77,196.199,1780245899999,891395.80610,623,87.232,396325.45289,0
1780245900000,4543.78,4545.30,4543.77,4545.02,259.843,1780246799999,1180859.78893,1025,168.701,766648.29116,0
1780246800000,4545.01,4545.02,4543.44,4543.44,134.830,1780247699999,612672.86854,855,16.664,75733.06816,0
1780247700000,4543.44,4543.45,4543.00,4543.09,77.846,1780248599999,353669.63879,416,11.677,53049.14618,0
1780248600000,4543.09,4543.86,4543.06,4543.86,139.433,1780249499999,633486.67932,415,101.609,461635.06864,0
1780249500000,4543.85,4544.38,4543.63,4543.86,83.558,1780250399999,379674.28638,367,52.509,238590.09553,0
1780250400000,4543.85,4543.86,4541.78,4543.10,216.281,1780251299999,982547.61383,526,40.899,185810.65228,0
1780251300000,4543.10,4543.19,4541.70,4542.99,201.997,1780252199999,917582.92739,405,120.246,546200.31189,0
1780252200000,4542.98,4543.41,4542.57,4543.01,114.038,1780253099999,518079.78543,309,74.716,339438.90481,0
1780253100000,4543.01,4543.03,4543.00,4543.02,54.112,1780253999999,245831.20970,201,36.706,166755.75064,0
1780254000000,4543.03,4543.86,4543.02,4543.55,89.513,1780254899999,406687.20228,269,46.469,211128.62532,0
1780254900000,4543.55,4543.64,4543.30,4543.53,72.124,1780255799999,327697.42589,246,9.841,44713.34294,0
1780255800000,4543.54,4543.54,4541.00,4541.79,281.400,1780256699999,1278067.24818,770,174.716,793469.10999,0
1780256700000,4541.80,4541.80,4541.02,4541.26,75.656,1780257599999,343579.67816,291,40.491,183882.44574,0
1780257600000,4541.25,4541.68,4538.51,4538.51,558.193,1780258499999,2534322.38674,1782,144.909,657920.79293,0
1780258500000,4538.51,4539.00,4536.56,4538.19,562.341,1780259399999,2551730.33364,1857,223.371,1013595.61981,0
1780259400000,4538.19,4539.60,4537.73,4538.00,411.235,1780260299999,1866442.97838,1124,133.688,606767.06175,0
1780260300000,4538.00,4538.13,4536.13,4536.16,367.484,1780261199999,1667399.22590,1265,41.812,189708.54794,0
1780261200000,4536.16,4538.07,4536.13,4538.07,382.462,1780262099999,1735206.91223,1143,242.403,1099767.69630,0
1780262100000,4538.07,4539.35,4538.06,4539.34,106.315,1780262999999,482521.18783,616,71.511,324556.81119,0
1780263000000,4539.34,4543.86,4538.46,4539.88,1101.174,1780263899999,5000667.12120,2549,410.618,1864776.15186,0
1780263900000,4539.88,4543.29,4535.00,4538.05,1349.751,1780264799999,6126143.72038,3846,597.826,2713695.37792,0
1780264800000,4538.04,4541.76,4521.95,4537.50,11868.426,1780265699999,53741155.69475,19675,6260.532,28348259.84484,0
1780265700000,4537.50,4539.08,4534.33,4535.94,1346.700,1780266599999,6109262.35505,2763,667.012,3025930.93963,0
1780266600000,4535.93,4539.25,4533.52,4537.83,906.713,1780267499999,4113533.24845,2190,520.509,2361374.06059,0
1780267500000,4537.82,4542.95,4537.42,4537.78,1812.640,1780268399999,8230853.77082,3000,927.514,4211412.06811,0
1780268400000,4537.79,4545.53,4537.79,4545.12,1655.459,1780269299999,7518474.06710,2699,865.473,3930512.67692,0
1780269300000,4545.20,4547.68,4543.33,4547.53,1105.950,1780270199999,5027399.20785,2413,821.643,3735015.85053,0
1780270200000,4547.53,4548.74,4541.71,4544.87,1146.020,1780271099999,5209334.88850,2781,656.957,2986157.72341,0
1780271100000,4544.88,4547.39,4541.41,4543.01,1123.456,1780271999999,5105897.13726,2541,603.574,2743037.41655,0
