open_time,open,high,low,close,volume,close_time,quote_volume,count,taker_buy_volume,taker_buy_quote_volume,ignore
1772323200000,5289.66,5298.18,5289.66,5296.82,1138.866,1772323499999,6030503.59380,2288,758.682,4016942.61160,0
1772323500000,5296.82,5297.00,5295.00,5296.12,189.098,1772323799999,1001535.53489,661,68.589,363254.39866,0
1772323800000,5296.13,5296.87,5295.23,5295.24,164.587,1772324099999,871692.65952,727,116.382,616387.90904,0
1772324100000,5295.23,5297.86,5294.07,5297.48,275.030,1772324399999,1456482.44627,1138,198.024,1048674.09568,0
1772324400000,5297.48,5298.02,5297.47,5298.00,93.958,1772324699999,497776.41624,532,67.636,358324.48668,0
1772324700000,5297.99,5303.56,5297.99,5303.56,588.916,1772324999999,3120869.80646,1569,430.583,2281789.53534,0
1772325000000,5303.56,5310.00,5302.37,5305.18,776.205,1772325299999,4117817.08349,1925,437.268,2319919.89923,0
1772325300000,5305.19,5307.98,5304.06,5306.76,196.110,1772325599999,1040511.29647,999,93.108,494031.10920,0
1772325600000,5306.75,5308.52,5305.53,5307.60,200.749,1772325899999,1065364.05617,1057,80.330,426322.06005,0
1772325900000,5307.60,5310.00,5298.90,5298.94,787.617,1772326199999,4178549.29330,2127,297.107,1576644.58635,0
1772326200000,5298.95,5300.15,5297.00,5297.56,204.281,1772326499999,1082367.10323,1018,67.009,355051.64663,0
1772326500000,5297.56,5302.71,5297.56,5300.75,361.368,1772326799999,1915194.32577,1175,272.163,1442370.18277,0
1772326800000,5300.64,5301.92,5299.06,5301.74,157.631,1772327099999,835531.82386,970,65.248,345832.13312,0
1772327100000,5301.74,5302.18,5295.15,5296.07,286.903,1772327399999,1520057.68352,1145,78.656,416727.46837,0
1772327400000,5296.07,5300.22,5292.10,5294.27,689.597,1772327699999,3651561.70752,2389,282.892,1498114.71045,0
1772327700000,5294.29,5296.79,5293.86,5295.35,183.149,1772327999999,969762.01483,952,83.981,444670.55061,0
1772328000000,5295.35,5302.50,5295.35,5298.93,324.269,1772328299999,1718297.19091,1453,188.512,998828.24109,0
1772328300000,5298.95,5300.28,5295.44,5299.44,146.074,1772328599999,773894.03507,836,71.342,377945.60929,0
1772328600000,5299.45,5299.95,5295.00,5297.21,255.693,1772328899999,1354327.44229,1300,111.381,589922.98496,0
1772328900000,5297.20,5299.04,5295.00,5295.86,276.191,1772329199999,1462923.21334,1146,92.070,487702.13966,0
1772329200000,5295.87,5295.87,5292.25,5292.31,503.438,1772329499999,2665254.19433,1505,178.286,943853.04787,0
1772329500000,5292.31,5292.34,5290.08,5290.41,491.813,1772329799999,2602042.66982,1215,219.719,1162409.22928,0
1772329800000,5290.48,5296.33,5288.27,5288.27,851.632,1772330099999,4505578.38895,2710,419.524,2219744.44742,0
1772330100000,5288.28,5288.60,5283.60,5284.15,1029.283,1772330399999,5440221.54944,2738,306.349,1619157.19501,0
1772330400000,5284.16,5284.95,5282.70,5284.59,1243.071,1772330699999,6567517.15305,2591,544.955,2879243.89377,0
1772330700000,5284.60,5285.66,5282.70,5285.48,1071.356,1772330999999,5660707.41480,3135,432.184,2283633.52581,0
1772331000000,5285.48,5288.92,5285.48,5286.44,507.322,1772331299999,2682309.14439,2334,265.597,1404227.39804,0
1772331300000,5286.43,5289.20,5284.00,5289.19,409.791,1772331599999,2166172.94752,1462,231.158,1221929.55182,0
1772331600000,5289.20,5291.25,5285.55,5286.15,602.151,1772331899999,3184414.12268,2123,319.356,1688860.49456,0
1772331900000,5286.14,5291.56,5286.14,5290.08,529.857,1772332199999,2802621.48600,2069,292.182,1545406.27381,0
1772332200000,5290.08,5291.37,5283.99,5286.99,503.947,1772332499999,2664574.54100,1696,187.048,988949.51698,0
1772332500000,5286.99,5287.05,5282.70,5282.72,790.308,1772332799999,4175465.01271,2209,202.511,1069934.71057,0
1772332800000,5282.73,5283.97,5282.70,5282.70,490.771,1772333099999,2592819.90002,1521,236.902,1251596.82226,0
1772333100000,5282.71,5283.45,5282.00,5282.00,971.918,1772333399999,5134270.79680,1819,192.987,1019472.83452,0
1772333400000,5282.00,5282.94,5280.04,5281.64,876.251,1772333699999,4627492.82205,3186,351.563,1856611.30591,0
1772333700000,5281.65,5283.39,5281.11,5283.00,272.536,1772333999999,1439588.57153,1234,131.711,695719.08679,0
1772334000000,5283.00,5283.97,5275.08,5277.10,1001.577,1772334299999,5287027.58535,2973,284.105,1499640.58250,0
1772334300000,5277.11,5280.63,5276.11,5276.90,1178.876,1772334599999,6220840.43854,4954,311.581,1644224.13119,0
1772334600000,5276.91,5277.30,5276.11,5276.11,1139.691,1772334899999,6013292.08700,3594,279.258,1473460.41822,0
1772334900000,5276.11,5278.04,5276.11,5278.04,665.657,1772335199999,3512376.55434,1852,344.848,1819612.27622,0
1772335200000,5278.04,5279.80,5277.35,5278.69,487.487,1772335499999,2573312.14776,2584,291.790,1540279.49224,0
1772335500000,5278.69,5279.60,5278.00,5279.11,390.246,1772335799999,2060036.37654,1268,255.397,1348195.42212,0
1772335800000,5279.11,5279.11,5276.12,5276.98,346.898,1772336099999,1830683.74070,1387,135.911,717224.91775,0
1772336100000,5276.97,5276.98,5276.12,5276.30,368.347,1772336399999,1943461.89861,888,77.205,407348.26757,0
1772336400000,5276.29,5278.64,5276.20,5278.60,239.725,1772336699999,1265095.70125,2022,172.055,907974.00511,0
1772336700000,5278.59,5279.25,5277.54,5278.95,434.266,1772336999999,2292265.99561,2201,261.128,1378353.96819,0
1772337000000,5278.95,5281.12,5278.89,5281.12,508.342,1772337299999,2683724.84468,1865,339.629,1793057.69447,0
1772337300000,5281.12,5282.53,5280.14,5282.53,1067.352,1772337599999,5637484.75634,2421,831.632,4392509.78144,0
1772337600000,5282.53,5290.69,5282.49,5284.80,1382.109,1772337899999,7306032.36772,3989,765.682,4047033.58203,0
1772337900000,5284.81,5288.34,5284.38,5287.07,401.280,1772338199999,2121432.48053,1536,275.988,1459049.63235,0
1772338200000,5287.07,5288.51,5284.69,5286.26,309.640,1772338499999,1637208.18365,1516,178.307,942792.02283,0
1772338500000,5286.27,5287.20,5284.00,5287.20,625.517,1772338799999,3306346.56359,2398,448.205,2369079.97649,0
1772338800000,5287.20,5289.50,5287.15,5289.50,342.555,1772339099999,1811482.44534,1382,249.451,1319139.35018,0
1772339100000,5289.49,5295.00,5289.23,5295.00,686.268,1772339399999,3631192.97320,1851,533.023,2820202.24637,0
1772339400000,5295.00,5297.25,5291.12,5295.45,604.516,1772339699999,3200506.00052,1765,299.954,1588142.19306,0
1772339700000,5295.44,5300.00,5293.90,5299.03,688.525,1772339999999,3648077.27566,1848,483.495,2561719.44970,0
1772340000000,5299.04,5299.18,5292.58,5296.19,315.752,1772340299999,1671908.63240,1534,153.939,815096.31258,0
1772340300000,5296.18,5296.19,5291.38,5293.40,308.299,1772340599999,1632097.98053,1259,108.318,573365.56906,0
1772340600000,5293.39,5293.40,5289.10,5291.22,342.945,1772340899999,1814484.71253,1482,133.204,704743.57908,0
1772340900000,5291.23,5293.00,5291.22,5291.38,92.636,1772341199999,490237.53821,662,51.221,271062.00146,0
1772341200000,5291.38,5292.99,5289.29,5289.29,208.518,1772341499999,1103396.98545,822,36.525,193278.16804,0
1772341500000,5289.29,5292.62,5288.68,5291.97,179.157,1772341799999,947810.93257,868,90.874,480747.85282,0
1772341800000,5291.98,5292.74,5291.54,5292.19,172.061,1772342099999,910564.26572,724,83.028,439382.51131,0
1772342100000,5292.19,5292.45,5291.15,5291.98,150.933,1772342399999,798724.50501,642,57.644,305045.80146,0
1772342400000,5291.98,5293.00,5291.70,5292.21,137.177,1772342699999,725966.01071,597,75.515,399633.85588,0
1772342700000,5292.20,5292.68,5291.36,5291.95,129.128,1772342999999,683336.90759,578,76.952,407224.69001,0
1772343000000,5291.95,5292.43,5291.52,5291.52,118.877,1772343299999,629088.59094,389,47.530,251526.02431,0
1772343300000,5291.53,5291.55,5290.00,5291.28,238.774,1772343599999,1263279.51305,666,66.726,353046.61854,0
1772343600000,5291.27,5294.50,5290.07,5293.68,302.028,1772343899999,1598360.66875,1066,189.608,1003386.58865,0
1772343900000,5293.68,5295.00,5292.39,5294.50,341.349,1772344199999,1807232.47394,1070,275.906,1460785.71918,0
1772344200000,5294.50,5294.78,5291.48,5292.01,146.497,1772344499999,775455.18012,666,40.622,215014.68277,0
1772344500000,5292.00,5295.00,5292.00,5295.00,119.100,1772344799999,630501.10667,599,104.340,552369.62414,0
1772344800000,5294.99,5297.00,5292.54,5294.37,474.647,1772345099999,2513552.31469,1720,251.457,1331597.61585,0
1772345100000,5294.37,5296.99,5288.68,5293.21,368.292,1772345399999,1949411.70199,1560,204.781,1084032.86406,0
1772345400000,5293.21,5295.78,5293.21,5295.78,129.842,1772345699999,687487.08401,629,89.145,472006.43671,0
1772345700000,5295.77,5297.00,5293.60,5295.04,282.615,1772345999999,1496542.76028,849,163.335,864937.92815,0
1772346000000,5295.03,5298.25,5295.03,5296.36,472.311,1772346299999,2501694.61442,1231,394.546,2089761.07055,0
1772346300000,5296.35,5297.97,5296.09,5296.74,216.742,1772346599999,1148014.61666,811,109.605,580554.12683,0
1772346600000,5296.74,5297.50,5296.40,5297.44,231.406,1772346899999,1225793.58906,976,158.625,840276.58563,0
1772346900000,5297.45,5300.00,5297.44,5298.99,455.019,1772347199999,2411148.42454,1222,314.659,1667309.36907,0
1772347200000,5299.00,5302.60,5298.75,5301.12,587.146,1772347499999,3112291.18960,1913,326.774,1732120.01699,0
1772347500000,5301.12,5301.12,5296.62,5297.63,294.759,1772347799999,1561761.85556,1357,107.819,571254.99193,0
1772347800000,5297.62,5297.68,5294.91,5295.04,328.687,1772348099999,1740864.01555,1107,119.441,632621.72559,0
1772348100000,5295.04,5296.66,5295.03,5295.46,164.536,1772348399999,871326.78531,585,81.516,431679.55596,0
1772348400000,5295.47,5298.00,5295.40,5297.94,132.890,1772348699999,703926.49001,750,68.951,365234.43628,0
1772348700000,5297.95,5299.80,5297.26,5297.26,345.955,1772348999999,1832895.36729,1482,143.057,757905.67324,0
1772349000000,5297.27,5297.27,5294.20,5294.90,328.369,1772349299999,1738821.81296,1435,127.303,674077.77291,0
1772349300000,5294.89,5297.52,5294.00,5296.33,151.759,1772349599999,803657.37868,828,61.493,325630.47103,0
1772349600000,5296.33,5296.33,5291.25,5292.40,303.865,1772349899999,1608399.21343,1118,94.173,498440.84585,0
1772349900000,5292.42,5293.90,5290.60,5292.34,442.030,1772350199999,2339219.65117,1389,195.702,1035683.44543,0
1772350200000,5292.35,5293.15,5290.16,5291.65,280.220,1772350499999,1482866.14846,998,97.994,518563.14456,0
1772350500000,5291.65,5291.68,5289.58,5290.10,296.260,1772350799999,1567477.66326,977,77.772,411472.58821,0
1772350800000,5290.10,5291.00,5288.21,5288.22,297.700,1772351099999,1574715.80155,833,43.635,230809.89558,0
1772351100000,5288.22,5289.70,5287.50,5289.27,336.344,1772351399999,1778718.41220,1060,93.900,496555.70805,0
1772351400000,5289.27,5289.70,5288.24,5289.59,219.573,1772351699999,1161389.72005,634,111.996,592369.50713,0
1772351700000,5289.59,5291.01,5285.00,5288.30,1368.381,1772351999999,7237411.00512,2150,590.018,3120878.66370,0
1772352000000,5288.30,5297.79,5288.30,5294.77,1401.651,1772352299999,7420293.50312,2730,1032.059,5463333.64762,0
1772352300000,5294.72,5297.01,5294.51,5295.55,230.632,1772352599999,1221525.04334,850,119.262,631664.21736,0
1772352600000,5295.55,5296.60,5295.03,5296.40,258.250,1772352899999,1367768.67819,865,137.745,729532.02205,0
1772352900000,5296.40,5297.01,5295.50,5295.50,179.609,1772353199999,951286.27180,618,96.212,509595.14009,0
1772353200000,5295.50,5298.10,5295.50,5298.10,270.148,1772353499999,1430974.97657,884,232.460,1231340.69669,0
1772353500000,5298.10,5298.10,5297.00,5297.39,266.558,1772353799999,1412116.83794,777,89.567,474482.05783,0
1772353800000,5297.39,5297.95,5295.93,5297.95,325.650,1772354099999,1725166.78025,906,186.378,987386.33959,0
1772354100000,5297.95,5297.99,5297.54,5297.99,169.581,1772354399999,898426.98963,601,93.744,496649.12223,0
1772354400000,5297.99,5298.00,5296.34,5297.14,162.828,1772354699999,862597.46641,739,66.694,353309.45255,0
1772354700000,5297.14,5297.14,5296.00,5296.01,153.895,1772354999999,815077.93198,477,61.643,326480.81156,0
1772355000000,5296.00,5297.00,5295.29,5296.00,255.183,1772355299999,1351612.50110,887,135.119,715670.66238,0
1772355300000,5296.00,5296.56,5295.18,5296.55,148.652,1772355599999,787313.76409,766,88.239,467347.93257,0
1772355600000,5296.56,5298.99,5296.55,5297.77,402.454,1772355899999,2132087.39752,1310,270.049,1430581.65320,0
1772355900000,5297.77,5298.00,5296.33,5298.00,178.817,1772356199999,947327.76576,582,123.824,655987.17508,0
1772356200000,5297.99,5299.99,5297.99,5299.99,392.899,1772356499999,2081891.94621,979,281.627,1492302.21737,0
1772356500000,5299.99,5304.05,5299.56,5299.56,679.735,1772356799999,3603709.90296,2258,318.237,1687047.83139,0
1772356800000,5300.12,5301.62,5297.06,5298.84,254.526,1772357099999,1348762.28672,1163,105.549,559286.94158,0
1772357100000,5298.85,5303.86,5298.00,5303.86,370.162,1772357399999,1962182.39797,1383,223.544,1185035.19077,0
1772357400000,5303.86,5306.97,5303.85,5306.73,512.450,1772357699999,2718776.12248,1845,324.072,1719333.06130,0
1772357700000,5306.73,5308.75,5299.54,5304.25,687.397,1772357999999,3646840.37523,2181,291.238,1545056.36000,0
1772358000000,5304.25,5309.00,5304.24,5305.08,443.537,1772358299999,2353595.77364,1726,234.446,1244092.60246,0
1772358300000,5305.08,5305.16,5298.33,5299.85,594.130,1772358599999,3149742.75750,2456,269.588,1429130.89691,0
1772358600000,5299.84,5302.60,5299.71,5301.44,230.749,1772358899999,1223199.27377,1056,117.032,620419.64049,0
1772358900000,5301.44,5304.50,5300.00,5303.23,230.107,1772359199999,1220144.39568,1016,99.297,526563.98159,0
1772359200000,5303.23,5303.75,5300.64,5302.56,285.089,1772359499999,1511490.88709,1263,98.082,520024.34530,0
1772359500000,5302.55,5302.70,5301.20,5302.59,458.750,1772359799999,2432171.47563,1096,145.984,774029.44111,0
1772359800000,5302.60,5302.60,5296.57,5298.68,593.171,1772360099999,3143544.42853,1679,244.221,1294231.68120,0
1772360100000,5298.68,5303.00,5298.33,5303.00,232.943,1772360399999,1234931.23322,1245,128.642,681978.04840,0
1772360400000,5303.00,5303.00,5299.41,5301.04,448.012,1772360699999,2375171.69624,1630,164.157,870237.48935,0
1772360700000,5301.05,5306.20,5300.10,5302.35,610.443,1772360999999,3237556.62284,2195,396.822,2104597.17544,0
1772361000000,5302.36,5303.38,5300.04,5301.20,249.853,1772361299999,1324534.86033,1146,129.414,686060.16372,0
1772361300000,5301.21,5301.21,5296.30,5298.00,558.500,1772361599999,2959138.25286,1870,211.884,1122598.00398,0
1772361600000,5298.00,5300.92,5295.14,5297.37,634.696,1772361899999,3362246.93672,2014,294.386,1559494.01642,0
1772361900000,5297.62,5301.00,5297.00,5299.08,265.711,1772362199999,1408182.60818,1032,114.077,604546.02378,0
1772362200000,5299.07,5300.65,5297.52,5299.31,183.722,1772362499999,973595.96110,926,116.366,616651.74022,0
1772362500000,5299.32,5300.63,5295.69,5298.94,405.763,1772362799999,2149774.89355,1440,171.081,906382.01293,0
1772362800000,5298.93,5299.59,5295.00,5298.28,516.394,1772363099999,2735783.96342,1709,188.194,997126.46591,0
1772363100000,5298.28,5298.80,5296.55,5298.48,158.437,1772363399999,839398.76697,807,89.333,473277.15768,0
1772363400000,5298.49,5298.80,5297.10,5298.40,102.615,1772363699999,543664.68056,667,47.686,252647.62078,0
1772363700000,5298.41,5299.00,5297.62,5298.31,186.627,1772363999999,988848.55561,1096,109.641,580936.85806,0
1772364000000,5298.30,5298.90,5291.00,5298.41,789.879,1772364299999,4182872.94988,1721,307.911,1631068.56066,0
1772364300000,5298.45,5299.50,5297.24,5297.91,199.722,1772364599999,1058215.10834,917,109.155,578344.94703,0
1772364600000,5297.91,5298.55,5292.23,5296.05,539.608,1772364899999,2857901.14237,1710,196.404,1040234.88242,0
1772364900000,5296.06,5298.25,5295.07,5297.11,324.219,1772365199999,1717313.95132,1280,162.170,858964.89288,0
1772365200000,5297.10,5297.11,5295.07,5295.50,197.506,1772365499999,1045956.04012,1016,91.505,484596.95278,0
1772365500000,5295.51,5299.00,5293.50,5296.00,785.650,1772365799999,4160472.58196,1756,419.527,2221788.09684,0
1772365800000,5295.99,5296.78,5293.00,5294.71,821.965,1772366099999,4352110.44467,1455,163.203,864194.02915,0
1772366100000,5294.71,5302.00,5292.80,5297.76,1756.101,1772366399999,9300653.22238,3322,1115.483,5908521.68959,0
1772366400000,5297.61,5309.00,5297.61,5308.05,1861.144,1772366699999,9873345.28185,3087,1187.498,6299275.51425,0
1772366700000,5308.05,5309.99,5305.21,5308.67,821.074,1772366999999,4358026.78626,1897,493.798,2621017.28986,0
1772367000000,5308.66,5313.82,5308.66,5311.02,524.048,1772367299999,2782994.03367,1798,342.899,1821040.09285,0
1772367300000,5311.02,5314.30,5308.00,5310.63,420.790,1772367599999,2234571.81159,1718,255.063,1354529.99858,0
1772367600000,5310.56,5311.89,5307.17,5309.00,318.062,1772367899999,1688730.21556,1323,122.327,649465.59240,0
1772367900000,5309.00,5314.13,5308.38,5313.95,540.791,1772368199999,2872846.81523,1971,364.088,1934122.35411,0
1772368200000,5313.94,5317.78,5313.16,5315.01,600.017,1772368499999,3189499.31413,1948,357.260,1899057.41599,0
1772368500000,5315.00,5316.00,5310.67,5312.65,533.968,1772368799999,2837058.85317,2128,219.564,1166580.67291,0
1772368800000,5312.64,5318.54,5311.61,5316.76,450.642,1772369099999,2395349.78827,1678,261.340,1389191.63461,0
1772369100000,5316.76,5316.76,5310.73,5314.15,407.065,1772369399999,2163215.32576,1666,119.359,634355.80224,0
1772369400000,5314.16,5317.01,5314.08,5316.66,245.374,1772369699999,1304321.83873,1462,164.384,873825.21737,0
1772369700000,5316.65,5316.66,5314.40,5316.33,196.475,1772369999999,1044394.54123,1186,94.310,501315.02241,0
1772370000000,5316.33,5323.72,5315.31,5320.83,839.938,1772370299999,4468667.25327,2853,604.289,3214754.96336,0
1772370300000,5320.83,5320.90,5305.30,5312.12,1652.829,1772370599999,8781888.86054,4451,559.827,2974162.56920,0
1772370600000,5312.12,5313.55,5311.17,5313.55,186.762,1772370899999,992286.67160,759,133.167,707527.70074,0
1772370900000,5313.55,5317.56,5313.23,5316.80,266.841,1772371199999,1418405.34828,1230,186.330,990443.46126,0
1772371200000,5316.81,5317.95,5314.98,5316.76,401.582,1772371499999,2134866.16029,1424,133.617,710332.92722,0
1772371500000,5316.75,5317.98,5314.98,5315.92,335.687,1772371799999,1784787.00005,1508,143.557,763291.32958,0
1772371800000,5315.92,5317.20,5315.00,5315.99,253.311,1772372099999,1346595.87328,1089,64.337,342009.33909,0
1772372100000,5316.00,5316.00,5311.95,5311.98,492.511,1772372399999,2617397.98271,1250,65.679,348992.81574,0
1772372400000,5311.95,5312.27,5309.30,5311.65,387.620,1772372699999,2058455.26112,1487,218.517,1160442.56319,0
1772372700000,5311.64,5314.50,5311.60,5314.10,313.328,1772372999999,1664656.45289,1318,217.492,1155490.02945,0
1772373000000,5314.09,5315.86,5310.30,5310.30,651.414,1772373299999,3461275.15536,2067,243.627,1294624.96188,0
1772373300000,5310.30,5310.35,5305.00,5305.10,817.730,1772373599999,4339661.61054,2643,272.868,1447969.03658,0
1772373600000,5305.10,5314.57,5304.00,5312.66,771.129,1772373899999,4094066.83472,2926,448.102,2379361.76763,0
1772373900000,5312.67,5317.90,5311.50,5313.00,624.611,1772374199999,3319636.29961,2786,366.132,1945975.19476,0
1772374200000,5313.00,5313.90,5310.56,5313.63,261.119,1772374499999,1387285.11122,1500,160.801,854322.93151,0
1772374500000,5313.62,5316.92,5312.46,5313.00,353.205,1772374799999,1877047.20990,1461,210.688,1119650.95804,0
1772374800000,5313.00,5314.39,5312.13,5312.80,359.502,1772375099999,1910104.92011,1472,236.982,1259137.86768,0
1772375100000,5312.80,5313.83,5310.76,5312.06,404.857,1772375399999,2150768.46876,1476,200.799,1066688.98718,0
1772375400000,5312.07,5312.71,5310.00,5310.08,303.589,1772375699999,1612406.06616,1486,113.538,603042.49145,0
1772375700000,5310.08,5310.08,5306.41,5307.25,252.106,1772375999999,1338290.34259,1082,94.170,499894.76698,0
1772376000000,5307.24,5312.00,5307.00,5311.49,233.544,1772376299999,1239877.63094,1067,162.246,861421.35662,0
1772376300000,5311.50,5312.75,5309.63,5311.81,428.768,1772376599999,2277416.35911,1514,226.339,1202251.43106,0
1772376600000,5311.80,5311.81,5309.07,5310.04,172.411,1772376899999,915569.14412,939,61.959,329018.31426,0
1772376900000,5310.05,5310.40,5308.56,5309.84,211.896,1772377199999,1125078.93594,1143,122.126,648436.01324,0
1772377200000,5309.85,5310.37,5308.12,5308.41,253.566,1772377499999,1346359.37561,1224,135.197,717869.39500,0
1772377500000,5308.42,5308.42,5306.30,5307.26,381.498,1772377799999,2024681.76567,1103,165.969,880801.47611,0
1772377800000,5307.25,5307.26,5305.25,5306.80,360.639,1772378099999,1913576.04774,1357,198.986,1055804.38953,0
1772378100000,5306.80,5308.00,5303.68,5306.83,711.273,1772378399999,3773896.08370,2274,334.549,1775117.49652,0
1772378400000,5306.84,5307.99,5305.95,5307.99,264.184,1772378699999,1402151.86897,987,165.862,880314.20635,0
1772378700000,5307.99,5307.99,5307.05,5307.95,190.960,1772378999999,1013550.12919,868,99.822,529818.61086,0
1772379000000,5307.94,5309.77,5307.54,5309.40,260.777,1772379299999,1384309.92375,951,141.774,752600.29151,0
1772379300000,5309.40,5309.41,5307.00,5307.33,438.353,1772379599999,2326956.13689,1057,88.406,469241.25772,0
1772379600000,5307.33,5307.33,5305.99,5306.34,194.625,1772379899999,1032838.61501,734,79.318,420919.54236,0
1772379900000,5306.35,5308.74,5305.99,5308.41,347.002,1772380199999,1841596.18729,1141,216.500,1149006.13892,0
1772380200000,5308.40,5309.00,5305.80,5306.30,637.310,1772380499999,3382794.44822,1276,150.954,801259.54314,0
1772380500000,5306.31,5311.83,5305.47,5310.63,1424.015,1772380799999,7557417.15070,2635,739.126,3922834.15244,0
1772380800000,5310.75,5332.00,5310.75,5324.02,5151.754,1772381099999,27432988.90998,10478,3111.583,16567539.43134,0
1772381100000,5324.05,5325.18,5320.01,5322.98,1589.131,1772381399999,8458279.09329,3950,866.643,4612756.80981,0
1772381400000,5322.97,5328.00,5321.19,5327.40,1264.321,1772381699999,6731883.19718,4027,821.823,4375988.05708,0
1772381700000,5327.40,5340.00,5327.40,5330.52,2070.065,1772381999999,11041263.66347,5740,1105.022,5893644.10891,0
1772382000000,5330.52,5330.52,5322.88,5325.99,1089.896,1772382299999,5805679.88976,2938,261.507,1392875.80104,0
1772382300000,5325.99,5328.05,5321.00,5327.24,709.451,1772382599999,3777840.74225,2417,296.961,1581430.25826,0
1772382600000,5327.24,5328.53,5325.00,5325.80,460.041,1772382899999,2450682.68372,1895,154.619,823646.91518,0
1772382900000,5325.80,5327.69,5322.59,5325.61,482.903,1772383199999,2571584.66254,2091,193.992,1033064.61167,0
1772383200000,5325.61,5325.65,5324.00,5324.19,177.889,1772383499999,947185.37697,1034,102.015,543184.78431,0
1772383500000,5324.19,5326.02,5323.18,5323.41,335.234,1772383799999,1785010.41492,1152,119.168,634527.82507,0
1772383800000,5323.40,5330.57,5322.82,5329.89,560.143,1772384099999,2983932.65288,2193,324.628,1729203.58640,0
1772384100000,5329.88,5330.61,5325.23,5327.74,463.992,1772384399999,2472271.92767,1916,148.198,789591.60878,0
1772384400000,5327.74,5328.87,5327.10,5328.50,397.813,1772384699999,2119450.14815,1488,220.510,1174823.47499,0
1772384700000,5328.49,5329.74,5327.80,5328.44,450.844,1772384999999,2402335.04469,1215,260.367,1387356.04405,0
1772385000000,5328.43,5330.00,5328.31,5329.74,267.032,1772385299999,1423041.70049,973,160.845,857182.08254,0
1772385300000,5329.74,5333.00,5328.56,5330.39,655.042,1772385599999,3492086.29490,2033,391.274,2085938.06672,0
1772385600000,5330.39,5333.70,5330.38,5332.86,483.131,1772385899999,2576207.34240,1766,287.313,1531992.86399,0
1772385900000,5332.86,5334.78,5329.06,5330.75,357.157,1772386199999,1904326.80195,1606,148.661,792757.77445,0
1772386200000,5330.74,5332.40,5328.50,5329.95,256.277,1772386499999,1365984.80742,1248,88.305,470700.62924,0
1772386500000,5329.95,5330.00,5329.00,5329.04,126.588,1772386799999,674648.39858,842,41.939,223513.76654,0
1772386800000,5329.03,5329.39,5326.53,5329.03,248.098,1772387099999,1321957.48017,1125,53.149,283186.36676,0
1772387100000,5329.04,5329.99,5329.03,5329.70,131.957,1772387399999,703289.03333,681,62.594,333603.99661,0
1772387400000,5329.71,5330.99,5329.45,5330.99,224.467,1772387699999,1196381.68112,843,142.725,760705.53181,0
1772387700000,5330.99,5333.23,5330.26,5330.85,211.625,1772387999999,1128313.12757,1143,88.238,470451.93156,0
1772388000000,5330.86,5332.18,5330.00,5332.10,255.165,1772388299999,1360225.26080,1257,119.434,636681.09794,0
1772388300000,5332.10,5333.23,5328.20,5330.41,421.611,1772388599999,2247682.10871,1954,142.968,762237.38863,0
1772388600000,5330.41,5332.95,5329.62,5332.01,294.432,1772388899999,1569595.51413,1369,142.668,760530.77914,0
1772388900000,5332.01,5332.23,5327.00,5330.58,296.826,1772389199999,1582011.40368,1571,108.592,578773.08154,0
1772389200000,5330.58,5331.24,5326.71,5327.66,238.694,1772389499999,1272102.72922,1136,95.050,506571.72153,0
1772389500000,5327.66,5329.00,5326.23,5328.56,168.106,1772389799999,895564.71023,1136,76.540,407764.05473,0
1772389800000,5328.56,5329.20,5326.59,5327.95,262.801,1772390099999,1400126.15603,1325,90.350,481342.23070,0
1772390100000,5327.95,5327.99,5324.44,5327.55,299.644,1772390399999,1595964.35545,1383,110.326,587634.97285,0
1772390400000,5327.55,5328.00,5324.54,5324.87,140.388,1772390699999,747751.71857,1032,37.936,202073.95388,0
1772390700000,5324.88,5326.19,5324.47,5324.75,162.850,1772390999999,867200.17113,838,80.739,429943.30792,0
1772391000000,5324.75,5325.44,5324.23,5324.23,122.728,1772391299999,653508.79302,622,59.264,315573.70425,0
1772391300000,5324.23,5325.41,5324.16,5324.86,168.708,1772391599999,898343.16402,773,101.495,540454.18388,0
1772391600000,5324.86,5327.69,5324.75,5327.68,320.839,1772391899999,1708859.20206,1041,281.573,1499704.03006,0
1772391900000,5327.69,5327.96,5325.70,5325.77,362.424,1772392199999,1930470.55541,1310,152.516,812378.77046,0
1772392200000,5325.76,5331.15,5323.00,5325.11,985.311,1772392499999,5249315.51053,2130,426.929,2274247.77414,0
1772392500000,5325.12,5325.84,5322.90,5324.84,317.238,1772392799999,1688941.27201,1246,114.225,608136.47590,0
1772392800000,5324.84,5327.66,5323.86,5326.99,223.819,1772393099999,1192064.15816,1122,143.160,762436.79523,0
1772393100000,5326.98,5330.00,5325.46,5327.80,236.433,1772393399999,1259458.48553,1023,143.843,766267.78247,0
1772393400000,5327.79,5332.20,5321.00,5321.35,1631.138,1772393699999,8685956.94621,3662,574.606,3060182.44364,0
1772393700000,5321.35,5322.85,5318.03,5320.51,1241.899,1772393999999,6607453.02088,2938,320.175,1703572.45707,0
1772394000000,5320.51,5326.02,5320.51,5322.17,597.334,1772394299999,3179640.13435,1972,340.337,1811608.88582,0
1772394300000,5322.17,5325.74,5318.00,5324.69,783.594,1772394599999,4170563.43818,2259,391.510,2084047.83232,0
1772394600000,5324.69,5326.00,5319.60,5324.56,1594.627,1772394899999,8486950.84988,3370,967.868,5151009.55827,0
1772394900000,5324.56,5326.93,5322.00,5325.83,1827.659,1772395199999,9730628.73658,4261,1085.649,5780171.23714,0
1772395200000,5325.82,5361.94,5325.82,5351.50,7212.762,1772395499999,38582434.04216,18608,4027.296,21540353.50500,0
1772395500000,5351.50,5359.13,5351.49,5352.96,1378.992,1772395799999,7385142.32585,4338,744.722,3988177.35937,0
1772395800000,5352.96,5358.01,5350.51,5357.16,951.392,1772396099999,5094093.63291,3155,470.143,2517470.02674,0
1772396100000,5357.16,5366.48,5356.00,5360.64,1584.837,1772396399999,8494513.01551,5267,1012.532,5427373.14254,0
1772396400000,5360.64,5365.00,5355.00,5364.46,1041.124,1772396699999,5582848.66132,3750,499.795,2680228.86479,0
1772396700000,5364.46,5364.46,5359.06,5362.76,768.789,1772396999999,4122576.75809,2266,331.702,1778709.99520,0
1772397000000,5362.75,5366.47,5362.73,5365.22,637.681,1772397299999,3421007.37406,2566,399.888,2145267.39667,0
1772397300000,5365.21,5376.58,5364.25,5372.84,1516.790,1772397599999,8147205.75559,6168,954.270,5125442.77989,0
1772397600000,5372.84,5380.00,5372.51,5379.52,1242.064,1772397899999,6678859.81147,4417,781.764,4203449.16281,0
1772397900000,5379.52,5379.99,5357.88,5367.83,1519.156,1772398199999,8160094.02393,5508,577.264,3101537.00886,0
1772398200000,5367.84,5371.00,5367.34,5369.78,757.100,1772398499999,4064740.52223,3611,447.947,2404945.49021,0
1772398500000,5369.77,5369.77,5366.06,5366.07,622.297,1772398799999,3340428.92828,2132,400.373,2149157.27989,0
1772398800000,5366.07,5369.28,5365.70,5367.31,539.506,1772399099999,2895833.11591,2149,269.803,1448107.15772,0
1772399100000,5367.31,5368.00,5362.57,5363.25,494.500,1772399399999,2653361.95485,2042,188.924,1013715.10327,0
1772399400000,5363.24,5380.00,5361.72,5368.16,1077.108,1772399699999,5783319.38095,3164,778.490,4180570.77886,0
1772399700000,5368.16,5373.46,5365.87,5371.94,425.807,1772399999999,2286270.49938,2157,187.566,1007103.07467,0
1772400000000,5371.94,5375.75,5368.86,5373.19,753.036,1772400299999,4044997.67819,3272,385.348,2069942.14151,0
1772400300000,5373.20,5373.30,5367.49,5370.08,549.142,1772400599999,2948975.79807,2386,202.451,1087152.11839,0
1772400600000,5370.07,5378.58,5367.74,5375.66,646.577,1772400899999,3473962.57939,3241,348.468,1872188.70500,0
1772400900000,5375.65,5377.32,5369.61,5372.45,689.013,1772401199999,3702166.60265,3022,349.243,1876476.60445,0
1772401200000,5372.45,5379.90,5371.80,5374.34,973.809,1772401499999,5233475.70074,4031,566.491,3044679.70652,0
1772401500000,5374.34,5375.83,5372.02,5375.82,554.584,1772401799999,2980120.37481,2229,216.168,1161621.48035,0
1772401800000,5375.82,5378.50,5365.64,5370.30,1134.915,1772402099999,6095942.47781,4059,524.734,2818515.88905,0
1772402100000,5370.26,5373.34,5364.83,5372.82,895.779,1772402399999,4809626.51249,3169,597.926,3210475.19305,0
1772402400000,5372.81,5374.11,5369.34,5372.45,503.066,1772402699999,2702229.63696,2690,276.275,1483969.08389,0
1772402700000,5372.45,5372.90,5368.44,5368.76,466.222,1772402999999,2503967.95861,2206,215.332,1156501.88310,0
1772403000000,5368.76,5372.39,5363.11,5365.20,951.564,1772403299999,5107912.81026,3390,449.555,2413531.77277,0
1772403300000,5365.15,5365.16,5350.00,5362.56,2049.233,1772403599999,10974715.56059,5322,988.242,5292124.68087,0
1772403600000,5362.55,5364.71,5355.65,5358.35,667.366,1772403899999,3578024.45472,2400,298.403,1599775.56087,0
1772403900000,5358.35,5360.58,5357.31,5360.33,465.756,1772404199999,2496316.90084,1630,180.400,966859.80514,0
1772404200000,5360.32,5362.86,5360.32,5360.81,405.199,1772404499999,2172507.54906,1594,276.793,1484046.44749,0
1772404500000,5360.81,5363.00,5360.68,5362.99,386.197,1772404799999,2070665.50229,1649,253.058,1356838.60633,0
1772404800000,5362.99,5369.56,5362.60,5369.51,466.172,1772405099999,2501225.31276,2139,332.225,1782564.78189,0
1772405100000,5369.51,5369.53,5361.90,5361.90,432.795,1772405399999,2322649.32857,2306,139.532,748856.38385,0
1772405400000,5361.90,5364.45,5359.50,5363.03,589.043,1772405699999,3158690.18841,2956,335.681,1800016.61850,0
1772405700000,5363.02,5369.37,5360.40,5368.76,1238.657,1772405999999,6644415.10396,4691,597.054,3202629.02624,0
1772406000000,5368.77,5373.59,5303.35,5346.05,20846.749,1772406299999,111129590.36517,49636,12187.525,64958774.62668,0
1772406300000,5346.05,5364.17,5322.83,5340.20,9487.844,1772406599999,50676128.43745,31427,4269.748,22802795.14341,0
1772406600000,5340.19,5344.15,5325.00,5329.48,4929.616,1772406899999,26298733.04295,13291,2382.098,12708705.62309,0
1772406900000,5329.49,5338.84,5324.99,5327.90,4033.388,1772407199999,21504136.38186,13050,1801.424,9605222.56601,0
1772407200000,5327.90,5334.97,5323.40,5328.05,3471.054,1772407499999,18498154.56378,11333,1565.710,8344331.34482,0
1772407500000,5328.05,5334.99,5327.01,5333.50,3039.365,1772407799999,16204809.53459,6946,1305.266,6958952.53061,0
1772407800000,5333.50,5346.24,5331.40,5343.47,4039.729,1772408099999,21578118.86245,9304,1887.195,10079956.32674,0
1772408100000,5343.48,5354.83,5341.44,5353.86,3805.707,1772408399999,20353698.98480,7276,1450.459,7756313.95604,0
1772408400000,5353.85,5372.97,5351.66,5362.61,7216.388,1772408699999,38707859.44815,14929,2545.739,13655200.04563,0
1772408700000,5362.61,5369.38,5355.20,5368.47,3493.804,1772408999999,18740812.06648,10120,1221.927,6554439.42587,0
1772409000000,5368.48,5369.00,5354.60,5367.45,4033.646,1772409299999,21637400.30217,9005,1090.869,5852711.20015,0
1772409300000,5367.44,5368.80,5356.26,5364.82,6310.295,1772409599999,33847151.52384,11666,2312.839,12404632.32047,0
1772409600000,5364.82,5388.00,5348.75,5374.24,12434.915,1772409899999,66810908.30539,27085,6000.863,32245775.98225,0
1772409900000,5374.24,5376.92,5361.90,5365.10,3749.596,1772410199999,20133901.46719,11990,1737.403,9329204.93790,0
1772410200000,5365.09,5376.25,5365.09,5375.37,2581.977,1772410499999,13872410.41666,8748,1596.440,8577468.98088,0
1772410500000,5375.37,5375.38,5358.02,5358.61,3391.424,1772410799999,18198262.36709,8975,1864.302,10003810.32829,0
1772410800000,5358.62,5364.34,5349.49,5362.36,2887.878,1772411099999,15467662.80026,8427,1378.623,7384238.03470,0
1772411100000,5362.36,5364.76,5354.20,5363.14,1693.604,1772411399999,9077040.55758,6425,878.522,4708597.59587,0
1772411400000,5363.15,5372.61,5358.76,5367.14,2211.271,1772411699999,11863949.79163,6899,924.629,4960859.38516,0
1772411700000,5367.50,5371.79,5364.62,5371.09,1027.365,1772411999999,5515348.56907,3962,495.905,2662014.63099,0
1772412000000,5371.10,5371.10,5362.83,5365.82,1618.413,1772412299999,8684704.66897,4970,751.510,4032418.86246,0
1772412300000,5365.82,5366.00,5361.43,5364.49,963.658,1772412599999,5168951.07081,3630,569.696,3055757.96172,0
1772412600000,5364.49,5365.00,5344.31,5346.27,2862.162,1772412899999,15321756.98612,8345,1269.407,6794068.81861,0
1772412900000,5346.28,5356.25,5342.63,5348.76,1805.418,1772413199999,9657715.28863,6951,967.215,5173792.20307,0
1772413200000,5348.75,5349.09,5315.99,5331.75,7569.068,1772413499999,40340896.59261,25304,3861.132,20577519.24060,0
1772413500000,5331.79,5338.23,5319.96,5329.22,2840.769,1772413799999,15142194.12801,12432,1641.489,8749832.03088,0
1772413800000,5329.31,5342.62,5327.93,5339.80,2936.448,1772414099999,15669387.86508,10054,1249.906,6668549.39974,0
1772414100000,5339.76,5345.25,5330.00,5332.47,2130.448,1772414399999,11372624.56960,9593,896.232,4784623.99701,0
1772414400000,5332.47,5337.14,5321.00,5324.45,2144.798,1772414699999,11431322.57431,9289,1049.278,5592158.12516,0
1772414700000,5324.43,5331.90,5304.00,5309.28,3398.876,1772414999999,18069549.39854,10501,1303.558,6930480.71783,0
1772415000000,5309.27,5328.97,5307.01,5326.37,3319.175,1772415299999,17642932.10338,11330,1895.166,10073712.50855,0
1772415300000,5326.40,5333.76,5324.10,5333.17,2342.091,1772415599999,12480406.12607,7041,1317.370,7019737.91881,0
1772415600000,5333.18,5338.59,5328.01,5334.16,1670.252,1772415899999,8910492.64670,5082,677.762,3615694.29878,0
1772415900000,5334.16,5337.88,5325.83,5330.70,1152.207,1772416199999,6144326.36229,5880,557.652,2973866.43440,0
1772416200000,5330.71,5336.88,5326.63,5336.87,1100.565,1772416499999,5867069.38290,5348,526.842,2808408.17429,0
1772416500000,5336.87,5337.25,5322.87,5325.41,1436.052,1772416799999,7652012.45059,6171,626.393,3337624.99529,0
1772416800000,5325.40,5331.60,5320.63,5324.09,1247.169,1772417099999,6642671.97647,5749,689.307,3671543.60931,0
1772417100000,5324.10,5329.92,5318.09,5328.48,1353.425,1772417399999,7204059.74261,5356,642.296,3419273.23635,0
1772417400000,5328.46,5335.00,5324.20,5328.90,1391.178,1772417699999,7413605.58052,4552,799.138,4258439.33460,0
1772417700000,5328.90,5335.31,5327.85,5328.25,1027.998,1772417999999,5480872.74125,4221,538.762,2872326.43760,0
1772418000000,5328.25,5344.64,5327.42,5334.25,2073.184,1772418299999,11061850.71407,5081,1388.693,7410389.87859,0
1772418300000,5334.24,5334.55,5327.43,5331.69,985.753,1772418599999,5254713.01409,2993,494.247,2634564.08813,0
1772418600000,5331.69,5334.37,5329.20,5334.25,954.025,1772418899999,5086482.70129,3577,571.151,3045132.10326,0
1772418900000,5334.24,5342.31,5332.26,5338.58,1293.144,1772419199999,6901003.65691,3911,662.423,3534868.04144,0
1772419200000,5338.58,5351.85,5338.40,5351.62,1573.693,1772419499999,8412053.21847,4924,940.664,5028638.42864,0
1772419500000,5351.61,5351.96,5344.34,5346.39,1150.590,1772419799999,6154399.46445,3898,460.673,2464025.76581,0
1772419800000,5346.39,5348.94,5342.14,5345.69,776.908,1772420099999,4153443.70498,2882,399.634,2136435.48850,0
1772420100000,5345.70,5349.00,5343.78,5347.43,620.277,1772420399999,3316340.27055,2905,300.485,1606497.88087,0
1772420400000,5347.44,5354.96,5345.32,5353.44,975.285,1772420699999,5218465.63207,3518,475.488,2543862.30151,0
1772420700000,5353.45,5355.63,5351.53,5352.28,684.846,1772420999999,3666852.91538,2778,279.147,1494626.85369,0
1772421000000,5352.28,5356.45,5350.14,5355.08,1185.863,1772421299999,6348610.80814,3634,602.548,3225747.57847,0
1772421300000,5355.07,5358.44,5350.28,5358.15,781.371,1772421599999,4183445.55792,3101,370.669,1984477.46018,0
1772421600000,5358.15,5358.99,5354.14,5356.84,1390.768,1772421899999,7450979.24432,4053,432.835,2318856.63350,0
1772421900000,5356.80,5357.99,5354.10,5354.57,769.533,1772422199999,4122217.37666,2937,318.185,1704413.06792,0
1772422200000,5354.58,5359.19,5353.29,5357.44,881.868,1772422499999,4724175.73596,2792,311.193,1667038.35506,0
1772422500000,5357.45,5362.58,5356.61,5361.86,1702.298,1772422799999,9124406.59219,3039,915.208,4905782.54023,0
1772422800000,5361.89,5361.99,5357.51,5360.97,953.500,1772423099999,5111333.54373,2707,286.524,1535819.66156,0
1772423100000,5360.97,5362.48,5359.12,5361.55,721.326,1772423399999,3866980.82644,2388,288.829,1548371.10412,0
1772423400000,5361.54,5362.45,5360.11,5362.03,778.439,1772423699999,4173513.93464,2302,359.874,1929475.98204,0
1772423700000,5362.03,5367.99,5361.29,5365.34,1312.887,1772423999999,7042686.67324,3593,716.113,3841664.22178,0
1772424000000,5365.34,5366.07,5358.98,5359.12,1000.776,1772424299999,5368247.22329,2781,411.878,2209556.44220,0
1772424300000,5359.01,5362.34,5355.65,5356.74,1233.682,1772424599999,6610514.47642,3108,448.043,2400525.21435,0
1772424600000,5356.74,5361.07,5354.91,5354.91,1505.519,1772424899999,8064850.43475,2814,490.968,2630130.07640,0
1772424900000,5354.92,5363.43,5354.92,5363.25,910.234,1772425199999,4878178.94294,2350,532.591,2854373.61428,0
1772425200000,5363.24,5364.25,5359.01,5362.85,741.706,1772425499999,3977174.12557,2172,337.158,1808001.31203,0
1772425500000,5362.85,5364.00,5361.10,5361.69,465.650,1772425799999,2497088.86316,1521,238.186,1277257.12937,0
1772425800000,5361.70,5362.23,5357.16,5359.43,505.692,1772426099999,2710011.39337,1905,234.195,1254989.10521,0
1772426100000,5359.42,5359.42,5345.00,5350.16,1758.448,1772426399999,9409275.20334,4592,688.469,3683508.57350,0
1772426400000,5350.16,5353.39,5346.69,5352.59,1121.197,1772426699999,5998332.84136,3573,523.768,2802192.29319,0
1772426700000,5352.59,5353.72,5349.50,5352.23,748.529,1772426999999,4006014.29868,2465,300.945,1610660.08377,0
1772427000000,5352.22,5356.40,5349.55,5356.32,1321.416,1772427299999,7074071.64501,2370,444.234,2378554.50708,0
1772427300000,5356.31,5356.45,5353.68,5353.84,468.799,1772427599999,2510574.21838,1601,193.756,1037632.96018,0
1772427600000,5353.91,5354.00,5348.20,5349.75,687.625,1772427899999,3679781.93618,2355,295.341,1580496.39581,0
1772427900000,5349.75,5349.99,5346.63,5347.19,830.493,1772428199999,4441512.55805,2665,358.766,1918608.23064,0
1772428200000,5347.19,5352.80,5343.52,5349.37,1202.393,1772428499999,6430604.42107,3050,403.256,2156986.45079,0
1772428500000,5349.36,5349.37,5341.33,5347.71,1223.756,1772428799999,6540412.00531,2928,662.046,3538079.53877,0
1772428800000,5347.71,5350.14,5347.00,5348.15,679.235,1772429099999,3633021.44305,1836,366.182,1958554.33192,0
1772429100000,5348.14,5351.85,5348.00,5348.81,1244.320,1772429399999,6656575.98948,2036,688.895,3684866.20053,0
1772429400000,5348.81,5356.31,5347.68,5353.52,841.407,1772429699999,4503542.34180,2766,528.877,2830819.18772,0
1772429700000,5353.52,5359.56,5352.40,5358.11,753.854,1772429999999,4037613.42639,2577,441.037,2362137.03704,0
1772430000000,5358.11,5362.35,5357.00,5359.39,1148.467,1772430299999,6154909.08025,3106,687.003,3681783.59825,0
1772430300000,5359.38,5365.81,5358.00,5363.01,1688.954,1772430599999,9056414.28718,3173,741.348,3975644.09653,0
1772430600000,5363.01,5365.60,5362.43,5362.44,547.081,1772430899999,2934644.09131,1985,247.562,1327951.99867,0
1772430900000,5362.45,5365.23,5361.50,5364.50,715.933,1772431199999,3839681.67499,2583,328.892,1763914.57761,0
1772431200000,5364.65,5365.23,5362.40,5364.07,742.699,1772431499999,3983941.68166,1996,342.774,1838718.96517,0
1772431500000,5364.07,5378.40,5363.44,5374.35,2588.919,1772431799999,13910001.59637,7011,1270.606,6826258.45363,0
1772431800000,5374.36,5378.00,5371.64,5374.04,1244.991,1772432099999,6691221.29919,4071,570.565,3066384.96351,0
1772432100000,5374.01,5377.89,5372.72,5376.03,886.989,1772432399999,4767868.76780,2846,489.972,2633816.09810,0
1772432400000,5376.03,5377.98,5375.52,5377.98,891.130,1772432699999,4791691.53587,2720,538.047,2893111.99685,0
1772432700000,5377.97,5380.75,5376.50,5380.05,1456.056,1772432999999,7831470.79283,3288,955.831,5141164.43866,0
1772433000000,5380.05,5380.42,5373.55,5377.06,1410.994,1772433299999,7588031.81893,3706,645.948,3474077.93321,0
1772433300000,5377.00,5380.27,5373.14,5376.51,862.747,1772433599999,4638686.96022,3490,412.273,2216690.19946,0
1772433600000,5376.51,5377.41,5373.03,5373.73,680.886,1772433899999,3659946.80587,2850,314.791,1692057.67421,0
1772433900000,5373.63,5384.50,5373.63,5382.80,1153.519,1772434199999,6206016.86240,3620,606.376,3262384.67966,0
1772434200000,5382.80,5385.00,5380.59,5384.20,1183.637,1772434499999,6371851.97195,3172,620.146,3338359.50586,0
1772434500000,5384.19,5387.20,5383.29,5385.64,1283.162,1772434799999,6910424.49680,3717,669.633,3606298.31012,0
1772434800000,5385.61,5388.00,5383.33,5386.95,917.381,1772435099999,4941375.87769,3297,440.571,2373074.73668,0
1772435100000,5386.94,5398.49,5386.81,5398.49,3793.966,1772435399999,20459086.19982,7547,2260.960,12191558.90437,0
1772435400000,5398.49,5406.00,5394.45,5404.41,3514.003,1772435699999,18979882.88303,8343,1866.494,10081772.80392,0
1772435700000,5404.41,5420.00,5403.23,5416.10,3539.393,1772435999999,19156748.09890,8429,1961.375,10615883.31062,0
1772436000000,5416.10,5417.66,5411.25,5411.59,2384.265,1772436299999,12907673.66451,5631,1146.266,6205277.03588,0
1772436300000,5411.59,5415.00,5407.85,5407.85,2014.225,1772436599999,10901412.51295,4141,936.433,5068334.29386,0
1772436600000,5407.85,5409.43,5404.47,5406.43,2220.631,1772436899999,12005592.54952,5163,987.502,5338794.02040,0
1772436900000,5406.43,5409.17,5402.00,5403.45,1609.845,1772437199999,8701602.35361,4647,789.508,4267462.63827,0
1772437200000,5403.46,5405.00,5400.60,5401.42,1266.632,1772437499999,6841712.17570,3696,564.725,3050308.21739,0
1772437500000,5401.41,5412.34,5401.11,5410.10,1473.287,1772437799999,7967855.03396,4363,794.239,4295697.98587,0
1772437800000,5410.09,5410.09,5404.22,5405.59,1113.069,1772438099999,6018560.50240,3120,554.356,2997392.26682,0
1772438100000,5405.59,5405.79,5400.61,5405.79,1116.954,1772438399999,6034793.25161,3344,461.586,2493843.37692,0
1772438400000,5405.78,5408.78,5401.61,5403.15,1699.611,1772438699999,9186101.28026,4991,798.187,4314021.49818,0
1772438700000,5403.13,5409.67,5402.08,5409.29,1072.352,1772438999999,5796585.68973,3481,616.066,3330122.10867,0
1772439000000,5409.29,5409.89,5405.28,5408.09,2123.402,1772439299999,11482295.97605,4321,1108.295,5992742.60816,0
1772439300000,5408.08,5408.88,5400.59,5403.11,1509.028,1772439599999,8154185.61530,3983,765.906,4138519.16342,0
1772439600000,5403.10,5404.60,5398.26,5403.16,1653.901,1772439899999,8934025.80455,4566,692.796,3742595.13872,0
1772439900000,5403.15,5413.52,5402.51,5413.11,1393.924,1772440199999,7538926.80765,3774,576.175,3116205.54537,0
1772440200000,5413.32,5414.86,5407.49,5411.60,1146.730,1772440499999,6204471.91912,3469,614.393,3324318.52980,0
1772440500000,5411.60,5411.68,5406.50,5406.95,580.403,1772440799999,3139247.30737,2403,276.307,1494500.39042,0
1772440800000,5406.94,5407.75,5394.58,5399.40,2656.136,1772441099999,14344640.87098,5744,907.101,4899338.65822,0
1772441100000,5399.41,5409.98,5397.34,5408.40,2253.740,1772441399999,12180164.87145,5395,1514.731,8187233.87797,0
1772441400000,5408.04,5408.69,5398.53,5398.68,1913.715,1772441699999,10339416.71048,4574,945.667,5109357.16317,0
1772441700000,5398.68,5398.69,5390.00,5391.18,2236.262,1772441999999,12060828.01721,5736,752.318,4057486.79858,0
1772442000000,5391.19,5395.05,5387.16,5391.00,2215.155,1772442299999,11944218.75913,4771,993.082,5354327.07946,0
1772442300000,5391.01,5397.90,5390.87,5396.05,1389.804,1772442599999,7498553.01531,3948,860.767,4644167.91046,0
1772442600000,5396.16,5396.75,5388.95,5392.14,1565.318,1772442899999,8442430.98943,4171,886.223,4779896.00388,0
1772442900000,5392.28,5395.90,5389.45,5389.72,810.993,1772443199999,4373929.83701,3123,378.866,2043303.95726,0
1772443200000,5389.72,5394.34,5385.10,5394.30,1488.177,1772443499999,8020911.77819,4445,718.689,3873806.45490,0
1772443500000,5394.29,5394.50,5389.85,5391.97,704.778,1772443799999,3799989.28443,2559,365.206,1969073.74707,0
1772443800000,5391.98,5399.93,5391.73,5394.94,921.240,1772444099999,4971313.72058,3456,495.280,2672726.01823,0
1772444100000,5394.94,5397.69,5392.66,5393.45,564.812,1772444399999,3046989.42233,2429,277.823,1498761.93651,0
1772444400000,5393.46,5396.36,5392.99,5395.65,363.874,1772444699999,1963019.91139,1898,186.776,1007583.36543,0
1772444700000,5395.65,5396.00,5387.52,5389.00,1040.861,1772444999999,5610557.84586,3207,458.515,2471676.56777,0
1772445000000,5388.92,5394.30,5386.01,5391.71,1200.390,1772445299999,6470109.16966,3609,655.225,3531634.53162,0
1772445300000,5391.71,5393.30,5389.73,5391.21,671.154,1772445599999,3618590.99577,2648,397.153,2141225.72432,0
1772445600000,5391.22,5391.68,5382.50,5384.56,1532.632,1772445899999,8255281.05649,4407,767.806,4135958.58942,0
1772445900000,5384.60,5389.79,5377.67,5389.03,2401.847,1772446199999,12927856.47656,5987,1124.412,6052407.08825,0
1772446200000,5389.02,5392.26,5386.58,5390.24,1089.592,1772446499999,5873308.41641,3263,542.708,2925257.00534,0
1772446500000,5390.24,5390.78,5388.00,5389.50,996.109,1772446799999,5368334.75713,2783,552.083,2975179.66272,0
1772446800000,5389.51,5390.00,5385.24,5387.03,1082.170,1772447099999,5830832.14378,2840,428.797,2310335.93673,0
1772447100000,5387.03,5389.00,5383.08,5388.38,1043.487,1772447399999,5619470.26381,2571,579.626,3121483.65933,0
1772447400000,5388.21,5391.94,5386.01,5390.35,1760.367,1772447699999,9487414.74875,3535,849.769,4579906.74000,0
1772447700000,5390.35,5395.32,5389.57,5393.45,1092.291,1772447999999,5890394.82544,3101,508.980,2744531.54891,0
1772448000000,5393.44,5399.40,5391.76,5398.86,1147.297,1772448299999,6189478.43070,3008,722.765,3899177.90474,0
1772448300000,5398.86,5399.46,5393.46,5393.47,787.396,1772448599999,4249019.34322,2550,374.573,2021226.96045,0
1772448600000,5393.46,5393.95,5381.59,5385.35,1698.194,1772448899999,9149718.44438,4260,896.704,4831259.10216,0
1772448900000,5385.40,5387.89,5381.05,5387.70,934.086,1772449199999,5028733.10168,3638,514.601,2770418.01741,0
1772449200000,5387.59,5392.92,5386.72,5387.58,734.491,1772449499999,3958565.71952,2845,347.468,1872693.55957,0
1772449500000,5387.59,5388.34,5383.30,5384.27,542.148,1772449799999,2919866.36779,2201,294.084,1583820.32504,0
1772449800000,5384.27,5387.72,5381.92,5386.94,855.047,1772450099999,4603891.68754,2218,535.972,2885887.30243,0
1772450100000,5386.94,5395.18,5386.90,5392.28,793.524,1772450399999,4279256.94769,2634,407.134,2195416.43061,0
1772450400000,5392.28,5392.28,5387.08,5387.89,643.816,1772450699999,3470224.24533,1999,414.649,2235001.10823,0
1772450700000,5387.89,5392.16,5387.89,5389.66,609.757,1772450999999,3286819.30523,2058,336.712,1814903.91485,0
1772451000000,5389.66,5396.16,5389.04,5395.39,644.021,1772451299999,3473217.58579,2299,428.455,2310694.40036,0
1772451300000,5395.40,5397.81,5392.36,5394.14,635.340,1772451599999,3428027.57449,2499,220.080,1187419.74296,0
1772451600000,5394.14,5394.33,5388.01,5388.10,627.575,1772451899999,3384044.71008,2009,385.661,2079642.23935,0
1772451900000,5388.10,5388.64,5373.24,5380.56,3084.607,1772452199999,16597790.37408,7557,1523.274,8196206.95198,0
1772452200000,5380.57,5383.55,5378.10,5378.28,1173.146,1772452499999,6313802.50425,3522,672.981,3621811.91771,0
1772452500000,5378.28,5384.17,5377.76,5384.17,778.568,1772452799999,4189663.57617,3137,393.186,2115654.12507,0
1772452800000,5384.28,5385.73,5378.66,5385.66,1071.702,1772453099999,5768486.27596,4095,520.093,2799448.22563,0
1772453100000,5385.66,5393.00,5385.66,5389.92,1104.923,1772453399999,5954531.75755,3632,564.612,3042632.95102,0
1772453400000,5389.92,5398.02,5389.69,5391.16,1244.529,1772453699999,6713282.54779,3734,673.465,3632996.53814,0
1772453700000,5391.16,5391.17,5384.10,5385.55,583.578,1772453999999,3143695.65282,2476,275.896,1486082.26644,0
1772454000000,5385.62,5394.38,5385.40,5393.10,958.386,1772454299999,5166794.96804,2772,468.414,2524837.86784,0
1772454300000,5393.09,5393.10,5388.92,5392.67,400.571,1772454599999,2159527.06333,1688,212.326,1144598.41651,0
1772454600000,5392.80,5394.86,5391.83,5393.61,579.981,1772454899999,3127982.12571,2204,271.150,1462346.54309,0
1772454900000,5393.61,5394.00,5387.80,5391.21,558.949,1772455199999,3013611.84219,2104,311.437,1679161.10762,0
1772455200000,5391.21,5397.00,5391.20,5394.88,1355.993,1772455499999,7315053.50034,2879,792.550,4275368.84255,0
1772455500000,5394.95,5396.91,5392.70,5394.99,831.321,1772455799999,4485223.14055,2030,365.120,1969826.52888,0
1772455800000,5394.99,5395.26,5389.77,5390.39,801.521,1772456099999,4321875.27445,2287,540.909,2916609.60481,0
1772456100000,5390.39,5395.86,5384.64,5395.52,908.062,1772456399999,4894103.93108,3283,414.889,2235967.22513,0
1772456400000,5395.53,5401.44,5389.30,5400.19,1577.423,1772456699999,8511510.17389,5383,829.101,4473522.67643,0
1772456700000,5400.18,5408.32,5394.65,5396.48,2194.700,1772456999999,11858764.35513,6430,1016.659,5492644.40022,0
1772457000000,5396.48,5399.81,5382.25,5384.22,3921.810,1772457299999,21133706.71048,7576,2052.413,11059055.92061,0
1772457300000,5384.22,5393.92,5383.15,5392.27,1533.431,1772457599999,8262375.63229,4862,819.928,4417688.71095,0
1772457600000,5392.27,5407.07,5390.98,5404.03,3079.191,1772457899999,16626594.55459,6464,1501.917,8108891.47812,0
1772457900000,5403.96,5407.00,5396.07,5400.16,2277.585,1772458199999,12304100.63826,6228,924.474,4993412.66997,0
1772458200000,5400.17,5414.27,5400.17,5400.54,3289.244,1772458499999,17788179.37468,8069,1631.098,8819777.21639,0
1772458500000,5400.54,5403.39,5396.58,5399.01,1586.689,1772458799999,8567219.57759,4859,819.253,4423549.85845,0
1772458800000,5399.01,5405.39,5392.51,5393.06,2546.157,1772459099999,13743866.21912,5154,1226.362,6618979.17454,0
1772459100000,5393.06,5396.74,5391.04,5394.36,2115.944,1772459399999,11414262.65990,5098,1133.493,6114277.14193,0
1772459400000,5394.37,5397.35,5390.04,5393.25,1544.749,1772459699999,8331297.09109,3801,851.858,4594174.44910,0
1772459700000,5393.26,5396.00,5392.47,5393.65,939.065,1772459999999,5065337.61515,3260,453.330,2445113.43433,0
1772460000000,5393.65,5394.33,5376.05,5376.47,3886.771,1772460299999,20929983.93759,9916,1765.645,9508457.89467,0
1772460300000,5376.47,5386.50,5370.85,5371.60,2313.282,1772460599999,12446774.88115,7075,1086.448,5846671.24255,0
1772460600000,5371.60,5377.15,5363.25,5373.85,4759.763,1772460899999,25564435.88764,12685,2539.057,13637745.88661,0
1772460900000,5373.86,5375.69,5359.00,5363.18,3781.708,1772461199999,20294078.85109,9501,1439.748,7726059.18622,0
1772461200000,5363.17,5367.73,5343.88,5348.65,7470.615,1772461499999,40003146.65629,17527,3516.389,18829129.97636,0
1772461500000,5348.65,5352.73,5308.00,5335.34,16164.796,1772461799999,86087703.79659,33924,8305.221,44226072.77952,0
1772461800000,5335.34,5341.51,5306.40,5318.15,11176.532,1772462099999,59516720.03959,23985,5604.854,29852594.67511,0
1772462100000,5318.14,5349.50,5312.41,5344.50,8212.832,1772462399999,43815669.89063,18183,4302.727,22948717.87324,0
1772462400000,5344.70,5356.58,5344.03,5345.85,4919.429,1772462699999,26318478.79763,11488,2844.348,15218003.88074,0
1772462700000,5345.85,5349.79,5331.00,5339.83,5166.939,1772462999999,27585765.51713,11712,2370.889,12656641.12751,0
1772463000000,5339.83,5341.64,5321.00,5336.78,3525.618,1772463299999,18799861.56407,11566,1744.387,9302625.63513,0
1772463300000,5336.74,5337.78,5327.75,5333.13,1906.642,1772463599999,10167229.65687,7792,1023.989,5460213.02050,0
1772463600000,5333.13,5333.13,5317.44,5329.70,5085.183,1772463899999,27077228.96433,14461,2390.073,12726252.94732,0
1772463900000,5329.71,5346.95,5311.00,5335.64,5078.131,1772464199999,27060144.54213,14794,2526.552,13467412.49034,0
1772464200000,5335.63,5342.12,5324.81,5333.25,2601.873,1772464499999,13875127.34741,8458,1328.192,7083622.91668,0
1772464500000,5333.25,5334.87,5316.79,5322.32,3358.916,1772464799999,17886809.03460,10680,1633.236,8696112.08288,0
1772464800000,5322.26,5333.14,5320.44,5331.56,2923.781,1772465099999,15577974.02754,7532,1331.318,7092539.09725,0
1772465100000,5331.61,5337.44,5324.48,5329.80,2031.965,1772465399999,10834913.23217,6569,765.735,4083257.20411,0
1772465400000,5329.79,5346.36,5328.89,5344.16,2236.198,1772465699999,11944176.72774,6615,1207.835,6450630.41890,0
1772465700000,5344.16,5347.44,5335.20,5346.25,2526.932,1772465999999,13498761.40448,5955,1235.695,6600468.21089,0
1772466000000,5346.25,5346.80,5336.68,5340.79,1399.645,1772466299999,7475007.67938,4238,601.117,3210134.69543,0
1772466300000,5340.78,5343.65,5326.17,5332.89,2437.253,1772466599999,12999421.22008,6505,1042.896,5562333.20839,0
1772466600000,5332.89,5335.55,5326.32,5332.13,1513.583,1772466899999,8067011.88791,6002,804.840,4289494.61007,0
1772466900000,5332.13,5332.14,5308.33,5315.64,4697.954,1772467199999,24982589.07745,9332,2310.564,12283961.55092,0
1772467200000,5315.64,5315.64,5258.00,5273.92,17473.332,1772467499999,92258879.78819,36629,7423.867,39192796.62470,0
1772467500000,5273.61,5294.99,5273.30,5289.71,6119.346,1772467799999,32346420.25808,14875,3339.851,17654009.43300,0
1772467800000,5289.71,5301.17,5283.31,5299.80,3301.874,1772468099999,17477841.95058,9359,1772.208,9380823.14656,0
1772468100000,5299.79,5300.05,5281.92,5285.57,3407.792,1772468399999,18032670.81054,9052,1374.422,7273094.05141,0
1772468400000,5285.57,5300.34,5283.52,5298.41,3148.823,1772468699999,16662668.08006,7826,1610.570,8522568.76793,0
1772468700000,5298.54,5312.78,5298.54,5308.81,2554.422,1772468999999,13557832.52488,7753,1384.308,7346682.83381,0
1772469000000,5308.81,5309.94,5293.23,5296.27,2730.963,1772469299999,14480686.08897,7290,1115.916,5916881.44651,0
1772469300000,5296.32,5306.24,5282.25,5306.24,4059.219,1772469599999,21487143.24402,10379,2011.449,10648827.19285,0
1772469600000,5306.24,5310.18,5296.82,5300.40,2146.271,1772469899999,11382746.35259,6763,888.417,4711404.37993,0
1772469900000,5300.40,5304.38,5293.65,5298.97,2055.657,1772470199999,10892515.09768,6340,1062.332,5628751.01402,0
1772470200000,5298.93,5303.69,5292.32,5297.31,3884.581,1772470499999,20573886.97222,6705,1794.605,9503855.60823,0
1772470500000,5297.38,5302.00,5291.61,5291.96,2402.563,1772470799999,12726810.02257,5741,1262.801,6689023.90578,0
1772470800000,5291.95,5301.12,5289.20,5301.12,2505.909,1772471099999,13265273.30334,7075,1311.649,6943438.71979,0
1772471100000,5301.13,5311.16,5301.12,5305.05,1858.349,1772471399999,9859777.05466,6019,1125.529,5971602.54895,0
1772471400000,5305.05,5305.05,5294.20,5300.63,1203.819,1772471699999,6379885.28443,4320,541.880,2872144.61923,0
1772471700000,5300.63,5301.35,5294.52,5298.15,681.565,1772471999999,3611437.95581,3712,312.733,1657027.08877,0
1772472000000,5298.16,5306.99,5297.83,5306.94,1263.362,1772472299999,6699686.28981,4721,779.702,4134503.55186,0
1772472300000,5306.95,5315.22,5304.90,5307.22,1297.240,1772472599999,6889242.41941,4951,773.573,4108434.36435,0
1772472600000,5307.22,5322.56,5307.01,5321.87,1465.842,1772472899999,7794098.36010,5526,836.935,4450249.76909,0
1772472900000,5321.86,5321.86,5312.38,5312.78,1415.607,1772473199999,7526175.13516,4340,622.095,3307055.97208,0
1772473200000,5312.78,5313.00,5306.10,5307.01,1270.986,1772473499999,6747572.84557,3983,700.048,3716433.54215,0
1772473500000,5307.00,5313.35,5305.02,5307.39,841.273,1772473799999,4466335.81033,3560,482.447,2561431.36210,0
1772473800000,5307.39,5308.84,5301.14,5305.32,632.879,1772474099999,3357839.72903,3257,296.639,1573773.02552,0
1772474100000,5305.34,5312.10,5305.17,5309.14,527.259,1772474399999,2798936.92696,2910,257.618,1367528.06388,0
1772474400000,5309.14,5309.94,5300.88,5301.78,772.794,1772474699999,4099882.44729,3835,333.258,1767993.94742,0
1772474700000,5301.79,5303.00,5293.08,5293.80,1128.120,1772474999999,5976098.01263,3944,467.239,2475005.40174,0
1772475000000,5293.81,5298.54,5290.85,5296.43,1049.829,1772475299999,5558160.36382,3859,521.442,2760711.81252,0
1772475300000,5296.45,5307.12,5296.25,5304.40,839.544,1772475599999,4451795.04715,3253,483.735,2564745.80512,0
1772475600000,5304.40,5307.71,5297.95,5297.96,720.493,1772475899999,3821236.50644,3185,379.776,2014216.15660,0
1772475900000,5297.95,5304.33,5296.03,5299.91,930.224,1772476199999,4930283.89889,4350,499.288,2646224.73762,0
1772476200000,5299.83,5300.80,5295.50,5299.77,693.262,1772476499999,3672933.47995,3211,335.377,1776762.07908,0
1772476500000,5300.05,5301.01,5293.14,5296.57,614.470,1772476799999,3254055.18956,2609,263.090,1393156.22217,0
1772476800000,5296.57,5304.87,5296.44,5304.87,388.670,1772477099999,2060001.70762,2017,278.851,1477950.69138,0
1772477100000,5304.86,5313.23,5303.85,5311.56,774.970,1772477399999,4114122.13605,2704,404.494,2147061.95897,0
1772477400000,5311.57,5316.57,5308.36,5315.58,928.110,1772477699999,4930457.99460,2842,488.031,2592658.84095,0
1772477700000,5315.59,5317.27,5312.10,5317.26,812.884,1772477999999,4319576.41367,2162,378.349,2010509.81623,0
1772478000000,5317.26,5327.50,5316.06,5326.05,1178.764,1772478299999,6272194.94940,4340,651.042,3464224.96118,0
1772478300000,5326.04,5329.35,5322.99,5329.24,1010.047,1772478599999,5379806.97100,3379,473.622,2522618.70651,0
1772478600000,5329.25,5332.18,5325.75,5329.77,1486.287,1772478899999,7921775.03627,3348,798.852,4257771.31798,0
1772478900000,5329.77,5331.00,5318.61,5324.55,1074.097,1772479199999,5718465.46478,3651,426.689,2271450.28455,0
1772479200000,5324.54,5326.02,5320.73,5324.65,438.049,1772479499999,2331601.05035,2028,213.667,1137299.79819,0
1772479500000,5324.65,5332.69,5324.65,5330.30,518.945,1772479799999,2765465.48706,2191,231.009,1231092.80648,0
1772479800000,5330.30,5331.04,5325.69,5330.10,443.852,1772480099999,2365245.74591,2130,188.917,1006626.89162,0
1772480100000,5330.10,5333.28,5328.92,5328.94,513.898,1772480399999,2739695.84313,2320,255.149,1360220.70710,0
1772480400000,5328.90,5329.80,5322.74,5324.04,706.712,1772480699999,3764208.43846,2127,280.435,1493930.61475,0
1772480700000,5324.04,5329.73,5323.11,5327.25,654.784,1772480999999,3487607.03161,2001,254.059,1353027.38521,0
1772481000000,5327.25,5327.25,5322.01,5325.61,561.077,1772481299999,2987118.82528,2082,202.424,1077613.07323,0
1772481300000,5325.62,5331.00,5325.62,5328.97,527.360,1772481599999,2810302.37954,2023,249.190,1327905.01978,0
1772481600000,5328.97,5331.58,5327.17,5330.00,583.142,1772481899999,3108026.34587,2018,246.838,1315616.83208,0
1772481900000,5330.01,5341.37,5329.20,5337.94,2470.627,1772482199999,13184581.28026,4899,1318.144,7034107.02806,0
1772482200000,5337.94,5344.98,5336.76,5337.30,1580.598,1772482499999,8441665.41944,4211,855.164,4567390.75383,0
1772482500000,5337.30,5343.29,5327.36,5330.06,2297.295,1772482799999,12257546.80705,6231,948.560,5060569.66775,0
1772482800000,5330.06,5343.47,5329.61,5342.63,1569.726,1772483099999,8377586.58596,4979,807.932,4311853.93824,0
1772483100000,5342.65,5344.54,5330.68,5333.69,1860.479,1772483399999,9933946.77612,4690,801.421,4278941.58259,0
1772483400000,5333.70,5341.54,5332.45,5337.77,1061.277,1772483699999,5664273.36420,3954,558.362,2980044.89549,0
1772483700000,5337.78,5343.71,5337.22,5340.86,680.881,1772483999999,3636881.54078,2923,325.729,1739842.00875,0
1772484000000,5340.86,5344.00,5340.02,5340.71,538.714,1772484299999,2877565.19226,2151,251.396,1342860.58316,0
1772484300000,5340.65,5340.73,5334.70,5337.92,766.323,1772484599999,4089961.92239,3145,334.778,1786874.51232,0
1772484600000,5337.93,5341.47,5335.31,5338.32,608.863,1772484899999,3249823.67432,2310,353.652,1887517.93209,0
1772484900000,5338.32,5341.16,5331.24,5332.15,1061.229,1772485199999,5663288.39312,4132,443.957,2369188.52458,0
1772485200000,5332.20,5336.91,5331.49,5336.65,716.183,1772485499999,3820285.55201,2933,398.682,2126555.01864,0
1772485500000,5336.65,5337.97,5335.06,5337.30,452.288,1772485799999,2413750.69095,1652,194.053,1035572.35577,0
1772485800000,5337.55,5337.55,5333.41,5334.47,267.423,1772486099999,1426746.54634,1598,147.102,784775.80960,0
1772486100000,5334.48,5338.70,5334.45,5337.55,491.331,1772486399999,2622136.23911,1572,180.127,961234.84584,0
1772486400000,5337.54,5337.54,5332.56,5335.52,394.425,1772486699999,2104086.18545,1400,99.645,531548.16067,0
1772486700000,5335.51,5336.29,5330.65,5331.55,290.856,1772486999999,1551220.01147,1291,118.187,630246.34881,0
1772487000000,5331.56,5331.63,5325.00,5327.38,733.408,1772487299999,3907123.29015,2688,274.820,1463957.94803,0
1772487300000,5327.37,5328.18,5325.65,5327.36,547.932,1772487599999,2918817.82206,1931,172.980,921445.99746,0
1772487600000,5327.36,5336.01,5325.35,5329.87,827.457,1772487899999,4410074.09809,2397,525.764,2802624.93104,0
1772487900000,5329.86,5329.86,5322.07,5326.09,548.066,1772488199999,2918187.01709,2142,149.544,796218.59421,0
1772488200000,5326.04,5327.41,5320.27,5323.09,389.555,1772488499999,2073763.10743,1763,149.367,795157.26883,0
1772488500000,5323.10,5323.59,5319.50,5320.37,440.452,1772488799999,2343700.95781,1495,167.605,891749.49396,0
1772488800000,5320.38,5320.96,5315.85,5318.95,350.111,1772489099999,1862181.73661,1389,134.711,716493.00306,0
1772489100000,5318.95,5319.88,5316.70,5316.94,263.567,1772489399999,1401615.21192,1320,125.217,665877.80598,0
1772489400000,5316.94,5319.60,5314.66,5317.75,381.489,1772489699999,2028337.43933,1528,150.465,800016.68008,0
1772489700000,5317.74,5323.89,5317.74,5322.22,363.447,1772489999999,1933778.93143,1514,258.628,1376049.27346,0
1772490000000,5322.22,5329.39,5322.00,5324.74,523.022,1772490299999,2785510.12986,1705,351.315,1870929.51579,0
1772490300000,5324.75,5327.12,5322.24,5322.98,179.985,1772490599999,958261.63618,1133,61.518,327492.99966,0
1772490600000,5322.99,5323.98,5321.30,5323.11,244.548,1772490899999,1301577.66975,1121,91.247,485626.15457,0
1772490900000,5323.11,5325.60,5319.33,5324.54,405.219,1772491199999,2156859.09060,1331,266.755,1419874.04145,0
1772491200000,5324.55,5324.55,5320.83,5321.49,84.179,1772491499999,447993.52695,913,32.967,175437.13813,0
1772491500000,5321.50,5321.50,5316.80,5317.55,176.344,1772491799999,938065.91699,839,19.915,105959.26968,0
1772491800000,5317.54,5318.77,5316.80,5316.80,149.555,1772492099999,795268.74403,788,35.506,188808.26322,0
1772492100000,5316.81,5318.42,5316.80,5318.31,177.397,1772492399999,943318.73857,997,60.244,320347.96812,0
1772492400000,5318.32,5344.92,5318.32,5343.78,2176.216,1772492699999,11610469.93467,5776,1038.790,5542785.65707,0
1772492700000,5344.00,5346.16,5334.83,5336.25,1030.798,1772492999999,5505822.92557,3649,441.900,2360267.33104,0
1772493000000,5336.25,5338.44,5328.88,5337.13,1186.834,1772493299999,6330969.23302,3270,364.252,1943244.44426,0
1772493300000,5337.13,5340.08,5335.25,5336.11,587.812,1772493599999,3137401.51294,2469,254.926,1360541.60978,0
1772493600000,5336.11,5336.32,5327.55,5334.15,632.733,1772493899999,3374065.49236,2877,264.442,1410215.69018,0
1772493900000,5334.15,5336.30,5332.80,5335.09,201.309,1772494199999,1073914.81853,1457,99.786,532321.78418,0
1772494200000,5335.08,5335.40,5329.61,5331.95,487.416,1772494499999,2598803.33012,2184,219.100,1168207.06949,0
1772494500000,5331.95,5334.16,5328.00,5331.20,396.781,1772494799999,2115355.23545,2001,175.776,937165.02654,0
1772494800000,5331.20,5333.34,5328.00,5330.24,278.569,1772495099999,1485140.28183,1819,119.877,639152.35165,0
1772495100000,5330.25,5336.98,5329.40,5335.64,523.228,1772495399999,2790928.57498,2637,305.692,1630507.46543,0
1772495400000,5335.65,5342.95,5335.65,5340.25,794.732,1772495699999,4244342.09599,2605,455.310,2431417.99867,0
1772495700000,5340.24,5344.69,5338.46,5344.15,470.881,1772495999999,2515616.34411,2124,219.723,1173730.18813,0
1772496000000,5344.15,5344.64,5336.11,5340.52,481.942,1772496299999,2573740.29538,2531,200.271,1069440.95780,0
1772496300000,5340.66,5344.29,5339.11,5342.30,471.081,1772496599999,2516543.78370,2064,322.162,1721012.73535,0
1772496600000,5342.31,5348.89,5341.85,5347.11,758.626,1772496899999,4055739.70483,2170,489.192,2615210.18739,0
1772496900000,5347.11,5356.35,5347.11,5354.72,2112.860,1772497199999,11307603.04523,5001,1239.093,6630734.05607,0
1772497200000,5354.72,5358.00,5350.58,5356.70,1193.312,1772497499999,6390253.29565,4031,615.344,3295400.27532,0
1772497500000,5356.69,5357.30,5353.55,5356.26,1031.711,1772497799999,5525594.71927,2533,371.316,1988632.46580,0
1772497800000,5356.26,5366.00,5353.58,5355.61,1736.636,1772498099999,9306664.53305,4683,1056.178,5660530.95095,0
1772498100000,5355.60,5355.61,5347.86,5350.03,1167.699,1772498399999,6247913.91437,3366,456.238,2440720.54896,0
1772498400000,5350.03,5355.14,5349.12,5353.31,610.961,1772498699999,3269937.91325,2320,256.067,1370408.75239,0
1772498700000,5353.29,5360.39,5348.46,5352.40,916.113,1772498999999,4905157.30489,3838,533.722,2857825.44789,0
1772499000000,5352.41,5354.44,5345.52,5349.41,551.462,1772499299999,2950351.68496,2353,282.616,1511906.01092,0
1772499300000,5349.63,5352.50,5347.58,5348.52,403.442,1772499599999,2158436.52741,2146,185.259,991183.43528,0
1772499600000,5348.53,5363.03,5346.12,5361.83,1319.313,1772499899999,7066991.01874,6204,777.911,4167097.07634,0
1772499900000,5361.81,5369.91,5360.44,5367.11,1361.380,1772500199999,7305512.69896,5399,751.213,4030905.55113,0
1772500200000,5367.11,5368.42,5360.60,5366.15,1029.270,1772500499999,5521989.56123,4027,421.080,2258822.40603,0
1772500500000,5366.14,5371.03,5364.11,5369.39,1187.594,1772500799999,6375411.44799,4236,660.444,3545539.88936,0
1772500800000,5369.35,5377.00,5368.68,5375.24,1680.334,1772501099999,9030888.26201,4758,648.419,3484828.04219,0
1772501100000,5375.27,5377.49,5373.04,5375.67,883.276,1772501399999,4748204.67894,2942,457.332,2458503.53090,0
1772501400000,5375.68,5375.96,5368.40,5374.09,925.816,1772501699999,4973887.97955,3585,284.364,1527726.23218,0
1772501700000,5374.10,5375.45,5368.01,5371.04,1055.790,1772501999999,5670263.29026,3591,532.938,2862213.75434,0
1772502000000,5371.05,5371.60,5361.27,5361.34,1011.118,1772502299999,5425980.58378,3497,466.626,2504144.26724,0
1772502300000,5361.86,5364.11,5343.62,5351.00,3080.554,1772502599999,16487240.07866,8775,1408.795,7538414.66027,0
1772502600000,5350.99,5360.67,5349.60,5351.57,1872.822,1772502899999,10030244.59434,6096,959.730,5140330.68226,0
1772502900000,5351.57,5351.78,5337.82,5338.77,3100.770,1772503199999,16571789.69641,8708,1371.589,7330497.24980,0
1772503200000,5338.78,5347.93,5332.60,5346.78,3115.142,1772503499999,16633140.26661,8215,1680.771,8975536.40114,0
1772503500000,5346.78,5354.45,5340.01,5350.10,1584.152,1772503799999,8471922.77932,5366,815.063,4358957.32276,0
1772503800000,5350.09,5350.99,5342.58,5348.59,1853.831,1772504099999,9913567.65388,4963,1152.740,6164725.35215,0
1772504100000,5348.59,5353.39,5343.99,5348.45,989.967,1772504399999,5294348.12988,4089,570.349,3050207.23465,0
1772504400000,5348.59,5354.52,5347.56,5353.39,595.536,1772504699999,3187025.65652,2896,296.808,1588381.31576,0
1772504700000,5353.26,5357.99,5351.36,5357.18,858.413,1772504999999,4596224.73974,2888,486.032,2602290.00293,0
1772505000000,5357.22,5363.00,5354.32,5358.08,1108.255,1772505299999,5939527.56889,4369,479.294,2568817.72283,0
1772505300000,5358.18,5362.69,5354.86,5357.39,945.828,1772505599999,5068950.58775,3898,429.136,2299868.77378,0
1772505600000,5357.40,5360.43,5353.38,5359.42,577.427,1772505899999,3093349.90469,2574,222.466,1191802.15973,0
1772505900000,5359.42,5366.37,5358.38,5363.16,938.412,1772506199999,5032016.89021,2793,669.617,3590556.97430,0
1772506200000,5363.15,5363.60,5358.57,5362.01,865.563,1772506499999,4640041.43541,2803,380.597,2040122.95533,0
1772506500000,5362.01,5367.84,5362.01,5364.88,776.014,1772506799999,4163296.34443,2545,338.082,1813833.54033,0
1772506800000,5364.91,5369.79,5364.88,5367.02,650.600,1772507099999,3492427.92927,2624,296.760,1592998.93864,0
1772507100000,5367.02,5368.87,5365.23,5367.95,648.579,1772507399999,3480823.51915,2381,285.308,1531153.83123,0
1772507400000,5367.96,5369.15,5362.27,5364.32,995.289,1772507699999,5339130.33396,2838,414.340,2222538.09320,0
1772507700000,5364.32,5367.19,5361.00,5363.96,422.911,1772507999999,2268374.24341,2455,186.881,1002372.91842,0
1772508000000,5363.97,5371.42,5363.41,5369.23,691.386,1772508299999,3710734.29650,2844,346.013,1857186.57109,0
1772508300000,5369.22,5369.22,5362.95,5364.72,669.641,1772508599999,3593350.35586,2988,264.952,1421780.63260,0
1772508600000,5364.71,5366.76,5363.71,5365.85,410.497,1772508899999,2202513.26097,1738,235.895,1265680.29375,0
1772508900000,5365.86,5365.98,5363.04,5363.75,477.465,1772509199999,2561373.52485,1616,128.254,688005.22448,0
1772509200000,5363.76,5367.08,5362.98,5366.38,548.242,1772509499999,2941278.14715,1806,184.623,990469.14397,0
1772509500000,5366.39,5366.92,5362.55,5364.38,402.511,1772509799999,2159097.35218,1689,185.926,997296.34193,0
1772509800000,5364.38,5364.73,5355.68,5359.83,898.937,1772510099999,4819112.99523,2745,280.067,1501462.22989,0
1772510100000,5359.83,5364.00,5359.04,5363.96,462.033,1772510399999,2477342.68385,1688,152.967,820162.57545,0
1772510400000,5363.99,5364.62,5358.01,5361.81,786.613,1772510699999,4218034.34321,2439,264.320,1417463.49865,0
1772510700000,5361.81,5363.55,5359.52,5361.51,750.720,1772510999999,4024829.73923,2155,243.654,1306258.47209,0
1772511000000,5361.50,5361.51,5354.58,5358.65,847.030,1772511299999,4538394.29936,2568,152.268,815885.69980,0
1772511300000,5358.66,5363.36,5357.10,5363.35,859.934,1772511599999,4610069.71391,2900,274.358,1470680.03339,0
1772511600000,5363.35,5368.25,5363.30,5365.90,1111.310,1772511899999,5962913.41229,3316,370.825,1989724.91898,0
1772511900000,5365.90,5371.52,5365.89,5368.64,904.634,1772512199999,4857256.48951,2524,419.648,2253164.76081,0
1772512200000,5368.64,5372.21,5368.46,5368.56,640.012,1772512499999,3436757.88241,2229,196.276,1054004.00963,0
1772512500000,5368.55,5369.00,5364.27,5365.10,619.138,1772512799999,3322811.01783,2425,242.599,1301993.76971,0
1772512800000,5365.19,5369.73,5364.75,5365.88,729.733,1772513099999,3916315.36671,2747,199.302,1069700.70010,0
1772513100000,5365.88,5366.35,5360.42,5360.59,659.471,1772513399999,3536839.66932,2382,163.969,879381.61913,0
1772513400000,5360.59,5363.49,5359.32,5361.24,794.232,1772513699999,4258222.54794,3235,266.724,1429926.06244,0
1772513700000,5361.24,5363.91,5358.60,5359.25,612.359,1772513999999,3283103.36628,3926,217.564,1166413.21170,0
1772514000000,5359.24,5366.85,5354.06,5360.68,1269.015,1772514299999,6800945.62010,4632,622.861,3338721.25133,0
1772514300000,5360.68,5364.13,5357.52,5364.06,448.288,1772514599999,2403205.21041,2235,203.950,1093327.49103,0
1772514600000,5364.06,5365.10,5359.53,5360.16,316.071,1772514899999,1695096.26359,2062,142.852,766109.64631,0
1772514900000,5360.15,5361.85,5347.21,5356.79,1374.466,1772515199999,7358657.47710,4440,510.588,2734213.63448,0
1772515200000,5356.79,5357.43,5353.18,5355.99,708.814,1772515499999,3795854.78962,2405,326.929,1750652.77726,0
1772515500000,5355.83,5358.34,5354.58,5355.80,369.955,1772515799999,1981724.26169,1533,154.328,826652.50302,0
1772515800000,5355.80,5356.33,5340.64,5346.45,1563.370,1772516099999,8360604.57523,6632,729.391,3900616.31495,0
1772516100000,5346.44,5346.44,5333.73,5335.72,1587.430,1772516399999,8475582.34828,5498,820.035,4378187.20205,0
1772516400000,5335.72,5343.88,5332.63,5342.83,1139.039,1772516699999,6081451.90671,4368,616.456,3291328.43681,0
1772516700000,5342.82,5344.22,5320.00,5323.89,2501.388,1772516999999,13333102.99599,7815,1160.724,6187973.21168,0
1772517000000,5323.90,5327.48,5300.00,5315.57,4328.301,1772517299999,23008767.03947,11954,1768.135,9402803.50890,0
1772517300000,5315.57,5319.00,5304.31,5318.21,2430.371,1772517599999,12910158.31018,8762,1461.847,7766202.93649,0
1772517600000,5318.21,5322.62,5313.25,5315.55,1430.298,1772517899999,7606893.81019,5640,799.745,4253573.95925,0
1772517900000,5315.55,5320.62,5302.82,5307.65,2170.338,1772518199999,11527196.76857,7740,1037.229,5508810.99971,0
1772518200000,5307.65,5313.01,5278.79,5288.32,4706.945,1772518499999,24909519.23080,14063,2201.207,11649860.06168,0
1772518500000,5288.31,5304.02,5286.45,5302.21,2385.575,1772518799999,12635768.78879,9359,1419.405,7518441.04154,0
1772518800000,5302.21,5312.73,5302.20,5306.05,1892.490,1772519099999,10044380.27731,6209,910.915,4834428.36660,0
1772519100000,5306.15,5317.25,5305.40,5314.92,1678.654,1772519399999,8917121.87001,4837,875.324,4649224.39098,0
1772519400000,5315.09,5316.91,5311.36,5312.37,1111.009,1772519699999,5904771.18524,4129,411.426,2186631.00860,0
1772519700000,5312.36,5314.14,5292.78,5304.90,2764.767,1772519999999,14663323.35884,10708,977.141,5182177.36520,0
1772520000000,5304.90,5313.04,5304.90,5309.75,1141.958,1772520299999,6062532.29629,4864,585.384,3107764.20882,0
1772520300000,5309.74,5313.28,5301.83,5303.29,1217.545,1772520599999,6460530.76161,4594,697.868,3703100.73174,0
1772520600000,5303.47,5305.39,5289.45,5301.37,1678.453,1772520899999,8891070.81918,6201,817.965,4333120.35724,0
1772520900000,5301.37,5310.88,5300.82,5308.76,874.768,1772521199999,4641875.06702,3843,476.311,2527266.66391,0
1772521200000,5308.75,5313.56,5304.55,5312.00,1151.173,1772521499999,6112514.26827,4373,587.421,3119014.33484,0
1772521500000,5312.00,5316.79,5311.08,5311.36,813.978,1772521799999,4325495.70896,2909,471.307,2504567.96589,0
1772521800000,5311.37,5313.69,5307.68,5313.05,762.803,1772522099999,4050631.34349,2572,361.582,1920044.83441,0
1772522100000,5313.05,5319.56,5309.50,5315.84,1060.793,1772522399999,5637995.59038,4114,542.912,2885648.58679,0
1772522400000,5315.83,5316.99,5310.37,5311.07,904.445,1772522699999,4805339.14619,3350,429.442,2281634.60233,0
1772522700000,5310.94,5317.04,5310.25,5311.56,1173.150,1772522999999,6233491.37528,3182,463.228,2461211.86062,0
1772523000000,5311.56,5318.56,5311.56,5318.56,1026.752,1772523299999,5456743.27372,2979,427.853,2273739.57390,0
1772523300000,5318.56,5325.74,5314.83,5324.57,1072.987,1772523599999,5709142.37051,3845,621.354,3306344.18749,0
1772523600000,5324.58,5326.97,5320.27,5325.46,1061.280,1772523899999,5649925.86971,3263,626.069,3332858.95476,0
1772523900000,5325.45,5327.50,5322.85,5323.13,831.688,1772524199999,4428725.48592,2725,459.184,2445077.68324,0
1772524200000,5323.13,5330.53,5323.13,5327.45,738.760,1772524499999,3935450.99335,2777,414.831,2210009.50878,0
1772524500000,5327.46,5329.23,5323.45,5326.30,760.134,1772524799999,4048831.95682,2609,302.039,1608822.35419,0
1772524800000,5326.30,5330.56,5324.00,5330.00,781.022,1772525099999,4161201.57801,4345,405.785,2161990.56925,0
1772525100000,5329.99,5333.27,5322.81,5324.29,1185.950,1772525399999,6319151.41404,4427,562.628,2997884.17764,0
1772525400000,5324.16,5325.77,5318.17,5318.18,1471.600,1772525699999,7832694.77943,3932,560.273,2982182.99391,0
1772525700000,5318.18,5325.00,5314.63,5325.00,1077.513,1772525999999,5731690.66909,3315,512.150,2724473.81890,0
1772526000000,5325.00,5325.77,5311.01,5314.14,974.003,1772526299999,5178195.39679,3271,361.785,1923103.89142,0
1772526300000,5314.15,5316.81,5309.42,5310.45,1089.519,1772526599999,5788713.30212,3955,528.850,2809781.97227,0
1772526600000,5310.46,5311.89,5300.66,5302.01,1704.551,1772526899999,9043191.30561,5270,728.589,3864978.95767,0
1772526900000,5302.05,5310.65,5298.27,5298.77,1749.020,1772527199999,9276469.61136,4259,757.987,4020504.90633,0
1772527200000,5298.93,5306.40,5295.00,5303.66,1489.267,1772527499999,7893665.95745,4767,816.362,4326785.85463,0
1772527500000,5303.40,5309.59,5303.29,5309.07,1395.654,1772527799999,7406601.18025,3597,885.207,4697512.67647,0
1772527800000,5309.07,5310.30,5299.21,5301.14,1223.552,1772528099999,6489038.29664,3784,679.530,3603765.88965,0
1772528100000,5301.00,5301.00,5289.61,5294.58,2180.353,1772528399999,11543003.01734,5782,1082.272,5729616.39750,0
1772528400000,5294.58,5302.52,5289.22,5289.22,2068.021,1772528699999,10955912.17000,5112,1028.932,5451378.25072,0
1772528700000,5289.22,5296.07,5283.18,5293.92,3109.653,1772528999999,16448934.56120,7481,1816.414,9608029.40773,0
1772529000000,5293.92,5301.60,5292.25,5294.94,1568.340,1772529299999,8305997.88515,4989,836.348,4429053.64966,0
1772529300000,5295.03,5301.00,5292.01,5293.85,1343.586,1772529599999,7115244.86400,4360,754.494,3995458.77758,0
1772529600000,5293.84,5298.53,5280.87,5284.81,2037.080,1772529899999,10774554.94550,5481,1023.985,5416400.89876,0
1772529900000,5284.82,5284.82,5223.54,5241.58,20106.148,1772530199999,105494393.70319,36644,9231.375,48418684.01487,0
1772530200000,5241.77,5268.90,5240.13,5265.12,6913.176,1772530499999,36330537.72339,14836,3339.988,17548610.87491,0
1772530500000,5265.01,5269.21,5261.31,5264.58,2724.657,1772530799999,14346920.17994,7909,1354.695,7132885.72670,0
1772530800000,5264.58,5267.92,5258.50,5262.34,2198.783,1772531099999,11573040.79763,6409,1044.113,5495738.71402,0
1772531100000,5262.34,5268.45,5258.39,5263.28,2613.339,1772531399999,13756852.79079,6241,1243.451,6545279.80426,0
1772531400000,5263.28,5277.86,5262.01,5276.92,2050.294,1772531699999,10808481.77584,5802,924.333,4872009.64583,0
1772531700000,5276.91,5278.79,5268.32,5273.25,1891.273,1772531999999,9973128.35427,5482,886.105,4672434.27347,0
1772532000000,5273.25,5286.19,5266.71,5282.46,2298.821,1772532299999,12131297.06089,6507,1011.920,5339858.01875,0
1772532300000,5282.46,5284.16,5268.53,5273.17,1536.654,1772532599999,8106683.16224,4771,709.696,3743938.17376,0
1772532600000,5273.18,5277.92,5270.48,5272.00,1307.166,1772532899999,6894536.76577,4277,577.890,3047865.55152,0
1772532900000,5271.93,5273.10,5264.20,5268.31,1682.634,1772533199999,8866282.05764,5170,713.342,3758780.24193,0
1772533200000,5268.31,5275.39,5268.00,5275.00,977.217,1772533499999,5152277.37711,3650,457.039,2409597.99628,0
1772533500000,5274.99,5279.17,5270.42,5275.27,1038.987,1772533799999,5481682.75875,3415,381.357,2011798.46715,0
1772533800000,5275.27,5275.27,5264.59,5268.48,2949.397,1772534099999,15545108.17393,7321,1557.587,8209813.96644,0
1772534100000,5268.47,5270.71,5246.95,5251.58,3274.897,1772534399999,17217020.67104,9875,1406.579,7394436.35192,0
1772534400000,5251.61,5266.95,5251.61,5259.80,2110.133,1772534699999,11099516.68153,6660,1073.805,5647897.44098,0
1772534700000,5259.80,5260.19,5246.59,5248.27,2988.275,1772534999999,15696131.56594,7672,1620.813,8512939.93834,0
1772535000000,5248.15,5254.89,5239.61,5244.07,4036.698,1772535299999,21178035.77731,10929,1969.712,10333712.76075,0
1772535300000,5244.07,5253.44,5236.80,5247.57,3425.096,1772535599999,17971569.72437,8842,1638.109,8594176.30394,0
1772535600000,5247.25,5262.22,5244.00,5250.05,2824.229,1772535899999,14839477.28328,7850,1434.688,7537770.30723,0
1772535900000,5250.05,5251.09,5160.00,5171.66,25244.137,1772536199999,131240354.34487,46278,11503.795,59807357.87554,0
1772536200000,5171.30,5209.95,5161.57,5197.76,10486.479,1772536499999,54426286.29648,29261,5816.857,30188605.53688,0
1772536500000,5197.76,5203.05,5176.48,5202.39,7746.702,1772536799999,40222089.08064,21371,4012.142,20830945.00492,0
1772536800000,5202.39,5207.19,5185.30,5187.57,5120.596,1772537099999,26620885.97313,17598,2631.236,13677091.90993,0
1772537100000,5187.57,5193.36,5120.00,5128.65,14230.465,1772537399999,73354811.71606,39556,6476.626,33393968.15607,0
1772537400000,5128.65,5140.95,5068.50,5117.01,29267.496,1772537699999,149296385.50397,73385,13861.175,70711612.52743,0
1772537700000,5117.01,5142.30,5112.24,5135.37,11730.801,1772537999999,60174504.71089,37395,5647.479,28971027.18132,0
1772538000000,5135.37,5137.32,5106.38,5126.61,6802.296,1772538299999,34819870.86922,25776,3602.913,18440662.47065,0
1772538300000,5126.61,5149.46,5124.97,5142.68,6931.334,1772538599999,35640213.30425,20604,3332.783,17135817.10187,0
1772538600000,5142.67,5152.27,5131.57,5151.43,5193.978,1772538899999,26721322.66551,17856,1976.576,10170521.72910,0
1772538900000,5151.43,5156.91,5140.03,5143.90,3645.153,1772539199999,18772786.46550,14495,1599.985,8240025.79595,0
1772539200000,5143.91,5154.67,5138.65,5153.85,4282.078,1772539499999,22039059.07702,17563,2278.039,11724475.17234,0
1772539500000,5153.89,5177.89,5153.36,5176.29,5510.439,1772539799999,28477245.65792,16423,2726.679,14091075.05149,0
1772539800000,5176.19,5191.99,5176.19,5191.72,4165.228,1772540099999,21592477.63172,12648,1740.982,9024669.41953,0
1772540100000,5191.73,5193.20,5180.11,5190.48,2722.578,1772540399999,14125806.31084,8624,1114.057,5780003.76380,0
1772540400000,5190.46,5196.79,5180.96,5196.78,2696.620,1772540699999,13990889.12511,9267,1225.547,6358772.51789,0
1772540700000,5196.78,5207.83,5191.01,5203.00,5687.094,1772540999999,29572904.71859,12454,2463.940,12812002.19692,0
1772541000000,5203.00,5210.36,5188.02,5197.87,4368.455,1772541299999,22718727.61535,12395,2025.553,10533987.79473,0
1772541300000,5197.86,5205.90,5192.00,5204.60,2093.890,1772541599999,10883620.16751,6320,857.302,4456099.17067,0
1772541600000,5204.59,5209.66,5200.14,5201.44,1737.704,1772541899999,9045653.10918,6478,856.258,4457307.98832,0
1772541900000,5201.45,5203.68,5196.86,5200.68,1510.547,1772542199999,7855494.01447,5835,659.155,3427859.95173,0
1772542200000,5200.68,5207.75,5194.56,5207.33,2327.485,1772542499999,12106507.93610,8459,1113.474,5791520.38459,0
1772542500000,5207.21,5224.17,5207.21,5222.05,3783.958,1772542799999,19747739.25382,10725,1819.010,9492095.63562,0
1772542800000,5222.05,5222.50,5174.25,5174.88,10485.875,1772543099999,54437156.91009,28333,4943.011,25657745.67715,0
1772543100000,5174.88,5182.92,5147.78,5152.69,7033.683,1772543399999,36314669.25613,20800,3447.446,17799214.10003,0
1772543400000,5152.68,5175.70,5145.03,5163.74,5837.776,1772543699999,30126968.05137,17652,3102.981,16012282.19817,0
1772543700000,5163.74,5174.78,5158.81,5173.75,3813.376,1772543999999,19703055.53209,13664,2017.301,10422932.98629,0
1772544000000,5173.81,5183.61,5157.78,5169.64,3190.368,1772544299999,16498771.61587,12979,1437.765,7435713.19935,0
1772544300000,5169.64,5179.44,5163.85,5176.17,2143.594,1772544599999,11081632.25829,8995,1017.333,5259323.08617,0
1772544600000,5176.16,5185.70,5169.25,5179.00,3034.866,1772544899999,15715170.89430,10595,1624.447,8411964.73314,0
1772544900000,5178.99,5178.99,5155.14,5158.14,3131.838,1772545199999,16181456.65764,9629,1530.525,7907260.99190,0
1772545200000,5158.25,5159.90,5147.43,5155.64,3476.246,1772545499999,17914887.18396,10002,1632.301,8411554.02329,0
1772545500000,5155.63,5155.63,5126.82,5150.73,5927.997,1772545799999,30464566.60197,13823,3130.577,16088471.78766,0
1772545800000,5150.78,5151.36,5131.02,5140.77,3756.068,1772546099999,19309108.42265,10496,1957.154,10061001.91408,0
1772546100000,5140.76,5157.84,5139.28,5155.71,2355.614,1772546399999,12128605.49653,7357,1235.323,6360112.62583,0
1772546400000,5155.70,5167.28,5149.15,5159.10,3097.384,1772546699999,15976065.86468,10704,1685.149,8691830.83185,0
1772546700000,5158.67,5174.53,5156.74,5166.03,2227.083,1772546999999,11502965.95056,7944,970.686,5013856.81635,0
1772547000000,5166.17,5171.97,5162.89,5164.18,1510.125,1772547299999,7802693.96546,5885,702.797,3631006.85072,0
1772547300000,5164.19,5165.54,5140.72,5141.20,3708.670,1772547599999,19103052.71020,9982,1593.763,8208637.98517,0
1772547600000,5141.20,5143.85,5125.03,5125.87,4122.698,1772547899999,21173951.12188,10254,2117.261,10874728.36106,0
1772547900000,5125.87,5146.78,5125.60,5145.27,3112.711,1772548199999,15988552.57136,8649,1998.422,10264078.05294,0
1772548200000,5145.26,5145.26,5114.62,5121.94,13631.911,1772548499999,69872086.72977,23428,7129.168,36539326.83574,0
1772548500000,5121.91,5135.35,5103.00,5127.10,7893.874,1772548799999,40391169.97728,16809,4003.902,20488143.61220,0
1772548800000,5127.01,5127.59,5065.15,5074.02,15360.644,1772549099999,78129688.74437,28808,8175.437,41576892.51524,0
1772549100000,5074.03,5081.86,5055.00,5061.92,13852.830,1772549399999,70206264.04269,25070,7608.242,38563537.56448,0
1772549400000,5061.80,5062.81,5023.72,5055.08,17903.055,1772549699999,90246341.51055,34374,8996.650,45349464.69713,0
1772549700000,5055.07,5068.14,5041.09,5044.42,9029.426,1772549999999,45665994.03198,20700,4286.035,21677082.58946,0
1772550000000,5044.92,5072.75,5036.41,5039.01,9527.062,1772550299999,48168169.17469,24169,4515.931,22834180.57929,0
1772550300000,5039.00,5069.77,5031.67,5050.75,6434.811,1772550599999,32519574.59837,16381,3271.122,16531551.89550,0
1772550600000,5050.76,5058.29,5033.00,5046.29,6082.500,1772550899999,30684497.90455,17210,2940.131,14832066.27615,0
1772550900000,5046.52,5050.99,5004.60,5034.24,13141.070,1772551199999,65975779.82828,24718,6553.236,32902642.96052,0
1772551200000,5034.16,5053.35,5029.19,5044.39,5333.570,1772551499999,26904105.41174,15403,2688.309,13559677.14332,0
1772551500000,5044.39,5056.96,5042.00,5046.95,5803.547,1772551799999,29303506.49773,13429,2962.388,14958514.87822,0
1772551800000,5046.90,5065.00,5040.32,5059.12,10120.166,1772552099999,51172728.23401,17094,4585.794,23189371.76203,0
1772552100000,5059.42,5072.99,5053.37,5069.35,6434.100,1772552399999,32576179.85665,11576,3158.669,15992749.35838,0
1772552400000,5069.35,5073.77,5058.41,5064.09,4146.025,1772552699999,21005674.83205,9724,2068.050,10477570.27673,0
1772552700000,5064.09,5079.91,5056.94,5077.01,3462.040,1772552999999,17554020.11124,10572,2008.656,10185148.94492,0
1772553000000,5077.00,5087.93,5065.71,5083.77,4198.751,1772553299999,21326478.30039,11780,2368.567,12030213.50167,0
1772553300000,5083.74,5098.98,5078.32,5097.57,3770.511,1772553599999,19190595.73637,9167,1727.312,8791861.48775,0
1772553600000,5097.33,5113.00,5092.49,5111.10,4041.265,1772553899999,20619007.27222,9521,1867.201,9528862.14446,0
1772553900000,5110.85,5124.00,5109.26,5114.07,4851.355,1772554199999,24823687.15936,9640,2167.109,11089021.69539,0
1772554200000,5114.07,5117.10,5102.00,5111.10,4049.979,1772554499999,20689774.11693,9686,1692.959,8648787.98640,0
1772554500000,5111.09,5116.80,5102.23,5110.29,2143.994,1772554799999,10954506.64361,7656,1018.098,5201731.76853,0
1772554800000,5110.29,5128.27,5107.00,5123.94,3045.345,1772555099999,15587917.06057,8972,1493.295,7643485.57185,0
1772555100000,5123.60,5126.92,5114.85,5115.11,2981.800,1772555399999,15272059.78435,7285,1094.572,5606502.48041,0
1772555400000,5115.12,5118.48,5110.11,5114.30,2415.828,1772555699999,12355424.80556,7626,1038.616,5311977.55731,0
1772555700000,5114.20,5135.72,5112.75,5125.40,4174.300,1772555999999,21395373.73061,9460,1774.086,9093647.23348,0
1772556000000,5125.54,5127.29,5107.94,5113.46,2503.776,1772556299999,12812511.15884,7896,1033.118,5287112.07008,0
1772556300000,5113.46,5116.54,5102.98,5111.59,2758.480,1772556599999,14094724.01807,8428,1260.802,6443051.83768,0
1772556600000,5111.60,5114.70,5103.88,5112.62,2173.874,1772556899999,11109106.38503,7187,960.902,4910590.48075,0
1772556900000,5112.63,5113.28,5100.96,5108.78,4727.387,1772557199999,24138903.42428,8442,2403.017,12269609.65658,0
1772557200000,5108.83,5108.83,5083.06,5088.69,5093.833,1772557499999,25942232.32185,11217,1998.425,10177605.62762,0
1772557500000,5088.50,5095.88,5083.06,5094.06,3412.377,1772557799999,17364177.19149,8218,1823.470,9279139.83343,0
1772557800000,5094.05,5101.07,5090.19,5100.05,2618.111,1772558099999,13342775.54276,7103,1385.083,7059141.77327,0
1772558100000,5100.05,5111.52,5099.41,5108.09,2408.003,1772558399999,12293703.41663,6645,1320.373,6740390.16913,0
1772558400000,5108.01,5109.23,5094.90,5096.91,2374.318,1772558699999,12113465.72727,5066,1084.055,5530654.68177,0
1772558700000,5096.90,5099.12,5082.20,5084.18,2255.318,1772558999999,11482128.18928,5655,956.311,4868707.06215,0
1772559000000,5084.18,5086.27,5072.68,5075.45,2641.326,1772559299999,13412550.89441,8379,1080.826,5488436.90525,0
1772559300000,5075.46,5081.48,5066.88,5078.03,2065.812,1772559599999,10482040.88448,7056,1125.246,5710453.49542,0
1772559600000,5077.83,5088.00,5074.29,5080.01,2344.691,1772559899999,11913915.53915,6449,1294.158,6575832.69601,0
1772559900000,5080.00,5085.15,5077.83,5082.87,1438.141,1772560199999,7307935.91908,4460,704.029,3577480.38466,0
1772560200000,5082.87,5082.87,5069.05,5073.84,2843.275,1772560499999,14435019.95095,6000,1398.566,7100472.86237,0
1772560500000,5073.84,5082.94,5068.58,5079.87,1896.276,1772560799999,9624750.46504,5770,1118.736,5678778.49095,0
1772560800000,5079.80,5094.82,5079.54,5093.29,1961.025,1772561099999,9982098.40548,6327,1080.576,5500160.29190,0
1772561100000,5093.28,5102.37,5091.98,5099.52,1648.709,1772561399999,8403967.39154,5555,900.880,4592025.73799,0
1772561400000,5099.52,5105.00,5096.77,5103.52,1172.971,1772561699999,5983631.53901,5076,629.337,3210429.85048,0
1772561700000,5103.52,5104.87,5098.11,5100.28,1114.597,1772561999999,5686525.57972,3917,485.270,2475927.11854,0
1772562000000,5100.27,5101.38,5094.57,5098.09,1237.991,1772562299999,6311518.90610,4800,583.519,2974933.75661,0
1772562300000,5098.21,5119.50,5098.11,5114.21,2669.375,1772562599999,13639034.80020,7291,1509.768,7715154.54148,0
1772562600000,5114.31,5119.66,5109.26,5116.87,1859.708,1772562899999,9510889.27609,5581,1012.978,5180660.80210,0
1772562900000,5116.92,5133.64,5113.42,5132.12,2131.720,1772563199999,10921130.78844,6506,1195.336,6124116.25786,0
1772563200000,5132.34,5137.86,5130.71,5133.31,2755.476,1772563499999,14145449.08909,6027,1141.059,5857847.80841,0
1772563500000,5133.32,5134.97,5126.75,5132.65,1390.019,1772563799999,7132170.11647,4488,482.878,2477710.30152,0
1772563800000,5132.64,5137.97,5131.35,5136.17,997.892,1772564099999,5123994.50240,4069,465.815,2391870.58115,0
1772564100000,5136.17,5136.85,5130.40,5134.90,1339.698,1772564399999,6878656.82529,4179,651.301,3344124.33515,0
1772564400000,5134.90,5148.72,5133.45,5140.25,2278.663,1772564699999,11716109.49942,6268,1330.856,6842872.63464,0
1772564700000,5140.25,5141.85,5125.58,5126.35,2096.029,1772564999999,10762368.71276,5865,873.712,4486897.68911,0
1772565000000,5126.36,5126.54,5109.16,5111.73,2418.889,1772565299999,12378225.05910,6208,1047.381,5358412.21363,0
1772565300000,5111.76,5119.99,5101.22,5112.89,1800.110,1772565599999,9196797.01538,5616,854.376,4364862.43375,0
1772565600000,5113.02,5120.96,5111.75,5116.30,1045.997,1772565899999,5352609.12050,3699,564.170,2886969.56800,0
1772565900000,5116.09,5116.30,5103.31,5106.41,1318.351,1772566199999,6735239.33776,3965,669.589,3420276.29533,0
1772566200000,5106.50,5112.12,5101.36,5102.46,1328.899,1772566499999,6787517.89437,4296,690.625,3527427.93130,0
1772566500000,5102.46,5114.44,5100.01,5111.73,2512.836,1772566799999,12834554.03953,6258,1363.578,6964107.51810,0
1772566800000,5111.73,5119.49,5108.84,5119.49,1379.713,1772567099999,7055554.24120,5169,770.695,3941180.54642,0
1772567100000,5119.46,5128.93,5117.37,5123.72,1530.140,1772567399999,7839222.76227,5022,773.919,3964740.95927,0
1772567400000,5123.70,5126.40,5114.63,5120.99,1557.971,1772567699999,7978120.11913,5058,772.599,3956166.14034,0
1772567700000,5120.90,5121.10,5107.53,5112.63,1462.775,1772567999999,7479325.13647,4509,705.337,3606133.47383,0
1772568000000,5112.64,5125.49,5112.51,5116.06,1662.246,1772568299999,8509523.98397,4969,809.968,4146380.85257,0
1772568300000,5116.26,5119.88,5111.85,5115.49,1084.944,1772568599999,5551090.96454,3853,546.474,2795890.63095,0
1772568600000,5115.49,5122.91,5115.01,5118.01,1362.236,1772568899999,6973974.91656,4001,715.813,3664431.54557,0
1772568900000,5118.01,5121.46,5113.69,5115.37,1059.420,1772569199999,5421074.86347,3583,534.817,2736738.30969,0
1772569200000,5115.46,5129.49,5115.27,5128.67,1160.759,1772569499999,5946801.63578,3922,626.392,3209082.55901,0
1772569500000,5128.66,5129.41,5122.02,5122.40,961.509,1772569799999,4928922.08613,2964,477.892,2449693.51875,0
1772569800000,5122.46,5125.63,5110.69,5115.61,1353.836,1772570099999,6931136.19181,3887,553.602,2834372.11622,0
1772570100000,5115.62,5122.00,5108.88,5110.97,1059.522,1772570399999,5420520.55441,3562,690.140,3530987.17571,0
1772570400000,5111.04,5113.68,5103.43,5111.41,1368.992,1772570699999,6993843.75159,4129,743.789,3800032.32660,0
1772570700000,5111.69,5113.29,5102.01,5105.27,1342.407,1772570999999,6854735.58237,3857,678.866,3466522.38253,0
1772571000000,5105.28,5107.31,5087.06,5096.59,3962.903,1772571299999,20191661.39208,8916,1859.972,9476683.62434,0
1772571300000,5096.59,5103.57,5095.48,5098.39,2064.344,1772571599999,10527043.42659,6518,1049.369,5351031.12809,0
1772571600000,5098.59,5107.54,5095.87,5105.54,1172.244,1772571899999,5978397.03001,3792,562.640,2868986.64114,0
1772571900000,5105.60,5111.41,5101.20,5101.81,794.091,1772572199999,4054656.08830,2581,381.129,1946209.97999,0
1772572200000,5101.82,5105.08,5097.70,5098.48,318.889,1772572499999,1626796.25364,1644,144.237,735780.15342,0
1772572500000,5098.47,5100.92,5090.25,5094.44,947.308,1772572799999,4827814.82650,3032,374.101,1906411.89515,0
1772572800000,5094.35,5099.77,5094.26,5099.12,577.843,1772573099999,2945235.19502,2265,344.879,1757755.21441,0
1772573100000,5099.12,5100.94,5089.61,5089.78,849.185,1772573399999,4326345.77010,2504,300.816,1532719.67795,0
1772573400000,5089.78,5092.83,5083.73,5091.98,977.523,1772573699999,4974526.56389,3776,451.915,2300057.32192,0
1772573700000,5091.97,5093.53,5084.84,5088.45,401.070,1772573999999,2040992.51881,2188,111.193,565823.48522,0
1772574000000,5088.45,5095.41,5087.97,5090.60,504.345,1772574299999,2568549.92282,2259,233.196,1187587.23993,0
1772574300000,5090.60,5093.12,5084.82,5087.93,675.399,1772574599999,3436941.27360,2342,331.991,1689494.93859,0
1772574600000,5087.94,5090.60,5083.94,5087.68,466.255,1772574899999,2371797.12482,2633,170.685,868244.56271,0
1772574900000,5087.68,5092.25,5086.76,5087.51,441.403,1772575199999,2246446.76266,2037,224.993,1145169.97179,0
1772575200000,5087.64,5094.55,5087.64,5093.92,276.559,1772575499999,1408374.08697,957,246.191,1253692.88004,0
1772575500000,5093.92,5094.24,5091.30,5094.22,280.699,1772575799999,1429593.89380,1212,121.283,617719.83980,0
1772575800000,5094.23,5097.80,5093.38,5097.80,238.878,1772576099999,1217258.41743,918,209.144,1065765.90738,0
1772576100000,5097.80,5097.80,5095.46,5096.64,281.049,1772576399999,1432421.93617,854,153.930,784504.60375,0
1772576400000,5096.65,5096.65,5093.14,5094.44,118.242,1772576699999,602414.67443,703,50.373,256623.17353,0
1772576700000,5094.52,5097.11,5094.45,5097.11,163.240,1772576999999,831830.23294,683,106.440,542387.26045,0
1772577000000,5097.11,5097.15,5095.61,5096.46,67.502,1772577299999,344028.83968,393,41.894,213510.15596,0
1772577300000,5096.46,5097.11,5095.72,5096.67,124.455,1772577599999,634289.31525,556,71.257,363163.08166,0
1772577600000,5096.66,5101.75,5096.41,5096.83,493.635,1772577899999,2516816.73400,1686,289.902,1478072.43482,0
1772577900000,5096.83,5101.05,5096.82,5099.69,159.957,1772578199999,815698.18345,932,113.656,579563.16835,0
1772578200000,5099.86,5102.35,5099.77,5102.33,135.842,1772578499999,692955.34194,795,79.230,404172.13908,0
1772578500000,5102.33,5102.67,5091.07,5099.39,577.112,1772578799999,2942322.05683,1660,154.858,789347.68922,0
1772578800000,5099.40,5114.89,5087.24,5112.30,4147.217,1772579099999,21162789.85288,13544,2239.645,11427786.72695,0
1772579100000,5112.25,5118.62,5106.72,5108.09,1068.455,1772579399999,5462655.99241,4758,520.838,2663039.40810,0
1772579400000,5108.09,5119.89,5107.65,5118.54,670.086,1772579699999,3428044.99857,3591,407.746,2085732.60691,0
1772579700000,5118.45,5128.74,5118.44,5123.59,1054.127,1772579999999,5401287.65877,4774,537.983,2756541.28539,0
1772580000000,5123.57,5129.00,5119.19,5125.52,583.519,1772580299999,2990234.26882,3345,355.582,1822342.71420,0
1772580300000,5125.53,5127.85,5120.95,5126.68,382.785,1772580599999,1961589.96700,2588,194.274,995610.77725,0
1772580600000,5126.71,5128.73,5122.79,5126.94,519.685,1772580899999,2663834.54397,3148,224.910,1152842.36597,0
1772580900000,5127.17,5129.02,5119.00,5119.44,634.463,1772581199999,3252057.81169,2712,239.507,1227715.73777,0
1772581200000,5119.44,5127.36,5116.32,5126.72,474.132,1772581499999,2428466.82355,2355,284.368,1456527.78599,0
1772581500000,5126.75,5130.78,5125.51,5127.40,492.460,1772581799999,2525538.07506,2815,227.401,1166214.48932,0
1772581800000,5127.39,5127.40,5121.10,5124.99,491.103,1772582099999,2516485.82285,2290,245.881,1259858.02902,0
1772582100000,5124.99,5127.40,5123.04,5124.99,570.301,1772582399999,2922839.69866,2183,297.028,1522300.40644,0
1772582400000,5125.00,5125.97,5105.84,5114.07,1934.290,1772582699999,9890349.46086,5935,856.120,4377196.49196,0
1772582700000,5114.09,5115.99,5106.58,5115.99,1431.762,1772582999999,7317401.82351,4441,609.435,3114623.97451,0
1772583000000,5115.99,5120.25,5112.26,5115.69,854.610,1772583299999,4372056.09028,3054,390.926,1999884.07148,0
1772583300000,5115.69,5126.54,5112.99,5125.71,791.060,1772583599999,4048728.32119,3296,410.377,2100430.55310,0
1772583600000,5125.72,5128.60,5116.32,5119.33,1167.842,1772583899999,5982232.71593,4011,536.903,2750147.08558,0
1772583900000,5119.50,5128.00,5117.91,5124.49,695.948,1772584199999,3565577.46043,2570,410.946,2105357.69563,0
1772584200000,5124.50,5130.24,5123.25,5124.66,936.567,1772584499999,4802318.45926,2671,407.400,2088937.85572,0
1772584500000,5124.65,5125.00,5121.89,5122.53,706.411,1772584799999,3619407.54843,2128,275.157,1409739.29286,0
1772584800000,5122.52,5136.17,5122.52,5131.48,1359.363,1772585099999,6973130.75714,3450,726.748,3727581.17755,0
1772585100000,5131.48,5139.37,5131.06,5139.29,1262.240,1772585399999,6481362.01056,4341,648.338,3329161.96404,0
1772585400000,5139.28,5139.76,5126.81,5128.14,1395.929,1772585699999,7166721.12288,4073,577.906,2967331.37711,0
1772585700000,5128.06,5138.52,5126.39,5137.14,818.498,1772585999999,4201170.25797,3134,478.403,2455658.88786,0
1772586000000,5137.14,5158.03,5137.14,5153.78,3774.574,1772586299999,19436503.46675,11765,2047.090,10541100.87922,0
1772586300000,5153.90,5155.15,5147.01,5150.86,1605.779,1772586599999,8271462.61208,5952,732.945,3775363.75151,0
1772586600000,5150.86,5161.02,5150.86,5157.96,2147.596,1772586899999,11073927.49665,6027,1029.491,5308420.48337,0
1772586900000,5157.95,5162.81,5153.25,5161.30,1577.376,1772587199999,8135967.49099,5659,836.293,4313733.65125,0
1772587200000,5161.26,5162.10,5150.69,5157.74,1363.692,1772587499999,7033372.77355,5551,636.527,3283161.69724,0
1772587500000,5157.71,5159.40,5145.34,5145.34,1384.093,1772587799999,7130491.49380,5624,632.352,3257704.71253,0
1772587800000,5145.34,5152.47,5141.23,5143.75,1771.554,1772588099999,9118344.15045,6577,798.782,4111449.88284,0
1772588100000,5143.76,5156.75,5143.76,5151.60,1044.925,1772588399999,5383888.89810,4896,570.357,2938614.47867,0
1772588400000,5151.83,5161.72,5150.90,5161.05,1078.987,1772588699999,5563465.94372,4909,531.930,2742448.20988,0
1772588700000,5161.05,5172.45,5157.47,5172.02,2039.814,1772588999999,10535347.48967,6050,1097.764,5669920.80446,0
1772589000000,5172.02,5179.57,5167.65,5170.48,2100.322,1772589299999,10865035.43722,6009,1047.705,5420263.69102,0
1772589300000,5170.48,5175.77,5168.13,5173.25,1145.247,1772589599999,5922458.78150,3978,542.904,2807690.98383,0
1772589600000,5173.24,5175.89,5166.68,5168.68,1387.308,1772589899999,7175391.44205,4418,578.861,2994108.62863,0
1772589900000,5168.71,5183.32,5167.60,5182.56,1873.005,1772590199999,9691660.46654,4576,967.102,5005053.08545,0
1772590200000,5182.71,5189.99,5180.90,5188.20,1694.106,1772590499999,8784239.38688,5499,869.867,4510751.58362,0
1772590500000,5188.19,5188.79,5178.39,5182.72,926.596,1772590799999,4802298.91982,4143,455.106,2358787.73594,0
1772590800000,5182.54,5183.31,5175.28,5177.62,968.065,1772591099999,5014202.57891,3519,394.404,2043008.25002,0
1772591100000,5177.61,5179.80,5174.11,5175.70,1165.872,1772591399999,6035118.87871,3752,457.141,2366360.17653,0
1772591400000,5175.71,5177.88,5166.78,5168.11,1474.527,1772591699999,7626401.63623,5417,581.927,3009800.25913,0
1772591700000,5167.80,5170.41,5162.39,5170.20,1447.528,1772591999999,7477475.95646,4717,696.224,3596655.86784,0
1772592000000,5170.19,5177.81,5170.19,5177.81,798.180,1772592299999,4129343.95492,3190,388.397,2009378.38143,0
1772592300000,5177.89,5178.86,5161.89,5163.86,962.282,1772592599999,4975350.98338,3630,411.908,2129622.36454,0
1772592600000,5163.88,5169.70,5160.74,5162.04,928.064,1772592899999,4793543.30206,3933,428.079,2210882.13589,0
1772592900000,5161.99,5164.56,5152.65,5154.69,1780.631,1772593199999,9184533.75613,6154,697.043,3595397.92375,0
1772593200000,5154.69,5158.33,5139.14,5140.85,1925.302,1772593499999,9914300.02259,6634,760.592,3917564.36521,0
1772593500000,5140.97,5152.93,5140.00,5151.96,1159.807,1772593799999,5967861.48681,5066,699.190,3598008.17950,0
1772593800000,5151.91,5155.67,5151.21,5155.03,688.001,1772594099999,3545746.37544,2898,313.681,1616611.39858,0
1772594100000,5155.02,5160.00,5151.00,5159.27,809.118,1772594399999,4172074.98900,3351,466.091,2403424.96316,0
1772594400000,5159.36,5166.14,5159.11,5165.25,977.460,1772594699999,5046803.64267,3106,631.108,3258504.46936,0
1772594700000,5165.26,5167.56,5158.24,5161.26,907.049,1772594999999,4683347.82525,3317,460.082,2375406.84749,0
1772595000000,5161.34,5165.79,5155.03,5155.38,1105.272,1772595299999,5703905.35952,4463,490.398,2530630.60519,0
1772595300000,5155.04,5160.55,5152.46,5159.70,1472.613,1772595599999,7593830.76619,5047,851.842,4392926.00807,0
1772595600000,5159.57,5163.98,5159.57,5161.65,623.894,1772595899999,3220464.70448,3193,317.567,1639222.79193,0
1772595900000,5161.65,5166.25,5158.55,5165.16,555.067,1772596199999,2865501.55259,2753,257.242,1327949.28291,0
1772596200000,5165.10,5170.95,5164.06,5168.20,608.521,1772596499999,3144654.95401,2999,302.848,1565001.24598,0
1772596500000,5168.20,5175.80,5165.25,5172.87,1131.639,1772596799999,5851696.14226,3648,601.664,3111102.15015,0
1772596800000,5172.95,5175.89,5170.67,5174.00,524.437,1772597099999,2712903.73911,2526,231.357,1196848.12558,0
1772597100000,5173.99,5177.00,5171.56,5173.07,471.391,1772597399999,2439303.85525,2359,257.419,1332042.25960,0
1772597400000,5173.07,5178.99,5171.90,5172.24,682.859,1772597699999,3533626.28295,2738,299.325,1548806.22780,0
1772597700000,5172.46,5173.73,5165.03,5166.63,1127.493,1772597999999,5826960.14285,3274,416.856,2154412.84167,0
1772598000000,5166.63,5168.93,5162.05,5163.32,622.016,1772598299999,3213037.94970,2477,307.749,1589723.90924,0
1772598300000,5163.33,5169.53,5161.23,5165.76,817.394,1772598599999,4222256.14948,3198,410.379,2119770.31559,0
1772598600000,5165.77,5168.61,5161.15,5168.39,694.705,1772598899999,3588157.95515,2577,382.982,1978174.44282,0
1772598900000,5168.39,5168.39,5160.89,5162.73,534.142,1772599199999,2758278.52080,2068,202.090,1043421.87435,0
1772599200000,5162.73,5162.82,5150.14,5159.96,1396.953,1772599499999,7204343.02786,5832,606.359,3127046.61205,0
1772599500000,5159.97,5163.44,5154.10,5154.12,657.200,1772599799999,3390234.00712,2992,266.961,1377224.20980,0
1772599800000,5154.12,5158.59,5153.60,5156.24,645.485,1772600099999,3327927.12287,2410,352.916,1819456.48307,0
1772600100000,5156.24,5158.57,5153.56,5155.08,562.473,1772600399999,2900176.82296,2272,243.715,1256626.80121,0
1772600400000,5155.08,5158.95,5150.96,5151.77,752.803,1772600699999,3880697.52257,3460,378.333,1950376.32402,0
1772600700000,5151.98,5159.72,5150.31,5157.10,867.368,1772600999999,4471639.90396,2606,388.750,2004116.93442,0
1772601000000,5157.10,5164.99,5156.97,5159.83,880.580,1772601299999,4545022.18007,2697,508.818,2626319.66958,0
1772601300000,5159.82,5165.00,5157.21,5157.65,632.697,1772601599999,3265678.94148,2201,337.622,1742609.09474,0
1772601600000,5157.65,5158.37,5152.00,5152.67,516.631,1772601899999,2662974.38757,2303,233.566,1203890.70683,0
1772601900000,5152.67,5155.51,5152.00,5155.37,373.425,1772602199999,1924598.80668,1843,235.614,1214349.43356,0
1772602200000,5155.37,5164.32,5154.12,5163.33,398.576,1772602499999,2056503.22352,2929,176.776,912111.24465,0
1772602500000,5163.33,5164.16,5157.10,5159.88,491.762,1772602799999,2537789.68273,2415,254.138,1311480.97838,0
1772602800000,5159.88,5165.71,5155.38,5158.74,633.793,1772603099999,3270290.08429,2936,258.647,1334525.62088,0
1772603100000,5158.73,5165.39,5153.51,5164.50,682.062,1772603399999,3519345.51050,2937,335.377,1730416.56110,0
1772603400000,5164.50,5165.95,5157.55,5157.63,766.685,1772603699999,3957608.89699,2374,355.953,1837346.45846,0
1772603700000,5157.62,5160.44,5153.20,5158.50,1015.880,1772603999999,5238411.98009,2535,551.646,2844161.27126,0
1772604000000,5158.49,5158.49,5140.64,5140.93,1889.957,1772604299999,9725861.39038,6088,831.075,4276347.34669,0
1772604300000,5140.94,5143.00,5123.05,5140.62,5748.599,1772604599999,29512700.26046,12167,2428.386,12466495.07407,0
1772604600000,5140.63,5147.83,5138.00,5141.24,1457.565,1772604899999,7495868.97312,4751,725.929,3733563.28267,0
1772604900000,5141.11,5149.14,5139.75,5143.72,1057.946,1772605199999,5443271.18497,3663,555.056,2855702.02101,0
1772605200000,5143.71,5144.22,5128.00,5133.63,1573.241,1772605499999,8078706.84188,5258,651.855,3347119.40506,0
1772605500000,5133.63,5138.56,5133.18,5133.77,1399.361,1772605799999,7186967.37609,3986,556.590,2858480.16029,0
1772605800000,5133.77,5150.86,5131.39,5150.17,1598.433,1772606099999,8216908.88314,4253,754.075,3876373.20374,0
1772606100000,5150.11,5155.43,5148.13,5148.39,1034.612,1772606399999,5329592.23626,3512,392.482,2021904.46925,0
1772606400000,5148.36,5151.64,5144.64,5148.00,1023.464,1772606699999,5269088.51633,3153,442.548,2278308.23940,0
1772606700000,5148.04,5151.70,5146.40,5148.45,681.183,1772606999999,3507696.81506,2655,331.952,1709325.39713,0
1772607000000,5148.44,5157.47,5146.44,5149.64,695.689,1772607299999,3584735.12837,2932,295.797,1524205.95589,0
1772607300000,5149.63,5158.76,5149.30,5158.64,739.557,1772607599999,3811667.00223,2534,442.570,2281069.78695,0
1772607600000,5158.64,5168.87,5156.93,5166.80,1758.820,1772607899999,9082395.33999,5530,868.297,4484067.26885,0
1772607900000,5166.81,5173.74,5165.96,5173.19,1527.873,1772608199999,7899994.89164,3779,823.198,4256198.60145,0
1772608200000,5173.19,5173.87,5164.24,5165.95,1180.619,1772608499999,6102765.63000,3454,496.941,2568594.95172,0
1772608500000,5165.94,5168.36,5163.01,5164.93,822.258,1772608799999,4247500.09272,2981,383.175,1979295.09761,0
1772608800000,5164.93,5171.21,5164.35,5169.51,719.106,1772609099999,3716627.97317,2397,392.178,2027056.18425,0
1772609100000,5169.57,5172.71,5166.90,5167.20,925.131,1772609399999,4783258.61467,2603,296.530,1533258.68327,0
1772609400000,5167.20,5169.36,5163.06,5166.78,790.630,1772609699999,4084299.35244,2178,360.950,1864667.17387,0
1772609700000,5166.79,5171.49,5165.16,5170.36,708.440,1772609999999,3661471.24418,1834,355.442,1836774.38389,0
1772610000000,5170.55,5170.76,5162.50,5167.33,797.811,1772610299999,4121977.05604,2318,309.990,1601539.09388,0
1772610300000,5167.27,5174.39,5166.72,5174.39,1009.746,1772610599999,5221917.97214,2627,379.169,1961130.86955,0
1772610600000,5174.39,5174.39,5170.51,5170.52,533.659,1772610899999,2760240.10653,1654,196.698,1017329.81258,0
1772610900000,5170.53,5171.00,5166.75,5166.75,617.768,1772611199999,3193134.44335,1774,218.896,1131428.95674,0
1772611200000,5166.76,5170.18,5155.55,5155.79,1668.359,1772611499999,8614007.08491,3967,552.713,2853860.96226,0
1772611500000,5155.71,5159.40,5147.49,5148.12,2158.457,1772611799999,11125069.61324,4788,1154.095,5948150.74833,0
1772611800000,5148.12,5156.29,5147.76,5155.67,1290.833,1772612099999,6649298.42680,3674,625.119,3220160.68180,0
1772612100000,5155.67,5164.15,5151.63,5153.47,1259.662,1772612399999,6496803.15221,3241,691.112,3564947.20320,0
1772612400000,5153.46,5168.13,5152.07,5162.61,1386.883,1772612699999,7155677.22351,4237,739.834,3817242.60684,0
1772612700000,5162.61,5163.95,5155.86,5161.27,838.879,1772612999999,4329167.55372,2515,463.513,2391936.88279,0
1772613000000,5161.14,5166.22,5160.85,5163.60,615.620,1772613299999,3178594.47152,2563,334.071,1724826.05239,0
1772613300000,5163.60,5171.97,5161.61,5168.54,950.101,1772613599999,4909681.89274,3041,492.537,2545375.96514,0
1772613600000,5168.53,5174.41,5167.34,5174.22,1188.994,1772613899999,6149072.12208,3521,583.674,3018708.22781,0
1772613900000,5174.22,5182.00,5174.18,5179.43,2037.520,1772614199999,10549004.42101,4491,1206.335,6245795.97274,0
1772614200000,5179.43,5180.00,5171.40,5172.94,1289.556,1772614499999,6675700.33237,3300,431.396,2233118.62630,0
1772614500000,5173.35,5173.61,5165.23,5166.76,2543.255,1772614799999,13145873.62428,5029,742.114,3835260.76337,0
1772614800000,5166.62,5168.49,5159.17,5164.10,1511.522,1772615099999,7804597.04872,4871,709.274,3662166.18969,0
1772615100000,5164.10,5166.67,5158.69,5164.02,1446.230,1772615399999,7466428.48282,3874,706.716,3648293.10805,0
1772615400000,5164.12,5169.58,5161.78,5162.77,1055.745,1772615699999,5453663.69345,3256,535.114,2764099.27631,0
1772615700000,5162.82,5173.99,5160.89,5173.56,1668.330,1772615999999,8623282.13741,3721,719.087,3716124.23654,0
1772616000000,5173.56,5177.51,5172.12,5175.63,662.085,1772616299999,3426262.36816,2376,281.315,1455777.10845,0
1772616300000,5175.64,5175.92,5168.82,5169.67,782.899,1772616599999,4049313.34518,2490,298.752,1545213.04523,0
1772616600000,5169.66,5173.93,5167.91,5173.09,468.727,1772616899999,2423516.35019,1962,244.726,1265319.68319,0
1772616900000,5173.09,5183.30,5173.09,5182.19,1043.554,1772617199999,5404510.51124,3300,631.567,3271050.08957,0
1772617200000,5182.19,5182.20,5177.77,5180.85,899.740,1772617499999,4660929.83171,2402,480.640,2489834.43340,0
1772617500000,5180.85,5183.19,5178.02,5180.84,757.046,1772617799999,3922444.12632,2244,270.023,1398990.85969,0
1772617800000,5180.84,5182.58,5178.31,5178.60,596.641,1772618099999,3091035.48746,2178,313.631,1624816.02192,0
1772618100000,5178.61,5183.85,5174.74,5181.79,1307.900,1772618399999,6774088.36305,2601,873.146,4522798.16606,0
1772618400000,5181.79,5187.66,5181.79,5184.78,907.476,1772618699999,4704534.64385,2443,597.692,3098687.13063,0
1772618700000,5184.78,5193.15,5184.77,5193.10,2108.769,1772618999999,10941251.95298,5186,1117.818,5799975.91055,0
1772619000000,5192.92,5196.83,5188.40,5196.53,3167.389,1772619299999,16448824.90099,6475,1404.921,7296181.78228,0
1772619300000,5196.74,5201.00,5190.17,5191.38,2505.510,1772619599999,13018401.05053,6132,1128.118,5862173.28680,0
1772619600000,5191.38,5191.82,5185.01,5186.98,1671.696,1772619899999,8674031.95467,4096,662.834,3439169.98798,0
1772619900000,5187.00,5192.00,5185.31,5186.77,1214.906,1772620199999,6302551.70558,3192,605.956,3143367.51150,0
1772620200000,5186.78,5188.95,5181.43,5185.91,1698.079,1772620499999,8804286.23959,4318,675.214,3500870.78963,0
1772620500000,5185.69,5186.87,5179.05,5186.39,1451.392,1772620799999,7522850.08470,3626,731.399,3791134.90189,0
1772620800000,5186.40,5189.20,5182.58,5184.13,1192.807,1772621099999,6185243.58328,2962,430.568,2232589.56468,0
1772621100000,5184.14,5186.50,5180.79,5186.50,698.250,1772621399999,3619116.36386,2560,369.706,1916118.83833,0
1772621400000,5186.58,5186.87,5182.18,5186.09,1355.998,1772621699999,7030550.85547,2128,702.763,3643689.28750,0
1772621700000,5186.09,5192.75,5184.88,5188.86,799.046,1772621999999,4147095.35678,2243,399.975,2075795.26072,0
1772622000000,5188.86,5192.09,5188.30,5190.44,454.399,1772622299999,2358436.33791,1779,193.437,1003945.42399,0
1772622300000,5190.54,5191.26,5187.30,5190.93,578.205,1772622599999,3000727.08622,1661,267.784,1389684.12288,0
1772622600000,5190.92,5195.85,5190.25,5194.07,805.685,1772622899999,4183822.67710,2399,470.934,2445465.22939,0
1772622900000,5194.07,5194.55,5189.21,5190.64,552.402,1772623199999,2867933.88254,1698,243.982,1266675.27767,0
1772623200000,5190.64,5196.62,5189.42,5194.94,710.346,1772623499999,3688812.64799,2080,293.139,1522158.21756,0
1772623500000,5195.06,5196.99,5192.89,5194.32,679.133,1772623799999,3528128.33946,2126,271.946,1412781.52092,0
1772623800000,5194.32,5197.25,5193.45,5197.24,408.557,1772624099999,2122640.45389,1732,205.626,1068270.18380,0
1772624100000,5197.24,5199.66,5195.45,5196.36,852.601,1772624399999,4431540.66108,2480,408.760,2124587.62929,0
1772624400000,5196.35,5196.49,5189.44,5191.91,1132.332,1772624699999,5879472.57641,2507,405.016,2103091.77760,0
1772624700000,5191.90,5193.33,5189.40,5191.64,691.947,1772624999999,3592649.40781,1762,288.546,1498100.80417,0
1772625000000,5191.64,5191.99,5187.13,5190.00,608.909,1772625299999,3159954.66259,2052,249.575,1295163.78817,0
1772625300000,5189.99,5193.46,5188.38,5191.37,727.388,1772625599999,3775795.69731,1764,315.390,1637081.12246,0
1772625600000,5191.38,5205.60,5191.38,5201.01,1684.710,1772625899999,8760270.83554,4381,1002.871,5214899.53664,0
1772625900000,5201.01,5201.68,5196.92,5197.78,1101.542,1772626199999,5726936.13649,2789,469.809,2442544.76281,0
1772626200000,5197.79,5199.75,5196.03,5197.29,1104.602,1772626499999,5741111.42260,2094,484.705,2519174.27694,0
1772626500000,5197.28,5197.28,5177.20,5183.00,2180.396,1772626799999,11307164.36936,5516,1091.623,5660298.70723,0
1772626800000,5183.00,5184.01,5178.23,5178.23,1178.352,1772627099999,6105145.94642,3831,538.489,2789853.65268,0
1772627100000,5178.23,5180.48,5173.00,5176.76,1563.653,1772627399999,8095090.02916,4375,623.350,3226907.00594,0
1772627400000,5176.75,5176.76,5167.85,5170.37,1714.996,1772627699999,8868538.45092,5133,696.099,3599617.63213,0
1772627700000,5170.58,5174.31,5165.17,5166.76,2123.846,1772627999999,10980664.04598,4055,1070.623,5535179.26824,0
1772628000000,5166.76,5166.93,5156.00,5166.00,2156.351,1772628299999,11128753.86251,6245,1118.585,5772652.85551,0
1772628300000,5165.99,5172.87,5162.27,5171.41,1362.802,1772628599999,7043749.68343,4119,846.675,4376548.92261,0
1772628600000,5171.41,5172.45,5166.24,5167.00,934.879,1772628899999,4832521.57927,2872,406.890,2103234.52066,0
1772628900000,5166.81,5170.18,5158.15,5169.58,1675.942,1772629199999,8655358.65506,4224,732.612,3783471.60475,0
1772629200000,5169.59,5181.27,5169.39,5174.40,2120.628,1772629499999,10975054.49374,6077,1215.006,6288135.68697,0
1772629500000,5174.40,5189.38,5173.65,5186.49,2593.137,1772629799999,13435902.64122,5229,1389.539,7200502.09070,0
1772629800000,5186.49,5195.00,5185.57,5191.94,1934.237,1772630099999,10041022.33066,4790,770.069,3997702.97592,0
1772630100000,5191.84,5194.28,5185.20,5186.87,2123.360,1772630399999,11020936.37064,5402,869.444,4512755.11407,0
1772630400000,5186.76,5187.95,5177.75,5184.84,1922.904,1772630699999,9967022.29781,5325,875.351,4536838.26175,0
1772630700000,5184.84,5193.30,5184.84,5190.74,965.628,1772630999999,5011774.11247,3503,517.433,2685460.75312,0
1772631000000,5190.75,5191.25,5182.22,5187.48,1004.084,1772631299999,5208566.02951,3544,467.130,2422952.08890,0
1772631300000,5187.49,5189.69,5184.24,5184.51,879.209,1772631599999,4560675.68408,3171,424.292,2200890.90185,0
1772631600000,5184.51,5188.89,5180.85,5186.38,790.144,1772631899999,4097128.05537,2890,330.524,1713698.64806,0
1772631900000,5186.38,5190.46,5186.07,5187.60,1649.018,1772632199999,8555402.05918,2313,882.692,4579319.15585,0
1772632200000,5187.60,5187.80,5178.08,5180.75,1411.175,1772632499999,7313592.66427,4108,548.943,2844884.94171,0
1772632500000,5180.89,5181.25,5164.06,5166.78,2583.151,1772632799999,13362191.76122,6856,859.919,4448604.77723,0
1772632800000,5166.77,5178.98,5166.17,5171.74,1851.427,1772633099999,9577617.87380,5404,1013.501,5242360.07276,0
1772633100000,5171.66,5178.37,5170.66,5172.73,1232.150,1772633399999,6376444.43319,4180,623.717,3227870.98482,0
1772633400000,5172.73,5172.75,5161.90,5164.12,1645.264,1772633699999,8500253.77066,5360,654.331,3380439.89869,0
1772633700000,5164.12,5171.99,5161.91,5170.72,1471.179,1772633999999,7604183.81066,4497,571.747,2955057.57747,0
1772634000000,5170.73,5171.99,5161.08,5162.51,1458.009,1772634299999,7532539.01474,4609,672.001,3471178.25179,0
1772634300000,5162.50,5168.35,5159.01,5164.85,1351.710,1772634599999,6980630.70150,5184,623.875,3221906.40630,0
1772634600000,5164.86,5184.53,5161.78,5178.25,3974.830,1772634899999,20570650.43750,10549,2025.777,10483506.22768,0
1772634900000,5178.34,5183.24,5166.33,5171.20,3349.454,1772635199999,17335175.75791,11029,1573.271,8142650.91780,0
1772635200000,5171.21,5178.55,5165.33,5168.93,1856.653,1772635499999,9600042.97398,7200,880.210,4551199.15076,0
1772635500000,5168.93,5176.43,5140.30,5155.15,5434.847,1772635799999,28026196.72370,15016,2547.078,13134512.91979,0
1772635800000,5155.15,5160.48,5144.32,5150.55,2733.122,1772636099999,14079170.47022,10688,1380.241,7109739.76632,0
1772636100000,5150.55,5150.55,5138.09,5145.15,2552.331,1772636399999,13128517.07603,9491,1245.617,6407348.48882,0
1772636400000,5145.14,5160.06,5142.44,5156.68,3314.887,1772636699999,17086366.66859,9533,1573.578,8110148.30911,0
1772636700000,5156.84,5159.05,5139.20,5150.08,2706.040,1772636999999,13928807.90038,9587,1350.655,6952204.15728,0
1772637000000,5149.96,5151.89,5130.00,5132.46,3390.891,1772637299999,17423161.25124,10852,1418.000,7285706.90251,0
1772637300000,5132.59,5145.75,5131.23,5141.12,2805.085,1772637599999,14412463.45258,9915,1580.941,8122508.64356,0
1772637600000,5141.12,5150.65,5140.34,5146.70,1511.877,1772637899999,7780288.78219,6385,740.624,3811400.57093,0
1772637900000,5146.92,5158.47,5146.81,5154.79,2164.081,1772638199999,11149994.10950,6880,1141.530,5881564.26460,0
1772638200000,5154.80,5160.39,5154.62,5159.13,1256.678,1772638499999,6481582.27810,5696,651.147,3358434.74210,0
1772638500000,5159.14,5164.90,5150.39,5150.55,1567.520,1772638799999,8085938.02443,6049,712.875,3677309.64499,0
1772638800000,5150.66,5152.92,5137.62,5142.67,1769.068,1772639099999,9100999.29147,5306,854.924,4397151.91850,0
1772639100000,5142.67,5143.19,5133.00,5139.42,2167.246,1772639399999,11135835.41419,5491,1223.400,6286189.42876,0
1772639400000,5139.42,5150.61,5137.22,5147.06,1122.261,1772639699999,5774112.93510,4473,475.827,2448213.31134,0
1772639700000,5147.05,5151.99,5144.62,5150.34,1046.367,1772639999999,5387223.96750,3494,517.902,2666435.16025,0
1772640000000,5150.33,5159.99,5150.12,5155.43,1693.523,1772640299999,8731794.53815,4464,836.756,4313602.30046,0
1772640300000,5155.43,5156.74,5147.10,5147.60,1390.727,1772640599999,7164874.79068,4470,545.127,2808593.97257,0
1772640600000,5147.59,5151.49,5141.51,5147.06,852.676,1772640899999,4387826.96388,4358,387.149,1992393.76640,0
1772640900000,5147.11,5148.35,5141.51,5145.74,766.519,1772641199999,3944217.36233,3969,353.700,1819947.17048,0
1772641200000,5145.73,5153.67,5136.30,5138.87,1018.573,1772641499999,5239353.16032,4833,433.690,2230996.35471,0
1772641500000,5138.87,5150.60,5138.70,5144.76,1160.201,1772641799999,5969792.39280,4148,527.026,2711186.60390,0
1772641800000,5144.76,5154.50,5143.01,5152.40,931.824,1772642099999,4797224.05734,4483,466.545,2402190.62811,0
1772642100000,5152.41,5155.14,5148.36,5149.82,577.925,1772642399999,2977368.30235,3376,250.244,1289150.19549,0
1772642400000,5150.00,5157.81,5146.06,5146.44,963.975,1772642699999,4967259.12212,3700,475.334,2449406.59193,0
1772642700000,5146.44,5151.35,5142.47,5146.36,1044.957,1772642999999,5378878.01839,3266,457.148,2353025.15654,0
1772643000000,5146.58,5149.95,5143.37,5147.23,528.669,1772643299999,2720843.73821,2454,192.736,991924.27957,0
1772643300000,5147.24,5149.12,5144.38,5148.30,469.768,1772643599999,2417676.72825,2144,239.361,1231882.61402,0
1772643600000,5148.31,5150.99,5144.11,5148.73,646.824,1772643899999,3329020.94447,3024,329.784,1697312.44243,0
1772643900000,5148.73,5151.90,5146.44,5146.96,441.086,1772644199999,2271063.79245,2129,198.060,1019758.16974,0
1772644200000,5146.95,5148.65,5142.49,5145.53,567.800,1772644499999,2921534.43103,2168,284.376,1463078.08393,0
1772644500000,5145.53,5148.66,5144.76,5145.79,698.734,1772644799999,3596131.67902,1790,365.247,1879699.19713,0
1772644800000,5145.78,5146.23,5119.09,5128.11,4128.086,1772645099999,21165935.58766,9765,1942.738,9959050.34822,0
1772645100000,5128.11,5138.36,5127.79,5133.18,1503.762,1772645399999,7720788.19541,4837,748.298,3841642.16422,0
1772645400000,5133.06,5137.50,5127.78,5135.78,1245.432,1772645699999,6392584.23745,4859,616.629,3165081.33382,0
1772645700000,5135.79,5137.34,5111.96,5132.13,2669.462,1772645999999,13691516.60523,5363,849.500,4359179.50093,0
1772646000000,5132.12,5137.29,5127.58,5135.31,1216.522,1772646299999,6243542.77966,3382,499.860,2565285.76539,0
1772646300000,5135.32,5140.38,5134.88,5139.75,1265.352,1772646599999,6500829.74564,3782,459.027,2358210.31118,0
1772646600000,5139.75,5144.00,5138.42,5141.53,672.933,1772646899999,3459479.29860,2684,356.988,1835158.58997,0
1772646900000,5141.54,5146.03,5136.82,5139.09,923.457,1772647199999,4747620.99600,3310,420.234,2160301.39330,0
1772647200000,5139.09,5141.19,5130.03,5131.58,1060.977,1772647499999,5447332.84883,3148,509.158,2613769.17037,0
1772647500000,5131.58,5134.74,5127.58,5129.66,825.532,1772647799999,4235951.34697,3116,370.779,1902556.09361,0
1772647800000,5129.57,5129.57,5115.16,5123.30,1780.289,1772648099999,9115928.14618,6466,898.894,4602787.21054,0
1772648100000,5123.30,5124.83,5115.42,5116.85,1177.498,1772648399999,6027439.09359,4540,527.171,2698470.87836,0
1772648400000,5116.86,5125.65,5109.19,5123.02,1662.820,1772648699999,8507859.65464,5979,812.913,4159728.65478,0
1772648700000,5123.03,5125.55,5118.36,5121.92,645.238,1772648999999,3304828.38233,3493,324.954,1664439.17460,0
1772649000000,5121.99,5127.27,5119.01,5123.87,700.189,1772649299999,3587551.42968,2824,342.839,1756516.27372,0
1772649300000,5123.77,5127.00,5115.98,5117.32,809.461,1772649599999,4146104.60649,3118,357.880,1832963.01777,0
1772649600000,5117.32,5125.00,5107.95,5123.55,1260.154,1772649899999,6445223.98739,4080,729.090,3728727.79866,0
1772649900000,5123.56,5130.00,5121.54,5129.85,772.922,1772650199999,3962387.83687,2426,401.170,2056528.76564,0
1772650200000,5129.85,5131.42,5128.11,5128.36,597.948,1772650499999,3067586.16075,1753,247.632,1270368.65160,0
1772650500000,5128.35,5132.43,5126.95,5131.50,341.698,1772650799999,1752642.30746,1661,208.053,1067112.55025,0
1772650800000,5131.59,5134.82,5125.42,5129.15,810.329,1772651099999,4157387.47185,2662,389.676,1999133.01125,0
1772651100000,5129.16,5132.51,5128.25,5131.81,303.186,1772651399999,1555452.82597,1363,167.819,860966.71125,0
1772651400000,5131.81,5131.88,5125.60,5130.44,408.057,1772651699999,2092443.98496,1770,216.335,1109253.74676,0
1772651700000,5130.44,5132.62,5126.29,5126.29,374.442,1772651999999,1920814.53458,1801,180.737,927159.90305,0
1772652000000,5126.30,5128.48,5125.28,5126.15,526.026,1772652299999,2696929.62044,1803,271.792,1393469.51852,0
1772652300000,5126.02,5127.41,5123.60,5123.84,368.150,1772652599999,1886972.10905,1526,220.450,1129895.03336,0
1772652600000,5123.84,5129.00,5121.98,5126.26,428.578,1772652899999,2196679.64909,1972,229.441,1176043.04066,0
1772652900000,5126.25,5128.30,5124.00,5125.80,251.908,1772653199999,1291301.07839,1562,140.484,720117.71719,0
1772653200000,5125.80,5130.58,5125.61,5129.58,274.837,1772653499999,1409610.46635,1462,162.780,834905.27003,0
1772653500000,5129.58,5134.60,5128.77,5132.79,422.167,1772653799999,2166674.42108,1889,231.930,1190306.74669,0
1772653800000,5132.79,5135.68,5131.23,5134.83,320.778,1772654099999,1646570.77841,1590,197.170,1012082.86162,0
1772654100000,5134.86,5138.73,5134.68,5137.36,536.970,1772654399999,2758197.58874,1999,328.548,1687607.88664,0
1772654400000,5137.37,5138.43,5133.00,5133.52,325.571,1772654699999,1672054.57859,1666,150.989,775430.60841,0
1772654700000,5133.53,5134.31,5127.78,5129.20,272.288,1772654999999,1397061.52243,1564,141.849,727772.99172,0
1772655000000,5129.19,5130.49,5126.04,5128.76,364.435,1772655299999,1868850.52177,1803,174.918,896950.07533,0
1772655300000,5128.75,5128.76,5123.20,5127.20,439.392,1772655599999,2252128.73327,2230,184.969,948046.84415,0
1772655600000,5127.20,5131.95,5126.87,5131.14,308.663,1772655899999,1583083.73197,1332,177.006,907833.52994,0
1772655900000,5131.13,5138.00,5131.13,5136.65,332.625,1772656199999,1708089.56617,1567,218.664,1122804.58186,0
1772656200000,5136.66,5139.67,5136.66,5137.31,344.126,1772656499999,1768247.66546,1407,226.120,1161865.80308,0
1772656500000,5137.30,5141.58,5136.44,5139.87,358.499,1772656799999,1842451.84908,1819,181.782,934273.49989,0
1772656800000,5139.87,5145.40,5139.36,5142.55,365.818,1772657099999,1881173.30326,1699,228.926,1177213.84123,0
1772657100000,5142.54,5142.96,5135.67,5138.50,356.758,1772657399999,1833459.58031,1858,123.784,636106.62974,0
1772657400000,5138.51,5138.58,5133.18,5134.57,510.320,1772657699999,2620464.86969,2411,268.466,1378481.58014,0
1772657700000,5134.60,5137.04,5131.63,5133.44,530.002,1772657999999,2721370.43586,2498,291.662,1497548.15224,0
1772658000000,5133.45,5140.80,5132.61,5138.94,796.267,1772658299999,4090812.07899,3042,411.633,2114640.02785,0
1772658300000,5138.94,5140.98,5136.35,5139.55,441.074,1772658599999,2266551.53292,1350,249.428,1281783.01990,0
1772658600000,5139.55,5142.42,5136.82,5139.13,376.938,1772658899999,1937534.25669,1183,189.795,975518.26055,0
1772658900000,5139.12,5139.70,5138.13,5139.51,118.662,1772659199999,609776.54052,705,62.142,319322.65897,0
1772659200000,5139.50,5140.12,5134.45,5135.95,373.602,1772659499999,1919365.84634,1169,132.039,678301.14476,0
1772659500000,5135.99,5139.51,5134.70,5139.51,349.540,1772659799999,1795313.69064,1293,198.937,1021775.94764,0
1772659800000,5139.51,5140.08,5128.51,5128.51,358.525,1772660099999,1840496.16084,1841,132.735,681260.80377,0
1772660100000,5128.51,5135.55,5128.07,5135.39,347.956,1772660399999,1785505.95714,1629,172.153,883411.35373,0
1772660400000,5135.42,5135.42,5133.28,5134.35,206.938,1772660699999,1062489.07967,895,105.628,542316.90242,0
1772660700000,5134.34,5136.56,5133.93,5135.22,148.634,1772660999999,763302.11139,721,74.041,380231.85527,0
1772661000000,5135.22,5141.20,5134.51,5141.16,204.667,1772661299999,1051507.47350,908,148.101,760875.18196,0
1772661300000,5141.16,5141.87,5139.40,5141.12,294.572,1772661599999,1514272.73270,1030,168.553,866422.24287,0
1772661600000,5141.11,5142.46,5140.85,5141.15,125.172,1772661899999,643592.20936,540,45.115,231964.60875,0
1772661900000,5141.14,5143.17,5140.35,5142.29,187.103,1772662199999,962074.05270,641,129.024,663450.73888,0
1772662200000,5142.34,5142.34,5140.33,5140.62,263.425,1772662499999,1354421.86948,814,135.883,698644.56564,0
1772662500000,5140.61,5142.58,5140.61,5142.21,42.000,1772662799999,215944.96928,282,31.725,163119.24518,0
1772662800000,5142.20,5143.90,5141.77,5143.62,155.935,1772663099999,801966.62225,565,128.095,658787.34178,0
1772663100000,5143.61,5143.62,5142.65,5143.24,103.777,1772663399999,533732.36635,276,88.290,454080.02602,0
1772663400000,5143.24,5143.24,5141.50,5142.28,96.366,1772663699999,495552.19690,486,47.479,244143.56109,0
1772663700000,5142.29,5147.27,5142.28,5146.98,382.096,1772663999999,1965815.51652,874,322.998,1661759.76245,0
1772664000000,5146.98,5147.30,5141.12,5143.85,277.519,1772664299999,1427617.74798,1263,118.906,611587.41168,0
1772664300000,5143.97,5146.00,5143.97,5146.00,78.506,1772664599999,403924.04230,510,65.475,336879.86876,0
1772664600000,5145.99,5147.00,5145.99,5146.86,85.264,1772664899999,438804.79901,422,61.729,317681.64397,0
1772664900000,5146.85,5149.00,5145.92,5148.22,235.892,1772665199999,1214185.52330,1103,139.625,718653.71776,0
1772665200000,5148.22,5153.96,5145.14,5151.30,1142.745,1772665499999,5884437.21197,4069,722.320,3719406.24950,0
1772665500000,5151.38,5153.85,5146.77,5151.25,618.728,1772665799999,3186683.96428,2996,328.782,1693337.45687,0
1772665800000,5151.26,5153.39,5144.24,5145.84,649.896,1772666099999,3345475.41822,1892,259.053,1333498.09182,0
1772666100000,5145.91,5155.00,5145.60,5153.00,375.479,1772666399999,1933801.13187,1692,231.365,1191646.98822,0
1772666400000,5153.00,5154.53,5150.83,5153.99,398.428,1772666699999,2052877.83745,1580,210.068,1082388.51706,0
1772666700000,5153.98,5155.94,5151.15,5153.59,434.330,1772666999999,2238444.38866,1680,270.993,1396648.65431,0
1772667000000,5153.59,5155.67,5151.51,5152.12,296.280,1772667299999,1526804.33106,1332,141.079,727028.24697,0
1772667300000,5152.12,5152.61,5147.74,5149.87,396.853,1772667599999,2043883.55908,1675,212.151,1092612.60080,0
1772667600000,5149.87,5154.42,5149.87,5154.06,125.310,1772667899999,645568.18592,936,68.593,353363.38011,0
1772667900000,5154.05,5161.27,5153.26,5156.80,1183.719,1772668199999,6105904.32385,3225,709.569,3660123.65537,0
1772668200000,5156.79,5160.00,5154.48,5158.55,381.483,1772668499999,1967645.37393,1599,250.399,1291509.64566,0
1772668500000,5158.55,5164.31,5158.55,5164.01,753.961,1772668799999,3891649.31148,2136,533.778,2755115.80593,0
1772668800000,5164.01,5166.00,5157.88,5163.85,712.967,1772669099999,3680176.18531,2915,357.863,1847304.36636,0
1772669100000,5163.84,5167.16,5162.70,5166.20,526.576,1772669399999,2719976.93059,1977,265.113,1369448.75788,0
1772669400000,5166.19,5170.83,5166.19,5169.52,483.029,1772669699999,2497031.02018,2019,232.376,1201219.40020,0
1772669700000,5169.51,5176.00,5169.33,5175.69,640.742,1772669999999,3314119.27763,1929,436.716,2258677.32357,0
1772670000000,5175.80,5177.80,5174.66,5175.04,401.979,1772670299999,2080682.96661,1714,197.545,1022485.32439,0
1772670300000,5175.04,5175.56,5169.78,5170.71,581.403,1772670599999,3007345.99635,1920,189.940,982421.71217,0
1772670600000,5170.70,5170.84,5167.32,5168.79,568.431,1772670899999,2938130.20680,1502,194.009,1002790.91812,0
1772670900000,5168.80,5169.29,5165.65,5167.67,393.707,1772671199999,2034523.72093,1372,151.435,782529.74249,0
1772671200000,5167.68,5173.93,5167.67,5169.10,395.973,1772671499999,2047632.48922,1565,227.704,1177488.98727,0
1772671500000,5169.10,5173.48,5163.66,5173.22,536.445,1772671799999,2772409.22149,2311,186.049,961609.93576,0
1772671800000,5173.47,5173.49,5166.81,5166.86,459.650,1772672099999,2376558.16195,1844,133.371,689523.98984,0
1772672100000,5166.86,5170.62,5165.01,5170.62,527.410,1772672399999,2725522.97611,2042,265.022,1369574.52155,0
1772672400000,5170.62,5174.89,5167.93,5171.55,1168.107,1772672699999,6042080.93337,4064,539.674,2791454.21742,0
1772672700000,5171.55,5179.35,5171.55,5178.73,839.917,1772672999999,4347648.15521,3167,411.975,2132565.78278,0
1772673000000,5178.72,5184.97,5172.78,5173.74,1072.025,1772673299999,5552397.01673,3492,576.408,2985728.61324,0
1772673300000,5173.75,5178.79,5172.57,5176.34,816.308,1772673599999,4225024.36231,2460,361.867,1872765.58684,0
1772673600000,5176.35,5176.35,5171.01,5171.40,638.117,1772673899999,3301202.48487,2513,244.275,1263668.21601,0
1772673900000,5171.27,5175.92,5170.45,5175.14,511.417,1772674199999,2645829.62217,2411,241.505,1249340.01432,0
1772674200000,5175.14,5176.08,5170.64,5172.88,547.396,1772674499999,2831447.84189,2976,251.354,1300078.26212,0
1772674500000,5172.87,5172.87,5168.39,5172.78,680.130,1772674799999,3516784.56031,2907,273.587,1414671.78759,0
1772674800000,5172.79,5174.98,5165.68,5169.72,678.902,1772675099999,3509955.97134,3267,301.259,1557384.21601,0
1772675100000,5169.71,5173.22,5167.82,5172.45,362.983,1772675399999,1876831.27971,2086,184.110,951873.63128,0
1772675400000,5172.46,5176.00,5171.20,5171.68,450.890,1772675699999,2332864.88038,2282,208.248,1077430.33002,0
1772675700000,5171.68,5172.18,5167.12,5170.35,482.785,1772675999999,2495755.47143,2571,211.385,1092745.74165,0
1772676000000,5170.35,5175.26,5169.84,5174.21,380.199,1772676299999,1966824.48252,2156,194.463,1005936.90055,0
1772676300000,5174.20,5177.90,5171.61,5172.83,467.605,1772676599999,2420158.49804,2218,218.500,1130808.76188,0
1772676600000,5172.91,5177.27,5170.69,5177.00,361.258,1772676899999,1869206.88909,1792,202.795,1049315.00331,0
1772676900000,5177.01,5181.34,5175.71,5180.25,1102.078,1772677199999,5707055.90811,1844,401.914,2081495.88837,0
1772677200000,5180.25,5186.71,5177.59,5180.40,600.352,1772677499999,3111384.43654,2531,343.984,1782815.67816,0
1772677500000,5180.49,5183.53,5179.20,5182.11,348.560,1772677799999,1805882.08751,1715,176.325,913521.78100,0
1772677800000,5182.10,5184.50,5179.74,5182.20,415.627,1772678099999,2153941.24179,2235,184.833,957845.37428,0
1772678100000,5182.15,5182.27,5174.38,5177.11,338.754,1772678399999,1754024.94417,2007,119.722,619910.74434,0
1772678400000,5177.11,5179.50,5172.20,5173.00,399.267,1772678699999,2066527.91387,1962,118.421,612945.67628,0
1772678700000,5173.08,5177.50,5172.18,5176.75,707.127,1772678999999,3658964.11052,2512,278.733,1442308.99067,0
1772679000000,5176.93,5186.58,5176.86,5184.29,967.036,1772679299999,5011136.20074,3277,518.916,2689090.93464,0
1772679300000,5184.30,5188.98,5183.40,5188.96,583.216,1772679599999,3024859.49923,2261,302.263,1567765.99324,0
1772679600000,5188.95,5190.33,5186.90,5189.24,723.884,1772679899999,3756250.87448,2142,369.044,1915082.92041,0
1772679900000,5189.36,5191.56,5184.06,5184.41,589.642,1772680199999,3058479.98806,2159,216.941,1125431.22302,0
1772680200000,5184.40,5184.66,5180.45,5182.11,512.853,1772680499999,2657840.82079,1865,230.934,1196730.49672,0
1772680500000,5182.12,5188.43,5181.72,5186.05,475.804,1772680799999,2467611.68923,1779,184.813,958348.21442,0
1772680800000,5186.04,5186.81,5183.51,5184.81,182.830,1772681099999,947973.42695,1191,62.326,323149.58622,0
1772681100000,5184.81,5184.92,5182.45,5182.84,211.300,1772681399999,1095334.86359,1316,96.603,500760.54248,0
1772681400000,5182.84,5185.17,5179.00,5184.01,305.498,1772681699999,1583218.70575,1631,116.114,601694.20412,0
1772681700000,5184.01,5187.39,5182.02,5184.83,277.029,1772681999999,1436337.63010,1614,103.426,536229.45188,0
1772682000000,5184.83,5187.98,5184.60,5186.43,311.655,1772682299999,1616318.04325,1193,185.031,959659.51899,0
1772682300000,5186.38,5188.50,5182.52,5182.53,156.913,1772682599999,813758.97950,967,58.559,303701.40486,0
1772682600000,5182.52,5184.75,5181.55,5181.70,216.786,1772682899999,1123563.04574,1244,94.577,490176.66230,0
1772682900000,5181.70,5182.71,5177.00,5178.67,348.153,1772683199999,1802931.06574,1585,140.973,729961.39089,0
1772683200000,5178.68,5181.04,5175.49,5179.61,434.923,1772683499999,2251857.99346,2017,236.831,1226178.60469,0
1772683500000,5179.75,5182.42,5179.61,5181.02,193.960,1772683799999,1004971.47479,1029,80.415,416645.73664,0
1772683800000,5181.03,5182.59,5179.11,5180.24,187.614,1772684099999,972042.07458,823,69.644,360841.99189,0
1772684100000,5180.20,5182.95,5178.00,5179.39,295.451,1772684399999,1530508.52453,1286,137.085,710085.80688,0
1772684400000,5179.39,5181.72,5178.56,5179.93,155.793,1772684699999,807055.61284,768,39.700,205670.07094,0
1772684700000,5179.94,5180.27,5173.74,5176.30,666.927,1772684999999,3452086.40847,1745,253.065,1309710.30348,0
1772685000000,5176.31,5177.49,5174.20,5174.52,274.221,1772685299999,1419363.92516,1218,86.307,446717.39130,0
1772685300000,5174.54,5176.00,5173.26,5173.28,327.325,1772685599999,1693738.13122,1014,94.687,489962.32072,0
1772685600000,5173.30,5173.77,5171.34,5172.00,242.412,1772685899999,1253846.39316,1037,78.513,406104.67872,0
1772685900000,5172.00,5172.93,5168.10,5169.19,919.166,1772686199999,4752443.57851,2103,316.553,1636615.21554,0
1772686200000,5169.19,5169.19,5165.15,5167.42,1076.465,1772686499999,5562933.66774,1873,534.058,2759810.85024,0
1772686500000,5167.41,5171.29,5165.30,5170.06,565.668,1772686799999,2923540.37307,1652,360.900,1865096.04124,0
1772686800000,5170.09,5172.77,5167.93,5171.90,358.639,1772687099999,1854394.85073,1446,174.385,901648.13119,0
1772687100000,5171.89,5174.43,5171.71,5173.38,301.657,1772687399999,1560474.43302,1404,174.297,901633.17726,0
1772687400000,5173.38,5174.39,5171.40,5173.27,181.068,1772687699999,936663.28320,916,70.022,362203.58188,0
1772687700000,5173.28,5174.52,5168.55,5168.85,291.827,1772687999999,1509261.59737,1394,103.126,533349.05203,0
1772688000000,5168.84,5170.68,5167.69,5170.68,179.578,1772688299999,928209.83934,1162,106.944,552785.02570,0
1772688300000,5170.68,5171.94,5170.00,5170.10,228.039,1772688599999,1179174.46954,1130,89.824,464467.43485,0
1772688600000,5170.10,5171.94,5163.00,5165.52,698.474,1772688899999,3609039.29210,2824,259.680,1341678.71533,0
1772688900000,5165.52,5168.73,5161.16,5163.40,776.480,1772689199999,4009629.80377,2767,355.781,1837159.19457,0
1772689200000,5163.40,5166.69,5163.00,5164.72,347.018,1772689499999,1792170.36482,1599,163.584,844789.42216,0
1772689500000,5164.73,5167.00,5161.32,5164.38,425.289,1772689799999,2196478.36766,1838,183.368,946946.32987,0
1772689800000,5164.37,5164.37,5154.71,5156.19,1218.690,1772690099999,6286617.90597,3372,491.681,2536115.78471,0
1772690100000,5156.20,5157.91,5145.86,5146.03,1325.818,1772690399999,6828979.40907,4112,477.976,2462196.87858,0
1772690400000,5146.04,5152.90,5143.45,5152.24,1930.539,1772690699999,9938618.18078,5287,930.379,4790118.86260,0
1772690700000,5152.21,5152.51,5131.71,5138.08,2634.239,1772690999999,13544426.89324,8016,1159.818,5962678.10755,0
1772691000000,5138.07,5138.07,5120.01,5130.40,4497.417,1772691299999,23070786.28759,11433,2362.261,12117720.60241,0
1772691300000,5130.40,5135.41,5123.30,5134.31,1773.403,1772691599999,9095741.86989,5770,946.418,4854261.13602,0
1772691600000,5134.35,5141.02,5132.02,5140.25,1247.933,1772691899999,6410356.02892,4751,734.301,3771819.36946,0
1772691900000,5140.25,5141.90,5137.99,5140.84,562.091,1772692199999,2888985.80373,2719,255.345,1312385.93009,0
1772692200000,5141.04,5145.81,5138.33,5145.00,788.902,1772692499999,4056021.39294,3521,412.777,2122198.27010,0
1772692500000,5145.00,5150.59,5140.39,5149.11,1143.310,1772692799999,5883930.22852,3326,548.719,2823767.99634,0
1772692800000,5149.11,5153.49,5144.62,5148.15,814.013,1772693099999,4191863.22092,2755,324.460,1670938.87810,0
1772693100000,5148.21,5156.54,5146.83,5156.53,954.125,1772693399999,4916449.81190,2799,499.587,2574224.83680,0
1772693400000,5156.46,5158.09,5153.62,5154.49,716.117,1772693699999,3692291.85362,2891,319.409,1646797.87216,0
1772693700000,5154.49,5165.84,5154.49,5164.56,919.002,1772693999999,4742958.08451,3550,590.188,3045970.33487,0
1772694000000,5164.64,5169.60,5161.52,5167.27,1150.241,1772694299999,5941873.44665,3975,468.326,2419418.48248,0
1772694300000,5167.27,5169.18,5159.17,5161.45,1052.794,1772694599999,5434568.05096,3153,276.114,1425474.53807,0
1772694600000,5161.45,5164.28,5158.34,5158.90,505.467,1772694899999,2609288.13064,2308,187.200,966356.00755,0
1772694900000,5158.90,5164.56,5156.12,5161.53,773.306,1772695199999,3990268.10952,2559,421.877,2177139.92433,0
1772695200000,5161.64,5163.51,5159.63,5162.50,329.491,1772695499999,1700691.77262,1741,119.907,618857.07576,0
1772695500000,5162.49,5164.38,5160.23,5164.08,497.318,1772695799999,2567139.36282,1832,224.098,1156773.74505,0
1772695800000,5164.09,5164.56,5159.03,5159.55,296.874,1772696099999,1532585.88013,1548,131.845,680616.66597,0
1772696100000,5159.56,5162.24,5158.00,5159.86,651.486,1772696399999,3361596.14791,1640,367.585,1896709.45562,0
1772696400000,5159.86,5163.71,5158.90,5158.90,315.103,1772696699999,1626237.11772,1640,146.609,756627.03490,0
1772696700000,5158.85,5164.25,5157.61,5161.53,428.467,1772696999999,2211608.33463,2142,242.956,1253965.15970,0
1772697000000,5161.53,5161.76,5156.32,5156.60,960.253,1772697299999,4954604.25175,2132,677.808,3497454.03068,0
1772697300000,5156.67,5159.63,5155.34,5158.81,530.623,1772697599999,2736959.98207,1929,217.870,1123718.96301,0
1772697600000,5158.80,5159.35,5151.43,5153.03,797.044,1772697899999,4108895.34282,2883,340.787,1756847.63127,0
1772697900000,5153.03,5154.11,5144.52,5145.64,1252.021,1772698199999,6447058.55876,3774,588.988,3032827.55395,0
1772698200000,5145.64,5147.18,5140.21,5140.22,1117.926,1772698499999,5749576.78769,3019,653.007,3358535.22724,0
1772698500000,5140.22,5142.10,5136.18,5137.39,1440.609,1772698799999,7403934.69848,3583,655.565,3369355.93448,0
1772698800000,5137.38,5146.17,5135.00,5143.38,1088.619,1772699099999,5595685.17055,3115,788.731,4054381.46618,0
1772699100000,5143.38,5144.77,5140.64,5142.37,599.879,1772699399999,3084806.78220,2764,362.825,1865720.78625,0
1772699400000,5142.37,5151.12,5141.61,5148.33,553.494,1772699699999,2849534.22825,2680,307.999,1585577.88548,0
1772699700000,5148.32,5158.76,5148.32,5156.96,1259.926,1772699999999,6495612.53171,3389,744.263,3836660.13772,0
1772700000000,5156.96,5159.82,5155.41,5158.01,731.158,1772700299999,3771202.54309,2262,324.375,1673119.29264,0
1772700300000,5158.02,5165.26,5158.02,5164.79,1520.910,1772700599999,7852879.21637,2891,902.178,4657901.02545,0
1772700600000,5164.79,5165.32,5160.94,5164.78,943.941,1772700899999,4874086.97140,2155,504.305,2604075.22852,0
1772700900000,5164.81,5167.50,5161.00,5163.29,680.915,1772701199999,3516823.27203,2188,286.943,1481866.66321,0
1772701200000,5163.28,5164.99,5159.34,5162.00,861.395,1772701499999,4446499.62857,2489,390.382,2015239.99352,0
1772701500000,5162.01,5178.80,5161.01,5175.07,3158.139,1772701799999,16334281.06656,6179,2174.852,11249410.48905,0
1772701800000,5175.07,5178.40,5171.40,5176.97,1432.688,1772702099999,7413570.44214,3568,724.538,3749041.65778,0
1772702100000,5176.98,5178.39,5169.46,5172.25,911.192,1772702399999,4713921.67055,2717,298.329,1543286.10709,0
1772702400000,5172.24,5174.62,5169.04,5169.67,941.357,1772702699999,4867858.33429,3084,401.617,2076822.83861,0
1772702700000,5169.68,5170.36,5165.02,5166.66,805.574,1772702999999,4162867.04346,2804,367.217,1897590.37460,0
1772703000000,5166.65,5166.65,5160.21,5162.47,1080.125,1772703299999,5576420.87917,2375,651.820,3365160.70382,0
1772703300000,5162.46,5164.61,5151.00,5153.58,1349.914,1772703599999,6964627.71864,3304,604.054,3116947.35469,0
1772703600000,5153.58,5163.03,5150.91,5160.16,905.416,1772703899999,4671182.22549,3184,496.128,2559519.37962,0
1772703900000,5160.16,5163.08,5156.00,5161.33,861.069,1772704199999,4441207.56990,2375,574.787,2964505.02490,0
1772704200000,5161.33,5161.68,5158.79,5159.52,291.101,1772704499999,1502066.76736,1646,142.594,735777.56129,0
1772704500000,5159.51,5164.70,5158.31,5158.36,660.542,1772704799999,3408462.70119,1974,367.063,1894303.45203,0
1772704800000,5158.36,5158.36,5147.08,5147.89,1248.975,1772705099999,6435872.34720,3542,600.361,3093697.33296,0
1772705100000,5147.89,5150.64,5144.70,5149.67,1326.544,1772705399999,6828609.03373,3777,718.660,3699558.36340,0
1772705400000,5149.66,5152.78,5148.48,5151.27,610.892,1772705699999,3146603.40312,1847,413.633,2130567.89514,0
1772705700000,5151.27,5153.00,5151.27,5151.58,419.628,1772705999999,2162097.94546,1699,282.088,1453447.27547,0
1772706000000,5151.53,5153.24,5150.34,5152.74,500.977,1772706299999,2581060.92790,1745,263.665,1358360.39774,0
1772706300000,5152.62,5156.00,5151.16,5153.88,480.846,1772706599999,2478274.67740,2071,266.588,1373985.76356,0
1772706600000,5153.85,5156.62,5150.60,5151.33,659.130,1772706899999,3396810.30046,2526,315.447,1625743.98403,0
1772706900000,5151.33,5155.37,5145.59,5153.38,1063.549,1772707199999,5475939.59964,2790,470.145,2420789.24417,0
1772707200000,5153.37,5154.96,5152.00,5153.87,215.023,1772707499999,1108148.83552,1402,129.645,668137.12801,0
1772707500000,5153.87,5158.91,5153.64,5156.76,333.338,1772707799999,1718859.24940,1575,181.749,937192.46657,0
1772707800000,5156.76,5163.41,5156.76,5162.95,989.867,1772708099999,5108768.88166,2935,578.932,2987746.95439,0
1772708100000,5162.95,5164.78,5161.56,5161.56,672.615,1772708399999,3472862.66848,2372,284.399,1468407.30869,0
1772708400000,5161.57,5164.54,5161.03,5161.86,455.143,1772708699999,2349731.79160,1763,178.937,923763.86406,0
1772708700000,5161.80,5163.86,5158.51,5159.99,421.922,1772708999999,2177326.77852,1769,154.833,799018.80401,0
1772709000000,5159.99,5161.63,5159.32,5161.29,243.195,1772709299999,1254987.28262,1252,93.011,479966.43313,0
1772709300000,5161.30,5163.73,5160.15,5161.18,248.464,1772709599999,1282632.72086,1574,110.465,570231.75161,0
1772709600000,5161.18,5163.00,5159.13,5161.31,276.570,1772709899999,1427494.89147,1259,95.307,491901.13363,0
1772709900000,5161.32,5162.00,5157.71,5159.44,379.601,1772710199999,1958804.72907,1506,49.200,253866.66130,0
1772710200000,5159.44,5161.22,5157.10,5158.62,589.583,1772710499999,3041787.18648,1441,227.433,1173555.49852,0
1772710500000,5158.62,5159.28,5155.02,5155.16,565.171,1772710799999,2914504.90290,1733,148.444,765536.88918,0
1772710800000,5155.17,5158.47,5154.56,5158.00,523.336,1772711099999,2698533.75415,1447,313.238,1615285.83149,0
1772711100000,5157.92,5159.84,5157.26,5159.33,427.173,1772711399999,2203416.99106,1022,294.476,1518917.01601,0
1772711400000,5159.33,5161.99,5158.92,5160.00,598.864,1772711699999,3090538.93924,1326,317.609,1639107.47992,0
1772711700000,5160.00,5161.80,5158.93,5161.19,599.352,1772711999999,3092543.38685,1462,269.275,1389367.51388,0
1772712000000,5161.20,5163.89,5160.17,5163.76,555.074,1772712299999,2865292.39621,1348,290.105,1497525.37089,0
1772712300000,5163.76,5168.42,5163.54,5166.59,570.815,1772712599999,2949021.27198,2083,306.848,1585282.23223,0
1772712600000,5166.49,5169.22,5165.12,5166.60,339.005,1772712899999,1751744.33550,1714,143.540,741714.09226,0
1772712900000,5166.61,5167.38,5161.80,5167.38,370.880,1772713199999,1915374.89159,1642,169.842,877195.75787,0
1772713200000,5167.38,5167.61,5161.31,5162.03,432.030,1772713499999,2230794.49430,1842,207.161,1069679.26193,0
1772713500000,5162.10,5164.82,5159.77,5159.78,511.060,1772713799999,2638508.62124,1340,202.518,1045305.72343,0
1772713800000,5159.77,5163.18,5158.93,5163.18,243.390,1772714099999,1256132.66125,1272,137.117,707628.89116,0
1772714100000,5163.19,5164.50,5161.44,5163.00,241.345,1772714399999,1246058.23760,1237,88.324,455996.87846,0
1772714400000,5162.98,5163.47,5160.23,5160.24,361.776,1772714699999,1867401.38838,1178,101.428,523590.96290,0
1772714700000,5160.23,5162.54,5159.18,5160.10,449.326,1772714999999,2318766.52457,1435,229.500,1184358.54682,0
1772715000000,5160.10,5162.77,5159.72,5161.79,340.838,1772715299999,1759184.47898,1381,223.591,1154007.69936,0
1772715300000,5161.80,5162.29,5158.58,5159.64,344.361,1772715599999,1777246.47735,1460,167.397,863953.01936,0
1772715600000,5159.70,5160.90,5148.94,5151.26,1499.033,1772715899999,7724432.59606,4926,686.394,3536816.92822,0
1772715900000,5151.26,5156.97,5146.45,5146.79,985.887,1772716199999,5078960.77842,3507,392.505,2022092.95478,0
1772716200000,5146.80,5153.32,5145.00,5152.86,1135.281,1772716499999,5845107.42092,3316,549.874,2831426.39603,0
1772716500000,5152.94,5156.15,5124.50,5129.85,7701.285,1772716799999,39563136.39680,15665,3860.289,19831762.38786,0
1772716800000,5129.90,5131.27,5083.14,5103.25,11713.136,1772717099999,59767418.29434,28712,5984.615,30532942.77349,0
1772717100000,5103.51,5123.90,5098.48,5118.99,4127.100,1772717399999,21099240.49540,11136,1974.273,10092272.92952,0
1772717400000,5118.99,5127.48,5111.10,5126.10,2857.482,1772717699999,14628097.08698,8262,1552.081,7945269.24044,0
1772717700000,5125.91,5131.46,5122.80,5125.76,1894.308,1772717999999,9712564.14185,5920,885.265,4539119.18412,0
1772718000000,5125.76,5134.36,5122.93,5128.24,1519.648,1772718299999,7793619.62940,5522,770.076,3949636.38979,0
1772718300000,5128.12,5129.32,5112.63,5117.01,1960.008,1772718599999,10034462.34173,5567,830.153,4249719.57520,0
1772718600000,5117.01,5125.43,5116.73,5119.61,964.802,1772718899999,4941585.01686,3996,528.347,2706072.70940,0
1772718900000,5119.60,5119.64,5108.00,5116.10,1519.489,1772719199999,7769767.67403,5538,847.357,4332804.60522,0
1772719200000,5116.09,5126.75,5108.63,5125.60,2493.082,1772719499999,12755011.76545,6534,1363.623,6976596.13575,0
1772719500000,5125.74,5126.39,5117.08,5118.60,1162.703,1772719799999,5955325.67314,3377,482.414,2470378.62496,0
1772719800000,5118.68,5121.99,5110.81,5111.81,1447.599,1772720099999,7405087.84485,4091,721.663,3691482.36495,0
1772720100000,5111.80,5114.93,5100.49,5106.89,2395.877,1772720399999,12236875.79494,6562,1295.941,6618922.22548,0
1772720400000,5106.89,5111.55,5101.79,5109.52,1939.423,1772720699999,9905128.98856,5866,1006.062,5138020.19386,0
1772720700000,5109.53,5117.70,5108.30,5116.78,1194.425,1772720999999,6106995.06098,4382,569.031,2909440.19157,0
1772721000000,5116.77,5120.43,5102.75,5119.65,2433.153,1772721299999,12435537.02934,8160,1239.571,6334634.10110,0
1772721300000,5119.59,5121.14,5088.49,5096.68,3281.273,1772721599999,16752631.12785,9017,1546.536,7895309.99505,0
1772721600000,5096.69,5106.32,5089.61,5095.66,3340.548,1772721899999,17028534.69617,9703,1921.580,9795903.16635,0
1772721900000,5095.67,5105.25,5090.31,5096.04,2166.753,1772722199999,11045472.73696,8236,1161.144,5918421.95184,0
1772722200000,5096.21,5104.72,5093.43,5100.39,1962.819,1772722499999,10008121.04167,7006,983.327,5013613.67387,0
1772722500000,5100.45,5108.31,5096.19,5100.43,2499.711,1772722799999,12752725.09929,7732,1204.394,6144095.00831,0
1772722800000,5100.43,5117.26,5095.26,5095.71,2791.129,1772723099999,14255152.90939,8459,1388.823,7091556.35580,0
1772723100000,5095.77,5103.00,5059.20,5069.33,8620.008,1772723399999,43752999.79130,19181,4230.904,21472977.70102,0
1772723400000,5069.33,5087.25,5063.21,5082.77,3324.571,1772723699999,16868978.32221,10831,2056.765,10436391.36407,0
1772723700000,5082.76,5091.85,5079.31,5085.22,1791.956,1772723999999,9113352.21714,7648,834.178,4242595.55420,0
1772724000000,5085.22,5087.38,5076.56,5077.05,1941.261,1772724299999,9863229.15603,6001,667.833,3393693.17034,0
1772724300000,5077.01,5085.75,5070.89,5085.40,1919.495,1772724599999,9743956.80056,5821,1207.666,6131202.44382,0
1772724600000,5085.36,5090.85,5081.25,5090.85,1361.263,1772724899999,6923875.33796,5302,744.107,3784771.08734,0
1772724900000,5090.85,5091.66,5078.55,5081.65,1229.062,1772725199999,6250105.13551,5336,575.109,2924748.47891,0
1772725200000,5081.89,5086.75,5076.16,5078.40,1339.510,1772725499999,6807341.82876,5010,749.102,3806860.68482,0
1772725500000,5078.41,5089.69,5077.89,5087.06,1177.133,1772725799999,5985657.99910,4018,674.402,3429344.80649,0
1772725800000,5087.05,5096.95,5086.08,5096.79,975.177,1772726099999,4965636.62269,4115,605.309,3082204.60507,0
1772726100000,5096.79,5101.97,5091.62,5101.14,1071.274,1772726399999,5460551.58757,4108,658.969,3358987.27918,0
1772726400000,5101.15,5102.94,5093.10,5093.20,1287.313,1772726699999,6564320.05429,4335,554.305,2826450.90493,0
1772726700000,5093.05,5093.77,5076.05,5076.55,2196.243,1772726999999,11161373.07406,5154,1133.530,5760414.29428,0
1772727000000,5076.55,5082.00,5073.46,5081.25,1867.210,1772727299999,9480729.54088,4619,1244.920,6321297.49671,0
1772727300000,5081.24,5083.00,5071.73,5077.10,1478.865,1772727599999,7508653.12572,4797,788.721,4005170.02362,0
1772727600000,5077.06,5078.79,5063.10,5063.86,2152.720,1772727899999,10911803.77458,6224,1047.091,5307681.21800,0
1772727900000,5063.90,5073.00,5060.12,5063.36,2017.835,1772728199999,10221043.76519,5804,1128.986,5718920.27089,0
1772728200000,5063.36,5067.67,5052.08,5062.91,2801.404,1772728499999,14178423.60549,7954,1332.197,6743355.67069,0
1772728500000,5062.90,5069.00,5057.77,5066.23,1377.659,1772728799999,6976440.61840,5312,864.893,4379765.31786,0
1772728800000,5066.23,5071.43,5061.97,5069.66,1107.532,1772729099999,5610766.46555,4303,633.717,3210323.85562,0
1772729100000,5069.65,5078.19,5069.65,5078.12,731.577,1772729399999,3712188.98571,3807,424.436,2153676.80669,0
1772729400000,5078.11,5079.80,5069.35,5077.10,916.108,1772729699999,4649374.38961,3844,483.361,2453332.85879,0
1772729700000,5077.09,5078.87,5073.01,5075.87,442.054,1772729999999,2243807.64115,2841,256.184,1300345.59492,0
1772730000000,5075.88,5084.49,5072.60,5084.48,720.883,1772730299999,3661612.48799,3440,433.270,2200846.26152,0
1772730300000,5084.48,5086.02,5081.10,5085.22,613.406,1772730599999,3118378.33690,3112,305.251,1551821.04806,0
1772730600000,5085.06,5087.57,5082.05,5085.60,706.445,1772730899999,3591983.31631,2834,310.684,1579655.17916,0
1772730900000,5085.61,5087.75,5081.03,5082.62,649.685,1772731199999,3302702.39648,3005,270.580,1375482.56693,0
1772731200000,5082.62,5084.23,5078.07,5081.98,918.946,1772731499999,4669267.75959,3380,291.150,1479276.00769,0
1772731500000,5081.98,5083.88,5073.60,5073.60,572.104,1772731799999,2905424.53117,2947,214.036,1086987.71309,0
1772731800000,5073.61,5075.25,5065.52,5067.02,1142.474,1772732099999,5791999.02811,3941,457.973,2321598.01391,0
1772732100000,5067.12,5067.66,5054.85,5066.31,1935.677,1772732399999,9797267.79307,6107,958.716,4852471.35629,0
1772732400000,5066.32,5068.91,5058.12,5062.55,1089.977,1772732699999,5518780.81923,4538,539.835,2733263.57605,0
1772732700000,5062.79,5068.19,5059.65,5065.65,805.374,1772732999999,4078495.56297,3738,448.348,2270331.69148,0
1772733000000,5065.74,5067.26,5058.08,5058.67,879.233,1772733299999,4451135.74639,4002,425.918,2156218.19569,0
1772733300000,5058.51,5064.49,5055.55,5062.20,856.237,1772733599999,4331856.88205,3640,445.103,2251946.61487,0
1772733600000,5062.24,5064.00,5050.29,5064.00,1795.504,1772733899999,9079832.84631,6384,781.527,3952739.66574,0
1772733900000,5064.02,5071.23,5063.31,5069.16,1123.035,1772734199999,5691275.63833,4115,683.957,3466190.39957,0
1772734200000,5069.03,5073.58,5068.80,5071.38,641.817,1772734499999,3254748.78198,2880,352.333,1786801.56724,0
1772734500000,5071.32,5075.00,5069.82,5070.12,686.049,1772734799999,3479848.57742,3018,409.943,2079446.79814,0
1772734800000,5070.11,5074.18,5064.13,5065.98,609.011,1772735099999,3086990.69759,3721,253.244,1283706.08753,0
1772735100000,5065.98,5072.10,5060.06,5071.02,747.571,1772735399999,3787014.68225,3982,481.419,2439083.85399,0
1772735400000,5070.96,5077.95,5070.59,5073.71,868.302,1772735699999,4406703.84923,3459,569.423,2889921.74380,0
1772735700000,5073.84,5080.33,5070.86,5079.79,576.639,1772735999999,2926633.10492,3066,236.780,1201819.07550,0
1772736000000,5079.79,5085.62,5079.46,5084.20,1438.296,1772736299999,7312347.71864,3026,659.374,3351892.46709,0
1772736300000,5084.20,5084.58,5077.91,5079.51,433.018,1772736599999,2199922.63295,1843,261.147,1326722.86768,0
1772736600000,5079.46,5079.46,5068.22,5072.76,582.937,1772736899999,2956851.00404,2411,327.849,1662905.06550,0
1772736900000,5072.79,5074.24,5068.78,5069.85,387.280,1772737199999,1963603.35012,1854,269.681,1367309.67595,0
1772737200000,5069.85,5079.00,5068.80,5078.00,697.574,1772737499999,3540359.03738,2728,449.162,2279621.78208,0
1772737500000,5078.00,5081.09,5076.09,5077.19,239.161,1772737799999,1214566.52485,1721,127.735,648690.46576,0
1772737800000,5077.19,5077.73,5074.07,5074.22,334.984,1772738099999,1700281.16758,1780,163.287,828744.50967,0
1772738100000,5074.22,5074.22,5063.30,5070.09,872.158,1772738399999,4420030.82790,3180,376.630,1908551.21587,0
1772738400000,5070.09,5072.47,5065.00,5070.18,429.909,1772738699999,2178781.14748,2431,218.790,1108806.13945,0
1772738700000,5070.18,5071.08,5064.50,5067.86,297.777,1772738999999,1508822.02735,2116,186.017,942495.43622,0
1772739000000,5067.85,5067.85,5058.44,5061.94,446.076,1772739299999,2258054.68180,2981,156.295,791140.72231,0
1772739300000,5061.94,5064.44,5057.50,5061.70,772.661,1772739599999,3910407.27468,3072,422.901,2140135.84879,0
1772739600000,5061.54,5071.17,5061.07,5068.15,1311.771,1772739899999,6648288.14147,3645,1116.355,5658018.82882,0
1772739900000,5068.15,5071.43,5065.52,5069.30,441.910,1772740199999,2239908.18226,2088,230.890,1170316.56285,0
1772740200000,5069.30,5071.99,5065.90,5067.47,276.844,1772740499999,1403163.05258,2186,143.792,728789.66803,0
1772740500000,5067.48,5068.41,5059.42,5066.66,739.046,1772740799999,3742068.36122,2563,253.301,1282956.84841,0
1772740800000,5066.66,5070.50,5065.35,5068.67,409.754,1772741099999,2076531.13789,2573,239.660,1214526.59694,0
1772741100000,5068.65,5070.86,5062.87,5068.09,295.189,1772741399999,1495871.12135,2539,162.024,821065.39713,0
1772741400000,5068.10,5081.77,5068.04,5080.00,856.722,1772741699999,4349236.55071,4140,555.666,2820754.27796,0
1772741700000,5080.01,5095.40,5080.00,5091.45,1662.262,1772741999999,8460433.14663,5647,768.623,3911760.46671,0
1772742000000,5091.45,5092.76,5079.32,5081.52,828.606,1772742299999,4213947.53129,3633,252.812,1285526.02447,0
1772742300000,5081.38,5086.69,5077.70,5081.71,481.337,1772742599999,2446604.75608,2706,240.120,1220383.10722,0
1772742600000,5081.71,5083.30,5077.44,5077.57,334.971,1772742899999,1701674.48908,2521,173.468,881225.78174,0
1772742900000,5077.56,5082.08,5075.45,5079.44,325.117,1772743199999,1651270.22481,2206,144.851,735638.30727,0
1772743200000,5079.22,5082.05,5076.47,5081.01,337.228,1772743499999,1712685.34121,2226,164.004,832932.51970,0
1772743500000,5080.99,5081.95,5074.48,5080.50,423.115,1772743799999,2148717.70342,2280,251.372,1276644.10089,0
1772743800000,5080.51,5082.25,5075.34,5077.64,325.610,1772744099999,1653284.73167,2246,151.414,768790.53242,0
1772744100000,5077.65,5082.00,5076.81,5078.14,296.747,1772744399999,1507265.88699,2155,166.986,848146.19035,0
1772744400000,5078.14,5081.91,5077.49,5080.95,310.768,1772744699999,1578874.30090,1221,176.805,898255.15450,0
1772744700000,5080.96,5085.26,5079.05,5079.76,250.789,1772744999999,1274606.39465,1713,151.226,768593.99192,0
1772745000000,5079.76,5079.76,5073.41,5076.95,424.303,1772745299999,2153794.76191,2084,193.579,982578.56053,0
1772745300000,5077.00,5080.75,5076.61,5078.16,152.157,1772745599999,772795.34385,885,99.930,507555.52283,0
1772745600000,5078.16,5080.65,5078.16,5080.65,110.436,1772745899999,560953.54524,708,69.844,354765.49818,0
1772745900000,5080.65,5081.45,5078.36,5081.17,273.179,1772746199999,1387747.17025,1048,153.060,777581.22566,0
1772746200000,5081.17,5082.66,5078.96,5082.59,198.971,1772746499999,1011066.65963,1274,111.150,564793.72826,0
1772746500000,5082.35,5082.36,5073.10,5077.20,275.613,1772746799999,1399235.41036,1523,133.550,677947.60080,0
1772746800000,5077.20,5077.20,5073.42,5075.44,239.179,1772747099999,1213901.54962,901,163.561,830093.25636,0
1772747100000,5075.43,5077.99,5074.03,5077.50,124.145,1772747399999,630171.13809,1015,72.101,365988.88451,0
1772747400000,5077.50,5084.25,5077.50,5084.25,271.917,1772747699999,1381473.10799,1268,117.885,598904.56744,0
1772747700000,5084.24,5084.96,5080.55,5083.65,313.909,1772747999999,1595593.96733,1382,147.332,748876.92369,0
1772748000000,5083.64,5085.00,5083.44,5083.45,110.734,1772748299999,563012.69724,508,54.951,279387.74682,0
1772748300000,5083.44,5084.60,5083.44,5083.77,81.837,1772748599999,416054.98758,409,59.346,301713.02153,0
1772748600000,5083.76,5084.25,5081.37,5083.33,163.516,1772748899999,831055.80738,660,55.953,284384.81667,0
1772748900000,5083.32,5085.15,5082.35,5084.25,169.272,1772749199999,860496.21307,806,85.769,436012.48067,0
1772749200000,5084.25,5086.37,5084.24,5086.35,321.692,1772749499999,1635967.36805,601,289.645,1472976.46789,0
1772749500000,5086.35,5086.35,5086.09,5086.10,43.376,1772749799999,220616.33377,233,29.152,148270.86195,0
1772749800000,5086.09,5086.80,5085.57,5086.58,115.689,1772750099999,588434.32783,567,68.703,349458.28865,0
1772750100000,5086.58,5088.00,5086.01,5087.09,231.422,1772750399999,1177188.30789,631,194.454,989140.59307,0
1772750400000,5087.09,5087.99,5084.13,5084.56,159.814,1772750699999,812894.91710,708,39.154,199178.05025,0
1772750700000,5084.55,5085.84,5084.55,5085.26,41.514,1772750999999,211102.15469,337,23.189,117919.71122,0
1772751000000,5085.45,5086.43,5085.01,5086.43,48.013,1772751299999,244171.74566,493,30.403,154619.51774,0
1772751300000,5086.43,5087.50,5086.21,5087.28,120.611,1772751599999,613553.16765,548,81.123,412681.70883,0
1772751600000,5087.29,5102.00,5083.00,5090.16,3482.817,1772751899999,17725995.70837,9556,1871.154,9523678.59649,0
1772751900000,5090.17,5092.89,5084.05,5087.56,1005.059,1772752199999,5113178.46817,2954,475.704,2420354.98403,0
1772752200000,5087.56,5089.06,5083.07,5087.29,612.442,1772752499999,3114952.36953,1995,404.232,2055957.72183,0
1772752500000,5087.29,5097.10,5084.12,5096.00,964.429,1772752799999,4910575.11104,3611,488.516,2487270.59325,0
1772752800000,5096.01,5096.94,5091.76,5092.23,393.018,1772753099999,2002295.33605,2362,142.769,727335.56487,0
1772753100000,5092.30,5096.13,5090.10,5092.22,326.395,1772753399999,1662038.14627,2423,171.929,875497.30096,0
1772753400000,5092.22,5093.31,5088.11,5088.32,377.746,1772753699999,1922948.84490,1848,194.164,988410.59720,0
1772753700000,5088.31,5095.29,5088.13,5095.19,390.468,1772753999999,1988218.84933,1889,195.047,993193.17209,0
1772754000000,5095.19,5100.44,5094.46,5099.69,524.905,1772754299999,2675809.36052,2559,316.631,1614013.55992,0
1772754300000,5099.68,5099.69,5095.21,5097.95,258.296,1772754599999,1316711.15004,1675,136.447,695549.84518,0
1772754600000,5097.87,5098.43,5085.30,5088.90,723.489,1772754899999,3682874.31751,3199,263.919,1343409.14227,0
1772754900000,5089.03,5091.00,5085.35,5086.60,450.437,1772755199999,2292042.97998,2411,263.069,1338585.07194,0
1772755200000,5086.60,5086.91,5075.59,5085.22,2227.442,1772755499999,11318085.22440,6625,1110.957,5644935.55842,0
1772755500000,5085.48,5091.02,5084.18,5090.42,629.423,1772755799999,3202762.46227,2826,298.328,1518013.54725,0
1772755800000,5090.54,5091.40,5085.19,5087.86,1023.320,1772756099999,5207160.48611,2481,413.975,2106503.15555,0
1772756100000,5087.86,5091.91,5081.45,5091.91,626.532,1772756399999,3186160.74366,2748,350.132,1780403.53480,0
1772756400000,5091.93,5093.35,5089.19,5089.32,348.680,1772756699999,1775255.72952,1868,182.943,931438.96342,0
1772756700000,5089.29,5093.29,5088.45,5092.01,295.488,1772756999999,1504266.86047,1407,160.866,818903.91524,0
1772757000000,5092.01,5093.28,5088.54,5088.93,270.661,1772757299999,1377962.92420,1525,95.187,484608.07214,0
1772757300000,5088.93,5088.94,5083.88,5084.35,297.223,1772757599999,1511836.27056,1642,151.100,768589.63384,0
1772757600000,5084.35,5084.79,5077.31,5084.26,910.674,1772757899999,4626883.87737,3285,405.587,2060710.62923,0
1772757900000,5084.23,5088.65,5080.44,5081.40,538.331,1772758199999,2737527.73325,2671,246.616,1254070.55361,0
1772758200000,5081.45,5090.73,5078.68,5090.32,913.428,1772758499999,4643397.60419,3355,494.933,2516076.35213,0
1772758500000,5090.17,5090.49,5083.51,5085.47,480.290,1772758799999,2442786.51695,1928,226.534,1152099.46991,0
1772758800000,5085.40,5085.56,5067.91,5076.00,2507.709,1772759099999,12727979.46659,8758,1158.505,5879737.34901,0
1772759100000,5075.99,5082.45,5075.11,5080.22,827.128,1772759399999,4201427.53140,2906,361.669,1836970.48190,0
1772759400000,5080.21,5086.09,5075.31,5077.81,1188.411,1772759699999,6037585.04061,4174,554.894,2818842.04663,0
1772759700000,5077.88,5085.74,5076.10,5085.13,715.960,1772759999999,3637803.46772,3298,484.980,2464286.24662,0
1772760000000,5085.13,5088.78,5080.55,5080.68,999.063,1772760299999,5080532.71607,3240,490.390,2493972.77974,0
1772760300000,5080.82,5087.88,5080.05,5085.70,576.969,1772760599999,2933748.71518,2309,221.047,1123808.48558,0
1772760600000,5085.70,5098.31,5085.48,5098.25,936.982,1772760899999,4771372.06935,3813,509.736,2595954.49441,0
1772760900000,5098.06,5107.79,5096.91,5106.59,1432.179,1772761199999,7307603.70569,4677,681.713,3478314.55521,0
1772761200000,5106.59,5118.04,5106.45,5116.24,1891.395,1772761499999,9670439.56156,5816,862.945,4412165.79458,0
1772761500000,5116.23,5119.00,5115.78,5118.21,1779.863,1772761799999,9108337.46136,4396,571.509,2924649.64530,0
1772761800000,5118.30,5137.49,5118.29,5136.55,3348.241,1772762099999,17175443.62532,8087,1493.344,7658175.41139,0
1772762100000,5136.55,5141.50,5130.95,5131.50,2104.236,1772762399999,10807667.61735,5988,786.967,4042259.74855,0
1772762400000,5131.46,5135.52,5126.60,5127.90,1894.436,1772762699999,9720032.19236,5397,675.075,3463873.34230,0
1772762700000,5127.90,5130.36,5123.00,5126.94,1067.833,1772762999999,5473407.86177,4017,449.236,2302789.26356,0
1772763000000,5126.93,5132.64,5123.00,5127.85,728.117,1772763299999,3733747.44005,3164,382.222,1960044.13566,0
1772763300000,5127.78,5131.45,5125.26,5126.71,458.849,1772763599999,2353000.38100,2067,220.519,1130779.31521,0
1772763600000,5126.71,5129.75,5125.00,5126.51,339.470,1772763899999,1740425.35840,1774,173.848,891282.09267,0
1772763900000,5126.51,5129.16,5124.92,5125.76,500.943,1772764199999,2568333.46719,1892,204.968,1050774.61517,0
1772764200000,5125.77,5128.64,5123.02,5123.80,637.597,1772764499999,3267459.99828,3002,258.880,1326676.30198,0
1772764500000,5123.80,5127.17,5122.42,5124.87,430.735,1772764799999,2207406.94651,2268,209.956,1075938.60346,0
1772764800000,5124.87,5125.35,5118.71,5121.54,595.546,1772765099999,3049890.97254,2438,201.239,1030614.86497,0
1772765100000,5121.50,5125.62,5120.33,5121.45,366.648,1772765399999,1878191.12547,1983,161.723,828408.01347,0
1772765400000,5121.46,5125.77,5120.19,5122.20,315.849,1772765699999,1618326.24983,1800,175.962,901559.42274,0
1772765700000,5122.15,5125.44,5121.41,5124.29,255.732,1772765999999,1310221.61660,1359,148.675,761722.46581,0
1772766000000,5124.25,5128.00,5122.18,5127.27,677.563,1772766299999,3472797.36286,2519,356.678,1828128.58121,0
1772766300000,5127.27,5131.51,5124.83,5128.97,534.506,1772766599999,2741522.72264,2007,334.159,1713970.21093,0
1772766600000,5128.97,5132.75,5127.48,5130.46,517.990,1772766899999,2657622.94410,2343,259.426,1331002.27010,0
1772766900000,5130.45,5135.66,5128.56,5135.66,900.152,1772767199999,4619386.99393,2587,457.143,2345887.63023,0
1772767200000,5135.67,5138.89,5132.56,5138.26,661.460,1772767499999,3397083.30338,2424,288.473,1481543.74489,0
1772767500000,5138.25,5138.83,5132.71,5133.96,569.122,1772767799999,2922622.96949,2011,214.982,1103872.85165,0
1772767800000,5133.96,5135.35,5129.81,5130.34,425.719,1772768099999,2185111.77932,1992,135.243,694210.85007,0
1772768100000,5130.34,5133.49,5126.85,5127.47,453.847,1772768399999,2328279.02796,1980,155.235,796465.60291,0
1772768400000,5127.46,5129.61,5126.12,5129.60,390.001,1772768699999,1999801.50088,1311,211.337,1083721.38394,0
1772768700000,5129.60,5131.22,5125.37,5130.54,1054.430,1772768999999,5407992.40582,2019,362.289,1858281.53448,0
1772769000000,5130.55,5130.70,5128.01,5128.21,317.266,1772769299999,1627353.97625,1007,106.419,545839.62999,0
1772769300000,5128.21,5128.92,5127.15,5128.34,254.694,1772769599999,1306145.43850,973,87.690,449694.77652,0
1772769600000,5128.35,5132.08,5127.85,5131.81,184.106,1772769899999,944504.35977,1044,102.694,526829.23074,0
1772769900000,5131.80,5133.00,5128.20,5131.35,486.734,1772770199999,2497310.59025,1763,190.372,976802.05272,0
1772770200000,5131.35,5133.93,5130.65,5132.85,404.925,1772770499999,2078125.56243,1338,284.625,1460718.03280,0
1772770500000,5132.85,5134.28,5130.37,5130.91,329.250,1772770799999,1689762.67885,1357,103.326,530329.44130,0
1772770800000,5130.91,5130.97,5127.74,5127.82,263.542,1772771099999,1351790.58914,1445,59.328,304310.97976,0
1772771100000,5127.78,5127.82,5124.99,5126.61,555.428,1772771399999,2847304.38610,1759,270.556,1386901.71313,0
1772771400000,5126.61,5130.29,5126.60,5127.32,346.825,1772771699999,1778875.02619,1104,120.517,618164.04594,0
1772771700000,5127.32,5128.27,5125.85,5127.57,240.601,1772771999999,1233456.27938,1001,94.790,485944.08896,0
1772772000000,5127.58,5130.43,5127.21,5129.65,375.365,1772772299999,1925117.52267,1406,161.578,828668.59413,0
1772772300000,5129.64,5130.50,5127.90,5130.05,533.327,1772772599999,2735759.64284,1265,148.449,761469.95935,0
1772772600000,5130.06,5132.35,5130.06,5130.30,453.656,1772772899999,2327917.64244,1205,180.139,924355.34802,0
1772772900000,5130.31,5130.44,5123.95,5124.76,317.192,1772773199999,1626002.11394,1529,106.866,547736.67567,0
1772773200000,5124.75,5127.20,5122.01,5126.18,781.880,1772773499999,4006036.86603,1883,413.698,2119581.28941,0
1772773500000,5126.19,5127.57,5121.45,5121.45,739.791,1772773799999,3790281.22396,1666,188.309,964834.51980,0
1772773800000,5121.46,5125.20,5121.01,5124.63,475.752,1772774099999,2437341.04860,1507,259.178,1327786.66160,0
1772774100000,5124.61,5126.93,5123.69,5126.74,240.851,1772774399999,1234484.64006,1027,115.798,593555.50715,0
1772774400000,5126.74,5126.75,5121.00,5125.54,331.891,1772774699999,1700556.27043,1441,126.481,648013.03475,0
1772774700000,5125.55,5127.70,5123.80,5126.72,427.077,1772774999999,2189160.84863,1395,202.159,1036268.81807,0
1772775000000,5126.72,5126.93,5119.31,5122.73,1003.136,1772775299999,5138522.16181,3190,446.870,2288890.29025,0
1772775300000,5122.99,5125.65,5117.83,5119.43,709.403,1772775599999,3633213.69673,2737,348.988,1787316.77339,0
1772775600000,5119.43,5120.76,5117.69,5119.10,351.092,1772775899999,1797251.52235,1924,155.937,798244.41971,0
1772775900000,5119.10,5120.50,5112.02,5113.26,1057.169,1772776199999,5408771.88030,3272,346.236,1771511.00044,0
1772776200000,5113.25,5117.80,5111.23,5115.98,729.441,1772776499999,3731131.29033,2795,399.540,2043611.48531,0
1772776500000,5115.98,5117.49,5112.56,5115.30,442.991,1772776799999,2265943.97242,1913,227.543,1163906.92109,0
1772776800000,5115.45,5115.48,5107.44,5111.21,1116.972,1772777099999,5708497.29626,3359,602.161,3077559.54067,0
1772777100000,5111.21,5119.50,5111.21,5115.45,787.673,1772777399999,4028976.11239,2465,445.858,2280682.33500,0
1772777400000,5115.45,5115.99,5111.10,5114.26,556.897,1772777699999,2847878.01832,2140,269.139,1376338.58934,0
1772777700000,5114.27,5118.00,5112.55,5117.49,248.940,1772777999999,1273415.24176,1510,144.003,736623.83080,0
1772778000000,5117.50,5120.57,5117.25,5120.57,708.471,1772778299999,3626426.98068,2012,387.320,1982388.61780,0
1772778300000,5120.57,5120.85,5116.40,5117.70,390.348,1772778599999,1998403.42520,1582,207.106,1060286.21983,0
1772778600000,5117.70,5119.26,5115.69,5115.95,619.306,1772778899999,3168914.67095,1694,342.791,1754016.05021,0
1772778900000,5115.96,5118.26,5113.98,5115.53,815.982,1772779199999,4173905.81817,1851,471.977,2414118.04073,0
1772779200000,5115.54,5119.62,5115.54,5118.20,488.945,1772779499999,2502273.34486,1363,260.786,1334568.12213,0
1772779500000,5118.20,5118.20,5115.08,5115.89,191.132,1772779799999,978035.66400,1234,96.916,495919.65804,0
1772779800000,5115.86,5118.85,5114.08,5117.27,655.972,1772780099999,3356178.52860,1643,375.163,1919341.61911,0
1772780100000,5117.27,5117.43,5112.63,5113.08,347.460,1772780399999,1777132.99185,1552,193.685,990625.64481,0
1772780400000,5113.01,5114.69,5109.00,5109.04,396.250,1772780699999,2025653.02740,1948,177.676,908318.01095,0
1772780700000,5109.01,5109.16,5103.20,5105.75,1264.693,1772780999999,6457723.74884,3196,484.954,2476261.64037,0
1772781000000,5105.84,5110.32,5104.76,5108.65,928.148,1772781299999,4740220.34605,2514,401.392,2049889.07091,0
1772781300000,5108.66,5112.86,5108.48,5112.66,429.921,1772781599999,2197130.36587,1329,164.364,840002.41614,0
1772781600000,5112.66,5114.95,5110.51,5112.32,922.281,1772781899999,4715699.36563,2352,515.660,2636513.62100,0
1772781900000,5112.32,5116.48,5110.35,5111.41,504.902,1772782199999,2581804.94851,1854,247.807,1267136.13127,0
1772782200000,5111.41,5111.78,5106.00,5111.01,574.409,1772782499999,2934650.50373,1817,295.318,1508863.25311,0
1772782500000,5111.01,5111.44,5108.16,5109.75,468.408,1772782799999,2393274.23074,1855,230.222,1176273.86340,0
1772782800000,5109.76,5113.66,5109.55,5111.61,331.881,1772783099999,1696350.00175,1539,185.893,950118.79395,0
1772783100000,5111.60,5114.89,5110.05,5114.26,539.314,1772783399999,2757413.29567,1639,361.272,1847056.65139,0
1772783400000,5114.27,5116.69,5113.82,5115.75,537.728,1772783699999,2750515.89951,1512,205.476,1051019.64507,0
1772783700000,5115.74,5118.50,5115.54,5117.17,417.569,1772783999999,2136822.72769,1516,306.456,1568208.18677,0
1772784000000,5117.27,5121.11,5113.72,5114.99,852.681,1772784299999,4362592.83232,2373,539.932,2762508.93997,0
1772784300000,5114.99,5119.27,5113.47,5114.31,1256.818,1772784599999,6431028.08090,2388,788.556,4034645.69465,0
1772784600000,5114.13,5114.34,5108.18,5112.11,712.968,1772784899999,3644425.13892,2583,269.060,1375166.77382,0
1772784900000,5112.10,5114.07,5109.90,5112.53,782.155,1772785199999,3998686.85276,1761,351.209,1795471.52440,0
1772785200000,5112.41,5112.41,5104.40,5107.92,694.178,1772785499999,3545467.09687,2509,334.884,1710330.09271,0
1772785500000,5107.91,5107.91,5097.42,5098.20,1695.221,1772785799999,8648293.77784,4722,723.860,3692960.49111,0
1772785800000,5098.20,5103.56,5094.55,5103.39,1175.588,1772786099999,5993365.13007,3800,605.930,3089264.12610,0
1772786100000,5103.39,5105.30,5101.11,5104.89,536.952,1772786399999,2740103.15148,2218,226.770,1157206.06296,0
1772786400000,5104.89,5105.60,5102.51,5104.54,427.577,1772786699999,2182350.04037,1673,159.588,814507.94876,0
1772786700000,5104.55,5110.38,5104.49,5106.02,565.083,1772786999999,2886283.99772,2299,239.954,1225691.60915,0
1772787000000,5106.05,5108.32,5105.80,5108.22,396.924,1772787299999,2027303.08151,1480,160.979,822154.76478,0
1772787300000,5108.22,5108.67,5104.51,5105.67,538.921,1772787599999,2751826.93789,1815,218.534,1115822.51042,0
1772787600000,5105.68,5106.07,5099.31,5099.45,490.285,1772787899999,2501452.10014,2183,175.054,893105.35239,0
1772787900000,5099.56,5103.23,5096.05,5097.68,641.819,1772788199999,3272987.04313,2372,199.259,1016116.60085,0
1772788200000,5097.68,5099.87,5092.38,5092.50,1151.993,1772788499999,5869757.96190,3636,402.529,2051092.75314,0
1772788500000,5092.50,5098.28,5091.10,5098.18,818.909,1772788799999,4171916.65148,2514,357.151,1819565.04452,0
1772788800000,5098.09,5098.84,5088.00,5092.20,861.825,1772789099999,4388715.58114,3011,338.270,1722715.96089,0
1772789100000,5092.20,5096.27,5091.71,5095.62,699.304,1772789399999,3562224.22322,1899,404.423,2060041.82560,0
1772789400000,5095.62,5100.44,5094.05,5096.69,1880.351,1772789699999,9584218.33184,2879,842.468,4293879.07474,0
1772789700000,5096.69,5097.45,5083.00,5087.53,1725.515,1772789999999,8781686.99245,4948,645.018,3281979.42901,0
1772790000000,5087.52,5093.76,5087.52,5092.88,505.061,1772790299999,2571043.40869,2482,277.905,1414720.59752,0
1772790300000,5092.82,5094.36,5085.51,5088.58,626.839,1772790599999,3190402.88380,2728,344.742,1754678.37621,0
1772790600000,5088.59,5089.96,5082.38,5087.20,980.924,1772790899999,4987948.20762,3511,528.604,2687883.94617,0
1772790900000,5087.20,5089.84,5081.48,5083.20,784.119,1772791199999,3986948.94372,2790,435.640,2214828.78124,0
1772791200000,5083.20,5084.66,5076.20,5078.77,1607.617,1772791499999,8168034.85828,4636,791.839,4023183.24917,0
1772791500000,5078.77,5083.00,5073.81,5082.80,1155.309,1772791799999,5865871.13404,4395,539.820,2740990.77642,0
1772791800000,5082.81,5087.08,5079.24,5079.80,805.366,1772792099999,4093691.04659,3406,469.823,2388099.86812,0
1772792100000,5079.79,5082.93,5078.65,5080.02,432.139,1772792399999,2195549.99623,2640,252.307,1281841.02842,0
1772792400000,5080.02,5083.79,5078.12,5082.11,826.294,1772792699999,4198074.86103,2816,496.300,2521287.56245,0
1772792700000,5082.11,5089.98,5080.60,5084.67,900.390,1772792999999,4578514.15667,3283,403.743,2053091.08648,0
1772793000000,5084.66,5087.60,5083.03,5083.40,844.409,1772793299999,4294279.37443,2999,471.128,2395851.89654,0
1772793300000,5083.41,5087.95,5082.87,5087.20,2433.711,1772793599999,12376072.75602,3292,2068.818,10520509.91844,0
1772793600000,5087.20,5087.20,5079.11,5080.05,2114.939,1772793899999,10754703.95646,3212,1733.984,8817931.55442,0
1772793900000,5080.06,5088.63,5080.05,5087.28,769.781,1772794199999,3914196.82959,2616,521.874,2653535.63894,0
1772794200000,5087.27,5088.95,5084.65,5088.93,486.062,1772794499999,2472426.22516,2102,322.728,1641586.82206,0
1772794500000,5088.93,5091.39,5085.01,5088.85,706.670,1772794799999,3595616.61563,2559,435.565,2216247.78488,0
1772794800000,5088.85,5089.63,5082.14,5083.05,512.814,1772795099999,2608151.33926,2530,270.123,1373875.16506,0
1772795100000,5083.06,5086.10,5080.00,5085.40,924.577,1772795399999,4699865.90268,2962,544.287,2766898.85343,0
1772795400000,5085.40,5085.97,5079.12,5084.10,1195.251,1772795699999,6074046.33885,2934,574.606,2919926.25631,0
1772795700000,5084.10,5088.49,5083.86,5086.90,392.041,1772795999999,1993916.98267,1972,243.774,1239846.90130,0
1772796000000,5086.96,5095.00,5086.96,5093.99,1051.463,1772796299999,5354380.67235,2754,601.702,3063745.24692,0
1772796300000,5093.76,5094.77,5092.32,5092.92,622.410,1772796599999,3170385.74258,1936,278.736,1419818.29546,0
1772796600000,5092.92,5097.80,5088.84,5091.86,813.065,1772796899999,4140951.52756,2449,493.702,2514445.31187,0
1772796900000,5091.67,5091.86,5088.23,5090.11,303.645,1772797199999,1545480.44200,1642,185.687,945104.62074,0
1772797200000,5090.11,5090.30,5080.00,5080.26,890.056,1772797499999,4525797.43234,2529,373.945,1901104.36892,0
1772797500000,5080.28,5085.63,5080.18,5083.44,673.688,1772797799999,3424208.66314,2102,289.584,1471823.49896,0
1772797800000,5083.43,5084.45,5076.14,5077.27,1156.387,1772798099999,5875559.65580,3007,488.010,2479847.37776,0
1772798100000,5077.27,5079.18,5060.05,5074.44,3733.576,1772798399999,18922844.94613,8796,1742.539,8831239.13533,0
1772798400000,5074.66,5081.84,5070.80,5079.42,2268.608,1772798699999,11519437.53717,4700,798.554,4055580.39679,0
1772798700000,5079.38,5083.80,5076.23,5083.39,950.433,1772798999999,4828549.46595,2988,471.643,2395912.52410,0
1772799000000,5083.40,5088.15,5083.05,5086.61,1137.987,1772799299999,5787617.26681,3329,559.939,2847683.25870,0
1772799300000,5086.47,5093.20,5085.60,5092.95,694.899,1772799599999,3536075.61091,2605,451.575,2297955.12615,0
1772799600000,5092.95,5093.44,5086.41,5086.86,536.290,1772799899999,2729574.41382,2495,233.367,1187694.24820,0
1772799900000,5086.86,5088.36,5084.10,5086.34,504.957,1772800199999,2568117.00323,2251,273.556,1391277.71141,0
1772800200000,5086.36,5089.27,5083.14,5088.57,517.155,1772800499999,2630162.44337,2387,308.148,1567188.90571,0
1772800500000,5088.60,5092.70,5086.25,5092.69,814.983,1772800799999,4147265.68201,2517,594.206,3023692.42588,0
1772800800000,5092.70,5093.56,5088.01,5092.84,943.089,1772801099999,4801353.53307,3030,427.073,2174306.77750,0
1772801100000,5092.84,5093.78,5086.00,5086.87,599.414,1772801399999,3051460.15312,2146,196.456,1000053.16511,0
1772801400000,5086.87,5088.90,5082.81,5083.37,642.801,1772801699999,3269142.69519,2337,339.206,1725150.60714,0
1772801700000,5083.39,5089.10,5079.70,5080.80,990.636,1772801999999,5036125.14503,3117,420.303,2136744.72437,0
1772802000000,5080.79,5081.12,5069.24,5074.03,2030.093,1772802299999,10304820.95620,6536,1045.359,5305900.96758,0
1772802300000,5074.03,5074.03,5063.75,5068.00,2042.295,1772802599999,10351786.94349,5447,1156.527,5862254.06042,0
1772802600000,5068.00,5073.12,5065.33,5071.51,1276.809,1772802899999,6471959.91761,4482,761.855,3861549.84397,0
1772802900000,5071.46,5075.30,5070.61,5074.44,895.939,1772803199999,4545008.56459,3559,434.396,2203524.02292,0
1772803200000,5074.44,5081.39,5072.59,5081.39,981.203,1772803499999,4982584.41115,3653,574.308,2916278.82517,0
1772803500000,5081.39,5085.20,5078.56,5081.25,1044.397,1772803799999,5308019.72337,3377,445.850,2265892.69789,0
1772803800000,5081.24,5123.22,5081.04,5121.16,11419.093,1772804099999,58369996.62528,22213,5823.528,29765715.06571,0
1772804100000,5121.16,5127.46,5115.50,5120.64,4062.028,1772804399999,20809703.85806,9909,1709.407,8757237.62095,0
1772804400000,5120.63,5122.10,5110.17,5118.07,2999.211,1772804699999,15346850.20990,7100,1163.267,5951936.99935,0
1772804700000,5117.80,5118.17,5108.35,5113.84,2785.367,1772804999999,14241895.87465,8150,1258.745,6436193.64546,0
1772805000000,5113.84,5117.68,5098.85,5100.32,2796.377,1772805299999,14275088.31201,7798,1219.039,6222826.02987,0
1772805300000,5100.32,5100.32,5073.18,5083.70,6660.365,1772805599999,33860965.15525,12272,3524.325,17916791.10409,0
1772805600000,5083.70,5100.29,5079.76,5086.80,4235.474,1772805899999,21559589.07752,9343,2320.837,11814680.33907,0
1772805900000,5087.00,5090.58,5082.65,5087.06,1868.737,1772806199999,9506260.32674,5722,1049.004,5336412.04038,0
1772806200000,5087.20,5098.73,5083.94,5096.21,2241.537,1772806499999,11416345.13082,6112,1493.870,7608557.47461,0
1772806500000,5096.20,5096.91,5088.31,5096.91,1364.179,1772806799999,6946233.00191,4773,866.036,4409738.50874,0
1772806800000,5096.91,5105.81,5091.91,5104.34,1615.914,1772807099999,8239339.16945,4594,1025.117,5227648.14048,0
1772807100000,5104.34,5106.15,5099.66,5101.43,1400.913,1772807399999,7149469.25112,3936,555.237,2833670.33886,0
1772807400000,5101.44,5112.00,5098.62,5104.40,3536.203,1772807699999,18050813.93104,8700,1668.001,8514514.46592,0
1772807700000,5104.34,5105.64,5085.57,5087.55,4325.385,1772807999999,22030413.88926,10653,2101.425,10703083.49050,0
1772808000000,5087.49,5094.04,5083.89,5087.55,2173.425,1772808299999,11058920.08333,8245,1171.341,5960460.87250,0
1772808300000,5087.50,5097.41,5085.66,5089.11,1701.076,1772808599999,8659963.85606,7122,929.256,4730609.97345,0
1772808600000,5089.14,5102.50,5089.14,5101.06,1407.613,1772808899999,7173845.97230,5742,737.449,3758328.95060,0
1772808900000,5101.07,5128.14,5100.12,5126.67,3996.548,1772809199999,20446879.20846,9119,1439.045,7362493.28545,0
1772809200000,5126.67,5156.10,5124.65,5144.56,8438.004,1772809499999,43382112.71433,16433,3461.809,17799739.28707,0
1772809500000,5144.57,5156.03,5141.54,5147.18,3162.188,1772809799999,16281949.56899,10055,1543.662,7948334.48909,0
1772809800000,5147.18,5153.00,5134.75,5145.53,3709.634,1772810099999,19086114.57748,10469,1633.261,8402727.70559,0
1772810100000,5145.61,5149.54,5140.98,5146.07,1678.990,1772810399999,8638871.11971,6358,677.040,3483869.34767,0
1772810400000,5146.07,5164.57,5146.07,5162.16,3616.104,1772810699999,18637632.13719,9598,1835.819,9463782.83151,0
1772810700000,5162.11,5167.24,5155.00,5159.21,3319.149,1772810999999,17129340.24214,8824,1576.833,8138598.45363,0
1772811000000,5159.21,5163.32,5151.38,5152.20,2072.981,1772811299999,10688379.65091,6351,823.179,4244488.25215,0
1772811300000,5152.21,5159.63,5151.01,5153.12,1644.052,1772811599999,8476586.43602,5789,616.940,3180789.35041,0
1772811600000,5153.12,5156.65,5147.12,5150.36,1654.557,1772811899999,8523246.49436,5528,720.910,3714028.26427,0
1772811900000,5150.37,5153.59,5140.77,5143.09,1819.826,1772812199999,9366416.33436,5759,637.000,3278950.15251,0
1772812200000,5143.19,5143.76,5130.75,5138.76,3365.349,1772812499999,17287421.07068,6821,1788.787,9188537.11068,0
1772812500000,5138.76,5143.70,5134.36,5137.55,1224.331,1772812799999,6292992.97220,4292,539.869,2774860.71409,0
1772812800000,5137.56,5146.32,5136.33,5145.27,1676.436,1772813099999,8617910.25969,4974,1019.547,5241458.94368,0
1772813100000,5145.27,5145.38,5138.38,5141.23,781.933,1772813399999,4020735.73120,3756,384.533,1977320.28995,0
1772813400000,5141.23,5141.48,5132.28,5139.44,1061.427,1772813699999,5452820.86550,3952,591.088,3036553.63373,0
1772813700000,5139.44,5150.00,5139.18,5145.40,951.039,1772813999999,4892970.70514,4097,570.949,2937436.24183,0
1772814000000,5145.50,5146.89,5135.13,5136.72,1130.604,1772814299999,5812116.60486,3382,534.203,2746106.94663,0
1772814300000,5136.73,5139.19,5133.16,5138.58,1113.315,1772814599999,5717960.82276,3289,464.800,2387140.43493,0
1772814600000,5138.59,5142.56,5130.12,5133.18,1515.015,1772814899999,7780232.20077,3883,676.607,3475381.80222,0
1772814900000,5133.17,5136.73,5126.23,5126.94,1105.153,1772815199999,5672119.61372,3997,411.739,2113422.90911,0
1772815200000,5126.95,5138.00,5122.00,5137.76,1448.610,1772815499999,7432178.55989,4619,784.125,4024001.48971,0
1772815500000,5137.77,5143.90,5137.11,5137.92,776.752,1772815799999,3992932.66771,3502,412.403,2120031.07264,0
1772815800000,5138.13,5143.55,5136.69,5136.78,537.358,1772816099999,2762367.19622,2500,350.952,1804181.08024,0
1772816100000,5136.70,5139.38,5126.03,5135.91,1566.471,1772816399999,8041367.22388,5022,702.735,3607640.34097,0
1772816400000,5136.04,5138.24,5129.30,5129.35,756.587,1772816699999,3883933.83903,3652,363.867,1867863.62770,0
1772816700000,5129.34,5132.86,5126.00,5131.78,1180.030,1772816999999,6052221.60644,3708,771.187,3955313.00646,0
1772817000000,5131.85,5135.24,5130.45,5132.60,537.293,1772817299999,2757955.71666,2693,314.174,1612650.39403,0
1772817300000,5132.60,5138.81,5129.41,5138.71,514.480,1772817599999,2641924.81256,2432,349.975,1797313.26702,0
1772817600000,5138.71,5140.78,5134.22,5139.42,643.121,1772817899999,3304358.15327,3055,396.974,2039739.43980,0
1772817900000,5139.41,5140.13,5133.22,5137.95,495.567,1772818199999,2545367.34163,2698,240.817,1236914.08425,0
1772818200000,5137.95,5147.22,5136.46,5146.68,1212.232,1772818499999,6235583.38408,3357,784.994,4037939.31929,0
1772818500000,5146.68,5148.07,5139.00,5140.64,862.271,1772818799999,4435409.58654,3237,352.893,1815346.89724,0
1772818800000,5140.80,5140.88,5132.54,5133.58,552.038,1772819099999,2835119.72129,2478,320.259,1644623.46663,0
1772819100000,5133.57,5136.80,5130.71,5134.62,582.318,1772819399999,2989458.77997,2491,360.803,1852367.58923,0
1772819400000,5134.62,5136.58,5130.01,5131.00,551.313,1772819699999,2830104.98264,2171,301.374,1546957.62721,0
1772819700000,5131.00,5136.40,5129.08,5136.30,818.611,1772819999999,4200835.01063,2209,425.726,2184904.36568,0
1772820000000,5136.29,5140.52,5134.29,5137.21,809.035,1772820299999,4156836.67568,2875,517.356,2658299.18767,0
1772820300000,5137.21,5142.67,5136.26,5140.12,336.537,1772820599999,1729541.45236,1983,190.006,976467.81350,0
1772820600000,5140.13,5142.71,5137.64,5140.29,649.067,1772820899999,3336487.06221,2479,200.650,1031321.37608,0
1772820900000,5140.30,5141.82,5138.50,5138.64,366.639,1772821199999,1884522.69191,1882,176.881,909197.63940,0
1772821200000,5138.65,5144.29,5138.64,5142.45,467.375,1772821499999,2403320.96279,2069,289.323,1487693.40391,0
1772821500000,5142.45,5145.63,5141.39,5144.67,598.651,1772821799999,3079207.10535,2744,340.934,1753680.69108,0
1772821800000,5144.67,5146.93,5143.62,5146.34,499.231,1772822099999,2568559.51225,2131,285.500,1468893.37930,0
1772822100000,5146.34,5151.05,5143.90,5149.72,797.658,1772822399999,4106268.41929,2541,484.692,2495165.61110,0
1772822400000,5149.73,5157.36,5147.31,5157.01,1053.140,1772822699999,5426354.68288,3346,666.570,3434895.04586,0
1772822700000,5157.00,5158.73,5152.76,5154.64,1873.237,1772822999999,9657066.64838,4779,1192.897,6149470.25096,0
1772823000000,5154.89,5157.17,5151.64,5152.10,1167.888,1772823299999,6019826.38721,2995,904.086,4660055.63633,0
1772823300000,5152.10,5158.00,5152.09,5155.46,548.750,1772823599999,2829083.43693,1616,280.666,1446851.75663,0
1772823600000,5155.45,5160.45,5154.84,5158.55,665.586,1772823899999,3432826.92982,2098,417.687,2154256.73362,0
1772823900000,5158.55,5162.22,5155.08,5161.56,528.837,1772824199999,2728147.59331,2368,290.971,1500935.50999,0
1772824200000,5161.44,5163.97,5160.30,5163.96,445.576,1772824499999,2300119.66285,2003,209.096,1079398.66719,0
1772824500000,5163.96,5168.25,5163.30,5167.01,791.077,1772824799999,4086469.45067,2304,534.812,2762613.29484,0
1772824800000,5167.01,5167.10,5158.13,5159.75,581.950,1772825099999,3003774.26653,2391,199.450,1029212.05708,0
1772825100000,5159.76,5160.86,5156.84,5157.21,534.315,1772825399999,2756377.98683,2125,228.182,1177132.16384,0
1772825400000,5157.22,5159.44,5155.23,5156.35,462.593,1772825699999,2385787.17421,2122,209.209,1078997.48748,0
1772825700000,5156.82,5158.14,5149.65,5152.05,833.810,1772825999999,4296783.49579,2769,396.886,2045036.56726,0
1772826000000,5152.06,5154.51,5150.01,5150.34,293.931,1772826299999,1514507.80062,1817,125.105,644632.34009,0
1772826300000,5150.35,5153.97,5148.61,5152.81,355.925,1772826599999,1833294.91252,1867,208.475,1073908.57718,0
1772826600000,5152.82,5157.42,5152.60,5156.29,441.440,1772826899999,2275828.18586,1933,264.124,1361640.45100,0
1772826900000,5156.30,5157.58,5153.98,5155.05,436.704,1772827199999,2251524.76644,1850,211.377,1089829.66821,0
1772827200000,5155.05,5157.58,5151.43,5151.90,574.765,1772827499999,2962925.39197,2703,303.087,1562423.85521,0
1772827500000,5151.91,5156.01,5151.91,5153.85,381.986,1772827799999,1968742.54966,1874,154.180,794569.95389,0
1772827800000,5154.16,5154.37,5149.52,5150.22,453.129,1772828099999,2334179.25317,1933,226.883,1168743.70232,0
1772828100000,5150.22,5152.98,5149.53,5150.09,235.142,1772828399999,1211291.23788,1501,93.614,482222.75469,0
1772828400000,5150.09,5153.66,5147.65,5153.16,265.830,1772828699999,1369140.29805,1629,153.424,790187.19075,0
1772828700000,5153.16,5155.48,5148.01,5148.91,266.954,1772828999999,1375180.93950,1792,147.972,762262.20523,0
1772829000000,5148.92,5150.97,5145.58,5145.70,338.584,1772829299999,1743120.73770,2013,138.481,712998.13853,0
1772829300000,5145.70,5150.36,5144.62,5149.84,355.197,1772829599999,1828240.39424,2070,155.311,799358.85249,0
1772829600000,5149.85,5155.87,5148.16,5152.14,580.467,1772829899999,2990971.13763,2291,341.333,1758837.45310,0
1772829900000,5152.15,5154.16,5151.25,5154.16,321.142,1772830199999,1654821.09349,1690,199.744,1029258.94236,0
1772830200000,5154.21,5154.84,5148.72,5151.53,359.437,1772830499999,1851964.73469,1840,189.779,977845.32300,0
1772830500000,5151.52,5151.52,5145.50,5147.44,500.845,1772830799999,2578213.59039,2557,189.950,977779.18503,0
1772830800000,5147.44,5155.23,5145.00,5154.75,356.223,1772831099999,1834864.37284,1805,203.209,1046629.42591,0
1772831100000,5154.76,5161.33,5154.76,5157.49,667.534,1772831399999,3443373.64646,2205,309.890,1598423.79093,0
1772831400000,5157.49,5162.36,5157.15,5160.28,602.988,1772831699999,3111607.04992,1499,318.413,1643018.72562,0
1772831700000,5160.28,5167.00,5160.12,5166.11,702.524,1772831999999,3627852.77511,2068,323.308,1669496.20932,0
1772832000000,5166.12,5167.60,5165.42,5166.26,296.048,1772832299999,1529697.43278,1064,61.536,317942.96024,0
1772832300000,5166.25,5168.23,5163.61,5167.15,698.724,1772832599999,3609672.18316,1777,336.261,1737164.96597,0
1772832600000,5167.15,5172.52,5165.61,5171.09,873.426,1772832899999,4514429.01729,2570,529.264,2735822.92720,0
1772832900000,5171.09,5172.62,5170.51,5172.34,514.346,1772833199999,2660067.59146,1336,217.631,1125502.22774,0
1772833200000,5172.33,5173.47,5169.45,5171.40,548.248,1772833499999,2835835.97046,1809,172.531,892376.26742,0
1772833500000,5171.40,5172.67,5169.87,5171.92,415.297,1772833799999,2147688.30212,1310,275.610,1425306.36583,0
1772833800000,5171.93,5172.84,5171.21,5171.54,299.075,1772834099999,1546844.01989,1509,94.849,490563.02370,0
1772834100000,5171.54,5174.58,5169.08,5171.17,564.708,1772834399999,2920544.05264,2133,260.453,1347107.61467,0
1772834400000,5171.17,5174.03,5170.11,5172.52,191.368,1772834699999,989724.58589,1091,106.203,549269.08571,0
1772834700000,5172.53,5176.00,5171.16,5171.16,517.644,1772834999999,2678344.79612,1756,235.183,1216943.77127,0
1772835000000,5171.17,5171.17,5168.51,5169.42,229.007,1772835299999,1183880.51014,1024,93.465,483148.75185,0
1772835300000,5169.42,5173.32,5168.51,5172.70,195.920,1772835599999,1013023.57370,1043,129.996,672195.14092,0
1772835600000,5172.70,5173.39,5170.75,5172.74,202.801,1772835899999,1048980.30135,837,99.697,515663.18534,0
1772835900000,5172.73,5172.74,5170.92,5171.02,82.285,1772836199999,425539.58841,541,19.281,99709.54951,0
1772836200000,5171.01,5171.05,5167.07,5167.08,277.097,1772836499999,1432352.34167,815,76.334,394614.72872,0
1772836500000,5167.07,5168.62,5167.07,5168.61,130.258,1772836799999,673140.75914,599,110.405,570551.44468,0
1772836800000,5168.62,5168.64,5167.00,5168.14,369.280,1772837099999,1908594.24895,775,275.961,1426335.44241,0
1772837100000,5168.14,5168.63,5167.60,5168.08,50.194,1772837399999,259412.31741,668,27.552,142392.23608,0
1772837400000,5168.09,5168.64,5167.89,5168.50,95.417,1772837699999,493145.33553,589,71.652,370320.48049,0
1772837700000,5168.50,5168.64,5168.02,5168.63,56.255,1772837999999,290749.87768,679,27.919,144297.73296,0
1772838000000,5168.62,5169.97,5168.33,5168.85,140.252,1772838299999,724963.66461,826,87.102,450216.63821,0
1772838300000,5168.86,5170.00,5168.20,5169.48,154.625,1772838599999,799278.63323,868,60.886,314723.62172,0
1772838600000,5169.48,5169.96,5167.00,5167.44,191.699,1772838899999,990762.06521,811,27.487,142071.74709,0
1772838900000,5167.45,5167.76,5166.59,5167.00,79.639,1772839199999,411504.02331,550,34.302,177240.65529,0
1772839200000,5167.00,5167.00,5166.00,5166.84,178.407,1772839499999,921728.99351,838,47.308,244418.45120,0
1772839500000,5166.84,5166.99,5166.00,5166.59,84.032,1772839799999,434169.14936,501,26.490,136863.35849,0
1772839800000,5166.60,5167.41,5166.20,5166.20,123.844,1772840099999,639870.97874,651,70.071,362042.11905,0
1772840100000,5166.20,5166.34,5165.86,5165.87,106.901,1772840399999,552265.70905,574,31.380,162112.21941,0
1772840400000,5165.87,5166.50,5165.21,5165.40,119.605,1772840699999,617861.31459,764,34.120,176260.06694,0
1772840700000,5165.40,5167.00,5165.00,5166.99,219.112,1772840999999,1131881.51035,706,86.805,448434.55411,0
1772841000000,5167.00,5168.79,5166.00,5167.48,217.485,1772841299999,1123809.61512,846,160.043,827008.81013,0
1772841300000,5167.48,5168.51,5166.98,5168.38,174.244,1772841599999,900471.87075,743,101.432,524186.26270,0
1772841600000,5168.38,5168.49,5166.80,5168.49,195.481,1772841899999,1010249.98589,1373,85.033,439443.80259,0
1772841900000,5168.49,5169.04,5166.76,5167.55,335.589,1772842199999,1734402.86786,1408,120.679,623700.09117,0
1772842200000,5167.56,5168.50,5167.09,5168.14,96.735,1772842499999,499904.28142,823,69.059,356878.17670,0
1772842500000,5168.15,5168.41,5167.24,5167.59,137.852,1772842799999,712380.50789,778,70.931,366543.63194,0
1772842800000,5167.60,5167.96,5167.25,5167.95,158.462,1772843099999,818876.30685,861,118.937,614625.25842,0
1772843100000,5167.96,5170.14,5167.95,5169.64,183.948,1772843399999,950831.42437,637,139.455,720836.45911,0
1772843400000,5169.65,5171.49,5169.64,5170.97,235.854,1772843699999,1219507.26365,809,194.582,1006111.24833,0
1772843700000,5170.98,5171.91,5170.96,5171.83,170.076,1772843999999,879511.54006,772,138.272,715036.99411,0
1772844000000,5171.84,5174.31,5170.90,5172.48,432.711,1772844299999,2238129.31802,1013,247.844,1281962.32750,0
1772844300000,5172.48,5173.57,5172.00,5172.27,148.063,1772844599999,765870.28306,968,102.345,529381.91552,0
1772844600000,5172.26,5172.27,5170.90,5171.38,141.901,1772844899999,733830.01205,657,51.439,266014.26199,0
1772844900000,5171.37,5172.56,5171.18,5171.69,65.080,1772845199999,336563.67138,578,34.177,176748.06021,0
1772845200000,5171.69,5171.99,5171.09,5171.99,57.324,1772845499999,296469.37577,416,36.750,190064.69033,0
1772845500000,5171.99,5172.31,5171.08,5172.31,39.150,1772845799999,202484.09320,381,19.053,98540.50219,0
1772845800000,5172.31,5172.31,5171.11,5172.30,63.725,1772846099999,329592.34682,574,35.577,184007.13943,0
1772846100000,5172.29,5172.40,5170.30,5170.48,103.143,1772846399999,533405.25571,552,51.055,264028.12747,0
1772846400000,5170.47,5170.75,5167.33,5168.77,181.424,1772846699999,937804.30319,803,34.466,178174.58297,0
1772846700000,5168.78,5170.20,5168.32,5169.51,124.213,1772846999999,642120.22949,580,55.231,285514.76813,0
1772847000000,5169.52,5170.78,5169.51,5170.77,61.971,1772847299999,320400.70167,457,43.964,227302.13466,0
1772847300000,5170.78,5170.78,5169.99,5170.26,79.983,1772847599999,413549.99004,594,24.490,126621.59350,0
1772847600000,5170.26,5170.86,5169.23,5170.14,106.893,1772847899999,552648.23512,731,55.483,286855.63899,0
1772847900000,5170.15,5170.15,5168.82,5169.76,104.408,1772848199999,539748.39906,671,58.776,303845.49905,0
1772848200000,5169.76,5169.84,5169.06,5169.34,48.918,1772848499999,252879.42336,338,21.234,109763.66620,0
1772848500000,5169.34,5169.58,5168.48,5169.10,73.417,1772848799999,379511.86103,516,24.968,129060.89790,0
1772848800000,5169.10,5170.15,5169.10,5169.14,114.709,1772849099999,592984.34765,545,58.598,302929.72025,0
1772849100000,5169.14,5169.15,5168.58,5168.82,82.013,1772849399999,423911.15061,373,20.860,107821.72580,0
1772849400000,5168.83,5169.21,5168.82,5169.11,74.623,1772849699999,385731.44202,357,29.647,153246.94321,0
1772849700000,5169.11,5169.11,5168.46,5168.46,112.527,1772849999999,581650.78456,399,28.243,145989.21491,0
1772850000000,5168.46,5168.83,5168.45,5168.82,113.895,1772850299999,588671.23842,614,56.308,291033.19125,0
1772850300000,5168.82,5169.10,5168.29,5168.29,136.352,1772850599999,704757.17218,979,40.274,208170.58344,0
1772850600000,5168.29,5168.30,5167.37,5167.52,449.391,1772850899999,2322394.66781,1593,107.427,555138.49897,0
1772850900000,5167.52,5167.88,5166.50,5166.50,440.425,1772851199999,2275718.02685,1505,63.830,329832.41600,0
1772851200000,5166.50,5167.11,5166.03,5166.84,428.151,1772851499999,2212089.06202,1089,149.124,770416.66259,0
1772851500000,5166.85,5166.98,5166.21,5166.23,66.745,1772851799999,344847.72886,634,26.847,138708.81925,0
1772851800000,5166.24,5166.50,5166.23,5166.23,161.687,1772852099999,835315.53608,1088,26.948,139221.31414,0
1772852100000,5166.23,5166.98,5166.10,5166.50,210.988,1772852399999,1090016.97659,989,73.674,380616.94988,0
1772852400000,5166.51,5167.63,5166.00,5166.00,268.570,1772852699999,1387541.15416,1284,97.336,502872.77031,0
1772852700000,5166.00,5168.00,5165.34,5168.00,549.312,1772852999999,2837925.00888,1891,244.761,1264563.98094,0
1772853000000,5168.00,5168.97,5167.98,5168.44,225.419,1772853299999,1165070.94408,1096,164.281,849075.97635,0
1772853300000,5168.44,5171.17,5168.44,5170.84,421.561,1772853599999,2179560.06687,1014,294.431,1522210.18262,0
1772853600000,5170.84,5171.80,5170.29,5171.09,393.532,1772853899999,2034896.45980,974,229.694,1187687.14520,0
1772853900000,5171.08,5171.09,5168.48,5170.71,465.374,1772854199999,2405976.77097,905,314.625,1626596.12504,0
1772854200000,5170.72,5171.48,5169.97,5170.51,218.174,1772854499999,1128089.25473,816,168.228,869832.46342,0
1772854500000,5170.52,5170.52,5168.71,5169.60,265.339,1772854799999,1371782.79745,810,74.081,382969.43917,0
1772854800000,5169.61,5169.74,5168.67,5169.20,115.661,1772855099999,597873.43495,809,42.094,217589.51819,0
1772855100000,5169.20,5169.22,5168.44,5169.05,183.900,1772855399999,950590.31154,468,63.678,329148.25954,0
1772855400000,5169.05,5169.06,5168.15,5168.20,160.623,1772855699999,830204.32435,677,30.539,157834.47882,0
1772855700000,5168.21,5169.69,5168.20,5169.69,56.682,1772855999999,292963.58181,422,35.854,185316.52127,0
1772856000000,5169.69,5171.90,5169.24,5170.89,386.131,1772856299999,1996568.69430,1302,305.816,1581308.29437,0
1772856300000,5170.88,5171.90,5170.68,5171.23,312.659,1772856599999,1616822.39025,1329,223.147,1153940.06295,0
1772856600000,5171.22,5171.74,5171.10,5171.25,88.356,1772856899999,456918.46350,456,67.984,351567.82409,0
1772856900000,5171.25,5171.43,5171.16,5171.43,112.200,1772857199999,580214.19905,468,84.510,437022.85593,0
1772857200000,5171.43,5171.72,5171.42,5171.57,60.500,1772857499999,312877.45075,371,48.655,251620.97896,0
1772857500000,5171.58,5171.90,5171.57,5171.64,84.407,1772857799999,436525.62135,341,46.830,242188.82875,0
1772857800000,5171.64,5171.75,5168.91,5170.36,240.333,1772858099999,1242631.71939,618,36.093,186614.39798,0
1772858100000,5170.35,5170.85,5170.10,5170.10,79.180,1772858399999,409382.42313,355,53.467,276440.21179,0
1772858400000,5170.11,5170.11,5168.91,5168.91,50.990,1772858699999,263590.37862,326,17.821,92124.17484,0
1772858700000,5168.91,5169.76,5168.91,5168.91,67.540,1772858999999,349132.35592,331,22.805,117884.33711,0
1772859000000,5168.92,5168.92,5168.37,5168.55,86.472,1772859299999,446964.60688,231,9.076,46912.83450,0
1772859300000,5168.54,5169.41,5168.54,5169.40,103.884,1772859599999,536951.74431,302,29.952,154818.56347,0
1772859600000,5169.40,5169.76,5169.40,5169.75,54.015,1772859899999,279238.54799,218,35.728,184699.78614,0
1772859900000,5169.76,5169.76,5169.40,5169.40,41.066,1772860199999,212288.65611,283,7.987,41288.21008,0
1772860200000,5169.41,5169.76,5169.11,5169.71,66.399,1772860499999,343246.08019,376,25.068,129586.01350,0
1772860500000,5169.71,5169.93,5169.11,5169.93,73.551,1772860799999,380220.55680,371,52.206,269878.60945,0
1772860800000,5169.93,5169.93,5169.92,5169.93,17.695,1772861099999,91481.83401,174,9.961,51497.67273,0
1772861100000,5169.92,5169.93,5169.92,5169.92,35.717,1772861399999,184654.24684,242,21.420,110739.90060,0
1772861400000,5169.92,5171.50,5169.92,5171.49,270.223,1772861699999,1397276.40781,523,258.048,1334327.56593,0
1772861700000,5171.50,5171.68,5171.00,5171.51,137.358,1772861999999,710341.91996,515,72.100,372860.63166,0
1772862000000,5171.50,5171.51,5171.06,5171.29,42.255,1772862299999,218515.83520,307,14.511,75041.25811,0
1772862300000,5171.29,5171.59,5171.28,5171.59,27.825,1772862599999,143891.66805,323,21.207,109668.04418,0
1772862600000,5171.59,5172.59,5171.17,5172.58,230.890,1772862899999,1194107.82902,486,215.415,1114077.53369,0
1772862900000,5172.59,5172.67,5172.05,5172.31,103.459,1772863199999,535150.61633,488,58.656,303404.51500,0
1772863200000,5172.32,5173.50,5172.32,5173.06,172.257,1772863499999,891092.21973,812,103.939,537678.75408,0
1772863500000,5173.07,5173.21,5172.57,5172.83,122.152,1772863799999,631899.30918,663,73.278,379070.82924,0
1772863800000,5172.84,5172.84,5171.54,5172.42,130.819,1772864099999,676635.26819,544,54.224,280463.35177,0
1772864100000,5172.42,5172.43,5172.21,5172.21,49.534,1772864399999,256203.87287,299,17.489,90457.77479,0
1772864400000,5172.22,5172.22,5172.21,5172.22,60.941,1772864699999,315199.81749,286,16.788,86831.22936,0
1772864700000,5172.22,5172.22,5170.37,5170.65,192.871,1772864999999,997460.68331,657,29.564,152891.40217,0
1772865000000,5170.66,5170.66,5170.30,5170.30,46.841,1772865299999,242198.14073,292,20.517,106086.42492,0
1772865300000,5170.30,5171.81,5169.71,5170.89,160.588,1772865599999,830347.21023,477,88.456,457391.05507,0
1772865600000,5170.89,5171.15,5170.45,5170.50,65.142,1772865899999,336836.46659,376,30.747,158984.02133,0
1772865900000,5170.50,5171.00,5170.49,5171.00,46.534,1772866199999,240619.77201,408,32.545,168284.65990,0
1772866200000,5171.00,5171.00,5170.00,5170.53,82.922,1772866499999,428758.86513,419,33.200,171665.29895,0
1772866500000,5170.54,5171.31,5170.53,5171.15,76.786,1772866799999,397070.16998,263,52.321,270558.70747,0
1772866800000,5171.15,5172.00,5171.14,5171.78,115.204,1772867099999,595797.58724,855,85.608,442736.98407,0
1772867100000,5171.77,5172.43,5171.45,5172.31,125.206,1772867399999,647586.91477,621,48.680,251777.18368,0
1772867400000,5172.30,5172.69,5172.15,5172.68,149.916,1772867699999,775411.27633,453,85.905,444322.14068,0
1772867700000,5172.68,5172.69,5172.16,5172.60,71.908,1772867999999,371937.22984,341,37.856,195802.01372,0
1772868000000,5172.59,5172.60,5171.49,5171.93,99.798,1772868299999,516179.35785,327,13.731,71018.22267,0
1772868300000,5171.94,5172.68,5171.93,5172.67,56.312,1772868599999,291269.81733,318,42.129,217908.12479,0
1772868600000,5172.67,5172.68,5172.39,5172.39,59.212,1772868899999,306270.00766,238,15.243,78843.24012,0
1772868900000,5172.40,5172.40,5171.50,5171.80,489.460,1772869199999,2531506.97976,1604,148.451,767790.10822,0
1772869200000,5171.81,5172.44,5171.02,5172.31,325.769,1772869499999,1684798.23499,1013,169.549,876886.26161,0
1772869500000,5172.31,5172.68,5172.10,5172.68,308.905,1772869799999,1597753.02652,954,150.251,777157.28622,0
1772869800000,5172.68,5173.51,5172.31,5172.68,659.581,1772870099999,3412067.74329,1171,479.529,2480673.66853,0
1772870100000,5172.68,5172.87,5171.95,5172.32,125.356,1772870399999,648373.63037,572,49.023,253564.44220,0
1772870400000,5172.32,5172.32,5170.13,5170.38,392.319,1772870699999,2028658.23923,1439,163.389,844883.88127,0
1772870700000,5170.39,5170.97,5169.54,5170.89,385.441,1772870999999,1992795.56803,1272,177.108,915696.06793,0
1772871000000,5170.90,5171.34,5170.89,5171.33,45.051,1772871299999,232961.53393,168,34.058,176117.52365,0
1772871300000,5171.33,5171.89,5171.02,5171.16,110.951,1772871599999,573769.16847,429,30.035,155328.41039,0
1772871600000,5171.16,5171.24,5171.15,5171.24,18.532,1772871899999,95831.96521,177,6.993,36162.00756,0
1772871900000,5171.24,5171.92,5171.23,5171.80,76.060,1772872199999,393356.99578,397,19.188,99232.69758,0
1772872200000,5171.81,5171.81,5171.18,5171.44,33.344,1772872499999,172432.67976,274,6.310,32631.33391,0
1772872500000,5171.45,5171.72,5170.70,5171.02,64.704,1772872799999,334591.75487,340,16.273,84149.87827,0
1772872800000,5170.77,5171.02,5170.23,5170.54,63.820,1772873099999,329996.03217,332,28.886,149362.72931,0
1772873100000,5170.55,5170.55,5169.75,5169.84,73.361,1772873399999,379296.61014,319,15.293,79071.86083,0
1772873400000,5169.85,5169.85,5169.83,5169.83,93.671,1772873699999,484263.99623,400,24.067,124422.61484,0
1772873700000,5169.83,5170.41,5169.83,5169.91,121.100,1772873999999,626102.83405,423,49.840,257680.87741,0
1772874000000,5169.90,5169.91,5168.65,5168.65,196.993,1772874299999,1018327.65922,392,16.684,86252.26940,0
1772874300000,5168.65,5168.96,5168.06,5168.95,177.836,1772874599999,919130.98550,575,103.562,535258.44090,0
1772874600000,5168.96,5169.47,5168.70,5169.04,68.980,1772874899999,356558.82429,350,32.962,170378.07386,0
1772874900000,5169.04,5169.04,5168.07,5168.15,108.625,1772875199999,561392.35412,549,17.515,90520.72323,0
1772875200000,5168.15,5169.33,5168.12,5169.16,84.348,1772875499999,435964.65441,431,63.115,326224.97644,0
1772875500000,5169.17,5170.26,5169.17,5169.46,94.694,1772875799999,489553.48170,368,61.299,316905.38856,0
1772875800000,5169.46,5170.40,5169.12,5170.14,40.084,1772876099999,207229.74758,314,15.868,82034.84034,0
1772876100000,5170.14,5170.14,5168.80,5169.14,105.529,1772876399999,545536.28578,513,22.807,117896.04930,0
1772876400000,5169.15,5169.51,5168.64,5168.64,156.179,1772876699999,807316.88140,359,71.851,371403.96418,0
1772876700000,5168.64,5168.65,5168.64,5168.64,41.150,1772876999999,212689.77794,154,24.194,125050.31810,0
1772877000000,5168.65,5169.54,5168.64,5169.53,81.019,1772877299999,418791.37242,449,32.957,170354.57840,0
1772877300000,5169.54,5169.54,5169.00,5169.54,38.800,1772877599999,200567.42443,211,15.019,77636.73246,0
1772877600000,5169.54,5169.54,5168.54,5168.68,99.583,1772877899999,514747.87355,270,37.076,191633.99373,0
1772877900000,5168.68,5168.97,5168.68,5168.96,48.227,1772878199999,249281.09251,225,14.591,75420.15243,0
1772878200000,5168.97,5169.32,5168.10,5169.15,45.580,1772878499999,235579.32297,257,24.823,128299.10088,0
1772878500000,5169.16,5169.89,5169.16,5169.88,36.176,1772878799999,187016.23696,357,23.327,120591.29504,0
1772878800000,5169.88,5170.29,5169.63,5170.28,94.292,1772879099999,487477.32408,554,52.432,271067.46735,0
1772879100000,5170.29,5170.60,5170.14,5170.59,36.529,1772879399999,188871.98401,215,20.600,106512.33341,0
1772879400000,5170.60,5170.80,5170.59,5170.79,77.689,1772879699999,401707.63132,177,59.622,308287.97885,0
1772879700000,5170.80,5171.20,5170.79,5171.20,69.144,1772879999999,357541.47615,482,64.228,332120.40792,0
1772880000000,5171.19,5171.20,5170.79,5170.93,199.091,1772880299999,1029498.35442,351,77.945,403046.41827,0
1772880300000,5170.92,5170.93,5170.50,5170.51,48.024,1772880599999,248318.59731,399,15.513,80211.66362,0
1772880600000,5170.52,5170.59,5170.51,5170.58,31.297,1772880899999,161821.73864,199,17.347,89693.01095,0
1772880900000,5170.58,5170.69,5170.15,5170.30,54.705,1772881199999,282851.24743,290,15.044,77784.23958,0
1772881200000,5170.30,5170.45,5169.33,5170.00,50.643,1772881499999,261824.41721,249,14.691,75951.25421,0
1772881500000,5170.00,5170.00,5169.11,5169.58,41.209,1772881799999,213036.93189,290,10.495,54254.59842,0
1772881800000,5169.57,5169.58,5169.57,5169.57,53.809,1772882099999,278169.61475,217,22.262,115085.18996,0
1772882100000,5169.58,5170.80,5169.58,5170.80,72.741,1772882399999,376092.23758,365,66.557,344118.78530,0
1772882400000,5170.80,5170.90,5170.36,5170.90,89.552,1772882699999,463044.90241,383,75.613,390971.55211,0
1772882700000,5170.90,5171.00,5170.13,5170.13,59.004,1772882999999,305099.47138,311,33.884,175209.15365,0
1772883000000,5170.14,5170.75,5170.13,5170.74,37.729,1772883299999,195076.09388,296,24.555,126961.46514,0
1772883300000,5170.75,5170.80,5169.79,5169.90,40.715,1772883599999,210504.16530,267,21.260,109916.35765,0
1772883600000,5169.89,5170.50,5169.63,5170.50,61.915,1772883899999,320097.90503,279,34.501,178372.67013,0
1772883900000,5170.50,5170.50,5169.74,5170.05,73.383,1772884199999,379414.87169,257,20.244,104666.25756,0
1772884200000,5170.04,5170.04,5169.24,5169.27,46.147,1772884499999,238549.72381,266,20.186,104347.97422,0
1772884500000,5169.28,5171.00,5169.28,5170.64,85.122,1772884799999,440112.17909,457,66.075,341634.31791,0
1772884800000,5170.64,5171.17,5170.37,5171.16,45.547,1772885099999,235511.05266,462,25.300,130819.52664,0
1772885100000,5171.17,5171.98,5171.10,5171.36,120.121,1772885399999,621191.89104,629,75.751,391732.09439,0
1772885400000,5171.36,5171.36,5170.62,5170.62,38.127,1772885699999,197144.63308,276,10.406,53805.88015,0
1772885700000,5170.63,5171.36,5170.62,5171.16,37.995,1772885999999,196476.01282,339,22.000,113760.63846,0
1772886000000,5171.17,5171.17,5170.91,5170.91,33.177,1772886299999,171555.60640,240,25.497,131842.94824,0
1772886300000,5170.92,5171.77,5170.80,5170.89,47.782,1772886599999,247084.73233,356,25.089,129735.31470,0
1772886600000,5170.90,5171.28,5170.80,5170.80,43.480,1772886899999,224838.88458,440,15.899,82215.35865,0
1772886900000,5170.80,5170.81,5170.54,5170.80,41.258,1772887199999,213333.79338,476,13.063,67544.22648,0
1772887200000,5170.80,5171.40,5170.30,5170.30,45.914,1772887499999,237409.78016,502,12.586,65081.06037,0
1772887500000,5170.31,5170.31,5170.15,5170.16,135.595,1772887799999,701058.87878,698,20.571,106356.69792,0
1772887800000,5170.16,5170.16,5169.00,5169.70,183.252,1772888099999,947351.22110,597,42.471,219549.76076,0
1772888100000,5169.70,5169.70,5169.20,5169.31,80.555,1772888399999,416424.19051,447,20.577,106367.84970,0
1772888400000,5169.30,5170.32,5169.20,5170.03,61.730,1772888699999,319117.16564,484,38.902,201100.55861,0
1772888700000,5170.03,5170.03,5168.30,5168.30,134.071,1772888999999,693004.57953,678,17.868,92372.69056,0
1772889000000,5168.31,5168.92,5168.28,5168.60,244.935,1772889299999,1265932.62950,585,91.020,470429.64520,0
1772889300000,5168.60,5168.61,5168.50,5168.50,133.531,1772889599999,690156.92529,284,47.428,245133.17125,0
1772889600000,5168.50,5169.50,5168.50,5169.35,94.741,1772889899999,489703.25379,466,35.335,182644.73217,0
1772889900000,5169.34,5169.50,5169.14,5169.14,25.504,1772890199999,131837.86460,265,8.652,44723.95448,0
1772890200000,5169.15,5169.33,5169.14,5169.33,31.253,1772890499999,161556.13639,197,11.431,59090.01846,0
1772890500000,5169.32,5169.50,5169.32,5169.49,74.193,1772890799999,383533.64450,265,65.762,339950.94574,0
1772890800000,5169.49,5169.50,5169.49,5169.49,28.646,1772891099999,148085.45677,242,24.623,127288.59850,0
1772891100000,5169.49,5169.50,5169.33,5169.33,30.493,1772891399999,157630.44245,219,14.714,76062.72300,0
1772891400000,5169.34,5169.50,5169.33,5169.49,20.121,1772891699999,104013.78059,176,17.632,91147.14134,0
1772891700000,5169.50,5169.50,5169.49,5169.50,31.899,1772891999999,164901.82092,203,25.941,134101.99950,0
1772892000000,5169.49,5169.58,5169.21,5169.54,267.771,1772892299999,1384209.72124,456,36.925,190878.87589,0
1772892300000,5169.53,5169.54,5169.30,5169.46,47.217,1772892599999,244086.91903,265,13.544,70014.47571,0
1772892600000,5169.46,5169.99,5169.46,5169.55,72.033,1772892899999,372381.38555,333,49.622,256525.94259,0
1772892900000,5169.54,5169.55,5169.50,5169.50,45.646,1772893199999,235967.73811,222,18.711,96727.00133,0
1772893200000,5169.51,5169.81,5169.44,5169.81,81.016,1772893499999,418808.88166,306,44.069,227812.84417,0
1772893500000,5169.81,5170.42,5169.80,5169.99,120.633,1772893799999,623681.03684,449,87.227,450968.98497,0
1772893800000,5170.00,5170.93,5169.63,5170.07,190.023,1772894099999,982450.08245,501,111.783,577944.92702,0
1772894100000,5170.08,5170.49,5169.70,5170.05,94.806,1772894399999,490155.63597,355,56.441,291801.72259,0
1772894400000,5170.06,5170.69,5170.05,5170.68,127.397,1772894699999,658691.27827,254,94.335,487747.71529,0
1772894700000,5170.69,5170.71,5170.10,5170.71,63.747,1772894999999,329602.52897,431,41.480,214469.75789,0
1772895000000,5170.71,5171.39,5169.97,5170.48,153.021,1772895299999,791244.47216,437,124.854,645602.33250,0
1772895300000,5170.49,5170.55,5169.71,5169.79,35.506,1772895599999,183574.61168,346,21.346,110363.78195,0
1772895600000,5169.79,5171.01,5169.71,5170.77,52.363,1772895899999,270730.94153,536,42.026,217286.66139,0
1772895900000,5170.77,5170.90,5169.86,5170.20,58.654,1772896199999,303255.35877,337,30.102,155629.88461,0
1772896200000,5170.21,5170.39,5169.74,5170.24,131.605,1772896499999,680392.02708,344,109.587,566558.12811,0
1772896500000,5170.18,5170.24,5170.00,5170.00,33.028,1772896799999,170758.80271,188,8.285,42834.19160,0
1772896800000,5170.01,5170.01,5170.00,5170.00,19.508,1772897099999,100856.42968,118,6.968,36024.62968,0
1772897100000,5170.01,5170.18,5169.50,5170.17,51.336,1772897399999,265403.26630,293,21.540,111357.42643,0
1772897400000,5170.17,5170.61,5169.74,5169.97,144.738,1772897699999,748331.54742,494,42.299,218698.83096,0
1772897700000,5169.98,5170.42,5169.65,5170.01,59.098,1772897999999,305543.66243,285,35.453,183294.07280,0
1772898000000,5170.02,5170.50,5170.01,5170.49,116.222,1772898299999,600893.82793,278,98.769,510660.99518,0
1772898300000,5170.50,5171.97,5169.76,5170.67,285.498,1772898599999,1476182.78905,628,182.479,943537.08617,0
1772898600000,5170.67,5171.15,5170.52,5170.62,76.780,1772898899999,397012.50067,332,42.115,217768.17510,0
1772898900000,5170.61,5172.05,5170.61,5172.05,202.578,1772899199999,1047582.89276,359,191.197,988734.71687,0
1772899200000,5172.05,5172.38,5171.54,5171.80,60.972,1772899499999,315337.10958,268,37.102,191884.02691,0
1772899500000,5171.80,5172.33,5171.43,5171.43,66.912,1772899799999,346059.24767,411,19.745,102118.00880,0
1772899800000,5171.44,5172.17,5171.16,5171.97,30.122,1772900099999,155783.21941,288,16.281,84200.06004,0
1772900100000,5171.97,5171.97,5171.42,5171.67,69.934,1772900399999,361682.64084,304,36.379,188147.42089,0
1772900400000,5171.68,5171.92,5171.16,5171.46,142.836,1772900699999,738683.05123,501,41.688,215592.14576,0
1772900700000,5171.47,5171.50,5170.91,5171.14,64.847,1772900999999,335345.20378,367,19.908,102950.25675,0
1772901000000,5171.15,5172.30,5171.14,5172.30,111.363,1772901299999,575948.91590,443,96.822,500739.95617,0
1772901300000,5172.30,5172.30,5171.40,5171.93,191.975,1772901599999,992851.53548,360,52.661,272338.35202,0
1772901600000,5171.94,5171.94,5171.12,5171.12,20.484,1772901899999,105934.91447,359,9.333,48266.28963,0
1772901900000,5171.12,5172.38,5171.12,5172.30,121.229,1772902199999,626995.72478,281,98.839,511189.89688,0
1772902200000,5172.30,5172.40,5171.69,5171.78,109.266,1772902499999,565130.49308,292,75.563,390817.48473,0
1772902500000,5171.77,5173.50,5171.77,5173.14,331.068,1772902799999,1712637.42004,1072,243.129,1257706.60717,0
1772902800000,5173.14,5174.13,5173.00,5173.56,84.777,1772903099999,438606.46007,496,35.885,185655.46866,0
1772903100000,5173.57,5173.86,5173.41,5173.86,27.922,1772903399999,144453.92938,300,19.306,99879.00121,0
1772903400000,5173.86,5174.31,5172.83,5173.05,146.219,1772903699999,756519.22214,426,25.394,131376.80789,0
1772903700000,5173.05,5173.47,5173.05,5173.46,75.026,1772903999999,388137.41312,191,69.560,359859.84426,0
1772904000000,5173.47,5173.73,5172.94,5173.62,52.686,1772904299999,272568.07224,262,20.965,108462.19016,0
1772904300000,5173.61,5175.00,5173.61,5174.65,224.939,1772904599999,1163924.21834,513,167.730,867902.48070,0
1772904600000,5174.66,5175.00,5174.65,5175.00,52.596,1772904899999,272175.99696,261,37.779,195499.17817,0
1772904900000,5175.00,5175.35,5174.99,5175.02,69.194,1772905199999,358088.29321,374,38.665,200094.91034,0
1772905200000,5175.02,5175.02,5175.01,5175.02,22.968,1772905499999,118859.78293,275,15.325,79307.18150,0
1772905500000,5175.02,5175.02,5175.01,5175.02,30.399,1772905799999,157315.26726,116,13.827,71555.00154,0
1772905800000,5175.02,5175.02,5175.01,5175.01,19.970,1772906099999,103345.03562,121,8.592,44463.77184,0
1772906100000,5175.01,5175.02,5174.25,5174.26,35.124,1772906399999,181755.86307,236,7.766,40187.87276,0
1772906400000,5174.25,5174.26,5171.53,5171.79,205.033,1772906699999,1060553.12560,899,69.490,359406.48977,0
1772906700000,5171.79,5171.90,5171.43,5171.43,48.051,1772906999999,248508.45977,212,16.257,84075.99953,0
1772907000000,5171.44,5172.16,5171.43,5172.15,66.754,1772907299999,345223.96524,212,54.529,282000.76965,0
1772907300000,5172.16,5172.68,5172.15,5172.38,34.833,1772907599999,180169.59341,229,17.808,92109.21466,0
1772907600000,5172.38,5172.38,5171.69,5171.99,61.793,1772907899999,319595.19446,289,36.886,190772.28918,0
1772907900000,5172.00,5172.00,5171.16,5171.17,23.224,1772908199999,120104.58397,193,5.764,29808.75674,0
1772908200000,5171.16,5172.38,5171.16,5171.95,93.327,1772908499999,482654.37484,318,73.809,381709.75176,0
1772908500000,5171.96,5172.03,5171.00,5171.26,78.673,1772908799999,406874.11406,207,28.004,144828.70594,0
1772908800000,5171.27,5171.27,5170.65,5171.20,29.383,1772909099999,151942.85602,161,12.862,66510.89849,0
1772909100000,5171.20,5172.18,5171.20,5172.13,83.655,1772909399999,432659.66913,270,31.170,161210.78178,0
1772909400000,5172.13,5172.24,5171.31,5171.97,20.896,1772909699999,108072.04667,151,4.785,24748.01376,0
1772909700000,5171.97,5172.58,5171.26,5172.58,89.612,1772909999999,463468.11363,412,21.067,108958.90457,0
1772910000000,5172.58,5172.58,5171.43,5171.89,46.945,1772910299999,242794.31318,284,17.791,92011.84973,0
1772910300000,5171.89,5172.42,5171.53,5171.56,104.967,1772910599999,542867.34568,387,43.559,225279.87592,0
1772910600000,5171.56,5172.00,5171.21,5171.51,66.198,1772910899999,342361.55378,428,21.323,110277.75998,0
1772910900000,5171.51,5171.73,5170.55,5170.55,132.431,1772911199999,684785.57654,519,7.127,36855.42961,0
1772911200000,5170.55,5170.69,5170.46,5170.46,37.010,1772911499999,191360.15242,186,17.359,89754.41438,0
1772911500000,5170.40,5170.82,5170.05,5170.81,71.528,1772911799999,369821.93167,322,26.240,135671.36579,0
1772911800000,5170.81,5171.69,5170.65,5171.52,102.323,1772912099999,529122.38192,362,55.822,288657.29564,0
1772912100000,5171.52,5173.33,5171.52,5172.55,164.924,1772912399999,853074.01007,647,88.090,455629.01777,0
1772912400000,5172.55,5172.69,5168.58,5168.61,858.437,1772912699999,4437910.91891,2847,160.262,828529.43310,0
1772912700000,5168.60,5168.61,5168.20,5168.21,286.093,1772912999999,1478629.93919,554,55.226,285428.33409,0
1772913000000,5168.20,5168.21,5166.49,5166.95,436.170,1772913299999,2253919.93508,737,60.004,310031.79499,0
1772913300000,5166.94,5166.95,5166.30,5166.81,187.834,1772913599999,970448.90733,529,120.042,620202.13862,0
1772913600000,5166.81,5167.62,5166.81,5167.62,44.396,1772913899999,229396.93976,440,28.712,148358.06844,0
1772913900000,5167.62,5168.61,5167.61,5168.60,53.906,1772914199999,278600.44975,268,39.412,203688.00056,0
1772914200000,5168.61,5168.61,5167.01,5167.56,77.687,1772914499999,401461.07803,348,27.331,141225.72676,0
1772914500000,5167.56,5167.56,5167.55,5167.56,66.885,1772914799999,345631.80385,190,22.210,114771.50760,0
1772914800000,5167.56,5168.00,5167.55,5168.00,23.701,1772915099999,122484.83541,156,7.628,39419.94988,0
1772915100000,5168.00,5168.44,5167.99,5168.43,25.731,1772915399999,132979.97927,158,20.018,103454.13816,0
1772915400000,5168.44,5169.73,5168.00,5168.93,82.916,1772915699999,428577.98452,434,65.075,336360.46247,0
1772915700000,5168.94,5169.29,5168.94,5169.29,28.157,1772915999999,145550.99000,148,23.451,121224.36600,0
1772916000000,5169.29,5170.47,5169.28,5170.47,11.479,1772916299999,59341.70222,185,8.662,44779.38304,0
1772916300000,5170.47,5170.47,5169.18,5170.23,58.229,1772916599999,301049.71386,298,26.628,137666.10775,0
1772916600000,5170.24,5170.24,5169.01,5169.01,51.772,1772916899999,267639.26302,256,12.063,62358.71592,0
1772916900000,5169.02,5169.02,5168.65,5168.65,50.406,1772917199999,260545.78103,250,8.987,46451.32807,0
1772917200000,5168.65,5168.92,5168.65,5168.92,37.004,1772917499999,191261.33403,144,24.350,125857.23693,0
1772917500000,5168.92,5168.99,5168.92,5168.98,6.146,1772917799999,31768.47726,154,2.636,13625.35746,0
1772917800000,5168.98,5170.94,5168.98,5169.89,135.785,1772918099999,701983.76643,776,66.014,341264.61637,0
1772918100000,5169.90,5169.90,5169.89,5169.89,6.679,1772918399999,34529.72985,100,3.454,17856.83460,0
1772918400000,5169.90,5169.90,5169.58,5169.59,14.887,1772918699999,76963.73566,165,3.119,16124.75565,0
1772918700000,5169.58,5169.59,5169.25,5169.25,31.177,1772918999999,161163.12954,334,21.271,109956.09968,0
1772919000000,5169.25,5169.26,5169.03,5169.25,59.316,1772919299999,306615.75178,176,19.397,100265.52282,0
1772919300000,5169.26,5170.34,5169.25,5169.33,28.523,1772919599999,147456.91115,258,22.545,116552.28265,0
1772919600000,5169.34,5169.34,5169.33,5169.34,8.522,1772919899999,44053.07263,103,4.237,21902.49358,0
1772919900000,5169.33,5169.56,5169.09,5169.55,28.394,1772920199999,146776.73428,221,10.104,52229.92960,0
1772920200000,5169.56,5170.34,5169.55,5170.17,15.747,1772920499999,81410.51527,167,11.726,60621.73644,0
1772920500000,5170.16,5170.19,5170.16,5170.19,34.584,1772920799999,178805.16630,126,30.814,159313.65690,0
1772920800000,5170.18,5170.19,5169.22,5169.38,55.615,1772921099999,287515.88080,378,34.780,179804.04680,0
1772921100000,5169.37,5169.38,5169.37,5169.38,7.318,1772921399999,37829.50641,101,5.675,29336.23150,0
1772921400000,5169.38,5171.00,5169.37,5170.66,106.941,1772921699999,552909.50016,532,66.311,342848.70729,0
1772921700000,5170.66,5170.66,5170.12,5170.13,18.373,1772921999999,94997.57946,114,3.232,16711.10090,0
1772922000000,5170.12,5170.13,5170.12,5170.13,8.085,1772922299999,41800.47249,60,5.229,27034.60977,0
1772922300000,5170.12,5170.13,5170.08,5170.09,45.932,1772922599999,237473.21820,124,31.868,164760.77656,0
1772922600000,5170.08,5170.34,5169.67,5170.34,39.585,1772922899999,204652.60575,199,23.066,119250.64024,0
1772922900000,5170.34,5170.83,5169.97,5170.44,47.042,1772923199999,243223.13376,257,22.417,115903.03754,0
1772923200000,5170.44,5170.99,5169.00,5169.84,160.869,1772923499999,831687.37923,618,64.767,334850.52924,0
1772923500000,5169.97,5170.70,5169.00,5169.95,24.327,1772923799999,125768.74242,468,16.070,83079.65030,0
1772923800000,5169.96,5170.70,5169.45,5169.71,7.306,1772924099999,37774.02974,198,3.825,19775.85640,0
1772924100000,5169.71,5170.16,5169.70,5169.97,26.427,1772924399999,136625.01513,128,15.500,80135.33611,0
1772924400000,5169.97,5169.97,5169.75,5169.96,12.917,1772924699999,66780.00897,124,8.646,44699.32458,0
1772924700000,5169.95,5170.47,5169.95,5170.21,41.832,1772924999999,216279.07659,175,17.003,87908.90888,0
1772925000000,5170.20,5170.21,5169.60,5169.64,63.764,1772925299999,329656.78203,405,42.112,217716.24080,0
1772925300000,5169.64,5169.81,5169.21,5169.64,26.549,1772925599999,137247.69583,220,17.295,89408.71378,0
1772925600000,5169.64,5170.15,5167.00,5168.05,442.461,1772925899999,2286952.97605,1349,125.546,648931.77349,0
1772925900000,5168.05,5168.76,5167.91,5168.76,140.284,1772926199999,725016.90661,391,55.087,284697.10939,0
1772926200000,5168.75,5169.18,5168.60,5169.08,63.088,1772926499999,326094.00716,352,40.501,209342.82461,0
1772926500000,5169.08,5169.70,5168.75,5169.29,77.965,1772926799999,403008.22031,312,64.968,335824.07688,0
1772926800000,5169.29,5169.74,5169.29,5169.41,11.872,1772927099999,61371.64219,133,8.733,45144.83118,0
1772927100000,5169.41,5171.00,5169.40,5169.91,181.872,1772927399999,940284.24074,255,153.398,793067.91396,0
1772927400000,5169.90,5170.62,5169.80,5170.36,41.430,1772927699999,214192.52357,220,32.364,167318.83316,0
1772927700000,5170.35,5170.36,5169.17,5169.80,53.786,1772927999999,278063.35287,236,9.020,46630.85684,0
1772928000000,5169.80,5170.01,5169.80,5169.81,96.366,1772928299999,498199.01147,289,68.022,351664.02085,0
1772928300000,5169.81,5170.50,5169.49,5169.49,97.707,1772928599999,505149.22332,325,82.517,426615.08940,0
1772928600000,5169.50,5169.50,5169.10,5169.10,33.965,1772928899999,175571.34341,226,15.756,81445.35438,0
1772928900000,5169.11,5169.50,5169.05,5169.45,34.720,1772929199999,179476.26758,252,18.937,97887.71165,0
1772929200000,5169.46,5169.46,5168.60,5168.60,50.456,1772929499999,260812.24613,335,26.829,138680.05591,0
1772929500000,5168.61,5168.61,5168.41,5168.41,39.084,1772929799999,202006.04585,113,14.011,72415.47894,0
1772929800000,5168.41,5168.42,5168.41,5168.41,56.716,1772930099999,293131.72013,145,17.857,92292.47594,0
1772930100000,5168.42,5169.06,5167.78,5169.06,82.751,1772930399999,427684.27876,292,34.696,179320.66798,0
1772930400000,5169.05,5169.29,5169.05,5169.28,35.507,1772930699999,183538.81678,106,24.676,127552.43511,0
1772930700000,5169.28,5169.72,5169.28,5169.71,43.416,1772930999999,224437.38280,158,35.423,183116.41906,0
1772931000000,5169.72,5169.97,5169.05,5169.68,49.007,1772931299999,253336.09735,287,18.219,94182.18793,0
1772931300000,5169.68,5169.69,5168.86,5169.45,59.649,1772931599999,308343.46054,237,16.334,84433.17019,0
1772931600000,5169.46,5169.95,5169.45,5169.66,40.728,1772931899999,210552.71568,205,21.428,110775.20429,0
1772931900000,5169.67,5169.77,5168.62,5169.56,50.819,1772932199999,262698.25488,300,17.269,89268.11468,0
1772932200000,5169.56,5169.84,5168.78,5169.84,93.484,1772932499999,483249.90625,383,32.235,166628.09616,0
1772932500000,5169.85,5170.07,5169.51,5169.58,67.337,1772932799999,348124.72573,378,47.260,244328.70959,0
1772932800000,5169.59,5169.91,5168.55,5169.74,146.660,1772933099999,758137.51207,489,67.094,346846.73907,0
1772933100000,5169.75,5170.19,5169.74,5170.19,83.341,1772933399999,430870.98107,181,80.343,415370.82983,0
1772933400000,5170.19,5170.99,5170.18,5170.39,149.735,1772933699999,774205.72269,225,120.889,625050.32292,0
1772933700000,5170.38,5170.94,5169.64,5170.30,176.967,1772933999999,914967.76995,557,83.554,431992.38492,0
1772934000000,5170.29,5170.30,5170.26,5170.30,10.870,1772934299999,56201.08575,191,4.937,25525.76091,0
1772934300000,5170.29,5170.71,5170.29,5170.57,50.746,1772934599999,262387.95411,349,11.721,60603.90098,0
1772934600000,5170.56,5170.57,5170.56,5170.56,7.381,1772934899999,38163.96221,71,5.885,30428.80445,0
1772934900000,5170.57,5170.57,5169.78,5169.78,52.201,1772935199999,269891.40140,239,5.909,30549.26207,0
1772935200000,5169.78,5169.79,5169.06,5169.31,50.072,1772935499999,258844.98891,275,5.943,30721.54806,0
1772935500000,5169.32,5169.32,5169.03,5169.23,70.515,1772935799999,364506.59158,214,31.880,164791.62883,0
1772935800000,5169.23,5169.54,5169.00,5169.53,95.000,1772936099999,491063.30113,141,16.179,83630.59751,0
1772936100000,5169.53,5169.96,5169.01,5169.69,46.168,1772936399999,238653.45240,236,25.296,130757.02691,0
1772936400000,5169.70,5169.70,5169.43,5169.43,32.089,1772936699999,165885.64741,139,15.879,82087.91260,0
1772936700000,5169.44,5169.93,5169.43,5169.92,26.993,1772936999999,139546.40757,147,16.292,84225.59363,0
1772937000000,5169.93,5169.93,5169.47,5169.47,23.056,1772937299999,119188.51729,143,6.957,35964.76401,0
1772937300000,5169.47,5169.48,5169.47,5169.48,15.989,1772937599999,82654.78546,91,12.963,67011.96924,0
1772937600000,5169.48,5170.10,5169.47,5169.94,34.579,1772937899999,178762.57784,151,26.330,136118.13181,0
1772937900000,5169.94,5170.03,5169.93,5170.02,14.782,1772938199999,76423.12555,140,10.991,56823.58369,0
1772938200000,5170.03,5170.03,5169.47,5169.61,52.511,1772938499999,271464.65936,336,22.768,117702.41688,0
1772938500000,5169.60,5169.99,5169.50,5169.99,91.286,1772938799999,471917.94732,351,45.934,237461.36301,0
1772938800000,5169.98,5170.13,5169.98,5170.00,26.276,1772939099999,135848.51944,185,12.208,63115.67924,0
1772939100000,5170.01,5170.13,5170.00,5170.00,64.983,1772939399999,335964.67655,187,14.754,76279.05934,0
1772939400000,5170.01,5170.01,5169.99,5170.00,26.064,1772939699999,134750.91274,81,3.823,19764.94562,0
1772939700000,5170.00,5170.00,5169.56,5169.86,96.399,1772939999999,498355.91940,220,17.049,88137.81260,0
1772940000000,5169.87,5170.09,5169.57,5170.08,53.602,1772940299999,277107.10712,216,23.087,119352.87385,0
1772940300000,5170.09,5170.09,5169.58,5169.59,26.244,1772940599999,135682.45105,168,4.668,24133.95216,0
1772940600000,5169.58,5169.84,5169.58,5169.75,64.055,1772940899999,331147.20007,176,23.331,120612.62647,0
1772940900000,5169.75,5169.94,5169.52,5169.94,99.750,1772941199999,515666.27048,335,43.899,226939.40985,0
1772941200000,5169.95,5169.95,5169.56,5169.70,42.127,1772941499999,217789.21219,185,23.914,123631.14199,0
1772941500000,5169.70,5169.92,5169.00,5169.25,168.072,1772941799999,868874.40131,209,49.695,256900.55869,0
1772941800000,5169.25,5169.97,5169.24,5169.71,49.211,1772942099999,254397.04661,155,12.801,66176.93461,0
1772942100000,5169.71,5169.71,5169.50,5169.51,38.016,1772942399999,196529.24426,155,13.871,71708.57101,0
1772942400000,5169.51,5169.90,5168.50,5169.33,129.236,1772942699999,668046.74224,303,14.598,75467.91045,0
1772942700000,5169.33,5169.45,5169.05,5169.40,71.287,1772942999999,368504.11752,210,30.229,156260.42649,0
1772943000000,5169.40,5169.40,5168.66,5169.30,69.490,1772943299999,359195.56175,187,63.692,329225.49893,0
1772943300000,5169.30,5169.79,5169.30,5169.77,98.581,1772943599999,509634.40466,149,38.196,197460.34001,0
1772943600000,5169.77,5169.78,5169.39,5169.40,17.939,1772943899999,92736.60501,120,6.461,33399.52950,0
1772943900000,5169.40,5169.77,5169.39,5169.76,25.006,1772944199999,129267.67209,86,22.514,116384.65422,0
1772944200000,5169.77,5170.20,5169.50,5169.59,126.896,1772944499999,656037.30632,215,96.069,496660.48227,0
1772944500000,5169.59,5169.84,5169.58,5169.83,44.880,1772944799999,232017.65208,108,41.876,216487.49151,0
1772944800000,5169.83,5169.84,5169.65,5169.66,12.982,1772945099999,67113.73462,124,4.133,21366.49170,0
1772945100000,5169.66,5169.66,5169.65,5169.65,44.799,1772945399999,231595.36710,182,21.675,112052.38050,0
1772945400000,5169.66,5169.66,5169.15,5169.36,39.453,1772945699999,203951.55888,219,15.219,78676.17771,0
1772945700000,5169.36,5169.58,5168.80,5168.81,92.034,1772945999999,475742.65851,368,49.313,254908.55371,0
1772946000000,5168.80,5169.00,5168.80,5169.00,93.923,1772946299999,485472.82827,261,85.244,440612.59069,0
1772946300000,5169.00,5169.19,5168.60,5168.61,50.367,1772946599999,260343.63762,222,26.904,139064.95726,0
1772946600000,5168.60,5169.44,5168.60,5169.44,42.471,1772946899999,219521.66473,138,23.892,123491.51477,0
1772946900000,5169.44,5169.45,5168.44,5169.30,35.080,1772947199999,181321.37119,227,5.057,26138.91852,0
1772947200000,5169.29,5169.70,5169.07,5169.15,45.161,1772947499999,233463.23219,198,39.154,202410.20223,0
1772947500000,5169.15,5169.70,5169.07,5169.08,22.448,1772947799999,116044.53688,159,11.558,59749.62194,0
1772947800000,5169.08,5169.58,5168.67,5169.58,72.405,1772948099999,374269.49031,204,35.702,184553.96011,0
1772948100000,5169.58,5169.84,5168.71,5169.84,40.155,1772948399999,207580.26411,198,24.367,125965.28511,0
1772948400000,5169.83,5169.84,5168.76,5169.53,37.290,1772948699999,192754.24919,171,16.950,87618.66090,0
1772948700000,5169.53,5169.65,5169.07,5169.08,25.745,1772948999999,133086.14789,163,15.650,80899.32899,0
1772949000000,5169.07,5169.08,5169.07,5169.07,18.439,1772949299999,95312.53428,90,5.255,27163.51540,0
1772949300000,5169.07,5169.71,5169.07,5169.71,20.081,1772949599999,103806.11991,107,15.161,78372.53937,0
1772949600000,5169.75,5169.85,5169.45,5169.45,44.312,1772949899999,229078.70813,174,17.272,89289.17764,0
1772949900000,5169.46,5169.84,5169.40,5169.40,52.504,1772950199999,271421.72472,263,47.039,243170.39212,0
1772950200000,5169.40,5169.41,5169.40,5169.41,27.142,1772950499999,140308.03673,99,18.193,94047.07613,0
1772950500000,5169.41,5169.41,5169.35,5169.36,32.479,1772950799999,167896.95848,226,13.683,70733.01083,0
1772950800000,5169.35,5169.35,5168.90,5168.90,34.180,1772951099999,176676.38276,210,10.380,53654.30104,0
1772951100000,5168.90,5168.91,5168.90,5168.91,19.394,1772951399999,100245.69303,121,4.643,23999.24913,0
1772951400000,5168.90,5168.91,5168.84,5168.85,37.887,1772951699999,195833.43134,242,19.148,98973.81078,0
1772951700000,5168.85,5169.19,5168.75,5168.94,123.912,1772951999999,640496.61023,317,46.951,242683.34233,0
1772952000000,5168.95,5169.36,5168.94,5169.36,45.928,1772952299999,237414.10873,111,39.681,205122.65699,0
1772952300000,5169.35,5169.40,5169.00,5169.39,74.110,1772952599999,383098.97832,189,41.813,216145.24712,0
1772952600000,5169.40,5169.40,5169.36,5169.36,77.825,1772952899999,402307.10402,142,31.068,160602.80615,0
1772952900000,5169.35,5169.36,5169.00,5169.35,69.055,1772953199999,356952.41887,263,38.433,198663.71003,0
1772953200000,5169.35,5169.35,5169.28,5169.35,65.426,1772953499999,338206.47534,203,54.692,282719.03911,0
1772953500000,5169.35,5169.41,5169.35,5169.41,80.619,1772953799999,416752.07464,280,76.985,397966.48971,0
1772953800000,5169.40,5169.44,5169.40,5169.44,33.128,1772954099999,171252.16807,113,26.029,134554.58880,0
1772954100000,5169.44,5169.50,5169.44,5169.50,26.414,1772954399999,136545.91806,81,14.573,75334.56777,0
1772954400000,5169.50,5169.50,5169.49,5169.49,82.882,1772954699999,428457.79646,135,12.628,65280.44600,0
1772954700000,5169.49,5169.56,5169.49,5169.56,31.099,1772954999999,160766.57034,120,26.429,136624.91477,0
1772955000000,5169.55,5169.65,5169.55,5169.64,82.037,1772955299999,424100.08340,247,24.626,127306.23361,0
1772955300000,5169.64,5169.65,5169.30,5169.31,84.028,1772955599999,434383.94985,222,5.979,30907.88693,0
1772955600000,5169.30,5169.31,5169.30,5169.30,23.377,1772955899999,120842.84519,123,11.909,61561.31279,0
1772955900000,5169.30,5169.31,5169.30,5169.30,15.049,1772956199999,77792.82517,109,2.947,15233.95657,0
1772956200000,5169.30,5169.44,5169.30,5169.43,34.291,1772956499999,177262.26404,183,28.603,147858.95245,0
1772956500000,5169.43,5169.71,5169.43,5169.70,45.690,1772956799999,236193.98651,130,34.607,178900.82578,0
1772956800000,5169.71,5169.75,5169.70,5169.74,21.529,1772957099999,111299.41927,176,16.486,85228.46545,0
1772957100000,5169.75,5169.75,5169.74,5169.75,27.840,1772957399999,143925.68999,185,12.839,66374.42025,0
1772957400000,5169.75,5169.75,5169.74,5169.75,12.350,1772957699999,63846.38013,253,9.113,47111.93175,0
1772957700000,5169.75,5169.80,5169.50,5169.51,59.271,1772957999999,306414.24978,327,30.117,155695.71390,0
1772958000000,5169.51,5169.54,5169.50,5169.54,29.329,1772958299999,151616.75040,209,15.718,81254.51784,0
1772958300000,5169.53,5169.54,5169.53,5169.54,14.899,1772958599999,77020.86506,149,3.759,19432.30086,0
1772958600000,5169.54,5169.54,5169.33,5169.34,18.441,1772958899999,95330.20783,187,4.267,22058.20810,0
1772958900000,5169.34,5169.55,5169.33,5169.55,42.390,1772959199999,219133.72102,237,24.805,128228.24964,0
1772959200000,5169.55,5169.83,5169.54,5169.83,81.808,1772959499999,422923.45046,292,68.168,352409.86785,0
1772959500000,5169.83,5170.00,5169.83,5170.00,66.997,1772959799999,346372.58539,313,57.619,297888.68646,0
1772959800000,5170.00,5170.00,5169.99,5170.00,13.593,1772960099999,70275.78227,177,10.820,55939.40000,0
1772960100000,5170.00,5170.00,5169.98,5170.00,27.252,1772960399999,140892.58171,208,9.793,50629.76583,0
1772960400000,5170.00,5170.00,5169.81,5169.82,18.799,1772960699999,97190.65661,239,12.560,64935.14229,0
1772960700000,5169.82,5170.10,5169.81,5170.05,13.229,1772960999999,68393.82782,199,11.532,59620.38770,0
1772961000000,5170.05,5170.05,5170.04,5170.05,27.782,1772961299999,143634.24144,195,19.016,98313.67080,0
1772961300000,5170.04,5170.05,5170.04,5170.04,21.202,1772961599999,109615.31009,230,12.201,63079.78005,0
1772961600000,5170.05,5170.05,5169.97,5169.98,21.389,1772961899999,110581.32866,245,6.750,34897.51297,0
1772961900000,5169.98,5169.98,5169.90,5169.91,17.872,1772962199999,92397.10543,185,10.254,53012.57761,0
1772962200000,5169.90,5169.91,5169.82,5169.83,17.439,1772962499999,90157.09004,347,7.443,38479.11081,0
1772962500000,5169.83,5169.93,5169.51,5169.61,61.778,1772962799999,319372.70430,371,36.850,190502.11591,0
1772962800000,5169.60,5169.60,5169.34,5169.46,37.704,1772963099999,194908.95390,227,28.729,148512.75605,0
1772963100000,5169.47,5169.54,5169.34,5169.34,67.196,1772963399999,347367.05190,708,15.274,78958.31382,0
1772963400000,5169.35,5169.35,5168.35,5168.46,250.158,1772963699999,1293015.29049,723,77.062,398293.58489,0
1772963700000,5168.45,5168.46,5168.03,5168.20,170.463,1772963999999,881005.04477,384,33.281,172003.93187,0
1772964000000,5168.20,5168.39,5168.20,5168.22,72.350,1772964299999,373924.62697,254,36.328,187754.37853,0
1772964300000,5168.22,5168.22,5168.21,5168.22,35.311,1772964599999,182494.76325,121,9.994,51651.19068,0
1772964600000,5168.22,5168.22,5168.15,5168.22,75.037,1772964899999,387807.17549,191,20.504,105969.18288,0
1772964900000,5168.22,5168.22,5168.02,5168.05,72.360,1772965199999,373966.08801,210,19.389,100203.64763,0
1772965200000,5168.04,5168.39,5168.04,5168.39,93.744,1772965499999,484487.05415,221,57.375,296522.58491,0
1772965500000,5168.39,5168.39,5167.60,5167.60,340.801,1772965799999,1761274.71604,366,150.288,776693.46916,0
1772965800000,5167.61,5168.11,5167.37,5167.42,222.903,1772966099999,1151896.37379,365,128.095,661951.07271,0
1772966100000,5167.42,5168.18,5167.41,5168.17,115.720,1772966399999,598015.87986,217,80.539,416201.51197,0
1772966400000,5168.17,5168.18,5167.32,5167.33,238.935,1772966699999,1234766.15425,296,25.396,131243.71813,0
1772966700000,5167.33,5168.20,5167.32,5167.50,148.517,1772966999999,767468.94280,360,67.361,348086.73681,0
1772967000000,5167.50,5167.51,5167.00,5167.01,82.447,1772967299999,426017.61020,214,9.048,46755.11544,0
1772967300000,5167.00,5167.01,5167.00,5167.00,51.152,1772967599999,264302.61916,233,23.516,121507.40716,0
1772967600000,5167.01,5167.27,5167.00,5167.27,47.947,1772967899999,247752.58344,224,33.307,172104.06526,0
1772967900000,5167.26,5167.69,5167.10,5167.19,72.833,1772968199999,376349.84555,308,16.282,84133.27967,0
1772968200000,5167.20,5167.35,5166.80,5167.35,164.130,1772968499999,848071.15733,350,57.766,298480.75105,0
1772968500000,5167.35,5167.36,5167.34,5167.34,32.565,1772968799999,168274.72308,189,18.493,95559.84574,0
1772968800000,5167.35,5167.71,5167.34,5167.69,60.950,1772969099999,314955.67044,194,51.962,268510.17800,0
1772969100000,5167.70,5167.80,5167.69,5167.80,48.281,1772969399999,249503.51228,197,44.934,232207.04995,0
1772969400000,5167.80,5168.39,5167.79,5168.39,82.400,1772969699999,425855.36116,307,65.624,339153.16375,0
1772969700000,5168.39,5168.51,5168.36,5168.51,49.399,1772969999999,255313.77619,227,21.053,108810.37649,0
1772970000000,5168.51,5168.51,5168.50,5168.51,53.689,1772970299999,277491.85147,198,25.497,131781.49947,0
1772970300000,5168.50,5168.51,5168.49,5168.50,47.627,1772970599999,246160.07285,157,11.360,58714.17469,0
1772970600000,5168.50,5168.50,5168.49,5168.50,29.494,1772970899999,152439.62574,191,18.168,93901.30800,0
1772970900000,5168.49,5168.50,5168.47,5168.47,47.559,1772971199999,245807.82055,191,22.586,116735.32032,0
1772971200000,5168.47,5168.64,5168.47,5168.62,105.694,1772971499999,546282.16322,365,66.259,342458.48335,0
1772971500000,5168.62,5168.62,5168.49,5168.49,33.318,1772971799999,172206.82944,170,11.861,61304.16548,0
1772971800000,5168.49,5168.50,5168.49,5168.49,46.238,1772972099999,238981.00964,191,36.902,190727.98700,0
1772972100000,5168.50,5168.56,5168.38,5168.38,140.814,1772972399999,727788.29922,347,54.930,283904.61709,0
1772972400000,5168.38,5168.88,5168.15,5168.67,120.106,1772972699999,620754.58007,297,96.299,497706.82303,0
1772972700000,5168.66,5168.67,5168.56,5168.56,29.800,1772972999999,154023.96946,130,16.723,86434.08251,0
1772973000000,5168.57,5168.57,5168.45,5168.46,31.250,1772973299999,161515.72133,215,16.945,87579.92045,0
1772973300000,5168.46,5168.46,5167.00,5167.01,170.749,1772973599999,882448.62690,507,10.023,51798.42804,0
1772973600000,5167.00,5167.50,5166.74,5167.49,100.228,1772973899999,517881.18619,258,47.363,244722.74741,0
1772973900000,5167.49,5167.86,5167.49,5167.60,55.499,1772974199999,286794.77007,190,21.808,112694.35826,0
1772974200000,5167.60,5168.00,5167.60,5168.00,57.860,1772974499999,299011.41872,178,30.949,159937.99164,0
1772974500000,5168.00,5168.37,5167.89,5167.89,56.517,1772974799999,292095.39214,236,33.042,170771.32035,0
1772974800000,5167.90,5168.33,5167.80,5168.13,33.544,1772975099999,173359.35818,201,20.046,103599.65707,0
1772975100000,5168.13,5168.28,5168.12,5168.28,31.736,1772975399999,164016.46392,179,24.956,128976.53337,0
1772975400000,5168.27,5168.28,5167.96,5168.24,58.935,1772975699999,304590.36519,233,35.645,184222.28340,0
1772975700000,5168.23,5168.24,5167.96,5167.96,46.060,1772975999999,238038.77918,136,26.808,138543.01725,0
1772976000000,5167.97,5168.27,5167.96,5168.01,98.041,1772976299999,506678.67704,212,30.593,158105.72017,0
1772976300000,5168.01,5168.01,5168.00,5168.01,46.789,1772976599999,241805.75311,165,20.111,103933.84911,0
1772976600000,5168.00,5168.01,5168.00,5168.01,42.959,1772976899999,222012.41137,142,29.937,154714.71537,0
1772976900000,5168.00,5168.01,5168.00,5168.00,29.069,1772977199999,150228.73808,156,14.608,75494.29008,0
1772977200000,5168.01,5168.01,5168.00,5168.01,32.172,1772977499999,166265.07463,451,17.863,92316.16263,0
1772977500000,5168.01,5168.64,5167.76,5168.44,98.851,1772977799999,510867.79486,639,69.775,360602.78577,0
1772977800000,5168.44,5168.76,5168.19,5168.63,66.612,1772978099999,344274.11263,463,59.039,305132.79915,0
1772978100000,5168.62,5168.63,5168.20,5168.30,98.434,1772978399999,508739.46735,280,80.289,414958.14504,0
1772978400000,5168.30,5168.99,5168.29,5168.72,126.683,1772978699999,654769.22522,412,108.270,559599.20401,0
1772978700000,5168.73,5168.73,5168.24,5168.25,28.136,1772978999999,145423.57258,228,12.755,65926.00803,0
1772979000000,5168.25,5168.67,5168.24,5168.66,49.836,1772979299999,257579.09067,177,33.186,171522.92047,0
1772979300000,5168.67,5168.67,5168.60,5168.60,48.510,1772979599999,250731.37572,213,33.717,174271.44681,0
1772979600000,5168.61,5168.93,5168.60,5168.92,60.870,1772979899999,314616.81681,234,44.554,230285.77050,0
1772979900000,5168.92,5168.93,5168.40,5168.47,39.464,1772980199999,203969.04582,212,16.869,87186.31706,0
1772980200000,5168.47,5168.47,5168.46,5168.46,107.309,1772980499999,554623.29376,184,101.962,526987.53814,0
1772980500000,5168.46,5168.47,5167.79,5168.03,65.124,1772980799999,336560.17403,227,24.874,128549.00097,0
1772980800000,5168.02,5168.03,5167.59,5167.60,53.015,1772981099999,273964.88068,182,22.981,118756.65355,0
1772981100000,5167.60,5167.75,5167.60,5167.60,39.829,1772981399999,205821.62014,104,38.640,199677.33905,0
1772981400000,5167.60,5168.08,5167.50,5168.07,85.001,1772981699999,439254.50432,216,47.177,243789.92659,0
1772981700000,5168.08,5168.30,5167.49,5168.30,35.074,1772981999999,181258.29378,343,27.019,139631.47017,0
1772982000000,5168.29,5168.29,5168.02,5168.02,58.235,1772982299999,300962.13029,245,41.552,214742.07699,0
1772982300000,5168.03,5168.44,5168.02,5168.44,41.149,1772982599999,212665.30237,166,28.750,148585.17452,0
1772982600000,5168.43,5168.44,5168.43,5168.44,18.756,1772982899999,96939.21349,113,14.041,72570.06604,0
1772982900000,5168.44,5168.44,5168.43,5168.44,16.560,1772983199999,85589.30075,122,9.995,51658.55780,0
1772983200000,5168.44,5168.96,5167.65,5167.80,141.470,1772983499999,731151.71509,655,65.208,337010.48508,0
1772983500000,5167.80,5168.01,5167.79,5168.00,34.981,1772983799999,180775.77739,157,30.121,155659.73083,0
1772983800000,5168.01,5168.25,5168.01,5168.11,55.735,1772984099999,288043.83894,207,44.018,227489.10990,0
1772984100000,5168.11,5168.11,5168.10,5168.11,28.012,1772984399999,144768.95099,105,13.379,69144.14369,0
1772984400000,5168.10,5168.11,5168.10,5168.11,41.437,1772984699999,214150.60637,126,4.667,24119.56937,0
1772984700000,5168.11,5168.11,5167.85,5167.85,66.259,1772984999999,342421.62521,147,20.151,104137.85101,0
1772985000000,5167.86,5168.36,5167.85,5168.11,94.586,1772985299999,488824.54250,231,68.171,352307.07904,0
1772985300000,5168.11,5168.86,5168.00,5168.12,145.946,1772985599999,754286.81437,285,66.987,346211.83622,0
1772985600000,5168.12,5168.76,5168.02,5168.06,393.369,1772985899999,2033023.83595,908,272.869,1410230.54826,0
1772985900000,5168.06,5168.06,5167.20,5167.21,61.889,1772986199999,319825.18150,200,12.260,63358.92589,0
1772986200000,5167.21,5167.59,5167.20,5167.59,57.741,1772986499999,298364.69979,178,49.841,257542.16283,0
1772986500000,5167.58,5167.58,5167.30,5167.53,102.323,1772986799999,528749.24875,229,67.383,348199.12981,0
1772986800000,5167.54,5167.70,5167.18,5167.31,173.330,1772987099999,895661.44382,453,68.194,352385.24669,0
1772987100000,5167.31,5167.31,5167.30,5167.30,49.124,1772987399999,253838.62262,184,17.742,91678.41402,0
1772987400000,5167.31,5167.31,5167.07,5167.07,61.340,1772987699999,316957.81711,171,2.657,13729.53692,0
1772987700000,5167.07,5167.08,5166.74,5166.75,178.563,1772987999999,922624.55326,207,57.205,295567.31667,0
1772988000000,5166.74,5167.30,5166.74,5166.76,103.533,1772988299999,534953.31789,387,42.390,219026.72703,0
1772988300000,5166.77,5167.24,5166.76,5167.11,144.653,1772988599999,747405.69818,339,87.806,453686.68823,0
1772988600000,5167.11,5167.30,5166.10,5166.11,142.285,1772988899999,735134.41236,686,72.433,374229.68642,0
1772988900000,5166.11,5166.84,5166.00,5166.25,85.239,1772989199999,440367.56501,560,26.647,137663.64781,0
1772989200000,5166.25,5166.25,5166.00,5166.11,92.959,1772989499999,480231.13582,396,28.453,146990.51257,0
1772989500000,5166.10,5166.54,5166.00,5166.00,58.708,1772989799999,303291.79186,350,28.924,149424.35030,0
1772989800000,5166.01,5166.01,5165.00,5165.46,179.675,1772990099999,928074.04400,463,83.518,431392.40368,0
1772990100000,5165.46,5166.46,5165.01,5166.11,80.502,1772990399999,415845.99596,447,45.137,233167.41927,0
1772990400000,5166.11,5166.12,5165.03,5165.03,71.583,1772990699999,369769.19942,371,28.332,146354.90260,0
1772990700000,5165.03,5165.35,5164.22,5165.35,91.240,1772990999999,471231.04959,356,37.864,195553.58809,0
1772991000000,5165.35,5165.35,5165.34,5165.35,23.293,1772991299999,120316.38879,121,12.417,64138.15095,0
1772991300000,5165.34,5165.81,5165.34,5165.81,26.383,1772991599999,136283.34430,166,21.815,112686.97284,0
1772991600000,5165.81,5166.25,5165.31,5165.31,78.033,1772991899999,403107.97055,336,35.825,185069.60950,0
1772991900000,5165.31,5165.32,5164.57,5164.84,65.513,1772992199999,338365.32210,300,6.416,33136.22219,0
1772992200000,5164.83,5164.84,5163.75,5163.90,76.274,1772992499999,393897.34936,495,33.675,173903.61739,0
1772992500000,5163.89,5163.90,5163.89,5163.89,16.625,1772992799999,85849.72693,162,5.568,28752.59520,0
1772992800000,5163.89,5163.90,5163.20,5163.69,91.281,1772993099999,471332.10525,594,37.328,192744.12397,0
1772993100000,5163.70,5163.97,5163.05,5163.61,45.318,1772993399999,233991.32766,380,14.456,74640.45152,0
1772993400000,5163.61,5164.01,5163.48,5163.48,56.388,1772993699999,291185.17823,186,19.500,100696.93474,0
1772993700000,5163.49,5164.00,5163.00,5163.01,78.105,1772993999999,403285.65372,427,17.409,89890.59850,0
1772994000000,5163.00,5164.02,5162.75,5163.96,110.381,1772994299999,569941.93368,412,73.834,381250.21288,0
1772994300000,5163.96,5164.50,5163.47,5163.47,64.788,1772994599999,334571.73568,317,34.782,179618.89696,0
1772994600000,5163.48,5163.51,5163.25,5163.25,41.859,1772994899999,216132.29734,282,10.287,53115.18622,0
1772994900000,5163.25,5163.63,5163.01,5163.15,59.921,1772995199999,309392.98239,348,31.009,160108.77622,0
1772995200000,5163.16,5164.05,5163.15,5163.94,100.345,1772995499999,518160.18805,392,85.262,440273.17473,0
1772995500000,5163.95,5164.54,5163.94,5164.00,119.508,1772995799999,617156.39757,397,81.992,423417.10181,0
1772995800000,5164.00,5164.87,5164.00,5164.86,60.387,1772996099999,311869.04016,366,45.015,232481.93856,0
1772996100000,5164.86,5164.86,5164.25,5164.34,49.502,1772996399999,255654.70139,178,28.077,145003.40774,0
1772996400000,5164.33,5164.34,5164.25,5164.34,30.901,1772996699999,159582.01948,207,12.727,65725.90138,0
1772996700000,5164.34,5164.39,5164.33,5164.38,24.900,1772996999999,128592.68306,145,14.573,75260.22625,0
1772997000000,5164.38,5164.55,5164.38,5164.55,36.780,1772997299999,189948.87014,201,18.049,93213.79552,0
1772997300000,5164.54,5165.14,5164.47,5164.65,99.430,1772997599999,513527.53854,497,48.444,250200.63609,0
1772997600000,5164.65,5166.17,5164.65,5166.05,125.995,1772997899999,650807.41191,507,76.916,397297.25671,0
1772997900000,5166.04,5166.49,5166.04,5166.43,110.472,1772998199999,570732.82694,420,91.366,472026.83723,0
1772998200000,5166.43,5168.00,5166.43,5167.99,159.255,1772998499999,822899.13448,462,143.554,741770.27542,0
1772998500000,5168.00,5168.36,5167.95,5168.35,81.407,1772998799999,420719.95921,333,54.054,279356.99028,0
1772998800000,5168.36,5168.41,5168.10,5168.41,119.256,1772999099999,616355.23518,280,77.256,399285.58470,0
1772999100000,5168.41,5168.60,5168.39,5168.60,94.350,1772999399999,487645.61102,284,69.082,357050.28194,0
1772999400000,5168.60,5168.75,5168.59,5168.74,31.525,1772999699999,162943.07255,193,25.037,129408.29373,0
1772999700000,5168.75,5168.75,5168.74,5168.74,17.625,1772999999999,91099.08644,192,4.394,22711.48750,0
1773000000000,5168.75,5168.75,5168.39,5168.40,127.264,1773000299999,657784.07144,398,20.115,103965.69115,0
1773000300000,5168.40,5168.40,5167.28,5167.28,142.464,1773000599999,736232.41182,609,35.094,181361.77702,0
1773000600000,5167.29,5167.29,5167.27,5167.28,33.802,1773000899999,174664.48136,173,17.914,92566.77743,0
1773000900000,5167.27,5167.94,5167.27,5167.64,89.783,1773001199999,463938.43271,212,74.532,385129.59108,0
1773001200000,5167.63,5167.67,5167.40,5167.40,101.267,1773001499999,523310.99999,208,92.549,478260.17963,0
1773001500000,5167.41,5167.95,5167.40,5167.77,28.164,1773001799999,145541.33701,186,19.702,101811.09947,0
1773001800000,5167.78,5168.38,5167.77,5168.24,38.936,1773002099999,201222.72668,261,29.026,150007.39153,0
1773002100000,5168.24,5168.40,5168.03,5168.03,31.444,1773002399999,162512.24127,275,12.823,66272.70362,0
1773002400000,5168.04,5168.59,5167.37,5167.59,76.065,1773002699999,393103.44178,294,12.830,66307.68691,0
1773002700000,5167.58,5168.53,5167.58,5168.02,37.888,1773002999999,195797.62462,265,25.639,132494.15013,0
1773003000000,5167.97,5168.28,5167.94,5168.28,48.903,1773003299999,252736.82401,326,36.269,187442.57687,0
1773003300000,5168.27,5168.28,5167.48,5167.90,36.553,1773003599999,188893.54121,312,28.402,146768.61595,0
1773003600000,5167.90,5168.15,5167.89,5168.14,29.978,1773003899999,154929.53069,382,22.038,113894.50118,0
1773003900000,5168.15,5168.86,5167.48,5167.48,92.010,1773004199999,475521.22426,378,23.494,121424.47891,0
1773004200000,5167.48,5167.48,5166.69,5167.10,25.046,1773004499999,129420.42058,246,8.375,43274.55243,0
1773004500000,5167.10,5167.73,5166.46,5166.50,59.983,1773004799999,309917.60885,553,42.658,220400.56557,0
1773004800000,5166.51,5168.25,5166.51,5168.05,150.350,1773005099999,776880.18917,542,108.447,560367.13437,0
1773005100000,5168.05,5168.24,5166.20,5166.34,102.289,1773005399999,528527.18776,473,66.534,343779.56606,0
1773005400000,5166.34,5166.93,5164.85,5165.09,286.834,1773005699999,1481749.08843,1115,139.453,720388.62714,0
1773005700000,5165.10,5165.65,5161.20,5161.20,448.872,1773005999999,2317733.75155,1239,124.969,645324.36423,0
1773006000000,5161.20,5161.41,5152.15,5154.91,704.517,1773006299999,3633008.56612,2827,256.449,1322295.49719,0
1773006300000,5154.91,5157.25,5154.02,5157.03,176.807,1773006599999,911401.42896,875,89.773,462764.06593,0
1773006600000,5157.04,5159.40,5156.73,5159.40,102.542,1773006899999,528928.51186,616,77.037,397367.98801,0
1773006900000,5159.43,5162.95,5159.41,5162.92,138.104,1773007199999,712752.68828,941,84.740,437336.61575,0
1773007200000,5162.93,5193.82,5162.93,5167.15,8756.739,1773007499999,45351493.06299,18755,4582.257,23730517.79885,0
1773007500000,5167.16,5167.98,5124.12,5156.66,8072.819,1773007799999,41538910.66300,22584,3560.271,18322296.32713,0
1773007800000,5156.65,5167.93,5150.67,5158.54,3067.691,1773008099999,15833568.77417,9851,1420.782,7333389.46006,0
1773008100000,5158.54,5158.80,5131.59,5135.50,4240.677,1773008399999,21807131.03152,12965,2378.983,12232505.48013,0
1773008400000,5135.49,5155.27,5134.34,5150.22,3177.389,1773008699999,16347320.51894,8532,1507.867,7758035.04023,0
1773008700000,5150.22,5158.00,5144.28,5155.00,1272.872,1773008999999,6555371.92953,5242,725.722,3737247.76273,0
1773009000000,5155.00,5162.93,5149.90,5150.08,1890.120,1773009299999,9744248.83764,7056,1146.821,5911403.11784,0
1773009300000,5150.00,5154.61,5135.56,5135.63,2806.176,1773009599999,14438012.47189,8076,1513.161,7785715.35119,0
1773009600000,5135.56,5138.00,5107.58,5127.01,3847.856,1773009899999,19715414.39555,12199,1971.693,10103495.55327,0
1773009900000,5127.00,5136.00,5110.37,5110.37,1933.245,1773010199999,9913764.88241,7836,950.975,4876890.16046,0
1773010200000,5110.37,5131.24,5107.21,5125.36,2739.455,1773010499999,14021094.17865,9543,1617.347,8278975.48979,0
1773010500000,5125.01,5134.21,5124.34,5132.15,952.130,1773010799999,4883725.27442,4270,420.554,2157135.61412,0
1773010800000,5132.16,5136.95,5112.40,5119.60,2232.218,1773011099999,11441418.17195,8299,909.696,4663394.61044,0
1773011100000,5119.60,5123.60,5111.01,5116.67,1346.638,1773011399999,6892811.32730,5989,710.407,3636330.36793,0
1773011400000,5116.68,5117.52,5096.92,5104.56,4868.182,1773011699999,24844789.46930,12710,2582.785,13180501.61077,0
1773011700000,5104.55,5110.16,5101.00,5101.20,1615.307,1773011999999,8245595.90422,5068,796.307,4065171.75811,0
1773012000000,5101.21,5108.54,5097.38,5104.09,1381.245,1773012299999,7050258.10618,4372,793.302,4049556.11059,0
1773012300000,5104.08,5108.74,5099.32,5108.48,1283.038,1773012599999,6547517.44484,4257,892.441,4554246.71904,0
1773012600000,5108.48,5108.88,5097.70,5098.30,1212.862,1773012899999,6189904.91117,4394,414.971,2117952.60127,0
1773012900000,5098.34,5098.35,5062.30,5072.99,6030.268,1773013199999,30643537.20495,15703,2229.802,11330830.03884,0
1773013200000,5072.33,5079.29,5040.00,5077.59,7884.119,1773013499999,39907085.89239,18742,3713.702,18806333.03215,0
1773013500000,5077.59,5080.55,5058.08,5069.39,3108.217,1773013799999,15759923.86533,10825,1648.528,8358816.60442,0
1773013800000,5069.39,5077.40,5063.24,5068.99,2517.763,1773014099999,12762685.36822,8202,1378.322,6986880.29215,0
1773014100000,5068.99,5082.08,5065.63,5078.19,2469.392,1773014399999,12530697.50994,7932,1332.450,6761368.83459,0
1773014400000,5078.44,5082.25,5061.68,5069.60,5287.215,1773014699999,26821458.42748,11342,2743.055,13915099.48360,0
1773014700000,5069.61,5069.61,5053.11,5056.80,2384.098,1773014999999,12065119.18209,8238,1277.226,6463592.82706,0
1773015000000,5056.80,5059.01,5032.03,5040.74,5796.859,1773015299999,29231869.42647,15135,2513.344,12674014.16561,0
1773015300000,5040.75,5047.56,5035.73,5039.85,2928.441,1773015599999,14767330.42046,10784,1464.157,7383539.68329,0
1773015600000,5039.85,5055.85,5036.30,5050.50,2525.822,1773015899999,12751943.81045,7742,1375.905,6945477.70456,0
1773015900000,5050.50,5051.74,5043.80,5050.25,2274.583,1773016199999,11482999.52016,6648,1198.858,6052356.85030,0
1773016200000,5050.17,5062.63,5048.65,5055.83,1832.437,1773016499999,9265566.05231,5618,1200.409,6069822.21298,0
1773016500000,5055.76,5064.57,5055.58,5060.94,1827.794,1773016799999,9249489.88436,4717,938.444,4748805.67428,0
1773016800000,5060.95,5061.12,5052.37,5056.65,1344.076,1773017099999,6794894.46011,4909,629.037,3179961.38368,0
1773017100000,5056.66,5061.59,5038.16,5048.04,2749.604,1773017399999,13881897.13311,8835,1415.302,7145411.19616,0
1773017400000,5048.05,5050.10,5042.49,5047.66,1699.932,1773017699999,8578223.79513,6091,851.907,4298854.74308,0
1773017700000,5047.67,5054.53,5044.01,5054.34,1463.693,1773017999999,7390680.04426,5924,827.937,4180244.69855,0
1773018000000,5054.33,5054.33,5019.70,5038.46,9320.414,1773018299999,46921419.88473,23232,4208.536,21184133.61745,0
1773018300000,5038.38,5062.47,5035.60,5055.70,3551.153,1773018599999,17951552.56942,10828,1673.728,8459665.15553,0
1773018600000,5055.72,5077.00,5051.71,5074.94,3965.552,1773018899999,20095170.82473,9948,2165.450,10972905.93475,0
1773018900000,5074.74,5087.99,5072.33,5080.38,5727.652,1773019199999,29102626.80307,11813,2629.815,13362193.43072,0
1773019200000,5080.39,5089.63,5077.41,5086.41,2855.621,1773019499999,14516861.18519,7170,1373.908,6984258.36887,0
1773019500000,5086.42,5086.89,5072.08,5073.72,1868.073,1773019799999,9484793.40903,6113,773.439,3926636.40875,0
1773019800000,5073.66,5087.93,5073.05,5082.87,1412.302,1773020099999,7176600.94137,5382,709.311,3604223.49491,0
1773020100000,5082.99,5084.40,5076.11,5076.82,1246.650,1773020399999,6333122.14326,4656,541.403,2750428.36802,0
1773020400000,5076.82,5083.75,5075.28,5082.30,1257.825,1773020699999,6390305.80722,4839,637.459,3238520.07693,0
1773020700000,5082.26,5084.38,5074.93,5083.22,1204.632,1773020999999,6119117.43130,4123,636.008,3230396.51599,0
1773021000000,5083.23,5084.57,5067.34,5075.95,1886.251,1773021299999,9575421.63819,5528,1013.949,5147341.02742,0
1773021300000,5075.95,5078.58,5072.22,5072.22,933.793,1773021599999,4739781.38445,4038,418.758,2125511.35370,0
1773021600000,5072.23,5072.97,5058.76,5066.60,2087.765,1773021899999,10576271.18509,6460,1188.899,6022562.98377,0
1773021900000,5066.60,5083.56,5065.58,5081.95,1557.930,1773022199999,7909611.86165,5282,811.263,4118243.27501,0
1773022200000,5081.95,5096.95,5081.95,5096.23,3090.046,1773022499999,15738680.88367,7341,1715.966,8740086.11571,0
1773022500000,5096.22,5096.38,5080.22,5081.36,1611.351,1773022799999,8199150.38160,5192,822.462,4184356.40068,0
1773022800000,5081.26,5082.60,5075.79,5081.01,1103.238,1773023099999,5603488.76536,3964,562.372,2856298.98299,0
1773023100000,5081.01,5081.85,5076.89,5079.65,1138.772,1773023399999,5783584.34564,3147,609.083,3093354.72390,0
1773023400000,5079.56,5089.67,5078.19,5083.75,1606.851,1773023699999,8171082.54705,6333,855.137,4348228.28544,0
1773023700000,5083.66,5093.64,5083.16,5093.39,1751.243,1773023999999,8910359.66097,4675,991.021,5043166.25833,0
1773024000000,5093.39,5095.12,5088.08,5094.27,844.689,1773024299999,4301756.82960,3744,303.679,1546447.75914,0
1773024300000,5094.27,5097.09,5090.24,5094.15,5891.460,1773024599999,30008539.47537,19065,2719.322,13852300.79874,0
1773024600000,5094.15,5096.36,5088.00,5094.41,2701.950,1773024899999,13761884.83848,25689,1349.966,6875990.23909,0
1773024900000,5094.40,5100.73,5093.53,5096.56,1142.721,1773025199999,5824741.51914,7431,535.949,2732037.39447,0
1773025200000,5096.56,5100.63,5092.14,5094.05,903.574,1773025499999,4604631.26027,3618,299.787,1527792.80612,0
1773025500000,5094.18,5096.00,5090.59,5091.72,479.687,1773025799999,2443300.73816,2487,227.435,1158424.67558,0
1773025800000,5091.72,5093.53,5086.32,5089.62,1053.408,1773026099999,5361460.03785,3945,465.894,2371479.41759,0
1773026100000,5089.62,5098.05,5089.00,5095.52,778.570,1773026399999,3965915.69245,2855,300.677,1531637.55677,0
1773026400000,5095.60,5099.47,5094.26,5094.82,497.266,1773026699999,2534675.46722,2525,252.463,1286878.26616,0
1773026700000,5094.83,5103.41,5086.88,5086.88,1182.989,1773026999999,6029241.06870,4099,638.760,3255685.87505,0
1773027000000,5086.88,5093.65,5086.61,5092.06,1383.067,1773027299999,7040477.35628,3891,698.880,3557506.56909,0
1773027300000,5091.89,5094.95,5086.25,5087.05,563.522,1773027599999,2869014.71267,2380,180.054,916677.34764,0
1773027600000,5087.04,5088.82,5083.66,5088.34,564.104,1773027899999,2869223.60113,2692,248.228,1262500.35782,0
1773027900000,5088.34,5094.30,5088.33,5093.38,464.938,1773028199999,2367629.81578,1935,180.284,918008.98079,0
1773028200000,5093.38,5094.66,5092.02,5092.79,364.956,1773028499999,1858845.77091,1851,185.435,944493.71311,0
1773028500000,5092.80,5094.34,5091.73,5092.75,279.265,1773028799999,1422269.09996,1305,96.622,492062.62344,0
1773028800000,5092.63,5092.75,5089.00,5091.31,319.158,1773029099999,1624853.13438,1444,133.227,678240.92284,0
1773029100000,5091.31,5097.91,5089.15,5095.35,636.759,1773029399999,3243950.91068,2581,369.173,1880576.39658,0
1773029400000,5095.35,5097.49,5090.42,5092.39,705.386,1773029699999,3593547.40857,2741,288.139,1468178.00091,0
1773029700000,5092.24,5093.59,5090.68,5092.06,503.497,1773029999999,2564029.33671,1428,236.613,1204969.63220,0
1773030000000,5092.06,5094.15,5090.74,5090.84,277.260,1773030299999,1411884.61335,1408,114.501,583105.97984,0
1773030300000,5090.85,5095.54,5090.22,5091.20,516.249,1773030599999,2629078.05294,1662,238.022,1212054.01811,0
1773030600000,5091.20,5094.00,5088.43,5093.80,495.573,1773030899999,2522961.54203,21262,245.854,1251665.37239,0
1773030900000,5093.80,5094.34,5091.58,5092.08,447.487,1773031199999,2279045.22651,7978,159.555,812621.92522,0
1773031200000,5092.08,5094.56,5089.65,5091.29,438.960,1773031499999,2235189.07177,3069,255.037,1298709.00573,0
1773031500000,5091.31,5091.31,5086.41,5090.20,580.836,1773031799999,2955727.84748,2962,261.806,1332281.22303,0
1773031800000,5090.20,5091.18,5086.22,5086.22,440.968,1773032099999,2243958.63830,2815,149.180,759160.69513,0
1773032100000,5086.20,5091.57,5086.20,5090.52,658.075,1773032399999,3348915.93853,2865,383.565,1951860.85996,0
1773032400000,5090.53,5096.13,5081.63,5095.34,1144.964,1773032699999,5824605.56219,7015,487.009,2477878.57378,0
1773032700000,5095.23,5102.54,5093.74,5096.90,1085.899,1773032999999,5536943.58477,16011,535.429,2730191.00146,0
1773033000000,5096.91,5100.09,5094.72,5096.97,450.982,1773033299999,2298790.30368,4487,190.498,971104.54278,0
1773033300000,5097.03,5098.30,5089.15,5090.25,590.358,1773033599999,3006939.40025,7540,250.799,1277400.55228,0
1773033600000,5090.25,5106.48,5089.24,5096.88,1325.050,1773033899999,6755544.02249,9506,791.421,4034921.07947,0
1773033900000,5096.88,5100.02,5094.45,5097.17,512.545,1773034199999,2612695.44161,4910,238.696,1216687.13789,0
1773034200000,5097.18,5108.62,5095.06,5106.74,1295.333,1773034499999,6608216.47857,4603,730.618,3727176.28662,0
1773034500000,5106.80,5114.12,5105.60,5106.54,1241.985,1773034799999,6346581.62850,4123,731.464,3738086.49943,0
1773034800000,5106.53,5122.14,5106.49,5121.36,1460.428,1773035099999,7470117.36734,5784,858.091,4389176.62495,0
1773035100000,5121.36,5140.00,5120.18,5136.36,3085.855,1773035399999,15834399.80938,8224,1603.215,8225806.03172,0
1773035400000,5136.36,5139.25,5126.61,5126.61,1461.336,1773035699999,7500285.90019,5644,533.827,2739769.78289,0
1773035700000,5126.61,5127.06,5119.66,5124.20,1228.437,1773035999999,6293170.67642,4920,519.401,2660852.29217,0
1773036000000,5124.20,5130.00,5119.95,5123.16,1121.517,1773036299999,5747094.93067,4657,520.675,2668211.58527,0
1773036300000,5123.17,5132.66,5123.17,5129.48,1538.682,1773036599999,7890137.15643,4916,877.228,4498427.79928,0
1773036600000,5129.45,5133.55,5126.30,5126.94,669.626,1773036899999,3435473.55926,3434,299.815,1538207.52259,0
1773036900000,5127.07,5130.00,5126.04,5127.17,643.492,1773037199999,3299879.52514,2577,318.652,1634070.70719,0
1773037200000,5127.17,5128.46,5123.98,5124.59,1001.577,1773037499999,5133764.53949,3317,617.201,3163478.69853,0
1773037500000,5124.59,5127.17,5122.08,5125.51,677.592,1773037799999,3472493.91703,2938,289.334,1482791.87552,0
1773037800000,5125.51,5128.18,5123.00,5123.68,544.931,1773038099999,2792966.01328,3119,255.740,1310681.46497,0
1773038100000,5123.67,5124.08,5113.66,5116.80,1048.059,1773038399999,5363506.93288,4373,373.139,1909388.60617,0
1773038400000,5116.88,5117.61,5105.63,5107.32,1403.149,1773038699999,7171921.28753,4654,510.601,2608894.07619,0
1773038700000,5107.32,5111.47,5102.04,5105.61,993.075,1773038999999,5071332.11450,4243,398.134,2033319.92750,0
1773039000000,5105.62,5107.80,5098.00,5101.19,1226.445,1773039299999,6257251.22265,3940,564.586,2880477.12743,0
1773039300000,5101.19,5105.60,5099.51,5099.51,1109.263,1773039599999,5659094.05223,2822,545.100,2781290.18244,0
1773039600000,5099.50,5099.83,5091.16,5096.35,2017.536,1773039899999,10280869.59331,5475,921.857,4697962.31000,0
1773039900000,5096.35,5101.64,5092.00,5101.09,915.749,1773040199999,4667911.99817,3794,624.968,3185875.99439,0
1773040200000,5101.08,5104.48,5099.40,5100.09,839.595,1773040499999,4283300.61916,3378,587.020,2994775.53326,0
1773040500000,5099.99,5104.01,5098.43,5100.97,621.791,1773040799999,3171756.46071,2885,400.155,2041206.57852,0
1773040800000,5101.19,5107.31,5100.19,5107.04,546.679,1773041099999,2790126.08483,2654,385.519,1967617.94646,0
1773041100000,5107.04,5108.89,5104.24,5108.78,458.695,1773041399999,2342425.95058,2370,203.257,1037905.95320,0
1773041400000,5108.78,5110.00,5103.42,5105.85,605.093,1773041699999,3090487.64132,3012,363.108,1854546.62732,0
1773041700000,5105.67,5108.37,5103.61,5106.50,447.562,1773041999999,2285299.44968,2456,281.083,1435258.21206,0
1773042000000,5106.40,5109.14,5104.24,5104.24,388.900,1773042299999,1985906.35693,2237,200.429,1023498.84778,0
1773042300000,5104.25,5104.25,5096.00,5099.09,648.040,1773042599999,3304848.88550,3215,252.042,1285388.45774,0
1773042600000,5099.10,5101.24,5096.05,5097.64,745.038,1773042899999,3799630.12901,2180,462.493,2358860.10532,0
1773042900000,5097.64,5101.44,5096.04,5100.50,381.825,1773043199999,1947070.01265,1890,145.761,743301.76487,0
1773043200000,5100.52,5111.34,5100.52,5110.30,946.901,1773043499999,4836139.03286,3541,506.256,2585493.14656,0
1773043500000,5110.30,5110.31,5101.34,5104.32,540.684,1773043799999,2760251.52457,2836,213.542,1090058.85326,0
1773043800000,5104.33,5105.83,5101.18,5101.56,364.427,1773044099999,1859988.46711,2416,128.857,657650.66958,0
1773044100000,5101.58,5106.70,5097.40,5103.01,960.535,1773044399999,4901406.01470,3098,331.494,1691435.85768,0
1773044400000,5103.00,5103.01,5097.68,5100.21,689.410,1773044699999,3515478.67968,2808,312.757,1594855.37275,0
1773044700000,5100.20,5101.57,5092.24,5093.02,780.951,1773044999999,3980077.89679,3129,301.202,1535327.58646,0
1773045000000,5093.02,5097.56,5089.15,5096.57,903.547,1773045299999,4601743.64106,4066,284.477,1448972.15129,0
1773045300000,5096.57,5097.20,5092.80,5095.34,430.194,1773045599999,2192035.79158,2235,159.489,812625.87359,0
1773045600000,5095.33,5096.68,5090.55,5091.71,420.246,1773045899999,2140700.40746,2410,166.834,849832.44367,0
1773045900000,5091.70,5101.23,5089.28,5101.22,1141.415,1773046199999,5815108.62450,3184,547.349,2788532.68016,0
1773046200000,5101.23,5102.59,5096.25,5097.71,595.992,1773046499999,3039566.54345,2633,286.057,1458948.65717,0
1773046500000,5097.70,5100.29,5093.82,5097.15,432.167,1773046799999,2202953.25425,2277,216.389,1103107.75386,0
1773046800000,5097.14,5104.20,5096.14,5097.17,501.514,1773047099999,2557969.07872,2793,199.911,1019614.46968,0
1773047100000,5097.15,5109.92,5096.01,5108.86,1181.262,1773047399999,6031328.04994,4085,500.048,2552913.14713,0
1773047400000,5108.86,5116.00,5108.86,5113.40,1194.795,1773047699999,6108818.76767,4369,800.763,4094402.80582,0
1773047700000,5113.39,5118.84,5112.95,5116.93,884.653,1773047999999,4525977.37390,3248,529.738,2710073.75556,0
1773048000000,5116.92,5121.80,5114.70,5117.49,1031.267,1773048299999,5278660.39284,2997,359.980,1842715.89641,0
1773048300000,5117.49,5125.38,5116.15,5124.30,1235.409,1773048599999,6326812.23959,3267,536.871,2749161.60414,0
1773048600000,5124.31,5131.98,5124.10,5128.37,1418.437,1773048899999,7274033.87743,4505,599.876,3076175.62226,0
1773048900000,5128.38,5130.26,5118.69,5118.70,1303.123,1773049199999,6678353.40257,4493,438.688,2248225.06775,0
1773049200000,5118.69,5120.25,5104.72,5104.73,2114.378,1773049499999,10805331.77022,4558,875.556,4475023.76350,0
1773049500000,5104.73,5106.90,5099.03,5102.41,2311.441,1773049799999,11795266.61298,5425,1329.846,6786509.79911,0
1773049800000,5102.41,5108.30,5102.14,5106.52,743.324,1773050099999,3795518.52013,2974,392.209,2002708.27070,0
1773050100000,5106.51,5107.20,5103.15,5106.93,301.164,1773050399999,1537576.39178,1900,162.948,831926.60928,0
1773050400000,5106.92,5109.00,5104.28,5107.49,1090.322,1773050699999,5568804.23279,2962,800.234,4087193.31880,0
1773050700000,5107.50,5109.60,5105.77,5109.03,479.445,1773050999999,2449091.02615,1864,170.871,872774.54435,0
1773051000000,5108.96,5111.28,5108.25,5109.11,437.847,1773051299999,2237370.92640,1491,165.079,843568.56447,0
1773051300000,5109.14,5110.20,5104.36,5104.37,358.959,1773051599999,1833557.13202,1744,133.861,683743.23750,0
1773051600000,5104.36,5105.24,5101.67,5102.33,428.564,1773051899999,2187217.10653,2084,218.026,1112695.75454,0
1773051900000,5102.32,5105.71,5099.23,5100.48,501.197,1773052199999,2557283.56711,2211,233.258,1190147.61522,0
1773052200000,5100.47,5100.47,5091.29,5094.00,1379.578,1773052499999,7029060.04822,4538,647.783,3300387.96286,0
1773052500000,5093.99,5095.40,5089.25,5093.94,784.959,1773052799999,3997146.22042,3175,410.357,2089691.25466,0
1773052800000,5093.93,5100.00,5093.93,5096.39,800.335,1773053099999,4079133.63822,3047,531.347,2708099.39467,0
1773053100000,5096.39,5096.39,5090.50,5091.34,921.864,1773053399999,4695142.61227,3261,353.162,1798521.78823,0
1773053400000,5091.33,5096.95,5084.18,5096.52,1413.455,1773053699999,7194112.00981,4753,640.688,3261569.50166,0
1773053700000,5096.51,5097.18,5089.38,5089.39,479.972,1773053999999,2444613.19061,2268,274.235,1396686.16355,0
1773054000000,5089.39,5096.99,5089.39,5096.31,650.340,1773054299999,3312689.15675,2766,404.463,2059996.08954,0
1773054300000,5096.48,5097.51,5092.14,5093.96,397.576,1773054599999,2025952.32950,2246,214.887,1095042.57050,0
1773054600000,5094.06,5095.23,5091.58,5091.58,269.278,1773054899999,1371534.89515,1830,92.476,471021.73213,0
1773054900000,5091.45,5093.89,5088.33,5089.84,437.354,1773055199999,2226625.51112,2303,243.721,1240848.48999,0
1773055200000,5089.84,5090.61,5082.00,5085.60,1196.162,1773055499999,6082764.65899,4462,602.440,3063541.33470,0
1773055500000,5085.60,5088.32,5081.21,5086.64,787.157,1773055799999,4002366.39738,3981,431.795,2195541.05902,0
1773055800000,5086.64,5090.99,5084.16,5087.17,548.340,1773056099999,2789561.45101,2858,297.742,1514646.26797,0
1773056100000,5087.18,5093.00,5086.40,5091.45,731.653,1773056399999,3724413.21609,2994,268.610,1367209.28568,0
1773056400000,5091.45,5091.75,5084.88,5086.65,294.569,1773056699999,1498934.47178,2028,109.778,558609.01914,0
1773056700000,5086.64,5090.45,5085.64,5087.21,254.184,1773056999999,1293383.55934,1706,131.103,667067.12029,0
1773057000000,5087.20,5093.56,5085.48,5092.88,447.385,1773057299999,2277110.37346,2148,298.405,1518863.39792,0
1773057300000,5092.87,5095.00,5088.54,5088.77,299.645,1773057599999,1525861.00125,2122,139.305,709395.57517,0
1773057600000,5088.77,5098.86,5088.77,5097.67,754.270,1773057899999,3843513.68561,3266,374.927,1910346.95571,0
1773057900000,5097.67,5099.53,5095.36,5098.55,338.783,1773058199999,1726899.36092,1922,169.282,862886.12737,0
1773058200000,5098.56,5100.82,5095.45,5097.14,372.955,1773058499999,1901414.53184,2298,172.901,881514.81109,0
1773058500000,5097.14,5101.21,5096.02,5100.39,306.542,1773058799999,1563018.58164,1865,199.843,1019001.99477,0
1773058800000,5100.39,5106.55,5099.86,5104.86,812.547,1773059099999,4146925.59509,3645,459.702,2346055.31615,0
1773059100000,5105.07,5110.85,5103.48,5110.09,682.449,1773059399999,3485792.48861,2565,404.650,2066897.54239,0
1773059400000,5110.08,5113.29,5108.92,5109.40,879.692,1773059699999,4496536.97941,2768,341.104,1743477.58963,0
1773059700000,5109.41,5110.40,5108.00,5109.41,621.064,1773059999999,3173050.87768,2091,188.948,965317.08829,0
1773060000000,5109.42,5110.60,5105.03,5107.41,780.136,1773060299999,3984775.43934,2262,371.876,1899534.21412,0
1773060300000,5107.41,5107.70,5101.32,5101.48,450.257,1773060599999,2298092.61531,2226,207.738,1060318.25298,0
1773060600000,5101.48,5101.48,5095.24,5096.10,604.956,1773060899999,3083922.57467,3182,309.714,1578819.34233,0
1773060900000,5096.10,5099.25,5094.45,5096.01,552.429,1773061199999,2815585.65049,2421,304.619,1552613.42279,0
1773061200000,5096.02,5100.34,5091.19,5099.51,811.604,1773061499999,4135955.49399,4763,419.638,2138555.93655,0
1773061500000,5099.48,5099.75,5089.78,5092.92,658.584,1773061799999,3355076.69590,3111,379.998,1935787.25280,0
1773061800000,5092.97,5096.90,5091.99,5094.44,609.214,1773062099999,3103643.05238,3055,385.242,1962578.18460,0
1773062100000,5094.44,5099.29,5092.75,5095.09,664.480,1773062399999,3386623.28752,2961,404.561,2061832.08816,0
1773062400000,5094.99,5094.99,5086.65,5088.46,1174.308,1773062699999,5977296.77951,3932,691.953,3522174.37084,0
1773062700000,5088.46,5096.60,5088.46,5095.36,605.245,1773062999999,3082958.28830,2762,284.223,1447580.84090,0
1773063000000,5095.36,5109.55,5093.41,5109.19,1924.026,1773063299999,9813484.29002,6748,1009.239,5147795.22448,0
1773063300000,5109.19,5111.10,5097.51,5098.85,1220.613,1773063599999,6232445.50373,5540,459.595,2346512.21908,0
1773063600000,5098.84,5099.20,5076.02,5077.82,2710.714,1773063899999,13779540.87513,9638,1212.135,6161770.25540,0
1773063900000,5077.82,5086.27,5070.81,5082.82,2313.302,1773064199999,11750572.80205,7902,1277.505,6489341.02214,0
1773064200000,5082.82,5083.52,5072.93,5075.79,2269.074,1773064499999,11524761.72384,7454,1287.001,6536617.74719,0
1773064500000,5075.84,5082.02,5067.14,5075.89,1880.832,1773064799999,9545361.28831,7562,990.102,5025077.72233,0
1773064800000,5075.90,5088.41,5075.18,5086.38,1257.078,1773065099999,6389775.71008,5930,510.909,2596497.58869,0
1773065100000,5086.38,5088.23,5070.35,5075.81,1838.073,1773065399999,9335110.61779,8309,997.037,5062979.00374,0
1773065400000,5075.81,5077.20,5062.18,5073.15,1787.490,1773065699999,9059719.79132,7817,939.280,4760660.11083,0
1773065700000,5073.14,5079.96,5067.16,5077.83,1253.992,1773065999999,6361482.89477,5269,702.335,3563035.18552,0
1773066000000,5077.82,5081.00,5072.86,5080.99,1156.316,1773066299999,5871547.59390,4382,709.361,3602341.10921,0
1773066300000,5080.99,5084.64,5078.32,5082.53,813.121,1773066599999,4132388.37123,3847,347.006,1763450.89928,0
1773066600000,5082.67,5091.60,5081.46,5089.55,1177.066,1773066899999,5988984.12006,4546,551.460,2805727.00337,0
1773066900000,5089.55,5097.17,5087.95,5095.17,1524.881,1773067199999,7766807.56794,3972,625.455,3185614.51991,0
1773067200000,5095.17,5117.75,5095.11,5113.82,2449.039,1773067499999,12502200.68177,6746,1123.615,5737858.56877,0
1773067500000,5113.83,5116.56,5099.90,5100.07,1773.153,1773067799999,9056502.37722,5424,432.229,2207315.42411,0
1773067800000,5100.06,5104.20,5091.30,5094.17,1002.386,1773068099999,5109316.39138,4655,431.421,2198824.73544,0
1773068100000,5094.17,5097.82,5088.59,5095.65,1033.985,1773068399999,5265268.85916,3850,543.304,2766569.53565,0
1773068400000,5095.66,5096.04,5086.25,5088.74,965.934,1773068699999,4917478.81578,4957,423.159,2154231.86420,0
1773068700000,5088.56,5089.89,5081.61,5083.39,1544.698,1773068999999,7856588.48628,4630,898.478,4569817.21660,0
1773069000000,5083.28,5092.49,5081.67,5092.35,712.824,1773069299999,3626175.11829,3693,438.018,2228072.09096,0
1773069300000,5092.35,5094.89,5083.30,5084.46,802.662,1773069599999,4085495.75761,3238,339.621,1728485.94359,0
1773069600000,5084.52,5097.47,5084.06,5097.28,966.884,1773069899999,4923109.80252,3030,432.029,2200089.53798,0
1773069900000,5097.29,5099.76,5094.76,5099.17,705.072,1773070199999,3594487.25040,2412,248.851,1268663.61727,0
1773070200000,5099.17,5102.06,5097.20,5098.86,745.637,1773070499999,3802734.39841,2427,272.482,1389600.76015,0
1773070500000,5098.85,5100.37,5094.05,5094.63,528.865,1773070799999,2695871.99135,2472,299.177,1525039.69257,0
1773070800000,5094.63,5099.19,5093.62,5095.17,367.714,1773071099999,1874178.14429,1842,181.461,924825.11160,0
1773071100000,5095.17,5098.48,5094.90,5097.39,446.358,1773071399999,2275131.21367,2177,264.829,1349799.72507,0
1773071400000,5097.40,5102.90,5097.40,5101.46,586.982,1773071699999,2993848.10302,2491,338.076,1724267.47315,0
1773071700000,5101.46,5104.19,5101.12,5101.63,469.519,1773071999999,2395807.08894,2199,272.092,1388362.21791,0
1773072000000,5101.63,5107.75,5098.62,5107.60,787.891,1773072299999,4020797.31833,2769,526.501,2687008.73961,0
1773072300000,5107.74,5108.24,5103.95,5106.80,592.199,1773072599999,3024298.57259,2682,339.185,1732198.74129,0
1773072600000,5106.81,5109.12,5103.43,5103.69,605.160,1773072899999,3090319.85321,2019,262.627,1341175.07208,0
1773072900000,5103.70,5104.13,5096.31,5096.52,551.751,1773073199999,2813091.61230,2296,204.191,1041033.06691,0
1773073200000,5096.52,5098.30,5095.00,5098.29,506.380,1773073499999,2580921.78424,2043,234.113,1193182.74422,0
1773073500000,5098.29,5105.53,5098.29,5104.36,407.657,1773073799999,2079654.39687,1634,239.506,1221951.41630,0
1773073800000,5104.36,5108.21,5103.64,5104.17,611.841,1773074099999,3124272.11844,2221,166.479,850128.67804,0
1773074100000,5104.16,5106.27,5102.90,5106.27,255.213,1773074399999,1302734.41264,1392,94.489,482315.77940,0
1773074400000,5106.31,5110.29,5106.17,5107.27,388.675,1773074699999,1985635.43968,1645,207.361,1059365.93133,0
1773074700000,5107.27,5108.10,5104.26,5104.70,483.457,1773074999999,2468428.34649,1423,222.808,1137577.75478,0
1773075000000,5104.71,5106.90,5103.65,5104.38,239.795,1773075299999,1224162.34232,1345,117.883,601782.32019,0
1773075300000,5104.37,5105.56,5103.00,5104.10,214.063,1773075599999,1092626.85476,1383,96.832,494236.89414,0
1773075600000,5104.11,5105.66,5102.46,5104.45,321.474,1773075899999,1640826.22724,1587,142.607,727844.11602,0
1773075900000,5104.36,5104.36,5099.37,5101.90,371.410,1773076199999,1894717.07602,1905,203.061,1035909.65574,0
1773076200000,5101.90,5102.86,5098.15,5099.55,323.634,1773076499999,1650484.88628,1623,220.752,1125753.38520,0
1773076500000,5099.59,5101.76,5097.56,5097.56,289.788,1773076799999,1477830.16299,1455,238.132,1214399.92225,0
1773076800000,5097.56,5097.78,5092.30,5094.00,556.675,1773077099999,2836099.76083,2652,331.512,1688898.68081,0
1773077100000,5094.00,5096.89,5092.70,5095.41,379.467,1773077399999,1933461.90264,2047,192.099,978788.40158,0
1773077400000,5095.41,5098.05,5090.91,5094.13,588.271,1773077699999,2996498.05960,2480,275.665,1404182.48588,0
1773077700000,5094.13,5096.47,5093.69,5094.07,324.589,1773077999999,1653807.34428,1512,166.181,846694.45039,0
1773078000000,5094.06,5094.07,5090.01,5091.37,312.716,1773078299999,1592256.58354,1747,147.193,749460.21161,0
1773078300000,5091.37,5096.45,5091.25,5094.57,232.216,1773078599999,1182995.77461,1325,126.988,646897.65253,0
1773078600000,5094.56,5099.20,5093.16,5098.99,176.797,1773078899999,901174.25121,1179,93.810,478175.37941,0
1773078900000,5098.99,5099.38,5096.60,5096.86,136.466,1773079199999,695760.73470,884,77.314,394182.50330,0
1773079200000,5096.86,5098.35,5093.80,5093.81,131.354,1773079499999,669430.19554,1016,59.977,305660.30395,0
1773079500000,5093.81,5095.56,5093.00,5093.27,160.133,1773079799999,815765.15595,1202,48.344,246267.93828,0
1773079800000,5093.33,5097.37,5092.92,5097.20,190.787,1773080099999,971961.75649,1033,64.404,328110.66102,0
1773080100000,5097.20,5103.50,5096.80,5103.48,251.597,1773080399999,1283345.65246,1375,163.756,835331.84586,0
1773080400000,5103.49,5106.52,5102.58,5105.73,217.357,1773080699999,1109367.99343,1183,122.077,623050.14415,0
1773080700000,5105.70,5106.14,5104.00,5104.67,268.132,1773080999999,1368801.32058,1211,68.358,348956.75286,0
1773081000000,5104.60,5107.62,5103.56,5107.62,635.387,1773081299999,3244197.44565,1557,406.317,2074643.91039,0
1773081300000,5107.62,5115.37,5107.61,5113.60,1298.169,1773081599999,6636378.76880,2571,422.186,2158304.26190,0
1773081600000,5113.60,5118.79,5113.60,5116.40,790.092,1773081899999,4043169.58568,2334,357.601,1829906.65181,0
1773081900000,5116.41,5116.83,5113.78,5114.46,480.930,1773082199999,2460015.28547,1400,156.942,802772.38192,0
1773082200000,5114.58,5123.71,5114.25,5122.98,718.372,1773082499999,3678681.98488,2555,429.591,2199806.89290,0
1773082500000,5122.99,5124.49,5121.23,5122.14,919.070,1773082799999,4708568.38834,2676,398.632,2042207.78729,0
1773082800000,5122.13,5128.87,5122.00,5124.95,682.806,1773083099999,3500312.07463,2331,380.001,1947951.84086,0
1773083100000,5124.96,5125.24,5116.32,5119.76,786.995,1773083399999,4028904.25060,1970,319.478,1635574.40387,0
1773083400000,5119.77,5123.43,5119.53,5121.72,285.198,1773083699999,1460802.40532,1257,112.166,574476.37187,0
1773083700000,5121.72,5132.92,5118.41,5132.89,1270.705,1773083999999,6513376.04912,3417,735.038,3767792.90364,0
1773084000000,5132.96,5142.80,5132.96,5138.71,2263.822,1773084299999,11631344.00733,6515,1175.564,6040261.70145,0
1773084300000,5138.72,5139.87,5136.20,5139.37,986.020,1773084599999,5066583.33087,3406,360.163,1850582.42224,0
1773084600000,5139.37,5139.37,5129.21,5131.44,1129.912,1773084899999,5800255.39488,4234,510.603,2621125.03239,0
1773084900000,5131.44,5133.24,5125.51,5129.16,722.246,1773085199999,3704020.96602,3525,301.894,1548133.93599,0
1773085200000,5129.16,5136.62,5127.99,5134.41,743.447,1773085499999,3815361.97826,3562,371.941,1908779.83326,0
1773085500000,5134.41,5135.39,5128.50,5132.54,404.680,1773085799999,2076927.23590,2625,185.935,954247.01961,0
1773085800000,5132.65,5135.93,5131.68,5135.23,348.121,1773086099999,1787150.79530,2511,168.067,862779.30896,0
1773086100000,5135.23,5142.41,5133.24,5139.89,492.589,1773086399999,2530824.62706,2981,277.769,1427114.20503,0
1773086400000,5139.90,5143.75,5137.60,5138.78,624.362,1773086699999,3209834.47696,2627,262.160,1347729.83617,0
1773086700000,5138.82,5147.00,5138.82,5141.20,581.370,1773086999999,2990320.57930,2606,328.465,1689644.27551,0
1773087000000,5141.15,5142.48,5137.73,5139.06,285.989,1773087299999,1470109.08278,1847,144.807,744357.75310,0
1773087300000,5139.03,5139.03,5137.01,5138.15,187.231,1773087599999,961975.83051,1331,67.592,347277.64718,0
1773087600000,5138.15,5138.35,5134.42,5135.12,218.027,1773087899999,1119965.94818,1397,56.354,289484.61789,0
1773087900000,5135.10,5137.78,5132.62,5137.50,361.323,1773088199999,1855452.96443,1615,125.315,643473.97211,0
1773088200000,5137.50,5137.50,5134.51,5135.30,167.866,1773088499999,862127.47219,1127,83.695,429847.77107,0
1773088500000,5135.30,5136.88,5135.13,5136.13,205.909,1773088799999,1057533.29178,948,85.621,439720.91209,0
1773088800000,5136.13,5137.65,5133.20,5137.35,307.637,1773089099999,1579664.70610,1317,113.599,583300.54874,0
1773089100000,5137.35,5138.75,5135.94,5137.18,224.804,1773089399999,1154844.32448,1410,70.087,360040.81569,0
1773089400000,5137.18,5138.49,5133.84,5134.33,328.948,1773089699999,1689565.10070,1678,165.783,851488.20263,0
1773089700000,5134.39,5137.13,5133.01,5136.87,321.877,1773089999999,1652970.86384,1417,111.435,572221.20911,0
1773090000000,5136.48,5137.06,5136.27,5136.28,65.311,1773090299999,335496.48545,458,17.801,91443.79012,0
1773090300000,5136.27,5136.28,5134.55,5134.55,121.341,1773090599999,623206.76682,373,19.255,98897.38607,0
1773090600000,5134.55,5135.53,5134.18,5135.44,153.343,1773090899999,787318.71263,593,70.970,364386.97683,0
1773090900000,5135.43,5137.75,5135.43,5136.35,165.610,1773091199999,850720.70549,512,96.832,497390.72886,0
1773091200000,5136.34,5136.36,5134.29,5135.04,78.587,1773091499999,403582.66018,502,25.198,129405.97355,0
1773091500000,5135.04,5136.28,5135.04,5136.27,40.186,1773091799999,206380.13165,261,22.007,113023.57412,0
1773091800000,5136.27,5137.30,5135.79,5136.43,77.153,1773092099999,396305.27905,596,46.594,239336.64833,0
1773092100000,5136.44,5137.27,5135.62,5136.34,151.531,1773092399999,778292.39427,700,70.044,359762.96077,0
1773092400000,5136.34,5136.61,5135.07,5135.08,94.314,1773092699999,484365.20788,655,30.847,158420.17102,0
1773092700000,5135.07,5135.82,5134.83,5134.85,41.708,1773092999999,214173.64027,425,24.207,124303.31152,0
1773093000000,5134.85,5135.38,5134.38,5134.96,84.231,1773093299999,432509.16429,596,26.453,135831.25708,0
1773093300000,5134.96,5136.95,5134.96,5136.59,80.908,1773093599999,415526.63147,569,65.195,334829.33909,0
1773093600000,5136.60,5151.04,5120.44,5127.76,4295.757,1773093899999,22063634.79725,10763,2075.673,10662718.94251,0
1773093900000,5127.95,5133.74,5123.82,5130.75,2000.008,1773094199999,10258023.94146,4716,950.652,4875811.21481,0
1773094200000,5130.82,5135.52,5128.02,5131.67,794.107,1773094499999,4074952.79421,3070,320.388,1643987.77252,0
1773094500000,5131.78,5134.72,5126.07,5127.84,418.783,1773094799999,2148255.84596,2285,199.204,1021817.06048,0
1773094800000,5127.85,5128.20,5118.52,5122.95,1014.005,1773095099999,5195166.94762,3083,522.783,2678101.46951,0
1773095100000,5122.95,5131.74,5121.22,5130.72,790.545,1773095399999,4053090.44294,2258,262.866,1347866.98249,0
1773095400000,5130.72,5134.35,5128.01,5129.28,474.003,1773095699999,2432007.34407,2366,209.075,1072766.05635,0
1773095700000,5129.35,5132.90,5127.33,5127.77,294.325,1773095999999,1509966.75627,1388,108.641,557355.58518,0
1773096000000,5127.77,5137.79,5127.73,5134.76,797.696,1773096299999,4095655.84289,2412,383.813,1970502.00613,0
1773096300000,5134.77,5143.91,5134.35,5141.89,710.111,1773096599999,3650322.00383,2679,364.999,1876216.07111,0
1773096600000,5141.90,5146.00,5141.32,5144.47,684.029,1773096899999,3518586.50420,2553,370.569,1906020.87721,0
1773096900000,5144.46,5151.82,5142.61,5151.25,742.141,1773097199999,3819721.92446,2979,410.729,2113861.36551,0
1773097200000,5151.36,5153.57,5139.44,5141.90,1036.028,1773097499999,5332056.13701,3691,493.939,2542139.69119,0
1773097500000,5141.99,5144.94,5138.46,5144.25,485.891,1773097799999,2498132.02100,2454,238.723,1227271.64124,0
1773097800000,5144.25,5147.99,5144.24,5144.55,1218.398,1773098099999,6270368.09736,2318,581.613,2993039.83431,0
1773098100000,5144.51,5153.95,5143.41,5152.70,711.708,1773098399999,3665517.17087,2516,349.285,1798771.44821,0
1773098400000,5152.70,5153.59,5144.83,5145.40,581.922,1773098699999,2996598.24173,2452,231.721,1193145.91469,0
1773098700000,5145.41,5149.26,5142.36,5144.32,407.497,1773098999999,2096817.17242,1938,217.894,1121143.43357,0
1773099000000,5144.33,5145.92,5141.02,5141.86,289.338,1773099299999,1488183.88599,1803,107.027,550474.97195,0
1773099300000,5141.87,5146.85,5140.82,5146.41,261.154,1773099599999,1343313.47765,1545,132.931,683763.36966,0
1773099600000,5146.41,5147.95,5135.58,5137.10,1331.190,1773099899999,6846970.48808,2204,649.809,3341236.09885,0
1773099900000,5137.09,5141.00,5136.82,5140.51,599.511,1773100199999,3080587.62302,2304,407.341,2093015.80650,0
1773100200000,5140.57,5142.33,5137.13,5140.16,369.658,1773100499999,1900249.93043,1945,199.029,1023156.65129,0
1773100500000,5140.11,5141.74,5137.11,5138.48,256.136,1773100799999,1316510.79150,1444,67.943,349193.17520,0
1773100800000,5138.48,5139.83,5130.45,5133.05,932.348,1773101099999,4786979.96296,4013,335.609,1723145.43103,0
1773101100000,5133.06,5139.00,5132.50,5137.90,385.371,1773101399999,1979464.90154,2066,212.947,1093819.97670,0
1773101400000,5137.90,5140.15,5136.07,5136.09,265.322,1773101699999,1363213.81654,1383,159.029,817061.68587,0
1773101700000,5136.07,5136.66,5132.19,5132.81,554.656,1773101999999,2847329.55819,2184,352.202,1807964.59946,0
1773102000000,5132.82,5136.83,5128.68,5130.45,585.393,1773102299999,3004729.68866,2532,280.808,1441353.13348,0
1773102300000,5130.46,5133.15,5128.83,5130.44,410.171,1773102599999,2104385.98837,2054,219.167,1124422.86271,0
1773102600000,5130.43,5131.79,5123.64,5127.27,895.640,1773102899999,4592679.08791,3431,329.888,1691714.72995,0
1773102900000,5127.44,5135.77,5126.46,5132.40,793.186,1773103199999,4070857.54782,2677,388.442,1993747.89783,0
1773103200000,5132.39,5137.00,5132.39,5137.00,326.463,1773103499999,1676222.15564,1690,208.394,1069941.67078,0
1773103500000,5137.01,5138.47,5131.14,5131.20,700.866,1773103799999,3599196.12119,2176,396.038,2033769.17852,0
1773103800000,5131.20,5132.80,5129.70,5130.15,498.701,1773104099999,2558903.93682,1607,293.981,1508448.25906,0
1773104100000,5130.14,5133.40,5128.37,5130.24,387.730,1773104399999,1989186.36378,2030,211.872,1086926.68174,0
1773104400000,5130.25,5144.45,5123.77,5143.71,1535.590,1773104699999,7884470.85100,6268,724.029,3717678.01761,0
1773104700000,5143.72,5151.77,5139.61,5142.20,1615.329,1773104999999,8311860.20708,5126,711.625,3661626.41842,0
1773105000000,5142.16,5147.39,5138.29,5142.04,761.402,1773105299999,3916080.89684,3644,375.508,1931216.69527,0
1773105300000,5142.03,5149.24,5140.85,5148.97,1008.392,1773105599999,5189377.91693,3280,430.570,2215751.84659,0
1773105600000,5148.96,5160.63,5148.50,5157.35,1501.571,1773105899999,7743341.81641,5554,769.434,3967734.86098,0
1773105900000,5157.36,5166.25,5155.87,5157.02,1485.208,1773106199999,7664250.11543,5163,680.773,3513170.89080,0
1773106200000,5156.88,5161.25,5151.76,5161.05,1386.418,1773106499999,7148133.26164,4802,707.873,3649890.40220,0
1773106500000,5161.24,5164.76,5158.80,5159.37,1060.898,1773106799999,5476288.44061,3824,380.274,1962767.60626,0
1773106800000,5159.55,5166.36,5158.96,5163.95,1112.172,1773107099999,5742784.80817,3822,554.315,2862188.25272,0
1773107100000,5163.94,5168.36,5162.36,5167.89,996.158,1773107399999,5145711.06426,3452,432.797,2235679.88865,0
1773107400000,5167.88,5173.00,5164.42,5171.79,1364.641,1773107699999,7053549.24324,4013,785.921,4062462.68357,0
1773107700000,5171.79,5183.99,5171.04,5181.65,2450.804,1773107999999,12689715.66453,5800,1302.133,6741976.98553,0
1773108000000,5181.65,5184.61,5175.04,5175.05,1707.950,1773108299999,8847573.09917,4660,657.372,3405767.87479,0
1773108300000,5175.05,5175.44,5169.42,5172.55,1318.797,1773108599999,6821876.83044,3693,421.352,2179412.99388,0
1773108600000,5172.54,5173.87,5170.01,5173.87,898.715,1773108899999,4647788.21079,2616,581.111,3005298.46806,0
1773108900000,5173.87,5177.35,5171.23,5176.16,643.646,1773109199999,3330618.81478,2350,313.736,1623370.31262,0
1773109200000,5176.15,5177.04,5174.05,5174.34,371.283,1773109499999,1921530.46652,1794,134.151,694286.85284,0
1773109500000,5174.32,5178.50,5172.31,5177.54,916.675,1773109799999,4744555.91812,2086,416.783,2157134.37862,0
1773109800000,5177.54,5181.66,5176.00,5177.33,936.704,1773110099999,4850851.85035,3088,546.349,2829284.97656,0
1773110100000,5177.33,5178.50,5174.35,5177.21,573.939,1773110399999,2970910.80022,2252,262.420,1358392.28598,0
1773110400000,5177.22,5181.93,5177.08,5180.10,756.422,1773110699999,3917748.79453,2623,386.993,2004269.24885,0
1773110700000,5180.19,5183.99,5177.14,5177.95,844.531,1773110999999,4375331.42976,2719,480.038,2487130.17160,0
1773111000000,5177.94,5177.95,5170.51,5173.06,714.232,1773111299999,3695514.36641,2769,210.448,1088909.42147,0
1773111300000,5173.05,5173.06,5162.55,5164.04,870.860,1773111599999,4499626.67606,3448,366.349,1892817.46289,0
1773111600000,5164.05,5171.00,5164.01,5167.89,549.203,1773111899999,2837976.96492,2435,279.956,1446717.15475,0
1773111900000,5167.89,5171.39,5166.46,5168.74,431.654,1773112199999,2231283.92795,2202,174.847,903804.17382,0
1773112200000,5168.74,5170.67,5164.26,5165.27,308.950,1773112499999,1596344.68307,1581,147.096,760048.46754,0
1773112500000,5165.26,5168.62,5162.76,5163.99,641.459,1773112799999,3313473.92414,2485,203.301,1050098.15498,0
1773112800000,5163.99,5167.84,5163.73,5164.81,276.861,1773113099999,1430161.52817,1475,134.058,692441.02391,0
1773113100000,5164.81,5166.29,5160.97,5164.48,476.845,1773113399999,2462158.79948,1930,220.634,1139200.38636,0
1773113400000,5164.49,5165.55,5161.20,5162.22,529.302,1773113699999,2732896.43210,1716,246.678,1273528.28203,0
1773113700000,5162.22,5162.99,5159.40,5161.39,306.459,1773113999999,1581572.05410,1475,170.411,879454.27938,0
1773114000000,5161.39,5161.40,5159.55,5160.56,391.725,1773114299999,2021455.50384,1491,201.329,1038924.33097,0
1773114300000,5160.55,5160.70,5155.15,5156.86,616.968,1773114599999,3181894.43499,2297,300.421,1549199.20923,0
1773114600000,5157.00,5158.76,5154.69,5158.20,447.792,1773114899999,2308876.98158,1640,220.736,1138145.56996,0
1773114900000,5158.19,5159.57,5156.52,5157.33,353.583,1773115199999,1823818.84235,1388,222.680,1148604.18511,0
1773115200000,5157.32,5158.39,5154.28,5154.88,763.827,1773115499999,3937944.26266,2283,506.911,2613303.00470,0
1773115500000,5154.89,5157.99,5154.06,5156.72,292.155,1773115799999,1506259.72529,1358,150.444,775615.46414,0
1773115800000,5156.72,5166.47,5156.00,5164.17,824.562,1773116099999,4255895.85272,2368,645.997,3334479.65924,0
1773116100000,5164.17,5165.28,5161.14,5162.39,487.346,1773116399999,2516206.41840,1503,308.445,1592541.30632,0
1773116400000,5162.42,5165.68,5162.05,5162.05,320.920,1773116699999,1657244.47585,1152,251.865,1300624.00304,0
1773116700000,5162.05,5162.93,5161.14,5162.08,271.950,1773116999999,1403834.93811,1128,185.931,959772.03731,0
1773117000000,5162.09,5163.27,5161.34,5163.27,156.785,1773117299999,809371.52268,787,80.625,416208.29652,0
1773117300000,5163.27,5164.80,5162.65,5163.59,296.330,1773117599999,1530207.96524,1025,166.217,858307.06016,0
1773117600000,5163.59,5163.99,5161.63,5161.86,270.793,1773117899999,1397991.56500,843,173.631,896355.86933,0
1773117900000,5161.85,5162.97,5161.30,5162.96,92.344,1773118199999,476691.51046,638,30.532,157608.48042,0
1773118200000,5162.96,5163.75,5161.73,5162.50,184.777,1773118499999,953979.68160,901,59.605,307721.90615,0
1773118500000,5162.49,5162.86,5162.40,5162.64,135.594,1773118799999,700014.65882,614,50.365,260014.75514,0
1773118800000,5162.73,5169.40,5162.73,5167.88,422.251,1773119099999,2181451.59777,1925,258.159,1333743.38070,0
1773119100000,5167.88,5169.66,5167.00,5167.00,371.516,1773119399999,1920059.66089,1307,169.582,876466.16770,0
1773119400000,5167.01,5171.94,5165.96,5171.24,455.191,1773119699999,2353203.23654,1646,226.271,1169783.43236,0
1773119700000,5171.23,5172.37,5168.45,5168.75,345.524,1773119999999,1786456.54831,1411,142.761,738141.95972,0
1773120000000,5168.76,5169.08,5167.54,5167.55,160.534,1773120299999,829714.69501,817,31.865,164689.16928,0
1773120300000,5167.54,5169.29,5167.01,5169.29,362.882,1773120599999,1875487.96628,863,99.873,516173.35463,0
1773120600000,5169.30,5171.89,5165.76,5167.45,560.886,1773120899999,2899114.60676,2039,187.154,967383.07995,0
1773120900000,5167.42,5167.74,5165.94,5167.11,312.583,1773121199999,1615088.29280,1290,120.707,623667.37481,0
1773121200000,5167.11,5169.14,5166.92,5167.00,389.294,1773121499999,2011975.63176,1373,143.768,743024.99884,0
1773121500000,5167.00,5171.20,5165.87,5170.99,301.867,1773121799999,1560079.90618,1327,189.958,981737.83425,0
1773121800000,5171.00,5174.68,5170.76,5174.27,511.063,1773122099999,2643627.12139,1724,326.152,1687100.48054,0
1773122100000,5174.26,5177.11,5173.65,5175.99,323.077,1773122399999,1672162.02221,1612,174.025,900697.15129,0
1773122400000,5176.00,5178.00,5175.18,5175.61,326.253,1773122699999,1688856.48731,1552,153.714,795705.05748,0
1773122700000,5175.61,5176.00,5171.97,5173.35,489.362,1773122999999,2531700.73918,1854,214.987,1112162.90057,0
1773123000000,5173.35,5178.00,5173.04,5177.12,675.778,1773123299999,3497576.65517,1997,270.320,1399147.80244,0
1773123300000,5177.12,5177.12,5175.00,5175.31,319.453,1773123599999,1653474.50194,1110,132.552,686062.47853,0
1773123600000,5175.30,5175.30,5173.21,5174.56,306.273,1773123899999,1584756.19608,1489,95.514,494194.09719,0
1773123900000,5174.56,5174.73,5170.68,5173.71,393.966,1773124199999,2037947.94356,1637,182.926,946230.69573,0
1773124200000,5173.71,5176.12,5172.44,5173.22,369.774,1773124499999,1913287.33126,1627,209.258,1082711.34796,0
1773124500000,5173.16,5175.71,5171.98,5175.70,278.975,1773124799999,1443294.66471,1295,171.585,887699.68076,0
1773124800000,5175.71,5175.71,5173.12,5174.27,255.613,1773125099999,1322560.00949,973,163.700,846974.77257,0
1773125100000,5174.27,5175.52,5173.28,5174.52,287.554,1773125399999,1487902.79434,1385,147.695,764194.48445,0
1773125400000,5174.51,5175.19,5173.84,5174.83,213.355,1773125699999,1104026.71645,831,53.227,275423.65749,0
1773125700000,5174.90,5175.12,5171.66,5172.07,510.508,1773125999999,2641034.88567,1469,108.144,559404.46004,0
1773126000000,5172.34,5174.77,5168.13,5174.71,951.077,1773126299999,4919724.49868,2326,377.037,1950397.29597,0
1773126300000,5174.71,5176.24,5170.42,5171.01,317.068,1773126599999,1640183.91705,1573,174.547,902889.28350,0
1773126600000,5171.05,5174.38,5170.26,5172.64,279.489,1773126899999,1445556.10124,1287,135.600,701311.02535,0
1773126900000,5172.61,5174.37,5167.30,5167.31,345.902,1773127199999,1788572.36174,1828,107.020,553311.95430,0
1773127200000,5167.31,5167.51,5156.40,5158.39,1098.717,1773127499999,5670940.57522,3272,410.450,2118462.78645,0
1773127500000,5158.40,5168.29,5158.40,5168.02,644.334,1773127799999,3327046.32986,2359,441.516,2279673.21757,0
1773127800000,5168.03,5168.80,5164.25,5166.11,478.876,1773128099999,2474317.31760,1865,160.041,826891.70364,0
1773128100000,5166.11,5171.86,5165.96,5171.01,385.760,1773128399999,1993977.87926,1500,188.487,974252.66308,0
1773128400000,5171.01,5175.56,5170.83,5174.12,652.316,1773128699999,3374900.36650,1878,436.402,2257788.01890,0
1773128700000,5174.13,5176.35,5173.24,5175.84,436.827,1773128999999,2260629.53232,1753,214.401,1109504.76365,0
1773129000000,5175.84,5177.00,5174.46,5175.61,324.056,1773129299999,1677414.43569,1449,148.382,768079.64935,0
1773129300000,5175.61,5178.67,5175.60,5178.21,432.540,1773129599999,2239169.85389,1305,276.872,1433330.84802,0
1773129600000,5178.23,5182.00,5175.67,5175.68,1010.722,1773129899999,5234787.84568,2747,474.442,2457173.57485,0
1773129900000,5175.67,5180.00,5172.83,5179.73,1244.370,1773130199999,6440242.91684,2600,889.508,4603530.47353,0
1773130200000,5179.89,5182.29,5178.30,5179.07,706.097,1773130499999,3657840.72980,2342,311.654,1614503.76352,0
1773130500000,5179.07,5179.30,5176.66,5177.90,493.527,1773130799999,2555559.54752,1581,236.997,1227170.07776,0
1773130800000,5177.91,5179.89,5175.00,5176.74,587.163,1773131099999,3039839.82656,1791,305.933,1583922.99483,0
1773131100000,5176.74,5181.52,5176.38,5181.35,349.887,1773131399999,1811886.93009,1475,201.777,1044931.06083,0
1773131400000,5181.35,5187.32,5180.50,5184.17,1117.334,1773131699999,5792726.89409,3624,733.303,3801759.55940,0
1773131700000,5184.10,5188.24,5181.92,5188.05,642.686,1773131999999,3332047.67186,2249,272.377,1412192.80396,0
1773132000000,5188.05,5191.00,5186.55,5187.66,1445.249,1773132299999,7500460.01913,3079,668.135,3467344.78695,0
1773132300000,5187.66,5192.00,5187.21,5191.62,864.569,1773132599999,4486524.10706,2282,421.782,2188716.99706,0
1773132600000,5191.63,5191.86,5185.31,5185.90,645.102,1773132899999,3346846.34081,2351,196.347,1018731.41473,0
1773132900000,5185.90,5186.34,5181.08,5181.50,836.289,1773133199999,4335045.24874,2546,379.337,1966168.54094,0
1773133200000,5181.50,5184.10,5178.32,5183.76,609.137,1773133499999,3155694.54984,2386,279.948,1450350.87879,0
1773133500000,5183.76,5184.90,5182.34,5182.34,224.347,1773133799999,1162931.57046,1172,98.431,510229.02296,0
1773133800000,5182.34,5186.40,5182.26,5186.02,448.169,1773134099999,2323965.83429,1503,201.420,1044397.33742,0
1773134100000,5185.91,5186.96,5180.45,5180.46,324.600,1773134399999,1682657.13657,1855,123.170,638488.32635,0
1773134400000,5180.46,5182.56,5179.74,5181.62,286.980,1773134699999,1486796.41994,1201,158.497,821140.14566,0
1773134700000,5181.62,5184.80,5180.53,5184.03,178.521,1773134999999,925161.97705,1139,80.800,418741.31106,0
1773135000000,5184.03,5185.18,5181.21,5183.57,358.935,1773135299999,1860474.03740,1379,96.441,499853.52486,0
1773135300000,5183.57,5183.58,5180.04,5181.65,235.974,1773135599999,1222625.18024,1274,133.844,693452.42304,0
1773135600000,5181.59,5184.64,5180.81,5184.64,286.418,1773135899999,1484356.42272,1136,189.584,982529.70403,0
1773135900000,5184.64,5186.37,5182.70,5183.28,325.935,1773136199999,1689985.73896,1256,112.708,584352.40830,0
1773136200000,5183.24,5184.00,5181.36,5182.59,169.106,1773136499999,876414.05030,1073,85.700,444135.17814,0
1773136500000,5182.60,5184.10,5180.92,5180.92,176.675,1773136799999,915681.98349,1139,105.304,545784.99892,0
1773136800000,5180.92,5180.92,5175.89,5176.14,467.517,1773137099999,2420738.01788,2097,191.182,989953.30715,0
1773137100000,5176.15,5179.46,5173.60,5178.88,1096.199,1773137399999,5675232.77901,2093,353.040,1827800.16214,0
1773137400000,5178.87,5180.62,5175.46,5178.30,1005.329,1773137699999,5206938.49883,2014,205.670,1065084.88150,0
1773137700000,5178.29,5178.78,5173.77,5176.09,1044.145,1773137999999,5404230.30190,2456,400.031,2070454.50997,0
1773138000000,5176.09,5178.90,5176.09,5176.82,261.857,1773138299999,1355741.36752,1154,68.237,353286.46495,0
1773138300000,5176.82,5177.08,5171.22,5172.05,429.047,1773138599999,2219875.06597,1983,136.484,706160.53809,0
1773138600000,5172.06,5174.26,5165.26,5168.13,1343.852,1773138899999,6945857.82690,3378,824.960,4263686.48602,0
1773138900000,5168.13,5168.61,5156.04,5157.10,2009.858,1773139199999,10372958.32677,4484,1233.931,6367747.49124,0
1773139200000,5157.10,5167.46,5156.26,5167.45,822.798,1773139499999,4246533.38212,2777,533.237,2751920.92109,0
1773139500000,5167.45,5169.89,5167.06,5169.85,522.719,1773139799999,2701756.55246,1897,260.607,1346951.78010,0
1773139800000,5169.85,5174.36,5169.18,5171.73,608.626,1773140099999,3148182.11508,2132,219.248,1133988.76153,0
1773140100000,5171.72,5176.76,5170.78,5176.21,668.697,1773140399999,3460239.58961,2280,415.234,2148604.74530,0
1773140400000,5176.21,5180.84,5175.68,5179.15,856.934,1773140699999,4437360.62655,2837,412.042,2133562.77428,0
1773140700000,5179.15,5188.82,5179.15,5188.59,1348.444,1773140999999,6991337.21964,4366,460.427,2387121.73404,0
1773141000000,5188.58,5189.95,5185.25,5185.51,953.823,1773141299999,4948582.92487,3475,317.211,1645787.92168,0
1773141300000,5185.51,5185.51,5178.52,5182.24,686.704,1773141599999,3558328.26505,2414,158.843,823044.18266,0
1773141600000,5182.24,5187.06,5180.50,5182.19,613.762,1773141899999,3181561.45732,2532,256.272,1328363.42865,0
1773141900000,5182.31,5183.58,5177.74,5180.39,668.382,1773142199999,3462843.97263,2254,180.650,935719.50332,0
1773142200000,5180.39,5181.43,5175.05,5178.15,460.875,1773142499999,2386201.90403,2024,206.976,1071571.39224,0
1773142500000,5178.15,5182.81,5177.46,5178.71,347.047,1773142799999,1797774.85750,1800,220.054,1139924.43799,0
1773142800000,5178.68,5178.68,5172.50,5172.85,679.927,1773143099999,3518675.43204,2759,373.750,1934123.50107,0
1773143100000,5172.84,5173.44,5170.80,5171.14,654.043,1773143399999,3382695.22435,1975,461.261,2385608.94937,0
1773143400000,5171.14,5177.43,5171.14,5175.36,345.882,1773143699999,1789930.19487,1862,194.606,1007013.98945,0
1773143700000,5175.36,5176.47,5171.20,5173.73,382.693,1773143999999,1979894.18635,1661,199.094,1029947.25456,0
1773144000000,5173.74,5175.17,5166.33,5166.80,806.595,1773144299999,4170256.44438,2797,439.261,2271055.50087,0
1773144300000,5166.79,5168.15,5161.78,5164.26,1152.888,1773144599999,5953626.22666,3326,673.187,3476182.36200,0
1773144600000,5164.25,5169.76,5163.65,5169.54,417.393,1773144899999,2156785.42833,1968,235.138,1215030.52016,0
1773144900000,5169.50,5170.67,5164.69,5170.48,686.571,1773145199999,3548443.75605,2031,418.928,2165246.31953,0
1773145200000,5170.48,5175.58,5169.64,5175.09,715.196,1773145499999,3699816.02745,2226,338.549,1751420.59360,0
1773145500000,5175.10,5178.74,5174.66,5177.98,627.864,1773145799999,3250626.30397,2004,302.357,1565313.50200,0
1773145800000,5177.99,5179.62,5177.00,5178.47,581.374,1773146099999,3010421.99536,2375,297.642,1541234.91468,0
1773146100000,5178.47,5180.62,5176.98,5178.26,342.845,1773146399999,1775639.20681,1690,98.850,511977.27814,0
1773146400000,5178.26,5182.28,5177.80,5182.28,428.778,1773146699999,2221041.25222,1423,164.748,853451.53180,0
1773146700000,5182.27,5186.60,5182.27,5183.75,1103.037,1773146999999,5718550.32038,2975,493.126,2556442.92987,0
1773147000000,5183.76,5184.49,5178.21,5180.02,489.636,1773147299999,2536737.87808,1621,160.118,829522.46168,0
1773147300000,5180.02,5184.42,5179.81,5184.42,378.912,1773147599999,1963537.56192,1404,181.395,940010.59651,0
1773147600000,5184.42,5199.00,5183.46,5192.20,3661.377,1773147899999,19017216.21725,7489,1753.400,9106583.37352,0
1773147900000,5192.36,5198.59,5190.01,5197.95,1366.876,1773148199999,7100511.08124,3776,700.340,3638257.75356,0
1773148200000,5198.07,5201.60,5196.21,5198.30,1367.664,1773148499999,7110307.61968,4137,692.627,3601081.16971,0
1773148500000,5198.31,5214.15,5197.13,5212.55,3511.630,1773148799999,18285939.71202,7001,2271.626,11828953.79873,0
1773148800000,5212.55,5220.25,5210.91,5218.98,2551.216,1773149099999,13309760.46552,6023,1105.715,5768470.91066,0
1773149100000,5219.00,5225.83,5217.87,5218.79,2352.462,1773149399999,12284202.02672,5701,1058.391,5526813.71115,0
1773149400000,5218.80,5219.76,5208.45,5210.72,2687.102,1773149699999,14010359.34501,6852,1274.642,6646307.20402,0
1773149700000,5210.73,5211.65,5204.19,5211.00,1493.314,1773149999999,7777597.32461,4798,605.914,3156105.84946,0
1773150000000,5211.00,5215.00,5207.20,5207.20,1667.095,1773150299999,8687160.12383,4381,601.985,3137050.74264,0
1773150300000,5207.15,5207.34,5193.91,5203.76,2892.696,1773150599999,15039580.86483,6451,1607.371,8357497.84147,0
1773150600000,5203.76,5212.93,5201.82,5206.99,1670.054,1773150899999,8695337.81907,4307,977.129,5087926.38467,0
1773150900000,5206.99,5213.76,5202.28,5203.90,1295.960,1773151199999,6749684.63197,3973,589.188,3068504.54516,0
1773151200000,5203.90,5206.88,5199.11,5199.64,1787.252,1773151499999,9298546.75084,5054,859.502,4471702.55191,0
1773151500000,5199.64,5203.21,5186.70,5191.95,2689.899,1773151799999,13969932.66734,6910,1277.152,6632063.51309,0
1773151800000,5191.95,5195.19,5185.08,5193.76,2285.975,1773152099999,11861974.76888,5321,1307.831,6787032.25510,0
1773152100000,5193.76,5209.65,5193.01,5209.65,2436.291,1773152399999,12675506.20066,6107,1328.684,6911622.75592,0
1773152400000,5209.65,5211.52,5206.86,5208.41,1130.296,1773152699999,5888008.34290,3188,514.564,2680541.19448,0
1773152700000,5208.35,5208.45,5204.91,5206.30,642.661,1773152999999,3346157.11814,2377,340.630,1773564.15440,0
1773153000000,5206.29,5211.57,5203.75,5205.85,807.386,1773153299999,4204399.21932,2752,347.175,1808056.19844,0
1773153300000,5205.76,5211.15,5201.31,5208.43,658.873,1773153599999,3429840.39551,3037,223.028,1160956.99184,0
1773153600000,5208.43,5208.80,5202.24,5204.39,611.219,1773153899999,3181563.61162,2566,264.213,1375099.64121,0
1773153900000,5204.39,5208.25,5202.99,5204.53,518.924,1773154199999,2701436.62572,2479,240.814,1253626.38642,0
1773154200000,5204.55,5209.30,5203.44,5209.30,904.702,1773154499999,4710485.77705,2002,386.837,2014078.58949,0
1773154500000,5209.29,5209.75,5205.23,5205.24,492.325,1773154799999,2564210.26893,1901,188.773,983226.08562,0
1773154800000,5205.24,5213.03,5202.32,5211.18,1778.540,1773155099999,9263223.54610,3827,1045.155,5443399.44631,0
1773155100000,5211.24,5214.29,5208.01,5214.28,759.143,1773155399999,3956155.48023,2225,275.491,1435875.51572,0
1773155400000,5214.29,5224.89,5214.11,5222.01,1423.124,1773155699999,7428214.66270,3790,957.365,4997076.03426,0
1773155700000,5222.00,5223.65,5220.14,5223.48,1029.811,1773155999999,5377084.80506,2653,374.682,1956442.30971,0
1773156000000,5223.48,5227.86,5222.57,5222.57,965.536,1773156299999,5044499.89907,2752,522.591,2730523.60516,0
1773156300000,5222.58,5224.95,5221.00,5223.38,718.989,1773156599999,3755015.49080,2161,383.633,2003600.52509,0
1773156600000,5223.38,5234.78,5223.01,5232.25,1533.902,1773156899999,8022143.14747,4214,902.335,4718714.61748,0
1773156900000,5232.26,5235.00,5227.30,5232.10,1428.174,1773157199999,7471485.99000,3154,624.797,3268820.55594,0
1773157200000,5232.10,5233.41,5227.12,5233.40,558.501,1773157499999,2921508.79137,2037,258.373,1351550.80448,0
1773157500000,5233.40,5236.74,5227.98,5229.74,908.172,1773157799999,4751488.82283,2586,360.268,1885181.13227,0
1773157800000,5229.75,5231.85,5224.25,5225.26,752.728,1773158099999,3935045.19401,2433,410.014,2143530.86941,0
1773158100000,5225.27,5228.86,5225.00,5226.41,671.392,1773158399999,3509231.17870,2010,281.004,1468733.91903,0
1773158400000,5226.41,5228.96,5222.47,5225.20,760.122,1773158699999,3972304.61268,2451,400.750,2094262.55546,0
1773158700000,5225.20,5226.51,5222.23,5223.85,453.644,1773158999999,2369741.93665,1677,222.927,1164571.15263,0
1773159000000,5223.86,5225.74,5220.04,5221.14,563.629,1773159299999,2943784.33219,2060,222.176,1160505.98982,0
1773159300000,5221.14,5227.50,5220.28,5226.20,631.712,1773159599999,3300345.45539,1777,301.163,1573403.83183,0
1773159600000,5226.13,5231.17,5225.30,5231.16,471.912,1773159899999,2467263.25162,1781,308.712,1614022.11505,0
1773159900000,5231.17,5233.76,5229.34,5230.68,653.135,1773160199999,3417033.02160,2367,343.726,1798296.73946,0
1773160200000,5230.68,5232.08,5228.75,5231.94,350.132,1773160499999,1831373.67502,1353,192.609,1007417.70920,0
1773160500000,5231.91,5232.65,5229.00,5230.32,649.819,1773160799999,3398910.11322,1601,304.324,1591746.42353,0
1773160800000,5230.32,5230.32,5225.09,5225.98,323.681,1773161099999,1691992.54251,1461,109.512,572463.72346,0
1773161100000,5225.98,5229.29,5225.09,5225.09,369.324,1773161399999,1930653.51324,1391,186.183,973275.66758,0
1773161400000,5225.09,5227.38,5223.40,5225.25,332.654,1773161699999,1738116.95624,1610,158.027,825664.25104,0
1773161700000,5225.25,5227.10,5224.00,5225.20,187.754,1773161999999,981138.99981,1161,92.489,483289.32747,0
1773162000000,5225.19,5227.00,5224.62,5226.27,210.851,1773162299999,1101854.41419,1207,82.982,433653.58885,0
1773162300000,5226.28,5230.94,5226.08,5229.99,354.219,1773162599999,1852058.81733,1362,162.043,847218.39057,0
1773162600000,5229.98,5232.32,5227.95,5231.55,354.162,1773162899999,1852596.39364,1456,182.190,952993.70216,0
1773162900000,5231.56,5231.62,5222.00,5224.32,760.214,1773163199999,3972589.07231,2641,358.491,1873073.29201,0
1773163200000,5224.31,5226.87,5222.25,5225.69,608.559,1773163499999,3179345.26594,2324,221.274,1156022.09514,0
1773163500000,5225.69,5231.36,5224.24,5230.55,558.507,1773163799999,2919484.25361,1709,246.754,1289977.75838,0
1773163800000,5230.54,5231.94,5227.56,5228.85,479.171,1773164099999,2505927.55043,1826,227.300,1188689.40963,0
1773164100000,5228.86,5229.62,5225.49,5227.42,275.496,1773164399999,1440145.20787,1813,138.088,721854.40470,0
1773164400000,5227.43,5228.82,5225.26,5225.66,241.798,1773164699999,1263887.22807,1300,99.146,518231.82839,0
1773164700000,5225.65,5227.88,5224.24,5226.84,251.185,1773164999999,1312696.21030,1160,135.941,710406.72191,0
1773165000000,5226.83,5229.80,5225.76,5227.57,219.300,1773165299999,1146569.28830,1065,86.154,450399.51488,0
1773165300000,5227.50,5227.51,5224.70,5225.30,251.436,1773165599999,1313938.31202,1010,98.635,515408.22686,0
1773165600000,5225.29,5225.30,5215.74,5219.00,826.654,1773165899999,4314614.23216,2874,287.230,1499091.47608,0
1773165900000,5219.00,5221.65,5215.73,5218.72,746.534,1773166199999,3895764.60547,1706,169.263,883286.57129,0
1773166200000,5218.72,5224.18,5213.06,5214.51,673.531,1773166499999,3516308.30563,2652,321.839,1680292.50806,0
1773166500000,5214.48,5216.38,5159.18,5170.07,10321.331,1773166799999,53496687.48224,19075,5130.153,26586959.13297,0
1773166800000,5170.07,5193.51,5168.32,5191.15,3748.938,1773167099999,19426011.52463,10233,2129.964,11036792.66495,0
1773167100000,5191.16,5203.61,5189.21,5200.81,1228.234,1773167399999,6383368.93536,5423,700.569,3640803.41425,0
1773167400000,5200.80,5205.59,5193.40,5198.57,1213.042,1773167699999,6307894.02974,4313,405.928,2111102.47908,0
1773167700000,5198.57,5200.37,5187.70,5187.90,1406.588,1773167999999,7305557.34937,5150,657.750,3416288.38451,0
1773168000000,5187.89,5195.30,5187.89,5193.18,930.710,1773168299999,4832360.30028,3854,320.168,1662194.76517,0
1773168300000,5193.12,5203.20,5191.19,5199.69,678.115,1773168599999,3524394.17171,3249,458.671,2383556.73289,0
1773168600000,5199.68,5203.18,5197.80,5200.05,422.728,1773168899999,2198394.08160,2194,247.662,1287902.75459,0
1773168900000,5200.05,5201.30,5189.73,5189.99,791.668,1773169199999,4112363.67467,2748,435.745,2263471.97342,0
1773169200000,5190.07,5195.06,5183.23,5193.81,1024.755,1773169499999,5316806.86893,3545,533.673,2768940.56365,0
1773169500000,5193.80,5197.60,5192.03,5194.94,276.849,1773169799999,1437975.52608,1719,129.901,674683.35311,0
1773169800000,5194.94,5196.88,5191.23,5195.94,521.814,1773170099999,2710366.58128,2085,246.536,1280568.85060,0
1773170100000,5195.94,5202.50,5195.94,5202.44,373.220,1773170399999,1940448.98311,1963,204.062,1061103.08435,0
1773170400000,5202.43,5205.00,5200.12,5203.51,364.159,1773170699999,1894571.08488,1929,185.313,964073.13858,0
1773170700000,5203.50,5203.50,5197.80,5198.04,246.131,1773170999999,1279904.53037,1579,108.634,564854.87378,0
1773171000000,5198.04,5198.05,5181.00,5184.35,1143.142,1773171299999,5929371.11113,4192,644.084,3340287.49508,0
1773171300000,5184.64,5192.44,5178.85,5190.67,1051.817,1773171599999,5453992.58779,3606,594.980,3084792.47117,0
1773171600000,5190.67,5192.49,5183.10,5185.21,1289.692,1773171899999,6689865.78953,4159,711.339,3689683.47764,0
1773171900000,5185.38,5190.08,5185.26,5187.54,549.181,1773172199999,2848879.44733,2511,265.488,1377096.72342,0
1773172200000,5187.54,5194.43,5186.46,5194.43,304.603,1773172499999,1580959.47918,2105,196.738,1021124.37278,0
1773172500000,5194.48,5197.84,5193.26,5197.00,428.707,1773172799999,2227223.78974,2195,218.568,1135529.92712,0
1773172800000,5196.99,5197.06,5191.80,5194.82,400.625,1773173099999,2080769.27515,1689,188.077,976843.66293,0
1773173100000,5194.83,5196.49,5193.89,5194.43,228.208,1773173399999,1185608.17066,1129,127.109,660360.86782,0
1773173400000,5194.40,5195.99,5192.98,5195.20,183.262,1773173699999,951857.39321,922,63.339,328991.20506,0
1773173700000,5195.33,5195.99,5191.26,5191.26,137.078,1773173999999,711920.13040,937,64.551,335206.92034,0
1773174000000,5191.26,5195.49,5189.60,5195.12,198.968,1773174299999,1033217.89723,1165,94.402,490226.95862,0
1773174300000,5195.12,5195.88,5192.35,5192.36,149.197,1773174599999,775035.50263,1023,63.888,331889.09758,0
1773174600000,5192.35,5193.11,5191.50,5192.52,93.708,1773174899999,486570.46472,690,51.735,268627.76146,0
1773174900000,5192.52,5193.80,5191.55,5193.79,132.836,1773175199999,689738.20398,876,74.819,388492.91149,0
1773175200000,5193.79,5195.57,5192.81,5195.56,191.138,1773175499999,992788.42241,760,109.584,569206.33985,0
1773175500000,5195.56,5196.65,5192.73,5194.33,266.911,1773175799999,1386635.01275,1061,123.880,643540.69808,0
1773175800000,5194.32,5194.84,5192.00,5193.32,411.116,1773176099999,2134883.66837,1238,344.896,1790986.81251,0
1773176100000,5193.31,5193.48,5188.68,5189.11,282.013,1773176399999,1464012.90470,1105,76.022,394670.89215,0
1773176400000,5189.10,5190.07,5188.69,5189.02,213.025,1773176699999,1105426.08246,944,140.350,728283.03399,0
1773176700000,5189.02,5189.70,5188.99,5189.70,83.857,1773176999999,435164.20542,362,68.385,354873.56053,0
1773177000000,5189.70,5189.70,5186.36,5186.70,140.397,1773177299999,728352.89351,521,16.242,84269.86171,0
1773177300000,5186.70,5193.09,5186.70,5190.24,303.567,1773177599999,1575607.05909,970,201.142,1043967.22100,0
1773177600000,5190.24,5191.38,5190.24,5191.38,35.884,1773177899999,186279.46719,216,30.613,158916.25651,0
1773177900000,5191.38,5192.45,5191.38,5192.45,30.666,1773178199999,159228.20387,210,27.084,140628.91961,0
1773178200000,5192.46,5193.51,5192.44,5193.06,75.038,1773178499999,389668.55641,393,58.896,305838.51722,0
1773178500000,5193.05,5193.06,5189.74,5191.49,128.901,1773178799999,669222.64186,610,59.261,307676.56236,0
1773178800000,5191.49,5194.57,5190.94,5194.57,114.625,1773179099999,595220.37707,980,67.882,352500.75865,0
1773179100000,5194.56,5194.73,5192.00,5192.18,61.877,1773179399999,321328.38221,565,27.253,141527.97484,0
1773179400000,5192.16,5192.68,5192.02,5192.68,17.769,1773179699999,92262.14026,329,11.861,61586.54800,0
1773179700000,5192.68,5194.44,5190.25,5191.95,255.896,1773179999999,1328693.50702,1353,134.647,699136.43869,0
1773180000000,5191.95,5194.98,5183.62,5190.14,1685.480,1773180299999,8747411.93989,5215,922.030,4785072.76739,0
1773180300000,5190.13,5191.55,5183.76,5185.75,479.235,1773180599999,2486269.14678,2201,207.591,1076790.16893,0
1773180600000,5185.75,5189.91,5182.30,5189.19,468.943,1773180899999,2432017.89191,2268,320.613,1662689.94003,0
1773180900000,5189.19,5195.00,5187.20,5194.32,392.643,1773181199999,2038271.52124,1863,196.246,1018719.87582,0
1773181200000,5194.31,5194.31,5188.44,5194.22,388.380,1773181499999,2015974.95495,1763,233.142,1210087.95760,0
1773181500000,5194.23,5194.42,5187.69,5189.21,295.838,1773181799999,1535894.78335,1470,90.986,472370.47403,0
1773181800000,5189.22,5192.07,5186.16,5187.79,268.136,1773182099999,1391353.14409,1867,154.899,803768.22719,0
1773182100000,5187.78,5190.11,5187.58,5189.02,133.547,1773182399999,692955.65597,1131,51.071,264987.42114,0
1773182400000,5189.02,5192.85,5187.55,5191.29,423.727,1773182699999,2199376.09935,1783,224.543,1165375.37839,0
1773182700000,5191.33,5192.39,5188.48,5189.09,252.235,1773182999999,1309202.39598,1502,146.936,762629.13154,0
1773183000000,5189.08,5191.00,5185.14,5191.00,537.416,1773183299999,2787909.92428,1658,344.927,1789039.99228,0
1773183300000,5191.00,5191.00,5186.83,5187.76,230.176,1773183599999,1194166.78565,958,129.485,671724.47544,0
1773183600000,5187.76,5190.88,5187.56,5189.38,266.070,1773183899999,1380699.63325,1135,201.307,1044620.54880,0
1773183900000,5189.38,5194.19,5189.32,5193.85,448.765,1773184199999,2330165.95675,1415,286.650,1488349.61489,0
1773184200000,5193.84,5194.00,5190.21,5190.71,219.014,1773184499999,1137159.75513,1061,126.842,658572.02653,0
1773184500000,5190.70,5190.85,5187.04,5190.79,436.157,1773184799999,2262745.98053,1279,348.650,1808691.39575,0
1773184800000,5190.79,5194.63,5190.33,5191.39,387.501,1773185099999,2012378.04699,1320,172.289,894733.84726,0
1773185100000,5191.40,5194.92,5190.15,5192.11,446.028,1773185399999,2315909.70324,1203,299.285,1554081.02446,0
1773185400000,5192.11,5193.86,5191.74,5193.86,125.527,1773185699999,651818.27096,679,75.770,393469.84969,0
1773185700000,5193.86,5194.74,5192.20,5192.21,252.515,1773185999999,1311420.57548,1148,145.834,757378.43970,0
1773186000000,5192.20,5192.86,5190.11,5190.35,210.645,1773186299999,1093476.47039,1013,103.025,534801.68637,0
1773186300000,5190.36,5190.61,5187.00,5189.29,442.523,1773186599999,2296150.41002,1470,226.056,1172952.95704,0
1773186600000,5189.29,5192.31,5188.09,5192.31,155.696,1773186899999,808082.51716,1081,112.309,582929.54150,0
1773186900000,5192.30,5195.50,5191.55,5195.31,223.836,1773187199999,1162525.05844,1127,143.679,746232.51207,0
1773187200000,5195.31,5196.36,5188.60,5189.20,570.328,1773187499999,2961362.42392,2038,318.019,1651161.90446,0
1773187500000,5189.20,5190.23,5185.91,5186.87,409.017,1773187799999,2122106.91282,1840,169.334,878551.05371,0
1773187800000,5186.86,5190.74,5185.52,5190.65,411.682,1773188099999,2135665.30383,2048,148.496,770324.52196,0
1773188100000,5190.64,5201.34,5189.97,5201.04,877.413,1773188399999,4559877.60647,2510,452.690,2352678.96648,0
1773188400000,5201.03,5209.48,5200.98,5208.36,959.325,1773188699999,4993894.54367,3410,490.795,2554772.52165,0
1773188700000,5208.36,5214.20,5207.52,5210.89,834.494,1773188999999,4348887.92688,3004,464.540,2420775.09652,0
1773189000000,5211.00,5211.00,5204.36,5208.26,505.528,1773189299999,2632597.44652,1919,259.906,1353429.62154,0
1773189300000,5208.27,5210.73,5208.26,5208.60,315.489,1773189599999,1643499.07861,1318,171.334,892534.48123,0
1773189600000,5208.61,5209.09,5205.07,5209.09,360.879,1773189899999,1879022.48144,1356,124.537,648460.52315,0
1773189900000,5209.08,5214.40,5209.08,5213.34,536.148,1773190199999,2794315.18613,2142,275.228,1434492.01582,0
1773190200000,5213.34,5216.73,5210.81,5215.60,475.454,1773190499999,2479226.25647,2041,257.414,1342236.47939,0
1773190500000,5215.60,5216.73,5213.26,5213.96,450.731,1773190799999,2350365.28324,1706,192.252,1002487.88542,0
1773190800000,5213.91,5219.95,5212.52,5215.69,980.187,1773191099999,5113709.68747,3962,538.163,2807551.84450,0
1773191100000,5215.68,5217.14,5210.43,5210.79,566.150,1773191399999,2951367.17409,2244,196.394,1023825.26932,0
1773191400000,5210.80,5216.76,5209.21,5212.61,941.665,1773191699999,4908685.85148,2643,348.078,1814361.55123,0
1773191700000,5212.61,5217.25,5210.67,5216.93,1238.910,1773191999999,6458959.79489,1919,397.840,2074178.46176,0
1773192000000,5216.94,5219.67,5210.55,5212.80,640.379,1773192299999,3340064.03174,2386,301.130,1570652.54299,0
1773192300000,5212.80,5215.31,5208.89,5213.19,505.890,1773192599999,2636628.15461,2504,287.459,1498226.26432,0
1773192600000,5213.18,5216.90,5213.01,5216.85,508.650,1773192899999,2652371.33162,1651,309.251,1612544.79160,0
1773192900000,5216.85,5216.90,5211.80,5213.54,513.427,1773193199999,2677162.23350,1661,165.589,863433.00138,0
1773193200000,5213.54,5213.54,5210.57,5212.23,505.477,1773193499999,2634383.59481,1709,203.352,1059828.02805,0
1773193500000,5212.23,5218.08,5212.04,5212.73,938.482,1773193799999,4893934.69728,2029,533.245,2781044.43245,0
1773193800000,5212.72,5213.51,5208.75,5211.15,630.943,1773194099999,3287767.39135,1850,255.960,1333739.72123,0
1773194100000,5211.15,5212.69,5206.64,5206.66,434.414,1773194399999,2263007.30640,1525,157.021,817945.09004,0
1773194400000,5206.70,5207.68,5198.12,5200.84,1654.129,1773194699999,8605448.54048,4326,726.942,3781223.90496,0
1773194700000,5200.84,5201.43,5195.87,5196.13,918.723,1773194999999,4776404.31087,2952,568.443,2955311.78529,0
1773195000000,5196.14,5199.96,5193.00,5199.87,918.584,1773195299999,4772741.46669,2717,621.972,3231499.78205,0
1773195300000,5199.86,5203.70,5198.80,5202.56,550.818,1773195599999,2864776.16262,1884,335.635,1745482.83827,0
1773195600000,5202.55,5203.81,5200.39,5202.29,310.542,1773195899999,1615410.27909,1267,180.372,938267.59946,0
1773195900000,5202.30,5204.21,5200.95,5202.48,285.676,1773196199999,1486240.23170,1571,154.506,803803.77704,0
1773196200000,5202.47,5203.84,5200.29,5203.50,439.384,1773196499999,2285748.88725,1823,197.549,1027679.95692,0
1773196500000,5203.50,5204.77,5203.30,5203.35,475.138,1773196799999,2472640.32377,1273,211.539,1100845.99445,0
1773196800000,5203.35,5207.47,5202.73,5206.40,364.549,1773197099999,1897693.29443,1483,162.709,846993.86060,0
1773197100000,5206.40,5210.65,5206.26,5210.46,345.126,1773197399999,1797795.88889,1355,233.218,1214850.47154,0
1773197400000,5210.50,5218.22,5210.50,5217.45,905.953,1773197699999,4724583.96149,2538,435.282,2270144.13543,0
1773197700000,5217.44,5217.44,5213.13,5214.81,597.200,1773197999999,3114311.89370,1538,288.905,1506532.38933,0
1773198000000,5214.81,5217.54,5214.81,5216.16,290.443,1773198299999,1515040.81798,1342,95.563,498453.28769,0
1773198300000,5216.20,5216.21,5211.25,5211.39,392.397,1773198599999,2045613.47715,1456,137.002,714198.97423,0
1773198600000,5211.39,5212.46,5209.86,5211.17,212.944,1773198899999,1109638.44511,1027,75.005,390839.46409,0
1773198900000,5211.17,5211.76,5209.86,5210.72,311.458,1773199199999,1623002.33301,1469,112.077,584033.58815,0
1773199200000,5210.72,5211.06,5206.48,5206.78,241.688,1773199499999,1258820.84213,1304,100.613,524035.86120,0
1773199500000,5206.78,5207.39,5202.65,5202.65,409.724,1773199799999,2132562.42374,1786,152.113,791755.26060,0
1773199800000,5202.88,5207.24,5201.84,5207.15,325.125,1773200099999,1692243.40720,1426,258.113,1343467.14638,0
1773200100000,5207.14,5208.23,5206.32,5206.69,460.913,1773200399999,2400115.36361,900,243.344,1267113.19038,0
1773200400000,5206.70,5207.26,5205.27,5205.94,291.973,1773200699999,1520157.93338,735,202.105,1052244.96427,0
1773200700000,5205.95,5206.40,5201.32,5201.33,179.871,1773200999999,936016.34229,989,70.051,364536.95079,0
1773201000000,5201.32,5202.11,5198.20,5199.13,550.363,1773201299999,2861862.80257,1524,288.916,1502330.57122,0
1773201300000,5199.13,5201.91,5198.22,5201.55,442.990,1773201599999,2303310.02936,1402,295.262,1535187.82708,0
1773201600000,5201.54,5202.45,5198.20,5201.96,376.584,1773201899999,1958270.51911,1237,281.826,1465493.10050,0
1773201900000,5201.97,5203.70,5201.82,5203.70,194.896,1773202199999,1013916.28125,895,144.039,749332.76356,0
1773202200000,5203.70,5205.69,5202.28,5204.85,246.912,1773202499999,1284846.35052,950,133.428,694309.61977,0
1773202500000,5204.86,5206.80,5203.74,5204.71,251.334,1773202799999,1308259.69625,1172,128.472,668736.98289,0
1773202800000,5204.77,5205.84,5204.07,5205.83,198.269,1773203099999,1032036.08502,717,134.011,697562.13079,0
1773203100000,5205.83,5206.00,5205.52,5205.66,180.073,1773203399999,937422.06649,524,71.208,370692.16096,0
1773203400000,5205.66,5206.00,5203.23,5204.55,193.537,1773203699999,1007356.09320,794,97.679,508424.02949,0
1773203700000,5204.56,5206.00,5204.55,5205.64,160.720,1773203999999,836625.65325,632,90.226,469680.44497,0
1773204000000,5205.64,5205.89,5204.59,5204.70,161.806,1773204299999,842282.67656,591,40.998,213402.96085,0
1773204300000,5204.69,5204.69,5201.65,5202.99,246.750,1773204599999,1283748.12390,881,66.611,346540.21236,0
1773204600000,5203.00,5203.90,5201.00,5202.51,172.196,1773204899999,895780.21069,698,105.906,550938.09281,0
1773204900000,5202.52,5203.25,5200.66,5202.55,141.655,1773205199999,736905.73591,879,67.730,352337.46240,0
1773205200000,5202.61,5204.40,5201.78,5203.88,188.049,1773205499999,978509.52058,894,110.125,573033.71572,0
1773205500000,5203.89,5206.71,5203.51,5205.09,310.018,1773205799999,1613850.23012,979,241.700,1258211.07741,0
1773205800000,5205.08,5205.33,5202.44,5202.81,173.666,1773206099999,903762.39861,777,100.477,522863.85956,0
1773206100000,5202.81,5204.00,5201.79,5203.29,121.032,1773206399999,629754.28271,813,48.775,253763.94160,0
1773206400000,5203.30,5203.71,5199.38,5201.52,267.349,1773206699999,1390471.88049,1227,108.722,565435.86006,0
1773206700000,5201.53,5201.92,5199.64,5199.64,268.869,1773206999999,1398282.99510,664,54.211,281959.80596,0
1773207000000,5199.64,5199.64,5189.31,5196.40,1822.075,1773207299999,9464136.26758,5144,913.677,4745847.39900,0
1773207300000,5196.40,5200.33,5196.39,5198.89,506.050,1773207599999,2630804.22020,1651,269.222,1399518.87545,0
1773207600000,5198.90,5202.34,5195.68,5198.94,606.656,1773207899999,3153961.55604,2120,274.933,1429284.51462,0
1773207900000,5198.95,5198.95,5193.00,5193.60,1349.032,1773208199999,7007961.78083,2086,808.676,4200385.38144,0
1773208200000,5193.60,5198.98,5193.60,5196.94,810.357,1773208499999,4210308.89211,1468,349.048,1813311.14952,0
1773208500000,5196.94,5197.78,5196.20,5197.45,173.269,1773208799999,900478.09925,959,96.023,499023.17850,0
1773208800000,5197.45,5197.89,5194.37,5197.09,286.161,1773209099999,1486950.32912,1517,123.758,643016.93704,0
1773209100000,5197.10,5201.35,5196.66,5201.03,406.347,1773209399999,2112854.28960,1232,223.676,1163008.47144,0
1773209400000,5201.04,5207.68,5200.56,5207.05,505.156,1773209699999,2629194.60790,1710,359.474,1870909.57617,0
1773209700000,5207.06,5207.99,5202.24,5202.56,542.795,1773209999999,2825516.73991,1754,225.086,1171629.31834,0
1773210000000,5202.56,5204.39,5201.13,5201.79,195.766,1773210299999,1018456.05605,1042,83.135,432502.35506,0
1773210300000,5201.79,5204.80,5201.23,5204.40,276.797,1773210599999,1440140.96493,1053,167.152,869643.49865,0
1773210600000,5204.40,5204.41,5201.24,5201.24,157.064,1773210899999,817219.44793,783,56.643,294726.40312,0
1773210900000,5201.24,5202.33,5198.63,5200.61,370.303,1773211199999,1925677.95254,1413,148.882,774234.24810,0
1773211200000,5200.61,5200.61,5191.20,5193.90,1015.147,1773211499999,5274134.13663,2066,568.093,2951262.33178,0
1773211500000,5193.89,5194.99,5190.60,5193.46,621.511,1773211799999,3227216.33962,1921,325.046,1687885.24271,0
1773211800000,5193.45,5196.52,5193.04,5195.68,264.949,1773212099999,1376526.56657,1101,125.859,653846.72636,0
1773212100000,5195.68,5196.70,5194.45,5195.49,391.997,1773212399999,2036755.92626,1368,209.459,1088293.44256,0
1773212400000,5195.49,5199.00,5193.58,5198.36,268.845,1773212699999,1396902.49786,1439,159.656,829545.73125,0
1773212700000,5198.36,5199.86,5195.00,5195.59,257.048,1773212999999,1336049.91120,1505,131.712,684610.25290,0
1773213000000,5196.23,5197.54,5195.59,5196.91,137.693,1773213299999,715525.03981,934,64.216,333689.41844,0
1773213300000,5197.00,5198.34,5194.50,5195.32,269.227,1773213599999,1398840.48472,1295,164.882,856653.76014,0
1773213600000,5195.32,5196.70,5194.68,5196.59,113.227,1773213899999,588295.95384,775,62.469,324568.40901,0
1773213900000,5196.60,5196.71,5193.72,5195.79,184.468,1773214199999,958391.40359,947,95.039,493764.19215,0
1773214200000,5195.80,5195.99,5186.56,5190.10,910.174,1773214499999,4723956.81245,2263,351.339,1823614.63847,0
1773214500000,5190.10,5192.24,5183.02,5186.11,1390.236,1773214799999,7210475.74478,3163,772.716,4007786.37048,0
1773214800000,5186.11,5191.08,5184.10,5190.48,666.095,1773215099999,3455518.95222,2363,417.642,2166614.86812,0
1773215100000,5190.49,5193.69,5189.37,5192.90,585.563,1773215399999,3039899.17018,1861,376.474,1954458.77668,0
1773215400000,5192.90,5196.00,5191.93,5193.60,477.605,1773215699999,2480545.98999,1639,200.721,1042510.78749,0
1773215700000,5193.60,5193.74,5191.30,5193.18,168.637,1773215999999,875650.24348,918,81.472,423040.62339,0
1773216000000,5193.17,5193.80,5187.00,5192.72,625.262,1773216299999,3245398.83428,1921,238.413,1237295.44974,0
1773216300000,5192.72,5194.77,5191.71,5193.10,345.908,1773216599999,1796348.07699,1371,144.552,750642.33242,0
1773216600000,5193.10,5196.60,5191.95,5196.60,310.291,1773216899999,1611732.61358,1361,186.212,967212.34727,0
1773216900000,5196.59,5196.60,5188.90,5190.66,416.558,1773217199999,2162443.79977,1494,214.165,1111745.56623,0
1773217200000,5190.66,5190.66,5185.60,5185.95,602.983,1773217499999,3128292.49762,1865,350.957,1820630.56308,0
1773217500000,5185.94,5187.52,5181.22,5184.19,1671.215,1773217799999,8662715.08848,3017,833.291,4319276.11520,0
1773217800000,5184.18,5186.45,5182.20,5184.41,508.478,1773218099999,2635885.48841,1699,327.268,1696456.34339,0
1773218100000,5184.42,5185.30,5175.23,5182.35,1363.890,1773218399999,7064404.08162,2926,637.408,3301153.54407,0
1773218400000,5182.35,5185.00,5180.31,5180.99,651.551,1773218699999,3376697.84661,2001,392.213,2032799.20017,0
1773218700000,5180.98,5184.37,5179.05,5183.57,588.581,1773218999999,3050232.68740,1643,345.012,1787968.53446,0
1773219000000,5183.57,5186.57,5182.30,5184.45,306.165,1773219299999,1587361.03406,1416,216.846,1124258.88963,0
1773219300000,5184.45,5187.36,5183.78,5186.51,449.107,1773219599999,2328934.07837,1485,308.521,1599867.26913,0
1773219600000,5186.50,5186.85,5182.40,5182.55,355.902,1773219899999,1845045.42945,1540,192.744,999160.51337,0
1773219900000,5182.54,5182.78,5178.27,5182.76,459.358,1773220199999,2379693.66443,1997,229.112,1186891.15495,0
1773220200000,5182.78,5186.47,5182.37,5183.44,380.369,1773220499999,1972002.85043,1436,273.988,1420476.87155,0
1773220500000,5183.43,5187.06,5183.08,5185.91,416.050,1773220799999,2157479.15996,1193,314.058,1628540.51231,0
1773220800000,5185.91,5189.18,5183.91,5186.17,638.904,1773221099999,3313571.63106,1556,384.098,1992085.49377,0
1773221100000,5186.17,5187.56,5185.37,5185.94,341.739,1773221399999,1772540.64490,1126,153.214,794678.97627,0
1773221400000,5185.95,5192.90,5185.65,5191.88,561.525,1773221699999,2914767.51838,1680,187.308,972098.76025,0
1773221700000,5191.89,5193.92,5191.30,5193.79,672.886,1773221999999,3494167.38825,1594,266.639,1384627.91649,0
1773222000000,5193.85,5195.28,5190.25,5190.25,285.860,1773222299999,1484674.52620,1145,159.580,828858.37596,0
1773222300000,5190.25,5192.45,5189.77,5191.11,203.801,1773222599999,1057937.99196,950,79.862,414555.82391,0
1773222600000,5191.10,5191.10,5186.42,5190.30,369.744,1773222899999,1918394.02864,1322,191.914,995775.29203,0
1773222900000,5190.29,5190.51,5185.59,5186.46,269.706,1773223199999,1399133.04074,1253,132.018,684810.05493,0
1773223200000,5186.46,5187.94,5184.51,5187.54,262.022,1773223499999,1358763.04837,1345,116.530,604292.88046,0
1773223500000,5187.54,5191.42,5186.45,5191.00,304.171,1773223799999,1578284.47782,1126,115.517,599411.79629,0
1773223800000,5191.00,5193.00,5190.66,5191.31,168.058,1773224099999,872476.40700,935,64.647,335610.39895,0
1773224100000,5191.35,5193.75,5190.51,5192.76,506.959,1773224399999,2632172.60964,1357,414.331,2151252.04329,0
1773224400000,5192.76,5193.94,5190.21,5190.21,269.526,1773224699999,1399364.81098,1100,151.483,786444.27384,0
1773224700000,5190.22,5191.24,5188.56,5190.73,259.880,1773224999999,1348742.73355,1024,125.067,649062.64903,0
1773225000000,5190.73,5190.73,5182.50,5183.64,939.918,1773225299999,4873400.13367,2352,390.227,2023225.83089,0
1773225300000,5183.61,5184.20,5177.68,5182.30,958.063,1773225599999,4964127.44999,2344,357.119,1850597.84046,0
1773225600000,5182.29,5183.00,5176.77,5177.94,911.372,1773225899999,4719739.67792,2359,654.791,3390819.72605,0
1773225900000,5178.00,5185.76,5176.68,5185.45,535.315,1773226199999,2773957.79864,1846,330.329,1711642.92287,0
1773226200000,5185.45,5188.54,5185.45,5186.75,763.125,1773226499999,3958964.69087,1439,310.701,1611856.03744,0
1773226500000,5186.75,5187.43,5183.31,5184.78,355.668,1773226799999,1844515.77357,1033,208.795,1082860.74152,0
1773226800000,5184.76,5190.90,5184.42,5190.89,356.115,1773227099999,1847431.74692,1460,202.844,1052283.08054,0
1773227100000,5190.89,5191.05,5185.91,5186.34,407.132,1773227399999,2112236.15120,1177,112.176,581934.60226,0
1773227400000,5186.33,5186.78,5183.54,5186.20,248.566,1773227699999,1288851.06218,1092,137.886,714923.08352,0
1773227700000,5186.20,5188.85,5180.92,5180.92,265.768,1773227999999,1378225.03616,1100,169.371,878320.55386,0
1773228000000,5180.92,5183.21,5180.00,5180.49,645.568,1773228299999,3344888.30266,1468,306.975,1590461.37202,0
1773228300000,5180.49,5182.19,5178.51,5180.03,388.096,1773228599999,2010415.42805,1547,202.786,1050462.64237,0
1773228600000,5180.04,5184.92,5179.01,5184.46,227.685,1773228899999,1179854.18503,1153,175.201,907860.66160,0
1773228900000,5184.47,5187.83,5183.10,5184.80,386.797,1773229199999,2006021.01522,1380,225.728,1170657.18514,0
1773229200000,5184.80,5188.63,5183.51,5183.74,293.649,1773229499999,1522992.23395,1354,144.957,751810.49168,0
1773229500000,5183.74,5186.66,5181.39,5184.20,320.348,1773229799999,1660748.44271,1480,163.501,847679.15060,0
1773229800000,5184.18,5186.80,5181.34,5182.43,486.896,1773230099999,2524194.71985,2063,249.853,1295143.18735,0
1773230100000,5182.43,5182.43,5175.50,5179.71,655.190,1773230399999,3393177.26350,2151,327.833,1697766.81433,0
1773230400000,5179.70,5183.82,5176.36,5183.38,621.485,1773230699999,3219770.34693,2179,299.594,1551956.55023,0
1773230700000,5183.49,5186.82,5182.64,5185.80,512.833,1773230999999,2658893.87184,1750,226.060,1172023.82562,0
1773231000000,5185.76,5190.08,5185.76,5189.25,756.245,1773231299999,3924073.46251,1717,323.788,1680036.48936,0
1773231300000,5189.25,5193.75,5189.00,5193.16,668.253,1773231599999,3469361.28781,2587,430.369,2234327.27290,0
1773231600000,5193.16,5193.70,5189.01,5189.33,429.944,1773231899999,2231867.21250,2053,162.725,844708.69122,0
1773231900000,5189.35,5190.52,5186.32,5189.79,653.873,1773232199999,3392749.99111,2018,415.416,2155481.31868,0
1773232200000,5189.80,5194.85,5178.01,5180.32,2418.552,1773232499999,12544490.50963,5899,1143.522,5931696.22201,0
1773232500000,5180.32,5180.32,5171.87,5176.64,2737.073,1773232799999,14165895.29862,5805,1268.974,6568046.88886,0
1773232800000,5176.63,5180.80,5174.64,5179.56,1080.931,1773233099999,5597333.74355,3295,629.287,3258635.14716,0
1773233100000,5179.39,5179.90,5167.72,5175.90,1551.799,1773233399999,8027220.87001,4231,709.175,3668462.20092,0
1773233400000,5175.90,5177.97,5172.33,5174.17,690.952,1773233699999,3575992.28324,2656,299.076,1547793.69340,0
1773233700000,5174.16,5175.41,5165.26,5166.88,1297.216,1773233999999,6707074.31579,3751,580.106,2999467.42074,0
1773234000000,5166.86,5175.80,5161.97,5175.41,2443.693,1773234299999,12629875.70842,6657,1407.356,7273626.81906,0
1773234300000,5175.40,5179.41,5173.13,5173.91,914.828,1773234599999,4735985.40297,3236,412.274,2134217.46162,0
1773234600000,5173.91,5179.72,5173.74,5176.33,792.341,1773234899999,4102667.72504,2741,350.067,1812498.14631,0
1773234900000,5176.33,5177.89,5174.61,5176.32,653.430,1773235199999,3382330.15234,2394,343.689,1779114.94808,0
1773235200000,5176.31,5180.89,5176.06,5178.09,582.139,1773235499999,3014812.09503,2179,301.573,1561810.31308,0
1773235500000,5178.10,5179.72,5175.63,5179.71,345.955,1773235799999,1791061.43329,1800,188.820,977540.60132,0
1773235800000,5179.71,5179.84,5168.70,5174.92,1301.988,1773236099999,6734792.66419,4324,738.406,3819188.07951,0
1773236100000,5174.92,5176.47,5167.63,5171.40,1061.047,1773236399999,5487065.25417,4120,666.536,3446679.66162,0
1773236400000,5171.40,5175.00,5165.05,5165.25,941.422,1773236699999,4866727.05075,3715,494.691,2557299.32463,0
1773236700000,5165.29,5166.80,5157.50,5158.72,1903.186,1773236999999,9824007.89436,5617,802.216,4141398.08308,0
1773237000000,5158.72,5168.27,5146.27,5167.51,2522.042,1773237299999,13005337.83907,7267,1166.069,6015811.54230,0
1773237300000,5167.51,5175.07,5166.75,5174.86,1029.839,1773237599999,5326032.40003,3209,545.111,2818834.82695,0
1773237600000,5174.86,5184.74,5173.45,5183.39,2136.011,1773237899999,11064412.61487,5551,942.772,4883238.57074,0
1773237900000,5183.40,5187.22,5177.06,5184.00,1638.319,1773238199999,8490840.44766,4596,688.572,3568901.70227,0
1773238200000,5184.00,5187.90,5179.20,5187.89,1074.807,1773238499999,5572206.68090,3064,519.834,2694651.75242,0
1773238500000,5187.90,5188.53,5184.42,5186.24,1035.069,1773238799999,5369188.62164,2670,328.263,1702773.94687,0
1773238800000,5186.25,5186.89,5184.15,5186.59,636.303,1773239099999,3299609.52164,2445,329.992,1711142.62887,0
1773239100000,5186.59,5193.46,5180.12,5192.82,1417.437,1773239399999,7353509.68931,4074,692.957,3595194.18079,0
1773239400000,5192.81,5194.40,5182.71,5184.26,1065.540,1773239699999,5529403.74409,3342,464.671,2411440.78125,0
1773239700000,5184.21,5188.45,5181.54,5183.89,558.059,1773239999999,2893662.74959,2469,243.370,1261949.21595,0
1773240000000,5183.89,5183.89,5174.00,5181.69,1523.616,1773240299999,7890172.36672,4217,760.187,3936636.04394,0
1773240300000,5181.69,5188.31,5179.01,5187.11,693.302,1773240599999,3593288.85842,2845,444.900,2305838.37554,0
1773240600000,5187.11,5191.55,5184.73,5188.25,606.201,1773240899999,3144996.87966,2353,258.253,1339742.93982,0
1773240900000,5188.39,5188.82,5180.46,5181.57,437.225,1773241199999,2267066.00445,2290,130.180,675049.98248,0
1773241200000,5181.57,5183.73,5177.21,5179.39,875.570,1773241499999,4535982.24212,3538,462.502,2396044.32704,0
1773241500000,5179.31,5180.34,5173.36,5180.05,770.353,1773241799999,3988006.77846,2624,277.353,1435865.29961,0
1773241800000,5180.05,5180.05,5170.36,5170.37,959.790,1773242099999,4966020.99225,3108,563.299,2914627.65110,0
1773242100000,5170.36,5174.77,5168.15,5173.79,964.356,1773242399999,4987438.91340,2831,621.302,3213289.62385,0
1773242400000,5173.76,5177.64,5173.53,5176.61,506.504,1773242699999,2621635.33434,2062,242.048,1252847.72079,0
1773242700000,5176.61,5177.52,5171.26,5171.79,396.021,1773242999999,2049629.40716,1669,188.325,974593.58000,0
1773243000000,5171.80,5171.82,5167.14,5168.41,977.192,1773243299999,5050890.94806,2976,541.962,2801209.31970,0
1773243300000,5168.41,5173.17,5167.25,5169.73,756.302,1773243599999,3910313.28347,2599,415.253,2146826.21724,0
1773243600000,5169.73,5173.11,5166.45,5169.04,738.835,1773243899999,3819181.77575,2508,496.649,2567248.74355,0
1773243900000,5169.01,5170.70,5163.63,5169.97,999.270,1773244199999,5163160.18971,2867,535.350,2766279.91892,0
1773244200000,5169.97,5174.75,5168.29,5172.07,547.277,1773244499999,2830429.74606,1841,404.147,2090131.57987,0
1773244500000,5172.03,5172.39,5166.20,5166.21,528.829,1773244799999,2733451.72066,1778,328.070,1695695.31835,0
1773244800000,5166.21,5170.72,5164.65,5166.42,814.312,1773245099999,4207605.38774,2588,422.274,2181885.37351,0
1773245100000,5166.41,5168.49,5163.77,5165.34,555.457,1773245399999,2869397.78406,2099,307.377,1587861.41482,0
1773245400000,5165.35,5171.20,5164.81,5171.20,335.515,1773245699999,1733982.14243,1742,177.086,915270.67698,0
1773245700000,5171.19,5171.20,5165.01,5166.26,443.951,1773245999999,2294169.19155,1835,160.824,831126.05648,0
1773246000000,5166.27,5168.89,5164.20,5168.16,303.334,1773246299999,1567158.33030,1585,157.706,814782.07911,0
1773246300000,5168.17,5169.18,5164.27,5165.86,302.812,1773246599999,1564442.81880,1740,159.935,826238.28591,0
1773246600000,5165.86,5171.07,5165.24,5170.75,350.964,1773246899999,1814235.68770,1635,187.117,967195.53544,0
1773246900000,5170.80,5173.54,5169.55,5173.54,480.283,1773247199999,2483914.77761,1356,338.457,1750418.27535,0
1773247200000,5173.53,5174.79,5172.00,5173.01,302.380,1773247499999,1564410.15901,1436,127.690,660626.39395,0
1773247500000,5173.01,5176.00,5169.91,5169.91,218.060,1773247799999,1128195.17443,1015,100.362,519290.73134,0
1773247800000,5169.90,5172.35,5169.35,5171.83,191.195,1773248099999,988555.44875,1070,78.521,405988.72469,0
1773248100000,5171.84,5174.91,5170.01,5174.01,275.504,1773248399999,1425117.37655,977,127.513,659548.66023,0
1773248400000,5174.00,5177.09,5173.29,5176.36,397.353,1773248699999,2056611.75586,1434,164.652,852107.85862,0
1773248700000,5176.39,5179.20,5176.26,5178.91,306.734,1773248999999,1588216.04592,1308,184.492,955264.78499,0
1773249000000,5178.93,5178.93,5173.23,5174.19,174.783,1773249299999,904589.98394,1239,63.379,327996.29859,0
1773249300000,5174.19,5176.35,5169.33,5170.48,313.361,1773249599999,1620829.12744,1562,131.033,677742.51316,0
1773249600000,5170.48,5172.79,5169.48,5171.13,195.335,1773249899999,1010094.48009,1397,98.528,509501.33932,0
1773249900000,5171.14,5172.95,5169.40,5171.19,372.096,1773250199999,1924337.00115,1495,223.450,1155584.52343,0
1773250200000,5171.20,5171.38,5166.04,5167.27,326.873,1773250499999,1689473.86189,1805,138.737,717076.83166,0
1773250500000,5167.37,5167.90,5157.59,5158.81,1436.006,1773250799999,7410645.07730,4386,681.707,3517850.22484,0
1773250800000,5158.81,5162.60,5154.30,5162.60,1290.250,1773251099999,6655328.31199,3479,670.550,3458867.82124,0
1773251100000,5162.60,5165.45,5160.89,5165.44,316.345,1773251399999,1633403.73730,1745,217.529,1123201.41691,0
1773251400000,5165.44,5167.74,5165.38,5167.00,164.698,1773251699999,850897.69652,1408,82.687,427197.39647,0
1773251700000,5166.99,5168.87,5164.64,5168.87,226.925,1773251999999,1172376.52545,1409,104.484,539807.90859,0
1773252000000,5168.87,5170.35,5168.06,5169.18,248.726,1773252299999,1285738.46145,1205,78.692,406768.85094,0
1773252300000,5169.18,5173.00,5168.34,5171.29,499.848,1773252599999,2584974.29871,1251,165.948,858127.85695,0
1773252600000,5171.28,5172.05,5169.92,5170.76,182.360,1773252899999,943014.88739,844,111.895,578620.68025,0
1773252900000,5170.76,5175.75,5170.76,5175.31,482.423,1773253199999,2495825.17003,1186,253.250,1310014.34126,0
1773253200000,5175.31,5176.08,5173.65,5175.45,345.301,1773253499999,1786857.73148,1262,98.253,508427.60158,0
1773253500000,5175.46,5177.14,5175.25,5176.54,163.554,1773253799999,846623.96536,810,81.059,419594.19715,0
1773253800000,5176.54,5177.15,5176.13,5176.13,139.333,1773254099999,721292.15134,573,47.562,246218.96977,0
1773254100000,5176.13,5176.99,5176.13,5176.43,101.600,1773254399999,525945.61037,508,45.108,233503.90377,0
1773254400000,5176.43,5177.00,5175.05,5176.30,168.747,1773254699999,873447.82080,630,70.355,364174.12211,0
1773254700000,5176.30,5176.44,5174.91,5174.92,115.525,1773254999999,597939.17307,572,46.268,239475.45830,0
1773255000000,5174.91,5175.81,5173.00,5173.00,191.291,1773255299999,989831.24323,701,97.483,504447.72053,0
1773255300000,5173.01,5173.40,5169.40,5171.52,315.660,1773255599999,1632364.37813,1264,167.919,868354.34379,0
1773255600000,5171.55,5171.95,5168.70,5170.36,166.049,1773255899999,858481.61397,1081,84.534,437035.83381,0
1773255900000,5170.29,5172.00,5170.19,5172.00,114.144,1773256199999,590255.20922,679,76.739,396821.61364,0
1773256200000,5172.00,5172.80,5170.97,5171.46,75.740,1773256499999,391717.64280,613,41.021,212153.50268,0
1773256500000,5171.46,5175.26,5171.15,5175.25,94.628,1773256799999,489551.08179,780,75.448,390331.07667,0
1773256800000,5175.26,5175.95,5171.92,5173.35,142.793,1773257099999,738763.95243,715,76.545,395985.58485,0
1773257100000,5173.34,5176.01,5173.34,5175.85,179.848,1773257399999,930741.31922,760,103.590,536083.38186,0
1773257400000,5175.84,5177.25,5174.65,5177.25,105.131,1773257699999,544173.66590,714,47.616,246472.66426,0
1773257700000,5177.24,5177.64,5176.10,5176.42,115.439,1773257999999,597622.51866,530,67.252,348151.57937,0
1773258000000,5176.42,5178.19,5176.41,5177.95,109.154,1773258299999,565133.26349,687,56.296,291466.63395,0
1773258300000,5177.96,5177.96,5175.69,5176.36,109.909,1773258599999,568905.45520,712,50.118,259407.99718,0
1773258600000,5176.37,5180.50,5176.05,5179.51,219.780,1773258899999,1138287.36373,1054,112.754,583943.21520,0
1773258900000,5179.50,5182.19,5177.80,5182.18,278.043,1773259199999,1440431.32140,1131,137.656,713160.69365,0
1773259200000,5182.19,5182.30,5177.25,5178.78,193.427,1773259499999,1001866.69541,826,88.809,459941.19617,0
1773259500000,5178.84,5178.84,5176.26,5177.12,241.105,1773259799999,1248200.16750,746,94.962,491624.39913,0
1773259800000,5177.11,5177.34,5175.45,5176.44,125.808,1773260099999,651250.05249,579,52.726,272942.49163,0
1773260100000,5176.45,5176.45,5174.06,5174.64,133.914,1773260399999,692998.29846,688,47.398,245278.78862,0
1773260400000,5174.51,5177.44,5173.62,5177.34,129.427,1773260699999,669920.15963,551,101.608,525934.36027,0
1773260700000,5177.34,5177.45,5176.17,5176.26,49.071,1773260999999,254027.53861,348,5.991,31014.45014,0
1773261000000,5176.25,5176.46,5175.25,5175.25,40.621,1773261299999,210245.61682,394,19.613,101515.57137,0
1773261300000,5175.25,5176.07,5174.51,5175.40,90.150,1773261599999,466547.85044,494,48.302,249967.23699,0
1773261600000,5175.36,5176.11,5174.56,5174.56,73.086,1773261899999,378227.36656,415,26.013,134623.90651,0
1773261900000,5174.56,5176.15,5174.13,5174.77,159.360,1773262199999,824739.80660,664,48.914,253128.08073,0
1773262200000,5174.78,5176.69,5174.77,5176.22,103.706,1773262499999,536763.28206,511,69.256,358452.18073,0
1773262500000,5176.22,5176.37,5174.76,5174.93,157.005,1773262799999,812610.68856,621,69.887,361696.99103,0
1773262800000,5174.93,5176.36,5174.85,5176.35,126.335,1773263099999,653806.77105,460,107.818,557969.56138,0
1773263100000,5176.36,5176.36,5176.35,5176.36,15.424,1773263399999,79840.12470,207,10.230,52954.16280,0
1773263400000,5176.36,5176.36,5174.78,5175.64,115.858,1773263699999,599621.85605,503,33.980,175865.24807,0
1773263700000,5175.65,5176.97,5175.64,5175.97,94.180,1773263999999,487484.54712,329,78.225,404897.85766,0
1773264000000,5175.97,5176.20,5175.96,5176.19,42.079,1773264299999,217804.24288,211,35.823,185423.35704,0
1773264300000,5176.18,5176.97,5176.18,5176.60,46.458,1773264599999,240488.64119,277,28.935,149777.16538,0
1773264600000,5176.59,5178.01,5176.59,5177.21,55.217,1773264899999,285872.95462,302,34.792,180129.09637,0
1773264900000,5177.20,5177.21,5175.59,5175.60,37.036,1773265199999,191713.10568,243,8.953,46347.03419,0
1773265200000,5175.60,5178.06,5174.96,5174.97,159.708,1773265499999,826680.96076,875,117.086,606063.48172,0
1773265500000,5174.97,5175.36,5174.93,5174.94,16.768,1773265799999,86774.82557,193,5.128,26537.49298,0
1773265800000,5174.94,5174.94,5173.01,5173.02,71.694,1773266099999,370941.00265,465,17.961,92934.52615,0
1773266100000,5173.03,5174.49,5172.68,5173.99,180.539,1773266399999,933990.27885,592,87.203,451125.28307,0
1773266400000,5174.00,5181.46,5174.00,5176.75,1160.379,1773266699999,6008683.78037,3283,451.553,2338224.30863,0
1773266700000,5176.74,5177.06,5163.96,5171.99,1267.110,1773266999999,6550781.99770,3698,446.781,2309725.73076,0
1773267000000,5171.99,5175.17,5169.56,5173.28,435.113,1773267299999,2250894.53620,1654,232.443,1202506.98192,0
1773267300000,5173.23,5174.36,5172.30,5173.63,99.097,1773267599999,512681.40016,686,50.872,263181.30589,0
1773267600000,5173.62,5176.00,5171.53,5171.53,211.488,1773267899999,1094287.42126,1212,148.141,766525.28280,0
1773267900000,5171.53,5173.46,5160.52,5168.63,1027.650,1773268199999,5309527.48068,2911,555.732,2871423.11602,0
1773268200000,5168.45,5168.68,5164.53,5164.80,290.947,1773268499999,1503058.58938,1394,161.360,833574.84149,0
1773268500000,5164.80,5165.37,5157.90,5160.00,980.787,1773268799999,5061526.34916,2672,599.916,3095744.28705,0
1773268800000,5160.00,5161.20,5153.54,5157.55,768.014,1773269099999,3960859.80320,2397,398.487,2055041.47718,0
1773269100000,5157.56,5165.83,5157.56,5165.83,445.083,1773269399999,2297664.39518,2045,256.975,1326572.12456,0
1773269400000,5165.83,5166.89,5155.00,5155.56,736.609,1773269699999,3799509.64946,1913,421.960,2176208.03989,0
1773269700000,5155.56,5157.81,5129.34,5140.05,5119.833,1773269999999,26315991.89999,10733,2300.962,11825604.17208,0
1773270000000,5140.05,5147.51,5136.08,5145.74,1577.881,1773270299999,8116637.05623,4137,888.138,4568256.88487,0
1773270300000,5145.74,5149.42,5144.76,5145.86,582.808,1773270599999,2999698.34728,2396,310.538,1598317.67976,0
1773270600000,5145.85,5151.64,5145.30,5150.14,907.409,1773270899999,4672540.14858,2640,467.640,2408006.94568,0
1773270900000,5150.15,5153.45,5148.55,5151.50,532.745,1773271199999,2744568.46059,1715,301.836,1554942.29802,0
1773271200000,5151.50,5153.16,5149.50,5150.84,343.268,1773271499999,1768371.47797,1466,167.053,860574.34237,0
1773271500000,5150.85,5154.79,5150.60,5153.80,380.132,1773271799999,1958950.78315,1598,174.794,900696.47448,0
1773271800000,5153.79,5155.80,5148.39,5148.54,590.016,1773272099999,3039994.17066,2298,224.275,1155678.87940,0
1773272100000,5148.55,5150.85,5144.24,5147.46,506.154,1773272399999,2605209.90634,2404,246.688,1269807.23969,0
1773272400000,5147.46,5150.55,5144.80,5145.20,324.199,1773272699999,1668955.06510,1569,175.782,905041.79957,0
1773272700000,5145.20,5145.39,5137.01,5141.64,835.144,1773272999999,4293562.85768,3427,419.801,2158190.77412,0
1773273000000,5141.63,5141.96,5137.90,5140.28,379.234,1773273299999,1949279.74295,1747,273.783,1407217.21637,0
1773273300000,5140.27,5143.19,5132.78,5133.74,875.427,1773273599999,4497052.60321,2747,490.884,2521679.23022,0
1773273600000,5133.74,5135.10,5125.32,5129.91,1884.352,1773273899999,9665769.78276,5926,1003.793,5148826.33723,0
1773273900000,5129.92,5136.81,5123.55,5135.91,1179.072,1773274199999,6048202.21661,4950,537.519,2757506.95179,0
1773274200000,5135.90,5140.78,5134.78,5137.70,702.251,1773274499999,3607899.52705,3127,288.466,1482078.46160,0
1773274500000,5137.70,5142.49,5137.70,5139.50,702.270,1773274799999,3609946.80344,2721,352.039,1809595.91421,0
1773274800000,5139.49,5147.15,5138.70,5147.10,671.781,1773275099999,3454739.27164,2677,348.198,1790816.92455,0
1773275100000,5147.10,5155.98,5147.09,5150.99,1236.573,1773275399999,6370992.78489,3167,524.571,2702655.41756,0
1773275400000,5150.91,5154.46,5150.08,5151.16,425.199,1773275699999,2190418.31612,1850,213.914,1101937.83862,0
1773275700000,5151.16,5159.43,5150.43,5155.90,990.277,1773275999999,5105865.93949,2650,479.033,2469886.47229,0
1773276000000,5155.90,5156.61,5152.41,5152.69,310.630,1773276299999,1601020.21324,1485,132.832,684594.89294,0
1773276300000,5152.69,5153.40,5148.00,5150.89,474.062,1773276599999,2441725.98417,1976,160.706,827796.17542,0
1773276600000,5150.89,5153.44,5150.46,5152.86,336.206,1773276899999,1732144.46826,1337,137.857,710218.80241,0
1773276900000,5152.86,5153.00,5150.25,5150.93,217.531,1773277199999,1120711.70213,1324,110.906,571362.09324,0
1773277200000,5151.04,5164.14,5149.77,5156.94,1531.991,1773277499999,7905108.55275,4858,613.222,3164056.17909,0
1773277500000,5156.94,5157.44,5150.87,5153.99,663.559,1773277799999,3419402.72009,2915,275.381,1419066.43680,0
1773277800000,5153.99,5156.80,5152.05,5155.01,458.152,1773278099999,2361595.03869,2051,213.147,1098723.58495,0
1773278100000,5155.02,5157.06,5150.53,5156.93,400.539,1773278399999,2064143.72047,2150,204.571,1054182.69958,0
1773278400000,5156.93,5158.50,5153.55,5157.39,310.400,1773278699999,1600593.14933,1623,140.184,722862.69253,0
1773278700000,5157.51,5158.50,5153.54,5155.19,385.180,1773278999999,1986067.38374,2228,215.490,1111066.64359,0
1773279000000,5155.20,5156.73,5153.09,5156.05,434.627,1773279299999,2240585.65913,2241,181.744,936926.00022,0
1773279300000,5156.05,5162.33,5154.56,5161.31,404.126,1773279599999,2084517.46192,2285,219.001,1129599.00017,0
1773279600000,5161.31,5168.20,5159.90,5167.54,501.735,1773279899999,2591110.06765,2031,285.266,1473157.36478,0
1773279900000,5167.54,5170.89,5166.05,5169.36,651.071,1773280199999,3364968.64577,2306,341.784,1766496.86393,0
1773280200000,5169.36,5169.45,5164.55,5164.80,392.462,1773280499999,2027953.16836,1686,122.104,630891.92413,0
1773280500000,5164.79,5166.29,5162.38,5166.28,344.703,1773280799999,1780165.93854,1620,169.627,876016.98132,0
1773280800000,5166.28,5170.29,5164.75,5169.08,497.153,1773281099999,2568942.31544,1633,264.890,1368808.62982,0
1773281100000,5169.09,5170.62,5166.78,5170.61,389.212,1773281399999,2011726.60500,1363,178.356,921863.20985,0
1773281400000,5170.61,5172.00,5168.80,5171.48,455.346,1773281699999,2354435.87403,1259,187.425,969145.52785,0
1773281700000,5171.49,5171.49,5168.30,5170.99,642.630,1773281999999,3322549.71573,1887,135.582,700980.95686,0
1773282000000,5171.00,5171.95,5166.30,5167.01,315.245,1773282299999,1629637.02530,1333,150.836,779746.93189,0
1773282300000,5167.01,5168.91,5164.69,5164.95,345.272,1773282599999,1784003.11172,1153,101.120,522469.12582,0
1773282600000,5164.95,5168.45,5162.46,5163.54,394.241,1773282899999,2036661.95322,1624,139.701,721736.69274,0
1773282900000,5163.54,5163.54,5156.88,5157.66,681.533,1773283199999,3516830.63964,2785,201.509,1039925.71930,0
1773283200000,5157.80,5158.25,5153.09,5154.20,812.906,1773283499999,4191001.77538,2988,349.657,1802651.81183,0
1773283500000,5154.45,5155.25,5147.40,5148.94,1032.462,1773283799999,5317685.51872,3598,498.374,2566836.19629,0
1773283800000,5149.24,5151.70,5145.00,5149.85,831.370,1773284099999,4279587.81364,2708,546.219,2811618.16126,0
1773284100000,5149.86,5152.80,5149.08,5149.30,577.940,1773284399999,2976963.27987,1635,376.314,1938367.19112,0
1773284400000,5149.30,5152.83,5146.25,5150.88,792.458,1773284699999,4080622.76121,2146,266.867,1374284.21407,0
1773284700000,5150.88,5152.90,5149.43,5151.48,473.831,1773284999999,2440700.27367,1400,337.595,1738919.98843,0
1773285000000,5151.51,5153.13,5150.40,5151.56,225.027,1773285299999,1159251.45352,1021,122.508,631099.95105,0
1773285300000,5151.63,5151.99,5146.00,5150.54,563.500,1773285599999,2901386.41851,1907,379.824,1955699.97128,0
1773285600000,5150.55,5152.77,5150.00,5150.00,262.997,1773285899999,1354832.75834,1179,170.332,877468.07398,0
1773285900000,5150.01,5151.20,5147.80,5149.60,268.745,1773286199999,1383896.12629,1486,84.794,436637.25088,0
1773286200000,5149.60,5151.33,5147.06,5147.83,203.937,1773286499999,1049988.58495,1333,141.277,727359.48480,0
1773286500000,5147.81,5149.87,5146.53,5146.88,347.840,1773286799999,1790624.45806,1204,153.285,789046.76810,0
1773286800000,5146.88,5151.50,5146.88,5150.86,196.812,1773287099999,1013458.04693,1116,131.300,676099.79745,0
1773287100000,5150.86,5151.99,5150.24,5151.56,255.152,1773287399999,1314240.20482,745,187.755,967073.56678,0
1773287400000,5151.57,5152.35,5151.05,5151.26,156.382,1773287699999,805657.34912,663,112.238,578238.51828,0
1773287700000,5151.26,5152.71,5150.85,5151.69,152.761,1773287999999,786966.04526,661,101.884,524864.43738,0
1773288000000,5151.70,5151.70,5149.15,5151.03,349.045,1773288299999,1797593.89420,1190,201.222,1036311.61670,0
1773288300000,5151.04,5151.23,5150.37,5151.05,128.739,1773288599999,663111.87584,460,41.199,212208.63442,0
1773288600000,5151.05,5151.50,5150.13,5150.90,207.903,1773288899999,1070825.44441,594,54.016,278226.10407,0
1773288900000,5150.88,5152.23,5150.56,5152.19,154.460,1773289199999,795743.40883,906,75.235,387585.78016,0
1773289200000,5152.20,5152.20,5149.61,5149.90,178.923,1773289499999,921557.78598,776,95.088,489764.87957,0
1773289500000,5149.89,5151.17,5149.40,5150.99,133.996,1773289799999,690133.43609,737,62.850,323694.11154,0
1773289800000,5150.98,5150.99,5146.68,5146.70,142.169,1773290099999,732033.27015,681,51.883,267132.89199,0
1773290100000,5146.71,5147.70,5142.30,5143.51,748.121,1773290399999,3848882.35946,2262,263.492,1355577.88429,0
1773290400000,5143.52,5144.72,5142.65,5143.01,284.344,1773290699999,1462648.12439,1186,139.118,715619.38118,0
1773290700000,5143.06,5145.10,5142.22,5144.30,285.304,1773290999999,1467534.00328,1279,134.028,689367.83100,0
1773291000000,5144.31,5144.99,5141.16,5141.55,308.899,1773291299999,1588613.71729,1134,156.383,804265.97739,0
1773291300000,5141.56,5141.56,5139.01,5141.19,473.291,1773291599999,2432903.06631,1400,246.956,1269448.73769,0
1773291600000,5141.20,5144.98,5141.00,5144.60,294.297,1773291899999,1513598.67181,1236,224.659,1155402.22083,0
1773291900000,5144.60,5145.52,5141.52,5144.67,643.525,1773292199999,3309984.14474,1351,420.498,2162742.10339,0
1773292200000,5144.66,5146.88,5144.10,5144.72,181.497,1773292499999,933928.43130,839,112.224,577453.65001,0
1773292500000,5144.72,5146.64,5143.64,5145.53,211.844,1773292799999,1089953.58462,940,115.857,596101.72477,0
1773292800000,5145.53,5145.53,5140.45,5140.45,251.954,1773293099999,1295678.56885,1102,104.369,536784.52992,0
1773293100000,5140.45,5140.80,5136.48,5140.80,780.030,1773293399999,4007936.32807,1827,446.486,2293847.69902,0
1773293400000,5140.80,5147.35,5139.55,5145.30,509.187,1773293699999,2619347.38747,2276,260.565,1340335.32702,0
1773293700000,5145.31,5149.82,5145.30,5147.70,496.425,1773293999999,2555628.35528,2183,247.354,1273301.32527,0
1773294000000,5147.70,5152.05,5147.28,5151.50,324.198,1773294299999,1669795.85342,1603,132.897,684466.61646,0
1773294300000,5151.49,5154.60,5150.98,5154.47,463.267,1773294599999,2387273.73975,1540,262.102,1350643.25327,0
1773294600000,5154.46,5154.59,5150.11,5151.20,346.600,1773294899999,1785759.34422,1290,119.871,617652.33221,0
1773294900000,5151.20,5154.79,5150.24,5152.79,290.653,1773295199999,1497792.14207,1279,132.753,684070.54443,0
1773295200000,5152.80,5154.96,5152.79,5153.35,203.591,1773295499999,1049332.84591,1187,70.813,364979.72527,0
1773295500000,5153.35,5153.45,5150.51,5152.05,236.773,1773295799999,1219869.24767,1026,75.047,386647.33745,0
1773295800000,5152.05,5152.94,5149.57,5152.36,304.418,1773296099999,1568343.32675,1095,109.920,566264.64306,0
1773296100000,5152.35,5152.48,5148.79,5149.34,137.214,1773296399999,706633.93138,946,67.904,349686.45579,0
1773296400000,5149.35,5153.09,5146.20,5153.07,335.682,1773296699999,1728388.84357,1147,111.642,574859.13117,0
1773296700000,5153.07,5155.00,5153.06,5154.61,369.374,1773296999999,1903859.17155,1351,196.151,1011022.64542,0
1773297000000,5154.60,5160.96,5154.37,5160.12,650.230,1773297299999,3354235.42216,2137,389.651,2010003.73081,0
1773297300000,5160.11,5161.91,5157.78,5161.90,566.394,1773297599999,2922237.06521,1892,256.874,1325376.77954,0
1773297600000,5161.91,5166.79,5160.72,5165.84,1052.501,1773297899999,5436202.09518,2472,402.134,2077001.32125,0
1773297900000,5165.86,5166.98,5165.00,5165.50,687.107,1773298199999,3549507.75668,1616,184.296,952046.21721,0
1773298200000,5165.50,5167.39,5164.01,5165.45,599.614,1773298499999,3097448.59945,1569,219.831,1135525.40158,0
1773298500000,5165.37,5165.45,5162.45,5163.55,400.609,1773298799999,2068607.50969,1188,99.604,514301.87949,0
1773298800000,5163.55,5164.45,5162.16,5163.50,472.621,1773299099999,2440294.19096,1365,165.578,854904.02324,0
1773299100000,5163.59,5165.10,5163.14,5163.78,203.507,1773299399999,1050966.01475,908,107.645,555895.60527,0
1773299400000,5163.80,5167.45,5163.72,5167.45,252.988,1773299699999,1306848.17853,888,180.597,932929.47807,0
1773299700000,5167.45,5167.60,5164.45,5164.79,364.990,1773299999999,1885567.60823,1363,170.614,881345.79529,0
1773300000000,5164.79,5165.93,5163.81,5165.93,490.094,1773300299999,2531258.25521,1108,182.726,943762.75222,0
1773300300000,5165.94,5167.23,5164.33,5166.93,266.851,1773300599999,1378585.16233,1031,158.167,817110.74369,0
1773300600000,5166.93,5170.25,5166.18,5167.30,827.288,1773300899999,4275854.94389,1815,406.393,2100364.78177,0
1773300900000,5167.29,5167.85,5165.93,5165.93,268.163,1773301199999,1385482.02371,929,74.779,386330.71094,0
1773301200000,5165.94,5176.73,5165.63,5175.96,1092.664,1773301499999,5652868.83351,2737,647.701,3350943.62362,0
1773301500000,5175.95,5182.00,5175.95,5176.52,1560.372,1773301799999,8081584.33173,2906,697.905,3614212.49085,0
1773301800000,5176.52,5177.30,5173.78,5176.25,414.094,1773302099999,2143202.70643,1362,153.907,796503.52167,0
1773302100000,5176.25,5179.72,5175.05,5179.71,480.888,1773302399999,2489383.85778,1420,315.661,1634011.82473,0
1773302400000,5179.72,5187.15,5178.77,5181.89,1486.859,1773302699999,7706452.98348,3629,796.073,4126418.42744,0
1773302700000,5181.68,5182.66,5179.30,5181.35,655.395,1773302999999,3395598.88783,1862,202.915,1051288.57787,0
1773303000000,5181.35,5186.00,5178.55,5178.93,811.834,1773303299999,4207795.54961,2040,427.900,2218002.93204,0
1773303300000,5178.93,5181.20,5178.71,5178.91,842.642,1773303599999,4364523.17137,1497,449.658,2329005.59799,0
1773303600000,5178.91,5178.92,5176.17,5176.18,431.126,1773303899999,2232077.95929,1625,176.773,915214.82706,0
1773303900000,5176.17,5178.00,5175.64,5175.66,548.098,1773304199999,2837382.88615,1198,186.899,967558.96268,0
1773304200000,5175.67,5178.30,5175.66,5177.99,297.109,1773304499999,1538283.82994,1040,161.120,834198.02088,0
1773304500000,5177.99,5178.60,5177.10,5177.47,250.604,1773304799999,1297608.07414,1102,102.539,530942.48163,0
1773304800000,5177.46,5178.47,5175.81,5178.05,328.132,1773305099999,1698778.61111,969,96.512,499656.01168,0
1773305100000,5178.06,5179.35,5173.55,5176.75,277.467,1773305399999,1436179.18862,1224,109.905,568876.98539,0
1773305400000,5176.74,5177.38,5173.64,5176.61,321.651,1773305699999,1664839.11456,1409,107.308,555366.47158,0
1773305700000,5176.60,5177.90,5175.83,5176.04,222.743,1773305999999,1153222.27037,853,74.995,388255.11712,0
1773306000000,5176.04,5177.76,5175.00,5175.00,303.920,1773306299999,1573252.85454,1444,110.039,569608.57406,0
1773306300000,5175.01,5178.00,5173.62,5176.99,472.225,1773306599999,2443811.56671,1638,326.710,1690742.44871,0
1773306600000,5176.99,5177.00,5174.32,5174.46,175.928,1773306899999,910536.21337,1015,57.605,298110.23317,0
1773306900000,5174.52,5176.47,5174.22,5174.85,294.994,1773307199999,1526610.59607,1024,175.330,907318.70297,0
1773307200000,5174.85,5175.41,5173.00,5174.45,342.432,1773307499999,1771712.84240,1095,199.838,1033941.52114,0
1773307500000,5174.46,5178.90,5174.17,5178.25,350.182,1773307799999,1812680.58013,1286,248.287,1285204.29147,0
1773307800000,5178.24,5183.88,5178.24,5181.80,1047.092,1773308099999,5426172.44730,2234,356.453,1847102.33215,0
1773308100000,5181.80,5183.72,5180.89,5182.28,553.960,1773308399999,2870838.86976,1230,265.576,1376363.79029,0
1773308400000,5182.28,5184.70,5181.95,5182.95,449.289,1773308699999,2328726.29576,1301,210.793,1092559.93465,0
1773308700000,5182.96,5184.36,5181.74,5181.75,325.958,1773308999999,1689433.55059,1072,133.000,689353.01512,0
1773309000000,5181.74,5184.32,5181.74,5182.34,305.413,1773309299999,1582879.72238,1073,133.487,691795.08456,0
1773309300000,5182.34,5187.25,5181.37,5186.10,550.523,1773309599999,2854363.37385,1611,268.382,1391512.79292,0
1773309600000,5186.10,5188.25,5184.21,5185.66,956.896,1773309899999,4963237.55167,1920,410.973,2131682.35138,0
1773309900000,5185.67,5188.52,5185.67,5185.71,514.424,1773310199999,2668378.50255,1295,169.807,880791.08480,0
1773310200000,5185.71,5187.51,5184.40,5184.55,362.913,1773310499999,1882120.60336,1226,144.469,749249.21623,0
1773310500000,5184.55,5184.55,5180.60,5182.35,431.788,1773310799999,2237613.82427,1404,245.048,1269878.13547,0
1773310800000,5182.34,5182.80,5180.41,5182.19,285.897,1773311099999,1481527.57757,977,169.929,880574.91944,0
1773311100000,5182.19,5182.19,5178.50,5178.50,379.053,1773311399999,1963567.36247,1137,193.609,1002927.45037,0
1773311400000,5178.51,5179.97,5176.75,5178.46,706.290,1773311699999,3657410.66414,1914,324.031,1677871.30527,0
1773311700000,5178.34,5178.45,5174.48,5177.36,681.820,1773311999999,3529382.28781,1451,376.308,1947854.96857,0
1773312000000,5177.37,5180.41,5177.15,5179.02,481.600,1773312299999,2494089.64905,1432,313.892,1625532.59927,0
1773312300000,5179.01,5181.00,5178.63,5179.68,433.535,1773312599999,2245617.52410,1265,192.329,996205.61679,0
1773312600000,5179.67,5179.89,5176.34,5176.94,272.705,1773312899999,1412019.15328,1197,102.354,529962.71213,0
1773312900000,5176.94,5179.30,5176.94,5179.09,107.576,1773313199999,557087.65301,690,44.205,228908.24780,0
1773313200000,5179.10,5180.50,5177.54,5178.15,191.946,1773313499999,994066.37484,803,98.454,509879.49973,0
1773313500000,5178.15,5178.92,5177.84,5178.60,229.375,1773313799999,1187767.75831,748,66.226,342928.20612,0
1773313800000,5178.60,5178.72,5176.22,5176.35,197.420,1773314099999,1022112.39947,841,76.071,393829.82785,0
1773314100000,5176.34,5176.49,5172.70,5172.79,480.585,1773314399999,2486577.03642,1514,243.261,1258626.67902,0
1773314400000,5172.79,5176.16,5171.46,5175.87,514.565,1773314699999,2662283.45353,1443,267.343,1383174.99058,0
1773314700000,5175.87,5176.26,5173.96,5173.96,194.070,1773314999999,1004370.22801,818,78.960,408639.91747,0
1773315000000,5173.95,5176.74,5173.95,5174.79,326.614,1773315299999,1690449.91447,1281,172.907,894861.78730,0
1773315300000,5174.80,5176.99,5173.35,5176.80,206.272,1773315599999,1067473.96441,998,111.958,579354.52522,0
1773315600000,5176.80,5178.05,5175.10,5177.96,146.967,1773315899999,760756.03456,803,82.906,429151.37990,0
1773315900000,5178.12,5178.63,5174.87,5175.36,330.936,1773316199999,1713039.77714,1029,94.774,490592.70923,0
1773316200000,5175.51,5176.27,5174.26,5174.35,254.419,1773316499999,1316756.15969,937,80.044,414262.82681,0
1773316500000,5174.35,5178.44,5174.20,5177.12,249.488,1773316799999,1291519.22296,1170,149.588,774400.98740,0
1773316800000,5177.13,5177.90,5172.77,5172.96,332.288,1773317099999,1719653.28044,1679,155.479,804641.91623,0
1773317100000,5172.93,5172.93,5166.33,5167.69,1218.496,1773317399999,6298538.88748,3066,620.093,3205133.79060,0
1773317400000,5167.68,5169.90,5166.30,5167.51,467.220,1773317699999,2414470.39488,1831,246.005,1271279.32831,0
1773317700000,5167.51,5168.70,5164.67,5166.72,754.029,1773317999999,3895569.28067,1974,393.627,2033526.60972,0
1773318000000,5166.67,5168.90,5162.55,5168.58,870.252,1773318299999,4495277.50609,2893,483.912,2499541.45985,0
1773318300000,5168.64,5171.25,5167.37,5171.24,525.999,1773318599999,2719061.34164,1760,284.427,1470277.81788,0
1773318600000,5171.24,5173.36,5168.62,5170.24,991.146,1773318899999,5125239.80169,2437,542.023,2802832.67237,0
1773318900000,5170.24,5172.48,5167.76,5168.24,289.900,1773319199999,1498771.70419,1378,116.875,604260.34113,0
1773319200000,5168.24,5172.26,5167.04,5171.61,383.038,1773319499999,1979983.05803,1586,220.119,1137813.22274,0
1773319500000,5171.61,5178.90,5171.61,5178.74,628.000,1773319799999,3250122.70801,1908,424.140,2195108.82295,0
1773319800000,5178.75,5181.85,5178.75,5181.04,1021.210,1773320099999,5290746.96234,1902,369.429,1913893.37512,0
1773320100000,5181.03,5182.73,5176.00,5178.50,621.112,1773320399999,3217156.25949,2001,296.581,1536288.04445,0
1773320400000,5178.50,5183.24,5177.37,5178.01,838.862,1773320699999,4345860.93175,2842,375.783,1946839.60765,0
1773320700000,5178.00,5182.68,5177.09,5180.44,444.775,1773320999999,2303483.22896,1907,196.213,1016121.08648,0
1773321000000,5180.45,5181.89,5179.00,5181.19,521.397,1773321299999,2701122.11254,1624,228.437,1183405.77871,0
1773321300000,5181.20,5181.20,5170.70,5171.80,1150.843,1773321599999,5954755.69335,3028,640.675,3315037.11741,0
1773321600000,5171.93,5172.43,5158.50,5169.54,2792.103,1773321899999,14422698.35600,5264,1463.200,7558746.66404,0
1773321900000,5169.52,5171.06,5166.39,5169.86,918.819,1773322199999,4749691.92490,2652,508.565,2628946.95503,0
1773322200000,5169.85,5169.85,5159.33,5165.11,2070.898,1773322499999,10694721.68086,4970,1216.625,6282902.98831,0
1773322500000,5165.10,5166.40,5157.40,5160.54,1604.475,1773322799999,8281178.10897,4245,918.212,4738983.61989,0
1773322800000,5160.67,5160.94,5153.91,5157.75,2649.148,1773323099999,13663251.32701,5045,1324.943,6833463.45563,0
1773323100000,5157.63,5157.63,5151.04,5151.10,2009.332,1773323399999,10355858.89172,3959,1231.450,6346615.88591,0
1773323400000,5151.10,5158.27,5147.23,5149.86,2270.298,1773323699999,11695761.98485,4764,1308.921,6743258.69330,0
1773323700000,5149.86,5153.09,5145.50,5150.52,1498.204,1773323999999,7714961.63070,3805,995.189,5124839.97059,0
1773324000000,5150.52,5161.75,5149.12,5161.24,1489.375,1773324299999,7680746.03334,3825,918.224,4735159.81874,0
1773324300000,5161.24,5161.55,5155.00,5156.00,1059.213,1773324599999,5463649.98060,3065,535.263,2760981.72755,0
1773324600000,5156.01,5159.83,5154.46,5159.41,859.861,1773324899999,4434246.47676,2520,499.945,2578179.93532,0
1773324900000,5159.44,5161.70,5151.36,5153.63,753.914,1773325199999,3886999.96616,2843,453.543,2338438.14629,0
1773325200000,5153.62,5156.64,5150.00,5152.39,875.622,1773325499999,4511550.08740,2585,480.456,2475474.02754,0
1773325500000,5152.40,5153.82,5150.34,5151.75,525.096,1773325799999,2705446.56616,2353,233.697,1204021.42137,0
1773325800000,5151.64,5152.14,5143.00,5145.28,1517.829,1773326099999,7812904.61467,3894,644.218,3316313.57359,0
1773326100000,5145.28,5150.46,5139.00,5144.11,1743.666,1773326399999,8969930.32351,3909,909.063,4676745.78520,0
1773326400000,5144.11,5147.89,5139.57,5147.87,1044.336,1773326699999,5370724.74725,3295,646.494,3324672.53235,0
1773326700000,5147.94,5153.03,5138.25,5142.39,1727.586,1773326999999,8890875.67052,4350,1040.103,5353234.16246,0
1773327000000,5142.40,5143.46,5139.86,5141.70,1051.388,1773327299999,5405832.14203,3081,633.954,3259502.54233,0
1773327300000,5141.51,5144.93,5140.00,5143.72,705.561,1773327599999,3628200.11322,2642,420.126,2160324.91761,0
1773327600000,5143.73,5145.17,5130.03,5131.74,3758.667,1773327899999,19305553.56269,7891,1356.433,6967414.66098,0
1773327900000,5131.75,5135.91,5128.35,5131.01,1707.571,1773328199999,8762527.29436,4661,987.660,5068286.71955,0
1773328200000,5131.12,5131.30,5110.38,5125.83,5752.569,1773328499999,29451773.35282,10756,3095.944,15849837.11222,0
1773328500000,5125.81,5128.48,5119.56,5126.30,1306.962,1773328799999,6697578.13580,4506,702.948,3602207.84908,0
1773328800000,5126.30,5131.12,5126.30,5131.03,817.587,1773329099999,4193570.45636,2915,429.536,2203198.80160,0
1773329100000,5131.02,5133.35,5129.68,5130.20,894.753,1773329399999,4591466.28743,2767,494.040,2535290.74765,0
1773329400000,5130.19,5130.20,5124.24,5125.31,702.940,1773329699999,3603557.66751,2801,242.614,1243684.84953,0
1773329700000,5125.30,5132.79,5119.25,5132.23,1150.007,1773329999999,5892151.35840,4079,631.967,3238255.99485,0
1773330000000,5132.50,5135.14,5127.14,5132.29,1222.152,1773330299999,6271494.74836,4134,593.019,3043021.39464,0
1773330300000,5132.29,5132.80,5126.56,5131.05,698.677,1773330599999,3583756.66020,2767,292.041,1497913.90538,0
1773330600000,5131.01,5135.67,5128.25,5134.15,538.401,1773330899999,2763543.64491,2620,239.192,1227723.36028,0
1773330900000,5134.14,5134.94,5130.33,5132.49,358.174,1773331199999,1838205.62966,1596,208.927,1072222.56379,0
1773331200000,5132.50,5135.34,5131.49,5134.60,591.800,1773331499999,3038073.12876,2280,319.509,1640254.59231,0
1773331500000,5134.68,5135.84,5123.82,5125.63,1013.840,1773331799999,5200457.84936,2781,459.760,2358067.93928,0
1773331800000,5125.63,5129.13,5122.87,5128.75,567.675,1773332099999,2909633.03097,2544,250.044,1281665.04526,0
1773332100000,5128.85,5132.32,5128.65,5132.32,348.305,1773332399999,1786873.61924,1927,179.001,918295.10744,0
1773332400000,5132.32,5137.54,5131.75,5134.27,598.366,1773332699999,3072757.81906,2118,252.307,1295658.57706,0
1773332700000,5134.36,5135.70,5132.27,5132.31,462.768,1773332999999,2376014.95527,1875,185.760,953738.50701,0
1773333000000,5132.31,5132.60,5126.83,5130.46,534.801,1773333299999,2743199.06923,2281,204.902,1050965.28296,0
1773333300000,5130.60,5134.40,5129.83,5132.80,303.733,1773333599999,1558670.71042,1777,177.092,908768.97600,0
1773333600000,5132.81,5137.74,5132.35,5136.35,506.921,1773333899999,2603497.18601,1760,285.069,1464069.67152,0
1773333900000,5136.35,5136.35,5130.54,5134.87,449.630,1773334199999,2308192.51177,1611,280.626,1440597.68306,0
1773334200000,5134.88,5134.88,5127.12,5127.14,480.277,1773334499999,2463781.04766,2025,200.260,1027228.42420,0
1773334500000,5127.26,5128.40,5124.00,5125.43,641.774,1773334799999,3289641.54614,2160,292.732,1500526.69960,0
1773334800000,5125.43,5129.10,5125.43,5128.89,351.202,1773335099999,1800460.91810,1431,163.779,839625.91200,0
1773335100000,5128.88,5131.54,5125.73,5126.95,395.268,1773335399999,2027174.22101,1746,200.359,1027630.96507,0
1773335400000,5126.95,5127.89,5123.20,5123.60,437.607,1773335699999,2242795.72837,1839,149.199,764594.63377,0
1773335700000,5123.59,5123.59,5116.16,5120.69,1395.845,1773335999999,7146330.86062,3563,690.786,3536662.99703,0
1773336000000,5120.68,5125.35,5120.40,5122.48,374.940,1773336299999,1920717.92997,1867,200.554,1027388.25368,0
1773336300000,5122.52,5123.95,5119.87,5120.94,318.911,1773336599999,1633434.91461,1975,184.546,945213.24649,0
1773336600000,5120.95,5121.72,5113.96,5114.26,726.017,1773336899999,3714911.28595,2607,253.702,1298238.41502,0
1773336900000,5114.26,5117.28,5111.80,5115.00,665.767,1773337199999,3405093.95052,2757,355.803,1819836.76982,0
1773337200000,5115.00,5115.58,5108.55,5113.03,1110.591,1773337499999,5676572.37709,3342,555.845,2840996.25663,0
1773337500000,5113.04,5114.84,5109.06,5110.74,621.275,1773337799999,3175982.71335,2496,327.989,1676649.08277,0
1773337800000,5110.70,5112.32,5109.10,5110.36,576.032,1773338099999,2943904.99561,2310,334.460,1709287.06266,0
1773338100000,5110.36,5111.18,5105.00,5108.20,1092.193,1773338399999,5578823.81172,3274,463.332,2366987.96328,0
1773338400000,5108.21,5114.84,5107.85,5111.40,690.446,1773338699999,3529125.19199,2601,386.798,1977029.53635,0
1773338700000,5111.41,5114.61,5108.50,5110.60,664.509,1773338999999,3396503.74541,2001,336.174,1718204.78726,0
1773339000000,5110.60,5111.85,5108.09,5109.39,407.510,1773339299999,2082400.50943,1608,238.324,1217807.09085,0
1773339300000,5109.38,5112.79,5109.38,5109.82,326.423,1773339599999,1668466.12736,1276,203.352,1039400.44842,0
1773339600000,5109.82,5109.93,5103.00,5105.98,964.956,1773339899999,4926481.58687,2827,419.216,2140448.93881,0
1773339900000,5105.98,5108.33,5105.60,5107.14,264.817,1773340199999,1352412.74350,1365,150.042,766250.38302,0
1773340200000,5107.03,5107.03,5103.09,5103.47,533.202,1773340499999,2721966.54288,1880,255.934,1306631.16688,0
1773340500000,5103.48,5104.83,5101.01,5102.44,928.061,1773340799999,4735538.88445,2678,405.831,2070834.06589,0
1773340800000,5102.46,5102.83,5101.60,5101.87,543.761,1773341099999,2774250.59281,1125,214.098,1092328.50104,0
1773341100000,5101.88,5101.88,5094.03,5094.30,1695.508,1773341399999,8644180.99454,4346,547.124,2789302.43130,0
1773341400000,5094.31,5101.33,5093.03,5100.91,1035.049,1773341699999,5275385.97622,2775,583.310,2973274.45086,0
1773341700000,5100.90,5102.00,5097.47,5097.49,532.462,1773341999999,2715959.43783,1466,356.760,1819771.57571,0
1773342000000,5097.49,5097.64,5083.03,5089.51,2594.667,1773342299999,13205740.05973,5718,806.093,4102555.69466,0
1773342300000,5089.51,5095.45,5089.51,5094.74,846.844,1773342599999,4312874.38846,2709,485.054,2470319.04997,0
1773342600000,5094.75,5094.75,5087.29,5088.58,1011.130,1773342899999,5148008.72737,2459,396.625,2019261.74130,0
1773342900000,5088.69,5091.31,5085.11,5089.95,959.117,1773343199999,4879892.45492,2803,478.825,2436057.98035,0
1773343200000,5089.96,5094.96,5088.04,5094.60,671.900,1773343499999,3421185.29842,1974,432.388,2201706.01351,0
1773343500000,5094.59,5098.50,5092.14,5096.93,1141.729,1773343799999,5816979.16314,2147,534.165,2721581.71553,0
1773343800000,5096.92,5099.89,5096.83,5097.65,447.094,1773344099999,2279593.59074,1767,257.767,1314228.08775,0
1773344100000,5097.66,5098.59,5095.67,5097.64,332.903,1773344399999,1696995.30811,1497,176.246,898415.35930,0
1773344400000,5097.64,5098.43,5094.00,5095.07,434.333,1773344699999,2213209.17424,1374,253.884,1293669.58863,0
1773344700000,5095.07,5098.47,5092.77,5097.97,366.236,1773344999999,1866213.57968,1511,164.129,836325.25499,0
1773345000000,5097.95,5098.99,5095.45,5097.05,357.872,1773345299999,1824214.36468,1622,164.093,836408.77893,0
1773345300000,5097.04,5097.04,5085.60,5088.08,982.987,1773345599999,5003577.41532,2181,352.073,1791974.58421,0
1773345600000,5088.08,5093.52,5086.93,5092.55,366.733,1773345899999,1866789.55579,1626,272.342,1386308.82296,0
1773345900000,5092.56,5094.27,5091.07,5092.85,194.256,1773346199999,989294.99978,1028,111.691,568789.92510,0
1773346200000,5092.85,5093.25,5088.61,5088.78,345.194,1773346499999,1757234.76917,1256,182.420,928587.89527,0
1773346500000,5088.78,5092.00,5087.54,5089.15,219.864,1773346799999,1119052.36099,1440,108.403,551771.73057,0
1773346800000,5089.16,5089.16,5081.01,5084.76,945.797,1773347099999,4808218.86288,2949,469.799,2388285.47682,0
1773347100000,5084.76,5085.27,5076.24,5076.25,1470.716,1773347399999,7471182.33056,3837,664.928,3377774.74571,0
1773347400000,5076.24,5076.46,5058.33,5073.74,4425.559,1773347699999,22420788.45078,10125,1924.111,9747539.67456,0
1773347700000,5073.73,5075.23,5069.88,5073.38,647.128,1773347999999,3282673.53349,2619,320.878,1627704.82460,0
1773348000000,5073.38,5075.65,5070.91,5075.36,723.756,1773348299999,3671687.74647,2406,404.015,2049604.61979,0
1773348300000,5075.35,5083.66,5075.27,5083.59,887.918,1773348599999,4510580.25888,2454,509.796,2589616.77708,0
1773348600000,5083.59,5083.84,5079.83,5081.83,506.757,1773348899999,2575255.17831,2006,237.152,1205165.82487,0
1773348900000,5081.85,5083.78,5081.05,5083.23,220.311,1773349199999,1119748.89000,1399,149.827,761511.99965,0
1773349200000,5083.24,5085.20,5083.24,5084.59,203.069,1773349499999,1032479.32118,960,145.544,739988.33176,0
1773349500000,5084.59,5084.60,5084.30,5084.31,110.972,1773349799999,564230.49492,367,67.057,340945.05632,0
1773349800000,5084.31,5086.00,5084.16,5085.10,374.774,1773350099999,1905630.07643,822,279.913,1423254.99967,0
1773350100000,5085.10,5086.41,5084.80,5085.80,159.084,1773350399999,809028.41021,746,95.591,486128.51914,0
1773350400000,5085.79,5088.00,5085.75,5088.00,221.382,1773350699999,1126122.31126,698,173.342,881761.96222,0
1773350700000,5087.99,5089.59,5087.99,5088.72,221.783,1773350999999,1128572.10840,720,141.572,720404.20878,0
1773351000000,5088.71,5090.98,5088.71,5090.98,230.198,1773351299999,1171635.48568,650,196.705,1001173.86399,0
1773351300000,5090.98,5093.25,5090.97,5093.05,355.922,1773351599999,1812463.52593,950,205.892,1048436.47553,0
1773351600000,5093.17,5096.71,5093.17,5096.19,490.452,1773351899999,2499122.71215,1566,282.018,1436990.48301,0
1773351900000,5096.18,5096.18,5094.71,5094.72,125.794,1773352199999,640969.39572,612,26.937,137257.90189,0
1773352200000,5094.71,5094.74,5092.43,5092.62,204.102,1773352499999,1039645.04918,823,52.943,269677.05192,0
1773352500000,5092.62,5092.62,5090.00,5090.59,361.578,1773352799999,1840725.42939,1456,156.896,798705.00090,0
1773352800000,5090.60,5090.60,5075.65,5085.70,3305.115,1773353099999,16799134.78277,6599,1554.684,7902548.06015,0
1773353100000,5085.70,5088.61,5079.55,5083.84,1644.128,1773353399999,8359358.00732,4016,753.171,3829474.99689,0
1773353400000,5083.84,5088.69,5082.22,5084.05,744.799,1773353699999,3787595.99283,2089,502.897,2557455.91631,0
1773353700000,5084.09,5092.95,5083.65,5092.10,753.618,1773353999999,3836125.85270,2477,440.859,2243935.58832,0
1773354000000,5092.10,5096.61,5091.34,5095.40,588.290,1773354299999,2996432.44298,1916,375.038,1910117.77540,0
1773354300000,5095.45,5097.00,5092.57,5094.93,393.817,1773354599999,2006538.27561,1715,171.312,872804.68455,0
1773354600000,5094.88,5094.96,5092.68,5093.27,197.783,1773354899999,1007509.93358,1029,102.361,521419.29965,0
1773354900000,5093.27,5093.28,5088.79,5089.31,342.012,1773355199999,1740934.20231,1271,174.963,890585.19236,0
1773355200000,5089.30,5092.40,5088.85,5091.44,205.091,1773355499999,1044075.58707,1063,117.548,598409.83277,0
1773355500000,5091.44,5094.05,5090.68,5090.69,259.672,1773355799999,1322392.49703,1006,138.436,704971.46565,0
1773355800000,5090.70,5095.09,5090.66,5094.18,268.421,1773356099999,1367190.52198,1215,165.148,841153.87440,0
1773356100000,5094.18,5098.65,5094.18,5098.65,499.310,1773356399999,2544816.37764,1439,302.976,1544238.24419,0
1773356400000,5098.64,5098.65,5092.35,5096.21,461.920,1773356699999,2353362.19562,2070,249.338,1270301.30668,0
1773356700000,5096.20,5098.35,5096.20,5096.76,418.957,1773356999999,2135658.35068,1634,190.232,969721.77308,0
1773357000000,5096.75,5097.26,5093.06,5093.76,342.942,1773357299999,1747440.41834,1193,161.558,823218.37382,0
1773357300000,5093.76,5097.79,5093.50,5097.12,409.668,1773357599999,2087767.81227,1415,243.838,1242672.36046,0
1773357600000,5097.17,5100.60,5096.09,5098.99,540.029,1773357899999,2753305.42118,1533,265.500,1353710.41521,0
1773357900000,5098.99,5101.14,5095.89,5096.47,271.177,1773358199999,1382668.06420,1417,122.773,625984.65416,0
1773358200000,5096.47,5099.55,5094.49,5097.33,368.118,1773358499999,1876458.51820,1960,212.637,1083878.96318,0
1773358500000,5097.33,5099.61,5095.73,5099.58,255.138,1773358799999,1300552.60212,1390,150.177,765535.22240,0
1773358800000,5099.58,5100.27,5097.08,5098.08,226.999,1773359099999,1157324.63063,1072,116.910,596047.90786,0
1773359100000,5098.06,5101.75,5097.90,5101.20,212.050,1773359399999,1081376.85080,1093,122.700,625731.83118,0
1773359400000,5101.20,5102.60,5100.35,5101.91,495.091,1773359699999,2525842.87232,1283,379.182,1934472.35826,0
1773359700000,5101.91,5103.59,5100.79,5100.79,293.710,1773359999999,1498541.80473,1058,150.160,766136.19924,0
1773360000000,5100.79,5107.53,5099.86,5104.49,2856.510,1773360299999,14584153.08561,3112,1402.581,7160678.18645,0
1773360300000,5104.49,5107.14,5104.48,5106.43,701.730,1773360599999,3582750.70782,1267,594.287,3034107.76182,0
1773360600000,5106.43,5110.56,5105.89,5109.02,722.866,1773360899999,3692415.97171,1713,495.345,2530119.04970,0
1773360900000,5109.01,5109.85,5107.41,5107.52,751.533,1773361199999,3839460.99487,1647,431.217,2203034.43784,0
1773361200000,5107.52,5110.41,5107.52,5108.43,490.803,1773361499999,2507371.46525,1379,322.509,1647576.09997,0
1773361500000,5108.42,5108.79,5107.01,5108.64,472.022,1773361799999,2411107.10153,1162,189.664,968811.39409,0
1773361800000,5108.64,5112.09,5108.46,5110.76,862.552,1773362099999,4408532.59747,2079,372.788,1905243.27924,0
1773362100000,5110.71,5111.04,5109.11,5110.10,594.702,1773362399999,3039238.47024,1092,162.410,829987.26881,0
1773362400000,5110.10,5110.79,5108.89,5109.34,457.267,1773362699999,2336553.69922,1077,149.937,766141.84936,0
1773362700000,5109.34,5110.68,5109.21,5109.41,240.522,1773362999999,1229031.22817,949,109.178,557861.29712,0
1773363000000,5109.40,5113.05,5109.20,5112.76,544.224,1773363299999,2781631.03376,1255,244.065,1247397.37637,0
1773363300000,5112.75,5115.52,5112.31,5114.68,561.234,1773363599999,2870356.21325,1236,297.445,1521225.49436,0
1773363600000,5114.69,5121.19,5114.54,5119.01,1156.142,1773363899999,5918198.85836,2875,520.994,2666748.90992,0
1773363900000,5119.01,5120.96,5118.39,5119.11,611.129,1773364199999,3128960.68239,1574,331.903,1699307.89128,0
1773364200000,5119.11,5120.95,5116.21,5120.08,868.097,1773364499999,4443868.13441,1873,343.418,1757988.04139,0
1773364500000,5120.09,5120.92,5115.80,5116.34,475.257,1773364799999,2432301.12612,1551,185.977,951803.03717,0
1773364800000,5116.31,5119.11,5115.00,5117.51,822.016,1773365099999,4206687.01195,2167,312.462,1598940.90189,0
1773365100000,5117.45,5120.88,5117.30,5119.45,264.584,1773365399999,1354478.72610,990,151.450,775317.82937,0
1773365400000,5119.46,5121.74,5119.43,5121.18,408.999,1773365699999,2094283.68240,1255,171.780,879569.34958,0
1773365700000,5121.18,5121.45,5115.74,5118.15,543.805,1773365999999,2783326.21281,1538,224.293,1148001.63210,0
1773366000000,5118.16,5118.41,5111.64,5112.44,726.163,1773366299999,3714577.61089,2169,347.266,1776466.22746,0
1773366300000,5112.44,5114.33,5109.23,5112.60,726.205,1773366599999,3712699.91132,2629,335.264,1714063.37603,0
1773366600000,5112.56,5115.24,5110.41,5112.51,618.926,1773366899999,3164412.88458,2146,255.127,1304354.04562,0
1773366900000,5112.51,5123.36,5112.51,5123.35,851.980,1773367199999,4361091.14431,2514,458.769,2348585.23154,0
1773367200000,5123.09,5126.80,5123.09,5125.43,973.186,1773367499999,4988038.08622,2344,357.097,1830184.66323,0
1773367500000,5125.43,5125.86,5122.25,5124.17,295.154,1773367799999,1512332.47991,1322,88.751,454753.97153,0
1773367800000,5124.17,5125.34,5122.03,5122.04,312.126,1773368099999,1599326.37739,1105,118.661,608026.58673,0
1773368100000,5122.03,5122.03,5119.03,5120.12,664.640,1773368399999,3403270.70163,1492,258.260,1322367.08580,0
1773368400000,5120.11,5121.87,5114.19,5117.57,704.132,1773368699999,3603057.63266,2104,266.695,1364586.24870,0
1773368700000,5117.58,5121.32,5117.57,5120.84,277.722,1773368999999,1422002.26666,807,143.647,735523.05821,0
1773369000000,5120.95,5120.95,5118.17,5118.87,225.653,1773369299999,1155153.07489,901,77.193,395144.43463,0
1773369300000,5118.86,5120.00,5116.46,5116.47,224.516,1773369599999,1149110.88272,1010,92.713,474520.53856,0
1773369600000,5116.46,5119.56,5115.62,5117.29,388.829,1773369899999,1989681.69182,1429,179.931,920686.61031,0
1773369900000,5117.28,5117.47,5112.10,5112.33,510.520,1773370199999,2610722.95570,1763,211.537,1081720.23372,0
1773370200000,5112.33,5113.28,5110.71,5113.12,339.955,1773370499999,1737884.49794,1306,174.075,889880.76100,0
1773370500000,5113.12,5113.68,5109.19,5110.08,496.727,1773370799999,2539000.31489,1702,162.940,832840.53481,0
1773370800000,5110.09,5112.02,5107.54,5110.83,468.669,1773371099999,2394782.80155,1911,203.445,1039538.01405,0
1773371100000,5110.82,5114.00,5110.43,5112.51,298.962,1773371399999,1528639.29190,996,163.937,838203.43739,0
1773371400000,5112.51,5114.00,5108.00,5109.39,472.292,1773371699999,2413592.04890,1372,172.784,883140.06069,0
1773371700000,5109.39,5110.75,5108.80,5109.50,276.612,1773371999999,1413415.78289,1056,161.132,823326.03813,0
1773372000000,5109.50,5112.49,5109.17,5111.11,229.105,1773372299999,1170965.09426,994,126.484,646425.72235,0
1773372300000,5111.11,5112.11,5107.47,5109.38,290.402,1773372599999,1484070.32159,1110,155.380,793959.76785,0
1773372600000,5109.39,5110.15,5107.70,5109.13,305.937,1773372899999,1562987.78876,1044,130.203,665181.50965,0
1773372900000,5109.13,5109.96,5105.54,5107.57,486.879,1773373199999,2486526.60378,1414,199.467,1018633.12611,0
1773373200000,5107.56,5111.05,5107.05,5110.03,363.636,1773373499999,1858062.59333,950,322.116,1645935.68628,0
1773373500000,5110.04,5116.05,5109.74,5115.14,279.885,1773373799999,1431229.55513,1097,199.870,1021990.26346,0
1773373800000,5115.13,5115.18,5113.74,5114.20,242.858,1773374099999,1242092.46760,1298,107.474,549655.02537,0
1773374100000,5114.20,5115.91,5114.20,5115.41,169.111,1773374399999,864998.36300,641,103.479,529270.62212,0
1773374400000,5115.40,5117.20,5114.98,5115.78,148.307,1773374699999,758720.28489,828,83.127,425279.55307,0
1773374700000,5115.77,5116.61,5112.66,5114.64,221.589,1773374999999,1133360.51493,1109,68.122,348416.97851,0
1773375000000,5114.63,5114.90,5112.16,5113.19,132.756,1773375299999,678830.19303,792,71.039,363249.59676,0
1773375300000,5113.19,5113.20,5110.23,5110.90,111.171,1773375599999,568270.75325,653,26.655,136240.05259,0
1773375600000,5110.89,5111.15,5103.87,5104.61,497.013,1773375899999,2538371.10587,1698,197.342,1007911.54785,0
1773375900000,5104.72,5106.40,5103.85,5104.06,303.728,1773376199999,1550582.12165,1178,190.504,972544.72848,0
1773376200000,5104.06,5105.20,5103.73,5103.93,337.417,1773376499999,1722369.64006,1110,143.101,730461.26280,0
1773376500000,5103.86,5104.15,5100.79,5102.04,557.676,1773376799999,2845349.43697,1461,188.819,963317.74759,0
1773376800000,5102.11,5104.78,5102.00,5103.36,337.272,1773377099999,1721198.11319,983,231.856,1183287.59715,0
1773377100000,5103.36,5105.66,5102.62,5105.20,263.585,1773377399999,1345333.82735,955,171.990,877807.50092,0
1773377400000,5105.20,5106.10,5104.16,5104.84,143.647,1773377699999,733338.77551,826,63.344,323378.71216,0
1773377700000,5104.85,5104.85,5102.66,5103.76,132.212,1773377999999,674748.60575,599,66.190,337801.47602,0
1773378000000,5103.77,5105.00,5103.34,5103.48,205.417,1773378299999,1048462.94009,971,118.266,603627.41666,0
1773378300000,5103.42,5105.00,5102.00,5104.35,211.585,1773378599999,1079901.35257,949,96.258,491283.18123,0
1773378600000,5104.35,5107.31,5104.02,5107.25,174.174,1773378899999,889273.84873,950,110.599,564650.31147,0
1773378900000,5107.24,5108.98,5107.24,5108.01,206.416,1773379199999,1054412.83278,805,103.568,529052.47830,0
1773379200000,5108.00,5108.74,5106.70,5107.07,126.763,1773379499999,647448.94459,864,58.713,299871.82210,0
1773379500000,5107.06,5108.93,5104.40,5104.94,272.533,1773379799999,1391824.23962,979,135.328,691164.07460,0
1773379800000,5104.94,5109.91,5103.41,5108.04,434.223,1773380099999,2217810.02553,1924,200.829,1025723.04642,0
1773380100000,5108.04,5108.21,5105.05,5106.90,377.940,1773380399999,1930008.66894,1640,223.116,1139345.62752,0
1773380400000,5106.90,5108.25,5098.92,5099.72,851.128,1773380699999,4343092.01514,2723,257.156,1312544.87034,0
1773380700000,5099.72,5102.43,5097.21,5102.20,586.181,1773380999999,2989172.53463,1794,237.793,1212727.63879,0
1773381000000,5102.21,5103.67,5097.49,5098.35,504.720,1773381299999,2574010.10638,1694,209.600,1068931.05081,0
1773381300000,5098.35,5103.50,5096.36,5101.53,666.929,1773381599999,3400713.69499,2323,282.480,1440492.94663,0
1773381600000,5101.56,5105.84,5101.36,5105.17,511.140,1773381899999,2608636.37760,1864,294.339,1502108.53472,0
1773381900000,5105.17,5106.51,5104.12,5105.25,267.884,1773382199999,1367754.84926,1330,121.429,619971.55371,0
1773382200000,5105.25,5105.80,5102.70,5102.93,284.727,1773382499999,1453275.15486,1244,123.754,631608.29913,0
1773382500000,5102.94,5102.95,5098.40,5098.97,278.870,1773382799999,1422234.85455,1466,119.195,607878.76971,0
1773382800000,5099.06,5099.49,5094.22,5095.64,619.349,1773383099999,3156478.88415,2375,281.125,1432809.86953,0
1773383100000,5095.63,5095.87,5088.69,5093.64,1529.362,1773383399999,7786307.84016,3257,932.814,4748904.36090,0
1773383400000,5093.65,5096.75,5090.87,5091.60,840.893,1773383699999,4283908.76253,2077,450.336,2294267.75930,0
1773383700000,5091.60,5095.31,5087.16,5092.50,933.517,1773383999999,4752942.52284,2458,443.395,2257242.17114,0
1773384000000,5092.50,5092.69,5089.01,5090.66,654.975,1773384299999,3334434.60262,1827,327.112,1665247.34247,0
1773384300000,5090.67,5092.93,5087.58,5089.40,841.624,1773384599999,4283674.71186,2109,501.917,2554405.51840,0
1773384600000,5089.41,5089.89,5083.78,5086.76,1808.276,1773384899999,9197586.84129,3089,887.056,4511942.23617,0
1773384900000,5086.76,5089.26,5086.25,5087.66,654.894,1773385199999,3331868.78725,1984,347.414,1767519.93031,0
1773385200000,5087.65,5089.87,5083.54,5089.57,720.841,1773385499999,3666212.99271,2197,459.131,2335102.82982,0
1773385500000,5089.57,5092.49,5089.11,5090.35,495.295,1773385799999,2521470.71415,1822,214.605,1092458.30096,0
1773385800000,5090.35,5093.00,5089.54,5090.06,366.213,1773386099999,1864495.75650,1423,179.364,913200.52494,0
1773386100000,5090.05,5090.06,5076.50,5078.41,1747.759,1773386399999,8882806.25809,4369,819.398,4164053.64637,0
1773386400000,5078.42,5079.15,5073.78,5078.09,1471.774,1773386699999,7470441.84320,4091,909.641,4617015.81012,0
1773386700000,5078.08,5085.65,5077.41,5085.02,747.694,1773386999999,3799527.65480,2343,409.659,2081815.56437,0
1773387000000,5085.03,5090.00,5084.96,5089.99,579.304,1773387299999,2947367.23079,1855,385.241,1960093.60792,0
1773387300000,5090.00,5092.45,5088.17,5088.17,423.908,1773387599999,2157900.36096,1763,176.860,900314.39478,0
1773387600000,5088.17,5091.79,5087.45,5089.12,576.916,1773387899999,2936699.19669,1518,222.674,1133470.73548,0
1773387900000,5089.12,5091.89,5085.31,5085.78,605.409,1773388199999,3080613.22034,1811,316.276,1609422.36405,0
1773388200000,5085.80,5086.76,5084.72,5084.72,269.319,1773388499999,1369697.92599,1110,127.818,650056.77413,0
1773388500000,5084.73,5085.99,5083.27,5085.98,489.565,1773388799999,2489123.62464,1607,288.553,1467129.81140,0
1773388800000,5085.98,5085.98,5070.70,5070.90,1449.213,1773389099999,7355349.45997,4085,677.484,3438218.33852,0
1773389100000,5070.91,5077.15,5069.23,5074.58,1135.074,1773389399999,5757991.09979,3445,594.872,3017746.08062,0
1773389400000,5074.56,5079.49,5073.64,5079.36,658.757,1773389699999,3344124.95789,2514,401.440,2037852.15136,0
1773389700000,5079.37,5080.82,5075.22,5075.98,527.623,1773389999999,2679410.14872,1865,266.250,1352025.33527,0
1773390000000,5075.99,5076.46,5065.05,5069.60,1247.332,1773390299999,6323145.76173,3884,542.488,2749879.88199,0
1773390300000,5069.59,5073.54,5068.19,5073.31,719.800,1773390599999,3650128.95930,2515,413.700,2097876.34063,0
1773390600000,5073.30,5080.17,5073.09,5079.46,686.090,1773390899999,3483312.40717,2399,337.702,1714584.43443,0
1773390900000,5079.45,5083.89,5078.79,5083.59,760.391,1773391199999,3864166.63835,2268,361.062,1834757.03912,0
1773391200000,5083.60,5085.25,5078.57,5078.71,682.370,1773391499999,3467632.66988,2124,247.482,1257720.82277,0
1773391500000,5078.70,5085.68,5078.57,5085.68,442.522,1773391799999,2248344.54390,1671,296.262,1505296.85788,0
1773391800000,5085.68,5088.49,5083.32,5083.33,671.660,1773392099999,3416163.46771,2157,253.389,1288715.87892,0
1773392100000,5083.32,5089.02,5083.16,5088.71,381.333,1773392399999,1939518.23665,1697,177.779,904092.91371,0
1773392400000,5088.72,5094.37,5087.50,5094.14,1059.411,1773392699999,5394511.61487,2730,525.442,2675492.76260,0
1773392700000,5094.14,5097.49,5092.85,5092.98,1040.789,1773392999999,5303064.15769,2486,503.767,2566785.71628,0
1773393000000,5092.88,5096.53,5090.90,5093.28,593.401,1773393299999,3022583.37012,1760,266.521,1357590.85292,0
1773393300000,5093.28,5093.90,5087.55,5089.95,587.992,1773393599999,2992756.57157,1874,250.672,1275870.44345,0
1773393600000,5089.95,5090.25,5085.24,5086.29,477.355,1773393899999,2428670.87997,1478,127.236,647358.38275,0
1773393900000,5086.32,5092.80,5086.32,5092.59,296.278,1773394199999,1507671.37449,1472,178.709,909395.36679,0
1773394200000,5092.59,5093.28,5089.82,5090.61,282.184,1773394499999,1436885.47898,1130,133.635,680454.47214,0
1773394500000,5090.61,5091.71,5088.04,5089.50,349.354,1773394799999,1778055.05221,1574,171.647,873589.46063,0
1773394800000,5089.50,5089.50,5084.46,5086.21,362.613,1773395099999,1844428.77869,1795,145.366,739407.61220,0
1773395100000,5086.20,5090.28,5085.70,5090.23,289.342,1773395399999,1472274.12206,1401,139.857,711601.99178,0
1773395400000,5090.22,5095.23,5090.12,5091.31,401.887,1773395699999,2046869.70832,1667,211.595,1077721.24393,0
1773395700000,5091.31,5093.87,5090.87,5091.41,195.061,1773395999999,993273.97766,946,67.163,342010.49464,0
1773396000000,5091.41,5091.41,5088.22,5089.80,314.735,1773396299999,1601820.50265,1615,124.359,632908.57969,0
1773396300000,5089.81,5092.58,5089.03,5089.97,258.811,1773396599999,1317585.73121,1337,136.992,697399.04267,0
1773396600000,5089.97,5094.31,5089.12,5094.31,336.547,1773396899999,1713520.34184,1535,207.590,1056954.23870,0
1773396900000,5094.40,5097.46,5093.11,5093.11,413.966,1773397199999,2109429.51262,1525,239.984,1222848.15408,0
1773397200000,5093.12,5094.68,5092.21,5093.46,342.282,1773397499999,1743331.46389,1123,108.303,551622.60422,0
1773397500000,5093.45,5094.63,5091.16,5091.85,654.954,1773397799999,3335879.69080,1535,172.302,877655.89068,0
1773397800000,5091.85,5091.96,5083.39,5084.64,1271.640,1773398099999,6469404.65909,3388,375.920,1912104.32692,0
1773398100000,5084.66,5088.30,5084.32,5088.30,358.506,1773398399999,1823302.13336,1393,205.228,1043728.22563,0
1773398400000,5088.40,5089.72,5088.05,5088.67,178.727,1773398699999,909535.43943,853,96.590,491539.32222,0
1773398700000,5088.66,5095.00,5086.08,5095.00,526.354,1773398999999,2680165.98438,1966,363.205,1849556.85555,0
1773399000000,5094.99,5098.80,5094.99,5097.15,668.012,1773399299999,3404658.43295,1966,387.245,1973610.58440,0
1773399300000,5097.15,5097.73,5094.25,5095.45,264.029,1773399599999,1345544.59204,1269,109.885,559988.96613,0
1773399600000,5095.45,5098.04,5092.95,5096.14,408.156,1773399899999,2079961.99918,1887,206.081,1050172.53524,0
1773399900000,5096.14,5096.48,5089.70,5090.82,384.374,1773400199999,1957589.30926,1909,184.671,940507.11974,0
1773400200000,5090.82,5092.00,5088.00,5091.69,380.344,1773400499999,1935840.25105,1647,169.123,860741.45649,0
1773400500000,5091.60,5096.34,5090.29,5095.28,223.378,1773400799999,1137651.52325,1237,122.348,623083.03866,0
1773400800000,5095.29,5095.37,5093.30,5095.10,222.508,1773401099999,1133561.66178,1052,132.645,675749.53413,0
1773401100000,5095.10,5097.79,5095.01,5096.09,247.443,1773401399999,1261082.70599,1145,118.472,603766.42329,0
1773401400000,5096.09,5096.30,5093.08,5094.81,256.565,1773401699999,1307113.17932,1157,136.397,694870.43237,0
1773401700000,5094.82,5096.10,5093.03,5095.34,229.069,1773401999999,1167034.55231,1204,89.493,455905.23190,0
1773402000000,5095.34,5096.75,5094.06,5095.46,180.501,1773402299999,919680.18228,1481,79.552,405316.22332,0
1773402300000,5095.56,5099.22,5094.05,5096.70,822.978,1773402599999,4194432.26669,2053,366.826,1869834.00501,0
1773402600000,5096.71,5098.56,5096.25,5097.69,261.618,1773402899999,1333550.04811,1214,125.670,640557.11187,0
1773402900000,5097.70,5108.42,5097.37,5108.41,867.016,1773403199999,4424440.09264,2786,588.773,3004317.34502,0
1773403200000,5108.42,5118.79,5108.42,5113.87,1843.773,1773403499999,9429920.93684,4718,753.989,3855797.10290,0
1773403500000,5113.71,5116.44,5109.90,5110.89,908.010,1773403799999,4642772.92160,2836,348.383,1781336.46480,0
1773403800000,5110.88,5111.47,5108.34,5109.04,737.277,1773404099999,3767301.00068,2095,372.439,1903039.46254,0
1773404100000,5109.05,5109.50,5104.01,5106.20,938.317,1773404399999,4791344.41598,2028,292.648,1494371.26323,0
1773404400000,5106.19,5113.00,5105.05,5112.79,1236.559,1773404699999,6319404.58502,2288,574.504,2935953.20299,0
1773404700000,5112.68,5114.62,5111.22,5113.35,450.043,1773404999999,2301212.78994,1844,164.492,841074.60900,0
1773405000000,5113.34,5115.89,5112.35,5114.56,1259.209,1773405299999,6439869.15512,2991,685.552,3506014.21998,0
1773405300000,5114.56,5115.89,5110.80,5112.69,605.990,1773405599999,3098914.72294,2023,254.392,1300865.65723,0
1773405600000,5112.72,5114.60,5107.71,5110.68,600.114,1773405899999,3066956.60174,1980,217.925,1113644.63967,0
1773405900000,5110.69,5120.46,5110.08,5119.73,1386.649,1773406199999,7096744.04508,4063,750.973,3843457.53984,0
1773406200000,5119.73,5119.89,5113.90,5116.05,586.017,1773406499999,2998680.09459,2359,275.089,1407596.15154,0
1773406500000,5116.04,5119.87,5115.32,5116.69,602.618,1773406799999,3083756.21654,1734,358.940,1836772.27621,0
1773406800000,5116.69,5119.52,5112.26,5118.79,985.403,1773407099999,5041498.25295,3705,424.340,2170803.94096,0
1773407100000,5118.79,5119.70,5112.71,5113.18,938.426,1773407399999,4802154.58838,2647,402.697,2060818.77688,0
1773407400000,5113.25,5113.40,5109.85,5111.73,693.944,1773407699999,3546956.45676,2361,315.439,1612273.33375,0
1773407700000,5111.73,5113.91,5109.69,5112.11,593.311,1773407999999,3033046.13542,2316,349.470,1786465.82269,0
1773408000000,5112.12,5114.78,5111.22,5112.79,606.503,1773408299999,3100911.20108,1909,240.361,1228893.05542,0
1773408300000,5112.80,5113.21,5105.63,5107.11,998.584,1773408599999,5101322.24520,2384,274.549,1402355.71033,0
1773408600000,5107.11,5107.99,5098.57,5101.10,1065.963,1773408899999,5439665.94916,3975,383.893,1959312.30137,0
1773408900000,5101.09,5107.06,5095.69,5105.29,1414.185,1773409199999,7214256.65676,4199,781.526,3987163.41822,0
1773409200000,5105.28,5111.37,5101.53,5111.02,740.858,1773409499999,3781902.36164,2670,323.967,1653947.69747,0
1773409500000,5111.02,5115.22,5108.55,5109.50,750.486,1773409799999,3837059.75341,2747,319.546,1633770.52821,0
1773409800000,5109.49,5109.80,5104.76,5107.57,627.444,1773410099999,3204337.15684,2314,320.863,1638605.68471,0
1773410100000,5107.51,5107.51,5098.74,5101.24,507.729,1773410399999,2590157.45341,2427,242.386,1236446.07233,0
1773410400000,5101.20,5105.70,5096.60,5105.16,2959.342,1773410699999,15090381.20518,4756,1207.099,6155570.12009,0
1773410700000,5105.18,5106.89,5099.35,5099.75,592.018,1773410999999,3021444.50072,2414,259.745,1325548.89075,0
1773411000000,5099.76,5100.50,5090.09,5090.09,1227.181,1773411299999,6253726.30223,3455,541.954,2762046.11579,0
1773411300000,5090.86,5093.89,5081.87,5089.03,1801.425,1773411599999,9164931.82372,4695,821.829,4181882.01866,0
1773411600000,5089.10,5092.18,5087.70,5090.80,679.774,1773411899999,3459929.15958,2880,378.363,1925729.01044,0
1773411900000,5090.81,5092.67,5086.14,5089.29,537.246,1773412199999,2734406.60725,2858,307.806,1566541.21670,0
1773412200000,5089.30,5091.53,5084.97,5089.86,678.661,1773412499999,3453146.47594,3177,349.859,1780059.91196,0
1773412500000,5089.85,5089.99,5083.26,5083.86,824.711,1773412799999,4194307.94919,3059,419.535,2133593.05598,0
1773412800000,5083.87,5083.87,5075.24,5079.99,1484.752,1773413099999,7540891.31164,4937,717.570,3644356.32752,0
1773413100000,5079.99,5079.99,5073.00,5078.82,1214.735,1773413399999,6167095.83866,4415,645.023,3274833.77208,0
1773413400000,5078.71,5079.02,5060.85,5066.90,3418.347,1773413699999,17320219.48704,7255,1920.152,9729005.45449,0
1773413700000,5066.90,5066.90,5038.50,5045.66,7493.467,1773413999999,37838523.80528,16019,3415.979,17248247.62924,0
1773414000000,5045.65,5055.11,5042.85,5054.13,3228.898,1773414299999,16304268.02917,9549,1950.068,9847076.22668,0
1773414300000,5054.07,5067.59,5053.58,5067.50,2413.245,1773414599999,12212511.57098,6009,1454.692,7361710.91412,0
1773414600000,5067.50,5072.65,5062.70,5071.10,1805.541,1773414899999,9150922.33790,4913,795.164,4029517.34070,0
1773414900000,5071.10,5072.57,5064.50,5064.59,1006.314,1773415199999,5100861.04320,3740,392.825,1991252.93807,0
1773415200000,5064.51,5070.25,5061.00,5061.76,1038.464,1773415499999,5259468.63735,3914,606.530,3071806.49763,0
1773415500000,5061.75,5069.37,5059.73,5066.68,849.549,1773415799999,4302139.19085,3835,472.521,2393010.84338,0
1773415800000,5066.68,5070.84,5062.86,5067.10,835.395,1773416099999,4232712.29308,3430,446.232,2260896.01822,0
1773416100000,5067.10,5068.18,5060.00,5060.09,824.297,1773416399999,4173202.41321,3291,289.149,1463791.14236,0
1773416400000,5060.08,5061.52,5046.81,5051.02,1591.285,1773416699999,8040872.85229,5073,784.515,3963989.10494,0
1773416700000,5051.02,5060.67,5047.56,5052.78,1985.012,1773416999999,10031622.75946,6562,972.216,4913074.56723,0
1773417000000,5052.79,5057.94,5041.29,5042.00,1596.270,1773417299999,8057343.09411,5875,794.378,4009598.53757,0
1773417300000,5042.00,5049.17,5034.01,5040.09,2600.886,1773417599999,13113005.58950,7158,1242.000,6262336.93722,0
1773417600000,5040.09,5042.65,5030.85,5034.00,2491.993,1773417899999,12549108.79278,7374,1209.590,6091423.37181,0
1773417900000,5034.00,5042.43,5025.20,5042.16,2547.879,1773418199999,12828046.41819,7897,1327.889,6686195.57218,0
1773418200000,5042.16,5045.85,5030.49,5037.96,1370.872,1773418499999,6908855.82384,5219,691.631,3485229.99801,0
1773418500000,5037.90,5042.44,5035.16,5036.17,1103.471,1773418799999,5560745.07452,4609,526.314,2652288.98236,0
1773418800000,5036.30,5045.22,5035.39,5044.65,875.219,1773419099999,4411981.99212,4040,502.593,2533419.45676,0
1773419100000,5044.68,5046.73,5040.26,5046.30,952.516,1773419399999,4803725.08028,3551,394.923,1991703.54885,0
1773419400000,5046.31,5054.00,5045.57,5049.43,1037.921,1773419699999,5241412.61004,3957,518.807,2619733.50741,0
1773419700000,5049.43,5055.30,5049.43,5049.95,1407.841,1773419999999,7112593.33149,3648,554.974,2803357.35793,0
1773420000000,5049.95,5052.95,5046.68,5048.29,1045.285,1773420299999,5278486.87000,3012,566.886,2862704.14224,0
1773420300000,5048.30,5048.65,5046.01,5047.93,594.998,1773420599999,3003205.41255,2500,285.881,1442923.96252,0
1773420600000,5047.92,5055.40,5047.27,5053.27,556.927,1773420899999,2813563.25815,2541,303.567,1533396.61308,0
1773420900000,5053.27,5054.66,5049.01,5050.22,620.513,1773421199999,3134475.39890,2602,216.585,1094054.72412,0
1773421200000,5050.12,5053.99,5048.05,5049.36,466.997,1773421499999,2359084.95263,2627,241.470,1219784.56911,0
1773421500000,5049.36,5054.25,5048.42,5053.34,531.559,1773421799999,2685362.14722,2206,265.628,1341859.97310,0
1773421800000,5053.34,5061.89,5051.30,5060.69,715.688,1773422099999,3619045.26732,2964,478.304,2418962.63556,0
1773422100000,5060.69,5065.72,5060.16,5065.11,972.306,1773422399999,4922897.63287,2764,505.724,2560453.16034,0
1773422400000,5065.03,5065.06,5058.69,5058.95,691.526,1773422699999,3500033.73181,2528,273.988,1386751.31404,0
1773422700000,5058.91,5063.50,5056.44,5060.80,600.582,1773422999999,3038331.44152,2538,335.830,1698921.34069,0
1773423000000,5060.81,5063.58,5058.45,5063.41,405.123,1773423299999,2050400.48783,1995,183.040,926334.12086,0
1773423300000,5063.46,5068.20,5063.40,5064.46,648.958,1773423599999,3287544.79690,2220,382.842,1939483.55459,0
1773423600000,5064.45,5064.54,5056.65,5058.75,642.617,1773423899999,3251086.03268,2391,238.798,1208113.46318,0
1773423900000,5058.79,5060.51,5051.00,5051.17,494.852,1773424199999,2501675.33522,2227,169.143,855226.58054,0
1773424200000,5051.16,5052.80,5049.39,5050.37,727.370,1773424499999,3674108.63085,2365,267.866,1353049.25236,0
1773424500000,5050.37,5051.60,5046.87,5049.86,646.314,1773424799999,3263431.86751,2608,260.540,1315527.33307,0
1773424800000,5049.86,5052.84,5048.97,5052.66,351.884,1773425099999,1777258.40331,2052,193.202,975835.74957,0
1773425100000,5052.66,5054.92,5050.89,5051.52,265.723,1773425399999,1342594.50565,1570,155.702,786702.81301,0
1773425400000,5051.52,5052.19,5045.07,5046.46,454.162,1773425699999,2292743.17844,2296,188.014,949222.15672,0
1773425700000,5046.46,5049.89,5045.20,5047.29,395.640,1773425999999,1996758.02146,1887,218.620,1103325.81322,0
1773426000000,5047.30,5048.35,5041.58,5044.96,410.087,1773426299999,2069008.61150,2041,169.339,854337.68749,0
1773426300000,5045.11,5046.45,5041.20,5046.21,589.876,1773426599999,2975125.13889,1957,346.321,1746632.39842,0
1773426600000,5046.20,5053.53,5045.30,5049.87,273.120,1773426899999,1379371.55052,1892,146.735,741050.54564,0
1773426900000,5049.86,5051.02,5046.41,5046.45,472.295,1773427199999,2384761.07282,1558,222.737,1124746.96565,0
1773427200000,5046.41,5050.42,5046.08,5048.39,258.927,1773427499999,1307021.11188,1183,141.452,713979.19385,0
1773427500000,5048.38,5049.42,5045.30,5045.95,341.064,1773427799999,1721387.31962,1298,129.729,654762.72789,0
1773427800000,5045.96,5048.16,5045.48,5047.85,413.060,1773428099999,2084546.75328,1230,243.538,1229007.67241,0
1773428100000,5047.85,5050.15,5047.46,5049.97,447.154,1773428399999,2257659.14291,1399,297.174,1500425.09508,0
1773428400000,5050.15,5053.21,5050.04,5051.33,360.554,1773428699999,1821412.61372,1713,181.800,918402.64155,0
1773428700000,5051.33,5051.60,5044.70,5047.58,712.608,1773428999999,3596892.94753,2431,217.920,1100076.71330,0
1773429000000,5047.58,5048.39,5040.38,5045.09,611.369,1773429299999,3083228.92627,2259,275.565,1389671.19193,0
1773429300000,5045.13,5045.79,5038.56,5041.69,638.777,1773429599999,3220527.73353,2030,269.715,1359868.58098,0
1773429600000,5041.69,5045.43,5041.27,5045.43,415.634,1773429899999,2095964.69891,1691,206.816,1042923.42206,0
1773429900000,5045.44,5045.44,5038.50,5041.09,540.538,1773430199999,2724714.52274,1936,178.692,900731.12390,0
1773430200000,5041.08,5042.55,5038.01,5038.85,271.703,1773430499999,1369408.29555,1636,119.998,604761.50807,0
1773430500000,5038.85,5040.18,5035.67,5036.47,437.547,1773430799999,2204151.50288,2044,235.850,1188068.96288,0
1773430800000,5036.64,5036.64,5030.07,5031.57,853.522,1773431099999,4295487.55266,2774,352.534,1774101.16752,0
1773431100000,5031.57,5031.84,5019.30,5021.65,2476.979,1773431399999,12443862.13861,6260,918.347,4613357.38071,0
1773431400000,5021.64,5024.80,5013.91,5023.58,2494.919,1773431699999,12521491.13349,5816,1101.471,5529012.12960,0
1773431700000,5023.58,5030.70,5021.32,5023.83,1187.079,1773431999999,5966114.02466,3644,693.258,3484048.12754,0
1773432000000,5023.82,5028.63,5023.82,5026.77,629.370,1773432299999,3163562.22218,2092,293.501,1475151.02311,0
1773432300000,5026.76,5026.77,5020.04,5023.00,1115.510,1773432599999,5602828.31051,2312,680.532,3417936.88936,0
1773432600000,5023.17,5024.40,5020.75,5023.26,655.641,1773432899999,3292850.75339,1864,388.854,1952890.23752,0
1773432900000,5023.25,5027.30,5022.00,5022.42,676.615,1773433199999,3399732.44194,2334,421.062,2115638.52808,0
1773433200000,5022.42,5022.97,5019.72,5021.55,538.226,1773433499999,2702670.91709,2063,220.399,1106723.71220,0
1773433500000,5021.55,5022.42,5020.56,5021.30,259.910,1773433799999,1305091.45889,1310,123.682,621038.20023,0
1773433800000,5021.30,5025.78,5020.65,5023.08,601.114,1773434099999,3019494.34804,2046,267.970,1345962.67190,0
1773434100000,5023.07,5026.25,5022.65,5025.00,621.316,1773434399999,3121342.87492,1617,324.136,1628312.43322,0
1773434400000,5025.00,5029.69,5023.05,5028.65,644.430,1773434699999,3239382.68946,2151,281.168,1413422.88990,0
1773434700000,5028.35,5028.66,5022.50,5022.51,699.399,1773434999999,3515196.94211,1905,257.017,1291816.74388,0
1773435000000,5022.64,5024.32,5020.49,5023.85,725.999,1773435299999,3646231.89704,2094,344.245,1728912.93062,0
1773435300000,5023.85,5025.02,5020.52,5020.78,667.385,1773435599999,3351661.22616,1878,217.471,1092224.82979,0
1773435600000,5020.78,5021.51,5020.14,5020.21,548.798,1773435899999,2755353.78479,1157,216.796,1088489.62117,0
1773435900000,5020.21,5020.44,5019.56,5019.64,386.699,1773436199999,1941254.23792,668,90.024,451933.04226,0
1773436200000,5019.65,5019.65,5016.28,5016.44,679.164,1773436499999,3408030.28878,1353,208.421,1045772.33469,0
1773436500000,5016.45,5017.11,5015.16,5015.65,541.876,1773436799999,2718159.77950,1063,215.836,1082663.48419,0
1773436800000,5015.64,5016.14,5015.14,5016.14,420.497,1773437099999,2109083.29633,819,167.797,841606.38957,0
1773437100000,5016.13,5016.13,5015.11,5015.45,554.521,1773437399999,2781187.86249,979,136.224,683220.21303,0
1773437400000,5015.44,5015.50,5015.44,5015.50,74.384,1773437699999,373070.26422,323,23.506,117893.79714,0
1773437700000,5015.49,5016.31,5015.01,5015.68,162.423,1773437999999,814659.47465,514,62.297,312461.05542,0
1773438000000,5015.67,5015.67,5013.66,5014.70,409.266,1773438299999,2052406.39286,697,88.135,441979.86652,0
1773438300000,5014.71,5016.51,5014.70,5016.50,55.659,1773438599999,279164.85456,379,49.712,249334.54626,0
1773438600000,5016.50,5018.01,5016.50,5018.01,61.976,1773438899999,310949.28953,379,46.153,231563.59457,0
1773438900000,5018.01,5019.69,5018.00,5019.58,154.085,1773439199999,773401.19258,546,100.293,503389.27925,0
1773439200000,5019.57,5019.60,5018.51,5018.81,224.456,1773439499999,1126595.44708,594,114.714,575771.90762,0
1773439500000,5018.80,5021.41,5018.35,5020.82,852.685,1773439799999,4280499.02868,1596,494.634,2483080.87384,0
1773439800000,5020.82,5021.36,5020.70,5021.14,188.454,1773440099999,946229.46922,561,140.758,706744.58363,0
1773440100000,5021.13,5021.42,5021.13,5021.42,35.714,1773440399999,179331.48515,320,30.934,155329.42386,0
1773440400000,5021.42,5021.81,5020.91,5021.81,129.946,1773440699999,652499.99377,394,78.900,396183.00943,0
1773440700000,5021.81,5021.91,5021.71,5021.72,54.000,1773440999999,271176.68394,303,32.344,162423.41541,0
1773441000000,5021.71,5021.95,5021.31,5021.71,170.821,1773441299999,857811.27981,524,124.288,624136.63303,0
1773441300000,5021.71,5021.71,5021.70,5021.70,43.939,1773441599999,220648.69619,211,21.989,110422.38119,0
1773441600000,5021.70,5022.01,5021.70,5022.01,65.083,1773441899999,326833.14923,363,43.415,218022.24833,0
1773441900000,5022.01,5023.00,5022.00,5022.71,227.744,1773442199999,1143877.71457,814,170.830,858016.34746,0
1773442200000,5022.71,5022.71,5022.11,5022.34,89.549,1773442499999,449746.33702,357,37.137,186514.84065,0
1773442500000,5022.34,5022.81,5022.33,5022.81,67.280,1773442799999,337927.09657,220,41.814,210018.00754,0
1773442800000,5022.80,5023.31,5022.80,5023.12,235.094,1773443099999,1180892.86119,1133,164.901,828310.36631,0
1773443100000,5023.12,5023.15,5023.11,5023.15,51.754,1773443399999,259967.66047,253,26.422,132721.56166,0
1773443400000,5023.15,5023.26,5023.01,5023.01,139.460,1773443699999,700531.42991,612,38.130,191532.67146,0
1773443700000,5023.01,5023.02,5022.82,5022.89,67.838,1773443999999,340744.24621,307,25.827,129726.83021,0
1773444000000,5022.89,5022.89,5022.71,5022.71,81.914,1773444299999,411439.53287,284,29.019,145757.10911,0
1773444300000,5022.72,5022.72,5022.71,5022.72,52.084,1773444599999,261603.06100,208,23.336,117210.19392,0
1773444600000,5022.72,5022.72,5022.51,5022.65,64.726,1773444899999,325093.47630,317,35.866,180139.46898,0
1773444900000,5022.64,5022.65,5022.64,5022.65,52.531,1773445199999,263844.63575,263,33.391,167711.30615,0
1773445200000,5022.65,5023.01,5022.64,5022.84,90.941,1773445499999,456774.97055,274,77.203,387769.85377,0
1773445500000,5022.84,5023.89,5022.80,5023.88,163.256,1773445799999,820093.39384,635,154.484,776027.97827,0
1773445800000,5023.89,5025.52,5023.88,5025.50,237.002,1773446099999,1190882.12768,804,164.901,828552.53730,0
1773446100000,5025.51,5025.71,5025.50,5025.71,98.650,1773446399999,495773.28708,285,71.372,358684.16586,0
1773446400000,5025.70,5026.17,5025.51,5026.16,171.158,1773446699999,860193.51914,651,107.586,540699.82767,0
1773446700000,5026.17,5026.57,5026.16,5026.57,118.048,1773446999999,593351.23152,325,97.349,489311.62815,0
1773447000000,5026.57,5026.90,5026.56,5026.89,157.399,1773447299999,791208.54832,358,94.606,475562.02837,0
1773447300000,5026.89,5026.90,5026.89,5026.90,123.501,1773447599999,620826.53780,376,59.591,299557.99790,0
1773447600000,5026.90,5027.56,5026.89,5027.11,557.796,1773447899999,2804162.74629,908,324.735,1632503.69207,0
1773447900000,5027.10,5027.21,5026.90,5027.01,533.407,1773448199999,2681487.82709,1174,230.779,1160151.08550,0
1773448200000,5027.02,5027.15,5027.01,5027.15,309.582,1773448499999,1556290.21906,712,223.163,1121853.79486,0
1773448500000,5027.14,5027.55,5027.14,5027.55,402.091,1773448799999,2021477.70505,679,312.093,1569012.51391,0
1773448800000,5027.55,5027.71,5027.31,5027.55,410.249,1773449099999,2062548.36172,887,188.565,948015.72300,0
1773449100000,5027.54,5027.80,5027.48,5027.80,245.561,1773449399999,1234614.27982,460,123.205,619439.45483,0
1773449400000,5027.79,5028.59,5027.79,5028.47,367.902,1773449699999,1849949.22893,747,233.527,1174253.16819,0
1773449700000,5028.47,5028.47,5028.42,5028.43,85.943,1773449999999,432160.45362,370,70.461,354309.97846,0
1773450000000,5028.43,5028.43,5027.22,5027.75,238.890,1773450299999,1201156.10312,662,116.539,585991.96710,0
1773450300000,5027.75,5027.75,5027.01,5027.11,193.797,1773450599999,974317.10798,428,77.151,387873.76133,0
1773450600000,5027.10,5027.11,5025.61,5025.66,280.637,1773450899999,1410553.00024,639,50.474,253703.43254,0
1773450900000,5025.65,5025.71,5025.21,5025.70,251.379,1773451199999,1263308.44993,509,119.386,599973.24617,0
1773451200000,5025.70,5025.71,5025.46,5025.47,174.764,1773451499999,878306.36389,369,79.265,398361.30798,0
1773451500000,5025.47,5025.47,5025.31,5025.32,169.316,1773451799999,850871.58875,345,77.484,389384.45348,0
1773451800000,5025.32,5025.32,5024.51,5024.51,301.233,1773452099999,1513689.44359,674,87.006,437203.64139,0
1773452100000,5024.51,5024.52,5023.40,5023.61,243.462,1773452399999,1223090.86020,625,66.084,331979.16480,0
1773452400000,5023.71,5023.71,5023.22,5023.22,131.068,1773452699999,658431.93318,315,30.822,154838.64522,0
1773452700000,5023.23,5023.61,5023.22,5023.32,101.689,1773452999999,510822.44662,382,38.786,194835.54082,0
1773453000000,5023.32,5023.32,5023.31,5023.31,45.354,1773453299999,227827.24357,308,4.183,21012.54756,0
1773453300000,5023.32,5023.33,5023.05,5023.05,95.449,1773453599999,479463.88249,317,52.139,261908.57379,0
1773453600000,5023.05,5023.23,5022.91,5022.91,117.248,1773453899999,588951.26064,359,37.900,190378.04461,0
1773453900000,5022.91,5023.00,5022.70,5022.99,140.046,1773454199999,703427.19861,276,39.986,200845.33540,0
1773454200000,5023.00,5023.00,5022.45,5022.45,220.816,1773454499999,1109090.35104,460,83.994,421874.02928,0
1773454500000,5022.45,5022.46,5022.00,5022.00,147.505,1773454799999,740786.59660,574,18.564,93229.06762,0
1773454800000,5022.01,5022.01,5021.71,5021.71,89.235,1773455099999,448123.51241,472,24.463,122847.98388,0
1773455100000,5021.71,5021.72,5021.50,5021.50,63.637,1773455399999,319556.37894,468,19.569,98266.41450,0
1773455400000,5021.50,5021.51,5021.31,5021.50,161.604,1773455699999,811483.67112,308,62.239,312531.14653,0
1773455700000,5021.51,5022.51,5021.22,5022.51,309.829,1773455999999,1555817.43185,564,107.180,538232.65458,0
1773456000000,5022.50,5022.68,5022.29,5022.68,131.844,1773456299999,662168.98724,341,103.554,520084.18026,0
1773456300000,5022.69,5022.90,5022.65,5022.65,81.781,1773456599999,410766.46735,275,32.654,164013.54039,0
1773456600000,5022.65,5022.90,5022.39,5022.79,154.435,1773456899999,775664.47238,361,97.218,488283.24126,0
1773456900000,5022.80,5022.81,5022.58,5022.81,73.389,1773457199999,368610.12430,271,34.718,174376.96561,0
1773457200000,5022.81,5022.81,5022.71,5022.80,72.413,1773457499999,363712.39512,313,54.009,271274.23430,0
1773457500000,5022.81,5022.85,5022.01,5022.35,238.207,1773457799999,1196345.26816,530,136.717,686621.68239,0
1773457800000,5022.35,5022.87,5022.35,5022.87,107.640,1773458099999,540615.15084,225,85.104,427430.80938,0
1773458100000,5022.86,5022.90,5021.64,5022.70,533.550,1773458399999,2679787.97393,714,70.318,353169.93026,0
1773458400000,5022.70,5022.70,5022.02,5022.04,137.527,1773458699999,690709.95154,277,19.236,96611.85366,0
1773458700000,5022.03,5022.41,5021.74,5022.21,163.108,1773458999999,819159.98430,713,63.777,320302.31328,0
1773459000000,5022.21,5022.30,5022.20,5022.30,57.329,1773459299999,287921.46785,522,37.726,189470.51223,0
1773459300000,5022.30,5022.30,5022.20,5022.21,46.407,1773459599999,233067.12783,461,22.052,110750.33709,0
1773459600000,5022.21,5022.29,5022.20,5022.21,134.342,1773459899999,674694.98332,552,31.586,158631.99644,0
1773459900000,5022.21,5022.25,5022.20,5022.24,52.274,1773460199999,262532.50994,200,10.070,50573.90209,0
1773460200000,5022.24,5022.25,5021.77,5021.78,118.862,1773460499999,596936.88171,209,10.968,55081.71545,0
1773460500000,5021.77,5021.89,5021.77,5021.81,147.736,1773460799999,741902.67849,242,78.766,395546.48959,0
1773460800000,5021.81,5022.99,5021.81,5022.60,207.895,1773461099999,1044186.54655,773,109.532,550123.79073,0
1773461100000,5022.59,5022.85,5022.51,5022.84,142.797,1773461399999,717209.75473,315,92.627,465227.22695,0
1773461400000,5022.85,5022.91,5022.33,5022.40,199.488,1773461699999,1001968.49709,237,88.365,443818.91762,0
1773461700000,5022.39,5022.59,5021.82,5022.23,149.907,1773461999999,752863.51455,527,56.194,282218.43281,0
1773462000000,5022.22,5023.81,5022.16,5023.81,426.083,1773462299999,2140170.78750,520,267.015,1341209.51563,0
1773462300000,5023.81,5026.00,5023.59,5025.52,344.501,1773462599999,1731040.03801,1409,228.571,1148553.11102,0
1773462600000,5025.52,5025.52,5024.68,5024.69,296.870,1773462899999,1491807.11146,600,70.397,353764.34974,0
1773462900000,5024.69,5024.70,5022.90,5023.61,273.131,1773463199999,1372077.51472,659,130.375,654904.73863,0
1773463200000,5023.61,5024.51,5023.60,5023.92,134.671,1773463499999,676594.94620,377,86.350,433824.24034,0
1773463500000,5023.91,5023.92,5023.65,5023.66,78.073,1773463799999,392223.91582,147,42.941,215725.32932,0
1773463800000,5023.66,5024.82,5023.61,5024.38,315.529,1773464099999,1585243.56790,434,289.080,1452371.55809,0
1773464100000,5024.37,5024.38,5023.81,5023.81,60.132,1773464399999,302099.90882,217,25.814,129686.16080,0
1773464400000,5023.81,5023.82,5023.12,5023.13,97.521,1773464699999,489906.10521,298,25.356,127380.36772,0
1773464700000,5023.13,5023.41,5023.07,5023.41,63.145,1773464999999,317190.03709,220,37.407,187902.33459,0
1773465000000,5023.40,5023.41,5023.00,5023.01,54.982,1773465299999,276184.16459,219,17.772,89273.01707,0
1773465300000,5023.00,5023.70,5022.71,5023.31,152.494,1773465599999,766026.69529,364,110.536,555265.24680,0
1773465600000,5023.30,5023.31,5022.06,5022.61,202.450,1773465899999,1016845.15697,264,16.121,80974.91938,0
1773465900000,5022.60,5023.21,5022.60,5022.84,139.164,1773466199999,699021.50571,367,101.932,512004.39504,0
1773466200000,5022.84,5022.84,5022.71,5022.71,44.673,1773466499999,224384.40843,177,19.923,100070.04132,0
1773466500000,5022.72,5022.72,5022.41,5022.52,68.015,1773466799999,341611.98236,262,30.341,152389.46340,0
1773466800000,5022.51,5022.61,5022.35,5022.61,89.177,1773467099999,447888.58554,348,70.942,356303.60985,0
1773467100000,5022.61,5022.90,5022.60,5022.85,54.156,1773467399999,272015.89260,170,41.715,209526.21875,0
1773467400000,5022.86,5022.86,5022.37,5022.60,115.099,1773467699999,578082.97172,180,81.181,407725.04225,0
1773467700000,5022.60,5022.61,5022.60,5022.60,19.266,1773467999999,96765.54367,96,13.207,66333.61027,0
1773468000000,5022.60,5022.90,5022.60,5022.62,40.485,1773468299999,203345.32854,218,19.101,95938.21861,0
1773468300000,5022.61,5022.62,5022.40,5022.40,84.149,1773468599999,422643.72381,160,4.602,23113.82301,0
1773468600000,5022.40,5022.81,5022.40,5022.42,141.349,1773468899999,709937.35475,419,99.073,497601.10135,0
1773468900000,5022.43,5022.43,5022.40,5022.41,73.180,1773469199999,367540.19944,231,25.811,129633.65319,0
1773469200000,5022.40,5022.80,5022.40,5022.79,95.548,1773469499999,479909.05566,196,30.396,152664.61447,0
1773469500000,5022.78,5022.79,5022.40,5022.41,64.513,1773469799999,324016.12980,248,6.106,30667.43430,0
1773469800000,5022.40,5022.75,5022.40,5022.74,83.131,1773470099999,417535.05456,251,61.011,306435.00161,0
1773470100000,5022.74,5022.74,5021.81,5021.82,202.682,1773470399999,1017917.64346,679,67.981,341409.92081,0
1773470400000,5021.81,5021.98,5021.81,5021.98,119.704,1773470699999,601138.58813,243,63.282,317794.17987,0
1773470700000,5021.98,5022.65,5021.97,5022.64,93.165,1773470999999,467894.56275,246,51.155,256916.91292,0
1773471000000,5022.65,5022.65,5021.57,5021.57,166.822,1773471299999,837793.36964,695,27.301,137113.00143,0
1773471300000,5021.57,5021.90,5021.53,5021.90,123.012,1773471599999,617724.16178,368,69.486,348936.48682,0
1773471600000,5021.91,5022.41,5021.78,5021.78,199.091,1773471899999,999858.98644,382,91.467,459357.00655,0
1773471900000,5021.79,5021.79,5021.41,5021.42,134.590,1773472199999,675857.65397,507,9.245,46425.00038,0
1773472200000,5021.41,5021.51,5021.31,5021.41,155.803,1773472499999,782356.23811,283,30.055,150918.77673,0
1773472500000,5021.42,5021.49,5021.41,5021.48,31.269,1773472799999,157015.90809,138,12.363,62080.51651,0
1773472800000,5021.48,5021.66,5021.48,5021.66,34.299,1773473099999,172236.14254,153,29.555,148413.67073,0
1773473100000,5021.66,5021.80,5021.66,5021.80,46.517,1773473399999,233597.19498,244,27.318,137184.02285,0
1773473400000,5021.80,5021.81,5021.79,5021.80,46.455,1773473699999,233287.57640,444,23.473,117876.72757,0
1773473700000,5021.80,5021.81,5021.80,5021.81,45.829,1773473999999,230144.23680,441,16.460,82658.99260,0
1773474000000,5021.81,5022.20,5021.80,5022.19,108.206,1773474299999,543410.84542,562,49.281,247489.91033,0
1773474300000,5022.19,5022.20,5022.19,5022.19,70.169,1773474599999,352402.43743,361,38.732,194519.85040,0
1773474600000,5022.19,5022.49,5022.15,5022.30,143.729,1773474899999,721845.97124,421,80.511,404349.46627,0
1773474900000,5022.30,5022.61,5022.26,5022.52,130.956,1773475199999,657709.84866,472,78.102,392258.68186,0
1773475200000,5022.53,5023.42,5022.52,5023.33,118.383,1773475499999,594623.42518,309,89.987,451994.93667,0
1773475500000,5023.33,5023.61,5023.13,5023.60,74.808,1773475799999,375789.40738,316,41.315,207540.15307,0
1773475800000,5023.60,5023.71,5023.60,5023.70,61.651,1773476099999,309710.34004,402,36.062,181161.43310,0
1773476100000,5023.71,5023.71,5023.42,5023.42,65.738,1773476399999,330235.69598,217,37.164,186693.03816,0
1773476400000,5023.43,5023.50,5023.42,5023.49,58.506,1773476699999,293902.96583,193,35.272,177187.86368,0
1773476700000,5023.50,5023.50,5023.45,5023.45,27.843,1773476999999,139869.07300,111,15.641,78572.55154,0
1773477000000,5023.45,5023.45,5023.43,5023.43,37.767,1773477299999,189720.07932,170,19.229,96595.72776,0
1773477300000,5023.44,5023.50,5023.41,5023.49,112.171,1773477599999,563486.65125,248,47.902,240634.26483,0
1773477600000,5023.49,5023.50,5023.49,5023.50,62.118,1773477899999,312049.72568,146,57.386,288278.57100,0
1773477900000,5023.50,5023.50,5023.49,5023.49,12.888,1773478199999,64742.83861,129,9.949,49978.80150,0
1773478200000,5023.50,5023.50,5023.49,5023.49,39.520,1773478499999,198528.43973,126,11.493,57735.08550,0
1773478500000,5023.50,5023.50,5023.49,5023.50,30.019,1773478799999,150800.34350,99,19.719,99058.39650,0
1773478800000,5023.50,5023.50,5023.01,5023.02,101.470,1773479099999,509708.12969,244,28.515,143234.06874,0
1773479100000,5023.02,5023.02,5022.55,5022.80,81.782,1773479399999,410773.09827,173,8.559,42992.02818,0
1773479400000,5022.80,5022.81,5022.51,5022.51,66.592,1773479699999,334472.88913,182,34.439,172977.68127,0
1773479700000,5022.52,5022.52,5022.40,5022.42,118.481,1773479999999,595061.43288,287,62.505,313926.22523,0
1773480000000,5022.42,5022.60,5022.41,5022.60,94.669,1773480299999,475480.17174,438,44.971,225868.84828,0
1773480300000,5022.60,5022.60,5022.59,5022.59,28.463,1773480599999,142958.14906,104,16.989,85328.95140,0
1773480600000,5022.59,5022.59,5022.32,5022.32,49.215,1773480899999,247175.18494,117,25.679,128968.41207,0
1773480900000,5022.32,5022.33,5022.00,5022.10,153.070,1773481199999,768755.42312,299,25.303,127076.12865,0
1773481200000,5022.10,5022.30,5022.10,5022.29,55.428,1773481499999,278369.56727,195,40.929,205552.51056,0
1773481500000,5022.30,5022.40,5022.22,5022.25,180.527,1773481799999,906659.82819,411,49.541,248810.27498,0
1773481800000,5022.25,5022.26,5022.21,5022.22,38.031,1773482099999,191001.17455,129,10.344,51950.22892,0
1773482100000,5022.22,5022.22,5022.20,5022.20,59.946,1773482399999,301061.66255,312,31.605,158727.23786,0
1773482400000,5022.21,5022.21,5022.11,5022.12,68.948,1773482699999,346269.99188,444,41.315,207492.57393,0
1773482700000,5022.12,5022.51,5022.01,5022.33,110.738,1773482999999,556149.48866,336,45.644,229235.31879,0
1773483000000,5022.33,5022.41,5022.32,5022.33,80.751,1773483299999,405560.13851,211,55.894,280719.70236,0
1773483300000,5022.32,5022.66,5022.32,5022.32,58.005,1773483599999,291323.94445,298,46.823,235163.16196,0
1773483600000,5022.33,5022.33,5022.32,5022.32,22.293,1773483899999,111962.61680,223,3.704,18602.71032,0
1773483900000,5022.32,5022.33,5022.32,5022.33,22.857,1773484199999,114795.23391,212,6.567,32981.64111,0
1773484200000,5022.32,5022.33,5022.32,5022.32,39.493,1773484499999,198346.56871,228,8.495,42664.69335,0
1773484500000,5022.32,5022.33,5022.32,5022.33,52.183,1773484799999,262079.88181,199,15.725,78976.13925,0
1773484800000,5022.32,5022.60,5022.32,5022.59,38.557,1773485099999,193651.77954,209,36.541,183526.53051,0
1773485100000,5022.60,5022.60,5022.59,5022.60,38.391,1773485399999,192822.46735,110,21.466,107815.13160,0
1773485400000,5022.59,5022.60,5022.56,5022.56,37.670,1773485699999,189200.68850,166,11.481,57664.42788,0
1773485700000,5022.56,5022.57,5022.51,5022.51,32.932,1773485999999,165401.92082,146,15.526,77979.68992,0
1773486000000,5022.52,5022.83,5022.51,5022.61,93.084,1773486299999,467532.48159,294,60.688,304817.95656,0
1773486300000,5022.61,5022.61,5022.54,5022.54,44.335,1773486599999,222674.86290,121,13.398,67292.14088,0
1773486600000,5022.55,5022.55,5022.51,5022.51,56.366,1773486899999,283099.48987,127,20.768,104307.78338,0
1773486900000,5022.51,5022.52,5022.50,5022.51,7.308,1773487199999,36704.52648,84,2.962,14876.70393,0
1773487200000,5022.51,5022.51,5022.35,5022.35,34.204,1773487499999,171786.99952,183,11.963,60083.71079,0
1773487500000,5022.35,5022.36,5022.21,5022.22,37.164,1773487799999,186649.09462,281,12.222,61382.91670,0
1773487800000,5022.22,5022.41,5022.21,5022.41,52.632,1773488099999,264330.80218,175,40.932,205570.80150,0
1773488100000,5022.41,5022.41,5022.40,5022.40,13.749,1773488399999,69053.08142,114,10.382,52142.66062,0
1773488400000,5022.41,5022.45,5022.21,5022.21,39.621,1773488699999,198990.35715,239,17.125,86007.90348,0
1773488700000,5022.22,5022.48,5022.21,5022.37,66.092,1773488999999,331942.08744,225,20.414,102525.95507,0
1773489000000,5022.37,5022.37,5022.34,5022.35,40.973,1773489299999,205781.03360,116,1.852,9301.40874,0
1773489300000,5022.35,5022.35,5022.34,5022.35,17.219,1773489599999,86479.79126,77,11.880,59665.51800,0
1773489600000,5022.35,5022.54,5022.34,5022.53,73.008,1773489899999,366681.67221,348,37.419,187935.24002,0
1773489900000,5022.53,5022.53,5021.81,5021.81,114.048,1773490199999,572768.24686,496,11.001,55248.86318,0
1773490200000,5021.81,5022.01,5021.70,5021.72,182.546,1773490499999,916711.56232,521,75.881,381055.17054,0
1773490500000,5021.72,5021.72,5021.61,5021.65,141.582,1773490799999,710973.75381,238,110.604,555412.88233,0
1773490800000,5021.66,5021.66,5021.52,5021.52,83.402,1773491099999,418811.56125,326,33.646,168956.48489,0
1773491100000,5021.53,5021.55,5021.52,5021.54,195.544,1773491399999,981930.29654,536,132.179,663741.42185,0
1773491400000,5021.54,5021.91,5021.54,5021.91,79.633,1773491699999,399897.19374,207,53.460,268459.02484,0
1773491700000,5021.91,5021.91,5021.87,5021.88,57.753,1773491999999,290029.53726,238,11.680,58655.71959,0
1773492000000,5021.87,5022.24,5021.87,5022.23,98.795,1773492299999,496161.28946,349,69.077,346910.94793,0
1773492300000,5022.24,5022.78,5022.23,5022.77,106.652,1773492599999,535667.81850,640,73.293,368118.67353,0
1773492600000,5022.78,5022.78,5022.77,5022.77,51.832,1773492899999,260340.52099,478,30.635,153872.86530,0
1773492900000,5022.78,5022.81,5022.77,5022.80,39.036,1773493199999,196069.81915,396,24.759,124359.36949,0
1773493200000,5022.81,5022.82,5022.80,5022.81,54.884,1773493499999,275672.11852,564,26.085,131020.23854,0
1773493500000,5022.82,5022.82,5022.80,5022.80,84.991,1773493799999,426893.52132,411,22.981,115429.29038,0
1773493800000,5022.81,5022.81,5022.80,5022.80,24.922,1773494099999,125178.33833,376,11.673,58631.26113,0
1773494100000,5022.80,5022.81,5021.90,5022.03,309.662,1773494399999,1555237.10884,952,105.223,528449.35764,0
1773494400000,5022.03,5022.20,5021.90,5022.01,60.815,1773494699999,305414.81469,452,28.949,145383.52715,0
1773494700000,5022.01,5022.02,5021.84,5021.84,44.188,1773494999999,221906.37875,460,15.306,76865.14806,0
1773495000000,5021.85,5021.85,5021.84,5021.85,37.593,1773495299999,188786.31542,128,28.430,142771.19550,0
1773495300000,5021.85,5021.85,5021.84,5021.84,17.317,1773495599999,86963.27128,218,6.800,34148.58000,0
1773495600000,5021.85,5022.21,5021.84,5022.20,79.917,1773495899999,401348.97040,387,72.614,364672.46938,0
1773495900000,5022.20,5022.38,5022.20,5022.37,105.050,1773496199999,527591.17936,439,94.524,474726.52422,0
1773496200000,5022.37,5022.71,5022.37,5022.62,90.834,1773496499999,456225.40997,393,70.898,356093.98861,0
1773496500000,5022.62,5022.93,5022.61,5022.93,103.834,1773496799999,521533.78935,231,78.943,396509.13819,0
1773496800000,5022.92,5022.93,5022.88,5022.89,49.553,1773497099999,248900.96966,196,40.299,202418.88299,0
1773497100000,5022.89,5023.00,5022.89,5022.98,145.483,1773497399999,730756.53469,166,41.058,206232.64291,0
1773497400000,5022.98,5022.98,5022.90,5022.91,56.609,1773497699999,284345.46565,378,18.797,94416.95422,0
1773497700000,5022.90,5022.91,5022.71,5022.89,56.347,1773497999999,283020.79721,180,15.499,77848.06859,0
1773498000000,5022.89,5022.91,5022.61,5022.90,57.187,1773498299999,287239.96500,256,32.815,164823.90171,0
1773498300000,5022.91,5022.91,5022.90,5022.90,27.977,1773498599999,140525.81381,160,14.051,70576.90841,0
1773498600000,5022.91,5023.10,5022.81,5022.82,38.661,1773498899999,194192.62098,246,16.780,84284.36345,0
1773498900000,5022.82,5022.82,5022.48,5022.48,66.423,1773499199999,333626.73920,187,6.368,31985.03948,0
1773499200000,5022.48,5022.49,5022.48,5022.48,79.158,1773499499999,397569.60031,394,12.847,64523.92903,0
1773499500000,5022.48,5022.48,5022.22,5022.24,63.240,1773499799999,317611.40921,284,20.525,103083.19780,0
1773499800000,5022.24,5022.25,5022.23,5022.24,26.476,1773500099999,132968.86700,262,9.181,46109.25329,0
1773500100000,5022.24,5022.25,5022.01,5022.01,36.718,1773500399999,184402.78947,461,10.498,52721.78950,0
1773500400000,5022.01,5022.07,5022.01,5022.07,23.951,1773500699999,120282.72154,339,19.876,99818.02424,0
1773500700000,5022.06,5022.07,5022.06,5022.07,40.681,1773500999999,204302.71258,136,28.972,145499.41204,0
1773501000000,5022.07,5022.41,5022.06,5022.40,109.438,1773501299999,549623.56101,491,85.505,429426.74080,0
1773501300000,5022.41,5022.43,5022.40,5022.42,56.344,1773501599999,282983.03526,180,39.197,196863.75988,0
1773501600000,5022.43,5022.43,5022.42,5022.42,50.143,1773501899999,251839.63549,188,42.943,215678.21149,0
1773501900000,5022.43,5022.95,5022.42,5022.93,128.847,1773502199999,647155.37309,385,103.308,518882.86784,0
1773502200000,5022.92,5022.93,5022.73,5022.73,71.047,1773502499999,356854.08127,258,36.208,181865.77689,0
1773502500000,5022.72,5022.74,5022.61,5022.61,79.739,1773502799999,400499.86262,332,22.257,111788.94894,0
1773502800000,5022.61,5022.62,5022.60,5022.60,39.643,1773503099999,199111.12343,422,8.209,41230.62477,0
1773503100000,5022.60,5022.62,5022.60,5022.62,53.991,1773503399999,271175.88216,254,33.370,167604.69718,0
1773503400000,5022.61,5022.75,5022.44,5022.74,64.774,1773503699999,325332.90771,300,32.602,163745.05787,0
1773503700000,5022.75,5022.75,5022.41,5022.42,42.096,1773503999999,211426.19232,162,16.324,81986.13521,0
1773504000000,5022.42,5022.61,5021.85,5021.85,142.714,1773504299999,716727.79459,541,31.717,159286.73017,0
1773504300000,5021.86,5022.15,5021.85,5021.97,121.287,1773504599999,609101.30094,546,60.433,303496.08416,0
1773504600000,5021.97,5022.71,5021.96,5022.13,316.389,1773504899999,1589024.78176,501,117.261,588915.20170,0
1773504900000,5022.12,5022.15,5021.95,5021.95,98.277,1773505199999,493558.11691,332,49.869,250448.07533,0
1773505200000,5021.96,5022.12,5021.95,5021.96,18.348,1773505499999,92142.84124,151,5.559,27917.07564,0
1773505500000,5021.95,5021.96,5021.60,5021.60,135.447,1773505799999,680187.55152,430,41.552,208663.28314,0
1773505800000,5021.60,5021.61,5021.51,5021.52,78.004,1773506099999,391702.62373,362,22.031,110630.87260,0
1773506100000,5021.51,5021.52,5021.51,5021.51,102.316,1773506399999,513781.58936,281,77.220,387761.77440,0
1773506400000,5021.52,5021.52,5021.51,5021.52,29.225,1773506699999,146753.79747,111,16.772,84220.93344,0
1773506700000,5021.52,5021.52,5020.25,5021.19,358.874,1773506999999,1801921.02493,440,102.917,516762.94559,0
1773507000000,5021.24,5021.24,5021.19,5021.24,33.101,1773507299999,166207.77832,116,4.924,24724.58061,0
1773507300000,5021.24,5021.24,5020.99,5020.99,45.247,1773507599999,227189.88632,161,10.720,53825.23809,0
1773507600000,5021.00,5021.00,5020.95,5020.96,30.604,1773507899999,153661.95836,122,15.676,78708.90110,0
1773507900000,5020.96,5021.03,5020.92,5020.92,149.222,1773508199999,749243.38655,305,34.317,172304.95683,0
1773508200000,5020.93,5020.99,5020.92,5020.93,34.741,1773508499999,174431.99712,90,20.455,102703.12315,0
1773508500000,5020.93,5021.11,5020.92,5021.11,36.169,1773508799999,181605.53457,112,15.826,79462.72639,0
1773508800000,5021.11,5021.34,5021.10,5021.33,27.891,1773509099999,140049.12161,101,24.733,124191.81184,0
1773509100000,5021.34,5021.34,5021.33,5021.34,26.083,1773509399999,130971.55336,73,20.297,101918.13798,0
1773509400000,5021.34,5021.34,5021.33,5021.33,10.549,1773509699999,52970.04833,85,3.816,19161.43344,0
1773509700000,5021.33,5021.69,5021.27,5021.68,80.794,1773509999999,405694.21233,174,72.674,364920.84790,0
1773510000000,5021.69,5021.81,5021.64,5021.81,17.263,1773510299999,86689.51239,138,11.570,58101.17345,0
1773510300000,5021.81,5021.91,5021.66,5021.91,96.537,1773510599999,484786.46798,257,29.289,147082.59855,0
1773510600000,5021.90,5021.99,5021.90,5021.99,39.789,1773510899999,199818.18448,212,28.269,141965.33432,0
1773510900000,5021.98,5021.99,5021.98,5021.99,44.225,1773511199999,222097.31874,168,25.324,127176.87476,0
1773511200000,5021.98,5021.99,5021.66,5021.91,67.495,1773511499999,338952.07683,259,16.187,81287.47505,0
1773511500000,5021.90,5022.00,5021.87,5022.00,19.781,1773511799999,99339.95604,141,17.953,90159.82558,0
1773511800000,5021.99,5022.00,5021.99,5022.00,14.479,1773512099999,72713.49655,113,10.334,51897.34800,0
1773512100000,5022.00,5022.00,5021.99,5022.00,9.361,1773512399999,47010.89302,96,4.463,22413.18600,0
1773512400000,5022.00,5022.00,5021.99,5022.00,16.120,1773512699999,80954.54084,158,6.204,31156.48800,0
1773512700000,5022.00,5022.00,5021.99,5021.99,17.572,1773512999999,88246.56436,149,15.608,78383.37600,0
1773513000000,5021.99,5022.00,5021.99,5022.00,33.038,1773513299999,165916.73527,228,22.965,115330.23000,0
1773513300000,5022.00,5022.00,5021.99,5022.00,8.017,1773513599999,40261.36606,96,7.223,36273.90600,0
1773513600000,5022.00,5022.10,5021.99,5022.10,7.830,1773513899999,39322.38075,145,6.392,32100.72443,0
1773513900000,5022.10,5022.10,5022.07,5022.10,13.290,1773514199999,66743.64939,124,7.383,37078.16376,0
1773514200000,5022.10,5022.10,5022.09,5022.10,6.730,1773514499999,33798.70030,82,3.460,17376.46600,0
1773514500000,5022.10,5022.10,5022.09,5022.10,25.893,1773514799999,130037.12564,147,14.927,74964.88670,0
1773514800000,5022.10,5022.10,5022.09,5022.10,12.255,1773515099999,61545.78225,123,6.930,34803.15300,0
1773515100000,5022.10,5022.10,5022.09,5022.09,43.666,1773515399999,219294.76014,309,17.820,89493.82200,0
1773515400000,5022.10,5022.12,5022.09,5022.11,27.939,1773515699999,140312.53686,149,20.964,105283.36129,0
1773515700000,5022.12,5022.12,5022.11,5022.11,11.098,1773515999999,55735.41793,176,4.115,20666.02380,0
1773516000000,5022.11,5022.41,5022.09,5022.40,122.692,1773516299999,616177.84876,406,29.477,148040.47139,0
1773516300000,5022.41,5022.41,5021.35,5022.16,131.736,1773516599999,661568.09117,296,23.139,116203.99472,0
1773516600000,5022.15,5022.16,5022.15,5022.16,10.667,1773516899999,53571.32454,122,5.049,25356.88584,0
1773516900000,5022.16,5022.16,5022.15,5022.16,5.558,1773517199999,27913.15120,106,4.150,20841.96400,0
1773517200000,5022.15,5022.16,5022.15,5022.15,9.441,1773517499999,47414.15061,114,3.246,16301.93136,0
1773517500000,5022.16,5022.16,5022.15,5022.16,5.139,1773517799999,25808.87869,134,4.984,25030.44544,0
1773517800000,5022.16,5022.16,5022.15,5022.16,22.346,1773518099999,112225.18054,180,21.664,108800.07424,0
1773518100000,5022.16,5022.21,5022.15,5022.21,29.091,1773518399999,146100.59804,205,27.684,139034.40859,0
1773518400000,5022.21,5022.21,5021.41,5021.71,86.050,1773518699999,432127.29645,299,22.926,115124.48648,0
1773518700000,5021.71,5022.02,5021.41,5021.42,91.364,1773518999999,458806.15451,336,44.916,225561.87220,0
1773519000000,5021.42,5021.42,5021.41,5021.41,21.029,1773519299999,105595.26297,105,3.208,16108.71536,0
1773519300000,5021.41,5021.42,5021.41,5021.41,11.840,1773519599999,59453.53214,101,3.774,18950.83908,0
1773519600000,5021.41,5021.42,5021.41,5021.42,6.875,1773519899999,34522.22253,89,2.878,14451.64676,0
1773519900000,5021.42,5021.42,5021.41,5021.41,4.837,1773520199999,24288.58111,115,2.094,10514.85348,0
1773520200000,5021.42,5021.42,5021.41,5021.41,37.937,1773520499999,190497.57468,190,34.351,172490.79842,0
1773520500000,5021.42,5021.42,5021.41,5021.41,26.811,1773520799999,134629.02632,479,0.281,1411.01902,0
1773520800000,5021.42,5021.42,5021.35,5021.35,14.101,1773521099999,70806.66244,166,5.167,25945.66856,0
1773521100000,5021.36,5021.62,5021.35,5021.62,32.008,1773521399999,160727.60854,151,28.664,143935.37838,0
1773521400000,5021.61,5021.62,5021.61,5021.62,9.934,1773521699999,49884.68202,63,0.828,4157.90136,0
1773521700000,5021.62,5021.62,5021.61,5021.61,14.623,1773521999999,73431.02636,116,2.333,11715.43946,0
1773522000000,5021.62,5021.62,5021.61,5021.61,14.750,1773522299999,74068.80360,76,5.610,28171.28820,0
1773522300000,5021.61,5021.62,5021.61,5021.61,42.438,1773522599999,213107.31181,231,22.663,113804.97406,0
1773522600000,5021.61,5021.62,5021.61,5021.62,15.055,1773522899999,75600.36441,83,2.586,12985.90932,0
1773522900000,5021.61,5021.62,5021.50,5021.50,20.963,1773523199999,105267.36327,113,0.771,3871.60247,0
1773523200000,5021.51,5021.51,5021.50,5021.51,32.098,1773523499999,161180.22383,71,11.683,58666.30133,0
1773523500000,5021.50,5021.60,5021.50,5021.59,46.211,1773523799999,232051.31688,173,26.009,130605.25470,0
1773523800000,5021.60,5022.02,5021.57,5021.96,69.897,1773524099999,351010.69377,182,62.066,311684.59024,0
1773524100000,5021.96,5021.96,5021.76,5021.77,17.631,1773524399999,88541.01708,73,2.648,13298.11664,0
1773524400000,5021.77,5022.01,5021.00,5021.01,183.461,1773524699999,921242.90492,314,28.090,141056.81729,0
1773524700000,5021.01,5021.03,5021.00,5021.03,33.542,1773524999999,168414.57467,100,5.235,26284.99989,0
1773525000000,5021.02,5021.03,5021.00,5021.00,38.208,1773525299999,191843.24270,130,15.430,77474.48168,0
1773525300000,5021.00,5021.03,5021.00,5021.00,61.365,1773525599999,308114.16499,185,21.852,109719.13948,0
1773525600000,5021.01,5021.01,5021.00,5021.00,10.368,1773525899999,52057.78426,58,5.626,28248.20226,0
1773525900000,5021.01,5021.01,5021.00,5021.00,30.722,1773526199999,154255.37139,70,20.939,105134.92839,0
1773526200000,5021.01,5021.54,5020.77,5021.00,209.971,1773526499999,1054279.81710,520,102.876,516550.47181,0
1773526500000,5021.01,5021.24,5020.77,5021.01,51.136,1773526799999,256751.98839,206,16.374,82212.51380,0
1773526800000,5021.02,5021.51,5021.02,5021.25,63.541,1773527099999,319057.98795,216,53.691,269597.46844,0
1773527100000,5021.24,5021.37,5021.05,5021.37,62.378,1773527399999,313216.13840,246,45.024,226077.70067,0
1773527400000,5021.36,5021.37,5021.36,5021.37,12.942,1773527699999,64986.51618,113,7.506,37690.40322,0
1773527700000,5021.37,5021.59,5021.36,5021.59,31.678,1773527999999,159072.36053,210,22.196,111457.90265,0
1773528000000,5021.58,5021.71,5021.40,5021.70,39.184,1773528299999,196764.72816,231,13.982,70211.44995,0
1773528300000,5021.59,5021.77,5021.59,5021.77,22.085,1773528599999,110905.34978,263,12.076,60642.64420,0
1773528600000,5021.76,5021.77,5021.52,5021.60,47.025,1773528899999,236147.78032,281,5.624,28242.40048,0
1773528900000,5021.60,5021.60,5021.59,5021.60,19.895,1773529199999,99904.63615,187,10.310,51772.69600,0
1773529200000,5021.60,5021.62,5021.52,5021.53,79.319,1773529499999,398306.75765,402,38.862,195148.91349,0
1773529500000,5021.53,5021.53,5021.52,5021.53,21.837,1773529799999,109655.08094,110,14.870,74670.15110,0
1773529800000,5021.53,5021.53,5021.52,5021.53,22.151,1773530099999,111231.80128,145,11.176,56120.61928,0
1773530100000,5021.53,5021.53,5021.52,5021.52,28.566,1773530399999,143444.90204,181,16.172,81208.18316,0
1773530400000,5021.53,5021.53,5021.52,5021.53,10.323,1773530699999,51837.20620,145,5.524,27738.93172,0
1773530700000,5021.53,5021.53,5021.47,5021.52,61.462,1773530999999,308632.42002,285,5.169,25956.28857,0
1773531000000,5021.53,5021.53,5021.25,5021.36,64.142,1773531299999,322086.85501,216,40.218,201955.10933,0
1773531300000,5021.36,5021.36,5021.05,5021.06,24.509,1773531599999,123066.26911,159,12.595,63243.11150,0
1773531600000,5021.06,5021.33,5021.05,5021.19,49.997,1773531899999,251044.14874,265,31.296,157142.42151,0
1773531900000,5021.19,5021.19,5021.18,5021.18,29.284,1773532199999,147040.38771,138,15.259,76618.33821,0
1773532200000,5021.19,5021.19,5021.18,5021.19,31.312,1773532499999,157223.35096,100,16.280,81744.97320,0
1773532500000,5021.19,5021.19,5021.18,5021.18,52.236,1773532799999,262286.52444,208,16.596,83331.66924,0
1773532800000,5021.18,5021.19,5021.18,5021.18,37.215,1773533099999,186863.44302,211,22.932,115145.92908,0
1773533100000,5021.19,5021.22,5021.05,5021.10,116.038,1773533399999,582643.53770,274,80.460,404001.36878,0
1773533400000,5021.10,5021.10,5021.05,5021.05,46.951,1773533699999,235744.81109,138,5.829,29267.93302,0
1773533700000,5021.06,5021.06,5021.05,5021.06,45.168,1773533999999,226791.01786,104,23.146,116217.45476,0
1773534000000,5021.05,5021.34,5021.05,5021.33,52.655,1773534299999,264388.18772,318,34.455,173003.08114,0
1773534300000,5021.26,5021.52,5021.25,5021.51,47.036,1773534599999,236190.23003,220,28.457,142896.07050,0
1773534600000,5021.51,5021.52,5021.32,5021.38,40.856,1773534899999,205155.10858,175,25.978,130446.50548,0
1773534900000,5021.38,5021.38,5021.37,5021.37,37.382,1773535199999,187708.92557,208,7.223,36269.42774,0
1773535200000,5021.37,5021.38,5021.08,5021.08,81.889,1773535499999,411182.31261,206,3.593,18041.34276,0
1773535500000,5021.08,5021.21,5021.05,5021.20,65.479,1773535799999,328776.54872,185,29.224,146736.40828,0
1773535800000,5021.20,5021.26,5021.20,5021.26,76.397,1773536099999,383606.79714,155,58.183,292149.77924,0
1773536100000,5021.26,5021.26,5021.05,5021.05,51.222,1773536399999,257192.66322,186,11.514,57813.31764,0
1773536400000,5021.06,5021.06,5020.95,5020.96,45.793,1773536699999,229927.11491,183,16.850,84604.18054,0
1773536700000,5020.95,5020.96,5020.95,5020.96,15.294,1773536999999,76790.44769,57,3.839,19275.46544,0
1773537000000,5020.95,5020.96,5020.88,5020.91,72.152,1773537299999,362268.35793,192,25.205,126551.76770,0
1773537300000,5020.91,5020.92,5020.91,5020.91,13.584,1773537599999,68204.14640,79,10.496,52699.57632,0
1773537600000,5020.92,5020.92,5020.91,5020.92,44.448,1773537899999,223169.50002,158,9.234,46363.17528,0
1773537900000,5020.91,5020.92,5020.91,5020.92,16.577,1773538199999,83231.66400,60,3.893,19546.44156,0
1773538200000,5020.91,5020.92,5020.91,5020.91,23.987,1773538499999,120436.64502,88,7.685,38585.77020,0
1773538500000,5020.91,5020.92,5020.91,5020.92,17.111,1773538799999,85912.82412,76,3.311,16624.26612,0
1773538800000,5020.91,5020.92,5020.91,5020.92,34.420,1773539099999,172820.02899,216,30.679,154036.80468,0
1773539100000,5020.92,5021.17,5020.91,5021.14,59.226,1773539399999,297379.91976,225,50.969,255920.79057,0
1773539400000,5021.13,5021.27,5021.13,5021.24,57.696,1773539699999,289700.83983,225,43.344,217637.30830,0
1773539700000,5021.24,5021.38,5021.23,5021.38,34.665,1773539999999,174062.07773,142,31.206,156693.39326,0
1773540000000,5021.38,5021.87,5021.37,5021.75,87.662,1773540299999,440201.92217,382,44.079,221344.92629,0
1773540300000,5021.75,5021.75,5021.74,5021.75,35.173,1773540599999,176629.81089,126,14.987,75260.96725,0
1773540600000,5021.75,5021.75,5021.49,5021.62,114.151,1773540899999,573230.45118,479,25.524,128171.40577,0
1773540900000,5021.62,5021.62,5021.61,5021.61,33.667,1773541199999,169062.74125,372,19.738,99116.73556,0
1773541200000,5021.62,5021.62,5021.61,5021.61,26.573,1773541499999,133439.45524,442,21.271,106814.87902,0
1773541500000,5021.61,5021.95,5021.61,5021.94,49.107,1773541799999,246604.03774,337,46.215,232080.79582,0
1773541800000,5021.95,5021.95,5021.94,5021.95,19.329,1773542099999,97069.23904,173,16.078,80742.91210,0
1773542100000,5021.95,5022.25,5021.94,5022.24,29.478,1773542399999,148043.34352,304,22.023,110602.56016,0
1773542400000,5022.24,5022.60,5022.24,5022.53,42.322,1773542699999,212555.70285,320,34.379,172663.83774,0
1773542700000,5022.53,5022.54,5021.95,5022.52,176.710,1773542999999,887508.49443,475,106.477,534771.29225,0
1773543000000,5022.52,5023.27,5022.51,5023.23,151.212,1773543299999,759529.40344,620,117.450,589939.04481,0
1773543300000,5023.23,5023.50,5023.06,5023.41,129.210,1773543599999,649056.57016,470,67.879,340970.90766,0
1773543600000,5023.41,5023.45,5023.23,5023.44,66.556,1773543899999,334338.63981,290,34.801,174819.65252,0
1773543900000,5023.45,5023.45,5023.44,5023.44,29.117,1773544199999,146267.73605,194,23.357,117332.72165,0
1773544200000,5023.45,5023.46,5023.44,5023.45,16.961,1773544499999,85202.72825,242,14.443,72553.70336,0
1773544500000,5023.45,5023.83,5023.45,5023.83,43.128,1773544799999,216661.37941,298,40.304,202474.32989,0
1773544800000,5023.83,5023.95,5023.82,5023.95,61.862,1773545099999,310788.62555,234,53.331,267929.71247,0
1773545100000,5023.94,5023.95,5023.94,5023.95,40.107,1773545399999,201495.35185,228,19.027,95590.69665,0
1773545400000,5023.94,5024.56,5023.94,5024.32,113.412,1773545699999,569799.26823,373,73.936,371465.99248,0
1773545700000,5024.32,5024.32,5024.19,5024.20,42.620,1773545999999,214133.82059,212,16.019,80482.91732,0
1773546000000,5024.20,5024.20,5023.65,5023.65,61.278,1773546299999,307859.25655,215,11.891,59742.14408,0
1773546300000,5023.66,5023.66,5023.65,5023.66,35.762,1773546599999,179655.90494,145,13.364,67136.19224,0
1773546600000,5023.66,5023.66,5023.27,5023.45,70.102,1773546899999,352158.07472,222,15.878,79763.58873,0
1773546900000,5023.45,5023.45,5023.44,5023.45,23.765,1773547199999,119382.11429,163,6.269,31492.00805,0
1773547200000,5023.45,5023.45,5023.10,5023.34,55.418,1773547499999,278378.64203,238,12.154,61051.86481,0
1773547500000,5023.34,5023.35,5022.91,5022.91,50.734,1773547799999,254838.96907,242,12.416,62365.91044,0
1773547800000,5022.91,5022.92,5022.55,5022.56,23.356,1773548099999,117312.08294,167,10.052,50488.69948,0
1773548100000,5022.56,5022.56,5022.40,5022.40,25.158,1773548399999,126356.64095,140,14.087,70752.35412,0
1773548400000,5022.41,5022.41,5022.01,5022.02,56.369,1773548699999,283098.51823,201,5.958,29922.91008,0
1773548700000,5022.01,5022.03,5022.01,5022.02,130.048,1773548999999,653103.78718,171,71.112,357126.06523,0
1773549000000,5022.02,5022.03,5021.80,5022.02,69.661,1773549299999,349835.92014,409,13.701,68805.41423,0
1773549300000,5022.02,5022.02,5021.80,5021.80,26.083,1773549599999,130984.58555,239,3.739,18776.65388,0
1773549600000,5021.80,5022.04,5021.80,5022.03,45.629,1773549899999,229142.73575,224,35.576,178657.37055,0
1773549900000,5022.04,5022.04,5022.03,5022.03,9.859,1773550199999,49512.22752,158,3.375,16949.38500,0
1773550200000,5022.03,5022.04,5022.03,5022.04,21.318,1773550499999,107059.76163,147,12.609,63322.90236,0
1773550500000,5022.03,5022.04,5022.03,5022.03,10.469,1773550799999,52575.63800,130,0.593,2978.06972,0
1773550800000,5022.03,5022.04,5021.90,5021.90,22.371,1773551099999,112346.40601,172,4.340,21795.09350,0
1773551100000,5021.91,5021.91,5021.80,5021.81,13.439,1773551399999,67488.52514,219,8.192,41138.94772,0
1773551400000,5021.80,5021.81,5021.70,5021.70,30.418,1773551699999,152751.79601,210,1.659,8331.11029,0
1773551700000,5021.70,5021.71,5021.30,5021.56,61.789,1773551999999,310275.55516,329,30.757,154445.46915,0
1773552000000,5021.56,5021.63,5021.37,5021.62,60.435,1773552299999,303476.04150,277,52.005,261144.86190,0
1773552300000,5021.63,5021.63,5021.62,5021.62,44.699,1773552599999,224461.59238,132,20.000,100432.60000,0
1773552600000,5021.62,5021.63,5020.77,5021.15,270.081,1773552899999,1356149.74332,458,41.908,210422.01353,0
1773552900000,5021.14,5021.27,5020.88,5021.15,53.652,1773553199999,269394.68549,290,47.400,238002.54590,0
1773553200000,5021.14,5021.27,5021.14,5021.27,44.924,1773553499999,225570.80531,208,35.533,178416.98521,0
1773553500000,5021.26,5021.27,5021.14,5021.14,27.324,1773553799999,137198.76173,174,12.278,61650.33220,0
1773553800000,5021.14,5021.15,5020.88,5020.91,54.929,1773554099999,275799.19921,160,18.376,92265.07232,0
1773554100000,5020.90,5020.91,5020.85,5020.85,65.423,1773554399999,328479.66420,275,25.226,126656.25831,0
1773554400000,5020.85,5020.86,5020.80,5020.80,46.098,1773554699999,231449.87000,177,14.352,72058.96652,0
1773554700000,5020.80,5020.81,5020.80,5020.80,23.500,1773554999999,117988.95934,246,15.934,80001.58654,0
1773555000000,5020.80,5020.91,5020.80,5020.91,73.487,1773555299999,368966.67409,463,45.121,226545.56254,0
1773555300000,5020.90,5021.25,5020.90,5021.25,98.111,1773555599999,492623.50670,298,75.994,381571.81319,0
1773555600000,5021.24,5021.25,5021.24,5021.24,55.315,1773555899999,277750.20176,240,31.116,156241.21500,0
1773555900000,5021.24,5021.25,5021.24,5021.25,71.243,1773556199999,357728.48879,348,28.747,144345.87375,0
1773556200000,5021.25,5021.35,5021.11,5021.35,67.809,1773556499999,340484.53946,345,29.246,146850.78352,0
1773556500000,5021.34,5021.35,5021.11,5021.12,71.714,1773556799999,360088.44765,273,12.994,65246.73650,0
1773556800000,5021.11,5021.12,5021.11,5021.11,73.322,1773557099999,368158.06528,391,23.786,119432.36032,0
1773557100000,5021.11,5021.12,5021.09,5021.10,63.847,1773557399999,320582.16659,280,12.691,63722.81602,0
1773557400000,5021.09,5021.10,5021.05,5021.06,50.765,1773557699999,254894.57059,234,14.532,72966.19040,0
1773557700000,5021.05,5021.06,5021.05,5021.05,63.575,1773557999999,319213.52960,140,27.585,138505.94010,0
1773558000000,5021.05,5021.06,5021.05,5021.05,79.818,1773558299999,400770.52896,167,36.006,180788.28636,0
1773558300000,5021.05,5021.06,5021.05,5021.05,28.104,1773558599999,141111.66710,159,7.790,39114.05740,0
1773558600000,5021.05,5021.06,5021.05,5021.06,23.353,1773558899999,117256.60086,190,2.021,10147.56226,0
1773558900000,5021.05,5021.06,5021.03,5021.03,31.147,1773559199999,156390.79109,153,16.025,80462.48650,0
1773559200000,5021.03,5021.04,5021.03,5021.04,25.596,1773559499999,128518.41014,250,12.626,63395.65104,0
1773559500000,5021.03,5021.04,5020.79,5021.00,165.290,1773559799999,829921.34627,426,57.225,287328.72726,0
1773559800000,5021.01,5021.02,5021.00,5021.02,52.379,1773560099999,262995.54654,219,46.031,231122.23726,0
1773560100000,5021.02,5021.05,5021.01,5021.04,55.615,1773560399999,279244.99527,298,34.029,170860.87467,0
1773560400000,5021.04,5021.05,5020.79,5020.79,104.805,1773560699999,526228.89606,230,6.243,31345.84895,0
1773560700000,5020.79,5020.80,5020.79,5020.79,60.830,1773560999999,305415.01866,214,36.274,182124.49920,0
1773561000000,5020.79,5020.80,5020.62,5020.62,41.799,1773561299999,209863.01542,126,1.114,5593.05945,0
1773561300000,5020.62,5020.62,5020.12,5020.36,101.699,1773561599999,510563.17383,262,45.545,228648.34448,0
1773561600000,5020.35,5020.52,5020.35,5020.52,68.855,1773561899999,345683.48311,229,31.173,156501.97634,0
1773561900000,5020.52,5020.52,5020.41,5020.42,69.383,1773562199999,348337.73657,353,50.989,255990.82698,0
1773562200000,5020.42,5020.90,5020.41,5020.89,109.857,1773562499999,551562.06862,288,76.132,382238.92937,0
1773562500000,5020.90,5021.03,5020.52,5021.03,82.382,1773562799999,413631.90281,262,66.394,333360.17646,0
1773562800000,5021.03,5021.27,5021.02,5021.13,98.272,1773563099999,493439.89603,176,33.205,166726.18802,0
1773563100000,5021.12,5021.15,5021.12,5021.15,138.718,1773563399999,696521.06447,357,90.916,456501.34347,0
1773563400000,5021.15,5021.15,5021.13,5021.13,72.659,1773563699999,364830.91685,282,43.962,220739.50128,0
1773563700000,5021.14,5021.16,5021.13,5021.15,53.197,1773563999999,267109.36086,198,24.586,123449.79219,0
1773564000000,5021.16,5021.16,5020.74,5020.75,158.423,1773564299999,795434.62503,227,19.739,99107.57550,0
1773564300000,5020.76,5020.76,5020.13,5020.14,116.401,1773564599999,584390.70488,354,25.946,130265.26922,0
1773564600000,5020.13,5020.14,5020.00,5020.01,186.917,1773564899999,938325.33134,328,64.786,325226.36963,0
1773564900000,5020.01,5020.01,5019.11,5019.14,78.109,1773565199999,392087.48832,300,15.623,78427.28350,0
1773565200000,5019.14,5019.14,5018.12,5018.12,253.818,1773565499999,1273854.59297,387,40.086,201168.09826,0
1773565500000,5018.13,5018.13,5018.02,5018.02,64.665,1773565799999,324495.48302,199,23.241,116625.56625,0
1773565800000,5018.03,5018.03,5011.47,5011.66,912.589,1773566099999,4575835.85627,1843,128.006,641744.53773,0
1773566100000,5011.67,5014.77,5011.66,5014.51,846.516,1773566399999,4243432.36585,1289,572.295,2868761.51592,0
1773566400000,5014.52,5015.02,5014.52,5015.01,133.572,1773566699999,669863.63102,357,75.560,378932.87190,0
1773566700000,5015.02,5015.20,5015.00,5015.01,255.008,1773566999999,1278884.33386,318,155.426,779473.94569,0
1773567000000,5015.01,5015.01,5014.51,5014.51,99.117,1773567299999,497044.90730,248,36.008,180567.63261,0
1773567300000,5014.51,5014.71,5014.27,5014.27,89.294,1773567599999,447754.36921,243,55.498,278287.21037,0
1773567600000,5014.27,5014.28,5013.06,5013.30,232.996,1773567899999,1168111.24816,679,97.074,486668.62652,0
1773567900000,5013.30,5013.31,5012.77,5012.78,209.761,1773568199999,1051532.92460,508,84.736,424788.34861,0
1773568200000,5012.78,5012.78,5012.77,5012.78,216.783,1773568499999,1086684.65925,574,134.034,671882.95452,0
1773568500000,5012.77,5012.99,5012.77,5012.99,119.292,1773568799999,597991.09114,443,91.929,460824.63204,0
1773568800000,5012.99,5012.99,5012.27,5012.52,210.092,1773569099999,1053098.03410,542,107.641,539546.61590,0
1773569100000,5012.52,5013.52,5012.51,5013.50,385.153,1773569399999,1930761.99637,841,219.592,1100798.06471,0
1773569400000,5013.51,5014.19,5013.50,5014.19,218.590,1773569699999,1095962.16174,728,142.512,714525.02374,0
1773569700000,5014.19,5014.45,5014.15,5014.16,148.826,1773569999999,746257.69700,536,86.793,435205.01957,0
1773570000000,5014.16,5014.16,5013.78,5014.11,201.924,1773570299999,1012463.60551,452,64.989,325863.58184,0
1773570300000,5014.11,5014.11,5014.10,5014.10,102.848,1773570599999,515690.61238,449,45.558,228432.82338,0
1773570600000,5014.11,5014.23,5014.10,5014.23,157.086,1773570899999,787652.31783,523,117.337,588345.00605,0
1773570900000,5014.23,5014.77,5014.22,5014.77,146.737,1773571199999,735801.13008,575,110.410,553643.64261,0
1773571200000,5014.77,5015.70,5014.70,5015.69,129.755,1773571499999,650721.36524,368,120.174,602673.88176,0
1773571500000,5015.69,5015.77,5015.69,5015.77,63.075,1773571799999,316367.37920,161,54.275,272228.88885,0
1773571800000,5015.77,5015.77,5015.76,5015.76,44.473,1773572099999,223066.16969,105,27.521,138039.00617,0
1773572100000,5015.77,5016.02,5015.76,5016.02,53.276,1773572399999,267223.76465,175,44.330,222352.62317,0
1773572400000,5016.02,5016.11,5016.01,5016.10,59.519,1773572699999,298550.37421,173,54.798,274869.64673,0
1773572700000,5016.11,5016.52,5016.10,5016.51,93.397,1773572999999,468501.85851,251,32.526,163159.18845,0
1773573000000,5016.52,5017.27,5016.51,5017.27,114.508,1773573299999,574452.40703,293,86.456,433726.73773,0
1773573300000,5017.26,5018.02,5017.26,5018.01,99.353,1773573599999,498522.70544,261,48.675,244233.26432,0
1773573600000,5018.01,5018.23,5018.01,5018.23,69.333,1773573899999,347918.04851,232,57.254,287305.24933,0
1773573900000,5018.22,5018.23,5018.22,5018.23,26.973,1773574199999,135356.60308,273,15.502,77792.60146,0
1773574200000,5018.23,5018.48,5018.22,5018.48,42.704,1773574499999,214300.25568,312,30.226,151682.39181,0
1773574500000,5018.48,5019.08,5018.47,5019.08,223.831,1773574799999,1123382.85958,411,204.623,1026980.48070,0
1773574800000,5019.08,5019.08,5017.00,5017.01,232.282,1773575099999,1165596.58293,702,13.962,70065.03199,0
1773575100000,5017.01,5017.28,5016.77,5016.77,206.812,1773575399999,1037603.94089,439,40.715,204269.00475,0
1773575400000,5016.78,5016.78,5016.11,5016.77,102.022,1773575699999,511809.53472,351,46.745,234503.60169,0
1773575700000,5016.77,5016.78,5016.76,5016.78,61.245,1773575999999,307252.41611,115,39.779,199562.44010,0
1773576000000,5016.77,5016.78,5016.77,5016.77,80.624,1773576299999,404472.61862,289,55.414,277999.84692,0
1773576300000,5016.78,5016.78,5015.87,5015.87,110.217,1773576599999,552880.36771,406,26.414,132498.39503,0
1773576600000,5015.88,5015.88,5015.50,5015.50,62.458,1773576899999,313265.71045,298,13.025,65327.98695,0
1773576900000,5015.50,5015.51,5015.19,5015.20,40.068,1773577199999,200949.30941,186,17.546,87996.70540,0
1773577200000,5015.19,5015.20,5015.19,5015.19,40.891,1773577499999,205076.29211,226,15.782,79149.88640,0
1773577500000,5015.20,5015.35,5015.19,5015.34,49.829,1773577799999,249905.71483,138,36.079,180945.14953,0
1773577800000,5015.35,5015.40,5015.34,5015.40,42.510,1773578099999,213203.63889,164,28.120,141032.59729,0
1773578100000,5015.40,5015.40,5015.39,5015.40,42.865,1773578399999,214984.90166,219,20.931,104977.33740,0
1773578400000,5015.40,5015.42,5015.39,5015.42,42.446,1773578699999,212883.95762,234,38.010,190635.60406,0
1773578700000,5015.41,5015.42,5014.67,5014.71,271.638,1773578999999,1362213.70445,977,120.506,604302.00503,0
1773579000000,5014.70,5014.71,5014.70,5014.70,84.490,1773579299999,423692.39807,336,39.507,198116.14797,0
1773579300000,5014.70,5014.71,5014.70,5014.71,37.965,1773579599999,190383.35583,148,27.033,135562.65543,0
1773579600000,5014.71,5014.71,5013.33,5013.35,473.516,1773579899999,2374227.63145,644,57.506,288337.60539,0
1773579900000,5013.35,5013.35,5012.72,5012.73,158.015,1773580199999,792146.23531,376,55.997,280722.23715,0
1773580200000,5012.72,5012.73,5011.34,5011.91,252.657,1773580499999,1266352.07863,517,96.326,482807.56479,0
1773580500000,5011.92,5012.50,5011.91,5012.50,167.380,1773580799999,838933.41279,400,124.597,624495.76275,0
1773580800000,5012.50,5013.22,5012.49,5013.22,210.590,1773581099999,1055662.72313,271,179.278,898697.21993,0
1773581100000,5013.23,5014.61,5013.23,5014.30,104.932,1773581399999,526153.67579,297,44.636,223801.72654,0
1773581400000,5014.31,5014.99,5013.87,5013.88,283.617,1773581699999,1422117.56822,358,46.022,230763.68219,0
1773581700000,5013.87,5014.35,5013.87,5013.88,57.682,1773581999999,289217.32541,291,20.363,102100.14133,0
1773582000000,5013.87,5013.90,5013.33,5013.33,62.488,1773582299999,313300.64919,227,17.319,86834.74201,0
1773582300000,5013.33,5013.50,5013.33,5013.50,45.392,1773582599999,227568.47995,214,19.652,98523.58559,0
1773582600000,5013.49,5013.80,5013.25,5013.79,78.847,1773582899999,395298.17911,261,59.727,299440.39506,0
1773582900000,5013.79,5013.80,5013.47,5013.80,50.495,1773583199999,253165.22122,267,28.063,140697.89961,0
1773583200000,5013.79,5014.35,5013.79,5014.35,79.405,1773583499999,398146.49271,287,66.565,333763.67242,0
1773583500000,5014.35,5014.74,5014.34,5014.35,31.089,1773583799999,155892.56551,186,21.966,110146.12692,0
1773583800000,5014.36,5014.75,5014.35,5014.75,28.471,1773584099999,142765.23985,196,20.747,104034.11148,0
1773584100000,5014.75,5015.26,5014.74,5015.26,73.854,1773584399999,370390.30133,239,52.087,261224.24024,0
1773584400000,5015.26,5015.40,5015.01,5015.40,81.551,1773584699999,409002.29244,266,59.095,296380.84746,0
1773584700000,5015.39,5015.40,5015.39,5015.40,31.042,1773584999999,155687.94461,187,20.823,104435.67420,0
1773585000000,5015.39,5015.40,5015.39,5015.40,33.658,1773585299999,168808.24705,179,25.043,125600.66220,0
1773585300000,5015.39,5015.40,5014.76,5015.00,142.283,1773585599999,713557.45694,460,67.208,337037.04401,0
1773585600000,5014.99,5015.15,5014.99,5015.00,83.458,1773585899999,418543.02696,305,69.252,347298.99154,0
1773585900000,5015.00,5015.01,5014.99,5015.00,53.981,1773586199999,270714.75516,281,38.685,194005.36532,0
1773586200000,5015.00,5015.01,5014.90,5014.90,60.583,1773586499999,303822.51423,279,29.967,150284.38647,0
1773586500000,5014.90,5014.91,5013.50,5013.50,153.908,1773586799999,771711.30111,625,31.726,159069.40594,0
1773586800000,5013.47,5013.48,5011.88,5011.89,209.031,1773587099999,1047712.24803,590,19.711,98802.53340,0
1773587100000,5011.88,5012.35,5011.88,5012.34,110.853,1773587399999,555607.00901,387,60.231,301880.90972,0
1773587400000,5012.34,5012.60,5012.34,5012.60,55.870,1773587699999,280041.96073,236,37.886,189899.29032,0
1773587700000,5012.60,5013.00,5012.59,5012.76,51.080,1773587999999,256054.57607,232,24.603,123328.93554,0
1773588000000,5012.77,5012.77,5012.76,5012.76,63.317,1773588299999,317393.06427,157,13.935,69852.94995,0
1773588300000,5012.76,5012.77,5012.69,5012.69,172.248,1773588599999,863435.61042,389,48.640,243820.41824,0
1773588600000,5012.70,5012.90,5011.89,5012.90,249.180,1773588899999,1248990.51989,534,69.647,349100.82411,0
1773588900000,5012.90,5013.71,5012.90,5013.70,125.048,1773589199999,626928.22874,468,89.133,446863.88644,0
1773589200000,5013.71,5013.72,5012.22,5012.31,219.919,1773589499999,1102522.26337,790,77.662,389356.45765,0
1773589500000,5012.31,5012.31,5012.02,5012.31,310.220,1773589799999,1554872.56112,674,131.086,657019.30339,0
1773589800000,5012.30,5012.92,5011.45,5012.92,326.291,1773590099999,1635376.88988,696,144.377,723625.73825,0
1773590100000,5012.92,5012.93,5012.25,5012.25,233.016,1773590399999,1168058.92751,601,116.806,585523.87816,0
1773590400000,5012.24,5012.25,5010.05,5010.05,352.145,1773590699999,1764734.48300,891,70.633,353974.21345,0
1773590700000,5010.05,5010.06,5008.57,5008.57,358.178,1773590999999,1794315.98801,912,83.180,416698.21387,0
1773591000000,5008.57,5008.58,5007.00,5007.01,442.987,1773591299999,2218307.88196,906,96.461,483022.47645,0
1773591300000,5007.00,5007.01,5005.72,5005.73,429.675,1773591599999,2151096.88600,1109,127.873,640166.39661,0
1773591600000,5005.73,5005.80,5004.26,5004.31,446.516,1773591899999,2234954.04608,1220,189.659,949315.16248,0
1773591900000,5004.27,5004.80,5003.00,5003.44,384.377,1773592199999,1923378.12656,1161,127.228,636630.19889,0
1773592200000,5003.45,5006.30,5003.44,5006.30,469.781,1773592499999,2351180.95896,1044,361.089,1807163.69311,0
1773592500000,5006.30,5007.33,5006.30,5006.79,278.828,1773592799999,1396077.26192,715,152.093,761519.38827,0
1773592800000,5006.80,5007.15,5006.66,5006.75,215.992,1773593099999,1081446.33975,488,102.584,513626.66502,0
1773593100000,5006.75,5006.76,5006.15,5006.15,189.600,1773593399999,949241.66730,526,81.072,405889.80069,0
1773593400000,5006.16,5006.25,5001.62,5001.62,410.901,1773593699999,2055986.00652,1384,68.643,343497.68871,0
1773593700000,5001.62,5003.50,5001.49,5003.06,466.555,1773593999999,2333800.93939,957,200.273,1001833.74340,0
1773594000000,5003.07,5004.98,5003.00,5004.98,245.203,1773594299999,1227045.17846,770,175.724,879344.82192,0
1773594300000,5004.98,5004.98,5004.00,5004.22,176.076,1773594599999,881184.29435,425,84.412,422441.22020,0
1773594600000,5004.22,5004.45,5002.16,5002.67,155.342,1773594899999,777227.93247,656,56.074,280554.57400,0
1773594900000,5002.68,5002.79,5001.90,5002.45,200.561,1773595199999,1003251.59311,727,75.764,378987.82163,0
1773595200000,5002.44,5006.97,5002.44,5006.26,311.930,1773595499999,1561303.58674,1002,235.772,1180068.45409,0
1773595500000,5006.27,5006.71,5006.20,5006.21,152.750,1773595799999,764718.04142,421,96.775,484484.85434,0
1773595800000,5006.21,5006.60,5005.75,5005.93,114.037,1773596099999,570889.70096,491,30.645,153409.88874,0
1773596100000,5005.93,5007.40,5005.65,5005.66,144.359,1773596399999,722747.75650,638,71.162,356280.89562,0
1773596400000,5005.67,5005.67,5005.15,5005.32,72.128,1773596699999,361018.77894,274,24.622,123240.11036,0
1773596700000,5005.33,5005.50,5005.00,5005.49,103.284,1773596999999,516952.89663,284,57.230,286443.72917,0
1773597000000,5005.50,5007.40,5005.00,5007.21,131.314,1773597299999,657373.83742,555,84.954,425297.39618,0
1773597300000,5007.21,5007.33,5006.10,5006.15,132.300,1773597599999,662364.92731,481,42.052,210532.72049,0
1773597600000,5006.14,5006.40,5005.68,5005.81,148.802,1773597899999,744896.86581,485,66.457,332675.65244,0
1773597900000,5005.81,5005.91,5005.68,5005.69,67.023,1773598199999,335500.54245,306,16.445,82319.71320,0
1773598200000,5005.69,5006.51,5005.69,5005.70,178.409,1773598499999,893104.03083,481,79.421,397576.49228,0
1773598500000,5005.70,5007.04,5005.70,5007.03,119.543,1773598799999,598450.91151,415,39.152,196006.84900,0
1773598800000,5007.03,5007.35,5007.03,5007.35,89.630,1773599099999,448792.57015,355,48.862,244658.37546,0
1773599100000,5007.35,5007.39,5007.34,5007.36,135.856,1773599399999,680279.89561,267,41.596,208286.09724,0
1773599400000,5007.35,5007.38,5007.20,5007.20,120.777,1773599699999,604769.70302,371,55.859,279704.90853,0
1773599700000,5007.21,5007.21,5005.75,5005.75,73.341,1773599999999,367188.78546,366,25.687,128603.37159,0
1773600000000,5005.74,5005.93,5005.73,5005.93,107.922,1773600299999,540245.50564,295,46.711,233830.47025,0
1773600300000,5005.93,5005.93,5004.90,5004.90,121.175,1773600599999,606526.82760,525,30.957,154949.49080,0
1773600600000,5004.90,5004.94,5003.61,5004.15,162.637,1773600899999,813885.99080,503,26.529,132762.19534,0
1773600900000,5004.16,5004.47,5003.63,5004.18,157.450,1773601199999,787910.38788,603,86.381,432270.45500,0
1773601200000,5004.18,5004.25,5003.80,5004.01,138.073,1773601499999,690931.97201,427,68.767,344118.69199,0
1773601500000,5004.01,5004.16,5003.56,5003.57,218.288,1773601799999,1092316.91785,413,38.088,190591.55676,0
1773601800000,5003.57,5003.82,5003.38,5003.61,117.107,1773602099999,585952.79152,474,31.542,157821.76688,0
1773602100000,5003.61,5003.61,5003.00,5003.00,101.121,1773602399999,505933.35998,335,11.580,57939.44952,0
1773602400000,5003.01,5003.35,5002.82,5003.34,154.584,1773602699999,773398.07210,425,40.259,201415.87044,0
1773602700000,5003.34,5003.82,5003.34,5003.71,135.837,1773602999999,679691.78528,405,61.068,305569.30731,0
1773603000000,5003.72,5003.72,5003.25,5003.25,108.864,1773603299999,544705.04536,365,35.226,176252.53676,0
1773603300000,5003.26,5003.26,5002.82,5003.00,124.421,1773603599999,622477.06369,419,47.545,237866.91751,0
1773603600000,5002.99,5003.20,5002.99,5003.20,91.767,1773603899999,459112.91274,346,25.004,125096.13397,0
1773603900000,5003.20,5003.85,5003.19,5003.85,156.296,1773604199999,782013.70150,797,88.323,441915.93392,0
1773604200000,5003.85,5007.28,5003.84,5007.27,562.394,1773604499999,2814982.69371,1260,318.032,1591971.46709,0
1773604500000,5007.28,5008.90,5007.27,5008.87,285.544,1773604799999,1429977.03647,599,188.707,945027.40453,0
1773604800000,5008.86,5008.86,4997.05,5000.00,2684.534,1773605099999,13428733.46403,4201,676.885,3385421.59921,0
1773605100000,4999.99,5000.15,4997.80,4997.81,372.793,1773605399999,1863553.74644,944,67.365,336775.15747,0
1773605400000,4997.81,4998.03,4997.80,4998.02,118.766,1773605699999,593582.55026,385,44.673,223272.17309,0
1773605700000,4998.03,5000.00,4998.00,4999.99,241.228,1773605999999,1205892.12134,760,104.230,521040.01316,0
1773606000000,5000.00,5002.00,4999.99,5002.00,84.010,1773606299999,420186.01739,467,41.940,209763.11055,0
1773606300000,5002.00,5002.00,5001.99,5002.00,29.466,1773606599999,147388.89818,146,26.084,130472.16800,0
1773606600000,5001.99,5003.00,5001.99,5002.97,96.348,1773606899999,482006.88340,372,75.008,375247.01593,0
1773606900000,5002.97,5003.73,5002.96,5003.65,91.429,1773607199999,457440.98362,337,59.621,298297.97735,0
1773607200000,5003.65,5004.09,5003.41,5003.43,130.674,1773607499999,653856.18241,394,45.907,229706.68379,0
1773607500000,5003.43,5004.30,5002.02,5002.59,150.621,1773607799999,753561.43737,557,24.408,122117.67554,0
1773607800000,5002.59,5003.84,5002.16,5003.45,120.384,1773608099999,602235.27859,472,83.009,415249.65941,0
1773608100000,5003.45,5004.18,5003.31,5003.60,55.266,1773608399999,276539.20097,347,32.765,163948.73264,0
1773608400000,5003.60,5004.02,5002.69,5004.02,63.040,1773608699999,315407.82372,325,40.209,201177.92808,0
1773608700000,5004.02,5004.02,5003.56,5003.57,67.321,1773608999999,336856.76346,327,32.788,164060.97168,0
1773609000000,5003.57,5005.35,5003.56,5003.58,114.921,1773609299999,575091.90139,659,66.225,331384.76274,0
1773609300000,5003.58,5003.72,5003.57,5003.58,13.012,1773609599999,65106.51269,108,4.035,20189.44530,0
1773609600000,5003.57,5004.73,5003.57,5004.73,53.046,1773609899999,265438.13499,224,51.537,257887.46023,0
1773609900000,5004.73,5006.39,5004.67,5006.38,155.762,1773610199999,779618.70366,482,113.022,565704.99763,0
1773610200000,5006.37,5008.07,5006.37,5008.07,115.593,1773610499999,578832.24093,382,96.080,481112.85671,0
1773610500000,5008.07,5009.98,5008.06,5009.97,303.933,1773610799999,1522566.67605,762,245.856,1231616.42688,0
1773610800000,5009.97,5012.52,5009.96,5012.52,262.146,1773611099999,1313706.89735,801,216.764,1086288.57789,0
1773611100000,5012.51,5012.99,5010.78,5010.84,255.936,1773611399999,1282840.81852,697,150.287,753307.28648,0
1773611400000,5010.85,5011.00,5008.80,5009.79,262.169,1773611699999,1313315.68732,876,97.969,490758.02533,0
1773611700000,5009.79,5009.79,5007.66,5008.73,287.614,1773611999999,1440522.65870,1004,71.425,357720.49361,0
1773612000000,5008.75,5020.00,4997.29,5015.26,10112.621,1773612299999,50677867.47327,13919,4599.237,23046447.04977,0
1773612300000,5015.27,5029.82,5015.16,5025.00,3979.651,1773612599999,19990926.27523,6823,2275.269,11429401.99045,0
1773612600000,5025.00,5026.11,5020.00,5023.21,1247.269,1773612899999,6265608.08368,3665,655.404,3292292.97773,0
1773612900000,5023.21,5023.33,5006.98,5008.70,1696.593,1773613199999,8506545.48214,4393,900.309,4513266.25557,0
1773613200000,5008.70,5014.89,5001.68,5010.73,2137.230,1773613499999,10702860.47997,5601,1229.218,6155540.56431,0
1773613500000,5010.73,5014.38,5009.29,5012.70,751.110,1773613799999,3764245.09880,2314,486.934,2440261.45221,0
1773613800000,5012.69,5017.86,5011.53,5016.22,824.518,1773614099999,4135107.15335,3147,389.138,1951514.26711,0
1773614100000,5016.22,5017.55,5012.66,5014.06,528.891,1773614399999,2652180.89355,1556,325.001,1629665.91287,0
1773614400000,5014.06,5014.94,5009.96,5012.01,568.022,1773614699999,2846955.08364,2222,362.383,1816208.86979,0
1773614700000,5012.01,5022.58,5011.52,5022.58,807.665,1773614999999,4053074.93432,2589,538.848,2704225.04821,0
1773615000000,5022.58,5025.33,5020.16,5023.33,766.728,1773615299999,3851097.48084,2006,387.499,1946381.97933,0
1773615300000,5023.33,5027.68,5023.33,5026.76,665.771,1773615599999,3346140.90551,1581,260.831,1310960.67304,0
1773615600000,5026.76,5028.24,5008.68,5008.68,1289.699,1773615899999,6472000.29937,4032,594.697,2984028.00267,0
1773615900000,5008.65,5014.17,5004.48,5010.21,2076.248,1773616199999,10400436.10168,4699,1232.806,6175271.21541,0
1773616200000,5010.21,5011.91,5007.50,5009.50,903.292,1773616499999,4525026.16149,2458,576.448,2887600.16650,0
1773616500000,5009.50,5010.43,5003.91,5003.91,949.472,1773616799999,4754235.43243,2570,520.247,2605116.26147,0
1773616800000,5004.00,5004.31,4966.22,4986.34,11300.599,1773617099999,56328908.52690,18658,4861.304,24228802.07976,0
1773617100000,4986.35,4991.77,4983.53,4990.93,1299.907,1773617399999,6483678.13190,4712,712.667,3554609.36973,0
1773617400000,4990.93,4993.40,4981.60,4983.95,1033.046,1773617699999,5153829.99460,3652,526.999,2629086.32616,0
1773617700000,4983.94,4990.00,4982.76,4987.60,763.224,1773617999999,3805536.97761,3226,397.432,1981528.95103,0
1773618000000,4987.58,4988.33,4981.61,4985.61,807.536,1773618299999,4025560.56215,2917,440.405,2195435.75809,0
1773618300000,4985.61,4986.00,4973.68,4976.20,1268.181,1773618599999,6314082.29613,4575,592.153,2948128.69226,0
1773618600000,4976.20,4988.10,4976.20,4986.96,1018.021,1773618899999,5070861.90328,4221,636.982,3172705.81082,0
1773618900000,4986.96,4998.99,4986.80,4998.21,1510.628,1773619199999,7544444.24548,4590,799.753,3994054.01519,0
1773619200000,4998.20,5022.38,4995.86,5021.25,4138.596,1773619499999,20743843.66182,8951,1914.585,9595995.44253,0
1773619500000,5021.45,5027.39,5019.31,5019.50,2773.119,1773619799999,13929468.10020,5890,941.544,4729409.18002,0
1773619800000,5019.50,5024.94,5017.10,5021.65,1437.235,1773620099999,7215922.48998,3625,641.118,3218728.98319,0
1773620100000,5021.65,5023.05,5015.11,5018.81,1041.250,1773620399999,5226152.63230,3203,550.448,2762580.76802,0
1773620400000,5018.64,5021.35,5017.41,5021.35,538.010,1773620699999,2700384.18555,1918,237.801,1193531.02234,0
1773620700000,5021.36,5021.73,5015.00,5016.69,642.429,1773620999999,3224226.36904,2238,259.913,1304353.02221,0
1773621000000,5016.70,5029.94,5015.03,5029.76,1263.316,1773621299999,6346630.85238,3827,594.466,2986169.82679,0
1773621300000,5029.77,5029.93,5022.51,5025.63,817.415,1773621599999,4107932.01336,2526,371.602,1867245.25097,0
1773621600000,5025.64,5027.53,5022.94,5027.01,564.056,1773621899999,2834892.96887,2093,267.547,1344641.87319,0
1773621900000,5027.01,5029.50,5025.74,5027.15,585.194,1773622199999,2942126.93079,2291,270.437,1359661.60926,0
1773622200000,5027.14,5027.15,5016.75,5022.16,917.099,1773622499999,4604586.17654,3211,458.658,2302706.98214,0
1773622500000,5022.15,5027.92,5020.86,5025.97,663.341,1773622799999,3332654.16225,2736,319.614,1605594.16471,0
1773622800000,5026.05,5026.76,5012.64,5017.10,2089.583,1773623099999,10489375.61356,7760,1027.980,5160301.87950,0
1773623100000,5017.17,5022.41,5013.15,5015.00,1423.619,1773623399999,7144167.38838,5271,784.477,3936610.52482,0
1773623400000,5014.98,5018.78,4988.51,4988.62,2711.537,1773623699999,13562541.06966,8320,1149.312,5748223.62953,0
1773623700000,4988.55,5006.14,4985.14,5002.40,2931.093,1773623999999,14644543.86526,8647,1739.317,8690318.99236,0
1773624000000,5002.40,5006.75,4993.53,4997.39,1497.543,1773624299999,7486632.74843,4654,674.991,3374871.05823,0
1773624300000,4997.40,4999.30,4989.10,4990.25,1348.064,1773624599999,6732611.30004,4819,753.128,3761243.85293,0
1773624600000,4990.25,4993.10,4984.74,4990.30,1388.204,1773624899999,6925698.99320,5052,684.010,3412596.23948,0
1773624900000,4990.31,4998.48,4987.31,4997.25,1318.172,1773625199999,6584236.13744,5115,775.032,3871274.72671,0
1773625200000,4997.24,5004.91,4996.90,5004.81,734.674,1773625499999,3673881.61499,3123,344.757,1724163.93864,0
1773625500000,5004.82,5009.57,5003.83,5004.01,979.678,1773625799999,4905406.11597,3240,480.182,2404366.50234,0
1773625800000,5004.01,5010.10,5003.34,5009.69,484.182,1773626099999,2424137.65323,2521,259.003,1296674.29535,0
1773626100000,5009.69,5015.79,5009.68,5015.69,954.865,1773626399999,4787441.54933,2818,473.890,2375896.40636,0
1773626400000,5015.78,5017.89,5011.68,5013.57,850.231,1773626699999,4263951.48552,2529,285.818,1433420.87175,0
1773626700000,5013.58,5015.53,5009.86,5013.24,674.719,1773626999999,3382294.43756,2258,230.225,1154006.17510,0
1773627000000,5013.24,5014.13,5010.07,5014.13,393.025,1773627299999,1969813.95691,1790,191.745,961028.84469,0
1773627300000,5014.12,5017.00,5012.40,5016.79,511.542,1773627599999,2565529.98862,1864,349.126,1751003.19212,0
1773627600000,5016.99,5019.25,5012.18,5012.28,728.319,1773627899999,3653347.93709,2291,332.654,1668811.41455,0
1773627900000,5012.28,5013.59,5009.61,5013.05,626.836,1773628199999,3141474.80306,2409,226.215,1133718.23842,0
1773628200000,5012.95,5013.99,5006.09,5008.59,735.440,1773628499999,3683450.37148,3043,392.930,1967975.15470,0
1773628500000,5008.59,5009.52,5003.08,5003.69,571.742,1773628799999,2861868.80020,2559,232.787,1165133.88596,0
1773628800000,5003.70,5007.69,5003.21,5006.30,397.148,1773629099999,1987973.16699,2230,194.649,974281.92238,0
1773629100000,5006.21,5007.96,4998.00,5000.71,692.345,1773629399999,3463307.23470,2929,279.085,1396065.22188,0
1773629400000,5000.71,5002.91,4999.80,5002.45,523.969,1773629699999,2620384.45343,2196,307.322,1536947.14352,0
1773629700000,5002.46,5006.63,5002.40,5004.30,501.664,1773629999999,2510597.03593,1814,297.127,1486961.23818,0
1773630000000,5004.30,5006.05,5001.46,5003.76,809.510,1773630299999,4050920.82780,2434,520.973,2607087.36082,0
1773630300000,5003.82,5006.65,5002.36,5004.12,396.696,1773630599999,1985384.83021,1704,272.114,1361872.41555,0
1773630600000,5004.10,5007.31,4999.43,5000.71,488.914,1773630899999,2446174.50937,2000,218.936,1095500.29373,0
1773630900000,5000.62,5002.60,5000.40,5002.02,482.392,1773631199999,2412534.49138,1610,315.361,1577131.32442,0
1773631200000,5002.02,5006.09,5001.52,5005.65,422.969,1773631499999,2116701.48206,1745,233.673,1169360.03536,0
1773631500000,5005.65,5012.79,5005.64,5012.40,794.909,1773631799999,3982374.10230,2137,526.257,2636486.52316,0
1773631800000,5012.39,5016.09,5012.21,5014.88,857.376,1773632099999,4298820.62167,1859,525.205,2633378.02087,0
1773632100000,5014.89,5015.23,5012.19,5014.00,369.333,1773632399999,1851819.13238,1386,115.184,577513.73862,0
1773632400000,5014.00,5017.95,5012.02,5017.94,685.182,1773632699999,3435419.51001,1651,344.907,1729416.50745,0
1773632700000,5017.94,5019.41,5016.05,5018.97,614.470,1773632999999,3083567.12619,1552,264.184,1325692.13307,0
1773633000000,5018.97,5019.75,5017.14,5019.59,181.264,1773633299999,909698.33366,870,79.429,398636.48579,0
1773633300000,5019.58,5020.39,5018.21,5018.90,345.700,1773633599999,1735244.17596,1162,199.017,999010.64650,0
1773633600000,5018.90,5025.00,5018.87,5022.92,844.352,1773633899999,4241051.39414,1940,306.686,1540440.42746,0
1773633900000,5022.92,5022.92,5019.72,5022.54,335.876,1773634199999,1686564.26598,1137,99.900,501613.87441,0
1773634200000,5022.54,5024.32,5022.10,5023.46,381.596,1773634499999,1916825.01950,1292,192.243,965655.90068,0
1773634500000,5023.45,5025.00,5022.70,5023.10,381.888,1773634799999,1918672.65846,969,151.690,762101.59347,0
1773634800000,5023.10,5024.89,5020.45,5020.45,494.686,1773635099999,2484710.93722,1155,126.280,634234.44368,0
1773635100000,5020.45,5022.46,5019.20,5020.34,494.235,1773635399999,2481466.06281,1057,180.048,904033.23083,0
1773635400000,5020.34,5023.24,5018.30,5021.55,776.449,1773635699999,3898444.34354,1920,264.513,1328095.58006,0
1773635700000,5021.55,5021.55,5017.46,5017.90,264.942,1773635999999,1329706.92765,1066,103.578,519843.34392,0
1773636000000,5017.91,5017.91,5013.69,5015.55,466.224,1773636299999,2338379.88705,1364,120.939,606539.32887,0
1773636300000,5015.54,5015.58,5013.50,5013.50,143.582,1773636599999,720036.64916,516,81.171,407070.14379,0
1773636600000,5013.50,5014.91,5012.96,5013.84,434.220,1773636899999,2177096.31290,857,235.619,1181353.19893,0
1773636900000,5013.85,5013.85,5011.41,5012.35,294.947,1773637199999,1478548.80429,851,76.144,381655.82341,0
1773637200000,5012.35,5014.99,5012.05,5013.36,239.134,1773637499999,1198962.08223,1041,156.903,786678.12444,0
1773637500000,5013.36,5014.95,5011.53,5012.64,266.083,1773637799999,1333919.13783,913,136.339,683463.96651,0
1773637800000,5012.65,5014.16,5011.75,5012.01,289.925,1773638099999,1453414.56361,855,112.719,565083.22731,0
1773638100000,5012.10,5012.41,5007.91,5009.99,634.969,1773638399999,3180994.81427,1693,242.121,1212881.67377,0
1773638400000,5009.99,5012.28,5008.89,5012.00,309.225,1773638699999,1549523.80570,1171,205.039,1027455.03541,0
1773638700000,5012.00,5012.90,5009.39,5010.95,439.380,1773638999999,2201636.10868,1150,335.322,1680183.67202,0
1773639000000,5010.94,5010.94,5004.23,5004.32,807.689,1773639299999,4043807.22794,2575,406.001,2032669.45866,0
1773639300000,5004.32,5011.71,5003.44,5011.71,561.075,1773639599999,2808951.20772,2262,308.183,1542851.71366,0
1773639600000,5011.72,5016.99,5010.91,5015.71,515.073,1773639899999,2583184.48023,2109,300.354,1506318.44723,0
1773639900000,5015.71,5016.91,5015.30,5015.31,283.336,1773640199999,1421184.49741,1025,133.216,668198.77693,0
1773640200000,5015.30,5018.75,5014.77,5018.56,406.270,1773640499999,2038057.65665,1435,224.252,1124985.47489,0
1773640500000,5018.58,5018.84,5015.60,5016.75,317.671,1773640799999,1593700.38627,1218,125.529,629759.45781,0
1773640800000,5016.75,5019.03,5012.92,5016.15,708.419,1773641099999,3553478.05785,2141,464.415,2329703.67239,0
1773641100000,5016.15,5021.37,5015.53,5021.15,513.691,1773641399999,2577971.50266,1884,310.466,1558162.91447,0
1773641400000,5021.11,5026.78,5020.40,5026.51,941.113,1773641699999,4727672.61359,2355,527.034,2647653.82357,0
1773641700000,5026.51,5036.62,5025.60,5033.89,2079.795,1773641999999,10465084.03824,4872,1110.350,5586843.95482,0
1773642000000,5033.89,5034.38,5027.05,5027.22,682.633,1773642299999,3433429.36188,2289,272.594,1370956.54715,0
1773642300000,5027.21,5028.78,5024.90,5026.61,689.142,1773642599999,3464121.44521,1665,221.535,1113538.19092,0
1773642600000,5026.61,5028.37,5025.05,5025.13,492.351,1773642899999,2474976.52714,1523,181.848,914128.19040,0
1773642900000,5025.02,5025.88,5023.35,5025.28,420.117,1773643199999,2110822.59940,1791,204.739,1028696.52778,0
1773643200000,5025.28,5025.28,5021.25,5022.63,670.635,1773643499999,3368936.46011,1928,319.409,1604514.77198,0
1773643500000,5022.56,5022.72,5009.49,5013.11,1782.469,1773643799999,8937722.51506,4174,894.728,4485690.25828,0
1773643800000,5013.15,5014.42,5006.72,5010.85,1488.502,1773644099999,7456905.83847,4105,919.102,4604372.74122,0
1773644100000,5010.85,5015.99,5010.55,5013.40,841.954,1773644399999,4221282.21864,2214,443.638,2224139.04480,0
1773644400000,5013.40,5016.55,5011.30,5016.41,368.116,1773644699999,1845942.52788,1745,195.430,980013.77175,0
1773644700000,5016.41,5016.90,5011.31,5016.25,761.039,1773644999999,3816193.36230,2070,339.673,1703091.98891,0
1773645000000,5016.26,5016.26,5010.42,5010.60,595.769,1773645299999,2986620.81234,1902,214.165,1073571.42902,0
1773645300000,5010.60,5010.61,5003.08,5008.36,1597.567,1773645599999,7999140.85977,4468,795.616,3983492.57333,0
1773645600000,5008.36,5009.21,5003.65,5004.50,1267.715,1773645899999,6346278.71100,3589,704.315,3525836.61615,0
1773645900000,5004.51,5007.16,4999.50,5003.64,1236.138,1773646199999,6184583.30216,3370,510.280,2553022.82451,0
1773646200000,5003.65,5007.70,5003.65,5005.50,349.201,1773646499999,1747957.92199,1696,165.836,830077.40887,0
1773646500000,5005.45,5005.94,4992.00,4998.28,2093.134,1773646799999,10461838.96566,5840,880.288,4399825.57044,0
1773646800000,4998.28,4998.28,4993.36,4993.95,827.868,1773647099999,4135762.54949,2390,252.788,1262900.82082,0
1773647100000,4993.94,5000.97,4993.85,4997.23,544.857,1773647399999,2723481.06103,1992,325.261,1625797.24966,0
1773647400000,4997.23,5000.29,4995.24,4995.24,829.010,1773647699999,4143112.37231,1902,391.152,1954901.01812,0
1773647700000,4995.25,4999.36,4995.24,4997.03,732.582,1773647999999,3660360.37331,2098,474.630,2371403.45148,0
1773648000000,4997.00,5000.69,4994.42,4998.80,1274.321,1773648299999,6369754.96288,2954,315.342,1576051.24415,0
1773648300000,4998.81,5000.69,4995.73,4998.30,780.638,1773648599999,3901242.95213,2552,462.168,2309635.98120,0
1773648600000,4998.24,5001.99,4990.50,4990.60,1146.553,1773648899999,5728055.33182,3602,540.807,2702307.52782,0
1773648900000,4990.61,4995.15,4989.28,4992.85,1138.587,1773649199999,5684362.20014,3037,650.599,3248082.33373,0
1773649200000,4992.79,5003.79,4991.74,5002.65,711.855,1773649499999,3557664.45374,2481,376.085,1879472.68299,0
1773649500000,5002.65,5003.84,4996.31,4997.45,897.829,1773649799999,4489295.14964,3035,288.924,1444703.11845,0
1773649800000,4997.45,4998.99,4993.16,4994.05,792.547,1773650099999,3959340.71110,2541,304.654,1521893.10159,0
1773650100000,4994.05,4996.12,4987.32,4990.35,749.810,1773650399999,3742672.31192,2653,310.818,1551508.74241,0
1773650400000,4990.34,4991.90,4987.45,4988.85,1263.005,1773650699999,6301380.82304,3207,863.860,4309873.80568,0
1773650700000,4988.86,4994.00,4988.14,4993.55,965.816,1773650999999,4819879.48389,2434,566.606,2827516.56176,0
1773651000000,4993.55,4998.21,4992.69,4996.54,872.088,1773651299999,4356953.58180,2135,533.122,2663410.65111,0
1773651300000,4996.53,4996.53,4991.09,4992.24,397.847,1773651599999,1986594.32048,1675,172.913,863263.41727,0
1773651600000,4992.23,4992.35,4984.94,4987.68,1133.272,1773651899999,5652646.77963,3822,497.573,2481873.98524,0
1773651900000,4987.50,4987.58,4981.76,4986.06,1345.375,1773652199999,6706542.19667,3761,508.294,2533753.15448,0
1773652200000,4986.05,4988.70,4985.28,4987.70,1195.317,1773652499999,5960831.48133,3344,737.319,3676777.34236,0
1773652500000,4987.70,4989.00,4985.00,4988.20,628.419,1773652799999,3134117.18316,2083,263.933,1316324.28123,0
1773652800000,4988.20,4989.00,4986.82,4987.50,434.195,1773653099999,2165797.34060,1481,187.813,936805.95817,0
1773653100000,4987.48,4991.48,4985.50,4990.50,505.460,1773653399999,2522110.29660,1681,208.547,1040602.81257,0
1773653400000,4990.50,4991.98,4986.01,4989.45,554.849,1773653699999,2768337.72475,2160,200.787,1001773.67346,0
1773653700000,4989.41,4990.83,4985.00,4985.25,435.883,1773653999999,2173947.15494,1794,225.818,1126139.15140,0
1773654000000,4985.26,4988.08,4983.41,4983.83,612.937,1773654299999,3056111.13619,2127,296.171,1476712.84317,0
1773654300000,4983.83,4985.17,4975.15,4982.79,1884.681,1773654599999,9386155.25724,4664,1046.427,5211282.92801,0
1773654600000,4982.79,4986.43,4978.50,4978.55,736.420,1773654899999,3669507.48662,2537,390.351,1945088.94986,0
1773654900000,4978.51,4980.30,4973.43,4976.31,1261.797,1773655199999,6280541.49295,3134,479.143,2385194.40962,0
1773655200000,4976.30,4977.70,4971.81,4975.70,1344.842,1773655499999,6690134.91053,3772,582.705,2898889.82571,0
1773655500000,4975.71,4981.46,4975.05,4981.18,729.217,1773655799999,3629917.50979,2866,408.309,2032483.58403,0
1773655800000,4981.19,4981.19,4977.05,4978.27,643.334,1773656099999,3203342.71410,2340,302.055,1503955.78715,0
1773656100000,4978.26,4982.92,4978.05,4981.45,635.579,1773656399999,3165958.22362,2249,325.949,1623588.51328,0
1773656400000,4981.35,4987.00,4981.20,4986.25,732.663,1773656699999,3651331.77386,2249,475.186,2368180.91165,0
1773656700000,4986.25,4993.04,4986.10,4988.34,940.536,1773656999999,4693073.39734,2520,465.603,2323216.78707,0
1773657000000,4988.35,4989.69,4986.15,4987.81,1129.214,1773657299999,5632652.82679,2641,671.671,3350380.55066,0
1773657300000,4987.80,4989.00,4983.05,4983.55,469.860,1773657599999,2343012.52042,1825,181.220,903598.54286,0
1773657600000,4983.55,4986.80,4982.32,4986.79,555.036,1773657899999,2766385.64775,1679,236.777,1180139.56124,0
1773657900000,4986.79,4996.23,4985.61,4996.23,687.608,1773658199999,3432435.72835,2198,384.718,1920443.86777,0
1773658200000,4996.22,4999.75,4993.81,4996.63,1106.952,1773658499999,5531424.20345,2960,420.409,2100718.40508,0
1773658500000,4996.63,5000.50,4996.60,4999.81,796.546,1773658799999,3981782.59751,1974,448.482,2241988.04188,0
1773658800000,4999.82,5001.62,4996.54,4996.75,927.770,1773659099999,4637807.72189,2052,211.847,1059122.50643,0
1773659100000,4996.75,4999.75,4996.74,4999.51,464.771,1773659399999,2323016.97279,1734,192.665,962971.68650,0
1773659400000,4999.51,5006.98,4999.25,5003.22,1609.037,1773659699999,8052158.45682,3172,783.658,3921441.18228,0
1773659700000,5003.23,5013.80,5003.23,5013.29,978.250,1773659999999,4899869.02558,2658,601.395,3012143.75561,0
1773660000000,5013.29,5019.31,5012.03,5019.21,2300.888,1773660299999,11540504.82989,3518,1014.533,5088661.98343,0
1773660300000,5019.21,5022.99,5016.65,5018.46,1649.062,1773660599999,8277678.85263,3475,482.073,2420133.44816,0
1773660600000,5018.45,5018.89,5015.71,5017.48,881.068,1773660899999,4420473.68193,2297,293.980,1474933.00004,0
1773660900000,5017.48,5018.40,5015.01,5017.74,488.239,1773661199999,2449415.73192,1888,164.662,826045.79137,0
1773661200000,5017.74,5018.87,5013.69,5015.10,583.064,1773661499999,2924697.03479,2008,226.690,1137179.85570,0
1773661500000,5015.09,5017.44,5009.11,5010.25,976.795,1773661799999,4895559.38736,2362,172.564,865058.33140,0
1773661800000,5010.25,5010.43,4997.00,4999.35,1876.015,1773662099999,9387730.10414,3797,596.873,2985872.91900,0
1773662100000,4999.36,5000.41,4994.12,4997.69,1682.724,1773662399999,8409309.13537,3458,975.276,4873825.60287,0
1773662400000,4997.68,5002.63,4995.15,5001.36,1052.199,1773662699999,5260535.39985,3116,730.077,3649913.89755,0
1773662700000,5001.37,5005.33,4999.81,4999.81,621.147,1773662999999,3107493.51931,2118,359.219,1797048.81239,0
1773663000000,4999.81,5006.52,4999.81,5005.80,484.723,1773663299999,2424947.75405,1762,290.438,1453154.62171,0
1773663300000,5005.79,5013.59,5003.25,5013.35,879.928,1773663599999,4406018.95877,2534,498.851,2497877.39451,0
1773663600000,5013.36,5018.65,5012.44,5013.00,1330.142,1773663899999,6672056.53917,3107,607.283,3045934.37906,0
1773663900000,5013.01,5024.81,5012.92,5021.90,1381.033,1773664199999,6932330.55274,3642,694.524,3486301.40985,0
1773664200000,5021.99,5025.75,5018.50,5021.30,1122.216,1773664499999,5635853.79704,3644,517.848,2601002.58352,0
1773664500000,5021.30,5023.50,5018.12,5022.25,755.005,1773664799999,3790577.51213,2069,210.546,1057021.65296,0
1773664800000,5022.26,5023.52,5018.40,5020.75,605.698,1773665099999,3041151.26482,1926,173.944,873281.20659,0
1773665100000,5020.75,5020.75,5015.52,5016.69,1157.904,1773665399999,5810263.31523,2786,377.924,1896251.03864,0
1773665400000,5016.45,5018.31,5011.74,5017.57,1479.500,1773665699999,7419679.53930,3572,738.442,3703393.79877,0
1773665700000,5017.63,5020.19,5014.91,5018.87,342.259,1773665999999,1717453.96718,1530,150.094,753147.31608,0
1773666000000,5018.74,5020.53,5013.66,5014.32,842.865,1773666299999,4228244.17356,3279,432.564,2169838.72784,0
1773666300000,5014.35,5019.84,5014.35,5019.81,508.579,1773666599999,2551594.98008,1789,188.455,945466.81490,0
1773666600000,5019.80,5022.36,5018.81,5021.39,406.251,1773666899999,2039631.55430,1862,219.155,1100288.27444,0
1773666900000,5021.40,5028.67,5021.40,5025.63,1861.989,1773667199999,9358829.02726,4104,973.726,4893881.19128,0
1773667200000,5025.63,5027.13,5023.31,5025.79,420.593,1773667499999,2113414.42916,2201,233.090,1171230.07531,0
1773667500000,5025.79,5027.22,5018.29,5020.99,736.985,1773667799999,3701314.74308,2721,251.064,1260981.91381,0
1773667800000,5020.99,5029.97,5017.51,5028.22,1457.791,1773668099999,7322432.66419,4064,782.635,3931728.57812,0
1773668100000,5028.22,5033.93,5025.81,5026.81,1988.006,1773668399999,10000808.93288,5202,983.473,4947624.57219,0
1773668400000,5026.80,5031.90,5022.36,5029.98,1294.621,1773668699999,6507972.05824,4015,514.401,2585774.03621,0
1773668700000,5029.97,5031.99,5023.46,5027.40,904.293,1773668999999,4546641.44513,3635,414.870,2085850.13123,0
1773669000000,5027.41,5028.47,5024.00,5027.14,976.005,1773669299999,4905106.75297,2749,476.934,2396933.02490,0
1773669300000,5027.15,5029.08,5022.49,5028.48,827.849,1773669599999,4160586.41696,2793,430.292,2162612.91823,0
1773669600000,5028.48,5033.30,5026.20,5029.35,1033.996,1773669899999,5201303.74601,3299,490.451,2467080.30742,0
1773669900000,5029.31,5037.72,5028.60,5032.01,1338.106,1773670199999,6734855.88980,3789,720.224,3625258.32538,0
1773670200000,5031.96,5035.99,5026.86,5027.34,916.511,1773670499999,4611603.77547,3255,382.247,1923539.05711,0
1773670500000,5027.35,5028.93,5023.37,5023.37,822.386,1773670799999,4133502.00462,3239,361.011,1814599.87992,0
1773670800000,5023.37,5026.90,5018.32,5019.90,1127.121,1773671099999,5661192.78566,3209,524.412,2634207.10084,0
1773671100000,5019.89,5019.99,5014.41,5014.41,1512.730,1773671399999,7589608.58798,3666,548.051,2749692.46076,0
1773671400000,5014.41,5014.71,5007.11,5010.93,1532.084,1773671699999,7676842.45901,4217,737.769,3696740.16981,0
1773671700000,5010.83,5013.24,5006.11,5006.53,1420.473,1773671999999,7117685.30081,3120,819.561,4106458.68135,0
1773672000000,5006.53,5009.52,5000.88,5001.14,1757.972,1773672299999,8796584.69929,3888,1006.722,5037597.38632,0
1773672300000,5001.14,5002.22,4987.50,4999.57,2571.203,1773672599999,12845057.77441,6489,1387.943,6933872.78228,0
1773672600000,4999.55,4999.71,4991.83,4996.42,1655.597,1773672899999,8270933.15480,4673,1084.693,5418947.63168,0
1773672900000,4996.42,5001.71,4992.14,4996.80,1527.128,1773673199999,7631669.96601,4470,852.690,4261056.10463,0
1773673200000,4996.56,5002.48,4992.75,4998.50,1966.373,1773673499999,9826679.90507,4747,934.642,4671272.46666,0
1773673500000,4998.50,4999.03,4992.96,4997.48,771.814,1773673799999,3856245.99529,3203,364.229,1819818.63179,0
1773673800000,4997.47,4998.85,4991.36,4998.84,1162.326,1773674099999,5805233.62114,3080,728.495,3638358.96991,0
1773674100000,4998.84,5004.75,4998.33,5004.74,1527.643,1773674399999,7640363.66283,3259,870.275,4352659.61709,0
1773674400000,5004.74,5005.99,5000.84,5000.84,881.599,1773674699999,4410608.07564,2288,269.380,1347973.14257,0
1773674700000,5000.84,5000.84,4983.00,4991.70,2207.197,1773674999999,11017662.24474,5213,656.827,3278241.11869,0
1773675000000,4991.70,4994.76,4990.28,4994.63,923.210,1773675299999,4609365.81442,2535,535.237,2672223.94405,0
1773675300000,4994.63,5000.73,4994.63,4999.45,779.669,1773675599999,3896903.48609,2037,385.449,1926388.12315,0
1773675600000,4999.21,5002.10,4995.96,4995.97,584.866,1773675899999,2924023.61155,2056,235.917,1179497.62090,0
1773675900000,4996.00,4998.36,4993.01,4994.52,487.955,1773676199999,2437655.09327,2091,246.473,1231261.63186,0
1773676200000,4994.50,4994.50,4986.60,4988.75,1006.915,1773676499999,5024556.32022,2968,532.324,2656081.13928,0
1773676500000,4988.75,4990.68,4984.51,4987.46,941.076,1773676799999,4693675.89960,2720,640.314,3193587.74633,0
1773676800000,4987.45,4992.37,4986.34,4988.40,846.592,1773677099999,4224214.74762,2501,446.142,2225866.25547,0
1773677100000,4988.41,4996.95,4988.41,4993.31,666.223,1773677399999,3326741.64313,2260,310.604,1550920.93319,0
1773677400000,4993.22,4998.72,4993.21,4995.85,497.752,1773677699999,2487092.86723,1741,257.460,1286339.60930,0
1773677700000,4995.85,4997.43,4992.80,4993.00,401.582,1773677999999,2005682.59855,1621,199.228,994964.90540,0
1773678000000,4993.00,4993.46,4988.19,4988.20,542.908,1773678299999,2709202.60513,2071,291.941,1456879.30063,0
1773678300000,4988.20,4988.44,4979.00,4981.08,2022.807,1773678599999,10078776.84830,4245,881.209,4390676.47077,0
1773678600000,4981.08,4983.57,4976.52,4977.82,1709.079,1773678899999,8510830.30759,4081,1013.037,5044866.87863,0
1773678900000,4977.81,4985.70,4976.06,4985.48,1284.894,1773679199999,6400994.48257,3431,680.341,3388806.01913,0
1773679200000,4985.48,4990.89,4985.25,4988.30,845.552,1773679499999,4217626.73388,2277,554.653,2766546.90229,0
1773679500000,4988.31,4991.57,4984.28,4990.81,639.844,1773679799999,3191036.10262,2060,281.263,1402712.04002,0
1773679800000,4990.82,4993.66,4990.81,4992.62,510.070,1773680099999,2546478.08906,1566,224.946,1123014.11282,0
1773680100000,4992.62,4993.00,4989.31,4990.25,369.585,1773680399999,1844622.02549,1253,97.689,487534.30686,0
1773680400000,4990.26,4997.25,4990.26,4993.96,1112.776,1773680699999,5557326.63093,2970,613.835,3065484.70985,0
1773680700000,4993.95,4997.13,4993.95,4996.20,331.507,1773680999999,1656209.94841,1334,129.696,647953.16643,0
1773681000000,4996.19,5003.49,4996.19,5001.59,597.348,1773681299999,2987020.97669,2012,353.056,1765375.80061,0
1773681300000,5001.60,5002.35,4999.43,5000.29,682.465,1773681599999,3412904.85139,1952,233.281,1166552.11418,0
1773681600000,5000.29,5000.69,4996.42,4996.92,352.515,1773681899999,1761888.93034,1137,121.418,606838.18376,0
1773681900000,4996.97,5001.26,4994.44,4995.27,431.757,1773682199999,2157735.30492,2019,215.047,1074752.37743,0
1773682200000,4995.55,4996.10,4987.90,4989.02,661.237,1773682499999,3300739.00130,2380,236.705,1181520.92594,0
1773682500000,4989.02,4989.85,4986.65,4986.66,416.664,1773682799999,2078456.53165,1675,194.173,968635.06491,0
1773682800000,4986.66,4988.53,4986.12,4987.55,338.967,1773683099999,1690505.52165,1709,177.071,883061.53850,0
1773683100000,4987.55,4992.72,4986.32,4986.73,332.998,1773683399999,1661084.94894,1366,161.478,805530.07380,0
1773683400000,4986.73,4989.27,4984.14,4988.27,281.303,1773683699999,1402764.94563,1317,125.942,628037.92489,0
1773683700000,4988.28,4991.42,4987.75,4991.40,204.657,1773683999999,1021144.89454,965,120.013,598813.24496,0
1773684000000,4991.40,4996.75,4991.40,4993.91,459.501,1773684299999,2294870.83761,1611,347.721,1736534.83082,0
1773684300000,4993.91,5000.62,4991.45,4999.86,534.031,1773684599999,2668236.27635,2356,312.796,1562985.65922,0
1773684600000,4999.86,5001.00,4998.35,4999.21,305.230,1773684899999,1526049.00372,1516,116.412,582017.82606,0
1773684900000,4999.21,5000.90,4998.10,4998.10,318.234,1773685199999,1591036.12102,1438,152.959,764750.38216,0
1773685200000,4998.10,5001.00,4997.88,4999.34,341.318,1773685499999,1706313.73493,1283,237.458,1187095.71192,0
1773685500000,4999.34,5007.73,4999.33,5006.71,965.840,1773685799999,4833929.19167,2573,517.963,2592564.62641,0
1773685800000,5006.70,5012.00,5005.46,5011.39,908.693,1773686099999,4551912.90134,2456,653.067,3271606.03046,0
1773686100000,5011.39,5015.21,5009.35,5014.81,937.776,1773686399999,4700289.20743,2549,618.497,3100035.15633,0
1773686400000,5014.80,5015.70,5012.41,5014.78,431.302,1773686699999,2162617.32806,1553,244.811,1227549.30029,0
1773686700000,5014.80,5016.77,5013.34,5015.06,472.247,1773686999999,2368414.51748,1811,226.022,1133510.14297,0
1773687000000,5015.06,5016.75,5012.70,5013.37,470.711,1773687299999,2360464.88272,1501,187.071,938057.50250,0
1773687300000,5013.38,5013.38,5011.00,5011.72,331.063,1773687599999,1659238.45910,1141,146.873,736105.78632,0
1773687600000,5011.73,5016.34,5010.55,5011.39,372.697,1773687899999,1868711.47006,1817,147.273,738422.80453,0
1773687900000,5011.40,5016.32,5008.00,5016.32,468.529,1773688199999,2347931.17406,1754,283.136,1418976.95215,0
1773688200000,5016.32,5019.24,5010.45,5011.92,731.110,1773688499999,3667278.03251,2431,327.572,1642958.59311,0
1773688500000,5011.91,5015.30,5011.10,5012.42,298.420,1773688799999,1496023.29510,1333,179.929,902002.21606,0
1773688800000,5012.42,5014.79,5011.39,5012.52,283.365,1773689099999,1420404.57730,1475,140.992,706723.14847,0
1773689100000,5012.54,5012.55,5009.28,5010.02,375.423,1773689399999,1881046.35416,1607,213.585,1070172.78729,0
1773689400000,5010.02,5010.75,5007.50,5009.41,404.798,1773689699999,2027756.23491,1672,180.862,905991.08803,0
1773689700000,5009.41,5013.95,5008.85,5013.24,225.624,1773689999999,1130808.66594,1125,134.500,674077.66444,0
1773690000000,5013.12,5014.46,5009.40,5009.59,318.710,1773690299999,1597504.34585,1234,129.840,650743.23723,0
1773690300000,5009.58,5011.05,5008.26,5010.31,237.274,1773690599999,1188635.91236,1226,99.455,498234.06814,0
1773690600000,5010.30,5015.34,5009.12,5013.30,412.801,1773690899999,2069233.57858,1608,193.757,971302.02383,0
1773690900000,5013.30,5014.99,5011.44,5012.30,363.728,1773691199999,1823526.48503,1665,190.732,956231.86909,0
1773691200000,5012.29,5013.00,5007.60,5010.75,346.244,1773691499999,1734807.38338,1382,180.775,905754.39880,0
1773691500000,5010.75,5019.28,5010.75,5017.62,434.446,1773691799999,2179203.30530,1407,225.096,1129000.04262,0
1773691800000,5017.61,5023.90,5016.00,5016.15,992.773,1773692099999,4983360.35987,2257,583.622,2929918.20419,0
1773692100000,5016.72,5016.75,5014.76,5014.79,171.753,1773692399999,861491.00585,828,112.883,566193.07483,0
1773692400000,5014.79,5016.43,5014.76,5016.34,174.611,1773692699999,875772.77745,927,129.259,648300.54192,0
1773692700000,5016.35,5017.66,5014.80,5014.81,301.698,1773692999999,1513484.59407,1162,154.179,773436.13128,0
1773693000000,5014.80,5014.95,5009.42,5011.39,279.370,1773693299999,1400126.60481,1517,166.906,836437.93079,0
1773693300000,5011.38,5012.00,5008.55,5010.65,311.402,1773693599999,1560182.23272,1404,185.260,928151.65598,0
1773693600000,5010.62,5011.66,5009.06,5010.24,262.462,1773693899999,1315059.77560,931,164.823,825825.16708,0
1773693900000,5010.01,5011.16,5008.35,5010.35,412.747,1773694199999,2067803.00607,1421,267.829,1341767.42637,0
1773694200000,5010.34,5010.94,5006.56,5007.75,638.562,1773694499999,3198266.39522,1719,415.872,2082845.99211,0
1773694500000,5007.99,5010.00,5006.95,5007.24,374.910,1773694799999,1877510.73712,1104,153.819,770285.02622,0
1773694800000,5007.22,5007.22,5004.50,5005.58,209.040,1773695099999,1046431.83036,847,75.034,375629.97410,0
1773695100000,5005.59,5006.40,5003.30,5006.39,239.280,1773695399999,1197582.26521,962,154.814,774885.94858,0
1773695400000,5006.39,5008.61,5004.35,5004.35,198.007,1773695699999,991424.77025,826,106.808,534836.15026,0
1773695700000,5004.36,5005.92,5003.75,5005.64,352.996,1773695999999,1766765.19389,1099,263.268,1317653.15197,0
1773696000000,5005.65,5007.44,5003.10,5005.10,442.090,1773696299999,2212544.82563,1089,260.647,1304467.68724,0
1773696300000,5005.10,5005.10,5000.15,5003.20,520.009,1773696599999,2601715.84253,758,170.090,850934.79281,0
1773696600000,5003.20,5003.20,5001.25,5002.74,123.341,1773696899999,616991.32870,606,62.126,310754.09536,0
1773696900000,5002.74,5004.24,5000.19,5000.38,275.641,1773697199999,1378792.72064,835,63.120,315729.40564,0
1773697200000,5000.39,5000.86,4996.68,5000.54,364.168,1773697499999,1820394.67447,1157,123.867,619188.86593,0
1773697500000,5000.55,5000.80,4998.34,4998.90,118.023,1773697799999,590079.61035,530,36.631,183148.41801,0
1773697800000,4998.90,5004.21,4998.90,5004.21,206.146,1773698099999,1030982.70933,1063,178.062,890524.24150,0
1773698100000,5004.21,5006.39,5004.20,5005.60,230.346,1773698399999,1152974.60735,750,86.138,431178.59577,0
1773698400000,5005.60,5015.74,5005.49,5011.12,1319.087,1773698699999,6609768.40264,4013,621.143,3112403.43849,0
1773698700000,5011.13,5016.71,5006.33,5007.01,1308.510,1773698999999,6560847.80599,2271,465.580,2334112.55643,0
1773699000000,5007.01,5010.42,5002.59,5005.77,800.712,1773699299999,4008659.48826,2747,521.052,2608697.77798,0
1773699300000,5005.77,5009.73,5005.77,5008.03,270.892,1773699599999,1356689.62149,1494,177.669,889782.20514,0
1773699600000,5008.02,5008.03,5000.09,5001.18,369.107,1773699899999,1846572.12571,1700,141.382,707267.11773,0
1773699900000,5001.18,5003.64,5000.37,5003.40,385.444,1773700199999,1928003.34713,1540,210.670,1053808.85061,0
1773700200000,5003.39,5005.31,5000.59,5004.00,287.438,1773700499999,1437897.25547,1138,209.189,1046417.80536,0
1773700500000,5003.99,5005.32,5002.08,5002.08,146.703,1773700799999,734054.35840,857,76.516,382858.68628,0
1773700800000,5002.09,5003.25,5000.63,5002.41,214.492,1773701099999,1072898.60510,1147,108.373,542079.59676,0
1773701100000,5002.44,5006.39,5002.10,5005.86,315.078,1773701399999,1576577.71999,1167,199.388,997663.66471,0
1773701400000,5005.87,5006.19,5004.25,5004.40,235.008,1773701699999,1176376.21869,803,81.555,408221.59359,0
1773701700000,5004.39,5004.40,5001.14,5002.18,160.042,1773701999999,800671.77156,945,49.098,245607.27924,0
1773702000000,5002.17,5005.85,5001.88,5005.35,180.527,1773702299999,903412.20155,863,62.967,315116.03089,0
1773702300000,5005.34,5005.58,5002.80,5005.50,336.775,1773702599999,1685488.64527,846,137.375,687541.79861,0
1773702600000,5005.50,5006.31,5004.84,5006.13,188.367,1773702899999,942877.62924,663,110.208,551645.78500,0
1773702900000,5006.13,5007.27,5005.76,5006.91,146.421,1773703199999,733101.49706,812,81.359,407343.23143,0
1773703200000,5006.90,5009.40,5006.76,5008.95,184.845,1773703499999,925680.99286,717,160.849,805494.93902,0
1773703500000,5008.95,5011.82,5008.94,5010.19,247.833,1773703799999,1241640.78143,813,185.304,928365.69037,0
1773703800000,5010.19,5013.87,5010.19,5013.20,205.243,1773704099999,1028810.64174,1068,69.577,348735.91353,0
1773704100000,5013.20,5014.14,5010.83,5011.92,232.527,1773704399999,1165600.39371,998,70.518,353472.74795,0
1773704400000,5011.91,5014.15,5009.06,5009.06,153.741,1773704699999,770632.55591,958,54.794,274666.64690,0
1773704700000,5009.06,5010.38,5007.00,5010.37,218.036,1773704999999,1092150.48283,1079,96.357,482643.71060,0
1773705000000,5010.37,5013.84,5010.37,5013.84,165.800,1773705299999,831077.49987,1077,76.215,382008.07697,0
1773705300000,5013.84,5015.35,5012.30,5013.59,295.319,1773705599999,1480892.72756,1221,104.979,526408.42726,0
1773705600000,5013.59,5013.59,5004.35,5006.75,564.208,1773705899999,2825466.43239,1908,216.799,1085851.81100,0
1773705900000,5006.74,5011.63,5002.95,5004.59,666.663,1773706199999,3337958.61091,2297,320.959,1606884.09351,0
1773706200000,5004.60,5008.63,5004.60,5006.96,479.110,1773706499999,2398597.73279,1787,313.063,1567286.72189,0
1773706500000,5006.96,5010.55,5006.39,5007.65,208.122,1773706799999,1042356.97735,1156,78.815,394729.00822,0
1773706800000,5007.66,5007.80,5004.08,5004.08,309.729,1773707099999,1550516.03376,1174,118.318,592303.78360,0
1773707100000,5004.09,5005.09,5000.15,5003.49,571.499,1773707399999,2859085.22478,2037,246.962,1235477.68940,0
1773707400000,5003.49,5006.04,5002.14,5003.23,600.250,1773707699999,3003478.71674,1454,275.110,1376522.28392,0
1773707700000,5003.24,5007.35,5003.11,5004.04,173.538,1773707999999,868702.83883,1045,74.499,372914.13198,0
1773708000000,5003.95,5004.04,4998.68,5002.14,421.583,1773708299999,2108456.54948,1531,173.327,866773.06059,0
1773708300000,5002.14,5004.92,5000.55,5001.16,293.727,1773708599999,1469489.35321,1184,211.868,1059979.57761,0
1773708600000,5001.15,5004.32,4998.91,5004.32,354.761,1773708899999,1773866.97298,1529,208.544,1042722.23428,0
1773708900000,5004.33,5006.35,5003.00,5003.51,276.372,1773709199999,1383221.65768,1262,137.500,688180.51735,0
1773709200000,5003.51,5006.49,4995.90,5002.77,1595.431,1773709499999,7978936.46065,4204,694.931,3475365.55701,0
1773709500000,5002.76,5008.69,5001.71,5008.69,644.826,1773709799999,3227632.63197,2308,351.451,1759222.55048,0
1773709800000,5008.70,5011.86,5006.25,5009.38,654.667,1773710099999,3279420.93306,2247,226.595,1135176.71295,0
1773710100000,5009.36,5013.18,5008.06,5008.15,593.729,1773710399999,2975000.76055,1981,217.217,1088455.59648,0
1773710400000,5008.16,5008.84,5007.31,5008.12,407.556,1773710699999,2041080.95520,1212,70.231,351718.93680,0
1773710700000,5008.12,5013.38,5006.71,5012.70,575.002,1773710999999,2881304.35412,1504,293.373,1470126.30848,0
1773711000000,5012.71,5015.04,5010.65,5011.44,556.653,1773711299999,2790515.04319,1698,257.835,1292472.60061,0
1773711300000,5011.45,5018.06,5011.45,5015.20,1251.850,1773711599999,6279183.29727,2265,746.232,3743049.18178,0
1773711600000,5014.92,5018.04,5014.92,5016.34,505.091,1773711899999,2534048.18369,1590,115.016,577021.04281,0
1773711900000,5016.52,5021.29,5015.58,5019.61,773.733,1773712199999,3882993.65077,1924,444.229,2229540.43537,0
1773712200000,5019.61,5025.81,5019.60,5024.45,942.604,1773712499999,4734896.10945,2171,443.615,2228493.02792,0
1773712500000,5024.46,5026.93,5023.81,5026.37,605.448,1773712799999,3042602.02809,1686,380.739,1913354.07518,0
1773712800000,5026.39,5027.98,5021.57,5021.69,1161.247,1773713099999,5835265.45048,2163,284.151,1427921.79539,0
1773713100000,5021.70,5024.63,5019.84,5020.12,700.874,1773713399999,3519571.16959,1770,129.205,648845.60133,0
1773713400000,5020.12,5022.35,5019.85,5020.24,279.256,1773713699999,1402116.77298,1311,94.074,472329.02612,0
1773713700000,5020.25,5021.64,5019.28,5019.45,305.155,1773713999999,1531894.92658,940,139.197,698763.96371,0
1773714000000,5019.40,5022.00,5018.49,5020.90,365.432,1773714299999,1834445.41661,1051,144.809,726953.56022,0
1773714300000,5020.90,5024.25,5020.90,5024.24,265.946,1773714599999,1335730.46245,922,173.936,873604.50656,0
1773714600000,5024.25,5025.82,5022.07,5022.36,237.424,1773714899999,1192869.62899,1027,122.128,613630.47398,0
1773714900000,5022.36,5023.94,5020.30,5023.36,202.551,1773715199999,1017178.39909,994,80.846,406000.20365,0
1773715200000,5023.35,5027.20,5023.35,5027.20,570.100,1773715499999,2865208.92966,1198,290.251,1458695.81419,0
1773715500000,5027.20,5027.24,5022.75,5023.19,430.509,1773715799999,2163403.62835,1020,135.663,681712.63805,0
1773715800000,5023.19,5024.40,5020.00,5024.39,513.461,1773716099999,2578517.65121,1255,220.727,1108560.82089,0
1773716100000,5024.40,5024.46,5020.35,5020.78,252.362,1773716399999,1267734.73883,847,64.750,325232.03175,0
1773716400000,5020.78,5023.24,5019.01,5022.86,175.524,1773716699999,881400.62860,956,96.931,486733.90549,0
1773716700000,5022.81,5023.55,5020.25,5020.55,227.709,1773716999999,1143388.43381,820,86.621,434960.60674,0
1773717000000,5020.55,5021.19,5019.82,5020.99,240.031,1773717299999,1205060.85976,806,103.639,520331.39362,0
1773717300000,5020.99,5025.62,5020.84,5025.62,274.159,1773717599999,1377386.11521,776,207.559,1042767.15433,0
1773717600000,5025.63,5028.55,5025.62,5028.52,536.535,1773717899999,2697330.78280,1201,248.841,1251013.34999,0
1773717900000,5028.51,5030.44,5028.10,5030.44,814.306,1773718199999,4095622.15642,1449,503.441,2532087.44627,0
1773718200000,5030.44,5031.40,5027.40,5027.40,872.810,1773718499999,4389380.48307,1973,422.547,2124994.16056,0
1773718500000,5027.40,5028.91,5026.00,5026.05,423.971,1773718799999,2131483.87398,1497,248.824,1250978.39508,0
1773718800000,5026.05,5026.80,5026.01,5026.70,166.567,1773719099999,837244.82641,610,69.795,350818.45883,0
1773719100000,5026.69,5026.70,5024.14,5024.51,253.531,1773719399999,1273928.10554,907,123.294,619507.17336,0
1773719400000,5024.50,5027.85,5024.50,5027.10,257.680,1773719699999,1295164.31661,894,154.722,777631.81863,0
1773719700000,5027.10,5027.10,5024.85,5025.97,187.301,1773719999999,941314.94009,611,96.298,483944.29218,0
1773720000000,5025.97,5028.34,5025.10,5027.55,296.635,1773720299999,1491153.83163,988,180.939,909564.65346,0
1773720300000,5027.55,5029.00,5026.92,5028.99,127.567,1773720599999,641373.49513,607,54.788,275487.21249,0
1773720600000,5029.00,5030.00,5027.55,5028.21,220.633,1773720899999,1109574.45859,749,121.530,611198.32229,0
1773720900000,5028.20,5028.30,5026.12,5027.21,189.814,1773721199999,954198.91823,622,55.695,279965.34375,0
1773721200000,5027.21,5028.79,5026.25,5028.31,260.715,1773721499999,1310668.17172,718,142.222,714976.96586,0
1773721500000,5028.30,5033.00,5025.67,5032.50,940.934,1773721799999,4733208.33601,1955,724.114,3642777.99017,0
1773721800000,5032.51,5036.50,5030.50,5031.15,1457.305,1773722099999,7334919.85110,2333,621.791,3129894.21495,0
1773722100000,5031.14,5032.96,5031.14,5032.62,272.633,1773722399999,1371937.31145,835,173.632,873730.17039,0
1773722400000,5032.62,5040.74,5031.66,5038.28,1358.262,1773722699999,6840935.33081,2658,847.946,4270965.04499,0
1773722700000,5038.29,5040.20,5036.25,5037.30,591.865,1773722999999,2981773.71136,1991,248.480,1251783.03377,0
1773723000000,5037.29,5040.10,5037.29,5037.36,690.721,1773723299999,3480293.53051,1652,394.556,1987994.12698,0
1773723300000,5037.36,5038.90,5036.19,5036.92,244.519,1773723599999,1231738.33073,1107,84.554,425942.79427,0
1773723600000,5036.92,5037.15,5032.98,5033.83,273.947,1773723899999,1379483.64111,1288,71.079,357921.53200,0
1773723900000,5033.83,5035.58,5032.15,5032.75,372.754,1773724199999,1876209.65065,1546,116.845,588122.48793,0
1773724200000,5032.76,5039.35,5031.13,5039.15,343.531,1773724499999,1729477.30761,1421,194.717,980376.65672,0
1773724500000,5039.16,5043.75,5037.12,5037.12,946.602,1773724799999,4771495.56617,2722,544.541,2744791.76634,0
1773724800000,5037.12,5037.15,5035.18,5035.19,405.036,1773725099999,2039880.12821,1028,101.841,512911.65616,0
1773725100000,5035.19,5035.74,5033.26,5035.11,557.880,1773725399999,2808581.50111,1420,370.306,1864175.40759,0
1773725400000,5035.11,5038.00,5034.16,5034.51,382.250,1773725699999,1924953.66076,1828,181.724,915136.93495,0
1773725700000,5034.43,5034.64,5032.00,5032.96,340.406,1773725999999,1713523.58934,1543,126.527,636876.85712,0
1773726000000,5032.99,5033.44,5029.31,5030.34,436.616,1773726299999,2196990.23747,1835,111.123,559108.22115,0
1773726300000,5030.34,5030.89,5026.00,5029.45,766.310,1773726599999,3853276.04681,1999,233.875,1176022.45449,0
1773726600000,5029.44,5029.44,5021.27,5024.90,888.560,1773726899999,4465282.28635,2643,356.051,1789201.95124,0
1773726900000,5024.89,5026.40,5020.00,5020.09,759.091,1773727199999,3812317.57777,2572,359.061,1803151.27673,0
1773727200000,5020.10,5021.99,5009.67,5018.19,2596.013,1773727499999,13018503.09204,5642,1433.959,7190429.20127,0
1773727500000,5018.20,5018.91,5007.35,5007.73,1387.982,1773727799999,6954568.56729,3902,912.163,4570134.78991,0
1773727800000,5007.86,5013.43,5007.21,5012.20,967.472,1773728099999,4846894.56024,2931,666.561,3339267.78742,0
1773728100000,5012.29,5012.90,5007.76,5011.70,761.670,1773728399999,3816039.40805,2364,395.596,1981869.90047,0
1773728400000,5011.70,5014.68,5005.34,5008.47,1599.227,1773728699999,8012431.33482,2899,1098.208,5502248.52977,0
1773728700000,5008.39,5013.00,5007.35,5012.20,585.435,1773728999999,2933714.84387,1816,421.687,2113145.28780,0
1773729000000,5012.19,5015.83,5010.57,5014.31,569.570,1773729299999,2855529.00771,1660,387.332,1941865.89504,0
1773729300000,5014.30,5015.65,5012.80,5014.78,323.424,1773729599999,1621671.35877,1392,209.624,1051046.11774,0
1773729600000,5014.79,5017.34,5013.53,5014.75,248.292,1773729899999,1245261.77782,1126,110.199,552716.85882,0
1773729900000,5014.74,5015.24,5011.01,5011.65,304.198,1773730199999,1524905.14328,1214,133.163,667536.64468,0
1773730200000,5011.64,5012.05,5010.14,5010.99,227.190,1773730499999,1138465.69189,1069,112.729,564893.53004,0
1773730500000,5011.00,5012.44,5009.46,5010.14,359.977,1773730799999,1803858.86284,1209,151.937,761312.87274,0
1773730800000,5010.14,5014.53,5009.75,5012.89,423.304,1773731099999,2121752.48137,1869,284.657,1426782.72887,0
1773731100000,5012.93,5016.30,5012.93,5013.16,379.085,1773731399999,1901039.83552,1366,205.974,1032895.88896,0
1773731400000,5013.16,5015.00,5012.01,5014.48,275.578,1773731699999,1381667.13466,971,174.123,873007.79396,0
1773731700000,5014.49,5014.90,5011.19,5011.99,269.844,1773731999999,1352841.22281,929,131.085,657224.89207,0
1773732000000,5012.00,5014.16,5010.00,5014.16,507.934,1773732299999,2545337.32161,1561,335.349,1680501.34934,0
1773732300000,5014.15,5017.81,5013.44,5015.87,525.077,1773732599999,2633524.33814,1421,297.789,1493470.76396,0
1773732600000,5015.87,5023.55,5015.87,5023.49,756.222,1773732899999,3796461.11635,2123,454.224,2280345.52498,0
1773732900000,5023.49,5026.24,5022.90,5026.00,434.011,1773733199999,2180662.86332,1552,154.981,778730.32136,0
1773733200000,5025.99,5027.20,5021.68,5022.37,436.931,1773733499999,2195383.48503,1443,105.445,529877.93420,0
1773733500000,5022.37,5024.63,5021.41,5023.11,286.509,1773733799999,1439105.15784,1017,192.751,968167.04475,0
1773733800000,5023.11,5023.12,5017.65,5020.02,522.933,1773734099999,2625083.97478,1326,164.953,828010.91349,0
1773734100000,5020.03,5022.53,5019.90,5020.90,172.223,1773734399999,864756.04709,769,84.183,422681.19267,0
1773734400000,5020.91,5024.44,5020.11,5023.18,489.451,1773734699999,2458299.99257,1545,229.029,1150296.68794,0
1773734700000,5023.20,5025.28,5019.72,5021.40,415.023,1773734999999,2084619.10311,1472,231.257,1161570.08337,0
1773735000000,5021.54,5023.59,5019.50,5021.04,221.904,1773735299999,1114307.21652,1171,98.159,492901.59418,0
1773735300000,5021.04,5026.40,5020.65,5026.39,245.026,1773735599999,1230929.45854,1152,123.066,618243.38492,0
1773735600000,5026.40,5029.00,5020.85,5021.30,625.986,1773735899999,3145794.66633,1943,347.009,1743743.66974,0
1773735900000,5021.31,5024.66,5019.39,5021.24,398.174,1773736199999,1999523.12927,1521,184.996,928998.62603,0
1773736200000,5021.25,5023.00,5019.33,5021.75,200.436,1773736499999,1006358.85321,1001,99.333,498716.92996,0
1773736500000,5021.76,5022.64,5018.70,5022.59,420.208,1773736799999,2109357.08689,1328,192.586,966726.86754,0
1773736800000,5022.46,5024.90,5020.03,5022.53,233.949,1773737099999,1175059.62486,1333,125.907,632426.71177,0
1773737100000,5022.53,5023.30,5019.19,5023.30,362.208,1773737399999,1818821.67401,1238,141.358,709737.87349,0
1773737400000,5023.29,5024.12,5020.81,5022.88,200.999,1773737699999,1009489.61741,933,90.523,454634.67961,0
1773737700000,5022.88,5024.25,5021.23,5023.87,507.015,1773737999999,2546746.38838,1091,233.121,1171056.86165,0
1773738000000,5023.86,5025.04,5018.82,5019.78,285.965,1773738299999,1436206.78397,1423,160.095,804076.83311,0
1773738300000,5019.77,5020.70,5016.01,5017.65,440.352,1773738599999,2209648.10521,1666,115.420,579128.00569,0
1773738600000,5017.66,5018.00,5013.98,5014.25,581.346,1773738899999,2915932.33418,1970,240.950,1208545.75077,0
1773738900000,5014.25,5017.21,5013.15,5014.83,366.028,1773739199999,1835650.43826,1635,161.952,812223.90454,0
1773739200000,5014.84,5018.42,5014.10,5016.13,239.460,1773739499999,1201252.09359,1280,124.268,623371.31018,0
1773739500000,5016.13,5019.50,5015.75,5018.14,160.405,1773739799999,804857.92477,984,111.385,558861.24593,0
1773739800000,5018.14,5018.22,5014.20,5015.22,406.206,1773740099999,2037442.37531,1205,168.067,842978.50834,0
1773740100000,5015.25,5016.85,5013.26,5015.37,262.848,1773740399999,1318158.64400,1058,153.021,767414.69355,0
1773740400000,5015.36,5015.47,5012.02,5014.31,356.544,1773740699999,1787372.86123,1128,198.945,997268.18918,0
1773740700000,5014.30,5015.90,5013.87,5013.93,246.020,1773740999999,1233682.07278,812,170.243,853694.92001,0
1773741000000,5013.93,5014.01,5013.18,5013.90,214.392,1773741299999,1074890.12931,731,130.881,656195.96370,0
1773741300000,5013.89,5014.26,5011.01,5011.05,678.076,1773741599999,3398709.29085,1148,361.525,1812035.51522,0
1773741600000,5011.05,5016.24,5008.65,5009.75,918.177,1773741899999,4600906.87405,2142,537.683,2694152.40078,0
1773741900000,5009.74,5010.85,5002.35,5002.36,1297.764,1773742199999,6496176.68059,2939,575.833,2882248.53993,0
1773742200000,5002.36,5006.52,5002.36,5004.94,461.700,1773742499999,2310791.77505,1540,296.349,1483169.55163,0
1773742500000,5004.94,5007.59,5004.49,5006.35,438.322,1773742799999,2194167.00965,1708,313.348,1568532.87584,0
1773742800000,5006.35,5008.72,5005.65,5008.72,282.137,1773743099999,1412725.15099,1139,158.509,793699.11327,0
1773743100000,5008.72,5009.95,5003.23,5004.54,602.955,1773743399999,3018859.73800,1501,304.653,1525126.36701,0
1773743400000,5004.55,5009.06,5003.40,5005.49,823.308,1773743699999,4121895.26863,2556,263.803,1320645.72924,0
1773743700000,5005.45,5005.79,5000.43,5000.45,615.569,1773743999999,3079868.21802,1766,325.895,1630619.59018,0
1773744000000,5000.60,5001.20,4993.88,5000.47,2763.162,1773744299999,13808809.52198,4734,1142.814,5710997.38589,0
1773744300000,5000.47,5002.50,4997.38,4999.36,767.289,1773744599999,3836948.48786,2353,468.021,2340493.80030,0
1773744600000,4999.35,5005.70,4999.10,5004.60,495.904,1773744899999,2481116.72286,1509,346.282,1732706.52476,0
1773744900000,5004.60,5005.26,5000.61,5001.75,534.124,1773745199999,2672253.88089,1517,301.834,1509960.82792,0
1773745200000,5001.65,5003.70,4998.50,5003.61,748.750,1773745499999,3744246.19576,2087,467.067,2335609.11100,0
1773745500000,5003.60,5005.75,5001.90,5005.11,459.033,1773745799999,2296720.60103,1330,272.826,1365000.75481,0
1773745800000,5005.11,5007.19,5004.84,5006.49,318.772,1773746099999,1595753.63643,1101,194.114,971725.50599,0
1773746100000,5006.50,5011.00,5006.50,5008.29,858.068,1773746399999,4298223.31636,1746,448.047,2244326.62195,0
1773746400000,5008.29,5009.58,5006.89,5009.58,260.254,1773746699999,1303286.62403,789,91.379,457640.15998,0
1773746700000,5009.68,5009.68,5007.30,5007.59,180.870,1773746999999,905918.53387,782,51.245,256670.36923,0
1773747000000,5007.60,5008.41,5004.02,5004.75,228.563,1773747299999,1144323.91410,882,60.720,304041.21413,0
1773747300000,5004.75,5008.80,5004.75,5008.80,141.910,1773747599999,710512.28978,886,67.741,339160.29344,0
1773747600000,5008.80,5009.77,5007.40,5009.77,142.538,1773747899999,713902.12354,671,73.331,367289.00455,0
1773747900000,5009.76,5011.62,5009.43,5009.60,410.030,1773748199999,2054379.97756,1080,242.775,1216387.29185,0
1773748200000,5009.61,5010.00,5006.85,5006.85,205.708,1773748499999,1030177.02608,814,100.011,500808.14398,0
1773748500000,5006.85,5007.35,5003.46,5004.52,535.882,1773748799999,2682138.79342,1236,130.700,654123.13405,0
1773748800000,5004.52,5005.87,5001.35,5005.86,491.358,1773749099999,2458258.40659,1747,319.539,1598593.06392,0
1773749100000,5005.73,5009.15,5003.50,5008.50,302.140,1773749399999,1512733.55809,1283,155.754,779781.47386,0
1773749400000,5008.50,5010.87,5008.50,5009.40,261.386,1773749699999,1309462.95472,1116,109.112,546594.36360,0
1773749700000,5009.40,5013.83,5009.19,5013.83,519.760,1773749999999,2604574.97143,1643,322.235,1614742.80950,0
1773750000000,5013.83,5017.73,5013.55,5015.45,970.968,1773750299999,4870114.20347,1993,241.216,1209859.29602,0
1773750300000,5015.45,5020.00,5015.45,5019.85,738.709,1773750599999,3707502.99165,1719,347.892,1746003.60898,0
1773750600000,5019.84,5023.35,5019.55,5022.74,1268.715,1773750899999,6370056.21808,2460,816.402,4098798.37298,0
1773750900000,5022.74,5024.50,5016.25,5017.01,770.165,1773751199999,3865982.37157,2392,197.962,993870.43272,0
1773751200000,5017.03,5018.20,5016.01,5017.87,322.477,1773751499999,1617881.70560,1032,73.278,367654.13196,0
1773751500000,5017.87,5017.87,5011.25,5013.22,631.630,1773751799999,3166751.01532,1895,267.920,1343101.26317,0
1773751800000,5013.23,5015.28,5011.00,5014.01,400.378,1773752099999,2007177.03365,1606,240.725,1206834.23041,0
1773752100000,5014.00,5014.15,5011.89,5013.02,219.719,1773752399999,1101446.61443,1166,130.452,653958.39226,0
1773752400000,5013.03,5018.35,5011.11,5017.47,443.030,1773752699999,2221895.22829,2205,292.463,1466851.70907,0
1773752700000,5017.47,5018.14,5014.52,5015.10,281.059,1773752999999,1409800.15323,1561,113.245,568016.98338,0
1773753000000,5015.10,5018.74,5013.75,5017.85,366.499,1773753299999,1838647.51780,1555,161.043,807917.29567,0
1773753300000,5017.85,5020.34,5015.40,5018.40,411.515,1773753599999,2065124.29253,1723,205.941,1033487.53279,0
1773753600000,5018.40,5019.42,5014.45,5015.14,571.373,1773753899999,2866245.41151,1897,293.332,1471439.07704,0
1773753900000,5015.14,5015.59,5012.03,5013.59,238.752,1773754199999,1197066.99310,1455,116.229,582750.08655,0
1773754200000,5013.60,5027.04,5012.64,5025.05,1047.136,1773754499999,5259387.43406,3919,521.808,2620644.39887,0
1773754500000,5025.05,5026.00,5019.00,5025.99,745.308,1773754799999,3742445.86929,2736,352.433,1769652.32981,0
1773754800000,5026.04,5030.30,5023.63,5026.85,3222.888,1773755099999,16205848.86408,3873,1554.770,7818090.15090,0
1773755100000,5026.84,5027.41,5022.55,5024.30,917.808,1773755399999,4611625.72928,3130,317.809,1596883.31442,0
1773755400000,5024.31,5024.31,5007.50,5013.55,2719.551,1773755699999,13631606.47586,4999,1320.341,6617290.07903,0
1773755700000,5013.58,5017.95,5013.41,5016.71,692.987,1773755999999,3475697.83634,2270,434.453,2178894.52534,0
1773756000000,5016.74,5018.40,5010.66,5012.25,864.755,1773756299999,4336287.79891,3312,449.594,2254575.55286,0
1773756300000,5012.32,5020.60,5012.00,5017.73,925.243,1773756599999,4640447.33209,2963,546.481,2740539.78041,0
1773756600000,5017.73,5021.35,5016.78,5018.89,1080.421,1773756899999,5422139.16097,2396,807.591,4052744.20002,0
1773756900000,5019.20,5019.34,5012.15,5013.41,705.003,1773757199999,3535779.97454,2538,383.468,1923120.76364,0
1773757200000,5013.41,5015.88,5010.47,5011.04,1237.612,1773757499999,6204548.58826,2754,765.538,3837831.34351,0
1773757500000,5011.01,5013.06,5006.87,5009.76,1804.001,1773757799999,9037428.62454,3093,879.794,4407815.55143,0
1773757800000,5009.75,5010.99,5004.35,5009.80,950.344,1773758099999,4759265.40745,3249,562.491,2817036.84487,0
1773758100000,5009.76,5013.74,5007.55,5010.25,808.179,1773758399999,4050156.29644,2403,331.054,1659021.48643,0
1773758400000,5010.25,5015.35,5009.45,5014.16,465.186,1773758699999,2331817.62673,2206,233.881,1172267.87901,0
1773758700000,5014.16,5019.93,5012.97,5019.17,1004.014,1773758999999,5037074.81898,2288,521.826,2617962.53744,0
1773759000000,5019.16,5019.80,5009.55,5011.11,554.520,1773759299999,2780513.52845,2186,183.627,920596.13313,0
1773759300000,5011.12,5012.14,5008.82,5009.11,477.852,1773759599999,2394287.68196,2099,253.103,1268196.19805,0
1773759600000,5009.10,5017.50,5008.00,5015.56,776.770,1773759899999,3894153.04428,2820,489.005,2451366.39637,0
1773759900000,5015.56,5017.99,5009.71,5010.98,585.644,1773760199999,2936364.09759,2400,233.981,1173123.21108,0
1773760200000,5010.95,5012.86,5009.17,5009.70,429.680,1773760499999,2153210.61885,1993,243.854,1221966.49747,0
1773760500000,5009.73,5015.55,5009.54,5012.67,446.902,1773760799999,2240517.45761,1794,185.557,930200.88052,0
1773760800000,5012.67,5015.40,5007.55,5008.67,820.512,1773761099999,4110454.57084,2204,435.686,2182646.20657,0
1773761100000,5008.85,5010.66,4996.14,4997.39,2295.109,1773761399999,11479134.50648,4445,1159.502,5799022.49330,0
1773761400000,4997.26,5003.04,4994.22,4995.95,1657.105,1773761699999,8284212.98979,3819,1021.787,5108695.40131,0
1773761700000,4996.01,4997.60,4985.10,4985.37,3632.741,1773761999999,18125542.61608,7615,1748.932,8725623.06835,0
1773762000000,4986.14,4988.24,4978.40,4988.01,4678.892,1773762299999,23311874.42632,6859,2419.058,12053257.62964,0
1773762300000,4988.01,4995.54,4987.45,4993.18,1352.169,1773762599999,6751216.98924,3299,474.527,2368883.42497,0
1773762600000,4993.17,4998.72,4993.17,4997.14,1109.103,1773762899999,5541235.25711,2616,589.057,2942945.11303,0
1773762900000,4997.01,5000.24,4996.24,4999.24,609.983,1773763199999,3048820.71324,2175,322.677,1612870.80100,0
1773763200000,4999.25,5000.37,4993.56,4995.53,895.066,1773763499999,4472853.14589,2855,349.353,1745595.18350,0
1773763500000,4995.52,4999.10,4993.43,4995.01,758.778,1773763799999,3790784.28131,2726,324.604,1621654.84045,0
1773763800000,4995.15,5000.20,4995.01,4995.86,473.589,1773764099999,2367051.69674,1905,234.793,1173549.55901,0
1773764100000,4995.86,5002.99,4994.36,5002.40,1409.208,1773764399999,7045470.64859,2346,969.709,4847443.71763,0
1773764400000,5002.39,5004.20,5000.38,5003.68,313.691,1773764699999,1569186.03589,1656,187.866,939799.13034,0
1773764700000,5003.69,5006.90,5003.69,5006.00,640.618,1773764999999,3206289.03385,1927,451.826,2261371.57192,0
1773765000000,5005.93,5007.08,5003.42,5004.06,491.376,1773765299999,2459402.46474,1810,185.330,927627.45994,0
1773765300000,5004.06,5005.29,5001.85,5002.10,382.458,1773765599999,1913747.08322,1599,177.526,888320.11843,0
1773765600000,5002.09,5003.85,5000.90,5003.85,444.926,1773765899999,2225496.27054,1369,245.011,1225562.40932,0
1773765900000,5003.85,5005.19,5000.50,5000.67,221.636,1773766199999,1108694.04701,1217,90.568,453042.85508,0
1773766200000,5000.87,5003.10,5000.00,5001.95,409.315,1773766499999,2047215.54223,1275,215.841,1079581.44279,0
1773766500000,5001.95,5004.44,5001.61,5002.71,245.945,1773766799999,1230592.76451,1177,89.847,449511.23023,0
1773766800000,5002.71,5008.19,5002.71,5006.31,346.841,1773767099999,1736179.22125,1642,216.596,1084178.14441,0
1773767100000,5006.31,5006.96,5004.04,5006.95,250.296,1773767399999,1252927.06515,972,44.285,221665.76461,0
1773767400000,5006.94,5006.94,5004.40,5004.60,345.023,1773767699999,1727214.70255,1060,62.948,315106.61564,0
1773767700000,5004.60,5006.35,5004.01,5006.35,149.095,1773767999999,746180.70117,791,70.637,353527.70561,0
1773768000000,5006.35,5010.99,5005.90,5007.64,616.018,1773768299999,3085641.85780,1705,291.518,1460209.17761,0
1773768300000,5007.65,5009.52,5003.07,5004.21,472.217,1773768599999,2364403.25331,1569,163.168,816874.21846,0
1773768600000,5004.21,5006.50,5003.45,5004.86,253.304,1773768899999,1267669.67921,1114,161.207,806753.79687,0
1773768900000,5004.85,5007.34,5004.72,5005.13,328.833,1773769199999,1646072.41881,995,152.421,762952.04731,0
1773769200000,5005.13,5005.42,4999.12,4999.41,428.819,1773769499999,2144838.74181,1552,149.513,747957.91268,0
1773769500000,4999.32,5001.70,4998.16,5001.36,220.761,1773769799999,1103828.45240,1239,95.807,479035.81041,0
1773769800000,5001.37,5003.98,5001.36,5003.30,211.877,1773770099999,1059930.82274,711,171.093,855871.20780,0
1773770100000,5003.30,5004.50,5002.47,5003.70,196.412,1773770399999,982727.83705,721,55.679,278569.76525,0
1773770400000,5003.70,5007.68,5002.61,5007.68,223.879,1773770699999,1120664.79635,1029,161.067,806283.53340,0
1773770700000,5007.68,5008.75,5006.88,5006.88,265.333,1773770999999,1328798.44771,888,46.084,230791.09112,0
1773771000000,5006.89,5008.80,5006.60,5007.28,160.438,1773771299999,803486.75653,734,59.846,299679.54683,0
1773771300000,5007.29,5009.15,5007.28,5008.92,78.640,1773771599999,393838.92417,633,47.771,239242.37269,0
1773771600000,5008.92,5009.94,5007.56,5007.86,229.621,1773771899999,1150191.04640,912,62.568,313399.87854,0
1773771900000,5007.86,5008.09,5005.04,5005.04,244.009,1773772199999,1221714.07383,819,21.912,109709.42044,0
1773772200000,5005.04,5005.17,5001.38,5004.91,258.311,1773772499999,1292404.09216,1304,109.074,545717.46533,0
1773772500000,5004.90,5005.81,5003.50,5003.50,69.306,1773772799999,346845.65473,541,23.114,115679.66385,0
1773772800000,5003.50,5004.70,5003.01,5004.41,53.431,1773773099999,267366.22554,506,31.715,158700.18136,0
1773773100000,5004.41,5008.75,5004.41,5008.20,155.488,1773773399999,778653.95311,777,67.543,338189.64121,0
1773773400000,5008.19,5009.50,5007.31,5008.37,102.633,1773773699999,514068.10617,641,70.159,351418.16428,0
1773773700000,5008.37,5008.38,5005.45,5005.46,304.791,1773773999999,1525911.07185,702,255.742,1280352.11778,0
1773774000000,5005.45,5006.98,5003.20,5006.98,275.655,1773774299999,1379438.16306,1110,118.919,595116.79750,0
1773774300000,5006.97,5006.98,5004.10,5005.88,125.324,1773774599999,627279.84488,531,95.768,479331.03351,0
1773774600000,5005.87,5005.87,5002.46,5003.32,73.510,1773774899999,367860.82535,430,17.255,86328.56282,0
1773774900000,5003.42,5004.41,5002.22,5002.81,114.089,1773775199999,570792.20895,813,31.491,157555.64035,0
1773775200000,5002.80,5003.01,5001.32,5002.66,82.183,1773775499999,411078.22249,693,51.047,255333.44258,0
1773775500000,5002.65,5003.04,5000.34,5001.91,200.160,1773775799999,1001131.51983,972,103.608,518205.76108,0
1773775800000,5001.90,5002.62,4998.52,5000.84,184.383,1773776099999,921937.19682,912,52.828,264149.43188,0
1773776100000,5000.91,5004.03,5000.91,5003.35,183.560,1773776399999,918319.81949,940,112.494,562788.87142,0
1773776400000,5003.36,5005.38,5003.00,5004.26,113.478,1773776699999,567903.59447,647,64.473,322651.14774,0
1773776700000,5004.26,5005.26,5001.36,5003.09,108.674,1773776999999,543741.83286,811,42.459,212431.09818,0
1773777000000,5003.10,5003.99,5001.56,5003.99,112.074,1773777299999,560678.80618,758,43.488,217563.87469,0
1773777300000,5003.99,5003.99,5001.10,5002.48,197.430,1773777599999,987566.67079,970,72.628,363292.79778,0
1773777600000,5002.47,5005.70,5002.40,5005.70,124.235,1773777899999,621626.89283,635,67.199,336228.02292,0
1773777900000,5005.70,5007.95,5004.95,5007.35,236.591,1773778199999,1184583.41704,713,76.579,383413.34708,0
1773778200000,5007.36,5007.36,5004.87,5004.87,151.295,1773778499999,757413.14758,492,21.306,106665.41695,0
1773778500000,5004.87,5006.79,5004.67,5006.79,74.848,1773778799999,374646.10903,451,54.738,273987.36899,0
1773778800000,5006.78,5006.78,5005.07,5005.36,257.643,1773779099999,1289742.94427,575,223.801,1120317.59196,0
1773779100000,5005.36,5006.60,5005.35,5006.60,73.569,1773779399999,368258.76996,232,58.774,294199.03593,0
1773779400000,5006.60,5008.00,5006.59,5007.40,157.072,1773779699999,786567.57487,363,94.733,474398.48016,0
1773779700000,5007.39,5007.39,5006.45,5007.17,68.203,1773779999999,341478.13052,228,36.370,182092.12366,0
1773780000000,5007.16,5007.16,5006.02,5006.49,116.530,1773780299999,583421.58383,691,63.086,315850.95494,0
1773780300000,5006.49,5007.59,5006.05,5006.10,125.849,1773780599999,630128.49161,809,67.978,340356.70381,0
1773780600000,5006.10,5007.06,5004.32,5004.51,108.594,1773780899999,543628.80420,660,59.218,296459.30980,0
1773780900000,5004.51,5008.86,5004.51,5008.70,211.585,1773781199999,1059220.63300,812,179.812,900152.61772,0
1773781200000,5008.70,5009.13,5008.70,5009.13,31.195,1773781499999,156256.44597,325,20.074,100550.67909,0
1773781500000,5009.13,5009.32,5007.29,5007.29,56.829,1773781799999,284619.54056,314,14.873,74490.15388,0
1773781800000,5007.29,5008.60,5000.24,5000.99,961.966,1773782099999,4814365.80075,1443,120.635,603807.48461,0
1773782100000,5001.00,5001.28,5000.00,5001.28,334.566,1773782399999,1673013.88777,478,73.289,366488.79514,0
1773782400000,5001.28,5002.94,5001.28,5002.94,104.970,1773782699999,525068.62846,332,92.647,463423.93966,0
1773782700000,5002.94,5002.94,5000.08,5002.44,68.400,1773782999999,342136.02859,351,13.118,65623.88010,0
1773783000000,5002.44,5002.45,5002.44,5002.45,28.910,1773783299999,144620.62613,126,8.573,42886.00385,0
1773783300000,5002.44,5002.66,5000.58,5001.88,115.008,1773783599999,575294.63241,239,19.745,98766.62548,0
1773783600000,5001.87,5002.97,4999.93,5000.66,348.547,1773783899999,1742983.76271,857,82.669,413429.13814,0
1773783900000,5000.66,5006.94,5000.66,5006.05,327.132,1773784199999,1636943.18753,870,270.832,1355129.85077,0
1773784200000,5006.05,5008.21,5005.52,5005.60,124.946,1773784499999,625578.20954,482,58.282,291810.37826,0
1773784500000,5005.60,5005.61,5004.07,5004.37,69.956,1773784799999,350098.59025,430,22.350,111848.42324,0
1773784800000,5004.36,5007.34,5001.29,5002.92,1018.251,1773785099999,5095356.97997,2338,503.473,2519375.83484,0
1773785100000,5002.89,5004.34,4998.95,5002.26,283.192,1773785399999,1416324.37971,1315,111.214,556208.70755,0
1773785400000,5002.26,5005.15,5001.14,5003.46,123.833,1773785699999,619609.33780,775,71.810,359304.57159,0
1773785700000,5003.45,5005.80,5000.87,5002.04,197.758,1773785999999,989438.75081,1033,47.160,235974.40993,0
1773786000000,5002.04,5003.74,5001.90,5002.32,65.836,1773786299999,329348.58042,615,32.186,161012.03459,0
1773786300000,5002.31,5003.12,5002.31,5002.51,35.344,1773786599999,176816.85012,187,10.027,50163.54146,0
1773786600000,5002.50,5002.50,4999.10,4999.10,242.587,1773786899999,1212996.67672,788,101.973,509854.10056,0
1773786900000,4999.11,5001.45,4999.05,5001.00,66.826,1773787199999,334165.71681,548,49.942,249735.39345,0
1773787200000,5001.00,5001.42,4997.78,4998.15,189.621,1773787499999,947943.37982,774,70.221,351056.57763,0
1773787500000,4998.15,5001.68,4995.77,5000.83,403.996,1773787799999,2019274.58363,1366,245.012,1224614.34933,0
1773787800000,5000.83,5003.81,5000.00,5000.21,157.984,1773788099999,790208.00001,783,64.910,324641.67459,0
1773788100000,5000.22,5001.67,4999.59,5001.67,181.384,1773788399999,906998.19571,778,130.045,650281.20056,0
1773788400000,5001.67,5003.90,5001.34,5003.06,165.215,1773788699999,826513.27500,1008,86.305,431749.37854,0
1773788700000,5003.06,5004.00,5000.74,5001.39,177.091,1773788999999,885890.60731,767,78.566,393064.26918,0
1773789000000,5001.39,5001.80,5000.10,5000.49,69.199,1773789299999,346033.79143,410,18.918,94602.41343,0
1773789300000,5000.49,5002.45,5000.20,5001.91,90.481,1773789599999,452516.42325,733,53.990,270019.91073,0
1773789600000,5001.91,5002.83,5001.90,5002.05,39.439,1773789899999,197293.47778,458,26.248,131307.92145,0
1773789900000,5002.05,5002.21,5000.71,5000.91,173.142,1773790199999,865967.00927,792,56.251,281328.83298,0
1773790200000,5000.90,5004.00,5000.90,5003.52,173.644,1773790499999,868776.79234,545,59.257,296450.63377,0
1773790500000,5003.52,5003.53,5002.30,5002.31,57.615,1773790799999,288232.36642,339,16.164,80862.48209,0
1773790800000,5002.30,5003.99,5002.30,5003.15,76.529,1773791099999,382892.17217,342,43.124,215753.74185,0
1773791100000,5003.16,5003.35,5002.42,5002.64,53.260,1773791399999,266456.96255,239,21.960,109860.48918,0
1773791400000,5002.64,5003.70,5002.64,5003.42,62.186,1773791699999,311137.72838,325,40.632,203294.33923,0
1773791700000,5003.41,5003.74,5003.24,5003.54,87.059,1773791999999,435588.70458,398,23.490,117528.48935,0
1773792000000,5003.53,5008.07,5002.41,5006.99,490.063,1773792299999,2452786.21639,1415,246.904,1235865.66271,0
1773792300000,5006.99,5012.89,5006.99,5012.64,740.293,1773792599999,3709733.82787,1900,331.922,1663212.18031,0
1773792600000,5012.65,5012.98,5009.78,5010.15,972.384,1773792899999,4873196.06188,2094,296.922,1488058.07719,0
1773792900000,5010.14,5011.79,5006.80,5006.80,598.170,1773793199999,2996728.34386,1564,193.564,969667.03601,0
1773793200000,5006.75,5007.49,5005.44,5006.30,212.263,1773793499999,1062632.47106,1005,100.242,501836.85554,0
1773793500000,5006.29,5006.30,5003.28,5003.28,224.719,1773793799999,1124662.43450,874,85.202,426405.95474,0
1773793800000,5003.28,5003.65,5001.36,5001.70,346.385,1773794099999,1732704.13943,1149,124.877,624657.64507,0
1773794100000,5001.69,5002.02,5000.85,5001.89,327.304,1773794399999,1637012.54103,945,124.163,621011.86937,0
1773794400000,5001.89,5004.82,5000.70,5004.82,299.712,1773794699999,1499293.14363,1089,146.316,731924.91672,0
1773794700000,5004.82,5005.80,5002.28,5005.23,391.593,1773794999999,1959675.19659,1202,166.450,832966.85954,0
1773795000000,5005.24,5008.20,5005.04,5005.80,470.806,1773795299999,2357130.15434,1069,160.760,804792.12925,0
1773795300000,5005.79,5005.79,5003.10,5004.28,206.015,1773795599999,1030952.43716,677,54.948,274974.21275,0
1773795600000,5004.29,5008.44,4999.05,5008.25,819.566,1773795899999,4100566.94032,2661,417.062,2086678.76976,0
1773795900000,5008.25,5014.97,5008.25,5013.60,1118.764,1773796199999,5606548.35574,2493,535.819,2685342.88756,0
1773796200000,5013.60,5016.67,5011.93,5012.35,672.434,1773796499999,3371547.65600,1847,215.409,1080196.92605,0
1773796500000,5012.35,5015.50,5012.35,5013.69,272.755,1773796799999,1367537.03701,1122,162.181,813163.89475,0
1773796800000,5013.69,5016.54,5012.17,5012.84,250.839,1773797099999,1257848.72885,1155,121.724,610414.18081,0
1773797100000,5012.81,5012.85,5008.28,5008.70,278.835,1773797399999,1397052.17122,1332,75.936,380498.58805,0
1773797400000,5008.71,5009.75,5006.82,5007.04,239.417,1773797699999,1199096.25838,1359,133.921,670755.43787,0
1773797700000,5007.01,5007.20,5003.03,5006.21,545.542,1773797999999,2730518.78268,2051,340.617,1704796.53529,0
1773798000000,5006.49,5006.50,5003.19,5003.19,261.379,1773798299999,1308101.44985,1260,103.451,517736.14033,0
1773798300000,5003.18,5003.19,4998.41,5001.00,1454.257,1773798599999,7271839.86785,2377,1020.041,5100533.30798,0
1773798600000,5001.00,5001.23,4993.00,5000.40,1222.881,1773798899999,6110832.12813,2998,737.520,3685666.91081,0
1773798900000,5000.40,5001.54,4997.20,5000.36,498.545,1773799199999,2492689.78138,1394,273.838,1369180.36319,0
1773799200000,5000.37,5003.90,4999.20,4999.21,493.906,1773799499999,2470391.21634,1558,208.452,1042663.99859,0
1773799500000,4999.20,5002.00,4998.01,5001.66,353.676,1773799799999,1768351.78672,1322,210.984,1054945.09527,0
1773799800000,5001.75,5002.60,5001.00,5001.29,169.382,1773800099999,847215.38169,758,99.222,496282.54550,0
1773800100000,5001.29,5004.78,5001.16,5004.38,313.103,1773800399999,1566490.99794,851,199.277,996959.95487,0
1773800400000,5004.38,5007.40,5002.70,5002.70,497.457,1773800699999,2490191.69449,1284,191.971,960969.32050,0
1773800700000,5002.70,5004.76,5002.08,5002.11,225.648,1773800999999,1129026.63763,777,78.476,392659.18455,0
1773801000000,5002.11,5004.05,5001.03,5003.75,357.868,1773801299999,1790075.64731,1191,119.590,598182.19525,0
1773801300000,5003.74,5004.14,5001.10,5002.04,270.330,1773801599999,1352244.17925,1093,115.700,578754.53188,0
1773801600000,5002.04,5002.05,5001.23,5001.65,201.322,1773801899999,1006932.44576,596,71.684,358526.43160,0
1773801900000,5001.65,5004.25,5001.64,5001.90,220.080,1773802199999,1101045.95931,861,90.786,454165.75909,0
1773802200000,5001.91,5002.65,4996.15,4997.05,702.074,1773802499999,3510853.69706,1706,191.373,956847.52311,0
1773802500000,4997.04,4997.18,4991.51,4993.44,909.064,1773802799999,4540054.90182,2371,419.446,2094824.57919,0
1773802800000,4993.43,4994.08,4987.68,4990.76,934.393,1773803099999,4664256.83269,2694,389.974,1946841.86068,0
1773803100000,4990.76,4995.15,4988.75,4993.50,668.793,1773803399999,3339459.16067,1991,322.340,1609526.96860,0
1773803400000,4993.51,4996.68,4993.40,4994.98,974.320,1773803699999,4865969.72515,1483,476.711,2380786.42042,0
1773803700000,4994.99,4996.29,4994.73,4996.28,322.482,1773803999999,1610962.09309,957,129.594,647374.86666,0
1773804000000,4996.29,4997.86,4995.82,4997.28,174.004,1773804299999,869469.18950,604,84.583,422612.99255,0
1773804300000,4997.28,4997.85,4996.12,4997.40,161.789,1773804599999,808469.44768,705,92.307,461253.90061,0
1773804600000,4997.41,4997.86,4996.25,4996.55,259.156,1773804899999,1295027.63788,596,154.705,773077.56961,0
1773804900000,4996.55,4997.70,4995.92,4996.47,140.039,1773805199999,699707.61141,608,47.327,236467.24597,0
1773805200000,4996.47,4997.82,4995.00,4995.43,359.073,1773805499999,1794086.21552,821,81.291,406190.37755,0
1773805500000,4995.44,4996.38,4994.60,4994.98,64.687,1773805799999,323138.36291,520,25.578,127773.59854,0
1773805800000,4994.97,4994.98,4993.00,4993.00,208.643,1773806099999,1042012.20208,582,44.980,224643.65259,0
1773806100000,4993.00,4993.34,4990.80,4993.34,573.903,1773806399999,2865045.35164,1079,240.732,1201758.41037,0
1773806400000,4993.34,4994.17,4990.85,4992.15,285.935,1773806699999,1427596.77048,971,139.371,695869.65101,0
1773806700000,4992.15,4992.69,4991.24,4992.04,224.480,1773806999999,1120645.46719,737,81.025,404469.29466,0
1773807000000,4992.00,4992.25,4990.45,4991.36,228.604,1773807299999,1141088.41091,672,120.257,600271.75348,0
1773807300000,4991.35,4992.70,4991.20,4992.64,363.195,1773807599999,1813144.76745,634,277.187,1383788.23265,0
1773807600000,4992.56,4993.46,4991.58,4992.78,170.292,1773807899999,850169.52787,739,45.826,228778.53718,0
1773807900000,4992.78,4992.79,4991.63,4991.64,179.639,1773808199999,896781.01077,455,72.601,362427.46236,0
1773808200000,4991.64,4991.70,4988.19,4989.88,441.200,1773808499999,2201455.20785,1076,215.339,1074399.14128,0
1773808500000,4989.88,4990.13,4985.00,4985.00,1041.724,1773808799999,5194905.29020,1774,552.477,2754967.26080,0
1773808800000,4985.00,4987.55,4981.55,4986.73,1883.179,1773809099999,9387816.28586,2306,1137.770,5672381.87934,0
1773809100000,4986.74,4988.80,4986.67,4987.30,430.917,1773809399999,2149112.54427,915,329.878,1645188.60882,0
1773809400000,4987.31,4988.09,4985.24,4985.24,339.258,1773809699999,1691761.56481,875,159.721,796461.75383,0
1773809700000,4985.24,4988.58,4984.17,4988.58,299.562,1773809999999,1493575.92565,999,180.832,901600.67167,0
1773810000000,4988.58,4989.58,4986.85,4986.86,364.091,1773810299999,1816186.39475,767,243.480,1214555.32975,0
1773810300000,4986.86,4992.70,4986.85,4991.73,438.176,1773810599999,2186892.89419,1158,268.439,1339734.20933,0
1773810600000,4991.73,4993.82,4991.54,4992.13,266.354,1773810899999,1329780.66294,1056,148.221,739981.65660,0
1773810900000,4992.13,4992.14,4988.00,4988.20,337.545,1773811199999,1684289.35453,1128,190.448,950266.96233,0
1773811200000,4988.20,4993.76,4988.19,4992.51,836.337,1773811499999,4174355.17446,1683,320.499,1599862.29526,0
1773811500000,4992.51,4992.51,4989.27,4991.70,387.464,1773811799999,1933825.76274,946,160.789,802468.74802,0
1773811800000,4991.70,4993.69,4989.18,4993.69,492.777,1773812099999,2459565.36741,1728,258.663,1290913.08423,0
1773812100000,4993.69,5000.80,4993.21,4998.13,1336.372,1773812399999,6679189.25971,2485,468.952,2343492.34223,0
1773812400000,4998.14,5001.00,4996.24,4999.66,506.922,1773812699999,2534008.12283,1574,200.058,999923.48025,0
1773812700000,4999.65,5002.19,4998.38,4998.45,599.335,1773812999999,2996737.45549,1491,269.663,1348392.84990,0
1773813000000,4998.45,5000.50,4997.82,5000.49,276.242,1773813299999,1381012.33359,1099,138.126,690530.43259,0
1773813300000,5000.50,5000.50,4995.00,4997.10,356.693,1773813599999,1782312.60687,1054,82.346,411453.48772,0
1773813600000,4997.09,5000.55,4996.85,4999.69,389.865,1773813899999,1948833.90397,1272,271.953,1359391.60395,0
1773813900000,4999.69,5001.95,4997.67,5001.80,621.231,1773814199999,3106009.52677,1308,182.942,914636.95798,0
1773814200000,5001.85,5008.66,5001.75,5008.66,1306.798,1773814499999,6540142.09422,2050,665.158,3329027.62457,0
1773814500000,5008.70,5009.80,5007.25,5008.62,988.171,1773814799999,4949574.37994,1919,286.381,1434395.10055,0
1773814800000,5008.63,5009.16,5006.80,5008.90,498.612,1773815099999,2497286.23360,1203,150.152,752021.73368,0
1773815100000,5008.90,5009.00,5007.76,5008.20,615.633,1773815399999,3083381.60959,887,129.255,647374.57590,0
1773815400000,5008.20,5012.25,5008.20,5012.24,1217.695,1773815699999,6101503.86318,1813,610.514,3059125.38903,0
1773815700000,5012.24,5015.15,5011.95,5011.96,1428.681,1773815999999,7163052.64812,1910,528.996,2652423.97066,0
1773816000000,5011.95,5012.50,5010.61,5010.76,610.039,1773816299999,3057300.61294,1083,121.295,607874.29937,0
1773816300000,5010.76,5013.68,5009.76,5012.84,456.057,1773816599999,2285451.22471,1139,214.306,1074009.27151,0
1773816600000,5012.84,5013.41,5008.95,5009.90,631.051,1773816899999,3161873.64031,1550,219.493,1099705.27067,0
1773816900000,5009.91,5010.39,5008.44,5009.02,325.185,1773817199999,1628903.39132,627,106.475,533342.88411,0
1773817200000,5009.01,5012.42,5009.01,5012.14,391.471,1773817499999,1961680.90649,970,135.302,677966.27075,0
1773817500000,5012.14,5014.27,5011.60,5011.60,433.034,1773817799999,2170876.37561,1085,196.854,986884.97842,0
1773817800000,5011.58,5011.58,5010.00,5010.51,260.549,1773818099999,1305485.30182,635,57.321,287209.80085,0
1773818100000,5010.50,5010.50,5006.65,5006.65,357.721,1773818399999,1791582.86136,1051,142.893,715685.47304,0
1773818400000,5006.66,5008.10,5006.14,5008.09,452.970,1773818699999,2268021.80547,783,193.642,969563.57039,0
1773818700000,5008.10,5009.10,5006.65,5008.72,370.125,1773818999999,1853446.34662,993,166.615,834351.79423,0
1773819000000,5008.72,5009.35,5007.25,5007.34,226.344,1773819299999,1133668.38174,741,118.630,594167.75129,0
1773819300000,5007.34,5007.34,5004.80,5006.54,532.826,1773819599999,2667222.27731,1412,253.940,1271166.88665,0
1773819600000,5006.55,5007.17,5002.10,5002.11,587.591,1773819899999,2940463.34644,1071,270.977,1356037.28887,0
1773819900000,5002.11,5002.64,4997.37,4997.46,1714.993,1773820199999,8575015.27214,2396,921.838,4609141.32741,0
1773820200000,4997.57,4997.88,4992.72,4992.92,1261.459,1773820499999,6301150.75201,2602,895.544,4473367.73957,0
1773820500000,4992.92,4998.00,4992.60,4996.90,729.770,1773820799999,3645111.18747,1599,568.902,2841551.34716,0
1773820800000,4996.90,4998.27,4994.58,4996.61,620.200,1773821099999,3098879.65997,1675,355.238,1774912.14401,0
1773821100000,4996.61,4996.66,4990.03,4993.18,1293.009,1773821399999,6455120.99462,2204,817.624,4081777.60407,0
1773821400000,4993.17,4996.19,4992.78,4994.44,265.732,1773821699999,1327298.05040,1226,154.855,773445.91279,0
1773821700000,4994.46,4996.71,4992.07,4992.34,336.188,1773821999999,1678897.61416,1246,179.104,894434.14635,0
1773822000000,4992.34,4993.02,4986.60,4988.00,1725.189,1773822299999,8605766.94478,2801,1037.406,5174817.98556,0
1773822300000,4988.00,4991.68,4987.01,4991.68,681.443,1773822599999,3399928.03164,1898,524.034,2614498.46819,0
1773822600000,4991.68,4993.54,4991.28,4993.49,405.355,1773822899999,2023733.76754,1129,189.860,947876.69086,0
1773822900000,4993.50,4994.09,4989.40,4989.51,368.748,1773823199999,1840768.41490,1586,149.071,744081.99091,0
1773823200000,4989.51,4991.20,4987.22,4988.12,572.053,1773823499999,2853879.11070,1493,396.945,1980286.40139,0
1773823500000,4988.11,4991.50,4982.20,4990.33,1954.483,1773823799999,9745487.20206,3151,988.788,4930258.88017,0
1773823800000,4990.33,4991.44,4989.05,4989.56,555.722,1773824099999,2773195.59400,1240,286.216,1428307.40060,0
1773824100000,4989.55,4990.95,4989.25,4990.05,560.318,1773824399999,2796111.85534,1256,340.063,1696970.27902,0
1773824400000,4989.92,4993.20,4989.28,4993.10,797.109,1773824699999,3978542.67154,1574,503.311,2512189.22537,0
1773824700000,4993.05,4993.40,4991.79,4992.36,553.193,1773824999999,2762029.86645,976,171.073,854120.22156,0
1773825000000,4992.36,4992.37,4989.50,4989.51,201.961,1773825299999,1007950.90820,695,61.416,306520.93966,0
1773825300000,4989.51,4991.60,4988.10,4990.97,351.758,1773825599999,1755007.89509,943,225.516,1125129.45134,0
1773825600000,4990.99,4996.25,4990.91,4994.12,539.111,1773825899999,2692643.46080,1520,224.655,1121969.19685,0
1773825900000,4994.12,4996.55,4993.00,4994.75,308.164,1773826199999,1539154.75779,1197,185.331,925680.21285,0
1773826200000,4994.74,4996.70,4994.66,4995.49,263.764,1773826499999,1317726.31738,896,142.748,713134.02660,0
1773826500000,4995.48,4997.20,4994.70,4995.00,321.775,1773826799999,1607709.03975,1086,149.216,745530.59006,0
1773826800000,4994.99,4995.19,4993.65,4995.10,243.003,1773827099999,1213599.48472,791,126.163,630066.49500,0
1773827100000,4995.20,4995.20,4993.55,4993.55,166.316,1773827399999,830635.29983,646,53.359,266495.96712,0
1773827400000,4993.55,4996.40,4993.55,4994.62,192.361,1773827699999,960918.18101,779,91.195,455534.95309,0
1773827700000,4994.61,4994.85,4993.10,4994.06,260.079,1773827999999,1298852.72043,649,172.580,861873.92763,0
1773828000000,4994.06,4994.06,4990.55,4990.80,428.563,1773828299999,2139324.83468,1076,72.093,359845.65130,0
1773828300000,4990.71,4993.10,4989.03,4992.25,289.878,1773828599999,1446758.34433,964,171.464,855745.03528,0
1773828600000,4992.24,4993.20,4990.53,4991.59,258.922,1773828899999,1292439.73190,922,140.551,701579.78869,0
1773828900000,4991.59,4992.44,4989.60,4992.31,191.473,1773829199999,955593.59122,783,83.207,415246.59333,0
1773829200000,4992.31,4993.44,4990.95,4991.76,249.143,1773829499999,1243682.55047,816,155.697,777190.70468,0
1773829500000,4991.76,4991.77,4984.33,4985.84,647.678,1773829799999,3230205.94308,1774,231.466,1154352.04749,0
1773829800000,4985.83,4989.48,4982.59,4984.00,971.271,1773830099999,4842145.62241,2786,535.810,2671195.48487,0
1773830100000,4984.01,4984.01,4965.00,4979.50,7750.720,1773830399999,38555575.57787,11427,3147.697,15653926.72227,0
1773830400000,4979.50,4981.95,4976.15,4980.39,1005.213,1773830699999,5005377.95583,2934,419.485,2088750.49294,0
1773830700000,4980.32,4983.60,4978.21,4980.80,533.858,1773830999999,2659469.62770,2085,353.811,1762596.20942,0
1773831000000,4980.72,4980.72,4975.60,4976.30,623.301,1773831299999,3102548.05352,2307,336.897,1676916.55988,0
1773831300000,4976.31,4976.50,4964.10,4971.62,2596.225,1773831599999,12902862.88281,4821,1410.666,7010482.39458,0
1773831600000,4971.60,4972.83,4961.15,4962.49,1551.842,1773831899999,7706634.87495,4439,582.443,2892716.18540,0
1773831900000,4962.49,4963.29,4953.33,4960.80,3726.374,1773832199999,18476051.91385,7398,1858.939,9217537.05257,0
1773832200000,4960.84,4973.10,4958.83,4973.02,1672.399,1773832499999,8303335.41582,3989,1028.344,5105959.29562,0
1773832500000,4973.02,4975.36,4971.16,4974.97,1475.576,1773832799999,7338270.88977,3051,519.473,2583433.74289,0
1773832800000,4975.00,4976.40,4967.21,4968.31,1299.253,1773833099999,6461368.52821,2825,499.710,2485025.51380,0
1773833100000,4968.24,4969.07,4949.64,4951.45,4030.259,1773833399999,19968269.39123,7957,1938.412,9603917.32413,0
1773833400000,4951.45,4963.95,4949.21,4958.60,1749.047,1773833699999,8673704.51052,4672,751.685,3727538.83342,0
1773833700000,4958.60,4959.24,4949.08,4950.20,1735.396,1773833999999,8593836.93169,5140,974.883,4827571.11674,0
1773834000000,4950.20,4950.20,4937.39,4942.32,3809.104,1773834299999,18833443.96807,8838,1723.511,8521932.92518,0
1773834300000,4942.36,4948.36,4932.98,4942.09,3002.096,1773834599999,14830652.44950,7788,1864.959,9214540.56421,0
1773834600000,4942.06,4942.06,4934.53,4935.13,2902.014,1773834899999,14330648.35060,4776,1732.327,8554156.50814,0
1773834900000,4935.13,4937.70,4928.84,4933.32,2725.183,1773835199999,13442517.39611,5985,1217.927,6008095.23711,0
1773835200000,4933.33,4934.27,4923.58,4933.34,3856.277,1773835499999,19003073.92394,7630,2061.988,10161313.39325,0
1773835500000,4933.34,4936.18,4913.75,4916.39,4398.940,1773835799999,21659839.85954,8618,2020.047,9951751.13514,0
1773835800000,4916.39,4921.75,4907.83,4911.97,4432.911,1773836099999,21784749.19687,9013,2492.968,12251935.33316,0
1773836100000,4911.99,4916.20,4901.01,4908.19,4100.845,1773836399999,20123272.06852,8218,1862.559,9140803.11564,0
1773836400000,4908.18,4911.29,4901.59,4903.49,2550.742,1773836699999,12514885.63958,7547,1346.716,6607524.15960,0
1773836700000,4903.49,4908.69,4898.88,4905.91,3480.034,1773836999999,17061292.37681,7402,1685.437,8264219.93550,0
1773837000000,4905.90,4906.20,4887.75,4890.36,5945.700,1773837299999,29098123.24673,12006,2701.620,13223386.29110,0
1773837300000,4890.36,4893.09,4881.60,4887.25,5268.141,1773837599999,25751365.09022,9460,2478.555,12115421.45524,0
1773837600000,4887.25,4893.29,4876.62,4881.28,4051.060,1773837899999,19786326.83547,8762,1709.058,8349784.78658,0
1773837900000,4881.29,4882.99,4876.63,4878.54,4063.515,1773838199999,19825898.90283,7442,2330.859,11371935.95615,0
1773838200000,4878.54,4895.87,4874.39,4890.66,7560.163,1773838499999,36927708.66009,9693,4583.189,22390943.87185,0
1773838500000,4890.67,4892.04,4880.42,4884.22,2577.752,1773838799999,12594671.55038,5160,1335.945,6527911.87782,0
1773838800000,4884.06,4885.00,4856.03,4864.24,10218.442,1773839099999,49710475.56669,15737,4711.957,22920034.65932,0
1773839100000,4864.23,4870.47,4859.30,4864.90,3694.014,1773839399999,17975014.06652,6990,2256.520,10980784.49566,0
1773839400000,4864.90,4870.00,4855.00,4863.37,3510.404,1773839699999,17065070.80833,7958,1730.936,8416025.00105,0
1773839700000,4863.36,4863.36,4837.49,4856.36,8517.671,1773839999999,41309574.21777,13655,3903.026,18930838.51711,0
1773840000000,4856.35,4868.94,4855.00,4862.88,3663.266,1773840299999,17816599.78185,7041,2082.865,10130146.77542,0
1773840300000,4862.89,4869.92,4860.91,4865.16,2009.797,1773840599999,9778499.66233,6075,1145.602,5574170.23698,0
1773840600000,4865.16,4867.45,4855.66,4862.88,2613.373,1773840899999,12702711.59619,9582,1467.566,7133228.51800,0
1773840900000,4862.87,4874.93,4859.21,4872.66,2523.823,1773841199999,12281800.37812,7890,1447.000,7042199.01638,0
1773841200000,4872.72,4888.00,4870.45,4878.30,5794.890,1773841499999,28287371.11749,9906,2696.123,13160066.45491,0
1773841500000,4878.35,4883.49,4872.25,4875.74,2576.828,1773841799999,12569345.33926,7510,1349.214,6581213.19315,0
1773841800000,4875.73,4876.69,4866.10,4876.30,2281.737,1773842099999,11114894.80219,7440,1095.592,5336630.38052,0
1773842100000,4876.31,4884.21,4870.95,4882.26,1675.043,1773842399999,8171543.79383,5556,900.889,4395154.81053,0
1773842400000,4882.25,4889.88,4876.50,4887.61,3187.788,1773842699999,15572220.94636,6649,1562.781,7634570.32976,0
1773842700000,4887.61,4898.83,4887.45,4897.00,3592.616,1773842999999,17581768.32377,7370,1612.542,7891475.14598,0
1773843000000,4897.00,4897.65,4884.00,4884.72,2365.856,1773843299999,11568335.29944,6081,678.609,3317933.84793,0
1773843300000,4884.72,4887.68,4876.00,4876.01,1800.418,1773843599999,8785198.53670,5121,608.805,2970802.30871,0
1773843600000,4876.00,4876.96,4868.14,4870.92,2260.697,1773843899999,11015162.51224,6032,1241.853,6050692.16002,0
1773843900000,4870.92,4870.92,4862.50,4864.19,1928.029,1773844199999,9381921.40200,6239,913.352,4444470.55051,0
1773844200000,4864.10,4869.79,4860.15,4866.09,2069.580,1773844499999,10067633.31253,5944,1309.147,6368528.69047,0
1773844500000,4866.10,4869.35,4860.80,4864.27,1247.430,1773844799999,6068549.09248,4667,798.349,3883792.44814,0
1773844800000,4864.27,4867.92,4862.04,4865.24,757.962,1773845099999,3687573.19793,3445,417.395,2030701.41400,0
1773845100000,4865.23,4874.74,4864.57,4869.31,1322.105,1773845399999,6439649.99229,4374,643.662,3135106.92917,0
1773845400000,4869.31,4872.66,4864.44,4867.94,605.897,1773845699999,2950000.94720,3275,301.512,1467913.93446,0
1773845700000,4867.93,4876.04,4867.70,4872.74,956.391,1773845999999,4660146.72827,3347,541.978,2640926.34641,0
1773846000000,4872.74,4878.15,4868.42,4873.60,1960.743,1773846299999,9554729.33058,4906,880.551,4291026.12767,0
1773846300000,4873.60,4881.45,4873.60,4881.35,1137.350,1773846599999,5547451.37761,3242,639.778,3120559.42443,0
1773846600000,4881.35,4881.36,4874.00,4878.50,965.088,1773846899999,4707059.04868,3346,343.662,1675977.94798,0
1773846900000,4878.50,4883.16,4877.30,4879.92,1001.634,1773847199999,4888029.34738,2892,481.452,2349608.95341,0
1773847200000,4879.92,4881.00,4870.95,4878.21,1448.088,1773847499999,7060183.54937,3915,670.915,3270691.71128,0
1773847500000,4878.11,4878.11,4873.01,4875.76,601.089,1773847799999,2930477.39655,2395,317.187,1546317.68415,0
1773847800000,4875.75,4879.20,4874.50,4877.90,471.660,1773848099999,2300286.03072,1965,282.204,1376327.33408,0
1773848100000,4877.90,4879.19,4876.13,4876.95,568.426,1773848399999,2772620.59075,2049,295.064,1439242.90683,0
1773848400000,4876.95,4878.08,4868.90,4869.31,764.735,1773848699999,3726237.96830,2799,295.180,1438226.14819,0
1773848700000,4869.20,4870.75,4865.00,4867.20,1004.625,1773848999999,4890471.35624,3100,557.817,2715483.89206,0
1773849000000,4867.20,4870.15,4866.05,4868.99,710.559,1773849299999,3459290.82561,2521,458.345,2231380.12291,0
1773849300000,4868.99,4870.25,4865.76,4866.19,871.512,1773849599999,4242443.26139,2240,494.414,2406684.78120,0
1773849600000,4866.20,4873.80,4863.65,4870.25,1034.077,1773849899999,5034209.79228,3096,557.355,2713321.14491,0
1773849900000,4870.31,4874.78,4870.05,4873.45,476.637,1773850199999,2322506.29942,2058,232.777,1134205.47641,0
1773850200000,4873.45,4883.29,4873.45,4880.87,712.387,1773850499999,3476209.86420,2564,373.967,1824609.76444,0
1773850500000,4880.87,4881.16,4877.24,4880.20,818.040,1773850799999,3991358.42119,2331,226.754,1106320.91944,0
1773850800000,4880.00,4881.95,4878.78,4880.40,586.765,1773851099999,2863608.67849,1658,261.421,1275772.65581,0
1773851100000,4880.41,4886.25,4879.40,4885.70,742.928,1773851399999,3627915.15374,2650,282.615,1380148.87059,0
1773851400000,4885.69,4885.70,4878.80,4881.14,1081.498,1773851699999,5280933.71259,2978,359.392,1754963.73543,0
1773851700000,4881.13,4883.56,4877.00,4883.55,721.327,1773851999999,3520443.48311,2487,431.848,2107770.71280,0
1773852000000,4883.55,4886.13,4881.05,4886.13,611.929,1773852299999,2988595.77589,2037,406.900,1987232.01730,0
1773852300000,4886.15,4888.15,4884.01,4885.18,501.289,1773852599999,2449350.03625,2149,242.638,1185573.24841,0
1773852600000,4885.18,4891.66,4883.16,4890.41,652.475,1773852899999,3188843.20705,2505,306.960,1500314.37156,0
1773852900000,4890.41,4893.11,4888.85,4890.11,893.282,1773853199999,4369518.29519,2516,277.246,1356159.02420,0
1773853200000,4890.10,4892.78,4887.40,4892.04,656.622,1773853499999,3210900.64451,2455,215.486,1053735.39571,0
1773853500000,4892.04,4892.79,4889.37,4890.35,475.976,1773853799999,2328044.39838,1777,208.799,1021285.91626,0
1773853800000,4890.36,4890.79,4886.80,4889.91,485.425,1773854099999,2373161.51750,1838,147.643,721757.77696,0
1773854100000,4889.85,4892.55,4888.45,4892.35,424.279,1773854399999,2074982.42198,1654,230.202,1125797.82288,0
1773854400000,4892.35,4899.94,4890.72,4899.55,850.884,1773854699999,4165763.97059,2550,455.138,2228079.90701,0
1773854700000,4899.60,4900.65,4894.01,4894.21,1489.960,1773854999999,7297346.01766,3462,596.833,2923047.33490,0
1773855000000,4894.20,4897.31,4890.48,4897.31,578.715,1773855299999,2831852.55567,2000,295.866,1447833.99935,0
1773855300000,4897.32,4901.95,4897.32,4901.60,633.831,1773855599999,3105988.91120,2060,304.249,1490895.83525,0
1773855600000,4901.60,4901.60,4893.27,4897.86,600.550,1773855899999,2941067.93733,1941,267.344,1309122.56108,0
1773855900000,4897.85,4898.79,4892.53,4893.45,419.372,1773856199999,2053107.59429,1617,114.208,559106.98267,0
1773856200000,4893.44,4895.30,4891.20,4893.14,557.463,1773856499999,2727542.67537,1889,269.069,1316465.98193,0
1773856500000,4893.29,4895.22,4892.00,4892.28,431.382,1773856799999,2110942.21694,1312,177.331,867724.17554,0
1773856800000,4892.28,4902.61,4886.21,4891.84,2258.666,1773857099999,11049173.06449,6266,967.636,4733713.50353,0
1773857100000,4891.83,4891.83,4883.16,4885.76,1473.690,1773857399999,7200870.63002,4753,524.113,2560659.81897,0
1773857400000,4885.75,4892.10,4883.70,4890.24,910.430,1773857699999,4450547.33811,3409,500.620,2447290.84974,0
1773857700000,4890.23,4890.95,4881.00,4887.30,832.454,1773857999999,4067499.28242,3960,379.816,1855960.99562,0
1773858000000,4887.30,4889.64,4883.50,4884.47,479.588,1773858299999,2343402.16230,2080,275.518,1346247.46632,0
1773858300000,4884.49,4889.55,4881.04,4889.11,508.523,1773858599999,2483924.84264,2122,243.082,1187314.53432,0
1773858600000,4889.10,4891.08,4875.72,4879.00,1095.859,1773858899999,5348908.22854,4243,372.668,1819095.53382,0
1773858900000,4879.00,4890.43,4877.72,4878.36,1128.310,1773859199999,5511024.39462,4906,494.052,2413069.88988,0
1773859200000,4878.36,4887.01,4878.11,4881.20,646.430,1773859499999,3156529.53405,3601,331.682,1619739.73571,0
1773859500000,4881.18,4881.41,4870.22,4871.63,1270.099,1773859799999,6191909.19418,4677,548.311,2673288.73707,0
1773859800000,4871.29,4872.94,4865.05,4867.39,1330.333,1773860099999,6477421.98719,4445,423.814,2063654.65505,0
1773860100000,4867.25,4868.80,4855.84,4856.19,1701.869,1773860399999,8274330.90262,5239,621.146,3020078.88268,0
1773860400000,4856.18,4861.09,4847.55,4860.85,3321.311,1773860699999,16122097.18803,7553,1866.890,9063072.14321,0
1773860700000,4860.85,4862.33,4855.65,4862.01,1439.512,1773860999999,6995095.12740,3906,840.674,4085210.41749,0
1773861000000,4862.00,4864.80,4854.67,4861.25,883.589,1773861299999,4294781.72065,3463,453.905,2206222.89433,0
1773861300000,4861.26,4868.74,4861.24,4865.96,1106.864,1773861599999,5386243.23329,3279,670.284,3261657.62121,0
1773861600000,4865.95,4866.62,4849.90,4851.98,1243.000,1773861899999,6035467.29656,3787,557.644,2707157.77749,0
1773861900000,4851.98,4855.20,4849.37,4853.38,1000.214,1773862199999,4852870.58135,3648,567.583,2753712.97086,0
1773862200000,4853.10,4861.00,4852.86,4861.00,683.900,1773862499999,3321131.86700,2678,343.991,1670525.03372,0
1773862500000,4861.00,4864.00,4859.41,4860.61,762.955,1773862799999,3709343.88506,1908,256.114,1245155.98320,0
1773862800000,4860.53,4861.80,4851.09,4854.21,752.521,1773863099999,3653150.85091,2621,271.008,1315594.90838,0
1773863100000,4854.20,4854.34,4847.75,4849.15,1023.185,1773863399999,4963249.33590,3200,457.390,2218631.63206,0
1773863400000,4849.19,4850.79,4842.73,4847.21,1231.963,1773863699999,5970896.55733,3930,460.244,2230638.92176,0
1773863700000,4847.20,4848.95,4844.37,4847.11,864.456,1773863999999,4189159.63575,2880,459.776,2228080.82974,0
1773864000000,4847.10,4852.29,4845.66,4850.01,609.684,1773864299999,2956773.56442,2357,302.145,1465272.96756,0
1773864300000,4850.00,4850.65,4840.66,4841.84,1244.893,1773864599999,6030089.36451,2654,534.412,2588572.56467,0
1773864600000,4841.81,4847.14,4828.27,4829.85,2627.643,1773864899999,12705929.61337,6195,918.394,4441542.90608,0
1773864900000,4829.85,4829.85,4823.35,4826.06,2291.180,1773865199999,11059345.39151,4906,1187.967,5734295.79809,0
1773865200000,4826.05,4832.27,4823.76,4826.16,769.758,1773865499999,3716754.57333,2897,339.765,1640580.07696,0
1773865500000,4826.16,4830.00,4814.01,4816.49,2809.382,1773865799999,13539848.27140,6039,1229.239,5924686.51062,0
1773865800000,4816.48,4820.45,4812.25,4817.68,1705.458,1773866099999,8212800.45938,4350,1110.814,5349135.99122,0
1773866100000,4817.41,4825.38,4817.41,4822.22,1092.828,1773866399999,5269107.24449,3688,671.723,3238742.71259,0
1773866400000,4822.22,4827.09,4822.21,4826.70,789.027,1773866699999,3807238.04594,2713,473.659,2285449.17383,0
1773866700000,4826.71,4832.27,4823.90,4830.39,688.541,1773866999999,3323716.94127,2539,439.167,2120018.05755,0
1773867000000,4830.39,4831.42,4820.43,4822.23,527.551,1773867299999,2545497.48157,1962,153.425,740463.59108,0
1773867300000,4822.22,4825.55,4821.56,4825.31,487.658,1773867599999,2352253.85218,1790,259.706,1252718.50892,0
1773867600000,4825.32,4826.40,4823.98,4823.99,322.683,1773867899999,1557064.51718,1000,117.141,565249.81808,0
1773867900000,4823.99,4826.05,4823.40,4826.05,260.574,1773868199999,1257156.20780,708,173.912,839029.34514,0
1773868200000,4826.04,4827.64,4823.97,4824.59,346.314,1773868499999,1671256.32743,1136,186.013,897683.32323,0
1773868500000,4824.60,4826.64,4820.33,4824.56,604.102,1773868799999,2913889.20472,1948,250.831,1209845.05101,0
1773868800000,4824.55,4824.56,4821.40,4822.04,257.182,1773869099999,1240285.10772,942,110.020,530553.68273,0
1773869100000,4822.04,4822.90,4820.60,4821.72,211.479,1773869399999,1019696.74594,748,89.890,433433.38259,0
1773869400000,4821.73,4821.87,4819.14,4821.11,312.576,1773869699999,1506921.12080,1351,135.672,654062.48704,0
1773869700000,4821.12,4821.27,4818.00,4818.62,336.097,1773869999999,1619827.58156,808,97.834,471525.31174,0
1773870000000,4818.67,4820.97,4818.41,4820.83,157.693,1773870299999,760021.25874,708,89.336,430576.35408,0
1773870300000,4820.82,4823.90,4820.80,4822.82,213.301,1773870599999,1028691.24856,1183,105.081,506754.66333,0
1773870600000,4822.81,4826.11,4822.80,4825.11,202.107,1773870899999,975028.15665,1243,131.158,632759.06901,0
1773870900000,4825.11,4828.09,4825.11,4826.69,175.517,1773871199999,847199.38240,768,97.833,472205.16160,0
1773871200000,4826.68,4838.64,4819.44,4827.96,3926.400,1773871499999,18968032.53443,10604,1867.735,9022526.97041,0
1773871500000,4828.07,4834.68,4822.68,4828.96,1252.447,1773871799999,6047843.91610,4227,724.536,3498476.13933,0
1773871800000,4828.96,4829.52,4818.49,4821.15,1280.598,1773872099999,6177126.84037,3060,704.879,3399836.93839,0
1773872100000,4821.14,4824.00,4812.23,4824.00,1602.406,1773872399999,7718333.19817,4796,823.395,3966091.04526,0
1773872400000,4823.99,4823.99,4806.45,4822.35,2057.585,1773872699999,9903941.21074,6329,889.246,4281028.13529,0
1773872700000,4822.35,4827.12,4817.51,4817.51,1003.254,1773872999999,4839112.82684,3020,482.749,2328865.09163,0
1773873000000,4817.50,4820.95,4811.40,4820.56,572.045,1773873299999,2754909.75727,2865,302.281,1455818.86622,0
1773873300000,4820.56,4830.39,4820.55,4826.25,853.415,1773873599999,4118974.31963,3128,361.102,1742599.71895,0
1773873600000,4826.26,4831.48,4826.26,4830.40,530.129,1773873899999,2560261.17995,2143,190.355,919227.84767,0
1773873900000,4830.46,4839.72,4828.06,4835.88,1068.093,1773874199999,5163372.86390,3302,358.987,1735233.74153,0
1773874200000,4835.87,4841.91,4833.31,4835.81,1017.794,1773874499999,4923585.18962,2755,631.664,3055404.04126,0
1773874500000,4835.82,4837.55,4832.93,4837.06,532.268,1773874799999,2573277.48150,1581,312.853,1512448.60434,0
1773874800000,4837.05,4840.26,4832.86,4836.91,668.137,1773875099999,3231265.17029,2544,420.922,2035514.19015,0
1773875100000,4836.90,4839.68,4835.41,4837.86,622.461,1773875399999,3011374.37711,1767,368.793,1784156.97196,0
1773875400000,4837.85,4839.92,4836.11,4838.16,462.278,1773875699999,2236490.69718,1677,294.351,1424056.66801,0
1773875700000,4838.17,4839.23,4831.58,4833.40,524.693,1773875999999,2536757.52934,1958,250.957,1213312.37331,0
1773876000000,4833.40,4839.17,4833.39,4839.17,691.319,1773876299999,3343685.56627,2180,538.036,2602302.18624,0
1773876300000,4839.17,4842.90,4838.65,4840.14,923.730,1773876599999,4471449.80225,2588,350.674,1697430.38205,0
1773876600000,4840.13,4843.62,4838.13,4839.76,496.459,1773876899999,2403102.22106,1912,306.658,1484367.16540,0
1773876900000,4839.75,4841.88,4838.42,4841.87,361.245,1773877199999,1748532.76098,1621,160.414,776445.72858,0
1773877200000,4841.87,4845.81,4838.10,4838.10,475.238,1773877499999,2301338.22540,1688,278.108,1346762.22149,0
1773877500000,4838.10,4841.03,4833.96,4839.95,790.665,1773877799999,3824794.57631,2520,451.610,2184376.03051,0
1773877800000,4839.95,4839.96,4833.90,4839.48,474.409,1773878099999,2294459.81481,2039,185.226,895899.57278,0
1773878100000,4839.47,4841.40,4837.00,4840.06,433.844,1773878399999,2099239.97836,1659,297.096,1437529.10155,0
1773878400000,4840.06,4849.20,4838.55,4848.48,1055.368,1773878699999,5115185.75505,3195,360.010,1744770.82899,0
1773878700000,4848.48,4850.64,4845.35,4845.50,518.847,1773878999999,2515542.17275,2019,258.604,1253806.96991,0
1773879000000,4845.50,4848.29,4839.76,4846.08,728.521,1773879299999,3529603.23227,2969,329.946,1598472.17929,0
1773879300000,4846.09,4846.81,4842.02,4843.32,245.577,1773879599999,1189678.51047,1274,131.258,635852.57230,0
1773879600000,4843.31,4845.70,4842.25,4845.06,661.383,1773879899999,3203973.79864,1966,286.628,1388482.22597,0
1773879900000,4845.06,4846.20,4840.82,4845.65,568.789,1773880199999,2754924.43541,1936,424.933,2058103.08411,0
1773880200000,4845.65,4850.91,4843.67,4848.05,922.910,1773880499999,4473872.55429,2999,600.674,2911812.71193,0
1773880500000,4848.01,4851.85,4846.40,4847.12,566.787,1773880799999,2748522.87453,2359,269.355,1306191.52544,0
1773880800000,4847.12,4848.30,4841.73,4844.07,578.496,1773881099999,2802851.50250,2338,282.922,1370726.24827,0
1773881100000,4844.06,4849.16,4841.56,4847.16,682.307,1773881399999,3305299.31790,2366,370.079,1792831.62420,0
1773881400000,4847.16,4847.17,4842.08,4844.26,498.883,1773881699999,2417038.90313,2316,283.219,1372089.31526,0
1773881700000,4844.25,4846.43,4843.35,4845.01,442.935,1773881999999,2145911.13202,1872,158.192,766392.26701,0
1773882000000,4845.01,4855.54,4844.10,4845.07,1185.906,1773882299999,5752522.44863,5189,579.342,2810379.67513,0
1773882300000,4845.07,4845.07,4835.84,4843.76,1575.992,1773882599999,7628707.91994,5241,749.778,3629578.83380,0
1773882600000,4843.76,4845.42,4838.04,4840.81,601.664,1773882899999,2913115.68443,3208,278.134,1346602.10908,0
1773882900000,4840.86,4843.92,4839.00,4840.60,620.410,1773883199999,3003745.90312,3086,263.658,1276513.86099,0
1773883200000,4840.60,4841.70,4836.79,4839.60,502.479,1773883499999,2431593.91355,2599,249.009,1204926.62529,0
1773883500000,4839.60,4847.94,4838.05,4847.66,586.481,1773883799999,2839876.82906,2533,302.439,1464351.34242,0
1773883800000,4847.65,4851.35,4845.56,4849.78,944.643,1773884099999,4580879.94233,2959,412.250,1998984.48763,0
1773884100000,4849.77,4863.48,4849.76,4863.39,1774.221,1773884399999,8620481.94103,4648,949.014,4610876.05236,0
1773884400000,4863.42,4868.14,4862.93,4867.01,1239.773,1773884699999,6032470.74307,3460,514.236,2502175.36308,0
1773884700000,4867.00,4867.00,4856.18,4860.29,966.065,1773884999999,4695733.15471,2884,334.740,1627002.50088,0
1773885000000,4860.29,4860.99,4854.42,4859.92,601.588,1773885299999,2922445.64814,2169,332.961,1617533.84685,0
1773885300000,4859.92,4861.90,4851.56,4853.04,855.566,1773885599999,4156211.17033,2375,370.239,1798696.10074,0
1773885600000,4853.03,4854.71,4848.00,4849.02,787.683,1773885899999,3821056.51521,3040,352.019,1707821.21359,0
1773885900000,4849.19,4851.84,4844.08,4850.07,894.284,1773886199999,4335870.57443,2675,487.289,2362572.64349,0
1773886200000,4850.06,4852.99,4849.41,4852.17,583.078,1773886499999,2828583.27574,2185,326.007,1581488.56114,0
1773886500000,4852.17,4856.12,4851.26,4853.30,578.062,1773886799999,2805736.55560,1844,243.773,1183257.21384,0
1773886800000,4853.30,4860.00,4853.29,4859.80,427.424,1773887099999,2076106.04591,1570,206.266,1001894.87551,0
1773887100000,4859.81,4860.25,4858.08,4859.42,365.467,1773887399999,1775901.41252,1271,138.288,672004.60045,0
1773887400000,4859.51,4860.59,4856.45,4858.75,586.878,1773887699999,2851092.42009,2046,197.781,960784.82483,0
1773887700000,4858.75,4862.11,4856.69,4857.99,526.288,1773887999999,2557528.17162,2014,263.178,1278882.90346,0
1773888000000,4858.00,4863.04,4857.71,4862.89,599.769,1773888299999,2915081.81069,1493,216.160,1050654.76079,0
1773888300000,4862.86,4862.99,4856.30,4858.83,902.648,1773888599999,4386185.32985,1919,363.576,1766626.93817,0
1773888600000,4858.75,4863.30,4855.30,4863.00,563.421,1773888899999,2737583.95548,1644,239.449,1163523.98130,0
1773888900000,4862.99,4863.63,4856.91,4860.52,404.173,1773889199999,1964662.95786,1785,240.634,1169735.76379,0
1773889200000,4860.52,4863.32,4857.30,4861.65,568.577,1773889499999,2763777.24250,1986,199.074,967641.49729,0
1773889500000,4861.64,4864.97,4857.38,4864.67,355.053,1773889799999,1725894.71875,1475,149.458,726446.65913,0
1773889800000,4864.68,4866.07,4863.24,4865.65,633.253,1773890099999,3080603.52529,1742,251.207,1222037.34187,0
1773890100000,4865.64,4866.89,4864.55,4865.77,510.450,1773890399999,2483587.28088,1072,207.006,1007183.67985,0
1773890400000,4865.77,4865.77,4859.10,4859.28,638.047,1773890699999,3102517.56103,1718,254.961,1239597.93589,0
1773890700000,4859.27,4861.62,4858.17,4861.12,414.070,1773890999999,2012379.78886,1162,258.733,1257404.10579,0
1773891000000,4861.12,4861.30,4855.10,4856.53,406.302,1773891299999,1973562.76252,1287,105.705,513370.20688,0
1773891300000,4856.55,4856.62,4853.24,4855.85,522.427,1773891599999,2536069.17973,1301,179.489,871307.86355,0
1773891600000,4855.85,4858.00,4855.30,4857.50,347.716,1773891899999,1688891.25576,1044,160.992,781939.91125,0
1773891900000,4857.51,4858.42,4855.45,4856.71,219.845,1773892199999,1067786.99050,924,109.609,532379.05230,0
1773892200000,4856.71,4856.71,4853.20,4854.26,396.564,1773892499999,1925471.22311,1337,129.781,630124.90568,0
1773892500000,4854.26,4854.26,4852.47,4852.54,379.203,1773892799999,1840331.42907,1075,211.597,1026887.11661,0
1773892800000,4852.53,4852.68,4849.39,4850.76,631.337,1773893099999,3062621.91530,1382,261.286,1267495.34759,0
1773893100000,4850.75,4851.40,4848.66,4851.03,372.760,1773893399999,1807883.24720,1039,163.677,793861.31667,0
1773893400000,4851.03,4853.49,4849.60,4853.35,314.800,1773893699999,1527245.36038,941,206.145,1000128.66978,0
1773893700000,4853.35,4853.84,4852.80,4853.46,191.255,1773893999999,928236.53134,612,133.079,645884.77727,0
1773894000000,4853.46,4854.95,4852.90,4854.75,273.395,1773894299999,1327040.31683,858,161.321,783026.96622,0
1773894300000,4854.75,4855.69,4852.12,4852.13,432.564,1773894599999,2099936.68506,915,328.462,1594602.35117,0
1773894600000,4852.12,4853.03,4849.88,4852.50,299.931,1773894899999,1455118.34108,1058,137.444,666831.93829,0
1773894900000,4852.51,4853.85,4851.15,4851.25,199.166,1773895199999,966490.75300,892,64.758,314249.77904,0
1773895200000,4851.25,4852.40,4850.45,4850.88,305.276,1773895499999,1480973.98226,888,80.739,391685.36434,0
1773895500000,4850.88,4850.89,4847.38,4847.95,355.190,1773895799999,1722262.07938,1234,108.736,527238.70909,0
1773895800000,4847.96,4850.76,4847.80,4850.49,259.575,1773896099999,1258702.60755,911,168.313,816181.54533,0
1773896100000,4850.48,4851.30,4849.59,4851.00,284.970,1773896399999,1382293.47017,758,114.048,553184.99632,0
1773896400000,4851.01,4853.41,4848.80,4853.41,384.212,1773896699999,1863793.54498,1213,177.685,861944.45685,0
1773896700000,4853.50,4854.36,4850.65,4850.65,328.459,1773896999999,1593966.74972,1244,102.095,495458.35778,0
1773897000000,4850.66,4852.99,4848.67,4852.85,408.678,1773897299999,1982448.67974,1213,248.658,1206235.75388,0
1773897300000,4852.84,4855.68,4852.71,4855.20,442.493,1773897599999,2148163.49481,1159,275.207,1336015.15494,0
1773897600000,4855.20,4856.12,4851.10,4852.26,283.124,1773897899999,1374359.07890,1004,107.029,519580.01158,0
1773897900000,4852.26,4852.58,4847.63,4847.87,331.977,1773898199999,1609949.56304,1078,84.403,409266.08998,0
1773898200000,4847.86,4847.86,4840.62,4842.24,1406.397,1773898499999,6812517.34085,3982,590.990,2862538.43065,0
1773898500000,4842.24,4843.38,4833.64,4835.05,1002.617,1773898799999,4850772.76920,2968,239.385,1158426.37757,0
1773898800000,4835.06,4838.47,4834.99,4835.61,994.532,1773899099999,4810140.26869,2770,760.684,3679080.30563,0
1773899100000,4835.61,4840.88,4832.01,4839.96,1635.912,1773899399999,7910901.53117,3431,1087.509,5258903.71649,0
1773899400000,4839.97,4841.90,4837.83,4837.83,570.844,1773899699999,2763008.09800,2026,285.234,1380560.95980,0
1773899700000,4837.83,4838.28,4829.17,4829.68,1273.384,1773899999999,6153637.09455,3109,492.359,2379601.00493,0
1773900000000,4829.68,4843.44,4829.32,4839.21,1307.569,1773900299999,6326987.98061,3623,553.706,2678211.69271,0
1773900300000,4839.21,4841.43,4834.05,4835.70,618.817,1773900599999,2993175.57487,2430,318.095,1538479.40850,0
1773900600000,4835.69,4838.00,4834.40,4835.65,490.450,1773900899999,2371986.37392,1690,240.187,1161606.40423,0
1773900900000,4835.65,4836.00,4823.95,4824.62,1619.918,1773901199999,7821968.30701,3399,774.648,3740587.13236,0
1773901200000,4824.63,4829.17,4820.33,4821.80,1751.869,1773901499999,8450040.61518,3659,978.657,4720271.75133,0
1773901500000,4821.79,4826.00,4816.10,4816.76,1837.326,1773901799999,8858604.57146,4362,569.749,2747457.66404,0
1773901800000,4816.77,4822.52,4811.22,4812.23,2077.340,1773902099999,10004460.86871,5199,904.163,4354158.98022,0
1773902100000,4812.22,4812.31,4794.46,4800.00,7146.110,1773902399999,34317181.91515,13842,2794.765,13421387.75484,0
1773902400000,4800.00,4800.24,4783.69,4790.13,3992.367,1773902699999,19130115.16429,9095,1694.860,8121377.54790,0
1773902700000,4790.15,4792.58,4762.36,4769.56,6815.633,1773902999999,32538786.37291,15475,2565.561,12248022.51468,0
1773903000000,4769.66,4769.91,4751.32,4758.29,7696.695,1773903299999,36626272.47718,15782,3334.553,15868631.94274,0
1773903300000,4758.33,4774.88,4753.37,4768.93,4642.831,1773903599999,22114781.54558,10689,2788.512,13283098.43211,0
1773903600000,4768.92,4777.49,4767.54,4772.61,3160.627,1773903899999,15085191.19127,7131,1533.525,7319124.36369,0
1773903900000,4772.61,4786.40,4768.56,4783.68,2087.245,1773904199999,9976254.74169,6222,1217.021,5816179.44410,0
1773904200000,4783.56,4787.00,4780.51,4780.80,2236.144,1773904499999,10695312.15318,4768,664.750,3179508.66405,0
1773904500000,4780.81,4784.99,4775.76,4777.35,1647.432,1773904799999,7874987.01996,4756,676.867,3235746.79810,0
1773904800000,4777.36,4779.12,4766.67,4769.64,2802.179,1773905099999,13371721.13503,5891,890.400,4248917.47488,0
1773905100000,4769.60,4774.00,4761.41,4773.84,2261.578,1773905399999,10780679.96529,6103,1165.289,5554415.28331,0
1773905400000,4773.83,4774.20,4761.34,4769.05,1778.027,1773905699999,8475307.58351,4653,864.762,4121894.40969,0
1773905700000,4769.05,4776.08,4767.60,4772.04,1076.108,1773905999999,5134268.50179,3130,754.846,3601447.25810,0
1773906000000,4772.04,4773.70,4738.41,4743.91,4691.109,1773906299999,22296424.54569,9947,1569.991,7464975.40986,0
1773906300000,4743.91,4756.74,4742.30,4753.55,2494.245,1773906599999,11846046.49793,5914,1479.824,7027827.52303,0
1773906600000,4753.55,4758.30,4748.91,4757.64,1324.897,1773906899999,6298320.72876,4133,731.717,3478747.07585,0
1773906900000,4757.65,4758.19,4732.00,4732.25,3259.083,1773907199999,15450432.18636,7986,1368.458,6487074.39163,0
1773907200000,4732.26,4745.71,4731.73,4740.77,2737.442,1773907499999,12972705.84985,6911,1449.311,6868560.80309,0
1773907500000,4740.77,4741.58,4718.24,4720.04,5452.932,1773907799999,25770736.28270,12458,2513.623,11877098.26653,0
1773907800000,4720.03,4726.63,4705.36,4718.11,5779.695,1773908099999,27258184.15103,12492,2431.500,11468774.90035,0
1773908100000,4718.23,4737.12,4717.13,4733.39,3318.863,1773908399999,15695418.99244,8530,1908.887,9027151.69819,0
1773908400000,4733.40,4740.97,4731.38,4735.33,2478.512,1773908699999,11739478.29567,6881,1349.260,6391010.75593,0
1773908700000,4735.32,4736.00,4718.56,4721.98,2284.631,1773908999999,10799347.84697,6697,1055.770,4989790.39241,0
1773909000000,4721.97,4726.76,4701.12,4707.48,5064.995,1773909299999,23871655.34084,11196,2201.119,10372554.85030,0
1773909300000,4707.48,4723.70,4706.80,4714.63,3163.017,1773909599999,14921132.49656,8312,1801.712,8498239.85184,0
1773909600000,4714.46,4714.46,4690.60,4693.54,7235.412,1773909899999,34002807.68826,14746,3319.314,15598871.56827,0
1773909900000,4693.46,4723.48,4692.36,4716.09,4794.591,1773910199999,22580708.19203,9724,2576.350,12130108.36056,0
1773910200000,4716.09,4722.98,4711.20,4712.00,2587.949,1773910499999,12208988.63089,6410,1409.306,6648745.60571,0
1773910500000,4712.00,4715.88,4707.73,4714.20,1810.589,1773910799999,8529879.26620,6017,890.831,4196829.20728,0
1773910800000,4714.20,4724.75,4713.84,4717.65,2536.535,1773911099999,11972580.38400,7455,1429.308,6746289.96529,0
1773911100000,4717.65,4721.88,4700.70,4707.73,3254.548,1773911399999,15332880.16029,7917,2018.718,9510927.77858,0
1773911400000,4707.73,4710.71,4692.61,4699.69,3572.817,1773911699999,16795056.89295,8689,1986.615,9338485.56328,0
1773911700000,4699.71,4720.19,4698.22,4717.56,3083.838,1773911999999,14524601.27210,8593,1607.100,7569504.68662,0
1773912000000,4717.57,4726.79,4713.73,4713.95,2826.530,1773912299999,13343510.41622,7957,1073.000,5065377.80751,0
1773912300000,4713.95,4719.40,4706.88,4712.60,2469.008,1773912599999,11639778.48441,7844,1235.877,5826242.93932,0
1773912600000,4712.64,4729.70,4712.00,4723.08,2680.024,1773912899999,12658390.91409,6940,1259.882,5949447.69497,0
1773912900000,4723.08,4725.25,4714.81,4716.52,1849.809,1773913199999,8731135.40156,6242,941.969,4445566.79147,0
1773913200000,4716.48,4721.56,4707.86,4709.40,2644.851,1773913499999,12465800.95520,6075,1505.665,7096555.44243,0
1773913500000,4709.39,4720.60,4709.01,4719.41,1812.395,1773913799999,8545964.62992,5707,936.118,4413280.16167,0
1773913800000,4719.35,4721.16,4703.15,4709.99,2545.804,1773914099999,11987254.76371,7020,1535.302,7228694.62390,0
1773914100000,4710.00,4714.80,4701.47,4703.45,2101.343,1773914399999,9895757.12692,5839,1097.401,5167619.93881,0
1773914400000,4703.44,4714.60,4702.40,4714.59,1592.195,1773914699999,7497083.08041,4879,860.685,4051663.75589,0
1773914700000,4714.59,4723.30,4711.83,4716.04,2158.020,1773914999999,10179492.17172,4683,971.628,4583228.49640,0
1773915000000,4716.12,4716.20,4704.66,4709.41,2566.352,1773915299999,12084964.61835,5376,1401.379,6598025.95074,0
1773915300000,4709.40,4710.15,4694.16,4698.81,4078.812,1773915599999,19168655.57503,8123,2216.409,10415162.51583,0
1773915600000,4698.82,4699.36,4675.32,4683.55,7843.063,1773915899999,36751227.74317,12795,2656.608,12447492.84097,0
1773915900000,4683.51,4693.86,4683.51,4687.83,1787.331,1773916199999,8380604.67731,5185,1074.021,5035951.55859,0
1773916200000,4688.13,4703.98,4678.60,4701.81,5131.936,1773916499999,24070930.54587,11070,2450.316,11492638.62988,0
1773916500000,4701.80,4702.65,4690.89,4694.05,1819.652,1773916799999,8545333.70013,6082,744.115,3494176.42202,0
1773916800000,4694.06,4696.32,4686.85,4687.99,2439.732,1773917099999,11445432.18468,5145,1375.825,6454055.95890,0
1773917100000,4687.99,4689.84,4681.23,4687.47,2063.813,1773917399999,9670486.32582,5720,1045.221,4897629.62430,0
1773917400000,4687.47,4693.30,4672.12,4681.86,3099.703,1773917699999,14511182.00306,8973,1243.774,5822761.45100,0
1773917700000,4682.07,4683.86,4670.70,4682.14,2570.301,1773917999999,12022840.27727,6524,1386.441,6485924.99809,0
1773918000000,4682.15,4702.79,4682.15,4691.44,3479.685,1773918299999,16334268.72457,8442,1515.134,7110640.94362,0
1773918300000,4691.43,4695.30,4688.10,4690.67,1300.776,1773918599999,6102394.85111,4499,696.190,3266020.11787,0
1773918600000,4690.60,4698.16,4688.50,4689.12,3051.484,1773918899999,14323698.14642,6247,952.142,4469675.90438,0
1773918900000,4689.06,4692.04,4680.53,4690.53,1955.211,1773919199999,9161702.42340,6541,1147.713,5377792.40560,0
1773919200000,4690.44,4695.82,4690.01,4691.20,926.033,1773919499999,4346052.43344,3824,483.081,2267074.12939,0
1773919500000,4691.19,4692.80,4683.60,4689.74,1591.028,1773919799999,7457791.35363,4527,825.107,3867492.46772,0
1773919800000,4689.76,4699.15,4685.29,4687.04,1426.694,1773920099999,6694915.73422,4982,608.394,2855204.20049,0
1773920100000,4687.03,4687.60,4676.04,4683.44,2264.569,1773920399999,10601990.77688,6792,1334.146,6245720.35785,0
1773920400000,4683.45,4684.93,4662.01,4668.95,4643.949,1773920699999,21682172.97798,10261,2305.757,10764235.77192,0
1773920700000,4668.95,4672.54,4661.10,4666.34,4231.724,1773920999999,19743998.42974,8822,2425.441,11315943.64066,0
1773921000000,4666.34,4667.25,4655.55,4656.95,5441.740,1773921299999,25359746.61283,9882,2412.081,11241235.96023,0
1773921300000,4656.96,4664.18,4656.05,4656.49,2244.528,1773921599999,10459603.86898,5911,1056.230,4922195.06730,0
1773921600000,4656.79,4658.52,4632.17,4636.15,13393.778,1773921899999,62175669.87848,18958,5276.417,24495312.54328,0
1773921900000,4636.15,4645.50,4629.23,4635.00,7082.145,1773922199999,32846631.01222,13381,3549.684,16465022.08550,0
1773922200000,4634.90,4636.11,4618.01,4626.37,12000.503,1773922499999,55529878.72518,17875,6367.296,29462251.09312,0
1773922500000,4626.37,4638.50,4620.35,4624.39,6534.894,1773922799999,30253296.90887,12994,3954.809,18308156.97518,0
1773922800000,4624.40,4628.44,4611.28,4612.73,6710.832,1773923099999,30998793.92431,13898,2953.881,13645923.32326,0
1773923100000,4612.73,4619.60,4610.10,4617.42,4876.843,1773923399999,22504122.21795,9929,2281.356,10527611.20818,0
1773923400000,4617.41,4626.50,4605.03,4612.66,6494.018,1773923699999,29972353.13727,15552,3267.800,15085311.35799,0
1773923700000,4612.66,4625.39,4611.36,4614.60,3744.669,1773923999999,17289150.78493,11393,2083.342,9618661.58876,0
1773924000000,4614.59,4614.59,4568.02,4572.90,15473.563,1773924299999,71004299.29095,24651,5958.623,27339753.53849,0
1773924300000,4572.91,4574.31,4540.01,4570.20,26304.166,1773924599999,119971225.44207,38284,12634.072,57630782.90430,0
1773924600000,4570.20,4584.44,4563.57,4581.97,10793.200,1773924899999,49373059.14660,19432,6307.859,28855445.31279,0
1773924900000,4582.04,4592.67,4579.22,4583.65,9486.928,1773925199999,43507869.73583,16034,4725.904,21674363.93186,0
1773925200000,4582.15,4583.87,4514.11,4561.75,28719.729,1773925499999,130450473.83906,39830,12430.357,56468937.25941,0
1773925500000,4561.74,4574.98,4540.03,4548.71,11769.955,1773925799999,53694261.43305,26223,5596.918,25532326.89430,0
1773925800000,4548.71,4559.23,4536.77,4550.49,8930.030,1773926099999,40624931.05745,20803,4557.400,20732783.58657,0
1773926100000,4552.40,4575.94,4536.35,4569.65,12360.654,1773926399999,56367364.84866,23737,6082.608,27733331.87160,0
1773926400000,4569.65,4585.64,4567.20,4569.30,7879.119,1773926699999,36061488.59875,18508,3675.600,16822493.63868,0
1773926700000,4569.30,4588.00,4560.13,4582.59,5007.937,1773926999999,22905418.33760,14953,2812.150,12864266.98050,0
1773927000000,4582.59,4590.67,4566.66,4587.91,6851.620,1773927299999,31376587.98733,20105,3336.180,15280225.36937,0
1773927300000,4587.55,4588.19,4561.30,4571.17,5451.644,1773927599999,24933583.86588,17768,2930.523,13403324.43937,0
1773927600000,4571.46,4579.92,4555.64,4568.58,6179.434,1773927899999,28236535.52786,19413,3450.193,15766440.50127,0
1773927900000,4568.57,4577.56,4548.74,4570.69,6271.230,1773928199999,28603174.75363,18984,3113.180,14201193.60212,0
1773928200000,4570.69,4605.00,4569.76,4603.41,9475.937,1773928499999,43483629.86262,18201,4894.042,22464523.91972,0
1773928500000,4603.41,4624.42,4602.00,4623.25,17363.639,1773928799999,80132612.74535,25721,8209.115,37884527.75430,0
1773928800000,4623.29,4645.58,4618.86,4628.03,20742.785,1773929099999,96161694.94895,26860,9193.988,42623464.64533,0
1773929100000,4629.34,4642.09,4621.05,4628.29,5100.345,1773929399999,23620828.34588,15726,2335.108,10814665.11481,0
1773929400000,4628.30,4651.48,4625.77,4634.99,7057.474,1773929699999,32744195.72879,17501,3438.318,15951839.02688,0
1773929700000,4634.98,4639.78,4608.78,4619.44,6345.611,1773929999999,29326024.82266,16567,2694.375,12454113.02372,0
1773930000000,4619.45,4621.62,4605.16,4617.70,5642.546,1773930299999,26028708.52386,14133,3232.380,14911508.08867,0
1773930300000,4617.70,4622.52,4589.67,4590.85,7052.612,1773930599999,32441299.63582,16183,3115.476,14331255.65287,0
1773930600000,4590.84,4612.40,4586.37,4612.26,4874.043,1773930899999,22415917.20253,13843,2989.712,13752314.11634,0
1773930900000,4612.25,4624.57,4611.39,4621.04,7215.958,1773931199999,33321020.91547,13087,4027.432,18597023.33380,0
1773931200000,4620.69,4626.60,4612.60,4617.23,3056.712,1773931499999,14120291.60300,11535,1460.331,6746524.36910,0
1773931500000,4617.24,4621.74,4606.74,4619.16,2796.945,1773931799999,12904375.22611,10845,1533.859,7077149.67144,0
1773931800000,4619.17,4632.55,4614.90,4628.16,2933.118,1773932099999,13571679.66297,10447,1746.909,8083686.23627,0
1773932100000,4628.25,4628.25,4603.33,4606.67,3121.427,1773932399999,14407189.78298,10583,1497.890,6913767.22937,0
1773932400000,4606.60,4620.85,4598.37,4620.29,4858.988,1773932699999,22391094.08275,12170,2554.725,11774020.81142,0
1773932700000,4620.29,4641.33,4616.78,4620.89,5243.997,1773932999999,24275771.71379,12829,2184.787,10112407.53997,0
1773933000000,4620.88,4632.74,4614.44,4631.10,1915.098,1773933299999,8852484.79427,8170,1119.303,5173985.45184,0
1773933300000,4631.09,4632.47,4607.87,4613.18,3335.993,1773933599999,15403909.09146,9505,1469.962,6786191.83139,0
1773933600000,4613.10,4618.80,4607.24,4610.74,2349.938,1773933899999,10840583.60834,8026,1149.275,5301526.28671,0
1773933900000,4610.74,4615.89,4601.65,4606.21,3202.953,1773934199999,14752847.68188,8780,1996.138,9193923.74806,0
1773934200000,4606.30,4606.30,4578.60,4584.29,8732.605,1773934499999,40073931.08303,15672,4321.661,19828156.93764,0
1773934500000,4584.29,4588.93,4575.36,4583.08,4602.272,1773934799999,21087068.99575,11987,2360.850,10817503.02010,0
1773934800000,4583.08,4587.44,4573.71,4575.64,3689.144,1773935099999,16892466.04921,12130,1861.016,8521910.10100,0
1773935100000,4575.64,4592.21,4568.79,4587.90,3817.571,1773935399999,17478698.39332,12250,2099.943,9616571.47801,0
1773935400000,4587.90,4598.80,4586.05,4594.46,2734.749,1773935699999,12559566.01237,8254,1284.516,5899525.30269,0
1773935700000,4594.45,4613.45,4590.26,4600.14,5617.403,1773935999999,25854858.08108,10438,2863.297,13175776.32229,0
1773936000000,4600.14,4622.63,4596.24,4616.40,4617.320,1773936299999,21305488.66368,8960,2173.328,10029596.28023,0
1773936300000,4616.35,4629.70,4614.16,4619.70,3970.215,1773936599999,18352650.94611,8015,1548.094,7157462.46329,0
1773936600000,4619.70,4621.79,4606.43,4608.58,3329.898,1773936899999,15359767.09737,8723,1564.575,7216255.89283,0
1773936900000,4608.59,4612.43,4596.65,4611.46,2304.468,1773937199999,10611559.29937,7388,1155.517,5321395.46073,0
1773937200000,4611.47,4620.20,4609.44,4612.48,2592.686,1773937499999,11963950.14204,7283,1215.686,5609630.54069,0
1773937500000,4612.48,4616.10,4603.20,4603.35,1179.111,1773937799999,5433762.55749,5814,573.373,2641880.94354,0
1773937800000,4603.21,4606.18,4592.30,4597.33,1995.255,1773938099999,9176608.18330,7896,1032.304,4747874.26983,0
1773938100000,4597.32,4601.00,4588.20,4599.20,2790.102,1773938399999,12816261.98028,7464,1736.357,7976368.55721,0
1773938400000,4599.05,4613.17,4597.26,4597.34,1797.346,1773938699999,8275638.61085,5902,866.888,3991598.00477,0
1773938700000,4597.34,4602.48,4595.69,4597.08,1354.078,1773938999999,6228300.16874,4959,968.316,4453946.61472,0
1773939000000,4597.14,4601.29,4582.00,4591.91,2347.867,1773939299999,10772885.37282,6621,1251.800,5743481.96124,0
1773939300000,4591.90,4596.67,4588.45,4591.05,2362.091,1773939599999,10846527.15310,4836,996.076,4574137.14453,0
1773939600000,4591.08,4600.74,4587.72,4597.00,1431.032,1773939899999,6574955.03395,4844,913.175,4195925.49356,0
1773939900000,4597.06,4602.08,4583.05,4584.90,1119.601,1773940199999,5142506.55555,4996,553.086,2540291.99553,0
1773940200000,4584.91,4593.09,4581.00,4587.29,2730.733,1773940499999,12527895.61961,6396,1694.082,7772455.25989,0
1773940500000,4587.25,4603.99,4581.79,4602.58,2663.842,1773940799999,12241266.60838,5696,1796.152,8254431.29583,0
1773940800000,4602.57,4615.76,4601.81,4615.35,3330.464,1773941099999,15349785.46886,6669,1525.138,7028714.97837,0
1773941100000,4615.36,4617.90,4604.11,4608.48,3047.640,1773941399999,14055849.94563,7239,1139.427,5254577.23457,0
1773941400000,4608.49,4623.99,4608.34,4610.64,2714.925,1773941699999,12534638.74322,6913,1483.463,6849410.19337,0
1773941700000,4610.64,4613.77,4604.83,4611.48,1247.731,1773941999999,5750907.76116,4152,815.314,3757920.32896,0
1773942000000,4611.40,4615.78,4608.10,4610.40,1306.417,1773942299999,6025017.79879,4804,677.090,3122819.41297,0
1773942300000,4610.50,4618.58,4610.50,4615.29,766.088,1773942599999,3535863.73493,3684,344.913,1591995.25920,0
1773942600000,4615.26,4634.43,4614.48,4628.27,2966.164,1773942899999,13727193.64589,6562,1218.368,5637781.09043,0
1773942900000,4628.27,4628.34,4616.93,4619.61,2880.470,1773943199999,13314079.47087,4925,821.824,3798082.54719,0
1773943200000,4619.60,4622.32,4609.00,4614.12,2941.587,1773943499999,13575203.00890,5458,1476.964,6816096.03211,0
1773943500000,4614.22,4616.95,4605.06,4614.83,1146.292,1773943799999,5286047.09056,4262,667.641,3078605.73438,0
1773943800000,4614.84,4621.40,4613.76,4618.94,1051.844,1773944099999,4857556.74478,3590,486.286,2245748.78863,0
1773944100000,4618.94,4621.58,4611.68,4614.00,897.943,1773944399999,4145396.87067,3296,564.301,2604945.32301,0
1773944400000,4614.01,4615.91,4608.84,4611.61,919.589,1773944699999,4241761.82898,2992,626.115,2888167.73889,0
1773944700000,4611.60,4618.50,4611.60,4613.15,708.728,1773944999999,3270718.09110,2950,297.012,1370614.64370,0
1773945000000,4613.26,4615.44,4606.80,4608.12,920.551,1773945299999,4244736.89553,3598,429.629,1980783.16217,0
1773945300000,4608.11,4613.09,4600.61,4611.55,2194.158,1773945599999,10108492.74084,4835,1254.741,5781499.03136,0
1773945600000,4611.54,4615.20,4609.79,4613.66,614.283,1773945899999,2833279.79960,2289,337.934,1558701.13345,0
1773945900000,4613.65,4619.70,4611.51,4611.98,485.261,1773946199999,2239640.96663,2359,208.527,962432.25932,0
1773946200000,4611.98,4613.88,4610.01,4612.65,810.240,1773946499999,3736748.33407,2172,518.385,2390722.19568,0
1773946500000,4612.56,4627.51,4610.40,4627.08,963.872,1773946799999,4451979.41580,3492,513.027,2369272.09237,0
1773946800000,4627.15,4652.46,4627.15,4638.96,5058.184,1773947099999,23489730.60569,10346,2300.705,10683444.61402,0
1773947100000,4639.08,4662.36,4637.04,4653.65,5385.918,1773947399999,25062617.98592,12088,2429.182,11305802.15403,0
1773947400000,4653.55,4666.88,4646.12,4661.15,6611.705,1773947699999,30807478.02462,11636,3183.658,14834771.19851,0
1773947700000,4661.14,4665.55,4651.21,4662.38,2773.952,1773947999999,12923164.17079,9141,1350.983,6293961.19718,0
1773948000000,4662.32,4662.60,4647.85,4648.71,4334.160,1773948299999,20175857.80420,8242,2323.250,10815260.58284,0
1773948300000,4648.71,4651.17,4638.01,4648.85,3412.839,1773948599999,15850168.37875,7451,1677.679,7791018.22862,0
1773948600000,4648.84,4653.14,4641.55,4650.15,1874.154,1773948899999,8711064.77375,5520,1038.708,4827622.32429,0
1773948900000,4650.13,4651.53,4637.17,4645.48,1279.272,1773949199999,5942465.75629,4583,676.477,3142170.14194,0
1773949200000,4645.48,4648.03,4640.96,4642.12,943.729,1773949499999,4383487.34429,3777,487.516,2264481.09293,0
1773949500000,4642.13,4645.19,4638.39,4639.64,1160.288,1773949799999,5385330.89832,3699,611.543,2838330.21109,0
1773949800000,4639.64,4646.74,4636.20,4644.48,1575.128,1773950099999,7309488.24981,4607,677.197,3142823.54134,0
1773950100000,4644.48,4654.49,4644.48,4648.32,3053.691,1773950399999,14198959.75279,5439,1499.208,6971285.97914,0
1773950400000,4648.11,4659.12,4647.20,4655.05,1253.655,1773950699999,5834967.25349,3308,757.228,3524394.42788,0
1773950700000,4655.05,4661.52,4654.56,4660.21,728.642,1773950999999,3394057.87254,2446,434.572,2024294.21301,0
1773951000000,4660.20,4661.80,4656.87,4658.31,524.774,1773951299999,2445207.28206,1972,193.096,899688.08834,0
1773951300000,4658.32,4663.35,4655.02,4660.48,837.981,1773951599999,3903991.84552,2548,451.460,2103263.69809,0
1773951600000,4660.48,4664.38,4659.65,4662.46,577.763,1773951899999,2693649.67247,1954,210.504,981350.03214,0
1773951900000,4662.45,4664.63,4659.70,4660.65,554.229,1773952199999,2583817.17905,1898,200.270,933670.11612,0
1773952200000,4660.65,4662.66,4658.45,4660.38,543.561,1773952499999,2533337.87509,1797,171.364,798646.76556,0
1773952500000,4660.38,4663.00,4658.17,4661.29,262.262,1773952799999,1222258.86111,1389,96.658,450436.30201,0
1773952800000,4661.30,4662.51,4658.16,4658.60,337.311,1773953099999,1571906.29476,1553,111.965,521759.67150,0
1773953100000,4658.61,4661.50,4656.86,4661.49,460.112,1773953399999,2143376.12920,1905,204.324,951764.16054,0
1773953400000,4661.49,4665.94,4658.50,4662.39,693.214,1773953699999,3232194.81854,2290,349.314,1628708.19602,0
1773953700000,4662.39,4663.69,4653.68,4656.15,1446.927,1773953999999,6740585.46612,2931,559.059,2604735.60567,0
1773954000000,4656.12,4661.30,4655.24,4659.44,534.318,1773954299999,2489366.50222,1679,300.489,1399906.04307,0
1773954300000,4659.43,4659.75,4658.48,4659.74,143.426,1773954599999,668244.90365,399,62.903,293074.16469,0
1773954600000,4659.75,4662.76,4659.19,4659.96,330.248,1773954899999,1539258.61767,883,194.791,907887.58060,0
1773954900000,4659.95,4659.96,4657.59,4657.59,102.599,1773955199999,477960.15674,363,30.590,142497.32011,0
1773955200000,4657.56,4659.84,4655.64,4657.21,285.664,1773955499999,1330387.73290,918,115.490,537838.13392,0
1773955500000,4657.20,4659.12,4657.00,4657.00,84.179,1773955799999,392094.68681,360,45.930,213931.30838,0
1773955800000,4657.00,4660.06,4655.85,4659.59,274.828,1773956099999,1279824.35552,584,209.092,973727.27693,0
1773956100000,4659.59,4663.00,4659.59,4662.49,420.841,1773956399999,1961584.46373,732,342.823,1597918.87096,0
1773956400000,4662.46,4668.75,4662.46,4668.75,782.243,1773956699999,3649964.63666,1762,613.111,2860758.10215,0
1773956700000,4668.74,4670.25,4668.74,4670.00,729.138,1773956999999,3405015.49212,984,607.884,2838774.07166,0
1773957000000,4670.00,4670.25,4664.16,4664.21,438.160,1773957299999,2045331.36777,1493,143.541,670260.46717,0
1773957300000,4664.21,4665.61,4662.52,4665.16,192.578,1773957599999,898099.11327,993,118.825,554159.34079,0
1773957600000,4665.16,4667.22,4655.25,4662.41,2420.455,1773957899999,11286468.30540,5254,1050.031,4895797.29713,0
1773957900000,4662.41,4670.24,4660.32,4668.35,1729.960,1773958199999,8072186.06335,3640,683.992,3192085.10625,0
1773958200000,4668.35,4674.63,4666.14,4673.47,1439.044,1773958499999,6720290.12898,2464,998.272,4661945.48279,0
1773958500000,4673.55,4680.00,4671.38,4675.90,1693.231,1773958799999,7918218.53483,4133,948.760,4436779.58866,0
1773958800000,4675.90,4675.90,4664.90,4665.45,854.758,1773959099999,3991799.68754,2679,301.476,1407946.71502,0
1773959100000,4665.46,4673.10,4664.71,4669.56,1051.790,1773959399999,4910479.24047,2496,362.314,1691476.60628,0
1773959400000,4669.55,4669.59,4653.00,4654.71,944.248,1773959699999,4400910.58359,3061,242.863,1131877.69874,0
1773959700000,4654.71,4661.00,4654.45,4659.04,657.103,1773959999999,3061421.86099,2094,303.907,1415869.82794,0
1773960000000,4659.04,4659.05,4635.00,4648.74,2597.689,1773960299999,12070971.94841,4241,889.305,4132006.53070,0
1773960300000,4648.74,4653.45,4646.80,4648.81,997.799,1773960599999,4639956.78090,2939,630.793,2933313.41006,0
1773960600000,4648.80,4651.05,4642.99,4651.05,1030.749,1773960899999,4790015.62825,2658,560.427,2604320.21802,0
1773960900000,4651.04,4652.20,4639.21,4639.70,1175.544,1773961199999,5459245.70566,2837,440.109,2043828.40902,0
1773961200000,4639.71,4650.91,4639.71,4646.90,1076.779,1773961499999,5003143.40170,2893,577.622,2683520.61567,0
1773961500000,4646.90,4647.68,4643.54,4646.49,298.914,1773961799999,1388718.66255,1244,124.256,577280.86416,0
1773961800000,4646.49,4646.90,4641.42,4641.42,394.487,1773962099999,1831969.80399,1533,229.676,1066512.08880,0
1773962100000,4641.42,4648.68,4641.15,4647.83,622.376,1773962399999,2891311.70947,1956,362.634,1684556.72614,0
1773962400000,4647.83,4650.25,4643.41,4643.68,951.429,1773962699999,4422887.57616,1614,151.872,705825.12463,0
1773962700000,4643.67,4648.64,4643.27,4647.67,319.300,1773962999999,1483742.92770,1233,210.877,979884.48804,0
1773963000000,4647.67,4650.57,4642.05,4642.05,551.363,1773963299999,2561789.24484,2093,306.464,1423620.24138,0
1773963300000,4642.05,4644.30,4640.54,4642.72,304.712,1773963599999,1414612.60391,1353,165.292,767367.57833,0
1773963600000,4642.79,4642.80,4637.90,4638.91,587.585,1773963899999,2726485.47542,2034,307.050,1424714.39874,0
1773963900000,4638.90,4647.51,4638.60,4646.60,1051.457,1773964199999,4882986.13962,2248,353.327,1640792.88211,0
1773964200000,4646.60,4649.00,4645.30,4648.60,479.494,1773964499999,2228348.43590,1552,212.522,987720.93261,0
1773964500000,4648.60,4648.78,4644.00,4646.00,337.746,1773964799999,1569493.69027,1318,128.336,596330.23945,0
1773964800000,4645.99,4655.58,4645.47,4654.30,968.032,1773965099999,4503045.37050,3024,552.365,2569645.35881,0
1773965100000,4654.30,4660.92,4652.44,4659.25,908.707,1773965399999,4231328.41181,2688,446.031,2076759.37103,0
1773965400000,4659.26,4665.40,4657.90,4664.57,1226.572,1773965699999,5718034.05342,3283,593.443,2766615.22267,0
1773965700000,4664.58,4667.05,4662.72,4662.85,854.683,1773965999999,3987150.23695,2808,298.764,1393740.43890,0
1773966000000,4662.84,4662.85,4646.53,4650.68,1835.312,1773966299999,8540606.17933,3809,804.239,3741373.29897,0
1773966300000,4650.71,4652.99,4647.69,4652.16,870.803,1773966599999,4049748.36766,3144,461.110,2144483.87822,0
1773966600000,4652.16,4654.46,4648.11,4652.01,890.647,1773966899999,4142935.09728,2813,407.352,1894691.72559,0
1773966900000,4652.04,4656.71,4649.24,4656.57,555.384,1773967199999,2583592.65662,2139,328.551,1528452.55032,0
1773967200000,4656.72,4659.84,4656.71,4659.48,584.951,1773967499999,2724953.74225,1810,355.119,1654282.43608,0
1773967500000,4659.51,4662.64,4657.79,4660.78,455.280,1773967799999,2121825.19864,1829,265.589,1237790.76013,0
1773967800000,4660.79,4663.82,4657.21,4660.60,629.831,1773968099999,2935393.07800,2543,347.141,1618025.44838,0
1773968100000,4660.56,4660.56,4651.45,4652.36,910.602,1773968399999,4238721.59583,2650,503.603,2344106.25925,0
1773968400000,4652.36,4672.34,4643.75,4671.83,4495.662,1773968699999,20950621.66402,11252,2091.735,9749196.61288,0
1773968700000,4671.83,4681.47,4668.15,4668.92,3586.919,1773968999999,16773632.16885,6892,1698.463,7943284.70949,0
1773969000000,4668.92,4672.33,4656.21,4656.25,3933.006,1773969299999,18336599.11412,8323,2097.091,9777434.47749,0
1773969300000,4656.26,4663.80,4653.30,4657.08,2191.014,1773969599999,10205624.62603,5768,1197.550,5577890.58934,0
1773969600000,4657.07,4660.05,4652.65,4657.14,860.604,1773969899999,4006858.81866,3916,365.227,1700560.76963,0
1773969900000,4656.99,4665.80,4654.93,4665.80,943.274,1773970199999,4395121.67998,3522,463.997,2161882.77088,0
1773970200000,4665.80,4678.85,4664.84,4678.85,1807.359,1773970499999,8444318.09327,4489,833.577,3894313.48967,0
1773970500000,4678.86,4680.08,4674.45,4678.33,3154.416,1773970799999,14755384.21062,5124,1280.912,5991714.20706,0
1773970800000,4678.32,4692.42,4677.00,4689.36,4024.189,1773971099999,18856355.22854,7268,1896.846,8887728.71855,0
1773971100000,4689.38,4702.39,4684.70,4687.25,3358.503,1773971399999,15761668.10882,7848,1589.432,7460034.18755,0
1773971400000,4687.26,4688.54,4680.63,4682.07,1300.169,1773971699999,6089656.80895,4125,615.936,2884914.96739,0
1773971700000,4682.07,4683.22,4676.61,4681.31,1937.911,1773971999999,9067308.32777,3729,873.697,4088020.60923,0
1773972000000,4681.31,4686.40,4676.00,4676.00,1220.424,1773972299999,5713804.50595,4225,565.605,2648544.84978,0
1773972300000,4676.01,4687.61,4674.05,4687.61,1490.701,1773972599999,6978985.49499,3690,999.841,4680827.73443,0
1773972600000,4687.60,4692.00,4687.60,4687.81,1276.333,1773972899999,5985927.34711,2963,363.971,1707006.45784,0
1773972900000,4688.04,4692.99,4686.40,4691.25,855.906,1773973199999,4013660.37111,2559,428.539,2009726.07122,0
1773973200000,4691.26,4692.31,4685.50,4687.31,694.106,1773973499999,3254750.50888,2233,406.887,1908057.50308,0
1773973500000,4687.32,4687.77,4683.81,4685.52,1112.592,1773973799999,5213502.42386,2021,527.251,2470785.34687,0
1773973800000,4685.52,4691.73,4681.55,4691.73,1049.968,1773974099999,4921276.59561,3297,595.721,2792614.50515,0
1773974100000,4691.73,4692.85,4681.68,4686.35,1583.507,1773974399999,7422702.07618,3604,756.916,3548632.41957,0
1773974400000,4686.40,4689.36,4684.07,4687.26,535.209,1773974699999,2508141.79724,2433,251.263,1177409.76366,0
1773974700000,4687.25,4702.79,4685.22,4701.11,1521.810,1773974999999,7146419.81706,3811,1039.129,4880094.67354,0
1773975000000,4701.11,4704.97,4696.61,4701.00,1633.655,1773975299999,7680151.66712,4145,786.027,3695373.26447,0
1773975300000,4700.95,4702.50,4696.20,4699.79,1239.050,1773975599999,5822306.39589,3103,355.244,1669309.23007,0
1773975600000,4699.78,4708.39,4695.68,4708.38,1879.564,1773975899999,8836684.75460,4160,932.431,4384972.99788,0
1773975900000,4708.38,4719.70,4706.73,4718.10,3571.676,1773976199999,16840205.85164,6586,1670.393,7875946.89850,0
1773976200000,4718.10,4725.61,4715.25,4718.38,2627.927,1773976499999,12404921.04413,5401,1477.267,6973674.94963,0
1773976500000,4718.38,4736.56,4717.55,4733.51,3827.041,1773976799999,18102616.13976,6892,1941.572,9184390.82563,0
1773976800000,4733.46,4735.80,4729.27,4732.36,2460.190,1773977099999,11642455.47048,4919,1101.982,5214702.26958,0
1773977100000,4732.36,4737.42,4731.25,4735.65,1704.963,1773977399999,8072709.64692,3598,682.985,3233861.15240,0
1773977400000,4735.66,4738.35,4729.69,4736.24,1665.123,1773977699999,7882036.74082,3807,976.911,4624264.98213,0
1773977700000,4736.21,4736.21,4729.76,4733.19,813.272,1773977999999,3849189.38831,2410,314.150,1486817.60163,0
1773978000000,4733.20,4735.94,4731.14,4731.37,865.401,1773978299999,4096118.87267,2343,395.779,1873219.10361,0
1773978300000,4731.35,4731.35,4725.03,4725.19,1379.952,1773978599999,6523593.11253,3272,502.539,2375628.36076,0
1773978600000,4725.20,4729.18,4722.75,4725.86,844.159,1773978899999,3988804.88964,2582,388.450,1835539.37494,0
1773978900000,4725.85,4729.19,4725.46,4727.01,505.730,1773979199999,2390695.53596,1550,236.849,1119690.19151,0
1773979200000,4727.01,4728.50,4723.90,4723.95,414.584,1773979499999,1959459.82664,1675,199.470,942745.95376,0
1773979500000,4724.01,4724.98,4718.56,4719.11,1127.709,1773979799999,5324420.62523,2608,542.605,2561995.52729,0
1773979800000,4719.11,4721.99,4717.55,4719.51,637.378,1773980099999,3008316.99247,1974,311.282,1469230.33054,0
1773980100000,4719.54,4723.25,4719.47,4720.21,417.209,1773980399999,1969738.79940,1362,229.864,1085237.60588,0
1773980400000,4720.15,4723.98,4719.66,4722.46,439.289,1773980699999,2074325.33757,1554,248.004,1171053.85611,0
1773980700000,4722.46,4726.13,4722.46,4725.70,592.783,1773980999999,2800868.42428,1719,331.320,1565388.06348,0
1773981000000,4725.70,4728.39,4725.43,4727.24,591.499,1773981299999,2795961.75918,1692,355.978,1682643.81163,0
1773981300000,4727.24,4729.38,4726.47,4728.84,283.137,1773981599999,1338703.33312,1009,166.955,789368.87773,0
1773981600000,4728.83,4729.16,4719.24,4721.43,914.847,1773981899999,4321907.78580,2527,229.808,1085930.44815,0
1773981900000,4721.43,4721.43,4716.28,4718.94,796.892,1773982199999,3760470.28473,1871,200.213,944799.05331,0
1773982200000,4718.95,4723.92,4718.66,4723.50,379.050,1773982499999,1789378.22574,1268,190.442,899024.60651,0
1773982500000,4723.50,4723.91,4720.51,4722.19,382.152,1773982799999,1804724.89847,1245,144.953,684519.66690,0
1773982800000,4722.19,4722.30,4710.80,4713.39,1811.408,1773983099999,8540821.51210,3728,740.794,3491551.25073,0
1773983100000,4713.39,4714.93,4710.90,4713.84,1050.418,1773983399999,4950196.55731,2113,400.871,1889030.09710,0
1773983400000,4713.84,4719.98,4712.65,4719.98,566.490,1773983699999,2671156.45199,1540,251.294,1185074.16426,0
1773983700000,4719.96,4724.40,4718.01,4721.00,864.499,1773983999999,4080994.71140,2014,421.734,1990891.50273,0
1773984000000,4720.99,4723.99,4720.14,4722.16,601.527,1773984299999,2840244.72826,1598,200.588,947100.93508,0
1773984300000,4722.15,4723.10,4719.43,4720.20,490.181,1773984599999,2313970.99027,1259,138.510,653838.26209,0
1773984600000,4720.19,4720.80,4703.45,4703.82,2102.088,1773984899999,9898828.16719,6221,679.640,3200731.81619,0
1773984900000,4703.83,4715.59,4703.05,4714.51,1413.359,1773985199999,6656626.12777,3674,795.003,3744073.25024,0
1773985200000,4714.50,4718.27,4707.46,4711.06,1446.977,1773985499999,6818297.31044,3669,441.010,2077898.99103,0
1773985500000,4711.07,4712.60,4698.51,4702.57,1732.063,1773985799999,8147478.15279,4592,612.365,2880489.38160,0
1773985800000,4702.57,4707.58,4694.43,4694.43,1819.785,1773986099999,8553280.17867,4621,662.066,3112438.62085,0
1773986100000,4694.44,4700.23,4688.10,4690.89,2621.275,1773986399999,12299636.27800,5483,1065.090,4997530.05562,0
1773986400000,4690.89,4704.30,4689.80,4697.76,1287.064,1773986699999,6045044.40976,4658,717.308,3368905.79254,0
1773986700000,4697.75,4699.95,4692.00,4692.00,620.083,1773986999999,2912410.12166,2787,250.154,1174972.05531,0
1773987000000,4692.01,4696.68,4687.40,4693.82,1181.040,1773987299999,5540894.50127,3669,596.709,2799358.15546,0
1773987300000,4693.80,4697.64,4689.00,4691.12,800.765,1773987599999,3758288.52591,2989,429.902,2017908.34683,0
1773987600000,4691.02,4694.99,4687.00,4692.59,951.839,1773987899999,4465227.15204,3183,528.912,2481288.13862,0
1773987900000,4692.60,4693.26,4682.52,4689.99,1528.354,1773988199999,7163842.56329,4131,637.989,2990810.66306,0
1773988200000,4690.00,4692.40,4681.63,4687.75,1358.209,1773988499999,6363239.70024,4139,695.798,3259755.96193,0
1773988500000,4687.80,4688.20,4670.31,4671.02,1908.567,1773988799999,8926433.67643,5418,700.743,3277616.12871,0
1773988800000,4671.02,4673.20,4664.40,4669.35,2233.068,1773989099999,10425520.85076,5359,1215.517,5674817.87621,0
1773989100000,4669.36,4679.10,4665.12,4671.37,1946.724,1773989399999,9096520.74126,4692,1001.786,4681583.32013,0
1773989400000,4671.40,4676.30,4670.80,4671.10,866.102,1773989699999,4047350.24846,3107,448.433,2095442.69696,0
1773989700000,4671.10,4674.08,4669.30,4673.30,1091.531,1773989999999,5099244.07738,2915,731.429,3417072.80345,0
1773990000000,4673.29,4681.97,4672.07,4678.18,1476.587,1773990299999,6907422.15613,3879,679.127,3176696.62494,0
1773990300000,4678.11,4688.55,4674.39,4685.35,2417.460,1773990599999,11315911.28391,4028,1248.841,5846479.90742,0
1773990600000,4685.34,4685.71,4680.00,4683.80,841.472,1773990899999,3940246.86960,2459,355.347,1663882.68735,0
1773990900000,4683.79,4686.30,4680.48,4684.19,538.675,1773991199999,2522987.30457,1971,245.736,1150924.23073,0
1773991200000,4684.15,4691.76,4683.90,4689.23,1333.410,1773991499999,6252305.40091,2802,821.569,3852139.66860,0
1773991500000,4689.22,4692.60,4688.21,4691.99,700.768,1773991799999,3286913.18754,2169,388.011,1819953.63023,0
1773991800000,4691.98,4693.08,4688.67,4691.25,648.405,1773992099999,3041658.27089,2121,287.405,1348196.73490,0
1773992100000,4691.25,4699.93,4690.55,4698.46,1016.659,1773992399999,4774492.54605,2420,735.763,3455318.37188,0
1773992400000,4698.47,4703.39,4697.99,4698.22,1356.532,1773992699999,6376398.80175,2711,735.036,3455081.10790,0
1773992700000,4698.24,4704.10,4698.24,4701.95,1307.334,1773992999999,6145154.24008,2412,953.174,4480236.13708,0
1773993000000,4701.92,4704.60,4700.13,4701.12,690.845,1773993299999,3248226.41804,2021,410.521,1930164.44478,0
1773993300000,4701.13,4711.00,4701.13,4709.10,2539.987,1773993599999,11959945.72562,3395,1337.047,6294943.26498,0
1773993600000,4709.10,4709.25,4704.60,4707.25,1658.551,1773993899999,7806279.19889,2803,455.947,2146110.30961,0
1773993900000,4707.25,4713.23,4706.40,4711.33,1186.502,1773994199999,5588405.12083,2793,691.891,3258979.67904,0
1773994200000,4711.36,4719.84,4711.36,4718.55,1693.868,1773994499999,7990056.41845,3109,800.320,3774966.28420,0
1773994500000,4718.55,4727.91,4718.19,4727.19,1729.522,1773994799999,8168554.31091,3563,840.420,3969302.16932,0
1773994800000,4727.18,4733.97,4725.40,4732.68,3282.837,1773995099999,15527193.10201,4969,1873.169,8859285.83619,0
1773995100000,4732.67,4736.11,4723.00,4723.92,3613.680,1773995399999,17097062.05127,4883,1661.062,7859361.18808,0
1773995400000,4723.93,4723.93,4703.67,4711.60,4464.003,1773995699999,21042834.49941,6615,1873.057,8826867.63777,0
1773995700000,4711.78,4712.67,4702.84,4707.19,2388.274,1773995999999,11243761.52281,4711,1200.598,5652448.22439,0
1773996000000,4707.18,4713.25,4706.30,4710.87,1534.682,1773996299999,7227910.09769,3965,950.622,4477166.20193,0
1773996300000,4710.86,4711.51,4695.25,4699.55,2335.018,1773996599999,10975356.69514,5636,1113.303,5232935.54637,0
1773996600000,4699.54,4703.16,4691.88,4695.92,2046.723,1773996899999,9614254.24911,3952,1068.146,5017070.38650,0
1773996900000,4695.92,4699.29,4688.76,4696.82,2380.950,1773997199999,11176542.92302,4692,1109.310,5206597.49213,0
1773997200000,4696.82,4698.99,4688.22,4690.42,1596.521,1773997499999,7493363.22276,3844,607.008,2849148.87458,0
1773997500000,4690.42,4698.66,4687.20,4697.19,1054.955,1773997799999,4950700.32604,3436,536.737,2518785.27786,0
1773997800000,4697.20,4705.11,4697.20,4698.23,1669.702,1773998099999,7850323.93107,3670,1248.131,5868337.62058,0
1773998100000,4698.22,4701.60,4691.06,4691.21,754.298,1773998399999,3542696.36758,2500,276.189,1297459.53365,0
1773998400000,4691.20,4692.24,4687.01,4689.96,1243.058,1773998699999,5829260.97143,3380,510.581,2394418.32024,0
1773998700000,4690.00,4696.32,4690.00,4694.56,735.058,1773998999999,3450718.12256,2427,335.061,1572854.32500,0
1773999000000,4694.57,4694.99,4681.60,4682.53,1548.169,1773999299999,7258743.55559,4247,717.268,3362775.15040,0
1773999300000,4682.52,4688.07,4680.00,4684.76,1434.264,1773999599999,6717041.52858,3270,834.533,3908744.05110,0
1773999600000,4684.75,4684.94,4675.29,4677.71,1675.323,1773999899999,7838437.86592,4517,787.309,3683298.92960,0
1773999900000,4677.71,4678.90,4670.00,4676.18,3031.547,1774000199999,14170623.90188,6194,1651.384,7718925.69742,0
1774000200000,4676.11,4681.48,4667.53,4667.64,2131.321,1774000499999,9960039.07189,5406,1055.106,4930795.20802,0
1774000500000,4667.65,4674.00,4665.16,4671.80,1682.267,1774000799999,7855800.45261,4648,985.016,4599473.30234,0
1774000800000,4671.80,4674.72,4657.00,4657.31,3666.270,1774001099999,17091300.25924,7498,1616.673,7537140.93108,0
1774001100000,4657.31,4672.54,4657.31,4659.76,3215.773,1774001399999,15001807.41879,6561,1727.453,8058725.91359,0
1774001400000,4659.76,4667.80,4655.06,4666.44,2540.344,1774001699999,11844392.41511,5185,1524.233,7107211.00287,0
1774001700000,4666.44,4670.76,4659.43,4660.17,1337.428,1774001999999,6239958.62329,4483,616.595,2877136.24025,0
1774002000000,4660.17,4660.17,4650.44,4658.36,2413.165,1774002299999,11232235.47365,5900,1200.823,5589415.80447,0
1774002300000,4658.37,4665.25,4658.37,4661.80,1069.805,1774002599999,4987818.72200,3141,502.754,2343938.03348,0
1774002600000,4661.79,4665.60,4654.15,4656.30,1818.673,1774002899999,8471998.17477,4783,917.795,4275054.56494,0
1774002900000,4656.30,4675.50,4655.57,4674.60,1676.608,1774003199999,7826640.13231,4480,1065.642,4974362.70231,0
1774003200000,4674.60,4675.44,4662.36,4665.83,1819.165,1774003499999,8493012.18063,4929,1011.953,4723990.85521,0
1774003500000,4665.84,4666.48,4658.80,4660.83,1351.470,1774003799999,6301730.35328,3510,891.811,4158521.67720,0
1774003800000,4660.82,4661.86,4650.55,4655.41,2197.682,1774004099999,10231670.13986,5481,1073.913,5000107.77424,0
1774004100000,4655.40,4656.14,4643.81,4650.29,3343.829,1774004399999,15542052.02874,7278,1237.497,5751606.20266,0
1774004400000,4650.29,4664.40,4642.11,4659.44,3156.368,1774004699999,14687902.64427,7821,1533.334,7134167.48724,0
1774004700000,4659.45,4669.54,4658.65,4668.75,1428.544,1774004999999,6663190.08954,4649,787.534,3673252.51149,0
1774005000000,4668.76,4670.00,4660.18,4666.44,1515.974,1774005299999,7072351.10068,4173,589.532,2750063.02909,0
1774005300000,4666.43,4671.26,4663.14,4670.03,1183.943,1774005599999,5525692.82863,3523,640.138,2987757.66753,0
1774005600000,4670.12,4673.60,4664.55,4667.29,1087.402,1774005899999,5076852.42036,3481,504.245,2354192.03753,0
1774005900000,4667.29,4669.80,4663.65,4669.34,882.329,1774006199999,4116713.53643,3172,441.454,2059764.44955,0
1774006200000,4669.35,4675.70,4667.55,4670.88,1443.986,1774006499999,6746347.43568,4246,642.038,2999548.88259,0
1774006500000,4670.87,4671.40,4664.89,4670.56,945.606,1774006799999,4414722.62015,2935,267.438,1248564.51584,0
1774006800000,4670.55,4678.39,4670.32,4673.62,1418.679,1774007099999,6633053.76125,4041,684.430,3200061.90751,0
1774007100000,4673.61,4676.15,4668.39,4668.83,930.140,1774007399999,4346257.87624,2863,375.185,1753268.32029,0
1774007400000,4668.87,4669.50,4661.16,4666.31,1284.427,1774007699999,5993507.45611,3471,479.808,2238853.07871,0
1774007700000,4666.31,4675.47,4665.46,4675.32,701.640,1774007999999,3277887.95732,2766,350.384,1636868.94955,0
1774008000000,4675.26,4686.66,4675.25,4682.81,1797.375,1774008299999,8416932.35273,5890,1008.308,4721408.08817,0
1774008300000,4682.82,4692.42,4682.81,4692.11,1721.100,1774008599999,8068312.13614,5406,1102.565,5169011.89540,0
1774008600000,4692.11,4698.76,4686.91,4689.30,1947.756,1774008899999,9140776.42411,6163,929.403,4361913.65929,0
1774008900000,4689.30,4695.20,4682.06,4694.75,1556.096,1774009199999,7297590.18430,4723,839.169,3935703.21914,0
1774009200000,4694.74,4695.54,4683.15,4684.96,1405.643,1774009499999,6588395.40018,4446,576.023,2699978.65162,0
1774009500000,4684.96,4686.79,4681.80,4682.28,1185.043,1774009799999,5551133.84454,3976,588.161,2755181.90680,0
1774009800000,4682.26,4685.94,4673.55,4676.79,1794.890,1774010099999,8397645.95649,5239,692.875,3241937.29678,0
1774010100000,4676.79,4681.68,4667.07,4669.66,1992.421,1774010399999,9312690.26725,5222,993.825,4645301.48677,0
1774010400000,4669.51,4674.75,4665.54,4674.74,1524.131,1774010699999,7116309.59431,4776,706.004,3296768.68080,0
1774010700000,4674.73,4679.61,4669.80,4674.97,1265.249,1774010999999,5915539.06565,4398,630.132,2946331.91932,0
1774011000000,4675.00,4686.64,4674.88,4681.52,1011.335,1774011299999,4735503.12301,3766,612.941,2870199.48289,0
1774011300000,4681.53,4685.00,4681.20,4682.71,523.218,1774011599999,2450424.15141,2319,272.472,1276098.75510,0
1774011600000,4682.71,4683.72,4672.47,4675.56,3089.476,1774011899999,14456735.23905,6877,1236.715,5787159.19427,0
1774011900000,4675.55,4677.05,4665.10,4670.08,1972.309,1774012199999,9210730.96326,6022,1134.345,5297049.02533,0
1774012200000,4670.01,4671.35,4658.08,4666.50,2232.642,1774012499999,10413016.92934,6694,978.839,4565303.70308,0
1774012500000,4666.50,4669.35,4660.71,4668.62,1079.848,1774012799999,5037569.62441,5039,529.118,2468370.78407,0
1774012800000,4668.62,4674.46,4665.96,4667.01,810.094,1774013099999,3783579.19793,3762,389.146,1817639.70887,0
1774013100000,4667.01,4669.90,4663.83,4665.24,834.090,1774013399999,3892661.16653,3958,389.678,1818629.10421,0
1774013400000,4665.14,4670.99,4647.78,4652.09,5047.468,1774013699999,23502885.03739,12074,2384.453,11102282.43824,0
1774013700000,4652.09,4666.47,4643.18,4660.55,3467.036,1774013999999,16138350.18117,10802,1872.900,8717581.75974,0
1774014000000,4660.56,4670.75,4652.65,4668.32,2705.172,1774014299999,12616652.57327,9265,1289.662,6015275.85871,0
1774014300000,4668.36,4671.00,4656.72,4657.61,2125.512,1774014599999,9910988.93902,8162,1118.570,5215507.92410,0
1774014600000,4657.64,4659.07,4626.30,4628.45,6313.621,1774014899999,29274993.24894,14616,2509.893,11635577.72140,0
1774014900000,4628.45,4634.18,4619.14,4622.88,4511.115,1774015199999,20874116.71839,12324,2243.318,10381584.21264,0
1774015200000,4622.88,4628.88,4613.76,4621.31,4561.903,1774015499999,21079995.42618,10906,1992.830,9209078.05111,0
1774015500000,4621.31,4629.61,4607.01,4616.08,4049.874,1774015799999,18701129.38243,10759,1857.012,8575035.67400,0
1774015800000,4616.09,4625.37,4593.04,4594.82,5780.502,1774016099999,26619325.65140,12567,2281.150,10506063.02703,0
1774016100000,4594.81,4595.79,4570.00,4583.94,8086.537,1774016399999,37057821.65989,16518,3633.872,16652734.77355,0
1774016400000,4583.83,4587.69,4569.00,4577.16,5114.114,1774016699999,23421416.61892,12908,2637.467,12079475.80717,0
1774016700000,4577.16,4577.66,4560.49,4567.73,6225.385,1774016999999,28431515.26091,13987,3123.387,14265111.58356,0
1774017000000,4568.12,4589.77,4566.43,4589.35,6309.437,1774017299999,28899376.82979,12945,3300.848,15120063.85314,0
1774017300000,4589.36,4594.69,4580.72,4584.45,4184.773,1774017599999,19200672.13067,9959,2022.206,9278001.09046,0
1774017600000,4584.41,4588.60,4579.60,4583.98,3280.490,1774017899999,15038888.56372,7850,1273.358,5837612.43743,0
1774017900000,4583.94,4590.47,4571.15,4574.12,3179.732,1774018199999,14564221.59716,9482,1661.577,7610629.03914,0
1774018200000,4574.24,4580.34,4561.00,4564.04,3387.543,1774018499999,15496665.44434,8097,1627.722,7445453.49258,0
1774018500000,4564.04,4579.64,4557.00,4572.70,4708.750,1774018799999,21508590.48909,10876,2456.274,11220558.93386,0
1774018800000,4572.70,4587.92,4571.89,4579.78,4992.891,1774019099999,22862491.06625,10082,2869.009,13135507.86072,0
1774019100000,4579.80,4584.31,4567.34,4572.09,3163.209,1774019399999,14473348.98571,7514,1532.349,7011094.39846,0
1774019400000,4572.08,4586.00,4570.04,4583.86,2024.356,1774019699999,9269206.87565,6563,1063.446,4869720.76903,0
1774019700000,4583.99,4584.29,4566.54,4570.71,2301.979,1774019999999,10531180.81782,6412,1251.463,5724811.47005,0
1774020000000,4570.84,4583.00,4566.37,4569.63,3680.888,1774020299999,16841304.24393,8206,1821.728,8334089.63376,0
1774020300000,4569.62,4573.34,4550.22,4571.49,7238.825,1774020599999,33006980.77322,14252,4326.907,19727624.89508,0
1774020600000,4571.56,4583.84,4565.75,4575.46,3554.789,1774020899999,16261207.11125,9101,1443.486,6603750.31225,0
1774020900000,4575.46,4575.94,4568.40,4568.61,2340.297,1774021199999,10700190.68242,7346,1095.768,5010187.00944,0
1774021200000,4568.61,4574.06,4563.90,4570.70,2422.227,1774021499999,11068420.87950,6753,1270.261,5804710.42203,0
1774021500000,4570.69,4570.69,4553.39,4558.13,2796.410,1774021799999,12755137.84272,7597,1581.847,7215358.70412,0
1774021800000,4558.30,4568.60,4553.30,4565.14,3878.412,1774022099999,17698350.25677,6951,1955.195,8921289.26219,0
1774022100000,4565.15,4565.30,4557.99,4560.22,3065.917,1774022399999,13984612.26048,6409,1420.445,6479187.82594,0
1774022400000,4559.54,4585.45,4558.46,4582.49,3811.025,1774022699999,17426830.39045,7876,1895.332,8668893.10421,0
1774022700000,4582.38,4588.87,4577.66,4579.90,3853.082,1774022999999,17659864.18933,6884,1659.010,7602781.36893,0
1774023000000,4579.90,4597.23,4577.10,4597.21,3196.212,1774023299999,14668959.26824,7350,1586.945,7283716.80658,0
1774023300000,4597.05,4609.52,4591.18,4609.04,4010.870,1774023599999,18451243.94656,9286,1698.489,7814119.47225,0
1774023600000,4609.05,4620.00,4602.36,4604.24,7086.819,1774023899999,32695241.42762,10611,2610.894,12044481.52519,0
1774023900000,4604.25,4604.53,4592.31,4593.26,2291.023,1774024199999,10532809.04711,6068,1081.573,4972651.19546,0
1774024200000,4593.35,4594.10,4579.04,4589.95,3379.831,1774024499999,15503104.46431,7537,1602.127,7349088.25388,0
1774024500000,4589.96,4600.76,4589.96,4597.59,2372.657,1774024799999,10906316.76943,6078,1307.392,6010663.97086,0
1774024800000,4597.60,4600.06,4586.65,4588.47,1478.501,1774025099999,6790693.41911,5059,482.676,2217395.02860,0
1774025100000,4588.47,4588.98,4575.32,4585.13,2675.436,1774025399999,12258721.87270,6303,1109.519,5084366.64198,0
1774025400000,4585.13,4589.40,4579.60,4589.16,1564.169,1774025699999,7170878.62498,4463,720.353,3302528.60730,0
1774025700000,4589.16,4596.24,4588.55,4590.20,1566.884,1774025999999,7194954.71823,4356,707.206,3247335.26946,0
1774026000000,4590.27,4598.74,4587.76,4597.50,2297.681,1774026299999,10554591.78116,5243,1129.004,5185469.01562,0
1774026300000,4597.46,4608.59,4581.31,4598.64,4161.135,1774026599999,19122656.64595,9356,2231.233,10252817.06818,0
1774026600000,4598.64,4600.94,4589.48,4590.20,1525.238,1774026899999,7007880.56999,5142,837.841,3849646.91168,0
1774026900000,4590.19,4590.94,4581.65,4582.77,1981.630,1774027199999,9085541.23479,5299,1013.035,4644638.57162,0
1774027200000,4582.78,4588.02,4576.32,4578.36,1245.498,1774027499999,5708639.43581,4908,501.283,2297991.44549,0
1774027500000,4578.35,4584.96,4577.49,4580.29,1080.414,1774027799999,4949154.45922,4638,586.282,2685519.58294,0
1774027800000,4580.30,4583.05,4567.53,4570.66,2320.591,1774028099999,10611742.76293,6460,1090.098,4984398.03531,0
1774028100000,4570.49,4574.35,4562.51,4570.81,1562.407,1774028399999,7138842.06837,5019,905.962,4139833.86879,0
1774028400000,4570.80,4574.27,4567.20,4574.01,1106.095,1774028699999,5055831.12132,4221,493.202,2254300.45511,0
1774028700000,4574.01,4576.99,4570.59,4572.59,1039.973,1774028999999,4756335.12881,3935,594.591,2719349.96897,0
1774029000000,4572.58,4584.55,4571.16,4583.99,1055.676,1774029299999,4834552.94181,3532,602.103,2757257.16311,0
1774029300000,4583.99,4584.60,4579.10,4581.35,1141.321,1774029599999,5229436.37014,3126,458.073,2098783.53802,0
1774029600000,4581.35,4586.54,4578.18,4578.18,1034.186,1774029899999,4738575.69031,3278,303.895,1392544.08318,0
1774029900000,4578.10,4583.99,4575.67,4575.89,982.854,1774030199999,4501608.30092,3233,364.563,1669809.42078,0
1774030200000,4575.88,4581.99,4569.30,4571.76,1830.768,1774030499999,8376010.07613,4450,663.148,3034256.49539,0
1774030500000,4571.76,4573.91,4566.65,4572.74,1864.898,1774030799999,8522634.78803,3919,585.876,2677556.71871,0
1774030800000,4572.75,4575.00,4545.12,4555.54,5684.905,1774031099999,25894670.93363,10355,2629.293,11971844.48955,0
1774031100000,4555.53,4566.90,4555.41,4562.03,2204.790,1774031399999,10056821.09703,5003,879.531,4011527.81168,0
1774031400000,4562.02,4565.00,4552.41,4554.08,1649.618,1774031699999,7516878.35642,4745,691.875,3152814.03025,0
1774031700000,4554.07,4555.85,4546.25,4552.13,2161.948,1774031999999,9837919.86334,4903,1179.513,5367092.14742,0
1774032000000,4552.24,4554.55,4531.60,4534.19,3679.818,1774032299999,16708834.94423,8104,1680.872,7632482.16837,0
1774032300000,4534.31,4537.93,4518.68,4519.69,6013.580,1774032599999,27222219.36420,11357,2344.553,10614563.77210,0
1774032600000,4519.79,4527.71,4510.22,4513.50,4773.577,1774032899999,21567625.06388,10203,2467.672,11149229.94119,0
1774032900000,4513.44,4513.99,4486.87,4509.21,9825.988,1774033199999,44204603.00354,18935,4155.290,18693558.73584,0
1774033200000,4509.21,4524.50,4507.12,4508.20,4116.694,1774033499999,18595832.05185,9826,1869.508,8445379.25450,0
1774033500000,4508.79,4512.39,4493.77,4510.55,3396.073,1774033799999,15297276.62488,9366,1671.781,7530108.77299,0
1774033800000,4510.56,4514.54,4496.80,4509.30,2704.785,1774034099999,12187281.71275,8068,1297.657,5847121.50346,0
1774034100000,4509.29,4516.31,4502.30,4511.00,1988.832,1774034399999,8969878.02304,7643,963.343,4344428.55291,0
1774034400000,4511.00,4511.00,4495.68,4497.76,2430.525,1774034699999,10944946.32745,7560,1148.552,5172110.98699,0
1774034700000,4497.57,4509.59,4495.68,4507.91,2177.897,1774034999999,9806272.64332,6906,1269.766,5716654.67417,0
1774035000000,4507.91,4517.60,4505.27,4506.28,2697.774,1774035299999,12171267.20323,7262,1163.995,5251460.93303,0
1774035300000,4506.28,4518.14,4500.75,4517.55,1990.129,1774035599999,8973957.91265,6134,904.374,4077905.57548,0
1774035600000,4517.55,4525.80,4512.05,4522.61,2228.355,1774035899999,10066811.33585,6658,1216.941,5497749.09868,0
1774035900000,4522.61,4522.61,4515.36,4516.32,1520.349,1774036199999,6869756.44453,5381,661.869,2990521.07489,0
1774036200000,4516.32,4524.09,4514.27,4523.93,1924.247,1774036499999,8695129.49735,5766,1047.460,4733309.15113,0
1774036500000,4523.71,4523.71,4507.03,4512.04,1704.166,1774036799999,7690695.67017,6222,903.087,4075686.51928,0
1774036800000,4512.00,4518.23,4507.60,4514.50,1629.968,1774037099999,7356184.74940,4365,812.298,3665450.33935,0
1774037100000,4514.40,4514.40,4505.33,4513.15,977.402,1774037399999,4406878.06015,4276,459.836,2073136.55869,0
1774037400000,4513.29,4518.77,4511.83,4516.65,1367.776,1774037699999,6175658.75192,3562,589.853,2663380.83114,0
1774037700000,4516.64,4525.52,4513.32,4522.90,1792.335,1774037999999,8102151.07458,3639,738.395,3337620.66038,0
1774038000000,4522.89,4527.09,4520.43,4522.40,1112.434,1774038299999,5032381.24572,3031,560.462,2535363.77644,0
1774038300000,4522.40,4523.74,4513.68,4514.18,1020.755,1774038599999,4613177.96304,2948,435.890,1969680.39781,0
1774038600000,4514.19,4517.37,4512.71,4514.00,1039.109,1774038899999,4691867.89591,3382,502.468,2268815.24071,0
1774038900000,4514.00,4517.59,4511.01,4515.57,963.191,1774039199999,4348384.29559,3368,482.990,2180515.13301,0
1774039200000,4515.57,4516.98,4508.00,4514.16,1228.692,1774039499999,5543988.02484,3174,467.622,2109865.82033,0
1774039500000,4514.15,4514.99,4506.46,4510.00,1313.523,1774039799999,5923301.96829,3287,780.535,3519661.82656,0
1774039800000,4510.00,4516.14,4507.58,4509.07,1545.327,1774040099999,6972838.68660,3885,623.154,2812111.13198,0
1774040100000,4509.06,4511.39,4501.52,4504.83,1678.354,1774040399999,7563360.22729,4273,805.144,3628311.30895,0
1774040400000,4504.83,4506.48,4501.00,4502.98,770.799,1774040699999,3471132.34627,1857,454.084,2044860.76490,0
1774040700000,4502.97,4505.54,4500.21,4500.55,885.518,1774040999999,3987177.18133,1648,508.074,2287819.79262,0
1774041000000,4500.54,4501.77,4498.02,4501.75,672.843,1774041299999,3027234.47312,1181,336.802,1515324.95312,0
1774041300000,4501.75,4505.00,4499.34,4501.60,889.049,1774041599999,4002893.34368,2238,478.912,2156388.43833,0
1774041600000,4501.61,4505.00,4501.35,4502.81,633.650,1774041899999,2853582.70247,1561,427.433,1924918.71244,0
1774041900000,4502.81,4504.89,4502.80,4504.69,794.253,1774042199999,3577323.71239,2407,521.512,2348877.38269,0
1774042200000,4504.69,4504.99,4503.80,4504.79,1482.548,1774042499999,6678624.58396,2908,1262.874,5689054.75716,0
1774042500000,4504.80,4504.80,4502.41,4502.77,449.963,1774042799999,2026439.18573,1256,212.485,956953.89195,0
1774042800000,4502.78,4502.90,4496.00,4496.56,1204.006,1774043099999,5417084.27513,2475,264.424,1189972.73333,0
1774043100000,4496.56,4498.82,4496.13,4498.78,342.802,1774043399999,1541839.82344,1107,239.724,1078190.99045,0
1774043400000,4498.78,4499.00,4497.06,4497.33,168.307,1774043699999,756978.81587,835,55.796,250938.45853,0
1774043700000,4497.34,4498.87,4497.04,4498.70,305.077,1774043999999,1372107.77979,735,147.541,663629.06509,0
1774044000000,4498.70,4500.00,4498.16,4498.76,409.612,1774044299999,1842901.34477,1118,219.781,988862.55902,0
1774044300000,4498.76,4498.95,4496.10,4498.10,459.536,1774044599999,2066964.69611,1151,159.576,717759.88913,0
1774044600000,4498.10,4498.25,4497.79,4498.25,165.508,1774044899999,744465.49492,479,92.549,416288.94963,0
1774044900000,4498.25,4499.61,4497.85,4498.57,369.734,1774045199999,1663278.64276,1078,146.872,660715.55262,0
1774045200000,4498.58,4500.32,4498.49,4499.91,210.084,1774045499999,945252.66902,636,132.899,597961.11107,0
1774045500000,4499.90,4500.97,4499.33,4499.92,243.374,1774045799999,1095253.48933,935,155.922,701682.76605,0
1774045800000,4499.92,4502.40,4499.23,4499.50,664.670,1774046099999,2991941.30668,1228,342.696,1542628.83127,0
1774046100000,4499.50,4499.89,4498.30,4499.00,333.176,1774046399999,1499067.35672,720,148.966,670268.43552,0
1774046400000,4498.99,4501.59,4498.99,4500.29,277.999,1774046699999,1251119.42798,740,181.195,815444.17431,0
1774046700000,4500.29,4501.86,4499.65,4501.86,532.830,1774046999999,2398056.07014,1006,385.016,1732806.96539,0
1774047000000,4501.86,4502.02,4501.11,4501.36,250.720,1774047299999,1128643.01431,618,136.164,612955.97568,0
1774047300000,4501.36,4501.46,4501.10,4501.46,93.668,1774047599999,421633.21183,277,57.725,259840.21995,0
1774047600000,4501.45,4501.46,4500.85,4500.86,177.812,1774047899999,800361.36456,443,43.431,195482.05615,0
1774047900000,4500.85,4500.86,4500.01,4500.03,221.641,1774048199999,997455.94241,537,60.861,273886.80537,0
1774048200000,4500.03,4500.03,4498.18,4498.19,291.680,1774048499999,1312274.87431,577,37.751,169827.90567,0
1774048500000,4498.18,4499.99,4497.59,4499.61,307.587,1774048799999,1383660.33876,834,152.039,683975.51847,0
1774048800000,4499.61,4499.61,4496.64,4496.90,375.764,1774049099999,1690168.71677,1058,66.247,297947.34124,0
1774049100000,4496.89,4497.99,4496.89,4497.03,304.244,1774049399999,1368304.24139,657,152.961,687929.34347,0
1774049400000,4497.02,4499.00,4496.80,4498.27,356.335,1774049699999,1602728.55689,930,223.029,1003122.68016,0
1774049700000,4498.28,4498.28,4497.57,4497.58,117.596,1774049999999,528915.18378,467,49.750,223762.35276,0
1774050000000,4497.58,4499.55,4497.57,4497.59,309.029,1774050299999,1390122.61257,927,141.986,638693.39566,0
1774050300000,4497.59,4498.00,4494.23,4494.64,610.885,1774050599999,2746440.99440,1314,83.191,374043.66355,0
1774050600000,4494.64,4497.76,4494.57,4497.02,247.555,1774050899999,1112985.47099,939,135.610,609687.92109,0
1774050900000,4497.03,4497.03,4494.61,4496.14,413.482,1774051199999,1858862.63152,957,112.142,504133.37277,0
1774051200000,4496.15,4499.39,4496.14,4499.39,387.748,1774051499999,1744139.85725,917,297.046,1336135.78276,0
1774051500000,4499.39,4500.57,4499.38,4500.57,298.685,1774051799999,1344056.31461,550,266.874,1200903.96809,0
1774051800000,4500.56,4500.85,4500.56,4500.85,187.637,1774052099999,844499.46453,456,118.965,535427.09920,0
1774052100000,4500.85,4500.85,4499.78,4499.78,251.043,1774052399999,1129760.38631,620,74.957,337332.02437,0
1774052400000,4499.79,4501.00,4499.78,4500.99,278.418,1774052699999,1253036.66177,758,244.303,1099495.39097,0
1774052700000,4501.00,4501.00,4500.60,4500.91,144.426,1774052999999,650050.41908,578,76.509,344361.25543,0
1774053000000,4500.91,4501.46,4500.90,4501.45,265.042,1774053299999,1192971.79939,780,219.984,990159.38508,0
1774053300000,4501.45,4501.46,4501.01,4501.02,179.319,1774053599999,807134.85160,570,85.347,384152.82479,0
1774053600000,4501.02,4501.02,4498.21,4498.70,500.106,1774053899999,2250161.33860,884,90.841,408718.15673,0
1774053900000,4498.69,4498.86,4497.78,4498.64,344.998,1774054199999,1551979.94726,665,222.863,1002552.82385,0
1774054200000,4498.65,4498.97,4498.24,4498.26,124.762,1774054499999,561257.77265,367,84.881,381845.57183,0
1774054500000,4498.25,4498.53,4498.04,4498.26,146.144,1774054799999,657393.40865,368,50.970,229276.78960,0
1774054800000,4498.25,4498.97,4498.25,4498.93,139.849,1774055099999,629114.51742,565,101.108,454832.78601,0
1774055100000,4498.93,4500.65,4498.92,4500.24,484.797,1774055399999,2181209.37158,510,423.126,1903693.57040,0
1774055400000,4500.24,4500.44,4498.32,4498.43,185.975,1774055699999,836789.60875,820,79.975,359847.29208,0
1774055700000,4498.43,4499.80,4498.43,4499.79,61.252,1774055999999,275579.93104,388,41.732,187753.38885,0
1774056000000,4499.79,4501.20,4499.79,4501.20,207.577,1774056299999,934185.07880,1015,155.330,699065.46574,0
1774056300000,4501.20,4501.20,4499.79,4499.80,163.567,1774056599999,736133.42184,824,83.748,376902.31604,0
1774056600000,4499.79,4501.43,4499.79,4500.78,361.649,1774056899999,1627698.86578,1143,256.406,1153992.59129,0
1774056900000,4500.78,4501.28,4499.70,4499.70,569.048,1774057199999,2560943.18990,1666,324.085,1458504.26486,0
1774057200000,4499.71,4503.10,4499.59,4500.60,1442.715,1774057499999,6493830.54893,1820,1243.341,5596454.72832,0
1774057500000,4500.59,4502.22,4500.59,4501.01,201.048,1774057799999,904995.58761,954,123.846,557485.20022,0
1774057800000,4501.01,4501.45,4499.60,4499.97,233.674,1774058099999,1051681.68603,981,78.613,353796.17613,0
1774058100000,4499.97,4501.37,4499.97,4500.19,270.771,1774058399999,1218613.32889,802,159.394,717334.65697,0
1774058400000,4500.18,4500.20,4497.50,4497.89,415.126,1774058699999,1867608.95313,1047,130.113,585323.76448,0
1774058700000,4497.89,4499.98,4497.89,4499.98,563.754,1774058999999,2535927.16363,534,528.868,2378971.47605,0
1774059000000,4499.98,4500.78,4498.58,4498.72,269.308,1774059299999,1211815.44690,630,136.669,614994.67432,0
1774059300000,4498.72,4498.73,4497.57,4497.70,363.818,1774059599999,1636498.46125,508,65.299,293719.04110,0
1774059600000,4497.70,4498.60,4497.69,4498.00,175.352,1774059899999,788757.47428,308,110.129,495362.03499,0
1774059900000,4498.00,4498.53,4497.50,4498.25,305.368,1774060199999,1373479.62494,453,75.507,339621.01002,0
1774060200000,4498.25,4498.25,4497.71,4498.00,123.676,1774060499999,556286.98859,365,59.057,265630.14258,0
1774060500000,4498.00,4498.00,4497.51,4497.71,318.948,1774060799999,1434518.25323,692,79.674,358342.49708,0
1774060800000,4497.71,4498.28,4497.36,4498.28,395.815,1774061099999,1780306.05506,521,251.762,1132412.23825,0
1774061100000,4498.28,4498.28,4497.39,4497.39,192.238,1774061399999,864655.40410,586,71.613,322109.17375,0
1774061400000,4497.39,4498.30,4497.18,4498.30,481.066,1774061699999,2163679.82306,615,269.948,1214192.22885,0
1774061700000,4498.30,4498.30,4497.97,4498.30,119.463,1774061999999,537376.71353,329,79.222,356361.22798,0
1774062000000,4498.30,4498.30,4498.29,4498.29,43.254,1774062299999,194569.22646,171,19.080,85827.56400,0
1774062300000,4498.30,4498.30,4497.75,4497.75,165.469,1774062599999,744274.53268,520,35.934,161630.50606,0
1774062600000,4497.75,4497.99,4497.46,4497.61,236.893,1774062899999,1065478.11446,495,94.311,424185.01384,0
1774062900000,4497.60,4497.99,4497.60,4497.99,63.059,1774063199999,283633.96269,292,36.639,164797.99471,0
1774063200000,4497.99,4497.99,4497.40,4497.41,196.003,1774063499999,881535.21373,370,51.082,229741.57822,0
1774063500000,4497.40,4497.57,4497.30,4497.30,154.176,1774063799999,693400.56067,425,91.276,410510.63751,0
1774063800000,4497.30,4497.68,4496.56,4497.50,379.264,1774064099999,1705582.75989,744,148.134,666177.22820,0
1774064100000,4497.50,4499.20,4497.49,4499.19,478.057,1774064399999,2150335.41450,483,469.947,2113855.81942,0
1774064400000,4499.20,4499.90,4499.05,4499.90,245.706,1774064699999,1105564.09322,468,189.127,850979.24586,0
1774064700000,4499.90,4500.00,4499.82,4499.99,212.757,1774064999999,957380.28270,396,136.275,613221.39791,0
1774065000000,4500.00,4500.00,4498.29,4498.30,295.904,1774065299999,1331337.21076,513,125.201,563321.57914,0
1774065300000,4498.29,4498.30,4497.81,4498.00,281.058,1774065599999,1264248.21606,402,123.035,553436.01880,0
1774065600000,4498.00,4500.00,4497.80,4499.42,515.640,1774065899999,2319756.22553,732,374.947,1686858.26513,0
1774065900000,4499.42,4500.35,4498.81,4499.12,312.195,1774066199999,1404786.01577,582,177.846,800251.79636,0
1774066200000,4499.12,4499.12,4498.02,4498.38,239.376,1774066499999,1076838.00329,757,109.916,494445.01267,0
1774066500000,4498.38,4498.79,4498.19,4498.75,170.128,1774066799999,765323.59598,589,120.587,542464.92983,0
1774066800000,4498.75,4499.44,4498.22,4498.67,209.766,1774067099999,943690.51881,549,88.015,395983.56911,0
1774067100000,4498.67,4498.88,4498.67,4498.79,88.820,1774067399999,399574.09587,270,63.732,286710.97833,0
1774067400000,4498.80,4499.58,4498.79,4499.09,267.926,1774067699999,1205443.67685,693,181.279,815600.16579,0
1774067700000,4499.09,4499.10,4498.00,4498.01,236.566,1774067999999,1064159.26966,405,67.291,302700.15981,0
1774068000000,4498.00,4498.05,4497.22,4497.59,347.463,1774068299999,1562774.92925,728,81.027,364441.06856,0
1774068300000,4497.59,4497.97,4496.09,4497.71,542.601,1774068599999,2440047.42424,1346,175.904,791055.29662,0
1774068600000,4497.72,4498.85,4497.72,4498.85,354.866,1774068899999,1596306.15752,537,282.873,1272449.79660,0
1774068900000,4498.84,4499.22,4497.24,4497.24,190.293,1774069199999,856015.69050,482,76.791,345449.09738,0
1774069200000,4497.24,4497.90,4497.24,4497.90,84.781,1774069499999,381299.66965,260,46.022,206977.50523,0
1774069500000,4497.89,4498.05,4497.74,4497.75,71.240,1774069799999,320428.12654,260,26.634,119795.75468,0
1774069800000,4497.75,4498.42,4497.74,4498.42,171.572,1774070099999,771747.98097,387,113.306,509667.95721,0
1774070100000,4498.42,4498.52,4497.96,4498.44,112.639,1774070399999,506689.34526,354,56.791,255462.13015,0
1774070400000,4498.44,4498.52,4497.57,4498.38,145.434,1774070699999,654170.37855,403,99.513,447618.04975,0
1774070700000,4498.38,4499.30,4498.37,4499.22,284.669,1774070999999,1280645.95498,444,186.238,837819.98857,0
1774071000000,4499.21,4499.22,4498.34,4498.53,176.831,1774071299999,795527.03388,467,121.631,547194.35468,0
1774071300000,4498.52,4499.48,4498.52,4498.53,233.186,1774071599999,1049078.88882,408,138.533,623240.93439,0
1774071600000,4498.52,4498.69,4498.13,4498.14,133.047,1774071899999,598497.03222,389,32.593,146617.47459,0
1774071900000,4498.13,4498.95,4498.13,4498.72,141.767,1774072199999,637750.37674,298,93.181,419177.76479,0
1774072200000,4498.71,4498.72,4498.53,4498.53,63.412,1774072499999,285263.22651,242,23.394,105239.02908,0
1774072500000,4498.53,4498.72,4498.41,4498.41,194.126,1774072799999,873277.15556,365,108.670,488848.27371,0
1774072800000,4498.42,4499.19,4498.40,4499.19,351.874,1774073099999,1582957.12514,391,308.732,1388885.74360,0
1774073100000,4499.19,4499.19,4498.61,4498.84,170.002,1774073399999,764847.59627,474,92.735,417220.71865,0
1774073400000,4498.85,4498.85,4498.84,4498.85,68.046,1774073699999,306128.44596,339,37.932,170650.37820,0
1774073700000,4498.85,4499.46,4498.84,4499.46,158.689,1774073999999,713978.49370,323,124.670,560914.01659,0
1774074000000,4499.46,4499.46,4499.00,4499.01,113.531,1774074299999,510796.99145,426,57.253,257591.80256,0
1774074300000,4499.01,4499.01,4498.97,4498.97,69.332,1774074599999,311924.77060,433,28.887,129962.83428,0
1774074600000,4498.97,4498.98,4498.90,4498.91,75.409,1774074899999,339259.77803,252,45.968,206806.91359,0
1774074900000,4498.90,4498.91,4498.88,4498.89,72.433,1774075199999,325868.56978,269,28.359,127584.33167,0
1774075200000,4498.89,4498.89,4498.65,4498.66,112.502,1774075499999,506125.63329,311,17.220,77468.03581,0
1774075500000,4498.66,4498.68,4498.65,4498.68,106.249,1774075799999,477978.66419,217,84.739,381212.48425,0
1774075800000,4498.68,4498.68,4498.54,4498.55,124.835,1774076099999,561588.90308,480,28.415,127828.86335,0
1774076100000,4498.54,4498.55,4497.62,4497.62,203.241,1774076399999,914171.11994,475,47.566,213945.62916,0
1774076400000,4497.62,4497.63,4497.24,4497.25,108.301,1774076699999,487066.29459,254,24.292,109247.22284,0
1774076700000,4497.24,4497.63,4497.24,4497.63,127.796,1774076999999,574762.95950,258,57.627,259171.22874,0
1774077000000,4497.63,4497.63,4497.62,4497.63,101.973,1774077299999,458636.17009,190,36.583,164536.79829,0
1774077300000,4497.63,4497.63,4497.24,4497.25,153.373,1774077599999,689784.22040,353,52.322,235313.12561,0
1774077600000,4497.24,4497.25,4497.10,4497.10,124.006,1774077899999,557682.31231,304,62.017,278904.73368,0
1774077900000,4497.11,4497.11,4496.88,4496.93,239.154,1774078199999,1075483.45973,313,87.773,394716.83447,0
1774078200000,4496.93,4496.94,4496.92,4496.93,281.539,1774078499999,1266061.24722,410,103.521,465527.08317,0
1774078500000,4496.93,4496.94,4496.57,4496.57,176.496,1774078799999,793676.45568,338,12.380,55671.85324,0
1774078800000,4496.56,4496.57,4496.00,4496.35,411.790,1774079099999,1851450.15827,748,173.053,778061.16251,0
1774079100000,4496.34,4496.47,4496.08,4496.10,339.643,1774079399999,1527107.33050,836,90.226,405669.67342,0
1774079400000,4496.09,4496.10,4496.08,4496.08,266.234,1774079699999,1197010.80276,508,61.063,274544.86253,0
1774079700000,4496.09,4496.82,4495.80,4496.36,452.601,1774079999999,2034923.34209,687,167.387,752583.62865,0
1774080000000,4496.36,4498.03,4496.35,4497.46,454.385,1774080299999,2043467.75895,952,287.853,1294548.13462,0
1774080300000,4497.45,4497.46,4497.25,4497.25,91.743,1774080599999,412600.80881,252,30.907,138998.17842,0
1774080600000,4497.26,4497.26,4496.92,4496.93,145.215,1774080899999,653050.96118,259,26.781,120438.45042,0
1774080900000,4496.92,4496.92,4496.74,4496.75,99.282,1774081199999,446447.73275,241,49.261,221514.46431,0
1774081200000,4496.74,4496.75,4496.58,4496.58,186.652,1774081499999,839305.89672,257,33.626,151202.55070,0
1774081500000,4496.58,4496.59,4495.77,4495.99,491.552,1774081799999,2210116.75400,613,87.042,391345.97906,0
1774081800000,4495.99,4496.00,4495.99,4496.00,41.478,1774082099999,186484.89583,183,22.261,100085.45600,0
1774082100000,4496.00,4496.44,4495.99,4495.99,295.040,1774082399999,1326507.87239,542,92.378,415332.12951,0
1774082400000,4496.00,4496.98,4495.99,4496.76,232.786,1774082699999,1046702.34484,618,146.523,658812.46094,0
1774082700000,4496.75,4497.00,4496.27,4496.99,431.205,1774082999999,1939076.41832,590,307.091,1380954.41845,0
1774083000000,4496.99,4497.46,4496.70,4496.70,395.981,1774083299999,1780738.17519,537,153.033,688187.41386,0
1774083300000,4496.70,4497.02,4496.50,4496.51,320.266,1774083599999,1440142.57140,464,148.959,669827.43769,0
1774083600000,4496.51,4496.52,4495.98,4495.98,271.950,1774083899999,1222772.96362,383,70.150,315413.18458,0
1774083900000,4495.98,4495.99,4495.40,4495.80,487.843,1774084199999,2193237.91581,602,153.889,691833.58526,0
1774084200000,4495.79,4496.52,4495.79,4496.51,134.045,1774084499999,602709.82761,357,75.209,338158.70863,0
1774084500000,4496.52,4497.49,4496.52,4497.12,308.030,1774084799999,1385213.11827,493,248.055,1115495.32589,0
1774084800000,4497.11,4497.12,4497.11,4497.12,65.603,1774085099999,295024.34494,177,43.761,196798.46832,0
1774085100000,4497.11,4497.12,4496.90,4496.90,104.889,1774085399999,471690.40308,217,17.397,78235.62237,0
1774085400000,4496.91,4496.91,4496.20,4496.66,84.621,1774085699999,380510.55341,236,9.191,41328.16543,0
1774085700000,4496.65,4497.38,4496.65,4497.38,196.950,1774085999999,885659.74503,571,160.338,721015.14496,0
1774086000000,4497.38,4498.20,4497.37,4497.86,184.587,1774086299999,830226.69261,662,134.518,605026.37308,0
1774086300000,4497.86,4498.50,4497.08,4498.50,343.724,1774086599999,1546010.15588,944,228.996,1030005.85011,0
1774086600000,4498.50,4498.50,4498.49,4498.50,85.070,1774086899999,382687.12798,313,58.368,262568.44800,0
1774086900000,4498.50,4498.70,4498.49,4498.70,130.779,1774087199999,588316.89335,304,103.338,464870.53485,0
1774087200000,4498.70,4498.70,4496.51,4497.61,591.401,1774087499999,2659997.93259,812,115.424,519195.17440,0
1774087500000,4497.60,4497.61,4497.03,4497.59,150.847,1774087799999,678404.34867,380,89.712,403456.01678,0
1774087800000,4497.60,4498.07,4497.59,4498.07,137.801,1774088099999,619806.66654,306,68.868,309759.95783,0
1774088100000,4498.07,4498.46,4498.07,4498.46,111.775,1774088399999,502796.38212,513,82.128,369431.75144,0
1774088400000,4498.46,4498.46,4498.45,4498.45,65.153,1774088699999,293087.95623,140,44.338,199452.71948,0
1774088700000,4498.46,4498.59,4497.01,4497.57,259.420,1774088999999,1166877.49110,672,128.296,577060.21700,0
1774089000000,4497.57,4497.90,4497.57,4497.89,116.468,1774089299999,523839.09887,230,64.763,291287.36989,0
1774089300000,4497.89,4497.90,4497.89,4497.90,90.319,1774089599999,406245.47140,224,54.449,244906.15710,0
1774089600000,4497.90,4498.44,4497.89,4498.15,102.653,1774089899999,461746.75175,278,60.042,270071.71281,0
1774089900000,4498.14,4498.15,4496.65,4496.65,118.846,1774090199999,534506.03914,383,36.346,163455.60907,0
1774090200000,4496.65,4497.62,4496.65,4497.62,86.801,1774090499999,390342.61854,218,52.221,234837.60355,0
1774090500000,4497.61,4497.62,4496.93,4496.94,103.476,1774090799999,465355.91494,312,27.022,121523.97491,0
1774090800000,4496.94,4497.38,4496.93,4497.36,67.275,1774091099999,302555.74937,193,30.592,137579.51588,0
1774091100000,4497.35,4497.36,4497.06,4497.06,55.707,1774091399999,250521.62283,175,17.864,80336.34071,0
1774091400000,4497.07,4497.29,4497.06,4497.06,55.130,1774091699999,247926.59571,195,32.490,146110.50128,0
1774091700000,4497.07,4497.29,4497.06,4497.29,22.297,1774091999999,100274.05159,139,13.023,58567.08537,0
1774092000000,4497.29,4498.00,4497.28,4497.99,69.925,1774092299999,314500.86302,343,65.115,292865.99743,0
1774092300000,4498.00,4498.00,4497.55,4497.55,76.908,1774092599999,345913.55730,261,24.333,109440.50356,0
1774092600000,4497.56,4497.56,4497.20,4497.20,113.076,1774092899999,508549.09239,224,23.369,105102.61977,0
1774092900000,4497.21,4497.21,4497.20,4497.20,50.698,1774093199999,227999.23059,137,18.499,83193.88779,0
1774093200000,4497.20,4497.50,4497.20,4497.50,133.577,1774093499999,600738.61649,174,97.694,439357.21862,0
1774093500000,4497.50,4497.50,4496.80,4496.81,202.206,1774093799999,909327.83901,344,55.307,248714.39520,0
1774093800000,4496.81,4496.81,4496.60,4496.61,94.305,1774094099999,424056.89533,171,20.642,92819.19782,0
1774094100000,4496.61,4496.61,4496.20,4496.20,154.283,1774094399999,693725.98656,386,33.838,152152.22859,0
1774094400000,4496.20,4497.00,4496.20,4496.99,216.565,1774094699999,973829.39657,426,142.620,641327.05682,0
1774094700000,4496.99,4497.00,4496.99,4497.00,51.666,1774094999999,232341.62181,135,13.647,61370.55900,0
1774095000000,4497.00,4497.37,4496.94,4496.95,121.182,1774095299999,544954.97782,298,60.338,271340.09572,0
1774095300000,4496.95,4496.95,4496.64,4496.64,55.525,1774095599999,249690.31237,204,18.244,82041.41536,0
1774095600000,4496.64,4496.65,4496.40,4496.41,135.257,1774095899999,608178.69549,289,69.939,314477.16760,0
1774095900000,4496.40,4496.69,4496.10,4496.68,222.727,1774096199999,1001439.66994,319,121.943,548289.89441,0
1774096200000,4496.68,4496.68,4496.32,4496.33,53.027,1774096499999,238428.60195,155,16.522,74288.36426,0
1774096500000,4496.32,4496.33,4496.32,4496.33,52.304,1774096799999,235175.84153,154,32.025,143994.96825,0
1774096800000,4496.33,4496.33,4496.32,4496.33,91.045,1774097099999,409367.77020,210,31.580,141994.10140,0
1774097100000,4496.32,4497.00,4496.32,4497.00,188.918,1774097399999,849474.83158,308,97.715,439377.59197,0
1774097400000,4497.00,4497.38,4496.99,4497.38,69.637,1774097699999,313167.63668,226,59.717,268554.55858,0
1774097700000,4497.38,4497.43,4497.37,4497.42,93.031,1774097999999,418399.56851,188,63.356,284938.65656,0
1774098000000,4497.42,4497.43,4497.21,4497.21,134.473,1774098299999,604778.13681,312,14.801,66566.01229,0
1774098300000,4497.21,4497.21,4497.00,4497.01,67.829,1774098599999,305032.46209,193,31.108,139895.35102,0
1774098600000,4497.00,4497.50,4496.86,4497.50,236.251,1774098899999,1062422.04032,429,172.000,773485.11740,0
1774098900000,4497.49,4497.65,4497.49,4497.65,78.294,1774099199999,352131.54462,198,59.288,266650.06118,0
1774099200000,4497.65,4497.65,4497.64,4497.65,21.250,1774099499999,95574.93946,128,8.946,40235.97690,0
1774099500000,4497.64,4497.65,4497.64,4497.65,25.672,1774099799999,115463.51117,121,9.709,43667.68385,0
1774099800000,4497.64,4497.65,4497.64,4497.65,79.452,1774100099999,357346.82564,244,33.236,149483.89540,0
1774100100000,4497.65,4497.65,4497.64,4497.64,24.780,1774100399999,111451.71057,114,19.137,86071.52805,0
1774100400000,4497.64,4497.65,4497.49,4497.62,68.214,1774100699999,306796.76666,344,38.326,172372.12542,0
1774100700000,4497.63,4497.63,4497.62,4497.63,80.689,1774100999999,362909.12557,177,66.539,299267.80257,0
1774101000000,4497.62,4497.63,4497.62,4497.62,84.232,1774101299999,378843.87982,392,35.198,158307.58074,0
1774101300000,4497.63,4497.63,4497.58,4497.58,91.615,1774101599999,412048.95642,318,32.074,144256.91016,0
1774101600000,4497.59,4497.59,4496.88,4496.88,131.604,1774101899999,591855.26760,349,26.379,118631.82689,0
1774101900000,4496.89,4497.80,4496.88,4497.80,167.440,1774102199999,753037.98827,377,154.225,693603.24515,0
1774102200000,4497.80,4497.80,4497.79,4497.80,108.500,1774102499999,488010.71335,266,49.835,224147.86300,0
1774102500000,4497.80,4497.80,4497.79,4497.79,124.949,1774102799999,561995.35534,281,99.263,446465.12140,0
1774102800000,4497.80,4497.80,4497.65,4497.66,105.165,1774103099999,473003.16482,315,35.779,160923.56426,0
1774103100000,4497.66,4497.66,4497.65,4497.66,133.704,1774103399999,601355.00730,206,121.170,544981.46220,0
1774103400000,4497.65,4497.66,4497.65,4497.65,45.903,1774103699999,206455.75937,106,13.142,59108.24772,0
1774103700000,4497.66,4497.66,4497.14,4497.15,165.799,1774103999999,745676.05412,381,54.395,244639.27227,0
1774104000000,4497.14,4497.15,4497.01,4497.02,88.355,1774104299999,397343.28356,317,10.646,47876.38821,0
1774104300000,4497.01,4497.02,4496.87,4496.88,129.485,1774104599999,582289.24725,264,3.915,17605.42370,0
1774104600000,4496.87,4496.88,4496.80,4496.80,82.041,1774104899999,368926.83698,285,6.463,29063.19985,0
1774104900000,4496.80,4496.97,4496.56,4496.80,182.973,1774105199999,822769.32997,481,99.762,448594.40183,0
1774105200000,4496.97,4497.20,4496.80,4497.20,59.391,1774105499999,267084.41052,276,46.595,209539.63619,0
1774105500000,4497.21,4499.39,4497.21,4498.24,692.190,1774105799999,3113865.91488,1666,519.976,2339108.89345,0
1774105800000,4498.23,4498.24,4497.41,4497.90,176.951,1774106099999,795868.02444,358,137.896,620198.25394,0
1774106100000,4497.89,4498.24,4497.43,4497.57,199.672,1774106399999,898145.01127,293,70.408,316709.39257,0
1774106400000,4497.57,4498.25,4497.57,4498.25,82.019,1774106699999,368925.81516,344,64.361,289497.84737,0
1774106700000,4498.25,4498.25,4497.50,4497.81,141.256,1774106999999,635344.76384,336,28.949,130207.65937,0
1774107000000,4497.81,4498.51,4497.81,4498.51,152.888,1774107299999,687715.62750,474,94.928,426998.01722,0
1774107300000,4498.51,4498.90,4498.23,4498.24,147.653,1774107599999,664228.80164,364,92.892,417880.89339,0
1774107600000,4498.23,4498.24,4497.61,4498.00,121.723,1774107899999,547511.73114,350,62.088,279268.88711,0
1774107900000,4498.00,4498.00,4497.50,4497.64,97.441,1774108199999,438264.78044,284,35.362,159047.73251,0
1774108200000,4497.63,4498.15,4497.62,4498.00,118.784,1774108499999,534279.37041,348,82.300,370175.94931,0
1774108500000,4498.00,4498.14,4497.64,4497.64,129.337,1774108799999,581758.43724,277,63.340,284901.66102,0
1774108800000,4497.65,4498.68,4497.64,4498.68,113.691,1774109099999,511406.39282,377,102.080,459177.84743,0
1774109100000,4498.67,4498.95,4498.24,4498.68,91.421,1774109399999,411272.22073,349,41.236,185504.98535,0
1774109400000,4498.68,4499.00,4498.67,4499.00,65.808,1774109699999,296067.59205,195,59.714,268651.24516,0
1774109700000,4499.00,4499.19,4498.83,4499.00,117.025,1774109999999,526499.54184,306,54.579,245550.16494,0
1774110000000,4498.99,4499.00,4498.67,4498.89,115.488,1774110299999,519575.70438,215,35.737,160778.60822,0
1774110300000,4498.88,4498.89,4498.52,4498.76,70.165,1774110599999,315662.33032,178,26.930,121153.63752,0
1774110600000,4498.76,4499.22,4498.75,4498.75,131.374,1774110899999,591045.78073,270,93.998,422893.75969,0
1774110900000,4498.76,4498.98,4498.75,4498.98,62.872,1774111199999,282845.81606,122,36.184,162783.17606,0
1774111200000,4498.98,4499.05,4498.97,4499.05,72.600,1774111499999,326626.98115,132,64.477,290081.59556,0
1774111500000,4499.05,4499.05,4499.04,4499.05,11.198,1774111799999,50380.32619,88,7.627,34314.25435,0
1774111800000,4499.04,4499.05,4499.02,4499.02,51.295,1774112099999,230778.12150,175,17.987,80924.26337,0
1774112100000,4499.02,4499.03,4498.77,4499.00,53.378,1774112399999,240141.63605,197,40.193,180823.57117,0
1774112400000,4498.99,4499.00,4498.05,4498.40,74.462,1774112699999,334958.77245,437,21.893,98480.77370,0
1774112700000,4498.47,4498.47,4497.72,4497.86,92.537,1774112999999,416224.38489,347,30.681,137999.49003,0
1774113000000,4497.95,4498.17,4497.94,4498.17,50.757,1774113299999,228304.55965,189,16.417,73843.58857,0
1774113300000,4498.17,4498.18,4497.51,4497.63,156.337,1774113599999,703186.16408,473,42.436,190876.07221,0
1774113600000,4497.63,4499.03,4497.63,4499.03,172.410,1774113899999,775634.29580,505,142.217,639795.49740,0
1774113900000,4499.03,4499.03,4499.02,4499.02,30.731,1774114199999,138259.57400,120,19.038,85652.53314,0
1774114200000,4499.02,4499.02,4498.68,4498.69,49.057,1774114499999,220699.41652,175,11.739,52811.59557,0
1774114500000,4498.68,4498.69,4497.52,4497.53,83.577,1774114799999,375930.73855,286,5.559,25005.96835,0
1774114800000,4497.52,4497.53,4497.52,4497.53,45.540,1774115099999,204817.20806,112,14.726,66230.62678,0
1774115100000,4497.52,4497.53,4497.52,4497.53,53.873,1774115399999,242295.14982,122,25.486,114624.04958,0
1774115400000,4497.52,4497.53,4497.52,4497.53,33.028,1774115699999,148544.12466,144,3.410,15336.57730,0
1774115700000,4497.52,4497.53,4497.50,4497.51,48.003,1774115999999,215894.47428,228,32.950,148193.36796,0
1774116000000,4497.50,4498.69,4497.50,4498.68,195.358,1774116299999,878706.25860,347,177.494,798358.62578,0
1774116300000,4498.69,4498.83,4498.68,4498.69,61.762,1774116599999,277850.49445,141,48.167,216689.27906,0
1774116600000,4498.68,4498.69,4498.68,4498.68,19.008,1774116899999,85511.04296,92,13.352,60066.50888,0
1774116900000,4498.69,4498.92,4498.68,4498.92,62.338,1774117199999,280449.83780,291,51.848,233256.51961,0
1774117200000,4498.92,4498.92,4498.69,4498.70,28.337,1774117499999,127484.45620,342,10.681,48052.79160,0
1774117500000,4498.69,4498.70,4498.69,4498.70,48.902,1774117799999,219995.21363,229,27.525,123826.71750,0
1774117800000,4498.70,4498.90,4498.52,4498.52,86.906,1774118099999,390968.39499,192,26.769,120426.74134,0
1774118100000,4498.53,4498.80,4498.20,4498.80,84.450,1774118399999,379911.22184,300,41.609,187184.42775,0
1774118400000,4498.80,4498.80,4498.07,4498.52,110.254,1774118699999,495989.60600,331,35.187,158290.45228,0
1774118700000,4498.52,4498.53,4498.52,4498.53,12.117,1774118999999,54508.60623,291,3.939,17719.70967,0
1774119000000,4498.52,4498.53,4498.10,4498.10,53.194,1774119299999,239294.32551,197,16.052,72210.40356,0
1774119300000,4498.10,4498.11,4498.10,4498.11,37.630,1774119599999,169263.65269,68,14.969,67332.20859,0
1774119600000,4498.11,4498.33,4498.10,4498.33,36.622,1774119899999,164735.81354,168,28.460,128020.66188,0
1774119900000,4498.32,4498.33,4497.58,4497.58,127.784,1774120199999,574776.48953,224,6.149,27657.39842,0
1774120200000,4497.58,4497.68,4497.57,4497.68,21.214,1774120499999,95411.59741,123,10.220,45965.26762,0
1774120500000,4497.69,4497.70,4497.58,4497.69,45.754,1774120799999,205787.28862,113,11.512,51777.46495,0
1774120800000,4497.69,4497.69,4497.57,4497.66,62.999,1774121099999,283345.24737,205,34.965,157257.91607,0
1774121100000,4497.67,4497.67,4497.29,4497.30,136.753,1774121399999,615058.21952,184,13.515,60785.46467,0
1774121400000,4497.29,4497.69,4497.29,4497.69,52.003,1774121699999,233886.05231,142,20.908,94033.77217,0
1774121700000,4497.69,4497.70,4497.68,4497.70,43.927,1774121999999,197569.87244,120,20.053,90192.24369,0
1774122000000,4497.70,4497.98,4497.69,4497.97,49.165,1774122299999,221135.68155,140,15.667,70466.03823,0
1774122300000,4497.98,4497.98,4497.97,4497.98,70.359,1774122599999,316472.85514,72,18.391,82722.35018,0
1774122600000,4497.98,4497.98,4497.29,4497.51,135.595,1774122899999,609879.97666,295,21.038,94622.49488,0
1774122900000,4497.50,4497.51,4497.50,4497.50,59.454,1774123199999,267394.44599,155,8.099,36425.33349,0
1774123200000,4497.50,4497.68,4497.50,4497.67,43.426,1774123499999,195310.61553,194,35.789,160962.65298,0
1774123500000,4497.67,4497.68,4497.00,4497.35,138.962,1774123799999,624970.76691,323,31.051,139649.16973,0
1774123800000,4497.35,4497.36,4497.35,4497.36,19.541,1774124099999,87882.84636,71,13.001,58470.17736,0
1774124100000,4497.35,4497.36,4497.35,4497.35,3.082,1774124399999,13860.84934,38,1.664,7483.60704,0
1774124400000,4497.35,4497.36,4497.35,4497.35,10.050,1774124699999,45198.45749,65,8.999,40471.74264,0
1774124700000,4497.35,4497.36,4497.35,4497.35,9.532,1774124999999,42868.77467,85,3.447,15502.39992,0
1774125000000,4497.36,4497.36,4497.02,4497.03,29.980,1774125299999,134829.33064,349,1.518,6826.67106,0
1774125300000,4497.02,4497.03,4497.02,4497.02,25.675,1774125599999,115461.05912,360,7.062,31758.02586,0
1774125600000,4497.02,4497.03,4497.02,4497.02,8.704,1774125899999,39142.09906,103,3.698,16630.01694,0
1774125900000,4497.03,4497.03,4497.02,4497.02,9.139,1774126199999,41098.30343,184,3.765,16931.31795,0
1774126200000,4497.02,4497.03,4497.02,4497.02,16.710,1774126499999,75145.31436,377,11.016,49539.28248,0
1774126500000,4497.02,4497.03,4497.02,4497.02,10.029,1774126799999,45100.65147,248,3.789,17039.24667,0
1774126800000,4497.02,4497.03,4497.02,4497.03,10.449,1774127099999,46989.42849,274,6.651,29909.74653,0
1774127100000,4497.03,4497.60,4497.02,4497.59,63.078,1774127399999,283689.49434,190,38.941,175132.34643,0
1774127400000,4497.59,4497.60,4497.20,4497.21,54.361,1774127699999,244486.42171,117,13.654,61406.92827,0
1774127700000,4497.20,4497.21,4497.20,4497.20,12.369,1774127999999,55625.89669,54,2.989,13442.16069,0
1774128000000,4497.20,4497.65,4497.20,4497.64,15.946,1774128299999,71713.58602,90,13.228,59490.02768,0
1774128300000,4497.64,4497.78,4497.64,4497.77,62.038,1774128599999,279028.81051,167,51.231,230421.79440,0
1774128600000,4497.78,4497.78,4497.77,4497.78,29.274,1774128899999,131667.94922,98,23.024,103556.88672,0
1774128900000,4497.77,4498.17,4497.10,4497.63,192.680,1774129199999,866621.83867,412,79.013,355373.51864,0
1774129200000,4497.63,4497.89,4497.41,4497.42,58.064,1774129499999,261154.25169,220,30.139,135553.82335,0
1774129500000,4497.42,4497.42,4497.41,4497.41,14.121,1774129799999,63508.02567,70,9.906,44551.44252,0
1774129800000,4497.42,4497.98,4497.41,4497.85,18.786,1774130099999,84490.21136,126,14.107,63446.59017,0
1774130100000,4497.85,4498.00,4497.85,4498.00,25.949,1774130399999,116717.30685,78,24.096,108382.70218,0
1774130400000,4498.00,4498.00,4497.99,4498.00,20.523,1774130699999,92312.30963,75,6.086,27374.82800,0
1774130700000,4497.99,4498.12,4497.46,4497.98,126.227,1774130999999,567769.52481,381,72.276,325094.79977,0
1774131000000,4498.00,4498.11,4497.54,4497.72,63.889,1774131299999,287363.97382,248,27.676,124478.68553,0
1774131300000,4497.72,4497.73,4497.72,4497.73,33.239,1774131599999,149499.91552,75,20.044,90152.50012,0
1774131600000,4497.73,4497.88,4497.46,4497.69,61.189,1774131899999,275213.18769,192,42.337,190420.39425,0
1774131900000,4497.69,4498.12,4497.46,4498.09,135.129,1774132199999,607775.53732,435,32.728,147208.22924,0
1774132200000,4498.10,4498.10,4497.80,4497.80,59.758,1774132499999,268795.04859,122,32.711,147137.32270,0
1774132500000,4497.79,4498.50,4497.79,4498.50,78.997,1774132799999,355338.57756,165,74.450,334885.00841,0
1774132800000,4498.50,4498.50,4498.49,4498.49,35.028,1774133099999,157573.26239,108,15.467,69578.29950,0
1774133100000,4498.50,4498.50,4498.18,4498.40,28.158,1774133399999,126664.77856,167,14.431,64914.91826,0
1774133400000,4498.40,4498.41,4498.40,4498.41,22.184,1774133699999,99792.62174,64,11.614,52244.53374,0
1774133700000,4498.41,4498.41,4498.40,4498.41,20.705,1774133999999,93139.48252,61,11.052,49716.42732,0
1774134000000,4498.40,4498.41,4497.99,4497.99,45.508,1774134299999,204701.51564,213,4.894,22014.07710,0
1774134300000,4497.99,4498.00,4497.99,4498.00,38.961,1774134599999,175246.31346,135,12.507,56256.48600,0
1774134600000,4498.00,4498.00,4497.99,4498.00,15.123,1774134899999,68023.14025,83,3.748,16858.50400,0
1774134900000,4497.99,4498.00,4497.79,4497.79,15.941,1774135199999,71701.62386,112,0.596,2680.80620,0
1774135200000,4497.79,4497.79,4497.69,4497.69,47.438,1774135499999,213362.60805,112,13.466,60566.02820,0
1774135500000,4497.70,4497.70,4497.32,4497.51,75.521,1774135799999,339659.74794,176,12.523,56322.26630,0
1774135800000,4497.51,4497.52,4497.51,4497.52,21.250,1774136099999,95572.14277,60,5.527,24857.79304,0
1774136100000,4497.51,4497.73,4497.51,4497.72,28.136,1774136399999,126544.35628,119,18.687,84045.75238,0
1774136400000,4497.72,4497.73,4497.57,4497.57,44.114,1774136699999,198408.59377,167,6.403,28798.00744,0
1774136700000,4497.57,4497.58,4496.30,4496.30,531.122,1774136999999,2388407.48300,767,61.490,276521.99114,0
1774137000000,4496.30,4496.42,4494.89,4495.15,904.718,1774137299999,4067338.58612,1573,182.123,818709.86848,0
1774137300000,4495.14,4495.54,4494.25,4495.14,816.545,1774137599999,3670241.96361,2175,279.498,1256287.73230,0
1774137600000,4495.14,4496.82,4493.16,4493.86,947.813,1774137899999,4260012.21852,2274,422.196,1897546.75833,0
1774137900000,4493.87,4496.58,4493.86,4496.58,529.508,1774138199999,2380234.44608,1114,259.147,1164972.77939,0
1774138200000,4496.65,4496.65,4494.49,4495.16,238.164,1774138499999,1070792.85520,653,99.503,447382.49207,0
1774138500000,4495.17,4496.58,4495.17,4496.39,125.564,1774138799999,564559.90079,449,62.783,282280.91163,0
1774138800000,4496.39,4496.65,4495.48,4496.49,148.355,1774139099999,667048.93980,528,82.135,369311.86636,0
1774139100000,4496.49,4497.50,4496.49,4497.27,215.721,1774139399999,970114.17202,629,115.750,520530.28153,0
1774139400000,4497.27,4497.87,4497.27,4497.28,134.599,1774139699999,605368.02002,495,75.644,340209.87530,0
1774139700000,4497.27,4497.27,4496.69,4496.69,76.743,1774139999999,345092.25013,296,48.403,217654.71646,0
1774140000000,4496.68,4496.69,4496.17,4496.18,91.607,1774140299999,411912.97334,285,18.110,81432.11373,0
1774140300000,4496.17,4496.32,4495.54,4496.18,88.087,1774140599999,396018.98370,307,36.816,165512.19458,0
1774140600000,4496.17,4496.18,4495.91,4495.92,67.010,1774140899999,301278.96046,238,29.919,134516.06592,0
1774140900000,4495.93,4495.93,4495.91,4495.91,47.189,1774141199999,212157.83571,173,19.798,89010.27533,0
1774141200000,4495.91,4496.64,4495.91,4496.40,163.389,1774141499999,734633.29915,437,116.127,522128.43704,0
1774141500000,4496.41,4496.64,4496.40,4496.63,64.349,1774141799999,289352.98443,313,17.066,76739.19906,0
1774141800000,4496.63,4496.64,4496.63,4496.64,34.581,1774142099999,155498.11879,209,15.676,70489.32864,0
1774142100000,4496.64,4496.64,4495.63,4495.64,175.559,1774142399999,789329.56896,507,100.043,449791.84678,0
1774142400000,4495.64,4495.79,4495.50,4495.51,118.353,1774142699999,532070.25833,636,46.994,211269.94906,0
1774142700000,4495.50,4496.41,4495.50,4496.26,108.137,1774142999999,486181.29154,531,73.274,329433.32594,0
1774143000000,4496.26,4496.41,4495.96,4495.96,110.157,1774143299999,495282.03288,323,18.085,81310.44109,0
1774143300000,4495.97,4496.41,4495.86,4495.86,63.038,1774143599999,283433.32982,347,29.068,130696.77574,0
1774143600000,4495.86,4495.87,4494.72,4495.25,379.834,1774143899999,1707526.48239,536,20.585,92539.39308,0
1774143900000,4495.25,4496.07,4495.24,4495.26,116.599,1774144199999,524180.61319,477,27.787,124914.80557,0
1774144200000,4495.27,4495.54,4495.19,4495.20,66.844,1774144499999,300482.36741,511,33.680,151400.58527,0
1774144500000,4495.19,4495.20,4494.95,4494.97,74.556,1774144799999,335131.10316,306,18.483,83081.74604,0
1774144800000,4494.97,4495.15,4494.72,4495.14,71.527,1774145099999,321505.23746,485,45.365,203911.91709,0
1774145100000,4495.14,4495.20,4495.14,4495.19,84.120,1774145399999,378134.33183,341,39.195,176188.56428,0
1774145400000,4495.19,4496.37,4495.19,4495.89,228.982,1774145699999,1029420.96163,476,170.310,765637.46535,0
1774145700000,4495.92,4497.00,4495.92,4497.00,88.704,1774145999999,398870.64212,320,52.354,235416.60152,0
1774146000000,4497.00,4497.46,4496.62,4497.46,92.469,1774146299999,415837.00202,307,70.696,317923.19856,0
1774146300000,4497.46,4498.00,4497.13,4497.74,259.902,1774146599999,1168967.98582,569,94.513,425084.32296,0
1774146600000,4497.74,4497.74,4496.28,4496.55,169.255,1774146899999,761092.85167,658,79.291,356539.50599,0
1774146900000,4496.54,4496.80,4496.30,4496.80,78.086,1774147199999,351115.25045,266,45.898,206381.64667,0
1774147200000,4496.79,4497.28,4496.79,4497.02,95.505,1774147499999,429483.51255,296,57.285,257608.79392,0
1774147500000,4497.03,4497.03,4496.81,4496.82,49.283,1774147799999,221621.48447,328,17.892,80460.39246,0
1774147800000,4496.81,4497.46,4496.81,4497.45,25.133,1774148099999,113023.04344,233,21.572,97008.77567,0
1774148100000,4497.45,4497.46,4497.45,4497.45,49.817,1774148399999,224049.76178,166,29.513,132733.53698,0
1774148400000,4497.46,4497.56,4497.06,4497.41,60.797,1774148699999,273432.13697,231,29.004,130443.99698,0
1774148700000,4497.41,4497.99,4497.10,4497.95,85.053,1774148999999,382543.29229,239,50.073,225210.71542,0
1774149000000,4497.95,4498.40,4497.88,4497.89,330.147,1774149299999,1485017.76938,483,274.365,1234100.95328,0
1774149300000,4497.89,4498.39,4497.52,4498.39,39.669,1774149599999,178433.56408,450,30.916,139062.78520,0
1774149600000,4498.39,4498.76,4498.38,4498.39,126.608,1774149899999,569543.61487,277,73.373,330063.69366,0
1774149900000,4498.39,4498.80,4498.16,4498.52,104.845,1774150199999,471642.02849,473,71.112,319895.10546,0
1774150200000,4498.51,4498.52,4498.20,4498.21,58.014,1774150499999,260969.19585,427,31.654,142392.04680,0
1774150500000,4498.21,4498.38,4498.20,4498.38,17.172,1774150799999,77245.97712,380,8.274,37219.48188,0
1774150800000,4498.38,4498.39,4498.37,4498.38,73.803,1774151099999,331994.06728,314,62.382,280618.07943,0
1774151100000,4498.38,4498.39,4498.10,4498.10,55.932,1774151399999,251594.01173,167,35.971,161805.44543,0
1774151400000,4498.11,4498.11,4497.01,4497.51,211.395,1774151699999,950717.63565,433,33.531,150798.36884,0
1774151700000,4497.52,4497.52,4497.24,4497.25,48.465,1774151999999,217964.83821,176,18.681,84014.89026,0
1774152000000,4497.25,4497.90,4495.92,4495.92,167.185,1774152299999,751842.54782,984,58.999,265343.07545,0
1774152300000,4495.92,4496.91,4495.92,4496.33,93.819,1774152599999,421840.31220,619,58.641,263662.90820,0
1774152600000,4496.33,4496.34,4496.31,4496.33,79.058,1774152899999,355470.96353,458,10.855,48807.77070,0
1774152900000,4496.33,4496.75,4496.10,4496.10,98.697,1774153199999,443779.44430,541,43.535,195749.77347,0
1774153200000,4496.10,4497.39,4496.00,4496.35,272.006,1774153499999,1223094.02587,674,205.778,925291.96830,0
1774153500000,4496.35,4496.57,4496.35,4496.57,35.957,1774153799999,161680.47053,410,22.782,102439.13169,0
1774153800000,4496.57,4497.79,4496.57,4497.79,27.327,1774154099999,122893.95197,292,24.280,109190.88643,0
1774154100000,4497.79,4497.90,4497.67,4497.75,68.621,1774154399999,308640.04918,402,45.019,202483.83833,0
1774154400000,4497.76,4497.76,4497.70,4497.75,35.673,1774154699999,160448.40016,261,16.455,74010.64080,0
1774154700000,4497.68,4497.69,4495.93,4496.90,282.162,1774154999999,1268756.31959,463,134.700,605667.68290,0
1774155000000,4496.90,4497.75,4496.89,4497.57,99.712,1774155299999,448445.16445,231,87.332,392769.33473,0
1774155300000,4497.56,4497.57,4497.56,4497.56,48.569,1774155599999,218442.14849,121,15.685,70544.38545,0
1774155600000,4497.56,4497.57,4497.42,4497.43,34.715,1774155899999,156131.38042,167,6.530,29368.34135,0
1774155900000,4497.43,4497.43,4497.12,4497.13,28.467,1774156199999,128024.34029,136,7.094,31904.36583,0
1774156200000,4497.13,4497.43,4497.12,4497.43,80.852,1774156499999,363603.66620,156,47.647,214275.13910,0
1774156500000,4497.43,4497.43,4495.92,4497.03,75.467,1774156799999,339337.88266,325,39.164,176100.10273,0
1774156800000,4497.03,4497.04,4497.00,4497.01,48.264,1774157099999,217043.84881,139,31.173,140185.30995,0
1774157100000,4497.01,4497.40,4497.00,4497.39,74.864,1774157399999,336676.16871,166,28.384,127643.99933,0
1774157400000,4497.40,4497.40,4496.69,4496.70,124.511,1774157699999,559941.52996,270,22.052,99172.83040,0
1774157700000,4496.70,4497.31,4495.74,4496.07,254.046,1774157999999,1142309.05841,429,73.387,330008.22872,0
1774158000000,4496.07,4497.30,4496.07,4497.30,113.665,1774158299999,511113.75130,429,99.657,448121.28797,0
1774158300000,4497.30,4497.53,4497.29,4497.53,59.225,1774158599999,266360.81454,344,54.664,245848.28387,0
1774158600000,4497.52,4497.88,4497.52,4497.53,197.986,1774158899999,890469.18201,414,100.979,454165.07367,0
1774158900000,4497.52,4497.78,4497.09,4497.78,84.167,1774159199999,378542.40251,211,46.198,207770.91918,0
1774159200000,4497.78,4498.17,4497.78,4498.17,173.878,1774159499999,782107.61482,298,148.582,668323.53283,0
1774159500000,4498.16,4498.23,4497.87,4497.87,125.972,1774159799999,566643.30443,250,74.450,334890.77330,0
1774159800000,4497.87,4498.10,4497.75,4498.10,81.840,1774160099999,368105.96782,188,67.177,302152.48880,0
1774160100000,4498.10,4498.10,4497.42,4497.86,83.365,1774160399999,374957.69003,313,14.931,67160.00964,0
1774160400000,4497.86,4497.86,4497.67,4497.79,18.636,1774160699999,83820.98629,163,6.727,30256.72685,0
1774160700000,4497.78,4497.79,4497.78,4497.79,18.225,1774160999999,81972.18873,152,14.823,66670.74117,0
1774161000000,4497.78,4497.79,4497.42,4497.43,73.420,1774161299999,330223.43740,431,24.795,111521.49345,0
1774161300000,4497.43,4497.43,4497.30,4497.31,75.293,1774161599999,338621.58020,248,31.898,143456.89154,0
1774161600000,4497.30,4497.31,4497.30,4497.31,22.844,1774161899999,102736.40987,187,8.867,39877.64777,0
1774161900000,4497.31,4497.31,4496.70,4496.89,84.285,1774162199999,379039.46393,280,8.022,36075.34660,0
1774162200000,4496.89,4496.90,4496.16,4496.40,200.643,1774162499999,902202.88962,496,54.028,242933.37113,0
1774162500000,4496.40,4496.57,4496.39,4496.47,113.817,1774162799999,511776.65902,182,23.761,106839.70548,0
1774162800000,4496.47,4496.80,4496.21,4496.80,84.449,1774163099999,379719.54244,240,27.296,122735.01631,0
1774163100000,4496.79,4497.22,4496.79,4497.21,70.905,1774163399999,318869.60288,255,35.480,159556.53069,0
1774163400000,4497.21,4497.21,4496.79,4496.80,41.611,1774163699999,187119.91194,176,13.893,62474.04240,0
1774163700000,4496.80,4496.80,4496.79,4496.79,48.234,1774163999999,216898.41004,120,24.118,108453.82240,0
1774164000000,4496.80,4496.80,4496.79,4496.79,53.075,1774164299999,238667.24192,173,11.267,50665.44560,0
1774164300000,4496.80,4497.00,4496.79,4496.91,78.527,1774164599999,353132.59739,280,14.847,66765.54289,0
1774164600000,4496.92,4496.92,4496.69,4496.69,69.805,1774164899999,313901.20759,216,22.392,100692.81262,0
1774164900000,4496.70,4496.92,4496.69,4496.92,37.029,1774165199999,166513.54910,156,20.091,90345.30200,0
1774165200000,4496.91,4496.92,4496.90,4496.90,70.644,1774165499999,317679.50568,154,37.596,169065.82860,0
1774165500000,4496.90,4496.91,4496.70,4496.70,50.671,1774165799999,227853.65939,291,1.889,8494.37423,0
1774165800000,4496.70,4496.71,4496.06,4496.24,183.415,1774166099999,824678.99993,428,89.508,402442.20003,0
1774166100000,4496.25,4496.25,4495.03,4495.04,298.870,1774166399999,1343613.89576,465,30.205,135793.54152,0
1774166400000,4495.04,4495.53,4495.04,4495.22,210.599,1774166699999,946678.58278,564,121.028,544037.45677,0
1774166700000,4495.22,4496.00,4495.22,4495.99,114.306,1774166999999,513868.59182,352,82.458,370691.80763,0
1774167000000,4496.00,4496.00,4495.76,4495.77,73.901,1774167299999,332250.27671,198,31.487,141560.88226,0
1774167300000,4495.77,4496.14,4495.76,4496.01,119.836,1774167599999,538779.98174,180,56.107,252251.12709,0
1774167600000,4496.01,4496.01,4496.00,4496.00,42.708,1774167899999,192015.30225,164,13.425,60358.93425,0
1774167900000,4496.01,4496.02,4496.00,4496.01,74.479,1774168199999,334858.34586,254,21.208,95351.48198,0
1774168200000,4496.02,4496.02,4496.00,4496.00,153.252,1774168499999,689022.10099,619,45.948,206582.96637,0
1774168500000,4496.00,4496.01,4496.00,4496.00,163.279,1774168799999,734102.54581,369,16.181,72749.93781,0
1774168800000,4496.01,4496.01,4496.00,4496.00,54.138,1774169099999,243404.61173,89,16.373,73613.17173,0
1774169100000,4496.01,4496.71,4496.00,4496.70,185.423,1774169399999,833716.11271,314,169.654,762811.28544,0
1774169400000,4496.71,4496.71,4496.70,4496.70,28.762,1774169699999,129334.24407,150,15.867,71349.29757,0
1774169700000,4496.71,4496.71,4496.70,4496.70,30.990,1774169999999,139352.79610,147,6.310,28374.24010,0
1774170000000,4496.71,4497.22,4496.70,4497.22,66.807,1774170299999,300430.29240,265,60.326,271284.46121,0
1774170300000,4497.22,4497.22,4497.21,4497.22,44.174,1774170599999,198659.91908,175,16.454,73997.25788,0
1774170600000,4497.21,4497.50,4494.39,4494.92,1143.088,1774170899999,5139411.41456,945,281.942,1267710.93429,0
1774170900000,4494.92,4495.54,4494.90,4495.32,278.826,1774171199999,1253332.93339,459,148.546,667710.72747,0
1774171200000,4495.33,4495.59,4495.32,4495.36,99.716,1774171499999,448270.18749,295,32.854,147691.64621,0
1774171500000,4495.36,4495.36,4495.35,4495.36,45.426,1774171799999,204206.10111,143,33.201,149250.44736,0
1774171800000,4495.36,4497.00,4495.35,4497.00,140.896,1774172099999,633488.00826,423,122.837,552284.10086,0
1774172100000,4497.00,4497.50,4496.48,4497.50,166.827,1774172399999,750223.86025,572,125.125,562688.90551,0
1774172400000,4497.50,4497.50,4482.90,4492.05,5800.575,1774172699999,26049728.50053,4413,1529.135,6860507.92810,0
1774172700000,4492.04,4494.89,4489.49,4489.50,2673.180,1774172999999,12007582.34467,2799,1037.900,4661751.34500,0
1774173000000,4489.50,4491.30,4488.87,4491.30,510.579,1774173299999,2292579.29734,804,334.318,1501102.73519,0
1774173300000,4491.30,4492.50,4489.11,4489.89,414.951,1774173599999,1863590.20632,1057,167.258,751120.91088,0
1774173600000,4489.89,4493.17,4489.10,4492.01,392.317,1774173899999,1761804.47317,1334,267.962,1203350.13791,0
1774173900000,4492.01,4492.62,4488.30,4488.30,540.874,1774174199999,2428761.90935,823,134.240,602759.90322,0
1774174200000,4488.30,4489.64,4485.80,4486.01,536.031,1774174499999,2405867.61783,1144,145.528,653188.88832,0
1774174500000,4486.01,4487.28,4483.69,4486.84,1284.389,1774174799999,5761000.41061,1419,287.750,1290711.42902,0
1774174800000,4486.84,4488.00,4486.18,4487.00,581.126,1774175099999,2607703.05398,1081,233.149,1046141.53688,0
1774175100000,4486.99,4488.36,4485.29,4487.56,290.023,1774175399999,1301207.66169,872,97.651,438110.58227,0
1774175400000,4487.48,4487.57,4487.33,4487.34,141.952,1774175699999,636988.17898,320,40.105,179965.32841,0
1774175700000,4487.34,4488.53,4485.93,4487.24,380.106,1774175999999,1705627.85956,814,179.352,804768.48044,0
1774176000000,4487.24,4487.24,4483.53,4486.66,734.966,1774176299999,3296552.75856,987,363.718,1631309.60112,0
1774176300000,4486.67,4487.29,4477.61,4481.36,1643.510,1774176599999,7365439.59294,2578,384.697,1723771.54622,0
1774176600000,4481.36,4484.00,4481.36,4483.93,291.516,1774176899999,1306742.23958,855,133.008,596229.16276,0
1774176900000,4483.92,4485.00,4482.70,4484.98,218.839,1774177199999,981372.16689,922,122.663,550071.35325,0
1774177200000,4484.99,4485.90,4484.50,4485.89,497.729,1774177499999,2232299.05171,872,412.795,1851362.66668,0
1774177500000,4485.90,4488.22,4485.89,4488.21,260.245,1774177799999,1167728.78776,816,193.463,868087.87659,0
1774177800000,4488.22,4488.99,4485.56,4485.91,357.715,1774178099999,1605223.13634,1079,85.784,384929.08832,0
1774178100000,4485.92,4486.12,4482.68,4485.11,604.944,1774178399999,2712616.90832,1091,184.028,825082.40946,0
1774178400000,4485.11,4485.12,4482.30,4483.32,292.496,1774178699999,1311377.45876,1035,118.635,531868.93197,0
1774178700000,4483.32,4483.92,4480.57,4481.50,435.327,1774178999999,1951127.37234,1310,158.346,709704.38684,0
1774179000000,4481.51,4483.05,4479.62,4483.04,472.799,1774179299999,2118532.62310,1577,155.750,697927.63414,0
1774179300000,4483.05,4484.97,4482.60,4484.82,557.942,1774179599999,2501729.69699,2486,280.530,1257891.89150,0
1774179600000,4484.82,4485.26,4481.70,4482.36,351.405,1774179899999,1575421.17386,1760,127.939,573567.80625,0
1774179900000,4482.36,4482.84,4478.15,4480.00,801.756,1774180199999,3592050.58619,2522,324.878,1455437.71678,0
1774180200000,4480.00,4485.99,4479.20,4485.98,560.328,1774180499999,2511907.05275,1947,400.674,1796316.45829,0
1774180500000,4485.98,4490.27,4484.47,4489.33,1272.620,1774180799999,5711409.62742,2514,770.415,3457336.76560,0
1774180800000,4489.33,4489.33,4477.50,4485.54,1623.039,1774181099999,7276556.74287,6034,665.727,2984837.99453,0
1774181100000,4485.54,4486.10,4484.12,4484.94,350.253,1774181399999,1570946.80936,1589,152.383,683450.45526,0
1774181400000,4484.95,4487.79,4483.79,4487.58,285.130,1774181699999,1278986.63020,902,193.566,868314.33934,0
1774181700000,4487.58,4489.00,4487.58,4487.67,395.507,1774181999999,1775221.28469,1199,261.917,1175601.50444,0
1774182000000,4487.67,4489.52,4487.14,4489.00,616.965,1774182299999,2769021.44933,1542,410.208,1840995.46419,0
1774182300000,4489.00,4489.00,4482.27,4486.71,746.983,1774182599999,3350987.11773,4114,348.423,1563015.96985,0
1774182600000,4486.72,4487.50,4484.25,4486.39,289.100,1774182899999,1296893.89646,1638,145.806,654024.57986,0
1774182900000,4486.39,4487.00,4486.14,4486.15,131.294,1774183199999,589068.24483,808,57.131,256321.40813,0
1774183200000,4486.14,4487.79,4486.14,4487.55,149.940,1774183499999,672834.64044,853,84.927,381094.43033,0
1774183500000,4487.55,4489.63,4487.55,4489.10,418.442,1774183799999,1878180.27564,1098,275.821,1237954.14650,0
1774183800000,4489.10,4489.50,4486.98,4488.99,385.689,1774184099999,1731171.86650,1296,128.511,576830.38405,0
1774184100000,4488.99,4491.12,4488.99,4491.12,287.927,1774184399999,1292715.56485,755,219.896,987276.66392,0
1774184400000,4491.12,4494.16,4491.11,4493.11,814.067,1774184699999,3657207.25289,1308,638.015,2866239.03545,0
1774184700000,4493.11,4493.61,4492.03,4492.51,407.667,1774184999999,1831639.44679,643,174.100,782218.45496,0
1774185000000,4492.51,4493.24,4492.18,4493.24,252.417,1774185299999,1134051.74663,725,130.418,585932.37247,0
1774185300000,4493.23,4494.75,4493.23,4494.21,296.043,1774185599999,1330362.86390,778,215.408,968016.58197,0
1774185600000,4494.21,4494.58,4493.38,4493.84,216.491,1774185899999,972944.39210,839,104.924,471540.64388,0
1774185900000,4493.91,4495.00,4493.23,4494.41,401.449,1774186199999,1804197.90637,924,260.926,1172674.26053,0
1774186200000,4494.41,4494.59,4494.06,4494.07,146.899,1774186499999,660223.33688,604,104.312,468821.68581,0
1774186500000,4494.07,4494.41,4491.73,4491.73,197.338,1774186799999,886716.64399,682,73.534,330437.22746,0
1774186800000,4491.74,4492.47,4490.05,4490.05,160.770,1774187099999,722141.75192,608,51.901,233130.20743,0
1774187100000,4490.06,4490.94,4489.45,4490.80,175.300,1774187399999,787119.18774,800,115.988,520789.17676,0
1774187400000,4490.81,4493.40,4490.80,4493.40,66.683,1774187699999,299526.23853,421,54.055,242805.13517,0
1774187700000,4493.39,4493.50,4492.38,4492.61,94.859,1774187999999,426221.47758,390,41.526,186582.10827,0
1774188000000,4492.60,4492.97,4480.00,4488.77,1617.004,1774188299999,7254696.59293,1899,348.764,1565376.76737,0
1774188300000,4488.78,4488.78,4484.37,4486.11,437.475,1774188599999,1962672.47483,1439,230.800,1035355.96640,0
1774188600000,4486.10,4488.00,4486.10,4486.82,203.225,1774188899999,911874.29078,804,108.276,485825.85848,0
1774188900000,4486.82,4487.14,4483.53,4486.79,358.133,1774189199999,1606441.29858,1183,143.784,644940.27391,0
1774189200000,4486.80,4487.97,4485.14,4487.35,171.718,1774189499999,770472.51499,701,125.643,563733.73288,0
1774189500000,4487.36,4487.36,4485.11,4486.25,97.492,1774189799999,437388.12400,483,40.617,182210.23734,0
1774189800000,4486.24,4486.45,4484.16,4485.20,195.324,1774190099999,876101.80214,748,77.464,347475.81236,0
1774190100000,4485.20,4485.93,4484.89,4485.35,184.758,1774190399999,828719.88347,800,91.987,412607.36338,0
1774190400000,4485.35,4487.38,4485.35,4487.38,170.508,1774190699999,764980.07059,536,139.998,628090.73004,0
1774190700000,4487.38,4487.79,4486.95,4487.66,92.821,1774190999999,416538.19859,356,45.315,203347.65225,0
1774191000000,4487.60,4487.61,4485.37,4487.41,109.441,1774191299999,491033.71752,438,49.250,220967.50393,0
1774191300000,4487.41,4488.43,4487.40,4487.45,122.047,1774191599999,547748.69268,363,60.817,272936.92562,0
1774191600000,4487.45,4487.89,4486.20,4487.87,262.281,1774191899999,1176965.33659,703,115.278,517296.17031,0
1774191900000,4487.87,4488.74,4487.44,4488.44,112.716,1774192199999,505867.69924,573,72.487,325322.08296,0
1774192200000,4488.44,4488.78,4487.91,4488.52,65.620,1774192499999,294532.97580,517,40.194,180409.72113,0
1774192500000,4488.51,4488.51,4487.29,4487.29,70.830,1774192799999,317869.88970,339,10.915,48986.24726,0
1774192800000,4487.29,4487.96,4487.29,4487.95,77.508,1774193099999,347825.50709,378,50.522,226719.99610,0
1774193100000,4487.95,4490.12,4487.70,4489.65,192.112,1774193399999,862383.29241,500,143.942,646164.13077,0
1774193400000,4489.66,4489.89,4489.21,4489.39,146.413,1774193699999,657302.32289,353,119.553,536713.51173,0
1774193700000,4489.39,4491.18,4489.30,4490.94,175.364,1774193999999,787437.46656,465,157.530,707361.15611,0
1774194000000,4490.93,4491.58,4490.93,4491.23,189.330,1774194299999,850314.60606,484,88.006,395245.47457,0
1774194300000,4491.23,4492.13,4491.23,4491.95,237.094,1774194599999,1064977.86406,379,201.020,902941.32647,0
1774194600000,4491.96,4491.99,4490.01,4490.01,180.506,1774194899999,810764.43517,441,60.356,271109.22654,0
1774194900000,4490.01,4490.95,4488.66,4490.05,346.701,1774195199999,1556618.03989,1051,195.152,876191.02973,0
1774195200000,4490.05,4491.30,4489.33,4490.22,219.006,1774195499999,983404.47818,668,127.150,570925.71993,0
1774195500000,4490.22,4490.22,4489.48,4490.11,92.368,1774195799999,414720.70041,515,26.856,120573.56624,0
1774195800000,4490.11,4490.11,4488.38,4488.98,164.295,1774196099999,737579.25027,460,28.281,126949.75844,0
1774196100000,4488.98,4490.57,4488.98,4490.51,256.695,1774196399999,1152522.75143,389,175.236,786772.96184,0
1774196400000,4490.38,4490.51,4489.59,4490.50,136.100,1774196699999,611088.18955,366,82.427,370097.55998,0
1774196700000,4490.51,4490.97,4489.81,4489.82,104.811,1774196999999,470648.89178,413,43.697,196229.75304,0
1774197000000,4489.81,4490.75,4489.81,4490.69,71.264,1774197299999,320000.49969,312,58.282,261707.83646,0
1774197300000,4490.69,4490.69,4490.10,4490.33,94.660,1774197599999,425048.44767,336,47.045,211242.63561,0
1774197600000,4490.34,4490.34,4487.80,4488.50,357.627,1774197899999,1605273.15468,973,75.386,338394.35878,0
1774197900000,4488.51,4488.87,4487.91,4488.86,63.211,1774198199999,283714.89519,381,45.689,205069.73981,0
1774198200000,4488.87,4489.42,4488.74,4488.74,49.882,1774198499999,223913.36859,380,27.436,123155.16487,0
1774198500000,4488.75,4488.75,4488.12,4488.54,91.457,1774198799999,410492.80499,423,38.785,174081.16019,0
1774198800000,4488.54,4495.00,4488.53,4493.82,900.301,1774199099999,4045358.34181,4232,604.545,2716350.02680,0
1774199100000,4493.83,4495.10,4493.77,4494.53,339.507,1774199399999,1525933.79212,1246,209.820,943042.20410,0
1774199400000,4494.53,4495.64,4494.52,4495.39,226.481,1774199699999,1018065.57998,933,146.091,656702.29173,0
1774199700000,4495.39,4495.80,4492.86,4494.39,362.252,1774199999999,1628275.54854,1248,228.429,1026770.45953,0
1774200000000,4494.38,4495.22,4486.07,4489.57,840.510,1774200299999,3773762.10195,2440,274.504,1232586.99234,0
1774200300000,4489.60,4491.59,4489.59,4490.58,146.377,1774200599999,657272.28163,687,78.286,351514.95125,0
1774200600000,4490.58,4490.96,4488.60,4490.40,107.838,1774200899999,484193.00325,583,46.115,207059.68532,0
1774200900000,4490.39,4490.57,4488.22,4489.00,82.629,1774201199999,370951.07413,580,39.356,176674.76457,0
1774201200000,4488.99,4491.43,4488.99,4491.42,212.754,1774201499999,955313.36416,563,147.471,662157.35685,0
1774201500000,4491.43,4493.11,4491.42,4492.18,166.592,1774201799999,748377.66805,415,108.782,488663.35255,0
1774201800000,4492.18,4492.62,4490.53,4492.17,123.516,1774202099999,554795.78947,464,57.671,259035.42008,0
1774202100000,4492.18,4492.18,4491.63,4491.90,36.106,1774202399999,162185.65156,249,29.869,134169.19467,0
1774202400000,4491.90,4492.10,4491.71,4492.10,37.345,1774202699999,167752.84799,259,22.839,102591.96055,0
1774202700000,4492.10,4493.28,4491.94,4491.94,157.297,1774202999999,706664.50996,450,66.306,297885.50465,0
1774203000000,4491.93,4492.69,4491.37,4491.56,105.933,1774203299999,475831.62766,703,43.807,196778.69178,0
1774203300000,4491.57,4492.65,4491.57,4492.65,82.034,1774203599999,368492.59183,315,63.586,285618.91614,0
1774203600000,4492.64,4492.65,4492.64,4492.65,23.622,1774203899999,106125.27270,135,13.062,58682.99430,0
1774203900000,4492.64,4493.99,4492.64,4493.71,104.883,1774204199999,471311.70542,333,68.096,305995.27788,0
1774204200000,4493.72,4494.18,4492.64,4492.64,89.306,1774204499999,401325.25946,287,37.600,168969.97681,0
1774204500000,4492.64,4492.64,4489.70,4491.47,120.784,1774204799999,542392.99940,588,40.874,183530.95455,0
1774204800000,4491.46,4491.47,4490.56,4490.80,24.030,1774205099999,107919.99092,202,12.652,56820.21041,0
1774205100000,4490.80,4490.80,4489.87,4489.88,61.758,1774205399999,277323.91731,320,13.967,62716.81220,0
1774205400000,4489.88,4491.74,4489.88,4491.62,91.723,1774205699999,411958.53247,356,56.683,254572.27949,0
1774205700000,4491.63,4493.19,4491.62,4493.18,71.354,1774205999999,320570.49572,295,53.073,238437.74777,0
1774206000000,4493.19,4493.19,4491.00,4491.00,78.608,1774206299999,353144.62967,320,6.217,27930.96501,0
1774206300000,4491.01,4492.81,4491.00,4492.60,94.731,1774206599999,425552.76225,320,47.118,211649.44538,0
1774206600000,4492.60,4492.60,4490.63,4490.93,114.452,1774206899999,514116.62026,473,29.344,131805.02314,0
1774206900000,4490.93,4491.33,4488.80,4489.66,320.632,1774207199999,1439697.23974,679,99.623,447320.97773,0
1774207200000,4489.66,4489.86,4488.80,4489.56,76.017,1774207499999,341271.17886,442,41.430,185992.17869,0
1774207500000,4489.56,4489.60,4488.80,4489.39,66.955,1774207799999,300567.29950,410,40.437,181525.90457,0
1774207800000,4489.39,4491.38,4489.39,4489.88,71.787,1774208099999,322366.57797,421,41.524,186469.15182,0
1774208100000,4489.87,4491.33,4489.87,4489.90,48.275,1774208399999,216773.33210,280,21.985,98724.85204,0
1774208400000,4489.90,4490.50,4489.87,4489.97,27.362,1774208699999,122861.08438,180,13.851,62191.92139,0
1774208700000,4489.97,4489.97,4488.95,4489.41,58.788,1774208999999,263942.79748,217,8.959,40222.85959,0
1774209000000,4489.40,4489.41,4488.30,4488.60,104.278,1774209299999,468087.32018,328,42.210,189467.93793,0
1774209300000,4488.60,4489.30,4487.85,4487.85,103.511,1774209599999,464623.46188,407,43.688,196107.14985,0
1774209600000,4487.86,4492.00,4487.85,4490.01,253.758,1774209899999,1139375.65739,1108,147.057,660266.22091,0
1774209900000,4490.02,4490.26,4489.63,4489.63,25.431,1774210199999,114188.40015,206,12.829,57604.63142,0
1774210200000,4489.63,4491.18,4489.63,4491.13,56.547,1774210499999,253893.07005,281,29.986,134630.33127,0
1774210500000,4491.18,4491.99,4491.06,4491.92,152.126,1774210799999,683247.95886,353,109.873,493471.20019,0
1774210800000,4491.92,4492.00,4491.33,4491.33,37.162,1774211099999,166921.33149,256,23.037,103475.59567,0
1774211100000,4491.33,4492.07,4490.87,4491.30,44.932,1774211399999,201810.79924,347,14.157,63588.52393,0
1774211400000,4491.30,4491.51,4490.50,4491.06,39.508,1774211699999,177426.26762,242,20.555,92307.98276,0
1774211700000,4491.06,4491.07,4490.48,4490.52,25.659,1774211999999,115227.02629,160,10.688,47996.97709,0
1774212000000,4490.52,4491.18,4490.20,4491.18,73.631,1774212299999,330641.74902,235,19.314,86733.33794,0
1774212300000,4491.17,4491.20,4490.72,4490.72,29.903,1774212599999,134298.29775,246,16.595,74530.27669,0
1774212600000,4490.72,4490.73,4489.70,4489.89,45.966,1774212899999,206387.91731,371,7.200,32326.81839,0
1774212900000,4489.99,4490.97,4489.30,4489.82,127.800,1774213199999,573829.85616,419,56.362,253064.53954,0
1774213200000,4489.83,4489.83,4488.81,4488.88,78.734,1774213499999,353461.31884,315,20.911,93871.75042,0
1774213500000,4488.88,4488.89,4485.69,4487.63,548.418,1774213799999,2460829.45452,1251,175.121,785738.64122,0
1774213800000,4487.63,4487.64,4486.32,4487.54,118.203,1774214099999,530382.92722,673,57.359,257373.90366,0
1774214100000,4487.53,4487.67,4484.80,4484.80,375.594,1774214399999,1684712.32002,1074,60.599,271825.92325,0
1774214400000,4484.80,4484.81,4483.21,4484.07,242.730,1774214699999,1088353.91173,829,58.617,262814.31081,0
1774214700000,4484.06,4484.37,4483.31,4484.12,204.851,1774214999999,918516.77795,634,94.396,423261.34705,0
1774215000000,4484.12,4484.41,4483.49,4483.49,162.553,1774215299999,728837.74098,558,23.062,103405.62432,0
1774215300000,4483.50,4484.76,4482.28,4484.75,219.219,1774215599999,982850.88498,1084,57.596,258227.50023,0
1774215600000,4484.75,4484.75,4481.11,4482.32,302.734,1774215899999,1357077.25122,984,56.026,251167.28200,0
1774215900000,4482.32,4483.32,4482.31,4482.87,208.771,1774216199999,935857.97596,689,74.531,334092.33702,0
1774216200000,4482.87,4488.64,4482.50,4484.48,504.778,1774216499999,2264261.64238,1547,274.147,1229568.69032,0
1774216500000,4484.49,4484.49,4481.00,4482.83,531.897,1774216799999,2383946.13056,1079,269.856,1209506.47242,0
1774216800000,4482.82,4489.67,4452.57,4478.56,16017.059,1774217099999,71648949.52120,26397,7622.715,34097893.39338,0
1774217100000,4478.56,4516.92,4474.07,4512.52,12409.198,1774217399999,55846952.11539,21075,6590.939,29656603.70734,0
1774217400000,4512.52,4518.00,4493.96,4510.22,4804.232,1774217699999,21650728.17359,8963,2474.106,11148355.48560,0
1774217700000,4510.10,4526.11,4506.41,4518.40,5066.607,1774217999999,22877097.11392,8179,2882.365,13016469.74043,0
1774218000000,4518.41,4536.65,4516.64,4532.54,5266.958,1774218299999,23837168.69892,9063,2868.954,12985453.36677,0
1774218300000,4532.54,4540.85,4514.63,4528.69,4545.683,1774218599999,20593390.70255,8421,1855.867,8409487.29872,0
1774218600000,4528.70,4531.78,4511.32,4515.72,2735.390,1774218899999,12370517.00426,6610,1142.985,5171000.21431,0
1774218900000,4515.76,4521.12,4507.71,4518.14,1871.444,1774219199999,8449337.44575,4695,977.724,4415419.65784,0
1774219200000,4518.15,4519.84,4509.35,4510.88,978.809,1774219499999,4418690.07166,3668,500.257,2258168.10769,0
1774219500000,4510.89,4518.99,4508.57,4511.04,1037.259,1774219799999,4680447.85341,3351,590.107,2662682.00665,0
1774219800000,4511.05,4515.85,4509.56,4509.56,1085.606,1774220099999,4899253.05170,2591,477.469,2154691.14332,0
1774220100000,4509.56,4509.56,4493.01,4501.11,3762.476,1774220399999,16937225.09612,6167,1595.070,7179730.64485,0
1774220400000,4501.12,4514.39,4497.43,4503.19,2525.425,1774220699999,11381120.81360,5597,1203.422,5422932.49869,0
1774220700000,4503.19,4509.25,4491.00,4498.01,2116.468,1774220999999,9523040.24296,5040,870.517,3917024.86942,0
1774221000000,4498.01,4502.33,4488.58,4493.57,2099.444,1774221299999,9438621.53623,5182,696.518,3130733.24081,0
1774221300000,4493.54,4502.79,4493.04,4493.73,1604.880,1774221599999,7220850.40332,4330,615.944,2771142.59139,0
1774221600000,4493.73,4496.47,4488.33,4492.71,1342.611,1774221899999,6031283.73075,4572,685.269,3078390.48447,0
1774221900000,4492.71,4495.47,4485.32,4488.55,1632.662,1774222199999,7330788.20310,5242,860.429,3863291.32387,0
1774222200000,4488.54,4491.99,4483.01,4485.30,2369.806,1774222499999,10634046.18759,5208,1229.838,5518425.68292,0
1774222500000,4485.33,4489.32,4475.59,4482.19,2310.432,1774222799999,10356502.38526,5502,1430.222,6411748.28205,0
1774222800000,4482.01,4493.00,4480.75,4490.59,1474.190,1774223099999,6614949.13586,3906,746.763,3350436.44254,0
1774223100000,4490.59,4495.95,4463.76,4466.55,4114.260,1774223399999,18420967.00886,8088,1769.162,7921285.16791,0
1774223400000,4466.55,4474.59,4455.58,4462.59,3064.332,1774223699999,13681118.00016,7888,1413.882,6314039.06409,0
1774223700000,4462.64,4473.48,4462.08,4469.11,1399.282,1774223999999,6250928.43319,5724,695.381,3106445.56887,0
1774224000000,4469.12,4477.44,4439.43,4444.73,9043.055,1774224299999,40258835.15277,13926,4036.197,17972335.93180,0
1774224300000,4445.43,4456.80,4430.38,4443.56,6015.928,1774224599999,26727558.16127,11949,2777.127,12336260.37003,0
1774224600000,4443.56,4453.35,4439.26,4440.92,3307.643,1774224899999,14708289.12414,8065,1688.464,7508770.03245,0
1774224900000,4440.93,4441.46,4412.00,4430.10,13020.231,1774225199999,57587943.17169,17972,6017.236,26610098.91954,0
1774225200000,4430.11,4445.02,4424.24,4443.63,5048.256,1774225499999,22393799.71460,9742,2251.380,9986306.32715,0
1774225500000,4444.00,4449.00,4428.41,4431.23,3449.559,1774225799999,15311963.21361,8141,1690.089,7501887.79856,0
1774225800000,4431.21,4440.92,4405.00,4407.28,7707.364,1774226099999,34064349.01382,11974,3813.870,16855720.85349,0
1774226100000,4407.26,4407.60,4336.00,4355.12,38787.891,1774226399999,169258127.21973,45520,17490.753,76271393.57201,0
1774226400000,4355.62,4371.18,4348.96,4368.32,9349.306,1774226699999,40765399.55599,17978,4951.979,21592459.09007,0
1774226700000,4368.38,4372.87,4350.66,4352.76,6624.807,1774226999999,28888015.45123,15364,3037.591,13243682.90815,0
1774227000000,4352.77,4367.90,4327.01,4343.32,11546.774,1774227299999,50144006.75355,20614,5539.850,24057836.19802,0
1774227300000,4343.31,4376.30,4336.26,4359.92,5943.505,1774227599999,25900185.48358,16519,3040.951,13249105.69346,0
1774227600000,4359.92,4386.84,4336.58,4383.33,10297.560,1774227899999,44925107.99275,27046,5831.556,25447656.34618,0
1774227900000,4383.33,4421.06,4381.71,4406.70,11807.936,1774228199999,51966424.38438,22672,5296.732,23310982.85579,0
1774228200000,4406.70,4425.74,4399.53,4412.15,6718.575,1774228499999,29647532.02920,16993,2764.295,12198207.72970,0
1774228500000,4412.45,4439.76,4410.52,4432.39,4695.994,1774228799999,20795847.67381,14977,2443.918,10821617.14422,0
1774228800000,4432.39,4446.00,4423.57,4435.43,4318.070,1774229099999,19160616.43433,12254,1839.970,8165342.33091,0
1774229100000,4435.41,4437.84,4423.35,4424.91,3082.092,1774229399999,13646291.43711,10154,1305.589,5780562.46557,0
1774229400000,4425.13,4458.47,4419.31,4445.05,6630.130,1774229699999,29469943.84859,13964,3613.940,16064985.99540,0
1774229700000,4445.04,4452.00,4435.77,4446.39,4051.992,1774229999999,18010114.58440,10375,1736.734,7718929.88483,0
1774230000000,4447.00,4447.21,4430.25,4438.72,2859.352,1774230299999,12689226.01893,8812,1152.921,5116080.56372,0
1774230300000,4438.79,4439.86,4414.54,4416.94,3891.393,1774230599999,17221198.72156,10452,1949.776,8628658.46207,0
1774230600000,4416.94,4418.36,4406.86,4410.58,3724.837,1774230899999,16438410.37418,10259,1589.261,7014346.23877,0
1774230900000,4410.88,4414.79,4386.36,4391.76,6866.379,1774231199999,30188294.01163,12466,2941.694,12931623.03822,0
1774231200000,4391.76,4422.96,4387.80,4420.21,6958.873,1774231499999,30678584.16752,13872,4217.723,18593228.82954,0
1774231500000,4420.22,4425.25,4410.70,4410.96,3179.388,1774231799999,14044393.44943,9601,1356.126,5991245.85633,0
1774231800000,4410.96,4417.49,4394.44,4400.11,5207.124,1774232099999,22943641.46725,11682,2783.836,12265961.27760,0
1774232100000,4399.98,4420.43,4398.13,4408.27,4637.174,1774232399999,20446463.39819,10801,2726.340,12018767.21290,0
1774232400000,4408.27,4418.26,4408.00,4409.34,1677.524,1774232699999,7402687.55841,6941,1018.520,4494483.13235,0
1774232700000,4409.34,4418.48,4400.94,4404.10,2105.182,1774232999999,9281215.59478,7177,1111.823,4901666.97752,0
1774233000000,4404.10,4408.23,4386.36,4393.13,4562.590,1774233299999,20046034.56196,12336,2281.855,10026910.14239,0
1774233300000,4393.13,4395.47,4375.03,4378.01,4143.723,1774233599999,18163036.97965,11690,1907.232,8360885.85195,0
1774233600000,4378.00,4389.54,4373.33,4387.79,2624.314,1774233899999,11494337.02608,8505,1464.704,6415526.20945,0
1774233900000,4387.79,4387.79,4372.62,4377.52,3409.233,1774234199999,14927678.62413,8812,1802.342,7892443.72845,0
1774234200000,4377.52,4382.79,4360.00,4365.83,4877.128,1774234499999,21301671.62837,11012,2704.183,11808140.92055,0
1774234500000,4365.69,4373.65,4362.54,4365.24,2562.401,1774234799999,11190261.80928,6876,1057.084,4616656.80939,0
1774234800000,4365.23,4382.21,4364.36,4371.70,3165.801,1774235099999,13849353.75946,8477,1881.496,8230419.92100,0
1774235100000,4371.73,4377.51,4358.87,4360.99,2913.493,1774235399999,12730321.94883,7332,1466.513,6407483.11717,0
1774235400000,4360.99,4361.68,4351.71,4354.57,3289.795,1774235699999,14331805.96459,8077,1948.985,8491159.42763,0
1774235700000,4354.66,4365.07,4354.16,4357.22,2636.784,1774235999999,11496038.02069,7350,1349.380,5882757.01542,0
1774236000000,4357.22,4368.86,4355.79,4358.70,2327.810,1774236299999,10155777.63553,7324,1008.852,4400912.38540,0
1774236300000,4358.70,4362.04,4351.92,4356.22,2348.282,1774236599999,10231924.11381,7751,1352.249,5891821.56833,0
1774236600000,4356.22,4368.99,4355.90,4364.13,1885.694,1774236899999,8227516.03293,6990,995.182,4342187.27523,0
1774236900000,4364.04,4364.64,4348.01,4350.12,3177.404,1774237199999,13833755.71565,7444,1465.654,6381676.74590,0
1774237200000,4350.12,4352.07,4340.16,4347.27,3942.229,1774237499999,17126817.20241,7319,2324.368,10097961.13201,0
1774237500000,4347.27,4356.74,4342.58,4356.53,2840.440,1774237799999,12356007.79373,7209,1870.696,8138521.71348,0
1774237800000,4356.53,4365.78,4352.78,4356.56,2620.543,1774238099999,11424025.61685,6068,1290.581,5625839.12038,0
1774238100000,4356.56,4359.39,4353.44,4358.13,1362.694,1774238399999,5937261.41052,4142,773.034,3368170.93884,0
1774238400000,4357.75,4373.60,4357.75,4366.94,4713.944,1774238699999,20593144.72678,8076,2452.943,10715538.67416,0
1774238700000,4366.94,4376.00,4365.60,4374.23,2395.175,1774238999999,10472798.70825,6314,1502.845,6571319.97320,0
1774239000000,4374.22,4375.36,4366.38,4368.21,1674.730,1774239299999,7319364.17295,4772,664.362,2903668.16546,0
1774239300000,4368.21,4375.52,4366.83,4374.19,1697.060,1774239599999,7417514.44302,4019,1026.223,4485209.45189,0
1774239600000,4374.19,4374.76,4371.01,4374.76,509.838,1774239899999,2229587.79968,2119,253.614,1109081.66351,0
1774239900000,4374.80,4375.32,4370.19,4372.38,1362.254,1774240199999,5958012.68375,3620,740.182,3237319.08867,0
1774240200000,4372.38,4372.62,4364.49,4370.29,1506.052,1774240499999,6580134.35801,4657,608.574,2658761.18729,0
1774240500000,4370.28,4384.93,4369.57,4378.44,2429.715,1774240799999,10641310.28266,5993,1296.676,5678518.03463,0
1774240800000,4378.45,4382.02,4374.65,4379.62,944.614,1774241099999,4135660.90856,3645,448.028,1961509.42097,0
1774241100000,4379.63,4382.07,4370.30,4373.04,1261.237,1774241399999,5519919.28923,3871,663.041,2902339.37826,0
1774241400000,4373.03,4373.03,4355.51,4359.09,1980.722,1774241699999,8640462.28919,6622,768.443,3351926.34733,0
1774241700000,4359.09,4371.97,4357.43,4371.50,1514.986,1774241999999,6613514.85788,5137,784.718,3424765.18450,0
1774242000000,4371.50,4383.72,4369.81,4377.39,1423.721,1774242299999,6232119.56113,5349,687.978,3010792.29138,0
1774242300000,4377.39,4383.51,4375.86,4378.88,1406.356,1774242599999,6158653.05183,4410,679.819,2977162.14309,0
1774242600000,4378.88,4381.62,4374.65,4377.23,1090.431,1774242899999,4774353.83280,3513,586.570,2568156.85075,0
1774242900000,4377.17,4377.99,4367.22,4372.81,1075.825,1774243199999,4704798.73203,4129,423.718,1853187.34194,0
1774243200000,4372.81,4372.81,4359.59,4359.86,1352.144,1774243499999,5901440.38885,4928,628.421,2742170.12389,0
1774243500000,4359.86,4364.03,4357.66,4361.28,1352.288,1774243799999,5896763.73516,4301,817.556,3564996.14708,0
1774243800000,4361.23,4361.23,4325.43,4338.93,9521.659,1774244099999,41308931.89427,19355,4413.200,19144556.98288,0
1774244100000,4339.03,4346.65,4326.06,4333.56,4101.385,1774244399999,17788420.14447,11701,2065.729,8960266.70556,0
1774244400000,4333.41,4335.76,4325.70,4328.95,4528.182,1774244699999,19609810.74155,10293,2605.614,11283941.67567,0
1774244700000,4328.94,4332.72,4322.21,4326.42,3990.091,1774244999999,17264279.57813,9745,1991.679,8618972.89377,0
1774245000000,4326.43,4329.79,4309.43,4309.96,8073.682,1774245299999,34855088.57267,13493,3484.802,15044313.23199,0
1774245300000,4309.87,4326.94,4308.00,4317.49,5936.574,1774245599999,25642662.74554,11855,3464.598,14962986.50877,0
1774245600000,4317.48,4317.61,4293.11,4293.70,8861.143,1774245899999,38122425.54729,17803,3559.076,15314080.27666,0
1774245900000,4293.70,4293.95,4274.01,4282.67,17197.576,1774246199999,73675940.91784,24081,7074.399,30310064.75943,0
1774246200000,4282.95,4302.20,4278.41,4300.56,7638.314,1774246499999,32740649.63479,14299,4355.860,18670842.96335,0
1774246500000,4300.57,4314.78,4284.66,4292.46,10059.484,1774246799999,43253168.94400,18753,4814.032,20696334.66900,0
1774246800000,4292.45,4292.45,4278.02,4282.97,5496.582,1774247099999,23543442.19614,12441,2921.537,12514774.74850,0
1774247100000,4283.25,4289.45,4245.62,4252.02,14753.337,1774247399999,62935442.84275,22135,5597.171,23885027.72481,0
1774247400000,4252.16,4261.40,4233.75,4247.31,16945.761,1774247699999,71953084.37565,26645,9292.495,39467038.89214,0
1774247700000,4247.32,4251.83,4218.00,4242.08,14661.350,1774247999999,62106137.18015,21823,5611.399,23783523.57360,0
1774248000000,4241.94,4251.83,4195.84,4197.45,17615.708,1774248299999,74356065.54634,26332,8134.605,34351004.05219,0
1774248300000,4197.26,4220.61,4175.22,4219.01,26926.082,1774248599999,112970968.73086,37327,12794.050,53696046.29888,0
1774248600000,4219.01,4237.75,4214.62,4221.05,16075.210,1774248899999,67978210.73770,22536,7465.431,31565679.83493,0
1774248900000,4220.87,4236.72,4215.64,4228.29,9408.303,1774249199999,39781412.42073,16613,4341.542,18357714.68742,0
1774249200000,4228.29,4229.93,4191.85,4191.85,18290.189,1774249499999,76935746.33403,26173,9544.313,40143852.95814,0
1774249500000,4191.85,4192.42,4146.94,4173.54,40295.366,1774249799999,167986371.32672,39033,20046.516,83595016.90856,0
1774249800000,4173.54,4184.84,4146.26,4150.30,19515.866,1774250099999,81285375.40960,27206,9806.833,40855341.54374,0
1774250100000,4150.29,4182.92,4137.23,4141.64,26651.615,1774250399999,110688770.66684,37398,11913.716,49491793.99450,0
1774250400000,4141.45,4163.00,4124.10,4144.41,23993.384,1774250699999,99279986.14598,35663,11681.865,48347012.89175,0
1774250700000,4144.60,4156.00,4129.27,4151.84,12533.531,1774250999999,51918259.61404,27472,6762.494,28013516.98835,0
1774251000000,4151.55,4176.82,4143.09,4168.32,12081.488,1774251299999,50278314.90494,24815,6877.646,28622869.50510,0
1774251300000,4168.32,4207.00,4162.65,4186.72,18629.459,1774251599999,78001953.87263,24382,8954.246,37492012.16481,0
1774251600000,4186.72,4222.00,4178.01,4220.68,13205.282,1774251899999,55512337.50375,22556,6497.683,27319403.53145,0
1774251900000,4220.67,4238.02,4211.43,4219.44,14331.497,1774252199999,60551585.60735,22871,7365.912,31124410.52328,0
1774252200000,4219.69,4230.01,4195.29,4204.96,11298.364,1774252499999,47582864.24035,21121,4895.065,20618958.17300,0
1774252500000,4204.96,4211.95,4193.01,4209.86,7330.980,1774252799999,30812710.03387,14448,3688.281,15503330.53716,0
1774252800000,4209.87,4237.29,4208.00,4227.67,11369.959,1774253099999,48058537.68476,22125,5239.798,22148879.73945,0
1774253100000,4227.65,4248.00,4220.06,4241.63,9064.017,1774253399999,38414872.62921,17498,4482.434,18998925.01428,0
1774253400000,4241.59,4262.32,4231.90,4258.87,11111.155,1774253699999,47214939.05877,17927,6003.616,25507935.80159,0
1774253700000,4258.86,4261.89,4221.22,4228.68,9529.589,1774253999999,40403237.62905,17378,4330.372,18360059.95550,0
1774254000000,4228.68,4238.44,4219.00,4229.41,7006.282,1774254299999,29622573.72922,15575,3338.128,14113913.25753,0
1774254300000,4229.41,4241.62,4220.92,4235.42,5434.272,1774254599999,22993287.65794,13561,2821.484,11938522.57135,0
1774254600000,4234.72,4268.36,4230.40,4266.91,8579.965,1774254899999,36528991.02853,15240,3757.536,15993369.90485,0
1774254900000,4266.92,4274.00,4240.37,4244.51,7381.719,1774255199999,31431740.76646,14471,3437.478,14634582.41002,0
1774255200000,4244.51,4262.56,4241.60,4261.77,4537.079,1774255499999,19297716.73933,10746,2300.555,9783908.01277,0
1774255500000,4261.77,4273.00,4245.91,4246.83,5136.005,1774255799999,21888404.08473,11182,2725.722,11616519.92688,0
1774255800000,4246.82,4246.97,4233.00,4235.64,6107.600,1774256099999,25898762.80725,12346,3585.102,15201965.11216,0
1774256100000,4235.72,4258.00,4226.75,4254.86,6186.270,1774256399999,26240981.20641,12993,3099.841,13150903.92255,0
1774256400000,4254.92,4263.96,4251.01,4257.24,5812.191,1774256699999,24738305.98684,11130,2204.047,9381052.92379,0
1774256700000,4257.25,4262.34,4253.81,4258.66,2714.028,1774256999999,11556090.74500,7454,1379.228,5872644.34364,0
1774257000000,4258.65,4273.22,4256.87,4272.60,4994.021,1774257299999,21302427.38636,8804,2742.595,11699683.43661,0
1774257300000,4272.61,4294.00,4271.19,4291.50,9852.575,1774257599999,42222877.25053,12528,4935.019,21145173.77754,0
1774257600000,4291.51,4304.23,4286.82,4291.24,8167.414,1774257899999,35093319.74004,13114,4163.640,17890153.40802,0
1774257900000,4291.24,4306.84,4290.08,4306.78,5156.882,1774258199999,22163351.39831,9382,2375.641,10211254.04652,0
1774258200000,4306.78,4310.74,4283.50,4285.64,7349.015,1774258499999,31572577.34610,13098,3291.858,14143447.28385,0
1774258500000,4285.54,4287.00,4246.02,4247.43,14673.232,1774258799999,62566165.05448,17879,7776.051,33152237.40559,0
1774258800000,4247.44,4255.83,4231.61,4233.54,15132.882,1774259099999,64218925.63816,17801,8113.329,34435709.85799,0
1774259100000,4233.53,4251.54,4231.22,4242.80,5564.032,1774259399999,23603417.08606,9660,2908.359,12337309.42789,0
1774259400000,4242.83,4253.45,4240.12,4243.85,2878.125,1774259699999,12216813.97583,6911,1419.038,6023589.29345,0
1774259700000,4243.76,4262.52,4241.60,4259.64,2440.999,1774259999999,10382975.00995,6906,1404.243,5973710.66484,0
1774260000000,4259.63,4266.47,4248.03,4262.26,2644.264,1774260299999,11262771.40014,7245,1329.484,5664211.01321,0
1774260300000,4262.41,4270.99,4258.21,4267.24,2610.242,1774260599999,11128904.41516,5892,1390.304,5928564.95008,0
1774260600000,4267.23,4278.72,4259.58,4269.06,4102.835,1774260899999,17520761.29359,7497,1999.072,8537207.67114,0
1774260900000,4269.05,4281.45,4266.84,4273.95,2303.764,1774261199999,9846818.68246,5424,923.861,3949546.47853,0
1774261200000,4273.95,4279.00,4261.93,4277.81,2635.507,1774261499999,11254682.55399,5645,1268.919,5417298.84408,0
1774261500000,4277.81,4278.57,4268.81,4272.72,1743.382,1774261799999,7448185.41949,3833,746.735,3190012.57246,0
1774261800000,4272.72,4274.22,4266.00,4266.57,2238.184,1774262099999,9555348.56491,4643,1010.737,4315455.42041,0
1774262100000,4266.56,4273.41,4245.50,4251.34,4337.144,1774262399999,18459696.70443,8759,1984.615,8447300.14186,0
1774262400000,4251.15,4266.44,4247.66,4261.23,2811.861,1774262699999,11971831.47631,5972,1237.262,5267823.49599,0
1774262700000,4261.22,4264.35,4255.01,4263.81,2300.037,1774262999999,9795235.31601,4570,1313.932,5595547.64274,0
1774263000000,4263.81,4284.99,4263.00,4266.74,4475.720,1774263299999,19132222.93978,9403,2076.998,8877184.99143,0
1774263300000,4267.02,4273.50,4255.72,4271.85,2610.460,1774263599999,11134319.35582,5888,1367.149,5830460.15804,0
1774263600000,4271.81,4298.76,4271.81,4286.70,5284.950,1774263899999,22669006.22667,10007,2500.789,10727039.40077,0
1774263900000,4286.70,4420.00,4285.66,4404.02,59253.144,1774264199999,259192037.80186,63208,30086.043,131556220.25184,0
1774264200000,4404.06,4468.02,4394.92,4455.29,40212.346,1774264499999,178222067.66055,44115,21422.659,94959590.79860,0
1774264500000,4455.30,4459.20,4379.50,4396.50,29194.518,1774264799999,128806497.53964,36999,13736.323,60616679.14081,0
1774264800000,4396.50,4407.29,4356.99,4377.00,18549.961,1774265099999,81117889.27319,30000,9095.169,39777669.40355,0
1774265100000,4377.00,4404.89,4374.18,4399.46,14096.183,1774265399999,61882938.82513,22144,6721.975,29508715.04520,0
1774265400000,4400.30,4427.64,4395.48,4423.05,10362.872,1774265699999,45696209.79617,17738,5066.139,22340610.19495,0
1774265700000,4423.04,4433.77,4394.28,4406.85,13136.421,1774265999999,57986308.13277,19272,5700.448,25158868.79945,0
1774266000000,4406.85,4416.03,4385.71,4414.13,8309.289,1774266299999,36570726.48634,13834,3463.078,15239566.31366,0
1774266300000,4414.12,4419.09,4377.26,4395.22,11643.536,1774266599999,51179713.52910,16944,5210.218,22905356.27767,0
1774266600000,4395.27,4416.20,4380.45,4405.30,9325.703,1774266899999,41012183.93017,14257,4179.945,18379022.17668,0
1774266900000,4405.20,4405.20,4363.96,4380.75,11722.382,1774267199999,51340725.31006,16417,5198.618,22767832.30251,0
1774267200000,4380.75,4383.33,4353.78,4359.33,12114.535,1774267499999,52875210.22933,16530,5271.948,23007372.86609,0
1774267500000,4359.33,4373.89,4340.56,4373.63,12613.627,1774267799999,54907645.89578,17487,6651.295,28960265.18251,0
1774267800000,4373.59,4380.27,4353.86,4356.74,9183.332,1774268099999,40124422.05517,13779,4721.720,20629601.38108,0
1774268100000,4356.51,4401.69,4356.07,4401.54,10698.190,1774268399999,46874028.10461,13501,5337.068,23381749.24858,0
1774268400000,4401.37,4407.64,4390.04,4391.85,10848.412,1774268699999,47726969.89026,11125,4813.534,21176978.69624,0
1774268700000,4392.00,4403.31,4389.28,4392.72,9325.587,1774268999999,41001177.85972,10414,4501.254,19788935.34179,0
1774269000000,4392.43,4412.83,4377.15,4408.70,8076.485,1774269299999,35491818.98068,11683,3907.614,17170852.81297,0
1774269300000,4408.71,4418.68,4402.50,4412.19,5664.791,1774269599999,24992742.76739,10346,2760.343,12178625.11886,0
1774269600000,4412.20,4444.76,4405.64,4443.22,12973.704,1774269899999,57496153.35391,16474,6985.986,30961306.91610,0
1774269900000,4443.16,4465.99,4433.16,4462.97,11088.973,1774270199999,49329769.42531,15327,4730.973,21050561.68379,0
1774270200000,4462.97,4484.65,4460.00,4469.47,14470.883,1774270499999,64719747.47188,16201,6401.679,28629657.16743,0
1774270500000,4469.47,4493.89,4466.40,4479.43,9786.704,1774270799999,43856639.93392,13397,4610.480,20658408.51463,0
1774270800000,4479.43,4488.76,4441.13,4456.52,21342.788,1774271099999,95175703.28176,23263,11115.134,49559334.95778,0
1774271100000,4456.53,4458.74,4434.02,4448.93,10128.612,1774271399999,45005478.00947,15724,5376.066,23888202.67055,0
1774271400000,4448.93,4461.88,4441.50,4448.11,7476.005,1774271699999,33266340.02727,11974,3783.756,16838749.35982,0
1774271700000,4447.96,4455.38,4425.61,4425.75,6880.582,1774271999999,30565629.39335,11421,3390.944,15065634.38360,0
1774272000000,4425.76,4438.42,4417.32,4422.74,6818.882,1774272299999,30179820.21320,11042,3838.738,16987149.49386,0
1774272300000,4422.73,4428.76,4407.07,4413.00,6027.212,1774272599999,26619675.94322,10878,3230.793,14269394.59966,0
1774272600000,4413.00,4425.02,4405.74,4420.20,9062.470,1774272899999,40003686.75440,15971,4649.313,20523908.71328,0
1774272900000,4420.16,4444.41,4419.50,4435.97,7108.542,1774273199999,31500367.24168,15418,3670.081,16264418.24312,0
1774273200000,4435.84,4452.78,4425.41,4425.76,8049.384,1774273499999,35746766.88802,15168,3432.395,15244854.51380,0
1774273500000,4425.75,4452.48,4422.89,4445.46,6111.742,1774273799999,27142689.24160,13031,3265.182,14501434.69687,0
1774273800000,4445.84,4469.95,4442.62,4453.55,5743.061,1774274099999,25597950.27474,12951,2669.179,11896531.27821,0
1774274100000,4453.52,4457.50,4439.76,4456.05,6788.640,1774274399999,30202847.90633,10308,2942.305,13091052.92787,0
1774274400000,4456.05,4481.40,4455.82,4466.55,8882.136,1774274699999,39707370.67697,12798,4024.379,17991035.66030,0
1774274700000,4466.54,4474.16,4456.18,4465.42,8323.467,1774274999999,37166084.98867,11129,3907.396,17447387.71376,0
1774275000000,4465.32,4473.67,4456.00,4466.36,5329.593,1774275299999,23801983.69487,9990,2449.726,10940472.68313,0
1774275300000,4466.17,4496.66,4462.71,4491.15,9105.491,1774275599999,40848073.18772,12952,4838.946,21706113.65460,0
1774275600000,4491.16,4506.00,4487.00,4504.91,9464.208,1774275899999,42551808.54975,13335,4682.328,21051801.09776,0
1774275900000,4504.61,4512.71,4481.98,4489.13,10335.876,1774276199999,46523103.97626,14014,5052.653,22740365.63239,0
1774276200000,4488.90,4505.92,4476.17,4495.05,7820.613,1774276499999,35120480.99269,10268,4239.001,19034084.14787,0
1774276500000,4495.07,4503.80,4478.50,4483.13,7072.513,1774276799999,31764163.71998,9256,3854.830,17313203.91059,0
1774276800000,4482.88,4488.79,4472.69,4481.09,5941.189,1774277099999,26616091.33152,9866,3064.294,13728520.38745,0
1774277100000,4481.09,4487.29,4470.55,4481.06,5476.186,1774277399999,24523937.43740,9898,2790.415,12494331.89866,0
1774277400000,4481.24,4481.24,4460.05,4465.95,5362.452,1774277699999,23960297.26038,8696,2830.789,12647217.30017,0
1774277700000,4465.89,4478.99,4463.46,4464.08,4030.773,1774277999999,18023816.63549,6736,2118.226,9471836.97530,0
1774278000000,4464.08,4479.52,4457.71,4472.19,6685.221,1774278299999,29883318.83007,10798,3451.200,15426857.11591,0
1774278300000,4472.23,4489.67,4471.68,4488.02,5523.437,1774278599999,24766404.68363,8033,2762.282,12384747.41783,0
1774278600000,4488.13,4488.13,4465.17,4468.20,4207.710,1774278899999,18830440.51368,8551,1970.247,8816595.30017,0
1774278900000,4468.06,4471.91,4431.15,4443.52,8419.150,1774279199999,37456942.42387,14835,4330.508,19263012.53365,0
1774279200000,4443.51,4461.00,4433.83,4457.78,6007.622,1774279499999,26711344.67037,10918,2634.697,11713652.68239,0
1774279500000,4457.78,4459.95,4442.09,4449.56,3843.973,1774279799999,17105718.65151,8432,1838.900,8182463.89894,0
1774279800000,4449.55,4458.24,4433.50,4435.20,4000.326,1774280099999,17796177.57036,8654,1883.813,8379893.11496,0
1774280100000,4435.29,4435.35,4418.43,4422.90,6013.914,1774280399999,26622123.89891,10980,3293.446,14579394.64164,0
1774280400000,4422.89,4426.52,4409.17,4411.19,5012.223,1774280699999,22142742.57943,10327,2736.057,12087673.37616,0
1774280700000,4411.19,4418.36,4398.82,4405.68,6114.565,1774280999999,26945682.39081,10697,3290.616,14503345.70465,0
1774281000000,4405.67,4410.46,4387.41,4398.69,7900.869,1774281299999,34756368.06205,13850,3840.651,16897703.97623,0
1774281300000,4398.69,4400.70,4354.81,4367.20,15444.459,1774281599999,67534159.56223,21162,8032.935,35123982.05780,0
1774281600000,4367.20,4384.67,4364.10,4366.58,9893.410,1774281899999,43262854.82455,15890,5573.645,24375736.00774,0
1774281900000,4366.58,4384.49,4357.24,4376.98,7756.807,1774282199999,33919544.28657,13257,4431.104,19378447.03114,0
1774282200000,4376.96,4394.55,4371.31,4388.65,6066.854,1774282499999,26602582.55776,10367,3461.793,15179535.82722,0
1774282500000,4388.44,4393.35,4371.01,4376.53,4889.428,1774282799999,21425740.82087,8232,2218.672,9721661.24820,0
1774282800000,4376.52,4386.05,4365.68,4377.14,4870.834,1774283099999,21316563.41366,8664,2461.336,10771413.90237,0
1774283100000,4377.14,4377.14,4356.72,4360.35,4654.220,1774283399999,20316279.26111,8958,2302.717,10050717.52655,0
1774283400000,4360.35,4381.66,4359.16,4381.66,4071.405,1774283699999,17804803.72828,7570,2285.654,9994667.24226,0
1774283700000,4381.65,4391.48,4379.51,4381.05,4271.985,1774283999999,18733739.56776,6983,1978.432,8675714.49705,0
1774284000000,4381.02,4391.98,4376.32,4390.47,3261.740,1774284299999,14299693.39762,6819,1841.362,8073016.04442,0
1774284300000,4390.27,4395.91,4376.75,4387.59,4584.476,1774284599999,20116294.99927,8649,2431.138,10669912.93296,0
1774284600000,4387.59,4395.65,4382.40,4392.75,3692.210,1774284899999,16206850.76536,6632,1761.212,7730431.59045,0
1774284900000,4392.74,4394.54,4376.40,4380.63,2517.038,1774285199999,11035068.36261,5896,1077.387,4723078.35932,0
1774285200000,4380.53,4391.21,4377.88,4379.38,3108.516,1774285499999,13628631.14453,6004,1438.427,6306206.54655,0
1774285500000,4379.39,4406.10,4375.00,4399.40,4743.816,1774285799999,20837587.30512,7864,2512.556,11038236.34850,0
1774285800000,4399.51,4409.17,4396.70,4400.30,2594.764,1774286099999,11424375.37844,5694,1185.342,5219005.08927,0
1774286100000,4400.31,4404.61,4392.80,4401.50,2457.426,1774286399999,10812864.24267,5881,1300.567,5722956.62321,0
1774286400000,4401.45,4405.35,4391.71,4401.99,2333.410,1774286699999,10265822.07295,5255,1114.673,4903869.85310,0
1774286700000,4402.00,4418.03,4401.36,4409.77,3018.323,1774286999999,13313002.50509,6735,1856.075,8186448.55587,0
1774287000000,4409.49,4434.55,4408.43,4433.11,5189.304,1774287299999,22960774.77938,8000,3067.183,13570940.87965,0
1774287300000,4433.11,4441.79,4431.32,4435.35,4299.973,1774287599999,19077609.88729,6609,2317.193,10280420.66792,0
1774287600000,4435.27,4435.27,4423.06,4425.27,2834.712,1774287899999,12556742.44278,4738,1391.738,6164803.53099,0
1774287900000,4425.27,4427.48,4410.06,4414.16,2979.213,1774288199999,13162323.90691,4812,1511.060,6675105.78052,0
1774288200000,4414.19,4428.63,4411.86,4428.01,1712.465,1774288499999,7572292.72770,3917,883.974,3908869.14620,0
1774288500000,4428.01,4433.00,4424.14,4429.29,2772.773,1774288799999,12280255.36907,3695,1504.995,6665067.13160,0
1774288800000,4429.09,4430.25,4421.13,4427.36,1946.142,1774289099999,8612123.74927,3636,657.035,2907281.62565,0
1774289100000,4427.28,4431.62,4406.19,4420.49,3876.593,1774289399999,17131924.62220,6498,1912.231,8449427.97962,0
1774289400000,4420.21,4432.54,4420.21,4424.64,1561.277,1774289699999,6911463.64254,4227,695.194,3077172.62099,0
1774289700000,4424.64,4426.69,4412.41,4417.62,2671.264,1774289999999,11805183.38370,4604,1257.619,5558022.72234,0
1774290000000,4417.62,4420.19,4413.01,4417.36,1273.602,1774290299999,5625063.94770,3380,668.673,2953298.94133,0
1774290300000,4417.36,4434.51,4417.16,4429.64,2475.781,1774290599999,10963275.04869,4422,1216.387,5386764.32248,0
1774290600000,4429.63,4448.50,4429.37,4447.42,3197.775,1774290899999,14195854.93077,5333,2354.376,10451190.39489,0
1774290900000,4447.43,4458.67,4445.42,4450.83,3450.830,1774291199999,15363707.15800,6208,1641.902,7309535.41422,0
1774291200000,4450.83,4465.27,4449.22,4463.47,3207.053,1774291499999,14300804.05308,4795,1498.175,6680709.36997,0
1774291500000,4463.54,4470.75,4459.05,4469.67,2549.890,1774291799999,11382098.75629,4175,1189.857,5312079.53537,0
1774291800000,4469.67,4469.67,4450.50,4458.54,2394.012,1774292099999,10675258.34989,4251,1024.081,4564397.89545,0
1774292100000,4458.54,4461.12,4451.77,4452.28,1041.052,1774292399999,4638651.72301,3006,473.705,2110681.48478,0
1774292400000,4452.27,4454.33,4439.24,4440.22,2297.720,1774292699999,10219028.27705,4549,1145.373,5093779.10972,0
1774292700000,4440.22,4443.90,4432.65,4439.40,2403.383,1774292999999,10664482.23785,4075,1216.634,5398848.84657,0
1774293000000,4439.41,4439.99,4407.87,4411.40,5152.664,1774293299999,22777530.42212,7355,2384.022,10534749.61770,0
1774293300000,4411.40,4415.59,4400.33,4407.55,3455.157,1774293599999,15226404.48002,5871,1446.158,6372990.75894,0
1774293600000,4407.56,4407.92,4396.95,4406.21,2439.714,1774293899999,10741442.84284,5098,1250.452,5505530.64872,0
1774293900000,4406.21,4419.42,4403.86,4414.55,2096.326,1774294199999,9247070.24422,4696,1292.408,5700732.52968,0
1774294200000,4414.55,4420.00,4407.75,4413.00,1594.063,1774294499999,7035998.10478,4054,927.309,4092913.12599,0
1774294500000,4413.00,4418.24,4408.88,4414.02,947.532,1774294799999,4182237.74749,3098,452.708,1998116.28747,0
1774294800000,4414.01,4419.90,4406.46,4419.84,1296.099,1774295099999,5718116.03956,3286,605.685,2671949.09566,0
1774295100000,4419.94,4431.01,4418.30,4422.60,1708.320,1774295399999,7559678.48426,3808,868.502,3843378.61049,0
1774295400000,4422.48,4422.86,4407.86,4412.15,1147.084,1774295699999,5062632.95384,3765,595.059,2625918.00750,0
1774295700000,4412.13,4412.64,4400.99,4401.50,2286.599,1774295999999,10074300.85168,5164,1086.512,4786652.35160,0
1774296000000,4401.51,4403.97,4387.51,4396.05,4347.258,1774296299999,19100526.60924,6257,2172.151,9544723.50692,0
1774296300000,4396.04,4404.44,4394.87,4404.25,1151.468,1774296599999,5065795.45569,2741,672.050,2956703.28655,0
1774296600000,4404.25,4413.00,4401.45,4408.81,1253.516,1774296899999,5525658.15366,2502,837.548,3691918.56360,0
1774296900000,4409.02,4418.00,4408.10,4408.99,1103.370,1774297199999,4868288.21082,2465,585.962,2585356.83826,0
1774297200000,4409.00,4413.90,4409.00,4412.58,633.678,1774297499999,2795723.03445,1632,353.991,1561741.80214,0
1774297500000,4412.58,4414.83,4408.66,4412.54,633.384,1774297799999,2794575.72565,1484,463.408,2044622.60181,0
1774297800000,4412.54,4412.99,4406.75,4408.87,670.394,1774298099999,2955919.73125,1420,428.416,1888917.98514,0
1774298100000,4408.86,4411.70,4402.22,4410.23,1185.240,1774298399999,5222915.33203,2249,803.658,3541356.78556,0
1774298400000,4410.24,4417.12,4406.88,4416.44,650.003,1774298699999,2867756.43913,1897,438.812,1936003.25977,0
1774298700000,4416.36,4418.69,4415.96,4418.63,642.503,1774298999999,2838057.73035,1548,507.266,2240673.60941,0
1774299000000,4418.62,4419.15,4411.46,4414.00,784.888,1774299299999,3464864.00374,2055,442.284,1952428.90949,0
1774299300000,4413.99,4415.16,4410.45,4415.16,452.820,1774299599999,1998105.24499,1655,268.431,1184468.82083,0
1774299600000,4414.69,4416.91,4413.12,4414.62,335.446,1774299899999,1481040.68867,1126,128.146,565766.22109,0
1774299900000,4414.62,4415.28,4412.86,4413.25,146.382,1774300199999,646112.59373,557,50.708,223806.46856,0
1774300200000,4413.25,4415.53,4412.37,4412.37,236.659,1774300499999,1044733.02640,620,127.210,561589.75421,0
1774300500000,4412.38,4414.15,4410.12,4411.73,252.748,1774300799999,1115249.14291,664,98.124,432995.03500,0
1774300800000,4411.74,4412.39,4411.60,4412.36,48.553,1774301099999,214220.51023,252,12.555,55392.56548,0
1774301100000,4412.36,4414.00,4408.92,4409.36,367.909,1774301399999,1623072.91490,1344,119.809,528563.25584,0
1774301400000,4409.36,4412.25,4408.05,4410.58,246.149,1774301699999,1085417.87580,666,140.308,618733.78342,0
1774301700000,4410.59,4413.73,4410.58,4413.72,98.763,1774301999999,435723.17278,378,85.630,377783.50929,0
1774302000000,4413.73,4415.53,4412.70,4415.46,285.355,1774302299999,1259832.95561,862,143.953,635548.95021,0
1774302300000,4415.46,4417.15,4415.45,4416.61,177.519,1774302599999,783932.08482,479,146.106,645192.70072,0
1774302600000,4416.60,4416.74,4414.25,4415.49,107.441,1774302899999,474384.09256,651,38.814,171373.43615,0
1774302900000,4415.48,4415.85,4409.52,4415.55,271.855,1774303199999,1199655.78781,843,95.925,423301.23438,0
1774303200000,4415.55,4426.36,4385.05,4385.05,5295.338,1774303499999,23340057.81033,9327,2217.200,9775818.15673,0
1774303500000,4385.07,4390.80,4366.78,4388.45,6168.237,1774303799999,27022163.21782,10478,3112.957,13636120.71333,0
1774303800000,4388.45,4407.17,4382.85,4401.54,3247.056,1774304099999,14275035.24874,6954,1715.198,7539537.03029,0
1774304100000,4401.54,4407.29,4392.75,4406.62,1076.614,1774304399999,4736950.85109,4132,414.018,1821617.00725,0
1774304400000,4406.63,4411.66,4400.85,4403.50,1108.983,1774304699999,4885536.86630,4187,447.900,1973156.31394,0
1774304700000,4403.49,4419.04,4402.80,4417.49,1419.931,1774304999999,6263608.21639,4290,587.696,2592056.16045,0
1774305000000,4417.49,4419.10,4402.00,4407.18,1289.905,1774305299999,5688590.07773,3471,480.302,2117430.51922,0
1774305300000,4407.18,4420.20,4407.04,4416.01,1058.623,1774305599999,4673721.31072,3358,507.090,2238431.84498,0
1774305600000,4415.72,4415.73,4409.67,4413.30,638.804,1774305899999,2818381.62272,2184,353.908,1561419.61360,0
1774305900000,4413.31,4417.75,4410.44,4416.72,380.342,1774306199999,1678973.91709,1613,197.492,871762.47984,0
1774306200000,4416.73,4435.97,4415.39,4433.52,2496.816,1774306499999,11054054.00327,5085,1485.631,6577545.61961,0
1774306500000,4433.54,4434.25,4425.56,4429.96,1102.498,1774306799999,4883933.53342,2287,576.016,2551748.25040,0
1774306800000,4429.95,4432.77,4426.71,4429.76,959.959,1774307099999,4253128.03363,2248,357.346,1583199.40366,0
1774307100000,4429.76,4441.19,4428.84,4436.25,1285.462,1774307399999,5702015.10102,3100,604.779,2682709.12179,0
1774307400000,4436.54,4441.59,4433.30,4439.47,555.277,1774307699999,2464314.95536,1852,240.752,1068438.20988,0
1774307700000,4439.17,4447.89,4438.83,4439.26,1825.444,1774307999999,8110115.56292,2767,856.837,3806371.63299,0
1774308000000,4439.25,4446.43,4435.70,4446.43,1014.121,1774308299999,4502129.86352,2135,281.845,1251290.13790,0
1774308300000,4446.16,4451.26,4443.50,4445.00,1322.231,1774308599999,5880267.26788,2933,739.413,3288495.53122,0
1774308600000,4444.99,4447.05,4440.93,4446.50,563.444,1774308899999,2503968.46822,1547,281.349,1250223.82078,0
1774308900000,4446.50,4446.93,4429.58,4430.93,1319.170,1774309199999,5852365.16572,2920,554.994,2461560.97527,0
1774309200000,4430.84,4434.60,4424.40,4433.13,1154.686,1774309499999,5115285.82926,3135,520.008,2303539.39168,0
1774309500000,4433.14,4442.15,4423.91,4441.75,1441.170,1774309799999,6389531.11362,3949,671.805,2978731.35167,0
1774309800000,4441.80,4447.92,4439.86,4445.99,933.461,1774310099999,4147715.82252,2526,377.536,1677490.74926,0
1774310100000,4445.99,4446.57,4437.15,4443.38,998.275,1774310399999,4433180.66857,3037,542.461,2408967.97846,0
1774310400000,4443.42,4448.89,4430.39,4433.00,2391.990,1774310699999,10618811.28351,4813,895.866,3977136.85049,0
1774310700000,4433.01,4437.99,4430.70,4434.93,3136.146,1774310999999,13908452.56048,3804,1699.823,7538220.92446,0
1774311000000,4435.03,4437.89,4423.05,4424.17,1692.089,1774311299999,7497325.84963,3606,674.774,2989372.12786,0
1774311300000,4424.18,4425.50,4403.55,4414.41,2968.166,1774311599999,13100106.66329,6774,1338.185,5904792.35188,0
1774311600000,4414.20,4414.83,4404.90,4408.62,1624.137,1774311899999,7162478.82791,4349,814.266,3590758.93530,0
1774311900000,4408.93,4411.79,4373.32,4381.11,6262.066,1774312199999,27468007.88013,9255,3233.738,14178270.27996,0
1774312200000,4381.20,4389.90,4361.35,4375.46,5369.671,1774312499999,23492534.72279,8727,2532.978,11079541.63011,0
1774312500000,4375.46,4379.74,4340.59,4355.16,9732.260,1774312799999,42396212.30711,12957,4609.623,20073503.75328,0
1774312800000,4355.78,4356.29,4335.58,4347.96,9841.976,1774313099999,42782011.94740,13201,4481.511,19478317.00612,0
1774313100000,4348.10,4373.92,4347.31,4370.46,5116.267,1774313399999,22318168.40625,8734,2936.984,12809710.83332,0
1774313400000,4370.45,4389.48,4369.51,4384.50,3916.645,1774313699999,17153554.95260,7035,1786.193,7820921.03099,0
1774313700000,4384.41,4389.88,4367.27,4368.11,3768.439,1774313999999,16494066.98271,7169,1737.410,7604294.42593,0
1774314000000,4367.90,4378.16,4358.27,4360.32,7407.001,1774314299999,32349125.10608,13815,3946.909,17237641.35202,0
1774314300000,4360.22,4368.96,4347.26,4348.27,4066.797,1774314599999,17719924.44035,10517,2179.086,9494582.14080,0
1774314600000,4348.06,4366.36,4333.03,4336.51,5015.323,1774314899999,21814308.59182,10797,2576.472,11207605.03079,0
1774314900000,4336.51,4353.18,4336.30,4351.50,3540.982,1774315199999,15380650.98406,9266,1829.000,7945159.33406,0
1774315200000,4351.72,4367.03,4351.72,4365.60,3348.946,1774315499999,14602769.16290,7425,1649.009,7190219.76807,0
1774315500000,4365.43,4374.23,4357.43,4360.20,2171.593,1774315799999,9480454.55345,6184,939.034,4099640.75568,0
1774315800000,4359.84,4365.36,4354.94,4364.29,2002.273,1774316099999,8729946.58641,6470,1054.269,4596663.20799,0
1774316100000,4364.43,4372.79,4354.95,4355.67,1966.989,1774316399999,8582271.65510,5741,914.309,3989787.39601,0
1774316400000,4355.67,4357.44,4326.10,4326.71,4749.213,1774316699999,20595630.38174,8874,2183.332,9468970.53418,0
1774316700000,4326.36,4333.10,4313.37,4319.03,5535.485,1774316999999,23933356.19509,9464,3096.681,13389670.38173,0
1774317000000,4319.04,4336.76,4318.54,4330.05,2944.275,1774317299999,12747439.75895,6341,1567.797,6787442.37785,0
1774317300000,4329.99,4335.36,4324.52,4326.02,2500.988,1774317599999,10827928.16427,7458,1178.368,5101815.25595,0
1774317600000,4325.85,4340.80,4318.44,4337.61,5051.062,1774317899999,21868325.01972,9186,2670.057,11560264.29663,0
1774317900000,4337.37,4337.37,4322.85,4326.69,3864.652,1774318199999,16731369.96230,7668,1994.231,8633476.93305,0
1774318200000,4326.41,4327.35,4310.25,4316.20,3956.786,1774318499999,17080449.96204,8024,1995.169,8612233.66440,0
1774318500000,4316.19,4325.04,4313.26,4318.35,1988.221,1774318799999,8586322.38493,5552,1033.543,4463314.00496,0
1774318800000,4318.40,4353.05,4316.97,4340.29,4907.953,1774319099999,21303243.26985,9555,2383.992,10344994.32621,0
1774319100000,4340.47,4356.45,4337.65,4354.78,4531.303,1774319399999,19685929.90171,6178,2276.537,9891301.25041,0
1774319400000,4354.79,4373.63,4348.36,4372.32,5729.509,1774319699999,24988453.66113,9648,2891.047,12611623.56547,0
1774319700000,4372.31,4375.83,4361.40,4363.71,3254.061,1774319999999,14215659.20497,6458,1307.936,5714427.05384,0
1774320000000,4363.71,4371.98,4355.27,4369.03,2600.121,1774320299999,11339169.64364,5754,1244.038,5425106.88828,0
1774320300000,4369.03,4380.59,4363.80,4364.71,5297.777,1774320599999,23174581.75095,7612,2549.698,11155189.23637,0
1774320600000,4364.70,4364.70,4354.22,4361.63,2061.750,1774320899999,8986937.41340,5172,941.452,4103522.54462,0
1774320900000,4361.99,4368.44,4358.64,4367.24,1375.767,1774321199999,6003123.32436,4339,691.565,3017716.44478,0
1774321200000,4367.42,4369.76,4351.81,4354.08,1867.078,1774321499999,8135114.20862,4916,853.098,3716823.78802,0
1774321500000,4354.08,4362.71,4352.77,4354.91,1564.352,1774321799999,6818015.40561,3507,939.360,4093599.69920,0
1774321800000,4354.90,4363.79,4354.65,4359.79,694.912,1774322099999,3029140.65294,2969,352.495,1536431.30696,0
1774322100000,4360.02,4367.61,4359.10,4359.95,1120.600,1774322399999,4890404.62307,2957,667.030,2911151.18065,0
1774322400000,4359.99,4369.31,4359.76,4363.57,1151.564,1774322699999,5027068.83048,2943,605.690,2644025.56025,0
1774322700000,4363.58,4368.79,4358.40,4366.50,1292.330,1774322999999,5637167.09486,3115,937.890,4090756.13650,0
1774323000000,4366.51,4367.00,4349.52,4349.53,2085.316,1774323299999,9080416.69685,4507,1115.173,4855551.10535,0
1774323300000,4349.53,4354.35,4341.02,4344.70,2249.589,1774323599999,9776723.48953,4833,1214.855,5280377.57545,0
1774323600000,4344.70,4349.50,4340.75,4344.08,1176.568,1774323899999,5111797.57583,2780,601.379,2612834.45110,0
1774323900000,4344.00,4346.86,4338.67,4343.39,1589.676,1774324199999,6903550.49305,2986,1047.684,4549780.28324,0
1774324200000,4343.39,4346.98,4340.25,4344.31,1135.145,1774324499999,4930148.51204,2091,742.318,3223908.09603,0
1774324500000,4344.68,4353.30,4340.70,4349.62,1778.538,1774324799999,7732288.24906,3380,1149.441,4996363.93362,0
1774324800000,4350.67,4356.60,4349.62,4355.54,1115.157,1774325099999,4854680.35429,2723,621.099,2704027.23810,0
1774325100000,4355.48,4360.97,4351.00,4355.80,1199.676,1774325399999,5225781.38396,2864,475.598,2071874.18708,0
1774325400000,4355.80,4356.74,4350.52,4353.61,592.528,1774325699999,2579910.16145,2013,386.764,1683996.10186,0
1774325700000,4353.61,4354.33,4334.12,4334.12,2308.102,1774325999999,10027723.26289,4664,1309.086,5687060.97223,0
1774326000000,4334.40,4337.55,4330.78,4334.61,3610.956,1774326299999,15653539.95842,4608,2345.809,10168912.33891,0
1774326300000,4334.55,4344.15,4333.35,4341.58,1462.527,1774326599999,6344893.06780,3367,897.707,3894389.33374,0
1774326600000,4341.57,4346.29,4337.70,4345.26,1258.191,1774326899999,5463337.00804,3071,521.317,2263579.67525,0
1774326900000,4345.27,4348.82,4341.76,4345.84,642.398,1774327199999,2791713.89707,1955,407.384,1770397.32060,0
1774327200000,4345.85,4350.75,4343.62,4344.11,950.671,1774327499999,4133838.05052,2126,557.980,2426305.27463,0
1774327500000,4344.11,4352.64,4342.56,4349.13,867.150,1774327799999,3771459.09719,2137,586.677,2551787.18270,0
1774327800000,4349.33,4351.85,4346.26,4351.16,414.009,1774328099999,1800693.60690,1564,202.991,882920.77212,0
1774328100000,4351.26,4351.26,4335.08,4337.10,1377.397,1774328399999,5978080.86068,3676,514.758,2234030.22263,0
1774328400000,4337.10,4341.03,4330.70,4331.07,1489.666,1774328699999,6458288.75022,3718,706.076,3061555.64012,0
1774328700000,4331.07,4331.07,4323.00,4329.29,2658.341,1774328999999,11501699.45237,5254,1322.244,5720850.79587,0
1774329000000,4329.29,4347.18,4327.39,4338.60,2421.676,1774329299999,10507196.32276,5009,1361.647,5906247.23600,0
1774329300000,4338.60,4350.45,4338.11,4343.87,1891.523,1774329599999,8218845.69081,4192,896.533,3895576.80170,0
1774329600000,4343.88,4348.85,4340.86,4342.49,1738.627,1774329899999,7553999.55446,3628,666.082,2893839.09089,0
1774329900000,4342.66,4345.41,4336.00,4337.17,895.988,1774330199999,3888777.68885,2728,371.980,1614570.70625,0
1774330200000,4337.39,4339.19,4325.44,4335.52,3688.728,1774330499999,15973251.57670,7660,2233.672,9671847.20421,0
1774330500000,4335.53,4346.92,4332.68,4341.46,2334.094,1774330799999,10133229.19553,6087,1084.746,4709243.38254,0
1774330800000,4341.46,4375.88,4341.46,4362.09,8689.810,1774331099999,37954145.58633,11399,4079.532,17811024.98110,0
1774331100000,4362.09,4371.38,4357.65,4366.92,3207.684,1774331399999,14001100.89391,6347,1781.292,7774792.09115,0
1774331400000,4366.93,4373.10,4355.32,4355.32,2303.619,1774331699999,10053215.23055,5757,1322.905,5773559.59541,0
1774331700000,4355.32,4359.45,4348.16,4351.48,2281.255,1774331999999,9927946.29483,5460,1412.380,6146217.60395,0
1774332000000,4351.48,4365.44,4347.08,4360.95,2162.647,1774332299999,9424675.22752,6138,1078.389,4699170.24954,0
1774332300000,4360.94,4374.21,4357.66,4372.96,2479.617,1774332599999,10829905.76218,5552,969.609,4235433.16747,0
1774332600000,4372.65,4378.67,4367.01,4370.55,2133.587,1774332899999,9328698.85816,5336,1183.299,5173803.42334,0
1774332900000,4370.56,4378.92,4363.43,4377.22,2218.521,1774333199999,9698524.15612,5440,1220.785,5336521.70469,0
1774333200000,4377.46,4395.00,4370.13,4388.40,3730.757,1774333499999,16365098.02398,8299,2032.987,8916865.39593,0
1774333500000,4388.32,4399.65,4385.10,4389.11,3343.246,1774333799999,14689734.20961,7539,1211.886,5324807.59288,0
1774333800000,4389.00,4396.61,4385.02,4387.50,2148.341,1774334099999,9434759.53779,5653,930.197,4084876.86935,0
1774334100000,4387.50,4394.00,4381.21,4393.06,2715.013,1774334399999,11915287.22454,5892,968.702,4250784.00231,0
1774334400000,4394.00,4398.95,4378.32,4381.05,2625.934,1774334699999,11525655.85716,5796,1252.348,5495612.85256,0
1774334700000,4381.20,4385.10,4375.95,4381.42,1939.249,1774334999999,8496112.02862,5175,822.254,3602541.91330,0
1774335000000,4381.41,4395.30,4380.46,4393.81,1548.936,1774335299999,6794933.58598,4387,981.743,4306543.31222,0
1774335300000,4393.93,4406.99,4391.73,4404.90,3789.763,1774335599999,16684260.88575,7461,1889.009,8315167.42168,0
1774335600000,4404.75,4417.45,4401.92,4411.20,6157.489,1774335899999,27171888.70135,9282,2887.783,12743558.86143,0
1774335900000,4411.40,4419.33,4409.70,4418.78,2490.865,1774336199999,10996369.20230,5699,1301.909,5748307.87224,0
1774336200000,4418.92,4429.56,4418.70,4427.27,3837.746,1774336499999,16982957.35158,6995,1838.387,8134689.46252,0
1774336500000,4427.27,4427.55,4421.82,4425.33,2848.320,1774336799999,12602953.17025,4376,660.032,2920510.59727,0
1774336800000,4425.33,4427.54,4411.23,4414.25,3326.585,1774337099999,14694435.23589,5725,1378.497,6088158.78223,0
1774337100000,4414.29,4418.99,4409.21,4415.02,2446.229,1774337399999,10794683.04571,4092,1276.911,5634853.78277,0
1774337400000,4415.02,4415.62,4404.07,4411.61,2181.192,1774337699999,9618199.76798,4430,1004.050,4427532.94273,0
1774337700000,4411.79,4413.53,4403.42,4411.49,1289.023,1774337999999,5682569.09019,3203,505.746,2229482.94205,0
1774338000000,4411.50,4413.55,4402.22,4410.47,1502.499,1774338299999,6622582.36775,3535,648.516,2858278.42090,0
1774338300000,4410.50,4427.15,4404.66,4423.82,2270.496,1774338599999,10034678.14795,4666,1258.508,5562003.61525,0
1774338600000,4423.82,4436.34,4422.00,4423.43,4630.324,1774338899999,20506498.49154,6571,2636.261,11674245.36331,0
1774338900000,4423.42,4428.48,4417.80,4419.16,2153.684,1774339199999,9525449.96529,3911,1089.605,4819186.50233,0
1774339200000,4419.17,4419.57,4405.29,4410.33,3764.363,1774339499999,16605341.97719,6975,2025.399,8932997.58655,0
1774339500000,4410.29,4421.00,4409.55,4415.85,2101.338,1774339799999,9278946.79234,5380,1087.197,4800267.86835,0
1774339800000,4415.87,4423.67,4412.44,4417.10,1420.359,1774340099999,6275040.46660,4591,674.555,2980096.79734,0
1774340100000,4417.10,4420.59,4404.35,4407.09,1537.725,1774340399999,6782330.45483,4767,598.906,2641502.59759,0
1774340400000,4407.10,4409.51,4395.85,4397.90,2561.360,1774340699999,11272614.81994,7095,960.644,4227940.18503,0
1774340700000,4397.95,4401.30,4394.41,4399.81,1855.005,1774340999999,8157394.07176,4937,1118.433,4918559.10001,0
1774341000000,4399.80,4407.99,4394.26,4401.71,1316.595,1774341299999,5795975.17258,4556,738.254,3250309.30566,0
1774341300000,4401.71,4407.42,4399.76,4400.88,1335.016,1774341599999,5880769.74295,3619,606.742,2672709.22027,0
1774341600000,4401.08,4407.71,4399.09,4402.71,1119.343,1774341899999,4929715.91134,3005,587.076,2585378.97040,0
1774341900000,4402.99,4412.60,4401.18,4411.31,1549.085,1774342199999,6830386.40779,3518,594.322,2619737.56403,0
1774342200000,4411.30,4417.80,4403.00,4413.79,3120.498,1774342499999,13762973.71559,5826,1663.339,7336852.53308,0
1774342500000,4413.69,4417.16,4405.53,4414.28,1442.435,1774342799999,6363093.05584,3482,589.084,2598745.55354,0
1774342800000,4414.16,4422.00,4410.01,4416.34,1566.552,1774343099999,6918325.87604,4148,832.039,3674646.58179,0
1774343100000,4416.35,4418.16,4404.90,4407.24,2131.689,1774343399999,9402284.41827,4440,1088.582,4802407.09610,0
1774343400000,4406.86,4411.79,4399.14,4401.15,1573.480,1774343699999,6932600.60278,4126,744.542,3280779.13245,0
1774343700000,4401.37,4417.32,4398.73,4416.67,1808.098,1774343999999,7970281.67444,3686,1053.763,4645348.82766,0
1774344000000,4416.67,4417.35,4410.06,4412.64,1676.176,1774344299999,7398611.59574,3490,642.026,2833994.86201,0
1774344300000,4412.53,4414.09,4408.49,4409.64,1056.843,1774344599999,4662261.31428,2265,628.519,2772760.02130,0
1774344600000,4409.64,4415.53,4407.47,4413.31,1456.532,1774344899999,6424978.35066,3739,684.299,3018874.90442,0
1774344900000,4413.44,4420.35,4412.64,4420.35,1422.144,1774345199999,6281377.16903,3711,754.604,3333089.89269,0
1774345200000,4420.42,4423.88,4418.04,4418.61,1053.888,1774345499999,4659518.17880,2932,533.671,2359638.95407,0
1774345500000,4418.59,4423.20,4416.60,4419.72,774.528,1774345799999,3422622.21788,2337,261.987,1157770.37676,0
1774345800000,4419.68,4421.44,4414.56,4420.56,967.492,1774346099999,4274284.97591,2384,624.541,2759252.81729,0
1774346100000,4420.68,4433.23,4419.99,4428.43,2244.591,1774346399999,9939684.58350,4493,1232.192,5455883.20008,0
1774346400000,4428.55,4431.09,4417.38,4424.61,1914.766,1774346699999,8473296.19061,3540,964.119,4265631.09638,0
1774346700000,4424.59,4431.09,4421.16,4430.04,1066.798,1774346999999,4722426.14236,2830,489.802,2168011.56875,0
1774347000000,4430.04,4433.80,4425.64,4428.32,1457.268,1774347299999,6455231.81252,3229,592.616,2625239.61381,0
1774347300000,4428.13,4435.80,4427.35,4431.91,1371.395,1774347599999,6079588.56970,2797,548.457,2431469.11853,0
1774347600000,4431.91,4434.83,4426.98,4428.64,1195.580,1774347899999,5297179.22260,2712,679.730,3011640.04516,0
1774347900000,4428.71,4429.19,4423.12,4424.07,1132.359,1774348199999,5011514.24618,2529,290.915,1287488.46766,0
1774348200000,4424.07,4425.29,4417.58,4419.23,1586.782,1774348499999,7016208.29068,3287,862.667,3814387.95727,0
1774348500000,4419.23,4428.12,4417.59,4426.80,1417.484,1774348799999,6269913.27636,2698,970.336,4292001.03639,0
1774348800000,4426.93,4429.92,4423.46,4429.34,1536.318,1774349099999,6799780.33687,2520,765.409,3387768.76573,0
1774349100000,4429.35,4431.34,4420.46,4421.60,1166.896,1774349399999,5165872.82173,2801,488.649,2163413.06309,0
1774349400000,4421.64,4434.30,4421.34,4430.64,987.512,1774349699999,4374520.21885,2736,522.606,2314817.50200,0
1774349700000,4430.50,4443.99,4428.02,4440.58,2502.930,1774349999999,11109468.87946,5322,1309.015,5810776.42010,0
1774350000000,4440.59,4444.56,4380.20,4411.75,23772.834,1774350299999,104694969.22045,26248,11954.782,52620350.24281,0
1774350300000,4411.72,4421.76,4402.47,4415.56,4496.678,1774350599999,19842381.68547,9845,2145.104,9465832.83953,0
1774350600000,4415.57,4423.99,4409.01,4421.12,4138.996,1774350899999,18276995.74508,6901,2211.237,9762880.17464,0
1774350900000,4421.12,4422.21,4405.54,4416.96,2716.566,1774351199999,11990741.26082,5683,1066.653,4706542.62153,0
1774351200000,4417.20,4422.64,4414.61,4418.29,1683.709,1774351499999,7439064.18421,3961,769.432,3399800.22920,0
1774351500000,4418.29,4418.82,4410.49,4415.85,1177.613,1774351799999,5198349.87710,3013,532.376,2350197.54473,0
1774351800000,4415.64,4431.07,4413.34,4431.06,1637.161,1774352099999,7240413.51147,3735,870.470,3851279.29767,0
1774352100000,4431.06,4433.80,4424.41,4427.58,2023.557,1774352399999,8962051.38715,3862,900.992,3990963.53091,0
1774352400000,4427.58,4429.62,4423.16,4424.76,1453.498,1774352699999,6432525.17776,2568,418.988,1854357.85653,0
1774352700000,4424.76,4429.99,4421.58,4426.65,1450.325,1774352999999,6417137.22502,2978,904.701,4002759.95837,0
1774353000000,4426.66,4428.04,4393.74,4403.92,6069.161,1774353299999,26744093.43778,8217,3539.008,15590568.45568,0
1774353300000,4403.66,4412.59,4399.52,4410.78,2143.136,1774353599999,9442950.44233,4855,1121.685,4942663.09218,0
1774353600000,4410.78,4419.97,4407.52,4409.48,3337.220,1774353899999,14729475.10365,5036,1087.907,4801354.94660,0
1774353900000,4409.40,4416.37,4407.00,4415.62,1717.484,1774354199999,7575758.95480,4328,667.390,2944724.97410,0
1774354200000,4415.62,4426.07,4410.74,4423.36,2564.372,1774354499999,11336513.12755,4764,1741.350,7698334.95765,0
1774354500000,4423.28,4429.35,4420.56,4427.03,1655.262,1774354799999,7325759.01567,4079,733.547,3246141.25076,0
1774354800000,4427.02,4427.02,4401.66,4404.70,4616.287,1774355099999,20366891.87982,7521,2584.594,11403387.65933,0
1774355100000,4404.70,4411.95,4399.03,4405.10,3263.040,1774355399999,14371303.56292,6521,1885.469,8303315.55454,0
1774355400000,4405.10,4409.25,4377.93,4387.45,6993.671,1774355699999,30703983.71478,10477,3829.536,16807733.65556,0
1774355700000,4387.17,4393.38,4367.00,4369.14,7923.249,1774355999999,34687566.71255,11621,3942.920,17261769.49490,0
1774356000000,4369.15,4378.99,4366.37,4373.00,3885.123,1774356299999,16992635.98454,7593,2159.205,9443503.40085,0
1774356300000,4373.08,4389.98,4372.05,4386.19,3168.082,1774356599999,13883952.11319,7198,1706.308,7476696.95744,0
1774356600000,4386.19,4394.00,4379.45,4387.00,2835.334,1774356899999,12437327.85504,6389,1162.892,5101199.44551,0
1774356900000,4387.01,4391.24,4381.20,4382.65,2631.817,1774357199999,11545406.52216,5630,1365.552,5989912.78066,0
1774357200000,4382.65,4392.93,4373.58,4385.27,4219.634,1774357499999,18493786.40076,8508,2039.896,8938032.82222,0
1774357500000,4385.25,4388.96,4368.08,4372.50,3637.542,1774357799999,15920221.82272,7352,1882.954,8239698.07285,0
1774357800000,4372.35,4385.54,4368.30,4381.94,3362.212,1774358099999,14718013.56396,7022,1720.409,7531615.29321,0
1774358100000,4381.95,4386.90,4373.91,4376.63,3198.500,1774358399999,14013127.11748,6147,1668.321,7308901.44067,0
1774358400000,4376.45,4382.50,4373.71,4376.04,2279.487,1774358699999,9978414.78097,5745,1207.592,5286303.82454,0
1774358700000,4376.03,4382.40,4358.77,4360.63,3988.759,1774358999999,17447376.93058,7563,1790.552,7834400.45505,0
1774359000000,4360.62,4373.79,4357.10,4363.86,9006.950,1774359299999,39329909.44966,13379,4659.014,20343351.96748,0
1774359300000,4363.29,4368.08,4355.19,4359.50,6658.176,1774359599999,29036672.26430,11447,3311.381,14441793.48342,0
1774359600000,4359.27,4365.85,4354.08,4359.07,3650.424,1774359899999,15914970.67385,7429,2180.717,9507963.34828,0
1774359900000,4359.07,4368.69,4355.13,4358.85,6453.702,1774360199999,28155113.36111,10016,3514.662,15333641.53495,0
1774360200000,4358.63,4381.47,4357.01,4370.29,5977.466,1774360499999,26115077.54175,9753,3060.269,13367048.56783,0
1774360500000,4370.45,4386.85,4370.45,4383.70,5081.487,1774360799999,22254914.11744,7571,2928.018,12822277.96037,0
1774360800000,4383.69,4399.76,4382.42,4399.76,6028.409,1774361099999,26471415.99593,9008,2883.466,12661982.91222,0
1774361100000,4399.76,4400.86,4388.41,4400.32,2520.642,1774361399999,11078744.64911,6143,1219.429,5359901.00900,0
1774361400000,4400.54,4407.24,4386.10,4397.01,4402.560,1774361699999,19360600.15489,7624,2064.061,9078566.30975,0
1774361700000,4397.01,4403.17,4390.78,4400.59,2472.237,1774361999999,10866354.42188,6094,1047.946,4606367.25837,0
1774362000000,4400.44,4409.90,4399.20,4408.58,2853.358,1774362299999,12567092.31284,6222,1295.976,5708034.71464,0
1774362300000,4408.76,4417.23,4403.70,4410.93,3652.779,1774362599999,16110994.22485,6793,1995.684,8801831.03091,0
1774362600000,4410.92,4418.55,4402.46,4417.74,3033.296,1774362899999,13379426.35368,6449,1446.697,6381018.47234,0
1774362900000,4417.74,4419.60,4405.68,4409.95,2442.321,1774363199999,10773330.40229,5834,973.245,4293295.27344,0
1774363200000,4409.79,4422.30,4408.89,4414.34,3067.533,1774363499999,13548727.91074,5850,1509.937,6668549.87024,0
1774363500000,4414.34,4422.91,4400.00,4405.31,3313.978,1774363799999,14623203.86483,6949,1251.140,5523214.86067,0
1774363800000,4405.32,4434.58,4402.41,4426.19,10091.006,1774364099999,44641965.30766,14131,5031.724,22258491.83891,0
1774364100000,4426.31,4430.79,4407.01,4417.46,5501.169,1774364399999,24315407.97590,9312,2851.914,12604658.44548,0
1774364400000,4417.13,4422.71,4405.06,4413.32,5978.079,1774364699999,26388812.13192,10280,2755.838,12164495.71597,0
1774364700000,4413.32,4416.65,4403.55,4405.48,2298.500,1774364999999,10137027.99795,7207,1105.449,4875570.27701,0
1774365000000,4405.49,4414.87,4399.02,4413.65,2813.180,1774365299999,12397174.21287,6366,1344.086,5922366.62693,0
1774365300000,4413.65,4417.53,4407.61,4411.19,1872.851,1774365599999,8265854.76758,5552,932.862,4117237.33811,0
1774365600000,4411.19,4418.12,4405.07,4416.88,1676.807,1774365899999,7396561.14813,4903,1037.810,4578413.28363,0
1774365900000,4417.10,4422.90,4413.34,4414.70,1608.355,1774366199999,7104756.22387,4260,809.687,3576975.17787,0
1774366200000,4414.70,4420.56,4411.18,4417.79,1624.585,1774366499999,7174809.68882,4263,642.976,2839564.49981,0
1774366500000,4417.97,4429.11,4416.02,4424.94,1618.265,1774366799999,7157982.18281,4499,898.645,3975234.74469,0
1774366800000,4425.00,4430.40,4424.14,4426.50,1458.318,1774367099999,6456931.64405,4363,684.300,3029736.27484,0
1774367100000,4426.45,4432.35,4422.02,4431.28,2587.484,1774367399999,11458858.28101,4202,1114.310,4934044.93013,0
1774367400000,4431.27,4432.38,4420.50,4420.95,1385.867,1774367699999,6132974.69432,3268,777.877,3442694.80567,0
1774367700000,4420.95,4421.56,4410.78,4413.20,3880.590,1774367999999,17133079.44109,5728,2226.548,9830339.97564,0
1774368000000,4413.16,4415.03,4406.88,4408.68,2576.797,1774368299999,11365234.96805,5159,1068.233,4711474.87040,0
1774368300000,4408.69,4415.00,4404.39,4414.37,1622.407,1774368599999,7154953.34293,4045,855.156,3771374.29020,0
1774368600000,4414.36,4416.65,4409.52,4415.88,1091.458,1774368899999,4816466.41496,2924,575.387,2539022.64831,0
1774368900000,4416.00,4427.00,4413.27,4426.18,1969.656,1774369199999,8707232.19795,3697,1013.502,4480293.77606,0
1774369200000,4426.17,4426.17,4420.64,4424.85,1297.641,1774369499999,5739654.72165,2726,454.593,2010797.43286,0
1774369500000,4424.85,4426.65,4420.40,4423.27,1372.749,1774369799999,6072172.55762,2603,513.806,2272747.27510,0
1774369800000,4423.26,4425.40,4417.43,4420.22,1267.016,1774370099999,5600632.84531,2985,578.918,2559126.76240,0
1774370100000,4420.21,4420.57,4410.58,4411.39,1708.049,1774370399999,7539346.65036,3651,799.948,3530834.89559,0
1774370400000,4411.20,4425.80,4410.28,4425.73,1099.122,1774370699999,4856684.21341,2872,594.297,2625920.56178,0
1774370700000,4425.83,4429.15,4419.76,4424.11,1803.367,1774370999999,7979355.03543,3305,788.084,3487358.38001,0
1774371000000,4424.10,4427.95,4421.57,4422.00,917.166,1774371299999,4059137.93431,2280,472.478,2091019.71096,0
1774371300000,4422.06,4425.70,4419.60,4423.30,1196.740,1774371599999,5292897.56609,2625,699.592,3094263.94507,0
1774371600000,4423.30,4428.40,4410.45,4411.15,1631.239,1774371899999,7208404.31954,3632,852.773,3768154.65951,0
1774371900000,4411.14,4411.14,4392.50,4394.14,7442.326,1774372199999,32750811.61676,10889,3901.746,17170324.62253,0
1774372200000,4394.15,4400.70,4390.09,4399.06,2707.003,1774372499999,11899178.89220,6098,1548.742,6807693.58072,0
1774372500000,4399.06,4404.84,4395.45,4401.85,1876.312,1774372799999,8257117.01221,4548,953.468,4196058.47143,0
1774372800000,4401.90,4407.92,4399.71,4403.01,1076.335,1774373099999,4741020.51217,3243,639.245,2815649.06693,0
1774373100000,4403.00,4407.90,4400.86,4402.35,1024.645,1774373399999,4513157.39372,3353,611.689,2694310.49948,0
1774373400000,4402.35,4402.35,4383.69,4385.75,3475.055,1774373699999,15257579.75401,6192,1986.539,8720418.51044,0
1774373700000,4385.76,4388.88,4378.19,4385.45,2711.641,1774373999999,11888813.04988,4895,1484.830,6510744.24261,0
1774374000000,4385.44,4389.59,4376.20,4380.15,2437.335,1774374299999,10681308.76290,4875,1077.447,4722221.10511,0
1774374300000,4380.25,4390.57,4374.18,4388.12,2450.061,1774374599999,10735215.78935,4462,1294.158,5671553.15537,0
1774374600000,4387.93,4391.55,4383.71,4387.68,1272.913,1774374899999,5585214.92958,3386,662.711,2907711.95320,0
1774374900000,4387.75,4397.78,4385.21,4391.69,3590.417,1774375199999,15769646.72209,6430,1875.459,8237378.50270,0
1774375200000,4391.79,4395.75,4386.61,4392.34,1375.716,1774375499999,6040667.03447,3850,740.465,3251364.65213,0
1774375500000,4392.34,4395.29,4389.14,4389.57,1117.117,1774375799999,4906527.42823,3119,621.229,2728432.91259,0
1774375800000,4389.44,4396.44,4387.15,4392.57,1000.877,1774376099999,4396359.41524,2639,510.107,2240880.00156,0
1774376100000,4392.57,4402.61,4389.42,4401.01,1178.895,1774376399999,5183117.47695,2906,667.694,2936258.91470,0
1774376400000,4401.12,4408.83,4399.24,4408.79,1029.850,1774376699999,4534518.90791,2817,523.845,2306669.18999,0
1774376700000,4408.51,4413.13,4407.05,4409.53,1413.908,1774376999999,6235716.57938,3070,660.332,2912275.59770,0
1774377000000,4409.53,4425.89,4409.10,4416.90,2953.554,1774377299999,13050489.53183,4607,1391.630,6147991.11612,0
1774377300000,4416.89,4425.41,4416.11,4422.75,1305.657,1774377599999,5773270.65622,3238,747.335,3304577.20234,0
1774377600000,4422.69,4423.08,4398.60,4403.70,3310.137,1774377899999,14587409.20503,5310,1763.317,7768924.54590,0
1774377900000,4403.70,4404.95,4394.57,4399.34,1574.729,1774378199999,6928376.13261,3221,734.043,3229567.84616,0
1774378200000,4399.34,4405.80,4397.38,4403.19,1213.460,1774378499999,5342079.06540,2311,406.318,1788664.64331,0
1774378500000,4403.12,4403.12,4386.69,4392.28,1917.492,1774378799999,8424591.52062,3635,1162.396,5107538.21331,0
1774378800000,4392.23,4402.25,4391.05,4401.21,1184.790,1774379099999,5210292.92484,2693,673.035,2959503.64217,0
1774379100000,4401.20,4407.70,4398.59,4406.92,988.566,1774379399999,4351876.04288,2193,458.786,2019800.08046,0
1774379400000,4406.87,4409.80,4405.06,4406.76,493.109,1774379699999,2173144.60592,1566,250.502,1103972.37109,0
1774379700000,4406.76,4411.98,4403.00,4410.44,878.784,1774379999999,3873725.60673,2534,534.731,2357172.59554,0
1774380000000,4410.43,4411.79,4407.20,4410.57,477.530,1774380299999,2105748.70942,1815,168.826,744429.78569,0
1774380300000,4410.56,4413.75,4409.08,4409.68,484.484,1774380599999,2137280.79875,1766,215.422,950237.84492,0
1774380600000,4409.70,4409.78,4403.50,4404.78,1333.423,1774380899999,5874212.39752,2142,757.408,3336250.82155,0
1774380900000,4404.79,4405.56,4399.23,4400.47,961.441,1774381199999,4232083.94583,2330,422.536,1859667.19880,0
1774381200000,4400.47,4406.69,4397.98,4403.64,826.760,1774381499999,3639975.84038,1815,290.568,1278991.50618,0
1774381500000,4403.77,4404.53,4400.86,4402.52,514.743,1774381799999,2266231.67398,1375,266.572,1173626.48437,0
1774381800000,4402.65,4406.29,4399.06,4404.35,843.229,1774382099999,3712600.96004,1753,460.575,2027948.13033,0
1774382100000,4404.31,4405.73,4401.00,4403.62,723.772,1774382399999,3187017.98472,1857,392.844,1729713.70589,0
1774382400000,4403.61,4407.17,4402.05,4402.97,271.922,1774382699999,1197612.83860,1111,109.251,481152.72061,0
1774382700000,4402.72,4404.10,4400.26,4401.89,188.889,1774382999999,831541.09336,796,82.836,364646.60052,0
1774383000000,4401.89,4405.00,4400.32,4403.92,344.094,1774383299999,1514759.03932,845,211.637,931661.69482,0
1774383300000,4403.88,4413.94,4402.64,4413.20,545.015,1774383599999,2403002.87835,1506,329.556,1453070.21584,0
1774383600000,4413.30,4468.80,4412.36,4465.73,10089.074,1774383899999,44751246.27959,15136,5358.816,23771401.80972,0
1774383900000,4465.65,4485.99,4450.01,4459.10,9935.540,1774384199999,44407775.10165,16905,5084.779,22725495.43897,0
1774384200000,4459.09,4469.14,4450.81,4461.65,4293.661,1774384499999,19150613.04917,8653,2137.442,9532339.72444,0
1774384500000,4461.66,4477.16,4458.89,4474.52,2703.492,1774384799999,12084024.96284,7373,1431.370,6397597.77700,0
1774384800000,4474.53,4475.17,4450.35,4463.00,3898.985,1774385099999,17390630.54268,7680,1714.363,7644425.70979,0
1774385100000,4462.80,4470.00,4458.61,4468.51,2131.046,1774385399999,9513594.13612,5395,969.629,4329060.04149,0
1774385400000,4468.52,4485.91,4466.89,4483.68,2237.672,1774385699999,10023842.67481,5516,1320.710,5916313.07704,0
1774385700000,4483.61,4483.72,4474.35,4476.61,1947.538,1774385999999,8723977.33845,5468,956.490,4284807.48026,0
1774386000000,4476.74,4479.79,4475.36,4478.39,467.924,1774386299999,2095208.06688,1519,247.623,1108759.62840,0
1774386300000,4478.39,4479.79,4469.81,4473.23,1441.922,1774386599999,6450433.50053,3314,623.353,2788323.09695,0
1774386600000,4473.23,4477.00,4470.00,4475.05,774.336,1774386899999,3464529.34215,2067,367.253,1643209.63034,0
1774386900000,4475.05,4476.27,4471.60,4475.14,552.302,1774387199999,2470711.74086,1101,315.426,1410981.84146,0
1774387200000,4475.15,4475.15,4470.58,4471.72,464.958,1774387499999,2079553.81219,1065,162.519,726908.57277,0
1774387500000,4471.73,4483.90,4470.20,4483.90,847.079,1774387799999,3792780.93187,2374,587.322,2630198.76400,0
1774387800000,4483.89,4486.35,4481.44,4486.09,881.740,1774388099999,3954098.21168,2478,519.903,2331498.49608,0
1774388100000,4486.10,4487.67,4481.91,4484.69,792.975,1774388399999,3556801.28552,1861,416.392,1867811.59338,0
1774388400000,4484.68,4494.00,4478.62,4490.74,1319.187,1774388699999,5918990.84438,3070,840.650,3772277.42127,0
1774388700000,4490.76,4490.76,4482.11,4482.11,342.738,1774388999999,1537445.99250,1302,69.223,310547.54371,0
1774389000000,4482.11,4483.24,4474.51,4475.20,523.669,1774389299999,2345523.10694,2075,223.374,1000567.38491,0
1774389300000,4475.20,4480.63,4472.68,4478.48,585.328,1774389599999,2620144.58323,2227,313.436,1402919.97071,0
1774389600000,4478.48,4484.93,4470.00,4481.74,2600.985,1774389899999,11643237.89475,5713,1282.173,5739439.42346,0
1774389900000,4481.33,4489.84,4476.15,4487.23,2674.784,1774390199999,11993008.76161,7000,1217.645,5459752.23036,0
1774390200000,4487.24,4488.59,4480.44,4485.00,933.212,1774390499999,4186065.36000,3973,400.616,1797078.70287,0
1774390500000,4485.00,4486.21,4479.00,4485.63,883.476,1774390799999,3960800.39400,3361,371.669,1666230.56513,0
1774390800000,4485.63,4488.31,4480.00,4480.97,1152.246,1774391099999,5168618.72278,2170,563.708,2529154.25246,0
1774391100000,4480.85,4481.00,4468.48,4472.18,2121.564,1774391399999,9492395.26323,5408,1224.865,5480424.59500,0
1774391400000,4472.08,4472.54,4459.32,4465.98,3279.914,1774391699999,14640587.48584,8137,1300.084,5803686.88990,0
1774391700000,4465.98,4472.98,4465.01,4467.45,878.984,1774391999999,3928411.74531,2911,422.685,1889046.65157,0
1774392000000,4467.46,4474.20,4467.00,4471.65,394.279,1774392299999,1762752.77642,1920,197.402,882512.23445,0
1774392300000,4471.64,4482.22,4469.76,4478.53,1032.411,1774392599999,4622637.69060,3248,562.328,2517524.22728,0
1774392600000,4478.54,4478.75,4472.37,4474.50,765.273,1774392899999,3425752.86105,1818,344.587,1542265.75915,0
1774392900000,4474.50,4486.95,4473.45,4486.42,869.128,1774393199999,3895340.71699,2495,438.624,1965584.48172,0
1774393200000,4486.65,4487.25,4475.28,4476.75,1162.280,1774393499999,5208129.36226,3381,350.430,1570055.72333,0
1774393500000,4476.75,4487.11,4476.75,4482.99,1089.400,1774393799999,4884805.13008,2683,451.528,2024462.33458,0
1774393800000,4483.17,4488.22,4482.04,4487.24,928.887,1774394099999,4166327.46199,2637,424.482,1903982.04899,0
1774394100000,4487.25,4503.67,4486.20,4501.63,3944.852,1774394399999,17742155.00884,7507,2101.792,9453988.35824,0
1774394400000,4501.63,4506.70,4498.68,4505.45,1324.334,1774394699999,5962790.64227,3994,792.215,3567191.21546,0
1774394700000,4505.45,4512.99,4502.36,4512.99,2318.312,1774394999999,10452654.01094,4901,902.326,4068497.36306,0
1774395000000,4512.98,4516.00,4507.82,4508.54,1672.467,1774395299999,7544755.53689,4177,720.002,3248307.62486,0
1774395300000,4508.54,4548.64,4506.84,4547.86,8087.518,1774395599999,36639573.90714,12603,4576.265,20729198.88806,0
1774395600000,4547.85,4548.25,4534.65,4541.92,4500.289,1774395899999,20437880.62528,7568,1752.885,7959556.31581,0
1774395900000,4541.92,4553.52,4534.74,4553.39,4274.225,1774396199999,19419353.30890,6438,2067.781,9395522.42110,0
1774396200000,4553.14,4554.75,4538.84,4545.92,2483.120,1774396499999,11284260.49812,5545,1007.829,4579873.86244,0
1774396500000,4545.91,4553.70,4544.66,4549.04,2619.106,1774396799999,11913194.98768,4846,939.201,4272136.96696,0
1774396800000,4549.04,4556.98,4540.22,4555.50,3997.679,1774397099999,18184365.18740,8599,1813.116,8247225.46856,0
1774397100000,4555.72,4557.60,4543.77,4551.70,4525.146,1774397399999,20586224.70618,6895,1747.274,7948371.00998,0
1774397400000,4551.77,4557.99,4550.72,4553.10,1615.848,1774397699999,7359364.66468,4507,695.003,3165582.77625,0
1774397700000,4553.08,4554.51,4541.19,4548.45,2050.977,1774397999999,9323860.59549,5392,727.437,3307005.19211,0
1774398000000,4548.46,4550.67,4543.10,4545.26,1663.032,1774398299999,7560359.66913,4368,588.153,2673839.26283,0
1774398300000,4545.23,4562.02,4545.01,4557.50,6086.968,1774398599999,27739777.36061,6866,3155.931,14381662.92231,0
1774398600000,4557.50,4564.16,4548.73,4562.36,3236.303,1774398899999,14748559.73079,5949,1462.536,6666630.22244,0
1774398900000,4562.36,4570.47,4561.95,4569.29,1894.256,1774399199999,8649330.71320,3962,1221.663,5578569.29582,0
1774399200000,4569.16,4572.79,4567.18,4570.14,2651.691,1774399499999,12117102.37934,3537,1027.111,4693482.92291,0
1774399500000,4570.14,4575.32,4565.77,4567.49,3306.590,1774399799999,15118208.66232,3779,1490.694,6815193.64041,0
1774399800000,4567.50,4573.00,4562.99,4572.38,1781.743,1774400099999,8137434.66019,3468,845.117,3860450.32924,0
1774400100000,4572.26,4572.26,4564.39,4565.85,1377.419,1774400399999,6292792.18338,3135,449.449,2053273.63816,0
1774400400000,4565.72,4572.49,4555.00,4566.02,5988.989,1774400699999,27331061.67838,10075,2800.088,12779629.22957,0
1774400700000,4565.98,4578.78,4565.38,4578.62,3122.425,1774400999999,14278016.60102,5626,1464.697,6698952.81265,0
1774401000000,4578.62,4582.57,4572.23,4573.33,2641.407,1774401299999,12094130.97487,5154,1239.547,5675663.10506,0
1774401300000,4573.05,4578.53,4567.63,4577.85,3103.667,1774401599999,14193745.69898,5249,1075.035,4916964.73122,0
1774401600000,4577.86,4580.76,4573.89,4576.35,1193.387,1774401899999,5463543.59955,3418,557.980,2554657.47314,0
1774401900000,4576.36,4580.39,4574.71,4577.67,2383.857,1774402199999,10912038.37453,3787,1012.684,4635416.64711,0
1774402200000,4577.59,4587.50,4576.56,4586.83,2148.429,1774402499999,9848209.67676,4391,1075.417,4929843.39134,0
1774402500000,4586.82,4591.80,4585.68,4589.79,2469.285,1774402799999,11331038.77286,4048,1058.284,4856205.97335,0
1774402800000,4589.79,4593.50,4585.20,4586.62,2456.325,1774403099999,11273131.49862,4543,931.296,4274338.25283,0
1774403100000,4586.61,4597.99,4585.36,4597.26,2196.251,1774403399999,10088102.92152,4278,854.090,3923178.74681,0
1774403400000,4597.30,4601.48,4594.93,4598.72,3836.284,1774403699999,17644660.37022,5275,1461.286,6720897.74079,0
1774403700000,4598.74,4600.32,4594.16,4594.35,2237.982,1774403999999,10288914.86708,4173,790.455,3634087.41209,0
1774404000000,4594.35,4595.88,4585.38,4588.40,3214.570,1774404299999,14757967.64993,5874,1371.601,6297162.06188,0
1774404300000,4588.39,4592.28,4580.02,4580.09,3408.671,1774404599999,15633148.04304,4960,1307.952,5998402.66408,0
1774404600000,4580.29,4587.28,4578.66,4584.21,2775.030,1774404899999,12714005.10672,4247,1547.269,7088922.28784,0
1774404900000,4584.38,4587.88,4583.43,4586.59,1508.682,1774405199999,6918820.05801,2254,773.415,3546946.20136,0
1774405200000,4586.59,4590.39,4583.85,4585.08,1058.600,1774405499999,4856063.97500,2383,464.869,2132540.24165,0
1774405500000,4585.08,4592.00,4584.16,4585.95,1389.347,1774405799999,6375141.50263,2421,821.099,3767983.51581,0
1774405800000,4585.94,4586.93,4580.01,4586.14,1526.195,1774406099999,6995238.22267,3352,601.373,2756470.43055,0
1774406100000,4585.96,4596.75,4585.08,4591.71,1581.609,1774406399999,7262126.68122,3225,763.757,3506736.01309,0
1774406400000,4591.70,4597.99,4590.01,4592.84,1245.613,1774406699999,5722084.21597,2518,801.167,3680482.94389,0
1774406700000,4592.85,4601.69,4588.30,4588.98,2170.984,1774406999999,9978295.58521,3931,1110.721,5105688.58918,0
1774407000000,4588.98,4591.78,4582.80,4585.18,1728.915,1774407299999,7931364.69624,3466,847.683,3888433.80993,0
1774407300000,4585.18,4585.85,4580.56,4582.44,1776.783,1774407599999,8142296.94312,2788,940.920,4311807.05918,0
1774407600000,4582.43,4585.77,4573.14,4575.00,3136.659,1774407899999,14364721.75691,4301,1320.700,6048002.26386,0
1774407900000,4575.00,4581.11,4573.00,4574.27,1909.773,1774408199999,8742478.61284,3584,783.082,3585181.97958,0
1774408200000,4574.29,4578.99,4571.45,4574.62,2147.415,1774408499999,9823982.92273,3309,807.073,3692553.00834,0
1774408500000,4574.63,4578.43,4570.20,4575.74,1843.931,1774408799999,8433786.42096,3075,830.435,3798646.33851,0
1774408800000,4575.60,4576.49,4572.47,4576.20,776.663,1774409099999,3553216.95998,2181,437.207,2000208.97053,0
1774409100000,4576.21,4579.16,4574.30,4574.84,880.184,1774409399999,4028424.27387,1921,467.920,2141621.50760,0
1774409400000,4574.83,4575.40,4569.26,4571.83,1569.125,1774409699999,7174509.17386,2816,564.669,2581656.44474,0
1774409700000,4571.83,4576.91,4570.08,4572.82,1424.019,1774409999999,6512335.61820,2377,744.502,3404896.65961,0
1774410000000,4572.82,4572.82,4568.10,4568.10,1528.387,1774410299999,6986194.97302,1915,799.071,3652630.41021,0
1774410300000,4568.10,4572.33,4567.00,4567.66,1401.000,1774410599999,6402289.76439,2416,559.087,2555179.19475,0
1774410600000,4567.66,4572.95,4565.52,4571.77,942.648,1774410899999,4307196.94743,2183,446.145,2038832.36790,0
1774410900000,4571.78,4572.23,4566.22,4569.27,832.229,1774411199999,3802980.37336,1504,337.118,1540619.44164,0
1774411200000,4569.27,4573.68,4565.04,4572.75,1832.198,1774411499999,8370793.05953,2506,1385.761,6331194.82107,0
1774411500000,4572.73,4574.46,4568.01,4571.55,658.196,1774411799999,3008847.09676,1571,401.687,1836358.73487,0
1774411800000,4571.55,4573.74,4568.67,4573.35,1074.550,1774412099999,4912504.28596,1876,588.158,2688852.91743,0
1774412100000,4573.41,4575.00,4572.30,4574.73,647.546,1774412399999,2961786.03729,1342,393.874,1801595.73695,0
1774412400000,4574.73,4575.09,4571.44,4572.73,521.974,1774412699999,2387115.21813,1409,285.921,1307507.12269,0
1774412700000,4573.18,4575.52,4572.73,4575.27,630.195,1774412999999,2882905.90755,1059,444.499,2033398.04573,0
1774413000000,4575.27,4575.60,4572.00,4572.09,660.411,1774413299999,3020980.50376,1262,363.999,1665066.95309,0
1774413300000,4572.10,4574.76,4567.13,4572.06,900.424,1774413599999,4115545.08653,1964,420.510,1921863.13986,0
1774413600000,4572.06,4573.87,4568.58,4568.59,548.060,1774413899999,2505329.99500,1148,214.919,982425.24017,0
1774413900000,4568.58,4571.00,4567.27,4569.24,520.528,1774414199999,2378306.92962,1181,280.486,1281511.44809,0
1774414200000,4569.21,4571.00,4568.76,4570.05,577.079,1774414499999,2637181.38548,971,271.370,1240061.22282,0
1774414500000,4570.06,4574.00,4570.06,4573.59,528.181,1774414799999,2415161.26217,1193,370.442,1693828.00191,0
1774414800000,4573.62,4573.62,4568.50,4569.61,707.546,1774415099999,3233678.39241,1343,351.176,1604848.74052,0
1774415100000,4569.61,4574.13,4567.74,4572.45,930.860,1774415399999,4254168.15198,1736,543.329,2483114.71900,0
1774415400000,4572.45,4573.46,4568.67,4571.71,772.944,1774415699999,3532834.13388,1467,414.512,1894520.56194,0
1774415700000,4571.71,4572.10,4563.95,4564.20,1083.180,1774415999999,4945836.32441,2181,417.744,1907378.51469,0
1774416000000,4564.21,4565.00,4560.15,4562.48,1182.784,1774416299999,5396313.18304,2628,399.401,1822088.76989,0
1774416300000,4562.49,4562.50,4554.62,4556.19,2191.312,1774416599999,9989422.31847,3802,1099.400,5011906.87228,0
1774416600000,4556.10,4560.00,4550.22,4554.12,3575.208,1774416899999,16284635.81829,5773,1890.924,8613001.35328,0
1774416900000,4554.08,4560.75,4552.06,4559.64,1625.983,1774417199999,7410280.80286,3174,906.624,4131924.53596,0
1774417200000,4559.64,4570.34,4557.41,4568.40,2239.592,1774417499999,10223704.98774,3451,1582.005,7222801.81405,0
1774417500000,4568.41,4568.70,4561.10,4561.10,1334.457,1774417799999,6092203.03804,2626,730.790,3336444.56263,0
1774417800000,4561.10,4565.91,4557.12,4560.17,1144.039,1774418099999,5218459.65020,2774,579.422,2642904.14835,0
1774418100000,4560.17,4560.17,4555.35,4556.88,980.165,1774418399999,4467078.31904,2353,523.020,2383621.16637,0
1774418400000,4556.88,4557.66,4546.25,4550.99,2284.779,1774418699999,10397720.07917,4076,831.496,3784064.34598,0
1774418700000,4550.99,4552.47,4539.89,4542.04,2203.597,1774418999999,10017957.09649,4215,985.099,4478860.94165,0
1774419000000,4542.04,4547.99,4534.12,4536.37,3150.257,1774419299999,14303818.28755,4887,1463.675,6646788.08749,0
1774419300000,4536.37,4550.72,4536.23,4549.42,1936.019,1774419599999,8796853.80114,2972,1063.952,4834500.39978,0
1774419600000,4549.43,4553.40,4547.92,4551.25,1228.006,1774419899999,5589163.45796,2806,537.985,2448584.01413,0
1774419900000,4551.26,4552.65,4545.91,4549.60,2106.975,1774420199999,9584604.35294,2946,712.007,3239185.02411,0
1774420200000,4549.60,4555.99,4549.08,4552.63,4277.408,1774420499999,19472272.58960,3939,1464.883,6668344.53541,0
1774420500000,4552.63,4552.67,4544.45,4544.46,3090.659,1774420799999,14062616.70499,2991,1295.042,5891958.30278,0
1774420800000,4544.78,4547.79,4542.83,4545.50,920.374,1774421099999,4182884.83357,2594,452.980,2058674.53179,0
1774421100000,4545.10,4549.89,4542.78,4547.04,865.801,1774421399999,3936071.38760,1925,518.973,2359344.45024,0
1774421400000,4547.15,4549.38,4545.66,4546.08,1110.674,1774421699999,5050431.93468,2289,377.507,1716507.73783,0
1774421700000,4546.09,4548.42,4541.80,4544.33,1202.941,1774421999999,5467513.05850,1943,636.292,2891967.71425,0
1774422000000,4544.33,4549.65,4543.66,4547.37,861.022,1774422299999,3915202.70794,2121,459.934,2091360.69987,0
1774422300000,4547.70,4551.90,4546.96,4550.01,864.501,1774422599999,3933200.01480,1659,500.150,2275470.19469,0
1774422600000,4550.02,4558.79,4549.00,4556.47,1443.213,1774422899999,6571893.05023,2621,921.124,4194788.70482,0
1774422900000,4556.46,4562.82,4556.12,4562.80,1884.287,1774423199999,8592386.53912,2594,1243.205,5669082.06700,0
1774423200000,4562.80,4562.99,4555.19,4556.36,1080.349,1774423499999,4924804.82146,2429,465.077,2119991.47522,0
1774423500000,4556.38,4563.22,4555.67,4560.86,1344.663,1774423799999,6131019.85357,2814,707.657,3226465.65051,0
1774423800000,4560.86,4560.87,4554.01,4554.98,1334.306,1774424099999,6078735.55569,2490,707.010,3220910.23542,0
1774424100000,4554.98,4554.98,4543.22,4546.95,2686.566,1774424399999,12218812.32651,3934,1346.622,6124136.00358,0
1774424400000,4546.95,4552.36,4546.04,4546.67,1169.215,1774424699999,5319496.32746,2163,527.355,2399366.11555,0
1774424700000,4546.67,4549.88,4540.52,4545.32,1699.424,1774424999999,7722382.95776,2953,836.001,3798654.54534,0
1774425000000,4545.09,4546.76,4543.22,4544.96,953.863,1774425299999,4335391.41585,1582,502.945,2285941.46976,0
1774425300000,4544.89,4545.47,4538.00,4540.17,2092.681,1774425599999,9504452.96207,2877,1312.441,5960936.41561,0
1774425600000,4540.17,4551.12,4536.50,4547.23,3095.056,1774425899999,14070630.60484,3863,1644.745,7477238.12152,0
1774425900000,4547.23,4555.96,4543.90,4552.56,2109.238,1774426199999,9598520.89853,3857,1367.667,6223649.18786,0
1774426200000,4552.57,4558.69,4550.67,4558.28,1584.559,1774426499999,7219472.74898,3459,819.152,3732125.55199,0
1774426500000,4558.46,4565.48,4556.98,4563.79,3384.082,1774426799999,15443952.91483,4027,1688.531,7705773.12576,0
1774426800000,4563.79,4568.92,4562.34,4562.98,1848.813,1774427099999,8441152.18257,3427,932.671,4258332.72746,0
1774427100000,4562.99,4567.50,4561.61,4565.57,788.545,1774427399999,3599548.66534,2264,391.632,1787656.15731,0
1774427400000,4565.56,4567.86,4563.69,4566.91,951.668,1774427699999,4345136.52023,2394,454.165,2073496.89696,0
1774427700000,4566.90,4566.90,4553.20,4563.17,2968.512,1774427999999,13536929.98207,5593,1433.059,6534226.77035,0
1774428000000,4563.16,4567.53,4562.53,4565.23,1013.067,1774428299999,4625356.19580,2635,510.838,2332311.67784,0
1774428300000,4565.23,4567.19,4562.28,4564.40,875.255,1774428599999,3994944.96608,2628,346.738,1582562.73499,0
1774428600000,4564.55,4567.08,4559.20,4559.36,810.804,1774428899999,3699750.12573,2446,348.992,1592501.80510,0
1774428900000,4559.36,4562.25,4555.43,4556.85,778.652,1774429199999,3549709.59108,2255,397.819,1813582.96241,0
1774429200000,4556.85,4566.09,4553.95,4563.60,1127.214,1774429499999,5141584.06779,3341,577.389,2633712.15546,0
1774429500000,4563.79,4568.97,4561.37,4563.44,1262.922,1774429799999,5765665.64010,3096,802.503,3663678.78221,0
1774429800000,4563.44,4566.73,4560.00,4563.05,948.005,1774430099999,4325823.03708,2431,497.413,2269675.20708,0
1774430100000,4563.05,4565.65,4562.04,4564.45,928.522,1774430399999,4237802.27501,2099,445.041,2031070.89783,0
1774430400000,4564.46,4566.74,4555.75,4556.76,984.872,1774430699999,4491968.69974,2763,461.289,2103684.84100,0
1774430700000,4556.76,4561.34,4555.00,4559.82,1090.531,1774430999999,4970815.76696,3004,540.544,2463683.11658,0
1774431000000,4559.82,4561.80,4556.09,4557.72,862.247,1774431299999,3931299.79362,2454,574.062,2617358.00167,0
1774431300000,4557.71,4560.17,4551.36,4556.01,1123.041,1774431599999,5116045.47765,3144,368.505,1678917.77244,0
1774431600000,4556.00,4558.34,4549.53,4551.11,981.349,1774431899999,4468751.88862,3070,450.658,2052354.49570,0
1774431900000,4551.03,4552.02,4528.58,4538.48,4908.899,1774432199999,22283789.79288,8602,2404.043,10914012.92630,0
1774432200000,4538.49,4548.69,4538.00,4548.40,1863.774,1774432499999,8467283.69832,3737,1079.151,4902569.67299,0
1774432500000,4548.39,4555.99,4545.52,4551.32,2412.494,1774432799999,10978195.01572,4861,1303.238,5930241.42793,0
1774432800000,4551.36,4560.68,4551.15,4558.93,2394.224,1774433099999,10913357.44579,4630,1116.547,5089113.32911,0
1774433100000,4558.93,4559.50,4556.55,4557.27,522.439,1774433399999,2381175.12821,2112,199.188,907828.61793,0
1774433400000,4557.26,4559.17,4555.01,4556.19,1236.138,1774433699999,5633108.09451,2184,739.344,3369069.50266,0
1774433700000,4556.18,4559.08,4552.69,4557.13,932.513,1774433999999,4247924.78309,2278,556.239,2533642.93504,0
1774434000000,4557.19,4559.01,4553.34,4554.35,719.717,1774434299999,3279054.33120,2315,364.003,1658458.57473,0
1774434300000,4554.36,4558.24,4553.00,4555.45,424.044,1774434599999,1931648.39595,2061,195.332,889824.03300,0
1774434600000,4555.45,4557.54,4553.12,4553.55,497.325,1774434899999,2265582.92953,2414,223.495,1018178.27113,0
1774434900000,4553.55,4558.29,4551.45,4556.25,1199.716,1774435199999,5464398.82001,1947,638.058,2906129.84190,0
1774435200000,4556.26,4558.34,4551.57,4552.79,343.349,1774435499999,1563828.28204,1787,127.049,578645.82902,0
1774435500000,4552.78,4557.52,4551.33,4557.09,2216.501,1774435799999,10093225.95710,2071,1221.538,5562207.61638,0
1774435800000,4557.07,4562.36,4556.36,4561.15,932.618,1774436099999,4252149.23793,1945,601.324,2741551.18325,0
1774436100000,4561.15,4561.24,4557.64,4559.00,478.063,1774436399999,2179863.57326,1345,162.870,742622.79858,0
1774436400000,4558.99,4566.45,4556.14,4566.13,817.605,1774436699999,3730468.79790,2450,413.331,1885891.26133,0
1774436700000,4566.13,4568.78,4566.00,4566.95,1347.662,1774436999999,6155610.38031,2425,600.363,2742185.95741,0
1774437000000,4566.95,4568.70,4562.25,4567.32,526.174,1774437299999,2402337.38039,1875,293.725,1341038.12474,0
1774437300000,4567.32,4568.64,4564.66,4567.54,465.427,1774437599999,2125443.00884,1583,225.510,1029811.49482,0
1774437600000,4567.53,4581.00,4566.47,4580.60,7054.100,1774437899999,32284698.07444,5679,4333.844,19831606.13533,0
1774437900000,4580.60,4582.29,4576.14,4579.69,1909.911,1774438199999,8747337.22672,3638,1003.264,4595114.92395,0
1774438200000,4579.74,4584.44,4579.74,4582.06,2118.340,1774438499999,9707381.85943,3672,1141.572,5231217.68429,0
1774438500000,4582.06,4585.00,4580.50,4582.15,1657.577,1774438799999,7597338.29996,2829,946.993,4340818.56639,0
1774438800000,4582.16,4583.54,4580.07,4582.59,932.720,1774439099999,4273656.92321,2392,496.677,2275695.86068,0
1774439100000,4582.59,4582.59,4572.39,4576.42,2493.666,1774439399999,11412607.74341,5477,903.386,4134097.69373,0
1774439400000,4576.42,4577.43,4571.33,4576.50,1836.653,1774439699999,8401775.39233,4049,653.481,2989253.31313,0
1774439700000,4576.38,4579.18,4575.01,4578.79,560.129,1774439999999,2563627.27143,2198,327.265,1497877.72148,0
1774440000000,4578.77,4582.48,4577.08,4577.41,1199.014,1774440299999,5491534.66684,3125,591.243,2708011.06652,0
1774440300000,4577.41,4582.97,4572.07,4580.23,879.470,1774440599999,4025981.94295,3144,430.789,1972173.25838,0
1774440600000,4580.22,4582.46,4576.69,4577.12,801.467,1774440899999,3670366.88024,2686,365.971,1675887.07338,0
1774440900000,4577.12,4578.58,4562.10,4562.80,3344.584,1774441199999,15274591.72387,7602,1620.116,7398160.21787,0
1774441200000,4562.81,4567.63,4552.76,4555.45,5601.628,1774441499999,25541251.54338,10346,2613.796,11918839.53668,0
1774441500000,4555.45,4560.27,4540.36,4545.71,4859.029,1774441799999,22107355.68665,9753,2423.825,11028035.03506,0
1774441800000,4545.67,4547.95,4522.22,4537.90,9057.820,1774442099999,41072491.39078,14080,5194.762,23555513.03084,0
1774442100000,4537.96,4554.20,4537.96,4553.02,3223.532,1774442399999,14662871.76135,7300,1685.897,7667474.17765,0
1774442400000,4553.02,4553.67,4546.27,4546.53,1553.054,1774442699999,7066910.18442,4377,699.660,3183698.38651,0
1774442700000,4546.52,4546.52,4536.62,4544.02,2615.356,1774442999999,11875283.14754,6233,1493.940,6782634.27575,0
1774443000000,4543.80,4547.68,4539.63,4547.34,1169.437,1774443299999,5313521.21951,4343,486.932,2212404.24720,0
1774443300000,4547.45,4552.65,4544.14,4544.41,1651.825,1774443599999,7514786.07877,3980,1037.236,4718899.86336,0
1774443600000,4544.42,4572.19,4540.53,4566.79,5406.328,1774443899999,24629155.03533,11189,3237.232,14747845.65165,0
1774443900000,4566.80,4567.99,4559.01,4561.25,2576.905,1774444199999,11757062.06807,5439,1327.506,6056315.69744,0
1774444200000,4561.25,4565.44,4556.35,4558.72,1121.786,1774444499999,5115545.88429,3962,443.852,2024190.86355,0
1774444500000,4558.74,4562.93,4554.68,4560.46,1052.630,1774444799999,4798490.94578,3776,576.509,2628028.20526,0
1774444800000,4560.46,4562.03,4551.12,4558.54,1132.100,1774445099999,5157639.36680,3708,519.076,2364914.52542,0
1774445100000,4558.55,4569.76,4556.53,4568.25,1283.913,1774445399999,5860119.73430,4417,728.164,3323584.06241,0
1774445400000,4568.28,4575.99,4562.24,4568.19,3551.897,1774445699999,16232535.36874,9662,1589.703,7264944.10332,0
1774445700000,4568.12,4570.76,4557.56,4558.48,1931.181,1774445999999,8812198.60798,7021,917.740,4187527.81783,0
1774446000000,4558.44,4568.30,4554.62,4559.85,5348.835,1774446299999,24391370.02673,7813,2892.477,13188548.08064,0
1774446300000,4559.85,4562.67,4549.93,4550.91,1535.201,1774446599999,6993397.61362,6232,624.683,2845737.56222,0
1774446600000,4550.91,4550.92,4540.00,4545.31,3126.815,1774446899999,14213738.43982,7778,1481.527,6734844.08493,0
1774446900000,4545.28,4552.83,4540.75,4544.32,1947.230,1774447199999,8853445.00935,6274,1077.744,4899327.30368,0
1774447200000,4544.35,4549.47,4532.68,4544.47,3251.443,1774447499999,14768840.50573,8678,1670.685,7588972.72619,0
1774447500000,4544.44,4550.92,4537.86,4549.42,2340.577,1774447799999,10638217.67864,7289,1015.033,4613649.18136,0
1774447800000,4549.64,4554.64,4546.89,4553.37,2151.565,1774448099999,9791252.66991,5189,957.281,4357120.19284,0
1774448100000,4553.37,4561.31,4553.18,4556.04,2344.655,1774448399999,10688809.98635,4975,1115.914,5087359.79503,0
1774448400000,4556.21,4559.17,4545.16,4546.81,2378.881,1774448699999,10834694.13360,4653,909.192,4140596.54494,0
1774448700000,4547.02,4561.66,4546.41,4561.66,2349.683,1774448999999,10701092.03174,6733,1162.670,5294752.95600,0
1774449000000,4561.69,4567.04,4557.31,4565.56,3314.314,1774449299999,15124124.88311,6810,2056.247,9383911.98103,0
1774449300000,4565.56,4566.20,4560.27,4563.50,1007.001,1774449599999,4594508.17900,5170,398.754,1819255.05905,0
1774449600000,4563.50,4567.88,4560.42,4564.06,996.404,1774449899999,4547497.24804,4276,377.367,1722220.18964,0
1774449900000,4564.06,4572.91,4564.06,4571.24,3141.084,1774450199999,14353611.22427,4269,1220.632,5578087.87302,0
1774450200000,4571.24,4577.54,4566.09,4567.19,2163.785,1774450499999,9894990.77452,4613,875.688,4004492.89580,0
1774450500000,4567.20,4568.73,4562.03,4564.99,1426.145,1774450799999,6510892.11946,3525,524.324,2393678.02555,0
1774450800000,4565.00,4567.45,4561.12,4563.06,1411.664,1774451099999,6442964.54792,4080,705.457,3219859.06499,0
1774451100000,4563.07,4564.45,4548.09,4548.44,2588.559,1774451399999,11790082.71692,5417,1559.828,7104368.78659,0
1774451400000,4548.45,4555.46,4548.45,4549.16,1719.036,1774451699999,7824985.22896,4240,999.511,4549792.83514,0
1774451700000,4549.15,4551.22,4524.02,4546.20,7287.038,1774451999999,33067735.45093,12092,4134.212,18763222.21161,0
1774452000000,4546.20,4560.00,4545.20,4554.90,3436.070,1774452299999,15647007.56150,6620,1305.200,5942873.46423,0
1774452300000,4554.91,4559.00,4551.51,4559.00,1466.773,1774452599999,6681934.34763,4263,793.921,3616905.61647,0
1774452600000,4559.00,4563.67,4559.00,4561.26,1676.328,1774452899999,7646258.92129,4170,690.163,3148074.20240,0
1774452900000,4561.28,4563.24,4556.61,4556.65,1434.114,1774453199999,6539436.12233,3553,605.940,2763033.61910,0
1774453200000,4556.65,4559.69,4553.20,4555.10,1558.556,1774453499999,7100421.38214,3225,716.016,3261705.45802,0
1774453500000,4555.18,4557.52,4552.24,4556.20,868.641,1774453799999,3956473.46030,3047,354.541,1614913.82228,0
1774453800000,4556.20,4561.12,4556.01,4560.93,859.304,1774454099999,3917525.57492,3198,516.511,2354815.87195,0
1774454100000,4560.93,4564.90,4558.00,4558.00,1376.203,1774454399999,6278060.02185,3669,842.681,3844338.60133,0
1774454400000,4558.00,4563.99,4555.87,4557.24,1155.252,1774454699999,5267695.31163,4009,627.478,2861054.86037,0
1774454700000,4557.24,4560.40,4551.83,4558.84,1039.567,1774454999999,4736555.27643,3779,493.750,2249612.87394,0
1774455000000,4558.80,4559.28,4551.52,4552.24,700.826,1774455299999,3192086.26852,2988,349.545,1591935.83465,0
1774455300000,4552.24,4553.90,4545.28,4548.29,1183.929,1774455599999,5385971.04471,3907,632.756,2878407.02617,0
1774455600000,4548.30,4555.00,4544.60,4555.00,1616.929,1774455899999,7356337.38164,3953,904.009,4112976.56767,0
1774455900000,4554.99,4559.82,4551.81,4554.33,3035.512,1774456199999,13829229.86804,5708,1408.144,6415732.27821,0
1774456200000,4554.34,4555.83,4550.49,4552.22,849.783,1774456499999,3869578.20742,3204,245.725,1118798.89977,0
1774456500000,4552.22,4558.97,4550.15,4558.28,634.976,1774456799999,2892207.98177,3023,319.875,1457016.03479,0
1774456800000,4558.28,4559.39,4554.13,4555.01,993.940,1774457099999,4528963.93599,2495,524.467,2389467.95537,0
1774457100000,4555.02,4555.02,4550.60,4551.60,705.309,1774457399999,3211109.23770,2500,388.515,1768753.06061,0
1774457400000,4551.67,4558.00,4549.05,4556.59,930.873,1774457699999,4238736.11404,2769,494.361,2251241.04454,0
1774457700000,4556.60,4557.08,4554.03,4554.51,390.177,1774457999999,1777456.48713,1786,189.395,862738.11371,0
1774458000000,4554.51,4556.57,4549.21,4552.46,1231.523,1774458299999,5607399.31351,3308,638.867,2909212.06420,0
1774458300000,4552.45,4553.30,4545.04,4545.37,1265.652,1774458599999,5757496.81490,3441,646.078,2939115.71042,0
1774458600000,4545.32,4552.83,4542.66,4550.12,1259.385,1774458899999,5726925.23924,3108,638.859,2905306.49120,0
1774458900000,4550.10,4550.69,4542.01,4544.87,957.109,1774459199999,4351641.30051,2509,509.297,2315473.05594,0
1774459200000,4544.88,4555.27,4544.00,4551.11,1305.043,1774459499999,5940097.53906,3001,620.613,2824666.71123,0
1774459500000,4551.11,4557.71,4550.87,4552.77,1030.492,1774459799999,4693760.18458,2756,620.209,2824846.42217,0
1774459800000,4552.77,4561.92,4549.52,4561.38,1254.654,1774460099999,5716285.38432,3314,615.268,2802582.78541,0
1774460100000,4561.38,4562.73,4557.67,4560.36,1225.292,1774460399999,5588314.99145,2845,473.845,2161350.06969,0
1774460400000,4560.36,4561.06,4555.96,4559.13,703.767,1774460699999,3208311.32540,2763,430.514,1962592.03326,0
1774460700000,4559.07,4561.00,4556.32,4558.72,444.046,1774460999999,2024190.56758,1891,184.783,842363.92086,0
1774461000000,4558.72,4558.72,4546.11,4547.46,1503.006,1774461299999,6840284.31655,3576,884.544,4025298.44387,0
1774461300000,4547.46,4554.72,4545.00,4550.10,1501.488,1774461599999,6829880.15064,3345,718.972,3270618.10398,0
1774461600000,4550.07,4567.96,4544.69,4551.23,5127.981,1774461899999,23358437.22301,8894,2663.409,12132145.66185,0
1774461900000,4551.24,4559.94,4550.61,4551.30,1638.046,1774462199999,7461388.85823,4071,780.717,3556009.64553,0
1774462200000,4551.29,4552.77,4547.44,4550.70,992.884,1774462499999,4517566.95840,3059,437.203,1989171.07068,0
1774462500000,4550.76,4551.68,4546.00,4548.34,1132.804,1774462799999,5152873.18778,3271,567.612,2581894.19491,0
1774462800000,4548.30,4554.65,4548.30,4554.64,514.422,1774463099999,2341801.22370,2278,241.933,1101293.53956,0
1774463100000,4554.65,4556.19,4550.13,4551.25,385.802,1774463399999,1756603.31499,1950,150.689,686110.06240,0
1774463400000,4551.26,4557.65,4551.25,4556.39,574.861,1774463699999,2618596.95704,1858,291.795,1329050.59384,0
1774463700000,4556.39,4556.85,4549.29,4549.50,544.073,1774463999999,2476802.56798,1528,296.477,1349574.90270,0
1774464000000,4549.51,4550.61,4546.74,4548.94,963.493,1774464299999,4382356.05505,1918,662.126,3011565.52543,0
1774464300000,4548.99,4549.45,4543.01,4544.10,1466.838,1774464599999,6668075.44927,2743,809.842,3681412.73834,0
1774464600000,4544.30,4545.83,4538.75,4542.11,1424.587,1774464899999,6469210.40190,2964,614.829,2792105.39006,0
1774464900000,4542.10,4542.11,4531.29,4538.55,1919.071,1774465199999,8704424.15254,5239,1055.397,4786806.51422,0
1774465200000,4538.54,4539.02,4530.10,4534.51,1422.319,1774465499999,6448809.73528,4036,801.351,3633167.94649,0
1774465500000,4534.52,4536.44,4504.41,4505.09,8944.786,1774465799999,40395411.91926,9594,4576.527,20667547.21191,0
1774465800000,4505.10,4511.11,4488.88,4509.73,9943.687,1774466099999,44747280.19215,14479,5094.340,22928854.17769,0
1774466100000,4509.68,4516.82,4502.21,4510.67,2335.675,1774466399999,10535326.91732,5965,1054.730,4757593.56702,0
1774466400000,4510.63,4514.71,4505.19,4514.16,1188.506,1774466699999,5361045.25502,4217,565.249,2549807.44597,0
1774466700000,4514.16,4519.23,4511.32,4514.19,1053.277,1774466999999,4755692.36861,3616,620.573,2801874.88102,0
1774467000000,4514.30,4519.50,4513.81,4517.67,1205.653,1774467299999,5445365.87714,3065,760.328,3433793.24011,0
1774467300000,4517.68,4519.61,4507.28,4512.64,1913.743,1774467599999,8638655.38173,3461,1276.449,5762595.64201,0
1774467600000,4512.63,4527.34,4511.99,4522.21,1828.318,1774467899999,8267253.11899,3707,845.501,3823291.91850,0
1774467900000,4522.27,4524.95,4515.06,4516.14,1297.533,1774468199999,5866513.86551,3230,696.543,3149191.87063,0
1774468200000,4516.15,4521.72,4515.62,4518.66,834.284,1774468499999,3770024.65694,2621,349.789,1580523.59225,0
1774468500000,4518.40,4533.40,4517.32,4530.88,1773.189,1774468799999,8027376.34188,3536,820.513,3714922.78816,0
1774468800000,4530.88,4541.54,4529.29,4534.97,2147.949,1774469099999,9746231.28412,4170,776.386,3522625.46914,0
1774469100000,4534.98,4536.34,4526.15,4526.32,1012.786,1774469399999,4589837.46878,2726,383.959,1740018.56102,0
1774469400000,4526.33,4528.95,4523.52,4528.91,1213.424,1774469699999,5492307.07669,2548,624.069,2824368.86933,0
1774469700000,4528.90,4533.63,4528.52,4530.60,622.914,1774469999999,2822725.77871,1685,262.544,1189654.16176,0
1774470000000,4530.60,4530.60,4522.29,4523.69,661.711,1774470299999,2995447.44272,1959,210.830,954344.61055,0
1774470300000,4523.69,4526.17,4521.56,4523.15,529.594,1774470599999,2395995.39685,1652,309.955,1402266.41528,0
1774470600000,4523.16,4525.02,4519.46,4520.41,704.887,1774470899999,3187694.79110,2295,268.188,1212785.99319,0
1774470900000,4520.40,4520.41,4504.12,4504.78,2123.441,1774471199999,9577861.87303,5326,1150.956,5190618.88361,0
1774471200000,4504.78,4508.09,4496.03,4506.04,2393.677,1774471499999,10778092.82473,5681,1304.125,5872265.46817,0
1774471500000,4506.03,4508.20,4503.01,4506.35,764.651,1774471799999,3445687.20893,2122,440.266,1983931.31707,0
1774471800000,4506.34,4508.28,4502.87,4505.49,500.942,1774472099999,2257098.81832,1982,277.337,1249526.41082,0
1774472100000,4505.49,4509.56,4504.20,4508.57,1156.789,1774472399999,5214201.57823,2979,805.437,3630553.73751,0
1774472400000,4508.49,4510.50,4506.37,4508.46,512.601,1774472699999,2311015.32069,1615,283.226,1276870.34317,0
1774472700000,4508.59,4514.17,4508.59,4511.58,553.165,1774472999999,2495738.53757,1290,286.140,1290864.49305,0
1774473000000,4511.64,4513.10,4510.47,4512.04,188.332,1774473299999,849775.53273,822,72.926,329055.53646,0
1774473300000,4512.04,4517.15,4512.04,4516.99,466.653,1774473599999,2107028.60301,1309,316.305,1428172.91678,0
1774473600000,4516.98,4519.79,4515.00,4516.99,936.152,1774473899999,4229104.23252,2080,566.165,2557596.58995,0
1774473900000,4517.00,4518.14,4514.66,4514.66,189.803,1774474199999,857164.45208,719,47.431,214202.43895,0
1774474200000,4514.66,4515.55,4512.00,4514.87,382.884,1774474499999,1728128.37348,784,156.733,707437.83739,0
1774474500000,4514.87,4517.41,4513.74,4517.41,227.859,1774474799999,1028796.33468,496,167.979,758466.06167,0
1774474800000,4517.41,4519.00,4517.13,4517.51,301.458,1774475099999,1362009.11946,664,185.970,840263.27563,0
1774475100000,4517.50,4517.71,4514.66,4515.82,197.792,1774475399999,893140.27150,466,122.270,552081.50011,0
1774475400000,4515.83,4516.27,4515.82,4516.27,52.712,1774475699999,238049.54254,218,30.119,136019.25790,0
1774475700000,4516.26,4516.30,4515.06,4516.18,135.063,1774475999999,609912.95535,372,74.281,335428.40762,0
1774476000000,4516.25,4523.77,4512.05,4521.00,3200.800,1774476299999,14459980.16172,5399,1765.732,7976833.18721,0
1774476300000,4520.99,4532.11,4508.82,4509.43,4395.043,1774476599999,19871666.29943,6819,2092.435,9460735.07923,0
1774476600000,4509.44,4517.54,4508.75,4512.03,1848.939,1774476899999,8343741.93419,4353,1121.636,5061560.49743,0
1774476900000,4512.12,4513.75,4504.45,4507.63,1143.297,1774477199999,5154400.24024,3491,461.085,2078708.23717,0
1774477200000,4507.62,4516.59,4506.78,4516.15,1201.556,1774477499999,5421164.52527,3830,549.528,2479149.22277,0
1774477500000,4516.16,4518.82,4510.55,4512.14,1186.890,1774477799999,5356946.41183,3293,798.653,3604423.23691,0
1774477800000,4512.13,4520.56,4508.02,4519.60,1260.958,1774478099999,5692124.92576,3086,737.691,3329706.43547,0
1774478100000,4519.59,4526.45,4516.44,4526.18,1327.542,1774478399999,6001891.70087,3454,624.908,2825553.48256,0
1774478400000,4526.45,4533.63,4522.10,4531.13,1473.795,1774478699999,6672476.42564,4065,583.891,2643541.34513,0
1774478700000,4531.27,4532.00,4517.92,4518.57,1158.761,1774478999999,5244143.40564,3250,467.060,2113315.66932,0
1774479000000,4518.60,4524.96,4515.37,4516.81,1047.027,1774479299999,4732777.79328,2927,572.402,2587551.49639,0
1774479300000,4516.82,4520.34,4512.61,4517.87,1185.377,1774479599999,5353959.83220,3031,730.930,3301310.03069,0
1774479600000,4517.91,4519.24,4504.46,4505.01,1653.157,1774479899999,7456105.74109,4070,769.884,3472326.72568,0
1774479900000,4505.00,4513.49,4498.34,4507.33,2397.408,1774480199999,10799248.92763,4955,1220.009,5495525.01745,0
1774480200000,4507.32,4514.88,4506.28,4508.28,844.984,1774480499999,3810974.87501,2407,486.518,2194181.15343,0
1774480500000,4508.27,4512.80,4505.56,4507.35,763.207,1774480799999,3441741.01667,2207,476.366,2148168.25751,0
1774480800000,4507.36,4507.36,4499.14,4503.30,1504.524,1774481099999,6776288.06848,3708,675.706,3043609.81875,0
1774481100000,4503.48,4505.85,4498.15,4505.44,1885.752,1774481399999,8490702.41540,2829,1290.200,5809012.60400,0
1774481400000,4505.44,4510.50,4503.45,4505.56,1285.494,1774481699999,5795121.21125,2551,452.294,2038664.98479,0
1774481700000,4505.56,4505.84,4490.58,4494.74,2393.432,1774481999999,10759537.29265,5061,1199.439,5391182.58469,0
1774482000000,4494.74,4498.00,4490.00,4494.23,1538.316,1774482299999,6913629.66775,3719,721.250,3241077.95805,0
1774482300000,4494.23,4498.55,4491.35,4492.08,1728.697,1774482599999,7771625.79104,3504,938.942,4221053.49390,0
1774482600000,4492.08,4498.50,4491.53,4495.43,877.443,1774482899999,3944005.86064,2883,513.769,2309311.70955,0
1774482900000,4495.44,4499.44,4494.60,4497.79,623.063,1774483199999,2801825.82211,2154,254.565,1144739.92017,0
1774483200000,4497.79,4512.64,4497.79,4509.13,2257.895,1774483499999,10177645.87258,4819,990.747,4465308.34334,0
1774483500000,4509.12,4519.79,4507.28,4512.98,2494.104,1774483799999,11261702.65840,4973,1030.495,4652555.78916,0
1774483800000,4512.97,4526.26,4507.46,4525.93,2930.465,1774484099999,13238977.06231,5267,1332.261,6018637.99360,0
1774484100000,4525.93,4534.45,4522.54,4525.80,3888.385,1774484399999,17610841.93569,6823,1600.229,7247656.87900,0
1774484400000,4525.79,4530.91,4523.17,4525.69,1647.854,1774484699999,7459155.85737,3885,694.366,3143135.38616,0
1774484700000,4525.70,4528.93,4522.61,4523.78,891.971,1774484999999,4035912.09930,2548,387.700,1754332.29848,0
1774485000000,4523.78,4530.50,4523.01,4523.17,2309.797,1774485299999,10454480.25301,3553,1186.777,5371381.09160,0
1774485300000,4523.20,4527.91,4522.44,4524.78,1219.107,1774485599999,5516533.04838,2525,354.564,1604349.15208,0
1774485600000,4524.78,4530.90,4524.78,4526.50,802.536,1774485899999,3633991.25581,2664,331.146,1499407.61973,0
1774485900000,4526.44,4535.55,4526.07,4533.76,1211.924,1774486199999,5491951.60962,3155,725.222,3286505.27659,0
1774486200000,4533.65,4539.47,4527.22,4527.40,1433.036,1774486499999,6497826.59924,4067,694.610,3150398.74334,0
1774486500000,4527.40,4534.94,4526.72,4534.53,1029.062,1774486799999,4663169.02675,2809,653.086,2959349.01349,0
1774486800000,4534.53,4542.97,4530.64,4536.80,3451.340,1774487099999,15660242.47454,8432,1636.376,7425139.34598,0
1774487100000,4536.81,4539.73,4533.33,4538.27,1268.960,1774487399999,5756431.04131,4789,617.388,2800552.04850,0
1774487400000,4538.29,4538.92,4532.31,4536.33,847.524,1774487699999,3843849.32107,3516,365.693,1658441.70407,0
1774487700000,4536.51,4536.84,4525.47,4529.94,1505.626,1774487999999,6819650.63153,4267,766.174,3470093.06625,0
1774488000000,4529.95,4535.95,4528.87,4531.11,1064.601,1774488299999,4825043.40176,2909,547.166,2479719.52616,0
1774488300000,4531.11,4535.72,4528.71,4534.03,930.496,1774488599999,4216602.95044,3638,476.079,2157385.01831,0
1774488600000,4533.87,4537.28,4528.90,4530.29,933.836,1774488899999,4232794.77190,2799,496.221,2249065.33448,0
1774488900000,4530.29,4532.55,4526.00,4529.86,710.781,1774489199999,3219417.39446,3035,316.753,1434662.73445,0
1774489200000,4529.85,4535.55,4527.20,4530.21,1026.231,1774489499999,4649917.14623,2795,710.198,3217642.25268,0
1774489500000,4530.21,4531.88,4522.76,4523.75,1632.976,1774489799999,7393788.35759,3370,683.794,3095878.41313,0
1774489800000,4523.71,4533.48,4521.55,4529.15,749.633,1774490099999,3394163.21415,2712,360.703,1633343.38331,0
1774490100000,4529.25,4535.96,4527.62,4535.18,1240.274,1774490399999,5623461.41084,2396,441.258,2000743.22638,0
1774490400000,4535.19,4535.63,4527.82,4534.01,1044.285,1774490699999,4732053.76812,2889,618.250,2801414.93985,0
1774490700000,4534.00,4534.00,4527.33,4528.44,607.092,1774490999999,2750335.59185,2278,198.719,900127.05692,0
1774491000000,4528.44,4532.88,4527.84,4529.91,488.040,1774491299999,2210913.69806,1643,218.213,988446.88764,0
1774491300000,4529.88,4531.76,4524.64,4528.04,1552.554,1774491599999,7030626.15398,2923,843.564,3819644.93758,0
1774491600000,4528.04,4531.11,4524.42,4524.85,1063.118,1774491899999,4813070.64122,2161,400.341,1812593.40982,0
1774491900000,4524.84,4529.44,4524.73,4526.75,1466.096,1774492199999,6636756.34917,1931,910.117,4119851.99766,0
1774492200000,4526.75,4529.14,4520.07,4522.32,1184.625,1774492499999,5360792.26044,2977,584.807,2646170.20598,0
1774492500000,4522.36,4522.85,4510.00,4513.20,3242.966,1774492799999,14640246.18507,5193,1538.306,6943826.79372,0
1774492800000,4513.20,4521.18,4513.20,4519.25,1089.552,1774493099999,4922596.69611,2596,677.454,3060751.51998,0
1774493100000,4519.25,4520.85,4515.06,4516.39,1580.784,1774493399999,7141203.75853,2766,1015.936,4589616.48434,0
1774493400000,4516.38,4517.15,4512.31,4515.39,967.529,1774493699999,4367746.62842,2150,475.044,2144326.91685,0
1774493700000,4515.39,4515.89,4505.64,4507.81,2738.482,1774493999999,12346141.18277,3479,1842.111,8304411.90505,0
1774494000000,4507.80,4508.46,4501.00,4503.42,3173.721,1774494299999,14295599.24782,4802,1191.714,5367352.62061,0
1774494300000,4503.41,4509.66,4503.30,4503.84,1234.858,1774494599999,5564533.49434,2632,701.039,3159090.79898,0
1774494600000,4503.84,4512.00,4502.85,4511.56,897.765,1774494899999,4046955.50550,2402,607.556,2738837.65531,0
1774494900000,4511.48,4513.85,4505.90,4507.48,981.128,1774495199999,4425153.90384,2297,579.426,2613637.86469,0
1774495200000,4507.49,4507.80,4499.21,4504.38,1885.523,1774495499999,8491959.49828,3188,921.653,4151424.02418,0
1774495500000,4504.39,4509.20,4503.63,4506.57,1103.998,1774495799999,4975576.01782,2596,486.437,2192316.12377,0
1774495800000,4506.55,4515.49,4506.38,4515.45,1192.647,1774496099999,5381182.64831,2714,698.607,3151969.93562,0
1774496100000,4515.39,4517.00,4513.61,4516.30,489.462,1774496399999,2210325.32846,1571,178.360,805410.65121,0
1774496400000,4516.29,4518.02,4513.53,4514.56,446.889,1774496699999,2018117.30736,1244,228.053,1029948.12760,0
1774496700000,4514.55,4514.99,4512.38,4513.87,279.764,1774496999999,1262715.03326,954,106.577,481049.20525,0
1774497000000,4513.87,4513.88,4509.06,4509.38,688.428,1774497299999,3105612.74678,1309,89.351,403033.10904,0
1774497300000,4509.39,4515.48,4509.05,4515.19,463.035,1774497599999,2088915.19108,910,205.811,928576.47716,0
1774497600000,4515.25,4516.78,4511.98,4512.10,508.588,1774497899999,2295926.36715,1277,227.332,1026241.20337,0
1774497900000,4512.10,4516.70,4510.84,4516.53,487.131,1774498199999,2198865.61211,1540,268.174,1210449.32639,0
1774498200000,4516.66,4517.70,4514.84,4516.90,703.939,1774498499999,3179304.28077,1258,194.810,879886.95228,0
1774498500000,4516.91,4518.88,4515.53,4516.50,794.091,1774498799999,3587036.72839,1403,449.967,2032483.63303,0
1774498800000,4516.49,4519.48,4515.50,4518.24,308.010,1774499099999,1391498.76750,980,195.728,884264.71534,0
1774499100000,4518.24,4521.81,4518.23,4520.51,505.053,1774499399999,2283106.33679,1393,291.846,1319315.85552,0
1774499400000,4520.52,4522.00,4518.26,4519.61,550.489,1774499699999,2488596.93698,1231,256.922,1161508.28223,0
1774499700000,4519.60,4519.71,4516.41,4517.08,375.635,1774499999999,1697264.26451,1055,129.590,585566.34422,0
1774500000000,4517.08,4519.08,4516.49,4517.80,372.187,1774500299999,1681501.15005,1020,192.922,871565.37603,0
1774500300000,4517.80,4523.03,4517.80,4520.91,683.936,1774500599999,3091725.52647,1435,288.830,1305784.48479,0
1774500600000,4520.91,4521.46,4517.77,4518.91,561.868,1774500899999,2539323.01065,1511,265.587,1200296.74507,0
1774500900000,4518.98,4521.34,4518.04,4519.56,455.093,1774501199999,2056802.09429,1172,271.488,1227065.01306,0
1774501200000,4519.56,4520.99,4516.82,4517.36,472.401,1774501499999,2134638.17365,1440,143.411,648077.67618,0
1774501500000,4517.37,4517.37,4511.04,4511.27,1187.275,1774501799999,5359744.53225,2563,375.474,1694810.14348,0
1774501800000,4511.26,4511.98,4506.64,4508.06,1019.624,1774502099999,4597612.37169,2868,499.988,2254442.64412,0
1774502100000,4508.06,4508.88,4503.65,4508.69,1538.592,1774502399999,6933893.65811,2459,625.361,2818367.18130,0
1774502400000,4508.72,4510.20,4501.02,4504.72,1038.784,1774502699999,4679355.98735,2616,564.572,2543434.29375,0
1774502700000,4504.67,4504.77,4488.63,4492.50,4085.703,1774502999999,18365273.45784,6886,2012.435,9045504.03353,0
1774503000000,4492.51,4493.90,4478.62,4493.35,6019.104,1774503299999,27003940.91580,10017,3061.154,13734640.42712,0
1774503300000,4493.17,4494.77,4485.24,4489.70,2040.288,1774503599999,9162251.94487,5051,1013.024,4549023.86690,0
1774503600000,4489.69,4495.34,4483.00,4483.01,2441.843,1774503899999,10963226.13280,4966,1231.841,5530482.70173,0
1774503900000,4483.01,4484.14,4467.09,4472.65,5996.806,1774504199999,26836206.91196,10272,2836.785,12695165.41841,0
1774504200000,4472.62,4475.57,4460.41,4462.49,5640.066,1774504499999,25193987.73619,8194,2614.337,11677154.30849,0
1774504500000,4462.56,4463.91,4438.67,4438.99,11953.641,1774504799999,53212728.69510,14497,5469.051,24346499.19458,0
1774504800000,4439.05,4451.70,4429.00,4442.72,9305.257,1774505099999,41329237.89596,12708,5597.109,24862807.44598,0
1774505100000,4442.72,4444.96,4424.82,4439.80,6354.135,1774505399999,28176357.48330,10605,3078.280,13649295.33637,0
1774505400000,4439.80,4443.33,4420.74,4423.98,6875.002,1774505699999,30451764.54817,11507,3529.658,15633104.32108,0
1774505700000,4424.00,4436.00,4416.00,4431.79,6354.112,1774505999999,28121474.07749,11523,3068.434,13581576.84761,0
1774506000000,4431.82,4437.83,4429.59,4433.29,3496.481,1774506299999,15501067.30411,6786,1776.015,7873799.76184,0
1774506300000,4433.28,4443.00,4429.50,4441.94,3622.302,1774506599999,16069882.45835,6753,1992.745,8840894.39489,0
1774506600000,4441.86,4441.86,4437.07,4438.61,2746.104,1774506899999,12191211.61568,4707,1392.066,6179951.57772,0
1774506900000,4438.62,4445.91,4431.79,4443.77,3251.324,1774507199999,14433119.26785,5650,1927.377,8556423.47915,0
1774507200000,4443.78,4448.15,4439.97,4447.79,4141.766,1774507499999,18408406.69406,5822,1795.706,7980962.79020,0
1774507500000,4447.80,4457.79,4446.29,4450.08,5016.081,1774507799999,22336229.45991,7157,2240.215,9975956.84319,0
1774507800000,4450.07,4455.33,4444.84,4454.07,2326.815,1774508099999,10357090.62030,4328,1006.244,4479305.24152,0
1774508100000,4454.08,4459.95,4452.38,4456.82,2031.455,1774508399999,9054308.06071,4312,1178.353,5251937.97644,0
1774508400000,4456.83,4461.81,4451.15,4455.39,3310.508,1774508699999,14752001.42446,6157,1440.762,6420702.28426,0
1774508700000,4455.43,4455.43,4444.66,4451.59,2359.074,1774508999999,10494639.93859,5520,1240.934,5520314.29952,0
1774509000000,4451.58,4451.96,4443.86,4447.66,1819.959,1774509299999,8094145.74165,4257,845.162,3758297.74205,0
1774509300000,4447.79,4449.94,4444.64,4448.79,1234.121,1774509599999,5488566.36207,2919,667.270,2967617.45339,0
1774509600000,4448.79,4452.00,4439.21,4447.04,2753.273,1774509899999,12241842.89273,5513,1333.483,5928588.00926,0
1774509900000,4447.04,4449.63,4443.01,4448.62,1707.005,1774510199999,7590332.60229,3599,898.695,3996333.92220,0
1774510200000,4448.61,4459.35,4448.02,4457.43,2566.129,1774510499999,11431563.55130,5155,1223.593,5450045.05814,0
1774510500000,4457.43,4459.58,4450.06,4459.18,2426.795,1774510799999,10813159.77378,4047,1046.470,4662354.43576,0
1774510800000,4459.10,4464.87,4452.78,4460.99,2209.882,1774511099999,9854081.82197,4835,1381.039,6158056.44144,0
1774511100000,4461.18,4463.48,4454.46,4459.31,1224.552,1774511399999,5461020.97812,3596,554.272,2471781.00877,0
1774511400000,4459.30,4460.68,4452.70,4454.65,747.851,1774511699999,3332289.32431,2948,361.588,1611311.77029,0
1774511700000,4454.57,4458.28,4451.18,4452.94,1256.024,1774511999999,5595024.37264,3635,562.756,2506738.68719,0
1774512000000,4452.93,4459.72,4450.51,4454.72,1928.776,1774512299999,8592466.26087,5704,921.571,4105306.22748,0
1774512300000,4454.75,4458.13,4450.84,4453.01,1435.936,1774512599999,6396953.08060,4534,587.244,2616247.73146,0
1774512600000,4453.00,4456.89,4441.51,4446.09,2378.381,1774512899999,10584115.33808,5638,1123.980,5000763.72299,0
1774512900000,4446.04,4447.71,4434.99,4445.79,4202.393,1774513199999,18663478.20253,8273,2191.420,9733058.78155,0
1774513200000,4445.79,4447.84,4431.23,4433.25,2597.669,1774513499999,11531407.51321,5766,1380.588,6128593.92158,0
1774513500000,4433.24,4441.80,4425.06,4429.03,4538.543,1774513799999,20120242.96581,8983,2151.296,9536376.63434,0
1774513800000,4428.94,4439.10,4426.41,4438.97,1727.654,1774514099999,7654068.45778,3891,1040.240,4608559.55612,0
1774514100000,4438.97,4438.97,4428.45,4434.49,3359.390,1774514399999,14889657.18819,5848,1632.876,7237409.44957,0
1774514400000,4434.92,4438.90,4413.04,4421.88,6280.196,1774514699999,27793498.73625,10153,3093.768,13693643.29024,0
1774514700000,4421.88,4434.28,4420.01,4426.07,3791.300,1774514999999,16789618.81501,6687,2034.574,9009861.42857,0
1774515000000,4426.07,4437.99,4425.93,4436.88,3930.356,1774515299999,17417762.95376,6049,2092.237,9271412.61677,0
1774515300000,4436.87,4441.00,4429.41,4430.01,2724.354,1774515599999,12084368.48925,5660,1271.972,5642283.74413,0
1774515600000,4430.01,4436.24,4423.99,4425.89,3359.604,1774515899999,14879980.86893,6255,1930.301,8549389.24326,0
1774515900000,4425.89,4434.48,4420.78,4429.93,3162.119,1774516199999,14007758.77771,6127,1745.055,7730044.85412,0
1774516200000,4429.93,4434.22,4426.33,4432.14,2373.099,1774516499999,10513598.68379,4988,1256.946,5568642.53811,0
1774516500000,4432.14,4432.68,4426.61,4430.09,2092.552,1774516799999,9269887.32678,4481,1216.521,5388892.75554,0
1774516800000,4430.01,4437.86,4428.72,4432.74,1910.585,1774517099999,8470287.10356,3926,896.102,3972347.74302,0
1774517100000,4432.74,4434.82,4429.55,4433.98,1190.951,1774517399999,5278870.64467,3032,607.855,2694256.16250,0
1774517400000,4433.93,4433.93,4416.33,4423.30,4027.150,1774517699999,17811138.96731,7761,2254.700,9971959.95672,0
1774517700000,4423.29,4429.28,4419.51,4428.84,1660.840,1774517999999,7347751.34291,5004,846.080,3743100.91088,0
1774518000000,4428.84,4432.31,4425.65,4425.65,2291.947,1774518299999,10151455.98918,4066,920.887,4078857.70290,0
1774518300000,4425.55,4428.38,4420.25,4420.76,1938.273,1774518599999,8574877.48372,3933,1008.770,4462770.87694,0
1774518600000,4420.72,4428.69,4418.83,4426.47,1704.539,1774518899999,7540339.87543,3724,917.583,4058849.74730,0
1774518900000,4426.47,4428.73,4421.45,4424.91,1852.075,1774519199999,8195659.04733,3070,937.065,4146485.93843,0
1774519200000,4424.87,4426.63,4419.04,4422.27,1704.828,1774519499999,7540064.78666,2989,832.820,3683227.60947,0
1774519500000,4422.26,4429.27,4420.00,4424.13,1940.832,1774519799999,8587355.14869,3336,934.631,4134993.55178,0
1774519800000,4424.13,4427.94,4423.38,4427.20,953.435,1774520099999,4219387.97066,2340,501.372,2218752.27686,0
1774520100000,4427.18,4438.00,4426.86,4436.17,3028.497,1774520399999,13427949.96139,4508,1930.914,8561831.22772,0
1774520400000,4436.17,4444.29,4433.06,4442.14,3247.512,1774520699999,14420277.45099,4771,1299.885,5772491.02508,0
1774520700000,4442.38,4448.42,4440.47,4442.67,2022.441,1774520999999,8989469.44559,4115,1059.636,4709814.63457,0
1774521000000,4442.67,4445.30,4438.65,4441.06,2293.367,1774521299999,10185534.36660,4224,1036.227,4602200.65751,0
1774521300000,4441.06,4444.98,4431.32,4433.27,2246.100,1774521599999,9967866.66972,4478,976.295,4332230.33897,0
1774521600000,4432.38,4437.79,4424.96,4429.61,4307.243,1774521899999,19089515.44703,8196,2216.872,9824471.89652,0
1774521900000,4429.60,4441.00,4426.38,4440.99,3200.436,1774522199999,14193352.82199,6041,1552.168,6882830.16511,0
1774522200000,4440.99,4447.52,4438.19,4439.75,2717.017,1774522499999,12073882.98045,4823,959.557,4263629.42142,0
1774522500000,4439.76,4447.94,4439.16,4445.27,2587.022,1774522799999,11499953.33005,3982,839.164,3729435.76472,0
1774522800000,4445.27,4450.02,4441.67,4446.72,2098.570,1774523099999,9330138.46839,4706,1300.563,5782237.77038,0
1774523100000,4446.71,4447.79,4442.10,4442.99,959.001,1774523399999,4262595.60941,2636,429.746,1910083.88939,0
1774523400000,4442.99,4445.36,4441.00,4442.54,728.985,1774523699999,3238837.08946,2137,331.426,1472530.30900,0
1774523700000,4442.62,4449.14,4440.06,4447.72,1141.250,1774523999999,5073051.18537,2817,474.240,2107840.19079,0
1774524000000,4447.57,4456.66,4446.10,4448.24,2408.103,1774524299999,10720474.97347,4869,1154.327,5139499.58051,0
1774524300000,4448.23,4449.48,4442.21,4444.65,1457.037,1774524599999,6477543.13577,3393,792.223,3522191.94583,0
1774524600000,4444.65,4451.86,4443.67,4449.07,1138.127,1774524899999,5061861.13447,3052,656.587,2920048.97737,0
1774524900000,4449.08,4450.41,4445.60,4450.00,694.812,1774525199999,3090765.58044,2329,372.517,1657154.56196,0
1774525200000,4450.00,4453.11,4439.34,4442.03,2086.883,1774525499999,9280849.58078,4347,1118.422,4973475.20792,0
1774525500000,4442.04,4443.98,4427.00,4428.06,2957.153,1774525799999,13113632.92922,5866,1485.724,6588059.45389,0
1774525800000,4428.06,4429.91,4422.00,4428.37,4881.616,1774526099999,21607831.80220,5898,3291.113,14567832.47799,0
1774526100000,4428.36,4433.13,4420.46,4423.99,2606.124,1774526399999,11537092.90243,4806,1176.227,5206285.67611,0
1774526400000,4423.81,4429.00,4417.14,4426.55,2385.676,1774526699999,10552154.80824,5582,1301.095,5754875.75172,0
1774526700000,4426.56,4440.00,4423.94,4439.98,2358.138,1774526999999,10452984.47850,4252,1245.810,5521678.50593,0
1774527000000,4439.98,4445.85,4438.53,4442.62,2688.208,1774527299999,11942989.61457,5669,1106.902,4917618.20399,0
1774527300000,4442.61,4445.71,4434.28,4437.27,1829.327,1774527599999,8123035.48536,4729,779.345,3460106.13194,0
1774527600000,4437.03,4441.82,4434.36,4438.52,1081.953,1774527899999,4802718.96773,3306,505.371,2243297.85373,0
1774527900000,4438.51,4443.67,4435.51,4438.29,1023.415,1774528199999,4543389.44100,2901,586.478,2603747.94696,0
1774528200000,4438.29,4444.74,4433.36,4436.48,2049.900,1774528499999,9097785.85121,5168,1081.498,4799784.34642,0
1774528500000,4436.47,4445.78,4434.23,4445.64,1373.949,1774528799999,6100759.16722,4007,783.421,3478691.00645,0
1774528800000,4445.65,4445.65,4436.19,4436.88,1397.681,1774529099999,6207615.25423,3777,794.594,3529208.25077,0
1774529100000,4436.97,4443.60,4432.75,4436.18,2717.095,1774529399999,12062616.72464,4571,1257.906,5584910.21926,0
1774529400000,4436.18,4438.84,4433.33,4433.92,1198.815,1774529699999,5317534.32472,2889,725.559,3218246.49955,0
1774529700000,4433.93,4435.29,4428.75,4430.62,1390.489,1774529999999,6162707.77435,4108,709.792,3145957.11941,0
1774530000000,4430.62,4440.00,4421.33,4438.33,4290.101,1774530299999,19004295.37806,9662,2440.432,10810062.91836,0
1774530300000,4438.34,4442.20,4436.57,4440.39,2945.645,1774530599999,13077480.11000,4672,1585.916,7040851.56469,0
1774530600000,4440.39,4446.20,4438.33,4439.40,3567.575,1774530899999,15848674.50365,5314,1358.390,6034773.65813,0
1774530900000,4439.40,4443.12,4436.07,4441.10,1265.606,1774531199999,5618428.19643,3298,706.064,3134391.54493,0
1774531200000,4441.10,4454.68,4440.40,4451.00,3281.902,1774531499999,14599063.57096,5204,1442.465,6416403.74074,0
1774531500000,4451.01,4453.24,4443.81,4448.84,1642.101,1774531799999,7305255.54746,4033,669.647,2979454.78989,0
1774531800000,4448.61,4451.85,4436.24,4443.71,3877.572,1774532099999,17230792.97918,8252,1925.043,8553171.61951,0
1774532100000,4443.70,4446.99,4435.47,4435.64,2849.634,1774532399999,12655856.61364,7054,1512.598,6716752.81429,0
1774532400000,4435.63,4454.00,4430.59,4454.00,5375.750,1774532699999,23869281.03638,9436,2883.027,12800015.50987,0
1774532700000,4454.00,4461.85,4451.16,4453.25,5513.877,1774532999999,24575876.52310,9844,2985.274,13306242.80580,0
1774533000000,4453.25,4460.79,4449.57,4457.73,3852.125,1774533299999,17163380.89216,7223,2008.832,8950139.35392,0
1774533300000,4457.73,4458.00,4438.29,4453.01,5775.399,1774533599999,25688143.46881,9412,3183.934,14160312.59326,0
1774533600000,4453.06,4456.29,4446.49,4450.54,2929.784,1774533899999,13042965.74565,6504,1257.777,5599065.11566,0
1774533900000,4450.55,4450.55,4443.70,4447.80,2788.232,1774534199999,12399180.13347,5867,1624.894,7225711.19781,0
1774534200000,4447.80,4449.96,4438.42,4447.10,2009.307,1774534499999,8928348.61321,5274,1184.808,5264950.44520,0
1774534500000,4447.10,4460.79,4445.10,4455.53,4183.837,1774534799999,18645336.81399,6036,1660.536,7399862.22055,0
1774534800000,4455.53,4471.81,4452.90,4459.72,5280.404,1774535099999,23566157.75680,7782,3000.851,13392444.99684,0
1774535100000,4459.72,4466.58,4452.10,4460.41,5007.867,1774535399999,22342613.06395,6160,2490.408,11110129.94104,0
1774535400000,4460.40,4476.24,4458.98,4475.62,3344.475,1774535699999,14943257.12241,6571,1704.387,7614533.60087,0
1774535700000,4475.63,4479.00,4464.67,4469.12,4899.727,1774535999999,21917669.78368,8053,2260.027,10109237.79593,0
1774536000000,4469.11,4479.68,4460.04,4460.73,6940.940,1774536299999,31005938.03558,11927,3428.613,15315314.11151,0
1774536300000,4460.89,4469.76,4458.05,4463.08,3203.081,1774536599999,14301984.13015,7805,1573.628,7026057.36408,0
1774536600000,4463.07,4468.68,4451.28,4451.56,5875.253,1774536899999,26217668.78590,8037,2887.879,12885916.49985,0
1774536900000,4451.56,4467.99,4447.42,4466.28,3440.741,1774537199999,15345175.45853,7599,1518.907,6773775.74042,0
1774537200000,4466.28,4469.73,4459.61,4460.83,2215.470,1774537499999,9890660.57951,5871,1042.253,4652510.48667,0
1774537500000,4460.83,4465.44,4452.48,4456.32,3351.171,1774537799999,14939189.17348,7878,1794.245,7998117.10108,0
1774537800000,4456.33,4462.00,4456.27,4456.40,1272.115,1774538099999,5672755.75308,3959,515.710,2299619.27808,0
1774538100000,4456.43,4458.98,4449.29,4456.99,1827.873,1774538399999,8142161.83814,5376,793.084,3532939.22366,0
1774538400000,4456.90,4459.79,4450.77,4454.37,1340.764,1774538699999,5972440.28775,4180,602.121,2682264.15242,0
1774538700000,4454.38,4459.08,4452.09,4455.96,1135.632,1774538999999,5060120.32111,3089,676.526,3014224.56918,0
1774539000000,4455.90,4456.02,4440.26,4443.71,4923.812,1774539299999,21899011.19926,6878,2610.432,11610181.95368,0
1774539300000,4443.71,4446.94,4439.00,4441.61,1620.275,1774539599999,7199900.37441,4189,696.085,3093401.68375,0
1774539600000,4441.61,4445.40,4439.57,4442.15,1576.912,1774539899999,7005552.03427,3712,931.352,4137701.88332,0
1774539900000,4442.06,4447.87,4440.40,4445.81,2361.577,1774540199999,10497770.31090,5134,1376.334,6118206.25702,0
1774540200000,4445.80,4448.81,4444.21,4447.65,1017.166,1774540499999,4523360.22618,3004,552.972,2459178.39315,0
1774540500000,4447.65,4447.90,4436.34,4440.17,3239.214,1774540799999,14383524.06247,5652,1544.109,6856044.56477,0
1774540800000,4440.16,4440.16,4428.14,4437.87,3494.775,1774541099999,15495499.62729,6273,1760.131,7803872.77538,0
1774541100000,4438.47,4444.37,4436.13,4441.05,1154.176,1774541399999,5126278.17505,2842,694.694,3085602.63135,0
1774541400000,4441.05,4443.98,4436.27,4441.54,874.823,1774541699999,3884091.90220,2609,318.317,1413318.03520,0
1774541700000,4441.42,4441.42,4422.50,4427.99,3284.459,1774541999999,14547826.59597,6042,1631.645,7226921.53396,0
1774542000000,4428.00,4429.68,4392.54,4403.51,14896.541,1774542299999,65650985.72667,19250,6664.753,29368149.54686,0
1774542300000,4403.50,4404.12,4388.65,4398.36,5426.060,1774542599999,23857285.25578,10720,2597.378,11420111.92842,0
1774542600000,4398.37,4398.37,4377.57,4395.79,8159.001,1774542899999,35798396.14938,15358,3932.315,17254697.02838,0
1774542900000,4395.80,4396.17,4368.72,4378.17,7619.493,1774543199999,33384158.04555,13308,3862.600,16922365.53855,0
1774543200000,4378.17,4391.17,4375.99,4383.96,3290.693,1774543499999,14423019.75936,8389,1667.404,7308876.16033,0
1774543500000,4383.96,4393.57,4381.25,4388.66,3365.143,1774543799999,14768446.49768,7596,1767.540,7758098.00714,0
1774543800000,4388.67,4392.60,4383.47,4390.87,1683.956,1774544099999,7389587.30048,5696,886.919,3892182.65055,0
1774544100000,4390.80,4394.16,4389.01,4391.31,1601.269,1774544399999,7032069.97726,4553,775.761,3406770.98349,0
1774544400000,4391.30,4398.98,4386.96,4393.83,2690.420,1774544699999,11823026.94039,6781,1510.252,6636915.21039,0
1774544700000,4393.86,4404.47,4393.56,4401.41,2721.179,1774544999999,11976092.12740,6060,1683.376,7408492.48036,0
1774545000000,4401.29,4402.18,4391.53,4397.16,1695.562,1774545299999,7455298.77311,5009,860.571,3783728.64730,0
1774545300000,4397.16,4399.36,4389.20,4398.56,1716.311,1774545599999,7542582.27859,5094,929.904,4086703.23411,0
1774545600000,4398.54,4399.48,4387.45,4388.64,2162.379,1774545899999,9497465.57974,4747,980.447,4305055.77189,0
1774545900000,4388.52,4388.76,4380.60,4385.76,2046.248,1774546199999,8970729.10807,5933,963.867,4225368.25474,0
1774546200000,4385.80,4390.77,4380.74,4388.59,1559.927,1774546499999,6840741.84435,5084,761.895,3341430.20737,0
1774546500000,4388.59,4394.78,4385.94,4390.92,1541.638,1774546799999,6767625.85180,3897,615.416,2701894.18960,0
1774546800000,4390.92,4390.92,4384.10,4387.67,922.126,1774547099999,4045413.09391,3030,528.963,2320499.23936,0
1774547100000,4387.66,4393.68,4385.61,4388.47,898.510,1774547399999,3943963.81159,3454,366.567,1609193.02178,0
1774547400000,4388.47,4391.09,4384.56,4386.68,1198.682,1774547699999,5259148.00970,3287,802.917,3522888.66970,0
1774547700000,4386.68,4388.08,4382.34,4384.28,1011.548,1774547999999,4435833.90006,3349,367.059,1609585.54353,0
1774548000000,4384.28,4389.22,4382.88,4383.96,778.665,1774548299999,3415471.98000,3564,394.501,1730377.45838,0
1774548300000,4383.93,4393.33,4383.13,4389.60,2029.173,1774548599999,8905516.64500,5241,1109.049,4867103.21739,0
1774548600000,4389.64,4392.03,4383.76,4390.28,1795.504,1774548899999,7880334.30116,4537,860.125,3774919.85966,0
1774548900000,4390.28,4390.43,4381.79,4384.56,1353.112,1774549199999,5933583.69937,3759,651.965,2858933.46460,0
1774549200000,4384.55,4384.55,4371.05,4379.27,2736.383,1774549499999,11977074.37665,6101,1296.032,5671935.40869,0
1774549500000,4379.29,4381.89,4372.20,4376.40,1385.720,1774549799999,6064704.10712,4168,713.736,3123673.13469,0
1774549800000,4376.40,4385.43,4375.69,4383.96,1208.708,1774550099999,5295077.02010,3538,457.763,2005173.32599,0
1774550100000,4384.00,4392.21,4382.76,4392.12,1520.464,1774550399999,6673284.79225,3392,565.191,2480737.49766,0
1774550400000,4392.11,4398.11,4392.00,4395.85,1729.430,1774550699999,7601764.39006,3675,993.374,4366258.81476,0
1774550700000,4395.85,4400.26,4392.84,4397.64,1331.367,1774550999999,5854160.81411,3056,495.873,2180633.30862,0
1774551000000,4397.56,4399.47,4395.17,4396.43,700.180,1774551299999,3078669.91358,2240,303.077,1332712.25067,0
1774551300000,4396.43,4398.96,4394.17,4397.12,420.855,1774551599999,1850328.66691,2180,233.356,1025964.45116,0
1774551600000,4397.14,4402.48,4393.02,4393.19,1033.598,1774551899999,4545807.59710,3456,541.437,2381378.65193,0
1774551900000,4393.20,4395.92,4386.66,4387.62,1340.736,1774552199999,5886321.14744,3583,650.058,2853937.95332,0
1774552200000,4387.79,4391.24,4384.37,4390.71,792.980,1774552499999,3479515.13187,3088,482.141,2115743.75997,0
1774552500000,4390.70,4394.71,4390.01,4392.49,828.613,1774552799999,3639637.80960,2751,464.565,2040589.18370,0
1774552800000,4392.72,4394.77,4390.94,4391.32,553.650,1774553099999,2432086.85739,2010,299.938,1317565.22897,0
1774553100000,4391.32,4392.30,4380.65,4383.21,1185.481,1774553399999,5198399.12291,3422,657.461,2882948.72389,0
1774553400000,4383.32,4387.02,4377.69,4384.49,1170.070,1774553699999,5127473.23445,3210,578.156,2533767.41477,0
1774553700000,4384.49,4390.68,4382.91,4385.94,851.201,1774553999999,3734906.72161,3220,381.550,1674113.35102,0
1774554000000,4385.94,4387.43,4381.37,4381.72,614.674,1774554299999,2694713.05551,2342,328.476,1440101.45453,0
1774554300000,4381.79,4383.05,4376.40,4379.23,566.959,1774554599999,2483663.93428,2820,339.427,1487021.56229,0
1774554600000,4379.20,4379.23,4365.86,4366.43,2701.386,1774554899999,11807100.81999,5633,1293.943,5656181.78018,0
1774554900000,4366.43,4370.22,4362.47,4367.32,2472.149,1774555199999,10794109.29674,6496,1267.268,5533929.22624,0
1774555200000,4367.41,4368.73,4356.94,4357.35,2300.959,1774555499999,10036484.12512,5981,1090.162,4755267.06199,0
1774555500000,4357.35,4361.03,4355.00,4359.72,2083.296,1774555799999,9079352.09940,4800,1330.429,5798525.84927,0
1774555800000,4359.72,4417.84,4358.67,4400.59,28481.541,1774556099999,125112396.35353,35482,13942.983,61247686.72987,0
1774556100000,4400.66,4405.91,4383.09,4398.99,12214.160,1774556399999,53664581.02359,21644,5601.719,24610959.58279,0
1774556400000,4399.00,4419.58,4393.93,4403.52,7190.275,1774556699999,31691017.36749,11997,3243.415,14296272.71058,0
1774556700000,4403.52,4409.47,4397.22,4407.74,3771.017,1774556999999,16605687.17288,7270,1930.733,8502327.44657,0
1774557000000,4407.74,4410.99,4403.69,4405.17,1998.808,1774557299999,8807563.55311,5221,894.326,3940871.30171,0
1774557300000,4405.17,4423.81,4401.72,4423.02,3724.898,1774557599999,16437975.32716,7034,1735.819,7658021.26030,0
1774557600000,4423.02,4423.02,4409.04,4409.47,2201.060,1774557899999,9720470.80401,5635,927.466,4095367.26074,0
1774557900000,4409.47,4413.10,4402.48,4405.59,1940.994,1774558199999,8556332.56824,4574,1111.215,4898818.39154,0
1774558200000,4405.59,4407.23,4377.36,4380.20,4884.139,1774558499999,21429688.58830,10907,2513.625,11026885.66040,0
1774558500000,4380.28,4386.09,4379.08,4385.40,1563.041,1774558799999,6849814.95020,4930,843.181,3695232.05697,0
1774558800000,4385.50,4388.92,4384.43,4388.76,622.197,1774559099999,2729702.05207,1733,282.526,1239491.92517,0
1774559100000,4388.75,4389.77,4386.41,4388.87,392.775,1774559399999,1723668.89897,1272,228.233,1001621.56198,0
1774559400000,4388.86,4391.09,4386.91,4387.65,499.018,1774559699999,2190254.62209,1314,242.796,1065710.55979,0
1774559700000,4387.65,4391.15,4387.64,4389.65,221.205,1774559999999,970977.50711,652,157.881,692996.99545,0
1774560000000,4389.69,4395.78,4389.69,4394.80,544.755,1774560299999,2393451.64335,1310,357.479,1570537.85369,0
1774560300000,4394.79,4394.80,4393.04,4393.67,350.968,1774560599999,1542245.12061,467,48.976,215184.43744,0
1774560600000,4393.66,4394.62,4392.62,4393.20,251.563,1774560899999,1105191.71181,683,91.341,401329.68608,0
1774560900000,4393.20,4393.56,4393.20,4393.56,40.766,1774561199999,179101.00892,175,20.219,88829.13947,0
1774561200000,4393.56,4394.40,4392.62,4392.82,158.846,1774561499999,697831.74260,891,52.232,229469.41897,0
1774561500000,4392.83,4394.60,4392.83,4394.21,158.468,1774561799999,696301.87641,730,100.672,442328.77620,0
1774561800000,4394.20,4394.50,4394.00,4394.34,93.809,1774562099999,412229.70293,473,44.849,197083.96798,0
1774562100000,4394.34,4394.50,4393.20,4394.47,174.038,1774562399999,764763.24815,673,46.131,202699.72166,0
1774562400000,4394.48,4401.26,4384.20,4390.87,7417.178,1774562699999,32577196.81944,14877,3539.250,15544986.45059,0
1774562700000,4390.88,4404.62,4390.87,4398.88,2311.947,1774562999999,10171498.16689,6385,1133.482,4986859.68007,0
1774563000000,4398.87,4407.26,4396.25,4404.06,1966.796,1774563299999,8658144.42417,4548,944.538,4157434.43681,0
1774563300000,4404.14,4410.36,4403.98,4409.16,1469.056,1774563599999,6475392.35702,3547,613.761,2705335.51419,0
1774563600000,4409.16,4409.16,4400.28,4402.75,2762.037,1774563899999,12168991.24317,2364,1301.145,5732879.22728,0
1774563900000,4402.59,4403.37,4397.98,4400.94,1190.396,1774564199999,5237249.73027,2207,786.104,3458435.62775,0
1774564200000,4400.93,4411.55,4397.02,4408.08,2531.732,1774564499999,11157714.60191,3277,1195.989,5270230.92288,0
1774564500000,4408.08,4410.92,4406.87,4410.24,656.468,1774564799999,2894202.28928,2285,262.904,1159124.71188,0
1774564800000,4410.22,4416.07,4408.08,4408.10,1234.240,1774565099999,5446910.29210,3107,539.672,2381864.36895,0
1774565100000,4408.08,4410.36,4403.21,4409.65,1213.370,1774565399999,5346642.28124,3481,760.289,3349967.21149,0
1774565400000,4409.72,4414.98,4408.69,4409.36,920.234,1774565699999,4060228.96685,2261,469.984,2073675.37247,0
1774565700000,4409.37,4414.93,4406.67,4412.64,1011.229,1774565999999,4459143.17798,2567,728.598,3212689.23332,0
1774566000000,4412.61,4415.94,4404.37,4405.44,2245.599,1774566299999,9904609.04651,4533,910.146,4014121.48631,0
1774566300000,4405.49,4405.94,4393.35,4393.44,1572.001,1774566599999,6914656.91754,3326,823.510,3622792.28481,0
1774566600000,4393.44,4398.47,4391.71,4395.65,1200.384,1774566899999,5276124.57991,2842,532.779,2341719.37139,0
1774566900000,4395.64,4403.57,4394.07,4402.99,654.428,1774567199999,2878357.93635,2068,395.619,1739943.08744,0
1774567200000,4403.00,4403.00,4395.76,4399.59,662.921,1774567499999,2915954.26529,2077,238.160,1047509.84102,0
1774567500000,4399.63,4401.83,4396.81,4401.72,454.897,1774567799999,2001395.54456,1560,260.004,1143925.91234,0
1774567800000,4401.71,4405.48,4398.40,4401.95,812.695,1774568099999,3577452.89847,2199,475.155,2091530.87372,0
1774568100000,4401.84,4410.81,4401.83,4408.19,2291.852,1774568399999,10104610.23195,2577,1098.259,4841485.32498,0
1774568400000,4408.18,4409.00,4399.56,4403.46,1534.256,1774568699999,6755263.99045,2491,957.120,4213632.93586,0
1774568700000,4403.46,4405.88,4399.11,4400.17,639.709,1774568999999,2815910.38914,1849,320.065,1408972.11557,0
1774569000000,4400.24,4407.69,4400.17,4407.02,678.520,1774569299999,2988723.71484,1861,379.874,1673019.49453,0
1774569300000,4407.02,4407.36,4403.42,4406.46,666.169,1774569599999,2934947.03571,2032,136.327,600616.30942,0
1774569600000,4406.46,4414.19,4406.46,4411.00,1103.618,1774569899999,4868017.94079,3042,663.610,2927212.53081,0
1774569900000,4411.01,4411.83,4406.68,4411.83,766.197,1774570199999,3378552.32823,1939,349.533,1541278.75989,0
1774570200000,4411.83,4411.83,4406.29,4407.20,752.076,1774570499999,3316093.81720,1855,237.249,1045964.15313,0
1774570500000,4407.21,4408.13,4399.60,4400.75,1644.343,1774570799999,7241425.08489,2743,734.531,3234867.77340,0
1774570800000,4400.75,4401.32,4386.00,4392.99,2315.918,1774571099999,10171384.54336,5567,1055.753,4637239.15189,0
1774571100000,4393.00,4394.32,4388.91,4393.51,957.303,1774571399999,4203983.55039,3494,389.612,1711032.68182,0
1774571400000,4393.51,4398.95,4393.51,4398.53,759.572,1774571699999,3339695.05457,2856,453.865,1995576.51286,0
1774571700000,4398.36,4399.16,4390.04,4392.51,679.812,1774571999999,2986806.56232,2995,341.602,1501017.34791,0
1774572000000,4392.48,4394.60,4390.20,4393.73,1063.883,1774572299999,4672988.41355,2816,488.484,2145593.02522,0
1774572300000,4393.72,4394.28,4386.54,4387.21,1258.788,1774572599999,5525246.25647,3531,595.650,2614484.36977,0
1774572600000,4387.21,4388.00,4380.97,4385.28,1434.601,1774572899999,6289576.13284,3891,572.462,2509893.61273,0
1774572900000,4385.28,4386.75,4378.98,4382.30,1471.410,1774573199999,6448856.51883,3390,654.735,2869389.80580,0
1774573200000,4382.31,4392.66,4381.31,4391.70,2696.029,1774573499999,11830632.98896,7590,1714.583,7523815.38191,0
1774573500000,4391.67,4396.67,4391.01,4396.05,857.729,1774573799999,3768683.84349,3047,287.295,1262430.27678,0
1774573800000,4396.05,4401.99,4395.45,4397.04,1249.223,1774574099999,5495253.34216,3213,704.702,3099650.39362,0
1774574100000,4397.11,4403.13,4395.00,4395.58,908.384,1774574399999,3996073.54416,2900,482.386,2122136.42036,0
1774574400000,4395.42,4405.16,4395.11,4404.87,787.174,1774574699999,3464317.13785,2680,345.094,1518661.23410,0
1774574700000,4404.86,4410.69,4403.22,4410.69,1844.848,1774574999999,8129882.73846,3000,1157.053,5099439.81751,0
1774575000000,4410.68,4421.86,4408.11,4414.28,2451.058,1774575299999,10822236.34503,5609,1353.961,5978253.72968,0
1774575300000,4414.28,4419.44,4412.70,4419.44,1009.590,1774575599999,4457758.17107,2716,422.476,1865627.65246,0
1774575600000,4419.44,4423.00,4419.44,4421.85,1240.747,1774575899999,5486080.49718,3079,707.279,3127244.11594,0
1774575900000,4421.85,4421.96,4415.00,4415.66,1253.290,1774576199999,5538181.70673,3030,465.361,2056094.16389,0
1774576200000,4415.65,4418.74,4414.79,4417.92,792.577,1774576499999,3500794.58036,2122,475.172,2098702.14138,0
1774576500000,4417.80,4423.31,4417.07,4419.79,1393.788,1774576799999,6160985.05841,3022,454.057,2007105.64272,0
1774576800000,4419.80,4437.23,4419.61,4433.55,3034.763,1774577099999,13446128.27115,6193,2079.801,9214270.07021,0
1774577100000,4433.54,4441.09,4429.00,4438.51,2200.864,1774577399999,9760722.05305,4039,1026.419,4552173.94437,0
1774577400000,4438.52,4441.98,4435.20,4438.07,2367.535,1774577699999,10509600.78986,3562,887.695,3939929.73015,0
1774577700000,4438.06,4438.63,4431.47,4432.37,1792.106,1774577999999,7948344.04587,2766,770.097,3415529.29651,0
1774578000000,4432.36,4434.05,4426.52,4431.99,1716.613,1774578299999,7604708.86419,3073,774.017,3429408.73070,0
1774578300000,4431.99,4436.87,4429.33,4434.17,885.495,1774578599999,3925661.32663,2515,454.352,2014352.43235,0
1774578600000,4434.18,4436.40,4428.72,4434.30,983.967,1774578899999,4360830.73960,3154,545.751,2418427.65795,0
1774578900000,4434.25,4435.80,4429.03,4432.20,595.857,1774579199999,2640996.45044,2222,250.045,1108278.05373,0
1774579200000,4432.21,4434.30,4429.00,4432.21,638.723,1774579499999,2830574.34202,1889,202.024,895353.69841,0
1774579500000,4432.21,4443.00,4431.30,4433.04,1527.570,1774579799999,6779223.05144,3604,898.804,3989131.67041,0
1774579800000,4433.10,4437.63,4432.50,4433.62,420.679,1774580099999,1865750.04678,2093,221.095,980599.30193,0
1774580100000,4433.61,4434.95,4431.89,4434.05,396.222,1774580399999,1756517.62358,1481,158.559,702929.22828,0
1774580400000,4434.06,4437.40,4428.45,4428.61,889.645,1774580699999,3944206.11347,2500,328.574,1456617.79883,0
1774580700000,4428.62,4431.84,4423.58,4427.40,1155.520,1774580999999,5116233.72279,3239,398.374,1763921.76580,0
1774581000000,4427.43,4432.99,4425.21,4431.30,842.293,1774581299999,3730699.15817,2373,320.996,1421552.39276,0
1774581300000,4431.30,4433.79,4429.80,4432.08,566.919,1774581599999,2512267.27661,1770,182.397,808352.98380,0
1774581600000,4432.13,4436.45,4431.67,4432.42,518.873,1774581899999,2300592.56940,1611,239.568,1062277.81811,0
1774581900000,4432.42,4439.40,4431.00,4438.04,660.706,1774582199999,2930627.32881,2583,379.377,1682821.18358,0
1774582200000,4438.03,4441.63,4433.36,4436.57,1012.516,1774582499999,4493310.88478,2612,457.283,2029487.26102,0
1774582500000,4436.57,4446.69,4435.96,4446.36,1018.489,1774582799999,4523497.36541,2656,678.543,3014059.97834,0
1774582800000,4446.36,4448.00,4440.36,4440.36,2743.813,1774583099999,12191411.56041,2987,866.851,3851819.64348,0
1774583100000,4440.35,4440.36,4436.76,4438.15,846.332,1774583399999,3756137.67150,1661,533.714,2368668.78760,0
1774583400000,4438.15,4441.00,4436.51,4440.13,978.158,1774583699999,4342275.14751,2193,455.932,2023935.64872,0
1774583700000,4440.14,4440.60,4438.45,4439.99,621.386,1774583999999,2758621.18349,1216,337.344,1497604.65370,0
1774584000000,4440.00,4441.99,4437.02,4438.81,1160.134,1774584299999,5149804.73337,2090,513.257,2278354.70551,0
1774584300000,4438.80,4439.11,4434.00,4435.95,1253.176,1774584599999,5559381.40993,1801,196.812,873162.14322,0
1774584600000,4435.96,4437.95,4435.20,4435.50,555.669,1774584899999,2465237.85247,1347,203.873,904496.07692,0
1774584900000,4435.50,4436.09,4433.05,4435.54,1189.673,1774585199999,5275336.83329,1259,739.208,3277813.33325,0
1774585200000,4435.55,4439.90,4435.54,4437.27,666.799,1774585499999,2959061.63331,1596,399.409,1772328.31377,0
1774585500000,4437.27,4437.65,4435.56,4435.97,425.242,1774585799999,1886539.67082,1019,205.244,910505.62402,0
1774585800000,4435.96,4442.28,4435.81,4441.70,551.614,1774586099999,2448682.81744,1442,294.779,1308534.30890,0
1774586100000,4441.71,4443.55,4439.26,4442.85,865.203,1774586399999,3842992.85363,1852,538.969,2393947.97588,0
1774586400000,4442.85,4444.05,4441.96,4444.05,384.039,1774586699999,1706316.35792,1061,190.244,845266.16434,0
1774586700000,4444.04,4446.73,4443.93,4445.56,1507.762,1774586999999,6702909.52273,1945,732.531,3256387.52756,0
1774587000000,4445.56,4447.67,4444.41,4447.30,1333.776,1774587299999,5930176.84304,1786,807.747,3591333.68165,0
1774587300000,4447.30,4451.47,4447.00,4448.00,1487.327,1774587599999,6617783.97926,2950,571.297,2541908.46342,0
1774587600000,4448.00,4448.30,4443.90,4444.63,742.379,1774587899999,3300487.64433,2000,170.316,757161.82230,0
1774587900000,4444.48,4449.84,4443.72,4447.24,723.419,1774588199999,3217209.38214,2123,445.168,1979691.29251,0
1774588200000,4447.23,4448.99,4444.61,4446.81,731.643,1774588499999,3253438.57292,2030,299.839,1333273.78327,0
1774588500000,4446.80,4449.50,4446.28,4447.45,515.990,1774588799999,2295152.13343,1719,278.898,1240589.13241,0
1774588800000,4447.45,4447.45,4444.65,4445.52,499.138,1774589099999,2218956.88518,1436,197.091,876192.37850,0
1774589100000,4445.52,4446.12,4441.99,4444.47,1002.136,1774589399999,4453105.97108,1900,231.986,1030833.62652,0
1774589400000,4444.46,4462.68,4443.91,4461.59,3499.258,1774589699999,15588144.23214,6815,2425.896,10807566.26152,0
1774589700000,4461.59,4476.57,4460.71,4475.00,4245.490,1774589999999,18975241.70058,8631,2425.156,10838528.88173,0
1774590000000,4474.99,4476.46,4467.14,4467.26,2860.131,1774590299999,12793312.00718,5171,993.228,4442492.98909,0
1774590300000,4467.25,4470.98,4463.62,4463.64,1531.284,1774590599999,6839744.89197,3637,499.959,2233580.66772,0
1774590600000,4463.63,4465.34,4460.40,4462.50,1073.085,1774590899999,4789309.33429,2865,511.554,2283210.54655,0
1774590900000,4462.53,4462.91,4456.00,4456.50,1394.990,1774591199999,6220234.60693,3151,620.615,2767112.94676,0
1774591200000,4456.50,4462.67,4456.02,4456.92,927.314,1774591499999,4135876.52889,2945,465.854,2077677.06700,0
1774591500000,4456.90,4464.96,4454.01,4463.65,1402.137,1774591799999,6251355.34218,3699,655.791,2924128.86767,0
1774591800000,4463.64,4474.41,4461.96,4473.36,1457.339,1774592099999,6511667.18963,4146,805.608,3600241.28519,0
1774592100000,4473.38,4473.44,4465.60,4467.15,1592.266,1774592399999,7116923.05890,3633,925.450,4136552.16085,0
1774592400000,4467.28,4467.28,4459.48,4464.06,1165.156,1774592699999,5199778.53342,3451,442.055,1972673.98016,0
1774592700000,4464.06,4467.00,4462.34,4464.46,752.409,1774592999999,3359718.89945,2095,362.475,1618633.15204,0
1774593000000,4464.48,4469.56,4461.53,4464.88,1063.395,1774593299999,4748300.28281,2720,439.530,1962840.60703,0
1774593300000,4464.84,4469.81,4464.36,4467.64,736.987,1774593599999,3292266.24949,2222,310.780,1388343.10349,0
1774593600000,4467.64,4469.31,4465.68,4465.79,734.235,1774593899999,3280328.95979,1785,267.547,1195345.57984,0
1774593900000,4465.78,4466.28,4460.89,4462.00,797.195,1774594199999,3558575.25691,2050,332.980,1486232.45983,0
1774594200000,4462.06,4464.95,4456.05,4464.24,1306.762,1774594499999,5828136.58342,3438,563.768,2514302.73172,0
1774594500000,4464.23,4465.85,4459.10,4461.45,1062.969,1774594799999,4743608.87073,2043,369.491,1648674.28735,0
1774594800000,4461.44,4463.99,4451.55,4452.85,1929.734,1774595099999,8600433.93344,4137,900.108,4011948.55608,0
1774595100000,4452.86,4458.05,4448.93,4457.19,1604.446,1774595399999,7145992.01406,3875,691.817,3081111.80972,0
1774595400000,4457.20,4459.71,4454.94,4456.56,749.853,1774595699999,3342197.23904,2318,378.738,1688096.73629,0
1774595700000,4456.55,4456.72,4453.19,4454.76,832.228,1774595999999,3707313.85817,1919,358.243,1595813.17969,0
1774596000000,4454.76,4458.79,4454.76,4456.27,689.066,1774596299999,3070973.64675,2044,344.278,1534380.00205,0
1774596300000,4456.27,4458.80,4452.62,4454.37,996.415,1774596599999,4440306.16253,2204,609.897,2717892.22723,0
1774596600000,4454.38,4454.55,4451.04,4453.98,753.817,1774596899999,3356655.12508,2214,486.929,2168196.82754,0
1774596900000,4453.98,4457.83,4453.29,4454.69,704.858,1774597199999,3140384.46660,1952,300.398,1338358.91779,0
1774597200000,4454.70,4454.76,4448.00,4449.84,952.634,1774597499999,4239809.67712,2371,312.235,1389630.37247,0
1774597500000,4449.84,4455.00,4449.00,4453.56,712.506,1774597799999,3172541.35419,1812,342.865,1526561.44475,0
1774597800000,4453.50,4453.59,4445.55,4446.35,889.080,1774598099999,3955435.91818,2255,261.021,1161260.14087,0
1774598100000,4446.24,4449.99,4446.07,4448.67,1274.636,1774598399999,5669086.10140,1953,745.725,3316611.00403,0
1774598400000,4448.67,4453.34,4443.58,4446.24,1779.299,1774598699999,7914064.30569,4248,763.023,3394083.86097,0
1774598700000,4446.23,4451.24,4445.01,4448.41,1243.179,1774598999999,5529930.10149,3079,520.142,2313725.61025,0
1774599000000,4448.64,4449.75,4446.01,4448.97,757.623,1774599299999,3370171.16194,2094,467.270,2078533.33840,0
1774599300000,4449.00,4449.16,4441.32,4442.85,1118.939,1774599599999,4973214.10081,3142,436.972,1942094.48298,0
1774599600000,4442.85,4445.61,4438.93,4439.52,1384.536,1774599899999,6149890.85553,3021,715.655,3178671.59113,0
1774599900000,4439.51,4439.89,4432.21,4435.62,3727.778,1774600199999,16534713.43719,3661,2026.551,8988903.12846,0
1774600200000,4435.61,4439.19,4433.01,4433.71,1242.430,1774600499999,5512036.26976,2643,537.510,2384548.83692,0
1774600500000,4433.72,4437.81,4430.00,4436.10,1581.566,1774600799999,7012802.71297,3686,715.581,3173319.78204,0
1774600800000,4436.10,4442.65,4435.15,4437.06,1319.299,1774601099999,5856808.32625,3030,851.899,3781872.34972,0
1774601100000,4437.05,4440.77,4435.01,4436.81,783.686,1774601399999,3478007.31621,2187,351.158,1558369.45213,0
1774601400000,4436.81,4441.32,4430.81,4434.86,1828.846,1774601699999,8110809.52921,2377,1192.106,5286537.33989,0
1774601700000,4434.87,4435.60,4426.40,4426.99,1819.596,1774601999999,8061939.22899,3531,541.271,2397931.22846,0
1774602000000,4427.00,4432.99,4427.00,4429.01,3390.165,1774602299999,15019035.48919,3704,1765.800,7822026.40580,0
1774602300000,4429.01,4431.82,4424.38,4424.98,1189.672,1774602599999,5266870.91663,2802,469.688,2079325.82260,0
1774602600000,4424.97,4432.95,4422.14,4431.35,1632.462,1774602899999,7227714.12447,3113,903.834,4001889.40144,0
1774602900000,4431.35,4438.83,4430.71,4435.69,1119.375,1774603199999,4963957.07546,2940,617.950,2740268.58464,0
1774603200000,4435.69,4437.00,4432.57,4434.41,863.584,1774603499999,3829414.53081,2459,438.707,1945364.02082,0
1774603500000,4434.40,4439.20,4433.84,4437.63,1460.515,1774603799999,6481142.05748,2472,1160.536,5149953.14208,0
1774603800000,4437.63,4441.00,4435.56,4436.30,1858.395,1774604099999,8248890.63412,2799,933.541,4143852.18345,0
1774604100000,4436.35,4438.61,4434.44,4435.67,886.162,1774604399999,3930911.29505,1798,596.764,2647103.51528,0
1774604400000,4435.68,4436.00,4432.83,4434.88,871.795,1774604699999,3865739.89627,1605,182.392,808789.25999,0
1774604700000,4434.87,4434.87,4431.50,4433.70,538.293,1774604999999,2386193.89093,1616,304.631,1350331.43165,0
1774605000000,4433.56,4435.82,4431.59,4431.99,515.828,1774605299999,2287054.69253,1416,301.539,1336948.01126,0
1774605300000,4432.00,4432.63,4429.19,4431.24,494.903,1774605599999,2192922.28084,1444,197.459,874988.44465,0
1774605600000,4431.23,4436.75,4428.30,4430.18,1500.639,1774605899999,6650046.74546,2487,844.843,3744327.08309,0
1774605900000,4430.17,4435.54,4430.01,4432.79,985.069,1774606199999,4367016.34917,2285,618.707,2742773.89756,0
1774606200000,4432.78,4432.78,4426.47,4428.51,930.412,1774606499999,4120878.70201,2078,341.950,1514558.92208,0
1774606500000,4428.53,4431.36,4426.95,4429.74,684.961,1774606799999,3033611.67101,1523,341.595,1512972.69926,0
1774606800000,4429.74,4431.20,4426.70,4430.32,809.437,1774607099999,3584784.23706,1632,281.318,1245799.77687,0
1774607100000,4430.33,4433.67,4429.04,4431.40,578.072,1774607399999,2561879.71544,1446,302.741,1341699.90430,0
1774607400000,4431.36,4432.55,4427.74,4429.91,736.899,1774607699999,3264789.91491,2017,332.326,1472339.24983,0
1774607700000,4429.91,4430.36,4423.01,4424.03,1919.493,1774607999999,8495511.99482,3291,574.398,2542237.23014,0
1774608000000,4424.04,4424.68,4414.01,4417.55,3035.660,1774608299999,13414085.12849,4870,1263.618,5584219.50359,0
1774608300000,4417.54,4419.13,4412.33,4417.82,1732.047,1774608599999,7648138.40117,3149,768.905,3395453.98542,0
1774608600000,4417.71,4421.00,4412.68,4419.46,1119.135,1774608899999,4943915.37324,2651,496.700,2194096.51300,0
1774608900000,4419.33,4419.33,4413.68,4416.40,1940.135,1774609199999,8566868.80158,3094,874.719,3862351.43186,0
1774609200000,4416.58,4418.81,4411.49,4412.07,2077.764,1774609499999,9174877.46745,3212,1116.784,4931857.89449,0
1774609500000,4412.00,4413.92,4407.00,4411.60,2219.701,1774609799999,9790058.39405,3571,1028.153,4534763.86229,0
1774609800000,4411.59,4416.61,4411.01,4414.74,1580.079,1774610099999,6974163.43167,2800,991.703,4377373.07085,0
1774610100000,4414.70,4419.68,4410.44,4412.85,1624.414,1774610399999,7172920.83391,2823,975.200,4306060.67212,0
1774610400000,4412.85,4415.40,4410.98,4413.55,946.032,1774610699999,4174853.29420,2058,466.849,2060119.52318,0
1774610700000,4413.54,4418.50,4412.76,4417.72,867.961,1774610999999,3833384.79166,1780,473.373,2090623.25859,0
1774611000000,4417.73,4418.84,4416.14,4418.71,892.324,1774611299999,3942126.29284,1535,594.668,2627175.29016,0
1774611300000,4418.72,4421.66,4416.40,4419.00,859.834,1774611599999,3799283.64413,1979,600.464,2653239.57159,0
1774611600000,4419.00,4424.29,4416.88,4424.27,1220.343,1774611899999,5394584.26248,2226,669.829,2961264.61960,0
1774611900000,4424.21,4426.78,4421.01,4425.63,1147.808,1774612199999,5078447.11048,2447,643.428,2846922.16690,0
1774612200000,4425.61,4427.75,4420.39,4427.06,723.164,1774612499999,3199143.16972,1956,302.625,1338757.91818,0
1774612500000,4427.05,4428.11,4418.06,4422.00,1076.011,1774612799999,4758254.56446,2386,594.111,2626971.72693,0
1774612800000,4422.00,4426.35,4420.81,4424.39,1114.331,1774613099999,4930060.45273,2906,626.688,2772662.50927,0
1774613100000,4424.62,4424.70,4415.00,4420.35,1241.545,1774613399999,5486680.06603,3103,643.031,2841717.23214,0
1774613400000,4420.35,4429.48,4419.50,4426.77,1243.780,1774613699999,5504874.23245,2862,776.336,3436027.04670,0
1774613700000,4426.77,4437.94,4426.76,4428.18,2162.290,1774613999999,9585187.30457,4363,1180.041,5231478.83150,0
1774614000000,4428.18,4428.18,4419.83,4425.33,1307.883,1774614299999,5785371.70017,3168,640.768,2834382.08087,0
1774614300000,4425.32,4432.45,4424.57,4432.21,990.674,1774614599999,4387428.10374,2374,452.080,2002156.81508,0
1774614600000,4432.21,4432.99,4427.17,4429.29,1123.396,1774614899999,4976518.21968,3162,605.433,2681889.66129,0
1774614900000,4429.29,4438.61,4427.50,4436.29,920.184,1774615199999,4080553.11728,3078,588.350,2609162.51056,0
1774615200000,4436.30,4439.57,4434.85,4436.60,1174.349,1774615499999,5210573.55269,2580,481.828,2138057.50870,0
1774615500000,4436.64,4442.00,4436.64,4442.00,1394.313,1774615799999,6190679.26200,2970,881.213,3912657.80697,0
1774615800000,4441.99,4448.00,4441.58,4442.31,1956.302,1774616099999,8696137.23434,4287,914.760,4066303.07643,0
1774616100000,4442.31,4445.00,4439.30,4439.72,1064.987,1774616399999,4730648.70369,2634,544.766,2420067.09627,0
1774616400000,4439.73,4445.64,4433.60,4435.77,2445.414,1774616699999,10856283.14900,5039,1010.614,4486669.64820,0
1774616700000,4435.83,4438.23,4431.00,4431.00,1302.515,1774616999999,5776005.51851,3760,610.578,2707689.21503,0
1774617000000,4431.01,4433.18,4426.02,4430.71,1085.880,1774617299999,4810927.50198,3630,507.896,2250273.44407,0
1774617300000,4430.66,4443.48,4430.28,4442.29,2031.996,1774617599999,9021770.78758,3198,1108.316,4919795.33023,0
1774617600000,4442.29,4444.82,4430.30,4430.57,2214.625,1774617899999,9828752.59203,4038,1060.314,4707351.43336,0
1774617900000,4430.57,4436.09,4421.10,4424.96,2825.637,1774618199999,12512440.90949,5662,1581.785,7005002.71954,0
1774618200000,4424.97,4429.95,4417.28,4420.68,2842.136,1774618499999,12566571.98242,6580,1341.407,5931117.12558,0
1774618500000,4420.67,4430.68,4417.85,4429.21,3349.214,1774618799999,14820340.68794,6322,1457.443,6448632.01927,0
1774618800000,4429.24,4434.30,4426.80,4431.02,2383.890,1774619099999,10559595.73205,5645,1015.637,4498668.53143,0
1774619100000,4431.02,4444.99,4431.01,4437.16,3874.428,1774619399999,17201864.97701,6508,1936.894,8599900.91657,0
1774619400000,4437.16,4437.82,4427.04,4429.01,3150.964,1774619699999,13964775.99355,5302,1814.829,8044295.56726,0
1774619700000,4429.01,4436.36,4423.60,4433.97,1862.789,1774619999999,8249696.66954,4102,955.548,4231837.70801,0
1774620000000,4433.94,4461.24,4433.51,4460.51,5520.130,1774620299999,24563022.04872,10372,2861.728,12735786.71541,0
1774620300000,4460.51,4465.67,4451.87,4452.25,4591.634,1774620599999,20470898.66258,9107,2211.760,9859513.63230,0
1774620600000,4452.24,4464.83,4447.80,4462.32,3411.062,1774620899999,15202751.81570,7536,1855.719,8270194.42372,0
1774620900000,4462.33,4472.64,4460.00,4467.78,4821.133,1774621199999,21541104.77369,8779,2395.911,10704460.42601,0
1774621200000,4468.06,4471.59,4458.64,4466.24,3210.130,1774621499999,14328866.77068,6114,1578.020,7044278.32658,0
1774621500000,4466.26,4468.00,4454.53,4456.93,2058.672,1774621799999,9179948.15576,5512,767.785,3422921.33526,0
1774621800000,4456.93,4465.60,4454.44,4464.84,2101.968,1774622099999,9373760.62539,5808,1127.905,5030383.43794,0
1774622100000,4464.85,4465.56,4457.31,4463.41,2325.102,1774622399999,10375102.55869,5248,1168.144,5212152.39327,0
1774622400000,4463.42,4465.51,4459.36,4465.44,3169.088,1774622699999,14141386.00188,4981,1072.174,4784149.16355,0
1774622700000,4465.44,4479.00,4465.29,4476.54,4854.143,1774622999999,21717043.91008,8911,2920.651,13066852.76341,0
1774623000000,4476.54,4502.72,4474.81,4491.62,9965.443,1774623299999,44781273.09696,14664,4791.135,21522521.18940,0
1774623300000,4491.66,4516.54,4491.62,4511.03,7335.464,1774623599999,33062827.95515,11735,3856.119,17379442.48170,0
1774623600000,4511.13,4518.85,4503.52,4517.49,8058.433,1774623899999,36357753.78387,12612,4070.303,18367896.50807,0
1774623900000,4517.45,4518.67,4508.12,4516.58,5350.761,1774624199999,24148113.25085,9034,2300.186,10381095.37538,0
1774624200000,4516.58,4537.74,4512.19,4527.63,11035.569,1774624499999,49944916.56158,14311,6251.195,28296144.18355,0
1774624500000,4527.60,4541.32,4523.09,4534.56,6173.997,1774624799999,27973375.69366,11161,2806.481,12717710.49778,0
1774624800000,4534.56,4556.63,4534.33,4546.21,10351.788,1774625099999,47061452.26603,14709,4808.567,21859548.86802,0
1774625100000,4546.21,4551.95,4543.15,4544.55,2836.855,1774625399999,12901942.18171,8350,1381.961,6285093.80792,0
1774625400000,4544.64,4553.50,4539.00,4545.30,3260.103,1774625699999,14822544.03815,8625,1358.719,6177489.95825,0
1774625700000,4545.37,4546.58,4534.06,4536.03,3336.287,1774625999999,15141137.29114,7386,1344.079,6099818.09470,0
1774626000000,4536.03,4536.72,4528.08,4533.21,3586.551,1774626299999,16255121.54731,6708,1856.266,8413312.52624,0
1774626300000,4533.22,4537.41,4526.46,4535.03,3141.827,1774626599999,14237270.54679,6425,1478.422,6700236.93756,0
1774626600000,4535.05,4536.71,4526.03,4527.78,2492.985,1774626899999,11296739.91229,5250,1005.575,4557067.54964,0
1774626900000,4527.78,4530.16,4522.23,4524.94,2522.326,1774627199999,11415145.61843,5578,1053.428,4767226.21089,0
1774627200000,4524.97,4532.33,4519.01,4531.74,3565.149,1774627499999,16132682.75980,6666,1953.130,8840189.14532,0
1774627500000,4531.75,4533.46,4527.00,4530.71,1523.119,1774627799999,6899931.91278,4228,743.391,3367849.66701,0
1774627800000,4530.71,4533.20,4524.00,4528.57,1200.390,1774628099999,5436633.74736,3588,711.138,3220894.92486,0
1774628100000,4528.57,4533.00,4525.25,4529.04,1098.853,1774628399999,4977387.53832,3510,541.014,2450787.66946,0
1774628400000,4529.03,4534.00,4528.37,4531.02,845.158,1774628699999,3830091.03782,2984,377.411,1710273.54850,0
1774628700000,4531.01,4531.22,4525.44,4527.59,2967.194,1774628999999,13435544.14371,3926,2020.522,9148966.46548,0
1774629000000,4527.49,4527.80,4513.31,4518.93,2762.015,1774629299999,12483509.17664,6512,1306.302,5903765.12799,0
1774629300000,4518.92,4518.93,4511.80,4511.93,1897.780,1774629599999,8567894.48577,5012,781.455,3527834.82833,0
1774629600000,4511.94,4514.04,4506.82,4512.88,2170.202,1774629899999,9788360.97880,5117,1009.841,4554847.62020,0
1774629900000,4512.85,4522.62,4508.76,4521.79,1843.031,1774630199999,8322494.45584,5068,1244.731,5620408.84095,0
1774630200000,4521.80,4522.72,4512.88,4514.13,951.585,1774630499999,4297919.38022,3281,470.445,2124529.46064,0
1774630500000,4514.12,4517.69,4512.62,4516.76,745.190,1774630799999,3364629.41005,2675,262.140,1183593.53348,0
1774630800000,4516.75,4516.75,4507.21,4512.46,1303.150,1774631099999,5879843.49093,3720,633.635,2859074.61146,0
1774631100000,4512.36,4523.00,4509.66,4515.67,1902.720,1774631399999,8591448.85082,5369,915.240,4132173.93137,0
1774631400000,4515.66,4516.44,4511.53,4512.49,713.638,1774631699999,3221489.09320,3161,317.860,1434833.63074,0
1774631700000,4512.49,4512.93,4496.94,4501.01,2972.794,1774631999999,13386484.85846,5816,1209.043,5443893.23915,0
1774632000000,4501.01,4502.56,4495.29,4498.33,1761.410,1774632299999,7923871.42036,3929,681.883,3067898.18668,0
1774632300000,4498.33,4499.15,4487.23,4494.28,3990.613,1774632599999,17924657.64134,5956,1984.614,8913811.88977,0
1774632600000,4494.12,4499.00,4490.36,4498.41,1542.008,1774632899999,6930624.49549,4146,840.583,3777822.69962,0
1774632900000,4498.42,4501.20,4490.08,4492.59,1342.563,1774633199999,6036359.25780,3598,506.881,2279659.30251,0
1774633200000,4492.59,4494.41,4487.40,4491.91,1813.258,1774633499999,8142561.09579,3777,1003.212,4505060.08818,0
1774633500000,4492.01,4498.18,4489.19,4496.53,1968.150,1774633799999,8845010.06586,3615,962.303,4325179.80409,0
1774633800000,4496.52,4500.75,4494.20,4496.26,928.718,1774634099999,4176904.58368,2836,583.657,2624989.36420,0
1774634100000,4496.20,4496.20,4486.67,4487.06,1369.601,1774634399999,6149087.76575,3628,677.629,3042515.82019,0
1774634400000,4487.06,4497.54,4487.06,4494.30,1897.803,1774634699999,8526673.61534,3545,1176.670,5286129.83717,0
1774634700000,4494.40,4497.00,4489.46,4496.03,648.209,1774634999999,2912491.64721,2828,367.699,1652093.54598,0
1774635000000,4496.03,4499.40,4492.09,4498.68,716.680,1774635299999,3221829.39685,2987,378.334,1700982.17031,0
1774635300000,4498.80,4511.61,4498.80,4510.67,2738.554,1774635599999,12341741.08060,6224,1647.349,7423304.60894,0
1774635600000,4510.66,4512.76,4504.28,4505.69,2041.789,1774635899999,9206960.81376,3912,1209.463,5454000.67594,0
1774635900000,4505.69,4511.50,4504.80,4510.50,831.798,1774636199999,3750475.98197,2963,470.922,2123394.75986,0
1774636200000,4510.50,4516.37,4510.24,4515.15,1222.775,1774636499999,5519409.60286,3247,525.700,2372853.12972,0
1774636500000,4515.15,4530.00,4513.79,4519.66,3615.772,1774636799999,16355938.55254,6188,1957.496,8853559.21239,0
1774636800000,4519.67,4528.49,4516.50,4526.90,1826.167,1774637099999,8260554.74014,4263,991.235,4483458.33122,0
1774637100000,4526.81,4527.12,4518.26,4519.73,1036.711,1774637399999,4688670.02301,3292,369.377,1670409.11700,0
1774637400000,4519.70,4521.54,4517.68,4517.80,593.540,1774637699999,2682535.51033,2115,278.176,1257273.48641,0
1774637700000,4517.80,4518.32,4514.75,4517.56,612.869,1774637999999,2767778.74843,2268,329.772,1489270.23168,0
1774638000000,4517.55,4519.65,4509.83,4509.83,895.472,1774638299999,4042183.11113,3072,294.289,1328179.57958,0
1774638300000,4509.80,4512.60,4507.33,4509.40,1405.836,1774638599999,6339404.96911,2930,455.990,2056320.19845,0
1774638600000,4509.41,4514.77,4508.02,4512.30,1516.515,1774638899999,6842224.17341,2755,866.396,3909161.52402,0
1774638900000,4512.24,4522.63,4510.97,4522.32,1376.733,1774639199999,6220028.71121,2807,1039.471,4696278.79292,0
1774639200000,4522.35,4524.51,4520.55,4521.39,917.263,1774639499999,4148482.21789,2464,378.621,1712298.25498,0
1774639500000,4521.40,4521.60,4518.02,4521.60,1101.773,1774639799999,4980103.73517,2131,354.944,1604443.49076,0
1774639800000,4521.60,4525.47,4519.34,4520.85,952.371,1774640099999,4307764.56448,2548,573.759,2595418.74223,0
1774640100000,4520.85,4521.43,4511.52,4512.48,964.235,1774640399999,4354099.97850,2357,464.103,2095577.89654,0
1774640400000,4512.47,4512.92,4502.00,4510.44,1912.882,1774640699999,8622859.59242,3842,1050.116,4733474.31895,0
1774640700000,4510.43,4510.43,4503.48,4509.55,1158.140,1774640999999,5219206.39440,3262,541.087,2438528.67575,0
1774641000000,4509.54,4516.66,4507.11,4516.19,770.219,1774641299999,3474523.20776,2958,528.398,2383416.62907,0
1774641300000,4516.19,4521.77,4512.48,4515.16,1590.916,1774641599999,7186669.97071,3834,686.098,3099276.61885,0
1774641600000,4515.14,4520.99,4513.06,4514.11,947.975,1774641899999,4281018.51982,3320,501.218,2263473.29116,0
1774641900000,4514.10,4514.10,4508.01,4512.55,693.470,1774642199999,3128184.78123,2077,434.935,1961883.92586,0
1774642200000,4512.60,4514.00,4509.91,4512.10,387.583,1774642499999,1748556.18266,1341,246.255,1110925.07158,0
1774642500000,4512.11,4512.17,4506.48,4509.14,378.629,1774642799999,1707461.21358,1464,206.591,931622.34794,0
1774642800000,4509.13,4510.00,4505.87,4507.60,384.207,1774643099999,1731918.66893,1697,238.716,1076046.25406,0
1774643100000,4507.73,4508.89,4505.51,4507.74,283.418,1774643399999,1277337.00652,1411,153.093,689972.70957,0
1774643400000,4507.72,4509.18,4503.44,4506.08,285.352,1774643699999,1285729.23500,1512,151.960,684629.80403,0
1774643700000,4506.07,4509.84,4502.88,4509.36,463.708,1774643999999,2089429.64016,1813,240.290,1082652.16260,0
1774644000000,4509.35,4512.80,4500.13,4506.11,1138.437,1774644299999,5132218.08798,3028,437.897,1974063.72858,0
1774644300000,4506.12,4506.12,4497.33,4498.90,1143.210,1774644599999,5145454.65430,3590,447.903,2015936.90282,0
1774644600000,4498.90,4499.71,4493.13,4497.57,883.485,1774644899999,3972716.43563,2726,532.987,2396542.98073,0
1774644900000,4497.57,4498.67,4493.00,4494.43,707.086,1774645199999,3179171.49791,2810,383.121,1722491.19286,0
1774645200000,4494.42,4497.41,4493.55,4494.73,403.580,1774645499999,1814236.29107,1562,210.674,946960.00879,0
1774645500000,4494.73,4496.91,4493.55,4496.13,216.511,1774645799999,973265.05272,772,100.904,453596.59503,0
1774645800000,4496.14,4496.81,4493.17,4493.88,221.951,1774646099999,997601.05784,1173,91.790,412577.16557,0
1774646100000,4493.88,4494.48,4492.20,4492.57,292.058,1774646399999,1312294.94168,1111,137.756,618965.61589,0
1774646400000,4492.58,4496.01,4492.44,4495.31,177.759,1774646699999,798919.85275,811,93.981,422364.91494,0
1774646700000,4495.30,4496.49,4493.13,4494.32,301.683,1774646999999,1355985.32977,690,135.111,607308.54099,0
1774647000000,4494.31,4498.95,4494.31,4497.46,341.672,1774647299999,1536352.53993,1159,248.995,1119619.14621,0
1774647300000,4497.46,4498.95,4497.37,4497.37,300.082,1774647599999,1349845.02333,1068,175.511,789484.46768,0
1774647600000,4497.38,4500.50,4497.38,4500.50,281.495,1774647899999,1266580.99458,637,207.807,935010.42724,0
1774647900000,4500.49,4501.04,4499.56,4499.69,283.745,1774648199999,1276888.89063,1309,104.552,470518.67061,0
1774648200000,4499.70,4500.39,4496.20,4496.20,151.195,1774648499999,680035.40112,758,41.024,184519.39030,0
1774648500000,4496.20,4498.16,4496.20,4497.70,62.894,1774648799999,282850.11282,397,52.447,235867.55486,0
1774648800000,4497.69,4497.81,4496.51,4497.20,160.082,1774649099999,719917.71557,658,77.385,348019.70133,0
1774649100000,4497.20,4497.63,4496.44,4497.33,232.146,1774649399999,1044003.11157,810,117.845,529968.47128,0
1774649400000,4497.32,4498.26,4496.80,4498.23,144.731,1774649699999,650929.68964,558,85.218,383276.38318,0
1774649700000,4498.23,4498.80,4498.23,4498.57,69.355,1774649999999,311993.16942,316,53.859,242283.99671,0
1774650000000,4498.58,4498.76,4498.57,4498.60,52.540,1774650299999,236358.27018,163,45.835,206195.06040,0
1774650300000,4498.60,4498.61,4496.16,4496.58,188.629,1774650599999,848349.87479,775,108.328,487202.24976,0
1774650600000,4496.57,4497.96,4496.57,4497.96,210.735,1774650899999,947707.63590,519,135.767,610560.41095,0
1774650900000,4497.96,4498.33,4496.64,4497.15,75.773,1774651199999,340779.55619,310,36.599,164596.56363,0
1774651200000,4497.15,4497.73,4497.14,4497.37,73.918,1774651499999,332441.18419,220,58.456,262902.16093,0
1774651500000,4497.36,4498.26,4497.08,4497.11,147.870,1774651799999,665090.85627,337,113.749,511623.13143,0
1774651800000,4497.12,4497.84,4497.09,4497.80,60.583,1774652099999,272465.45441,245,49.498,222611.88841,0
1774652100000,4497.81,4498.92,4497.80,4498.51,140.454,1774652399999,631833.02343,317,124.256,558966.56058,0
1774652400000,4498.51,4498.51,4496.99,4496.99,93.482,1774652699999,420490.66965,384,35.008,157471.05001,0
1774652700000,4496.99,4497.29,4496.28,4496.91,113.610,1774652999999,510882.05132,329,64.778,291292.95108,0
1774653000000,4496.90,4498.20,4496.70,4497.98,120.437,1774653299999,541628.73835,429,91.675,412283.11346,0
1774653300000,4497.99,4498.09,4497.28,4497.28,86.436,1774653599999,388771.76287,242,57.889,260379.70558,0
1774653600000,4497.29,4497.42,4496.76,4497.41,80.684,1774653899999,362857.04938,256,48.307,217249.60766,0
1774653900000,4497.42,4497.42,4497.41,4497.42,57.436,1774654199999,258313.61359,211,37.283,167677.30986,0
1774654200000,4497.41,4497.42,4496.74,4496.74,89.411,1774654499999,402103.84514,307,15.361,69084.26246,0
1774654500000,4496.75,4496.75,4496.43,4496.74,91.304,1774654799999,410562.81591,234,54.598,245508.10705,0
1774654800000,4496.74,4497.44,4496.74,4497.44,80.649,1774655099999,362681.02028,327,53.910,242430.06267,0
1774655100000,4497.44,4498.00,4497.14,4497.14,171.648,1774655399999,771993.91377,682,122.840,552482.54670,0
1774655400000,4497.14,4498.11,4496.64,4497.90,383.191,1774655699999,1723431.71325,1159,309.608,1392492.27087,0
1774655700000,4497.89,4497.90,4496.80,4496.93,186.102,1774655999999,836929.58585,508,114.395,514442.25824,0
1774656000000,4496.93,4497.35,4496.60,4497.34,130.290,1774656299999,585926.15069,452,78.616,353539.76718,0
1774656300000,4497.34,4497.77,4497.34,4497.55,93.375,1774656599999,419974.55178,509,68.412,307697.57411,0
1774656600000,4497.55,4497.68,4496.65,4497.00,138.097,1774656899999,621059.00799,388,47.363,212997.94825,0
1774656900000,4497.01,4497.46,4496.98,4497.05,53.303,1774657199999,239707.88543,301,34.103,153361.94635,0
1774657200000,4497.06,4497.90,4497.05,4497.83,106.800,1774657499999,480332.24156,304,98.171,441521.71871,0
1774657500000,4497.84,4498.55,4497.21,4497.31,353.642,1774657799999,1590655.54502,894,221.268,995264.03747,0
1774657800000,4497.31,4497.58,4497.31,4497.58,99.967,1774658099999,449599.50971,288,65.536,294746.27418,0
1774658100000,4497.58,4497.97,4497.00,4497.83,166.837,1774658399999,750368.71678,320,102.451,460792.42271,0
1774658400000,4497.83,4497.85,4497.53,4497.85,103.067,1774658699999,463571.52561,359,48.182,216708.94178,0
1774658700000,4497.85,4497.85,4496.82,4497.20,147.617,1774658999999,663890.74404,471,38.310,172299.39618,0
1774659000000,4497.20,4497.83,4496.93,4497.44,246.451,1774659299999,1108352.28002,397,186.448,838497.42048,0
1774659300000,4497.43,4497.44,4497.08,4497.09,49.415,1774659599999,222233.87532,179,10.386,46709.54204,0
1774659600000,4497.08,4497.30,4497.08,4497.30,52.803,1774659899999,237462.11769,196,46.775,210353.61445,0
1774659900000,4497.30,4497.31,4496.23,4496.58,173.140,1774660199999,778603.31512,410,65.143,292950.79838,0
1774660200000,4496.59,4496.59,4496.02,4496.03,43.196,1774660499999,194215.89722,198,8.582,38585.61673,0
1774660500000,4496.02,4496.25,4496.02,4496.25,76.256,1774660799999,342851.99965,238,47.322,212763.92423,0
1774660800000,4496.25,4496.25,4495.30,4495.30,190.654,1774661099999,857149.37573,373,45.208,203237.53690,0
1774661100000,4495.30,4495.30,4493.53,4494.44,464.443,1774661399999,2087392.39283,1501,191.715,861636.85653,0
1774661400000,4494.45,4494.87,4493.55,4493.90,511.231,1774661699999,2297528.88105,1440,197.037,885488.55087,0
1774661700000,4493.90,4493.90,4492.88,4492.88,239.067,1774661999999,1074194.54700,636,44.347,199260.26321,0
1774662000000,4492.88,4493.64,4492.88,4493.64,94.938,1774662299999,426578.77062,287,66.261,297727.10661,0
1774662300000,4493.64,4493.64,4492.60,4492.91,159.030,1774662599999,714521.21064,391,50.038,224811.40469,0
1774662600000,4492.90,4493.92,4492.90,4493.92,123.182,1774662899999,553501.81923,320,66.331,298043.07297,0
1774662900000,4493.92,4494.46,4493.80,4493.81,122.382,1774663199999,549993.50193,306,61.760,277555.48176,0
1774663200000,4493.80,4494.18,4493.72,4494.18,84.810,1774663499999,381120.74124,277,49.335,221704.41665,0
1774663500000,4494.18,4495.27,4494.18,4494.35,161.781,1774663799999,727171.95541,430,70.008,314662.75343,0
1774663800000,4494.36,4494.36,4494.17,4494.17,21.537,1774664099999,96792.61204,222,12.998,58415.81712,0
1774664100000,4494.18,4494.18,4493.79,4493.79,106.552,1774664399999,478848.98943,183,18.563,83422.87136,0
1774664400000,4493.79,4493.99,4493.62,4493.99,69.127,1774664699999,310633.46956,197,39.677,178294.61528,0
1774664700000,4494.00,4494.00,4493.85,4493.86,59.423,1774664999999,267042.53856,143,22.029,98995.75112,0
1774665000000,4493.85,4494.22,4493.85,4494.21,54.395,1774665299999,244456.87000,195,38.371,172442.79251,0
1774665300000,4494.22,4494.22,4494.21,4494.21,21.066,1774665599999,94675.06647,104,3.861,17352.18342,0
1774665600000,4494.21,4494.22,4493.80,4493.89,101.868,1774665899999,457785.02628,143,75.122,337585.54867,0
1774665900000,4493.89,4493.89,4493.46,4493.46,50.429,1774666199999,226610.88099,392,12.024,54030.94106,0
1774666200000,4493.46,4494.08,4493.46,4494.08,64.147,1774666499999,288264.56931,145,55.325,248618.16018,0
1774666500000,4494.08,4494.09,4494.07,4494.09,31.274,1774666799999,140547.78849,93,24.325,109318.49606,0
1774666800000,4494.08,4494.84,4494.08,4494.12,122.601,1774667099999,551025.71557,401,77.133,346669.80025,0
1774667100000,4494.13,4494.63,4494.12,4494.63,58.022,1774667399999,260768.53120,202,49.226,221237.74968,0
1774667400000,4494.63,4495.08,4494.50,4494.80,98.335,1774667699999,441987.65667,376,60.306,271054.91847,0
1774667700000,4494.80,4495.04,4494.58,4494.58,37.528,1774667999999,168682.22782,155,11.016,49514.77481,0
1774668000000,4494.58,4494.79,4494.56,4494.79,26.037,1774668299999,117025.22484,112,22.304,100246.99632,0
1774668300000,4494.78,4494.79,4494.62,4494.63,57.204,1774668599999,257118.63582,115,14.560,65444.08800,0
1774668600000,4494.62,4494.63,4494.62,4494.62,26.289,1774668899999,118159.27290,95,20.772,93362.45436,0
1774668900000,4494.63,4495.78,4494.50,4495.78,167.586,1774669199999,753283.12198,336,86.136,387204.72425,0
1774669200000,4495.78,4495.78,4495.77,4495.78,54.209,1774669499999,243711.47806,219,28.213,126839.44114,0
1774669500000,4495.77,4496.73,4495.77,4495.78,139.161,1774669799999,625706.12734,391,74.625,335519.42441,0
1774669800000,4495.77,4495.77,4495.01,4495.08,33.892,1774670099999,152349.30536,160,18.689,84007.77899,0
1774670100000,4495.07,4495.56,4495.07,4495.56,48.358,1774670399999,217383.07648,385,43.451,195325.50307,0
1774670400000,4495.55,4495.56,4494.70,4495.34,121.269,1774670699999,545129.77946,705,50.970,229113.39673,0
1774670700000,4495.35,4495.35,4494.21,4494.25,216.475,1774670999999,972986.72428,852,67.640,304007.22368,0
1774671000000,4494.24,4494.24,4493.34,4493.88,116.154,1774671299999,521963.14581,575,58.968,264976.12525,0
1774671300000,4493.88,4494.71,4493.88,4494.51,184.170,1774671599999,827702.75971,415,126.946,570518.32140,0
1774671600000,4494.51,4494.51,4492.87,4493.70,158.749,1774671899999,713367.52296,465,50.879,228640.97960,0
1774671900000,4493.70,4494.71,4493.70,4494.71,78.867,1774672199999,354443.79168,293,64.104,288095.05986,0
1774672200000,4494.70,4494.94,4494.70,4494.70,27.332,1774672499999,122849.96350,137,18.132,81498.20072,0
1774672500000,4494.71,4495.26,4494.71,4495.04,198.751,1774672799999,893387.69510,307,147.445,662758.16543,0
1774672800000,4495.04,4495.05,4495.04,4495.05,23.754,1774673099999,106775.32187,97,14.171,63699.35355,0
1774673100000,4495.05,4495.05,4495.04,4495.04,23.581,1774673399999,105997.69646,87,15.822,71120.68110,0
1774673400000,4495.04,4495.05,4494.24,4494.24,50.121,1774673699999,225276.89617,258,11.196,50324.74844,0
1774673700000,4494.24,4495.18,4494.00,4495.00,156.361,1774673999999,702804.06062,727,85.262,383226.07729,0
1774674000000,4495.00,4496.01,4494.93,4495.36,200.358,1774674299999,900716.14930,491,166.749,749623.91213,0
1774674300000,4495.36,4496.20,4495.12,4496.19,162.147,1774674599999,728961.15856,805,118.865,534379.45922,0
1774674600000,4496.20,4497.48,4495.98,4497.25,216.819,1774674899999,975007.86186,985,171.977,773350.68148,0
1774674900000,4497.24,4498.14,4496.88,4497.32,367.138,1774675199999,1651255.31712,1307,261.946,1178126.75782,0
1774675200000,4497.32,4499.95,4497.32,4499.95,848.057,1774675499999,3815266.27345,857,804.895,3621067.05598,0
1774675500000,4499.95,4501.00,4498.98,4500.55,994.695,1774675799999,4476328.27661,1106,837.676,3769701.62201,0
1774675800000,4500.55,4501.24,4500.55,4501.24,420.045,1774676099999,1890578.89627,429,380.152,1711020.06423,0
1774676100000,4501.24,4501.24,4500.20,4500.31,141.577,1774676399999,637150.53660,306,73.470,330639.01745,0
1774676400000,4500.30,4500.31,4499.63,4499.87,704.807,1774676699999,3171763.25436,327,44.958,202302.47005,0
1774676700000,4499.88,4501.76,4499.87,4501.75,390.258,1774676999999,1756528.36420,516,310.934,1399459.74206,0
1774677000000,4501.76,4502.90,4501.76,4502.00,312.301,1774677299999,1406046.53514,531,228.960,1030810.34893,0
1774677300000,4502.01,4502.01,4501.33,4501.55,124.610,1774677599999,560960.33132,274,75.718,340865.03651,0
1774677600000,4501.54,4502.01,4501.33,4502.01,154.926,1774677899999,697417.99019,525,116.738,525513.59843,0
1774677900000,4502.00,4503.17,4502.00,4502.11,427.819,1774678199999,1926256.08793,892,336.936,1517042.11407,0
1774678200000,4502.10,4502.23,4501.58,4501.59,111.395,1774678499999,501504.12711,299,35.020,157656.92432,0
1774678500000,4501.58,4501.85,4501.58,4501.63,126.250,1774678799999,568340.47305,305,52.334,235589.07999,0
1774678800000,4501.63,4502.00,4501.19,4501.20,114.731,1774679099999,516481.09465,397,42.794,192649.45795,0
1774679100000,4501.19,4501.33,4500.63,4500.63,111.443,1774679399999,501617.66098,256,63.571,286145.87007,0
1774679400000,4500.63,4500.64,4500.23,4500.24,54.145,1774679699999,243673.93797,204,10.385,46736.48951,0
1774679700000,4500.24,4500.24,4499.88,4499.88,57.519,1774679999999,258838.91617,168,14.034,63153.92221,0
1774680000000,4499.89,4499.89,4499.77,4499.77,226.175,1774680299999,1017743.26893,146,7.320,32938.95346,0
1774680300000,4499.77,4499.78,4499.77,4499.78,20.409,1774680599999,91835.88709,119,8.116,36520.21448,0
1774680600000,4499.77,4499.78,4499.77,4499.77,97.328,1774680899999,437953.76387,120,14.931,67186.21518,0
1774680900000,4499.77,4501.22,4499.77,4500.14,452.974,1774681199999,2038436.95588,381,375.769,1690982.50701,0
1774681200000,4500.13,4500.14,4499.76,4500.10,118.652,1774681499999,533929.93743,279,51.410,231341.18830,0
1774681500000,4500.10,4500.81,4500.09,4500.25,88.755,1774681799999,399416.28729,220,67.285,302794.85362,0
1774681800000,4500.24,4501.05,4500.14,4500.56,150.041,1774682099999,675262.98223,341,100.422,451954.77362,0
1774682100000,4500.57,4500.57,4500.22,4500.22,49.012,1774682399999,220576.54563,157,19.921,89655.26525,0
1774682400000,4500.19,4500.69,4499.70,4500.43,1168.975,1774682699999,5260328.14011,1657,355.579,1600172.79785,0
1774682700000,4500.43,4500.61,4500.05,4500.32,213.557,1774682999999,961069.80557,1043,143.049,643757.66893,0
1774683000000,4500.33,4500.43,4499.42,4499.42,68.738,1774683299999,309324.33020,523,19.983,89929.82478,0
1774683300000,4499.42,4499.42,4498.33,4498.86,89.052,1774683599999,400633.86768,322,28.094,126386.70033,0
1774683600000,4498.87,4498.87,4498.00,4498.01,111.580,1774683899999,501927.72468,519,10.707,48164.79525,0
1774683900000,4498.01,4498.78,4498.01,4498.77,278.629,1774684199999,1253347.28798,475,177.654,799133.59469,0
1774684200000,4498.78,4498.78,4497.23,4497.23,811.563,1774684499999,3650338.30715,768,141.642,637022.88983,0
1774684500000,4497.24,4497.88,4497.23,4497.64,135.705,1774684799999,610345.83933,334,87.318,392719.44094,0
1774684800000,4497.64,4498.62,4497.49,4498.19,774.240,1774685099999,3482539.64892,813,561.944,2527643.07542,0
1774685100000,4498.20,4498.20,4497.00,4497.17,251.759,1774685399999,1132301.67971,491,17.221,77456.10865,0
1774685400000,4497.18,4498.00,4497.17,4497.99,96.928,1774685699999,435955.48056,268,55.259,248533.67965,0
1774685700000,4498.00,4498.49,4497.99,4498.00,112.383,1774685999999,505516.80897,256,48.450,217931.96599,0
1774686000000,4498.00,4498.20,4495.70,4498.19,393.935,1774686299999,1771530.65048,488,78.868,354706.11207,0
1774686300000,4498.20,4498.63,4498.19,4498.62,80.820,1774686599999,363559.40859,242,52.824,237623.07467,0
1774686600000,4498.63,4499.38,4498.62,4498.91,154.577,1774686899999,695446.82629,361,127.817,575047.53279,0
1774686900000,4498.92,4498.92,4497.85,4497.85,39.841,1774687199999,179226.04987,191,10.165,45730.38498,0
1774687200000,4497.85,4497.94,4497.48,4497.49,73.390,1774687499999,330092.20217,237,47.149,212064.43812,0
1774687500000,4497.48,4497.63,4497.48,4497.63,44.665,1774687799999,200880.45388,73,35.839,161185.69512,0
1774687800000,4497.62,4498.18,4497.62,4498.17,105.391,1774688099999,474036.22763,203,52.407,235723.57223,0
1774688100000,4498.17,4498.18,4496.36,4497.37,231.299,1774688399999,1040221.05690,445,69.201,311210.59126,0
1774688400000,4497.36,4498.31,4497.36,4497.94,240.459,1774688699999,1081519.47804,362,189.380,851771.42116,0
1774688700000,4497.94,4497.94,4497.56,4497.73,186.483,1774688999999,838772.37264,217,48.862,219765.43378,0
1774689000000,4497.74,4498.27,4497.73,4498.15,79.447,1774689299999,357361.66075,233,47.988,215853.02636,0
1774689300000,4498.16,4498.56,4497.96,4498.54,173.908,1774689599999,782274.24859,341,148.391,667497.01170,0
1774689600000,4498.54,4498.54,4497.90,4497.94,110.541,1774689899999,497224.40264,219,14.275,64208.59154,0
1774689900000,4497.95,4498.08,4497.72,4498.07,64.943,1774690199999,292109.69429,224,39.669,178429.01189,0
1774690200000,4498.08,4498.08,4498.07,4498.08,41.267,1774690499999,185622.10624,108,25.155,113149.20240,0
1774690500000,4498.08,4498.18,4498.00,4498.00,89.519,1774690799999,402664.95169,196,59.471,267505.54223,0
1774690800000,4498.01,4498.17,4497.99,4498.00,48.198,1774691099999,216794.77223,168,18.014,81027.02086,0
1774691100000,4498.00,4498.01,4497.99,4497.99,64.837,1774691399999,291636.33314,90,12.890,57979.22255,0
1774691400000,4497.99,4498.00,4497.60,4497.61,77.046,1774691699999,346547.70553,155,34.112,153432.06551,0
1774691700000,4497.61,4497.81,4497.49,4497.66,92.337,1774691999999,415295.50873,224,58.758,264272.35407,0
1774692000000,4497.64,4497.65,4497.40,4497.41,30.716,1774692299999,138142.81088,135,12.817,57643.44678,0
1774692300000,4497.40,4497.41,4497.40,4497.41,13.013,1774692599999,58524.74150,104,7.530,33865.49730,0
1774692600000,4497.40,4497.41,4497.18,4497.28,120.471,1774692899999,541792.60646,374,84.671,380789.16910,0
1774692900000,4497.27,4497.89,4497.27,4497.36,136.284,1774693199999,612956.67478,217,98.339,442286.62020,0
1774693200000,4497.36,4497.61,4497.18,4497.18,77.561,1774693499999,348824.82564,287,29.236,131488.71628,0
1774693500000,4497.18,4497.19,4496.72,4497.10,139.187,1774693799999,625930.92938,664,33.095,148828.82925,0
1774693800000,4497.10,4498.18,4497.09,4497.95,153.446,1774694099999,690141.78289,343,118.155,531415.77984,0
1774694100000,4497.95,4497.96,4497.54,4497.54,62.299,1774694399999,280200.90019,184,16.937,76177.62484,0
1774694400000,4497.52,4497.53,4497.09,4497.53,65.876,1774694699999,296273.55827,263,51.461,231442.69204,0
1774694700000,4497.53,4497.55,4497.29,4497.44,57.167,1774694999999,257107.28095,219,21.137,95061.94010,0
1774695000000,4497.43,4497.60,4497.20,4497.49,85.019,1774695299999,382367.22755,316,39.331,176889.02043,0
1774695300000,4497.49,4497.60,4497.46,4497.60,43.015,1774695599999,193461.72847,280,34.427,154837.15803,0
1774695600000,4497.60,4497.60,4497.58,4497.58,49.715,1774695899999,223597.72300,232,12.732,57263.37859,0
1774695900000,4497.58,4498.14,4497.58,4497.83,110.183,1774696199999,495580.27582,239,98.368,442435.63905,0
1774696200000,4497.82,4498.00,4497.48,4497.50,102.490,1774696499999,460971.67116,309,63.013,283415.62001,0
1774696500000,4497.50,4497.68,4497.46,4497.46,31.026,1774696799999,139540.36057,178,16.750,75333.27802,0
1774696800000,4497.47,4497.66,4497.46,4497.47,25.283,1774697099999,113709.61564,147,12.163,54702.82833,0
1774697100000,4497.46,4497.47,4496.75,4496.75,99.776,1774697399999,448708.14163,308,16.077,72301.06628,0
1774697400000,4496.76,4497.16,4496.59,4497.13,121.555,1774697699999,546608.78530,196,87.840,395002.47025,0
1774697700000,4496.99,4497.29,4496.61,4496.61,131.105,1774697999999,589591.09834,218,87.001,391250.49848,0
1774698000000,4496.61,4497.00,4496.61,4497.00,55.943,1774698299999,251564.75765,192,44.441,199842.86914,0
1774698300000,4497.00,4497.44,4496.99,4497.41,76.278,1774698599999,343032.00339,184,57.499,258582.21493,0
1774698600000,4497.41,4497.41,4497.11,4497.11,26.117,1774698899999,117453.65054,134,8.554,38468.73452,0
1774698900000,4497.12,4497.44,4497.11,4497.21,26.362,1774699199999,118555.87094,134,18.803,84561.11347,0
1774699200000,4497.22,4497.98,4496.75,4497.46,235.556,1774699499999,1059365.23833,439,146.421,658487.98400,0
1774699500000,4497.46,4497.47,4497.01,4497.35,74.467,1774699799999,334900.40405,212,29.462,132499.55047,0
1774699800000,4497.36,4498.64,4497.35,4497.93,282.865,1774700099999,1272309.27233,1026,228.448,1027526.80016,0
1774700100000,4497.93,4498.16,4497.83,4498.16,70.485,1774700399999,317043.33705,492,50.038,225071.46560,0
1774700400000,4498.16,4498.30,4497.52,4497.52,72.823,1774700699999,327564.09710,235,31.366,141089.03883,0
1774700700000,4497.52,4497.53,4497.29,4497.30,54.843,1774700999999,246650.28189,122,11.126,50037.30127,0
1774701000000,4497.30,4498.31,4497.12,4498.05,162.818,1774701299999,732306.78708,333,79.627,358138.71237,0
1774701300000,4498.05,4498.07,4497.59,4498.06,92.242,1774701599999,414892.01929,183,31.807,143060.55380,0
1774701600000,4498.06,4498.50,4497.71,4497.75,69.454,1774701899999,312412.52654,290,35.731,160725.61801,0
1774701900000,4497.75,4498.57,4497.74,4498.27,144.028,1774702199999,647873.75613,307,90.850,408670.35283,0
1774702200000,4498.28,4498.28,4498.00,4498.00,35.988,1774702499999,161883.07257,125,13.274,59710.16872,0
1774702500000,4498.01,4498.92,4498.01,4498.57,100.076,1774702799999,450189.33839,398,66.110,297392.20335,0
1774702800000,4498.57,4498.86,4497.90,4497.90,69.860,1774703099999,314266.92759,335,29.028,130587.92287,0
1774703100000,4497.91,4497.91,4497.33,4497.33,145.011,1774703399999,652200.00655,181,36.303,163276.04739,0
1774703400000,4497.33,4498.17,4497.33,4497.97,37.572,1774703699999,168997.47412,285,26.638,119815.81694,0
1774703700000,4497.97,4498.11,4497.96,4498.11,45.204,1774703999999,203331.62097,106,29.313,131852.62495,0
1774704000000,4498.10,4498.11,4497.87,4497.87,24.504,1774704299999,110218.09878,137,8.621,38776.42222,0
1774704300000,4497.87,4497.88,4497.35,4497.54,40.163,1774704599999,180631.20914,264,8.571,38547.78679,0
1774704600000,4497.54,4498.20,4497.54,4498.07,130.928,1774704899999,588884.06300,399,60.907,273949.05578,0
1774704900000,4498.07,4498.07,4497.35,4497.87,98.344,1774705199999,442322.73602,269,54.419,244764.71014,0
1774705200000,4497.87,4500.00,4497.87,4498.35,431.964,1774705499999,1943321.01302,1225,266.475,1198812.77648,0
1774705500000,4498.36,4498.36,4497.88,4498.12,258.332,1774705799999,1161986.33138,654,57.494,258606.72188,0
1774705800000,4498.11,4498.11,4497.65,4497.95,109.905,1774706099999,494340.88022,327,75.182,338161.21110,0
1774706100000,4497.95,4497.96,4497.55,4497.56,117.145,1774706399999,526876.12892,196,37.233,167461.37810,0
1774706400000,4497.56,4498.50,4497.55,4498.31,79.354,1774706699999,356936.92912,233,50.032,225040.53889,0
1774706700000,4498.31,4498.31,4497.99,4498.00,96.421,1774706999999,433704.32954,158,21.679,97512.55775,0
1774707000000,4498.00,4498.07,4497.55,4497.65,113.722,1774707299999,511503.16775,232,39.574,177998.51628,0
1774707300000,4497.65,4497.75,4497.51,4497.75,76.841,1774707599999,345598.09216,156,40.522,182249.79559,0
1774707600000,4497.75,4497.75,4497.72,4497.72,51.886,1774707899999,233369.25847,177,22.983,103371.44052,0
1774707900000,4497.73,4497.87,4497.72,4497.86,95.950,1774708199999,431557.90564,137,82.476,370955.48608,0
1774708200000,4497.87,4497.87,4497.60,4497.60,69.313,1774708499999,311748.52143,306,27.413,123294.67801,0
1774708500000,4497.60,4497.61,4497.60,4497.60,5.537,1774708799999,24903.24672,79,3.552,15975.51072,0
1774708800000,4497.60,4497.71,4497.25,4497.71,220.847,1774709099999,993253.58481,394,30.611,137670.12764,0
1774709100000,4497.71,4497.71,4497.59,4497.59,24.185,1774709399999,108776.71541,96,10.426,46893.11808,0
1774709400000,4497.59,4497.90,4497.50,4497.72,188.650,1774709699999,848486.81829,336,142.749,642036.65482,0
1774709700000,4497.72,4497.73,4497.50,4497.50,38.197,1774709999999,171791.39525,120,4.522,20337.74154,0
1774710000000,4497.51,4497.52,4497.50,4497.50,95.137,1774710299999,427879.15545,245,15.812,71114.63822,0
1774710300000,4497.51,4497.75,4497.50,4497.74,44.767,1774710599999,201341.44942,150,33.430,150352.94032,0
1774710600000,4497.75,4497.90,4497.74,4497.90,25.589,1774710899999,115095.67769,118,6.445,28988.30673,0
1774710900000,4497.89,4497.98,4497.57,4497.57,197.496,1774711199999,888293.16144,473,80.223,360831.18522,0
1774711200000,4497.57,4498.52,4496.96,4497.01,572.585,1774711499999,2575184.91590,1534,297.937,1340002.65836,0
1774711500000,4497.00,4497.01,4496.00,4496.39,316.910,1774711799999,1424974.79398,691,94.436,424610.85832,0
1774711800000,4496.38,4496.85,4496.05,4496.64,378.242,1774712099999,1700729.17159,734,214.991,966677.65237,0
1774712100000,4496.64,4496.95,4496.17,4496.83,165.672,1774712399999,744980.28738,493,97.366,437826.21556,0
1774712400000,4496.83,4497.15,4496.63,4496.64,116.940,1774712699999,525847.79638,345,33.649,151308.92760,0
1774712700000,4496.63,4497.22,4496.63,4496.79,182.333,1774712999999,819952.83786,486,90.511,407025.04080,0
1774713000000,4496.80,4496.80,4496.70,4496.71,32.183,1774713299999,144717.83366,112,9.896,44499.47087,0
1774713300000,4496.70,4497.37,4496.41,4497.12,214.977,1774713599999,966740.29127,367,117.989,530596.55027,0
1774713600000,4497.11,4497.69,4496.85,4497.68,121.496,1774713899999,546373.57632,277,33.520,150744.86010,0
1774713900000,4497.69,4498.00,4497.04,4497.42,174.669,1774714199999,785606.19938,326,92.117,414308.58185,0
1774714200000,4497.43,4497.79,4497.42,4497.79,23.618,1774714499999,106225.07951,126,20.678,93001.61459,0
1774714500000,4497.79,4497.79,4497.78,4497.79,53.818,1774714799999,242061.84990,136,32.586,146564.98494,0
1774714800000,4497.79,4497.79,4497.78,4497.78,21.420,1774715099999,96342.62307,132,17.547,78922.72113,0
1774715100000,4497.79,4497.79,4497.42,4497.51,107.690,1774715399999,484351.74038,270,27.941,125668.00473,0
1774715400000,4497.51,4497.70,4497.50,4497.70,47.774,1774715699999,214865.43952,171,40.582,182519.38228,0
1774715700000,4497.70,4497.88,4497.70,4497.71,92.678,1774715999999,416850.69805,235,38.267,172118.18518,0
1774716000000,4497.71,4497.72,4497.71,4497.72,44.485,1774716299999,200080.86024,189,23.089,103847.85708,0
1774716300000,4497.72,4497.77,4497.71,4497.76,47.791,1774716599999,214951.71388,168,26.635,119797.44212,0
1774716600000,4497.76,4497.77,4497.56,4497.61,97.719,1774716899999,439503.54624,305,73.831,332061.87579,0
1774716900000,4497.61,4497.61,4497.11,4497.50,123.040,1774717199999,553365.78253,210,29.697,133559.31664,0
1774717200000,4497.49,4498.30,4497.46,4498.30,151.529,1774717499999,681549.25776,334,115.560,519765.19726,0
1774717500000,4498.29,4498.30,4498.29,4498.30,48.338,1774717799999,217438.75892,224,41.690,187534.12700,0
1774717800000,4498.30,4498.30,4498.29,4498.29,8.621,1774718099999,38779.81997,65,6.188,27835.48040,0
1774718100000,4498.30,4498.30,4498.29,4498.29,30.908,1774718399999,139033.40963,94,26.231,117994.90730,0
1774718400000,4498.30,4498.30,4498.29,4498.29,28.405,1774718699999,127774.18714,198,25.969,116816.35270,0
1774718700000,4498.29,4498.30,4497.82,4497.83,39.654,1774718999999,178368.38387,119,11.902,53533.84437,0
1774719000000,4497.83,4498.05,4497.37,4497.99,171.473,1774719299999,771220.14836,287,22.543,101389.22430,0
1774719300000,4498.00,4498.00,4497.99,4497.99,12.671,1774719599999,56994.07321,70,4.192,18855.61600,0
1774719600000,4498.00,4498.00,4497.72,4497.73,38.170,1774719899999,171685.75598,93,7.498,33725.71197,0
1774719900000,4497.72,4497.73,4497.33,4497.34,12.625,1774720199999,56782.00471,98,1.739,7821.03012,0
1774720200000,4497.34,4497.34,4497.00,4497.01,35.797,1774720499999,160985.20369,86,4.675,21023.75067,0
1774720500000,4497.00,4497.15,4497.00,4497.15,16.395,1774720799999,73728.83105,95,8.849,39794.40773,0
1774720800000,4497.14,4497.84,4497.14,4497.28,101.997,1774721099999,458726.61002,279,85.374,383964.96146,0
1774721100000,4497.28,4498.24,4497.27,4497.96,111.825,1774721399999,502965.90872,415,101.148,454942.21223,0
1774721400000,4497.95,4497.96,4497.51,4497.52,97.897,1774721699999,440315.90835,597,75.651,340261.59847,0
1774721700000,4497.51,4497.51,4497.21,4497.21,17.443,1774721999999,78447.41984,70,0.619,2783.77918,0
1774722000000,4497.21,4497.42,4497.06,4497.35,42.853,1774722299999,192717.62335,123,13.528,60837.84232,0
1774722300000,4497.35,4497.35,4497.22,4497.22,34.389,1774722599999,154656.52803,113,7.564,34017.04772,0
1774722600000,4497.23,4497.23,4497.00,4497.21,25.799,1774722899999,116021.76639,150,10.143,45614.22516,0
1774722900000,4497.21,4497.45,4497.20,4497.45,10.609,1774723199999,47711.36724,115,8.743,39319.43208,0
1774723200000,4497.44,4497.90,4497.44,4497.90,10.985,1774723499999,49405.37972,93,8.299,37324.53073,0
1774723500000,4497.89,4497.90,4497.05,4497.42,102.281,1774723799999,459988.50227,640,44.981,202290.71284,0
1774723800000,4497.42,4497.60,4497.41,4497.59,42.610,1774724099999,191640.68203,113,26.529,119315.24576,0
1774724100000,4497.59,4497.60,4497.59,4497.59,17.908,1774724399999,80542.95272,64,11.100,49923.36000,0
1774724400000,4497.59,4497.60,4497.31,4497.41,15.943,1774724699999,71704.54243,131,3.117,14018.90384,0
1774724700000,4497.40,4498.05,4497.40,4498.05,10.611,1774724999999,47724.27148,111,6.764,30422.63431,0
1774725000000,4497.80,4497.81,4497.65,4497.66,13.504,1774725299999,60738.15109,82,7.598,34174.30563,0
1774725300000,4497.65,4497.66,4497.40,4497.41,17.850,1774725599999,80281.39016,87,1.533,6894.85338,0
1774725600000,4497.40,4497.40,4497.24,4497.39,21.670,1774725899999,97456.75841,97,12.652,56899.93732,0
1774725900000,4497.38,4497.39,4497.30,4497.30,22.108,1774726199999,99426.35723,58,0.755,3395.46921,0
1774726200000,4497.30,4497.41,4497.30,4497.40,28.021,1774726499999,126019.34271,70,19.477,87594.14921,0
1774726500000,4497.41,4497.41,4497.40,4497.40,22.449,1774726799999,100962.23722,53,10.462,47051.90342,0
1774726800000,4497.41,4497.41,4497.40,4497.41,8.023,1774727099999,36082.68718,52,4.698,21128.83218,0
1774727100000,4497.41,4497.41,4497.40,4497.41,1.044,1774727399999,4695.29283,27,0.723,3251.62743,0
1774727400000,4497.41,4497.41,4497.40,4497.41,22.345,1774727699999,100494.51676,73,11.376,51162.53616,0
1774727700000,4497.40,4497.61,4497.40,4497.61,27.961,1774727999999,125755.72304,141,22.768,102400.11766,0
1774728000000,4497.61,4498.00,4497.60,4497.61,22.489,1774728299999,101151.91798,152,9.874,44411.34778,0
1774728300000,4497.60,4497.90,4497.60,4497.90,59.659,1774728599999,268338.48884,320,56.665,254871.84101,0
1774728600000,4497.90,4498.40,4497.67,4497.78,78.234,1774728899999,351898.23053,167,54.115,243407.04129,0
1774728900000,4497.78,4497.79,4497.78,4497.78,4.814,1774729199999,21652.33275,55,1.983,8919.11757,0
1774729200000,4497.78,4497.78,4497.51,4497.53,9.071,1774729499999,40797.30725,152,7.383,33205.20788,0
1774729500000,4497.53,4497.53,4497.52,4497.52,4.807,1774729799999,21619.60932,27,3.068,13798.42204,0
1774729800000,4497.52,4497.59,4497.52,4497.58,3.391,1774730099999,15251.14720,57,1.993,8963.59840,0
1774730100000,4497.59,4497.59,4497.58,4497.58,2.271,1774730399999,10214.01853,23,1.435,6454.04165,0
1774730400000,4497.59,4497.59,4497.58,4497.59,6.561,1774730699999,29508.68203,27,5.965,26828.12435,0
1774730700000,4497.58,4497.59,4497.58,4497.58,6.469,1774730999999,29094.86226,26,1.724,7753.84516,0
1774731000000,4497.59,4497.59,4497.58,4497.59,2.892,1774731299999,13007.01449,145,1.313,5905.33567,0
1774731300000,4497.58,4497.59,4497.58,4497.59,3.246,1774731599999,14599.16557,35,2.089,9395.46551,0
1774731600000,4497.59,4497.59,4497.00,4497.12,138.600,1774731899999,623318.16216,488,28.592,128581.34950,0
1774731900000,4497.11,4497.41,4497.11,4497.41,56.924,1774732199999,255994.83428,147,51.637,232218.58545,0
1774732200000,4497.40,4497.41,4497.17,4497.18,62.365,1774732499999,280476.43277,130,38.041,171082.36833,0
1774732500000,4497.18,4497.64,4497.17,4497.63,63.723,1774732799999,286583.81355,185,42.427,190804.03467,0
1774732800000,4497.63,4497.64,4497.45,4497.45,28.719,1774733099999,129165.01329,109,10.598,47664.09503,0
1774733100000,4497.45,4497.73,4497.28,4497.49,17.474,1774733399999,78588.20929,99,6.718,30214.01195,0
1774733400000,4497.48,4497.49,4497.48,4497.49,10.328,1774733699999,46450.06202,38,8.858,39838.76642,0
1774733700000,4497.49,4497.74,4497.23,4497.63,80.331,1774733999999,361294.17645,144,36.501,164167.19369,0
1774734000000,4497.63,4498.50,4497.49,4498.14,153.189,1774734299999,689079.60754,264,132.266,594972.24938,0
1774734300000,4498.07,4498.50,4498.07,4498.16,18.390,1774734599999,82722.14877,139,6.677,30035.06961,0
1774734600000,4498.16,4498.17,4498.15,4498.17,12.423,1774734899999,55880.64702,41,2.621,11789.69517,0
1774734900000,4498.16,4498.17,4497.12,4497.12,39.629,1774735199999,178224.87190,195,2.741,12327.89386,0
1774735200000,4497.12,4497.13,4496.92,4496.97,49.489,1774735499999,222551.89203,262,18.093,81363.42715,0
1774735500000,4496.97,4497.42,4496.91,4497.08,180.388,1774735799999,811224.62945,332,84.393,379517.03821,0
1774735800000,4497.08,4497.52,4496.81,4497.28,200.080,1774736099999,899788.39254,368,79.707,358444.91073,0
1774736100000,4497.29,4497.60,4496.66,4496.90,175.266,1774736399999,788173.66089,429,66.688,299891.95914,0
1774736400000,4496.90,4497.07,4496.66,4496.95,77.635,1774736699999,349107.33882,190,33.470,150504.33069,0
1774736700000,4496.96,4497.28,4496.95,4497.13,22.234,1774736999999,99989.76654,111,14.991,67416.12138,0
1774737000000,4497.13,4497.28,4497.13,4497.23,56.266,1774737299999,253041.46057,129,23.293,104753.52529,0
1774737300000,4497.22,4497.23,4496.97,4497.22,25.754,1774737599999,115820.87854,111,16.908,76038.75226,0
1774737600000,4497.22,4497.51,4497.19,4497.20,46.550,1774737899999,209349.22767,239,22.775,102425.28879,0
1774737900000,4497.19,4497.20,4496.77,4496.78,35.549,1774738199999,159863.00143,136,11.800,53066.84310,0
1774738200000,4496.77,4497.02,4496.77,4496.90,125.720,1774738499999,565336.83198,217,58.719,264048.21030,0
1774738500000,4496.89,4496.90,4496.89,4496.89,19.722,1774738799999,88687.68273,49,1.815,8161.87350,0
1774738800000,4496.89,4496.90,4496.89,4496.89,29.384,1774739099999,132136.78696,71,17.120,76986.92800,0
1774739100000,4496.89,4496.92,4496.89,4496.92,52.075,1774739399999,234176.60333,99,11.115,49983.19467,0
1774739400000,4496.92,4497.30,4496.77,4497.01,228.413,1774739699999,1027161.37228,463,120.521,541980.31281,0
1774739700000,4497.01,4497.13,4496.95,4497.05,68.506,1774739999999,308074.89651,276,14.780,66465.95049,0
1774740000000,4497.06,4497.06,4497.05,4497.05,18.001,1774740299999,80951.40866,61,1.161,5221.08666,0
1774740300000,4497.05,4497.73,4497.05,4497.50,88.650,1774740599999,398679.91119,201,50.776,228345.54114,0
1774740600000,4497.51,4497.51,4497.50,4497.50,8.360,1774740899999,37599.11505,51,1.505,6768.75255,0
1774740900000,4497.50,4497.52,4497.50,4497.51,23.008,1774741199999,103478.59813,102,7.603,34194.57123,0
1774741200000,4497.50,4497.51,4497.50,4497.51,10.270,1774741499999,46189.36559,35,4.059,18255.39309,0
1774741500000,4497.50,4497.51,4497.50,4497.51,8.390,1774741799999,37734.08236,41,5.736,25797.71736,0
1774741800000,4497.50,4497.51,4497.50,4497.51,5.163,1774742099999,23220.59950,85,0.700,3148.25700,0
1774742100000,4497.50,4497.90,4497.50,4497.75,63.174,1774742399999,284132.33539,269,26.797,120520.77205,0
1774742400000,4497.76,4497.99,4497.75,4497.77,57.609,1774742699999,259115.24582,189,21.633,97300.83063,0
1774742700000,4497.76,4497.77,4497.66,4497.66,53.573,1774742999999,240957.09915,226,16.126,72530.26274,0
1774743000000,4497.66,4498.08,4497.66,4497.78,196.879,1774743299999,885540.46574,473,146.829,660423.47271,0
1774743300000,4497.79,4497.79,4497.66,4497.75,84.167,1774743599999,378562.68856,489,11.234,50527.61765,0
1774743600000,4497.75,4497.92,4497.47,4497.71,323.201,1774743899999,1453660.16552,761,160.132,720226.02301,0
1774743900000,4497.70,4498.08,4497.60,4497.65,116.317,1774744199999,523169.37308,408,50.879,228843.44620,0
1774744200000,4497.64,4498.08,4497.64,4498.07,102.168,1774744499999,459542.96783,147,94.152,423488.42362,0
1774744500000,4498.08,4498.08,4497.31,4497.59,237.034,1774744799999,1066072.71078,946,94.760,426185.21726,0
1774744800000,4497.59,4497.82,4497.59,4497.61,140.583,1774745099999,632292.32509,349,76.112,342322.95434,0
1774745100000,4497.61,4497.61,4497.44,4497.44,61.786,1774745399999,277885.77604,150,16.936,76171.22952,0
1774745400000,4497.44,4497.45,4497.30,4497.30,197.565,1774745699999,888510.42460,305,1.653,7434.10747,0
1774745700000,4497.30,4497.31,4497.30,4497.30,49.854,1774745999999,224208.54475,333,15.055,67707.00205,0
1774746000000,4497.30,4497.58,4497.30,4497.58,51.868,1774746299999,233268.50960,275,27.741,124762.08095,0
1774746300000,4497.58,4497.71,4497.57,4497.70,34.645,1774746599999,155821.45704,104,32.167,144676.36498,0
1774746600000,4497.71,4497.71,4497.70,4497.70,30.725,1774746899999,138192.08357,86,25.107,112924.00497,0
1774746900000,4497.71,4497.71,4497.60,4497.65,35.578,1774747199999,160018.58023,180,6.978,31384.52437,0
1774747200000,4497.65,4497.89,4497.31,4497.37,269.904,1774747499999,1213923.88442,1258,110.265,495929.69253,0
1774747500000,4497.37,4497.80,4497.37,4497.46,123.950,1774747799999,557487.94929,357,64.676,290892.79087,0
1774747800000,4497.46,4497.67,4497.00,4497.20,485.313,1774748099999,2182588.01823,1741,70.480,316961.96279,0
1774748100000,4497.20,4497.48,4496.66,4497.24,407.749,1774748399999,1833668.45214,1231,135.670,610117.07721,0
1774748400000,4497.25,4497.25,4497.03,4497.03,113.341,1774748699999,509711.75423,321,28.470,128033.12309,0
1774748700000,4497.03,4497.04,4496.75,4496.76,92.302,1774748999999,415067.01032,188,43.033,193509.10683,0
1774749000000,4496.76,4497.19,4496.76,4496.83,118.104,1774749299999,531112.30476,368,52.470,235954.50769,0
1774749300000,4496.83,4497.14,4496.83,4497.09,45.818,1774749599999,206041.37408,137,35.897,161427.57530,0
1774749600000,4497.08,4497.27,4497.04,4497.05,85.861,1774749899999,386131.15032,210,42.011,188927.19066,0
1774749900000,4497.04,4497.05,4496.86,4497.05,28.992,1774750199999,130377.52339,109,9.293,41790.40559,0
1774750200000,4497.04,4497.06,4497.04,4497.06,29.379,1774750499999,132118.85136,78,19.885,89423.91314,0
1774750500000,4497.06,4497.23,4497.04,4497.04,54.723,1774750799999,246093.19880,139,27.459,123484.85769,0
1774750800000,4497.05,4497.34,4497.04,4497.22,51.632,1774751099999,232198.11105,360,45.248,203488.00291,0
1774751100000,4497.22,4497.22,4497.21,4497.21,29.863,1774751399999,134300.36589,82,18.366,82595.94252,0
1774751400000,4497.22,4497.22,4497.21,4497.22,24.001,1774751699999,107937.61401,72,7.680,34538.64960,0
1774751700000,4497.22,4497.25,4497.21,4497.25,36.622,1774751999999,164697.26721,124,31.983,143834.67105,0
1774752000000,4497.25,4497.60,4497.25,4497.48,86.988,1774752299999,391228.22080,217,78.885,354784.35819,0
1774752300000,4497.49,4497.49,4497.48,4497.49,52.353,1774752599999,235456.99015,61,41.971,188764.15279,0
1774752600000,4497.49,4497.49,4497.48,4497.49,23.637,1774752899999,106307.08891,83,15.415,69328.80835,0
1774752900000,4497.49,4497.49,4497.48,4497.48,28.945,1774753199999,130179.68340,82,12.480,56128.67520,0
1774753200000,4497.48,4497.49,4497.44,4497.44,32.785,1774753499999,147449.24311,93,14.240,64043.78240,0
1774753500000,4497.45,4497.46,4497.45,4497.45,10.495,1774753799999,47200.78960,95,9.857,44331.41650,0
1774753800000,4497.46,4497.46,4497.45,4497.45,46.897,1774754099999,210917.22649,53,31.384,141148.28464,0
1774754100000,4497.46,4497.80,4497.45,4497.68,118.456,1774754399999,532770.48085,242,87.730,394574.08652,0
1774754400000,4497.68,4497.68,4497.67,4497.67,5.721,1774754699999,25731.18822,35,1.815,8163.28920,0
1774754700000,4497.67,4497.68,4497.48,4497.65,65.123,1774754999999,292899.54947,129,15.315,68880.56444,0
1774755000000,4497.64,4497.65,4497.40,4497.40,36.787,1774755299999,165449.09198,95,9.363,42110.72031,0
1774755300000,4497.41,4497.65,4497.40,4497.64,27.450,1774755599999,123459.28491,59,11.568,52027.80003,0
1774755600000,4497.65,4497.65,4497.64,4497.65,20.691,1774755899999,93060.80268,49,13.344,60016.64160,0
1774755900000,4497.64,4497.65,4497.31,4497.31,95.328,1774756199999,428733.98101,125,1.448,6512.45629,0
1774756200000,4497.31,4497.32,4497.31,4497.32,40.910,1774756499999,183984.97460,60,2.250,10118.97000,0
1774756500000,4497.32,4497.32,4497.30,4497.30,74.086,1774756799999,333187.59918,73,56.977,256243.23243,0
1774756800000,4497.31,4497.53,4497.30,4497.52,34.493,1774757099999,155126.07682,141,20.960,94263.99257,0
1774757100000,4497.53,4497.53,4497.52,4497.52,11.467,1774757399999,51573.17358,41,11.174,50255.40022,0
1774757400000,4497.53,4497.53,4497.52,4497.53,21.246,1774757699999,95554.50080,38,19.088,85848.85264,0
1774757700000,4497.52,4497.64,4497.52,4497.64,80.486,1774757999999,361989.88142,112,77.820,349999.22569,0
1774758000000,4497.64,4497.64,4497.63,4497.64,36.507,1774758299999,164195.17438,94,19.597,88140.25108,0
1774758300000,4497.64,4497.64,4497.63,4497.63,29.804,1774758599999,134047.50203,91,13.751,61847.04764,0
1774758600000,4497.63,4497.64,4497.63,4497.64,17.797,1774758899999,80044.47580,61,15.469,69573.99316,0
1774758900000,4497.64,4497.64,4497.63,4497.63,5.098,1774759199999,22928.93117,52,1.343,6040.33052,0
1774759200000,4497.64,4497.67,4497.63,4497.66,37.315,1774759499999,167829.65441,195,29.640,133310.31583,0
1774759500000,4497.67,4498.10,4497.66,4497.79,134.368,1774759799999,604381.15744,364,114.143,513408.72431,0
1774759800000,4497.80,4497.80,4497.66,4497.67,29.206,1774760099999,131360.90875,149,8.683,39053.43384,0
1774760100000,4497.67,4497.67,4497.49,4497.49,45.933,1774760399999,206588.90060,217,2.393,10762.86355,0
1774760400000,4497.49,4497.50,4497.49,4497.50,17.080,1774760699999,76817.28159,108,15.239,68537.40250,0
1774760700000,4497.50,4497.74,4497.49,4497.71,17.799,1774760999999,80051.69086,168,13.591,61126.08440,0
1774761000000,4497.72,4497.73,4497.71,4497.73,20.003,1774761299999,89967.89797,56,13.283,59743.22405,0
1774761300000,4497.73,4497.86,4497.64,4497.71,34.225,1774761599999,153936.09769,137,19.692,88570.05102,0
1774761600000,4497.72,4497.85,4497.57,4497.58,12.283,1774761899999,55245.94014,138,7.630,34317.86732,0
1774761900000,4497.59,4497.63,4497.58,4497.63,29.424,1774762199999,132337.20880,110,10.653,47913.02479,0
1774762200000,4497.62,4497.63,4497.53,4497.53,5.239,1774762499999,23562.81906,62,2.170,9759.66369,0
1774762500000,4497.54,4497.74,4497.53,4497.73,7.539,1774762799999,33907.68188,83,4.208,18925.82690,0
1774762800000,4497.73,4497.73,4497.72,4497.72,8.160,1774763099999,36701.41043,64,1.523,6850.04279,0
1774763100000,4497.72,4497.72,4497.44,4497.60,35.385,1774763399999,159145.46699,112,21.492,96660.25053,0
1774763400000,4497.60,4497.75,4497.59,4497.75,31.134,1774763699999,140029.74518,125,23.275,104683.14301,0
1774763700000,4497.75,4497.87,4497.74,4497.87,55.996,1774763999999,251860.70714,135,46.302,208259.43529,0
1774764000000,4497.87,4497.97,4497.86,4497.97,47.341,1774764299999,212934.07601,124,40.769,183374.13959,0
1774764300000,4497.97,4497.97,4497.86,4497.87,21.847,1774764599999,98266.22988,78,8.245,37085.20025,0
1774764600000,4497.87,4497.87,4497.74,4497.82,55.722,1774764899999,250628.23999,177,12.863,57855.24463,0
1774764900000,4497.82,4498.13,4497.82,4497.84,205.787,1774765199999,925607.81728,175,126.584,569362.22914,0
1774765200000,4497.84,4497.84,4497.83,4497.83,14.816,1774765499999,66639.97265,69,12.337,55489.85208,0
1774765500000,4497.83,4497.83,4497.59,4497.69,92.652,1774765799999,416721.46315,150,22.858,102806.67962,0
1774765800000,4497.69,4497.70,4497.69,4497.70,2.831,1774766099999,12732.96907,49,0.868,3904.00360,0
1774766100000,4497.70,4497.70,4497.69,4497.70,25.026,1774766399999,112559.20275,47,1.281,5761.55370,0
1774766400000,4497.69,4497.70,4497.65,4497.65,12.960,1774766699999,58289.84235,67,2.169,9755.44918,0
1774766700000,4497.65,4497.66,4497.65,4497.66,30.906,1774766999999,139004.59740,100,22.650,101871.99900,0
1774767000000,4497.66,4497.66,4497.61,4497.62,24.032,1774767299999,108087.53122,97,7.627,34303.62870,0
1774767300000,4497.62,4497.62,4497.61,4497.61,5.801,1774767599999,26090.66977,42,3.416,15363.86992,0
1774767600000,4497.62,4497.62,4497.51,4497.51,10.821,1774767899999,48668.14673,77,1.474,6629.41829,0
1774767900000,4497.52,4497.52,4497.42,4497.42,16.181,1774768199999,72774.10760,49,0.773,3476.55551,0
1774768200000,4497.43,4497.43,4497.39,4497.40,33.982,1774768499999,152830.61105,50,12.243,55061.67768,0
1774768500000,4497.40,4497.40,4497.39,4497.39,24.763,1774768799999,111368.93120,155,6.263,28167.21620,0
1774768800000,4497.39,4497.40,4497.13,4497.13,132.608,1774769099999,596374.27265,92,9.542,42911.71196,0
1774769100000,4497.14,4497.24,4497.13,4497.24,21.546,1774769399999,96895.68271,110,17.363,78083.84219,0
1774769400000,4497.24,4497.35,4496.81,4497.34,255.761,1774769699999,1150180.64950,281,68.989,310250.48323,0
1774769700000,4497.35,4497.37,4497.34,4497.37,24.004,1774769999999,107954.66970,78,17.250,77579.50074,0
1774770000000,4497.37,4497.40,4497.36,4497.40,28.262,1774770299999,127105.15832,82,23.913,107546.12624,0
1774770300000,4497.40,4497.40,4497.39,4497.40,17.412,1774770599999,78308.60120,63,4.652,20921.90480,0
1774770600000,4497.40,4497.40,4497.35,4497.35,15.225,1774770899999,68472.60562,130,2.274,10227.07341,0
1774770900000,4497.36,4497.36,4497.32,4497.32,23.745,1774771199999,106789.45873,95,3.132,14085.70651,0
1774771200000,4497.33,4497.35,4497.32,4497.35,30.000,1774771499999,134919.83358,169,22.421,100834.64530,0
1774771500000,4497.35,4497.53,4497.34,4497.53,68.586,1774771799999,308465.99088,149,24.650,110863.07161,0
1774771800000,4497.53,4498.13,4497.52,4497.59,300.002,1774772099999,1349381.52978,263,141.177,634991.72186,0
1774772100000,4497.60,4497.82,4497.59,4497.73,9.170,1774772399999,41243.48852,66,8.153,36669.39795,0
1774772400000,4497.74,4497.74,4497.73,4497.73,18.162,1774772699999,81687.92299,60,15.073,67794.43502,0
1774772700000,4497.74,4497.78,4497.73,4497.78,9.914,1774772999999,44590.80576,67,6.142,27625.25092,0
1774773000000,4497.78,4497.78,4497.61,4497.61,52.920,1774773299999,238018.79058,315,6.804,30602.86184,0
1774773300000,4497.61,4497.62,4497.58,4497.60,47.188,1774773599999,212232.63324,330,27.983,125856.30423,0
1774773600000,4497.61,4497.85,4497.61,4497.84,41.868,1774773899999,188313.76040,128,23.352,105031.81567,0
1774773900000,4497.85,4497.85,4497.69,4497.76,65.652,1774774199999,295286.18842,125,32.608,146661.47329,0
1774774200000,4497.76,4497.76,4497.52,4497.52,47.758,1774774499999,214797.77257,115,13.403,60283.47728,0
1774774500000,4497.53,4497.61,4497.53,4497.61,15.167,1774774799999,68215.03906,64,7.469,33592.51426,0
1774774800000,4497.61,4497.61,4497.60,4497.60,22.949,1774775099999,103215.56553,54,14.313,64374.29193,0
1774775100000,4497.61,4497.61,4497.60,4497.60,27.142,1774775399999,122074.02303,99,16.383,73684.34463,0
1774775400000,4497.61,4497.61,4497.52,4497.54,133.082,1774775699999,598546.54363,104,16.479,74115.25193,0
1774775700000,4497.54,4497.55,4497.54,4497.55,14.413,1774775999999,64823.07418,59,3.016,13564.61080,0
1774776000000,4497.54,4497.61,4497.54,4497.60,46.715,1774776299999,210103.54565,109,34.041,153101.36453,0
1774776300000,4497.61,4497.61,4497.60,4497.60,40.712,1774776599999,183106.55179,81,26.059,117203.21899,0
1774776600000,4497.61,4497.61,4497.52,4497.52,73.187,1774776899999,329163.96838,150,25.326,113905.10342,0
1774776900000,4497.52,4497.53,4496.78,4496.94,410.524,1774777199999,1846167.68588,1132,60.007,269842.28168,0
1774777200000,4496.93,4497.84,4496.93,4497.84,149.282,1774777499999,671382.03231,380,128.028,575801.07146,0
1774777500000,4497.84,4497.84,4497.02,4497.36,245.110,1774777799999,1102366.47874,371,118.946,534925.25667,0
1774777800000,4497.36,4497.81,4497.35,4497.58,150.753,1774778099999,678020.16424,354,129.254,581325.89381,0
1774778100000,4497.58,4498.00,4497.04,4497.13,192.108,1774778399999,863988.02632,466,59.144,265992.76446,0
1774778400000,4497.14,4497.69,4496.83,4497.68,168.282,1774778699999,756801.40189,469,129.314,581558.72555,0
1774778700000,4497.69,4497.75,4496.85,4497.02,185.726,1774778999999,835264.21841,357,47.706,214552.30541,0
1774779000000,4497.03,4497.03,4496.60,4496.60,147.509,1774779299999,663305.43490,294,34.473,155013.81681,0
1774779300000,4496.61,4497.00,4496.61,4496.82,102.591,1774779599999,461334.11470,370,69.315,311696.48005,0
1774779600000,4496.82,4497.58,4496.82,4497.47,299.328,1774779899999,1346171.85941,461,226.332,1017878.43249,0
1774779900000,4497.47,4497.50,4497.23,4497.30,174.959,1774780199999,786861.56607,235,45.054,202621.94696,0
1774780200000,4497.31,4497.31,4497.30,4497.30,30.017,1774780499999,134995.63650,89,18.240,82030.93440,0
1774780500000,4497.30,4497.61,4497.30,4497.60,74.260,1774780799999,333984.46330,546,66.319,298269.93306,0
1774780800000,4497.60,4497.61,4497.14,4497.37,57.576,1774781099999,258942.56941,199,11.754,52861.41133,0
1774781100000,4497.36,4497.37,4497.36,4497.36,19.881,1774781399999,89412.10271,77,8.855,39824.21135,0
1774781400000,4497.37,4497.37,4497.30,4497.30,30.027,1774781699999,135042.15571,107,2.172,9768.28764,0
1774781700000,4497.31,4497.31,4497.09,4497.09,22.594,1774781999999,101608.24296,107,2.268,10199.70016,0
1774782000000,4497.10,4497.10,4497.00,4497.00,66.535,1774782299999,299209.28987,211,32.583,146526.87639,0
1774782300000,4497.00,4497.51,4497.00,4497.25,201.076,1774782599999,904297.56521,356,128.177,576440.45888,0
1774782600000,4497.25,4497.25,4496.78,4497.15,180.404,1774782899999,811253.42950,296,126.013,566662.64873,0
1774782900000,4497.15,4497.15,4497.02,4497.02,37.504,1774783199999,168657.67550,112,26.657,119877.76935,0
1774783200000,4497.03,4497.14,4497.02,4497.13,37.994,1774783499999,170860.51874,93,35.506,159671.86720,0
1774783500000,4497.14,4497.14,4497.02,4497.03,24.265,1774783799999,109122.82151,89,8.081,36341.32674,0
1774783800000,4497.03,4497.03,4497.02,4497.02,4.010,1774784099999,18033.08481,41,3.461,15564.22083,0
1774784100000,4497.03,4497.33,4497.02,4497.33,35.220,1774784399999,158385.85632,147,21.219,95423.00169,0
1774784400000,4497.33,4497.58,4497.29,4497.57,55.902,1774784699999,251411.10302,222,33.540,150841.58524,0
1774784700000,4497.58,4497.61,4497.57,4497.60,29.840,1774784999999,134207.99230,199,20.514,92263.61143,0
1774785000000,4497.61,4497.99,4497.60,4497.98,118.237,1774785299999,531791.08850,525,113.130,508821.54431,0
1774785300000,4497.99,4498.28,4497.97,4498.27,244.182,1774785599999,1098351.87341,684,175.047,787374.26389,0
1774785600000,4498.28,4498.70,4498.27,4498.70,100.591,1774785899999,452500.14842,249,81.232,365417.48643,0
1774785900000,4498.70,4499.39,4498.63,4498.63,307.420,1774786199999,1383025.84558,348,215.359,968871.84618,0
1774786200000,4498.64,4499.12,4498.63,4499.11,73.616,1774786499999,331197.31936,180,32.263,145149.37655,0
1774786500000,4499.11,4499.22,4499.10,4499.22,105.231,1774786799999,473452.22223,170,77.263,347620.76096,0
1774786800000,4499.22,4499.44,4499.21,4499.44,119.625,1774787099999,538244.80881,196,78.464,353043.77124,0
1774787100000,4499.44,4499.70,4499.43,4499.70,109.233,1774787399999,491499.53360,268,71.050,319692.33227,0
1774787400000,4499.70,4501.28,4499.47,4501.28,483.769,1774787699999,2177063.81215,866,339.707,1528774.71186,0
1774787700000,4501.28,4502.78,4501.27,4502.77,812.574,1774787999999,3658244.05288,1880,584.218,2630176.27226,0
1774788000000,4502.77,4504.99,4502.76,4503.90,1020.611,1774788299999,4596737.98114,1742,780.284,3514194.31277,0
1774788300000,4503.90,4504.08,4503.00,4503.89,273.937,1774788599999,1233651.91724,624,210.568,948275.36539,0
1774788600000,4503.89,4505.63,4503.89,4505.36,517.189,1774788899999,2329893.12366,1162,451.218,2032672.25111,0
1774788900000,4505.36,4509.57,4505.35,4509.57,825.561,1774789199999,3721665.17053,1403,665.870,3001677.72289,0
1774789200000,4509.57,4510.50,4508.00,4509.55,673.532,1774789499999,3037216.54951,1421,436.248,1967215.95634,0
1774789500000,4509.55,4509.55,4503.72,4504.80,691.682,1774789799999,3116448.84719,1454,170.394,767679.82864,0
1774789800000,4504.80,4504.85,4503.10,4504.84,384.862,1774790099999,1733296.33038,863,188.435,848624.41439,0
1774790100000,4504.85,4506.48,4504.84,4505.22,413.667,1774790399999,1863791.18428,1258,241.713,1088999.84600,0
1774790400000,4505.22,4507.12,4504.50,4506.68,266.646,1774790699999,1201432.09856,857,159.796,719982.80123,0
1774790700000,4506.68,4507.00,4505.00,4505.34,272.844,1774790999999,1229487.77335,1091,108.887,490691.78770,0
1774791000000,4505.34,4506.32,4503.60,4503.82,265.149,1774791299999,1194466.24482,677,89.798,404547.44683,0
1774791300000,4503.82,4505.21,4503.60,4504.95,155.576,1774791599999,700743.01366,435,68.952,310588.89195,0
1774791600000,4504.95,4504.95,4503.59,4503.82,122.753,1774791899999,552908.28336,354,43.325,195139.25198,0
1774791900000,4503.83,4505.12,4503.82,4504.98,107.876,1774792199999,485922.07674,262,85.612,385621.64791,0
1774792200000,4504.98,4504.99,4503.15,4503.36,130.170,1774792499999,586201.98052,346,28.532,128485.80605,0
1774792500000,4503.35,4503.55,4502.41,4502.80,314.478,1774792799999,1416094.93724,458,48.635,218995.04558,0
1774792800000,4502.80,4505.64,4502.58,4505.11,546.133,1774793099999,2459790.47924,1917,412.379,1857374.61773,0
1774793100000,4505.11,4505.11,4503.49,4503.72,104.081,1774793399999,468807.47509,262,46.140,207807.65580,0
1774793400000,4503.73,4505.79,4503.72,4504.47,206.435,1774793699999,929994.82225,434,133.939,603375.52230,0
1774793700000,4504.48,4504.48,4503.01,4503.32,145.941,1774793999999,657282.47658,350,24.793,111653.07232,0
1774794000000,4503.32,4503.32,4503.00,4503.00,66.452,1774794299999,299236.77266,148,27.988,126031.28635,0
1774794300000,4503.00,4503.01,4502.11,4502.11,197.904,1774794599999,891142.34749,180,12.557,56544.21416,0
1774794600000,4502.12,4502.12,4501.71,4501.90,98.104,1774794899999,441648.32611,252,62.881,283076.96395,0
1774794900000,4501.91,4503.00,4501.50,4501.51,284.968,1774795199999,1282990.41556,430,74.324,334620.46107,0
1774795200000,4501.51,4501.72,4501.00,4501.35,158.617,1774795499999,713968.00747,358,124.681,561208.08281,0
1774795500000,4501.35,4501.93,4501.15,4501.69,188.736,1774795799999,849585.42926,360,154.388,694961.74272,0
1774795800000,4501.70,4503.23,4501.69,4502.44,200.045,1774796099999,900698.59082,635,167.270,753127.09737,0
1774796100000,4502.45,4503.19,4502.45,4503.18,77.496,1774796399999,348951.26692,249,67.250,302814.02008,0
1774796400000,4503.19,4503.19,4501.97,4502.15,84.467,1774796699999,380324.35189,363,42.344,190660.01870,0
1774796700000,4502.15,4502.15,4501.68,4501.69,34.966,1774796999999,157418.65167,174,8.721,39262.72504,0
1774797000000,4501.69,4502.92,4501.43,4502.91,151.834,1774797299999,683621.21536,679,106.318,478686.71034,0
1774797300000,4502.91,4504.77,4502.91,4504.20,372.948,1774797599999,1679675.31456,1394,317.432,1429634.41009,0
1774797600000,4504.20,4504.29,4503.60,4504.01,110.164,1774797899999,496187.92336,612,58.395,263014.00566,0
1774797900000,4504.01,4504.01,4503.01,4503.15,163.653,1774798199999,736987.81153,656,87.704,394960.46762,0
1774798200000,4503.15,4503.72,4503.09,4503.72,143.599,1774798499999,646667.89261,438,91.545,412256.48952,0
1774798500000,4503.72,4503.86,4503.30,4503.30,79.902,1774798799999,359861.00225,282,38.864,175035.13666,0
1774798800000,4503.31,4503.92,4503.30,4503.78,103.725,1774799099999,467141.31747,316,62.843,283017.06685,0
1774799100000,4503.77,4503.78,4503.72,4503.72,74.981,1774799399999,337694.29779,209,30.820,138805.35205,0
1774799400000,4503.73,4503.73,4503.20,4503.20,164.174,1774799699999,739340.57806,908,43.761,197073.53157,0
1774799700000,4503.20,4503.80,4502.00,4502.55,1020.881,1774799999999,4596695.35822,1533,442.590,1992834.97481,0
1774800000000,4502.55,4506.50,4502.55,4505.68,984.168,1774800299999,4433800.31209,1414,680.722,3066625.85254,0
1774800300000,4505.69,4507.69,4505.56,4507.67,344.852,1774800599999,1554135.31221,938,264.458,1191808.43768,0
1774800600000,4507.67,4508.34,4506.50,4506.50,334.167,1774800899999,1506315.58890,973,223.502,1007508.70992,0
1774800900000,4506.50,4507.80,4506.50,4507.42,211.229,1774801199999,952042.03435,712,149.376,673249.38777,0
1774801200000,4507.43,4507.43,4506.34,4506.59,134.860,1774801499999,607790.99846,623,41.483,186952.95243,0
1774801500000,4506.59,4506.76,4506.00,4506.42,247.950,1774801799999,1117389.11293,612,79.223,357012.38484,0
1774801800000,4506.42,4507.43,4506.10,4506.34,224.778,1774802099999,1013028.66734,482,147.182,663305.12787,0
1774802100000,4506.34,4506.52,4505.49,4505.50,79.171,1774802399999,356745.62144,301,29.077,131017.19377,0
1774802400000,4505.50,4506.13,4505.49,4505.54,120.089,1774802699999,541101.34845,537,40.614,182997.41553,0
1774802700000,4505.53,4506.02,4505.48,4505.99,291.137,1774802999999,1311805.53453,490,164.503,741201.52339,0
1774803000000,4506.00,4506.00,4505.86,4505.99,75.761,1774803299999,341375.69726,365,48.580,218899.54153,0
1774803300000,4505.99,4506.02,4505.55,4505.56,147.261,1774803599999,663533.53746,399,39.483,177899.99845,0
1774803600000,4505.56,4506.45,4505.55,4506.39,90.289,1774803899999,406838.60448,361,54.570,245883.70427,0
1774803900000,4506.39,4506.39,4505.73,4505.73,107.227,1774804199999,483167.04465,363,28.177,126964.97661,0
1774804200000,4505.73,4506.01,4505.70,4505.91,103.383,1774804499999,465826.52453,512,58.235,262394.05189,0
1774804500000,4505.90,4506.00,4505.73,4505.99,98.883,1774804799999,445554.73863,464,65.216,293854.91297,0
1774804800000,4505.99,4506.00,4505.18,4505.81,271.021,1774805099999,1221112.10512,659,103.404,465895.90620,0
1774805100000,4505.81,4506.02,4505.28,4505.57,209.327,1774805399999,943192.39991,628,115.323,519614.60913,0
1774805400000,4505.56,4506.00,4505.42,4505.43,82.358,1774805699999,371082.66122,472,46.069,207574.21288,0
1774805700000,4505.43,4505.61,4505.42,4505.56,109.334,1774805999999,492606.92824,505,52.176,235079.23324,0
1774806000000,4505.56,4506.02,4505.55,4505.94,127.411,1774806299999,574108.97140,359,65.373,294566.79938,0
1774806300000,4505.94,4506.14,4505.92,4506.00,85.368,1774806599999,384670.70647,287,57.251,257972.84621,0
1774806600000,4506.00,4506.20,4505.97,4506.06,73.144,1774806899999,329589.41688,222,53.382,240540.14911,0
1774806900000,4506.05,4506.06,4505.83,4506.00,38.072,1774807199999,171551.95935,197,12.182,54891.19844,0
1774807200000,4505.99,4506.00,4505.98,4506.00,45.131,1774807499999,203359.93719,205,26.263,118340.92458,0
1774807500000,4505.99,4506.05,4505.67,4506.05,108.130,1774807799999,487219.54814,368,37.627,169539.80281,0
1774807800000,4506.04,4506.35,4505.90,4506.35,116.515,1774808099999,525029.59839,345,97.518,439424.46734,0
1774808100000,4506.35,4506.36,4505.96,4506.30,48.895,1774808399999,220334.19902,214,18.320,82554.20837,0
1774808400000,4506.30,4506.30,4505.86,4505.90,37.243,1774808699999,167820.36719,413,15.544,70041.25547,0
1774808700000,4505.91,4506.92,4505.90,4506.66,114.604,1774808999999,516471.52705,319,88.223,397582.69609,0
1774809000000,4506.65,4506.80,4506.44,4506.80,38.814,1774809299999,174921.52644,404,18.594,83795.71157,0
1774809300000,4506.80,4507.80,4506.79,4507.80,165.948,1774809599999,747965.42372,280,160.150,721834.90632,0
1774809600000,4507.80,4507.80,4506.90,4507.19,135.765,1774809899999,611943.74007,625,84.284,379896.67099,0
1774809900000,4507.19,4507.20,4507.00,4507.01,82.698,1774810199999,372724.98749,306,39.169,176536.39446,0
1774810200000,4507.00,4507.00,4506.71,4506.87,71.704,1774810499999,323158.19059,287,48.709,219521.67727,0
1774810500000,4506.86,4507.28,4506.86,4507.28,108.620,1774810799999,489559.67677,318,90.329,407119.69963,0
1774810800000,4507.28,4507.80,4507.27,4507.80,78.260,1774811099999,352752.54964,359,63.110,284462.71673,0
1774811100000,4507.80,4507.99,4506.60,4506.85,99.465,1774811399999,448322.66729,520,45.958,207149.11871,0
1774811400000,4506.85,4506.98,4506.65,4506.69,66.903,1774811699999,301516.72796,310,13.226,59606.54997,0
1774811700000,4506.69,4506.69,4506.25,4506.25,50.354,1774811999999,226921.49762,212,6.184,27868.61277,0
1774812000000,4506.25,4506.26,4505.87,4506.00,81.205,1774812299999,365918.39759,324,34.531,155596.87690,0
1774812300000,4506.00,4506.21,4505.55,4506.20,123.817,1774812599999,557905.05718,491,43.750,197130.40936,0
1774812600000,4506.21,4506.56,4506.20,4506.32,91.087,1774812899999,410468.02224,308,47.838,215572.84798,0
1774812900000,4506.31,4506.32,4506.05,4506.05,41.432,1774813199999,186699.67451,193,4.097,18461.74589,0
1774813200000,4506.06,4506.18,4505.62,4506.16,113.330,1774813499999,510658.69459,489,52.264,235494.21662,0
1774813500000,4506.16,4506.17,4505.47,4505.66,121.408,1774813799999,547060.99493,449,65.891,296900.73632,0
1774813800000,4505.66,4505.97,4505.65,4505.97,76.764,1774814099999,345883.78818,380,54.578,245917.53413,0
1774814100000,4505.97,4506.10,4504.21,4504.59,313.916,1774814399999,1414304.68282,564,69.480,313031.05196,0
1774814400000,4504.59,4511.85,4504.42,4510.66,1212.233,1774814699999,5465937.73750,2056,847.065,3819091.02120,0
1774814700000,4510.65,4510.99,4508.88,4509.20,229.306,1774814999999,1034161.22158,636,111.663,503610.09557,0
1774815000000,4509.20,4509.83,4509.20,4509.55,72.664,1774815299999,327684.28202,434,34.784,156857.32749,0
1774815300000,4509.56,4510.84,4509.55,4510.43,145.105,1774815599999,654434.45319,468,115.095,519085.33075,0
1774815600000,4510.43,4510.90,4510.21,4510.21,107.101,1774815899999,483094.39921,385,38.813,175075.30682,0
1774815900000,4510.22,4510.23,4509.55,4509.89,122.458,1774816199999,552265.03710,350,56.250,253676.00106,0
1774816200000,4509.89,4510.99,4509.89,4510.99,56.998,1774816499999,257089.45004,257,53.295,240387.72329,0
1774816500000,4510.99,4510.99,4506.20,4507.03,537.117,1774816799999,2421577.92539,570,25.874,116662.75895,0
1774816800000,4507.03,4508.47,4507.02,4508.41,246.692,1774817099999,1112023.23028,669,183.914,829018.89820,0
1774817100000,4508.41,4511.00,4508.00,4509.27,493.566,1774817399999,2225766.83829,1114,316.567,1427587.03053,0
1774817400000,4509.26,4509.57,4508.86,4508.90,100.326,1774817699999,452378.06963,422,76.522,345041.64854,0
1774817700000,4508.90,4509.06,4507.31,4508.34,156.618,1774817999999,706094.58750,720,78.569,354216.17806,0
1774818000000,4508.33,4510.23,4508.33,4509.42,198.631,1774818299999,895687.16769,594,154.583,697053.03422,0
1774818300000,4509.43,4509.75,4509.04,4509.22,210.179,1774818599999,947786.88929,645,122.104,550616.97396,0
1774818600000,4509.22,4510.12,4508.93,4509.50,202.064,1774818899999,911206.93645,789,137.697,620936.39481,0
1774818900000,4509.46,4510.23,4509.39,4509.70,270.778,1774819199999,1221137.63547,1263,136.359,614941.38318,0
1774819200000,4509.70,4511.00,4509.68,4510.68,152.806,1774819499999,689235.60968,622,129.659,584828.48607,0
1774819500000,4510.68,4513.97,4510.36,4513.10,591.143,1774819799999,2667324.92765,1739,458.264,2067770.02358,0
1774819800000,4513.16,4513.35,4512.79,4512.94,185.664,1774820099999,837916.95990,696,96.676,436302.17629,0
1774820100000,4512.94,4513.75,4512.93,4513.70,75.065,1774820399999,338811.91704,292,46.916,211757.07654,0
1774820400000,4513.69,4524.13,4513.69,4522.78,1254.238,1774820699999,5668761.34844,3369,800.650,3617878.36248,0
1774820700000,4522.79,4522.79,4516.00,4516.36,378.554,1774820999999,1710700.49039,1534,93.626,423058.27839,0
1774821000000,4516.35,4519.53,4516.35,4519.52,195.251,1774821299999,882132.00435,633,153.862,695163.26395,0
1774821300000,4519.52,4522.09,4516.67,4519.28,927.374,1774821599999,4191810.58510,1742,474.960,2146752.17039,0
1774821600000,4519.29,4519.69,4476.73,4511.57,25055.819,1774821899999,112606394.39632,29016,12091.785,54327628.86579,0
1774821900000,4511.57,4513.61,4482.20,4486.99,5526.493,1774822199999,24858949.82271,10198,2819.848,12678947.82419,0
1774822200000,4487.28,4501.20,4482.55,4497.72,3970.543,1774822499999,17824963.25094,7486,2691.001,12080825.17121,0
1774822500000,4497.72,4505.48,4490.85,4505.17,2064.611,1774822799999,9288600.70211,5585,836.622,3763355.59934,0
1774822800000,4505.29,4511.85,4501.68,4505.84,1763.604,1774823099999,7947661.72769,4948,665.105,2997193.99325,0
1774823100000,4505.84,4511.66,4500.68,4508.64,1069.100,1774823399999,4817963.24356,3391,358.913,1617438.00286,0
1774823400000,4508.64,4512.78,4503.03,4507.35,1460.168,1774823699999,6580954.66917,3391,770.640,3472902.57502,0
1774823700000,4507.35,4512.30,4501.85,4502.98,1008.514,1774823999999,4545468.03335,2712,405.195,1826181.20594,0
1774824000000,4502.98,4506.03,4491.60,4493.69,1696.244,1774824299999,7632437.55799,4242,847.977,3815731.26750,0
1774824300000,4493.69,4497.44,4488.38,4489.64,1860.492,1774824599999,8360618.17188,4218,914.251,4108550.22207,0
1774824600000,4489.64,4495.50,4486.80,4489.71,2530.985,1774824899999,11365371.82803,4959,1305.523,5862645.39116,0
1774824900000,4489.71,4490.88,4481.79,4485.25,2103.693,1774825199999,9437851.71748,3706,1136.006,5096796.49347,0
1774825200000,4485.24,4492.70,4483.85,4489.25,1416.035,1774825499999,6356151.67222,4961,685.379,3076470.60822,0
1774825500000,4489.24,4489.86,4465.11,4478.26,4586.743,1774825799999,20521801.38361,8614,2004.652,8968533.35315,0
1774825800000,4478.24,4479.79,4472.25,4478.85,1414.467,1774826099999,6331926.80705,3291,669.152,2995350.80542,0
1774826100000,4478.71,4484.65,4475.26,4475.73,1200.973,1774826399999,5382167.22426,2894,639.928,2867751.99269,0
1774826400000,4475.72,4479.79,4471.48,4474.20,1076.831,1774826699999,4819553.57161,2723,369.082,1652127.12780,0
1774826700000,4474.19,4481.20,4472.86,4472.86,1351.814,1774826999999,6052754.55433,2917,573.294,2566758.73272,0
1774827000000,4472.86,4472.88,4452.00,4458.90,5280.385,1774827299999,23558745.47670,8296,2170.046,9682236.79093,0
1774827300000,4458.89,4460.13,4445.05,4452.35,4930.856,1774827599999,21947146.59947,9106,2143.733,9542111.06099,0
1774827600000,4452.34,4455.60,4450.61,4452.21,1401.743,1774827899999,6242008.46791,3609,763.667,3400874.76096,0
1774827900000,4452.21,4456.32,4444.52,4445.40,3329.096,1774828199999,14814845.25113,5921,1646.032,7326471.15088,0
1774828200000,4445.40,4452.21,4443.56,4449.52,1606.297,1774828499999,7145144.35971,3974,823.544,3663206.50991,0
1774828500000,4449.57,4452.41,4444.45,4448.82,1622.625,1774828799999,7217435.19217,3659,841.098,3741101.44984,0
1774828800000,4448.82,4450.99,4433.55,4435.90,6463.751,1774829099999,28683794.52223,11318,2634.694,11691639.30705,0
1774829100000,4435.90,4442.20,4425.32,4430.40,3931.940,1774829399999,17430137.82605,8077,1753.276,7773344.17867,0
1774829400000,4430.40,4433.77,4419.21,4427.16,4053.028,1774829699999,17939908.94241,6173,1926.723,8529205.51568,0
1774829700000,4427.16,4446.93,4424.40,4446.93,4317.986,1774829999999,19151693.43424,7355,2685.375,11911135.30630,0
1774830000000,4446.92,4464.84,4444.33,4463.40,7575.465,1774830299999,33759339.88117,12123,4052.916,18064705.27007,0
1774830300000,4463.25,4468.35,4447.44,4450.06,4423.218,1774830599999,19722489.81853,8861,2090.998,9324542.70028,0
1774830600000,4450.19,4460.53,4447.35,4453.20,2745.680,1774830899999,12229160.95238,5777,1263.013,5625574.13129,0
1774830900000,4453.35,4454.04,4447.05,4448.66,2462.688,1774831199999,10959811.36730,5307,1214.018,5403026.08572,0
1774831200000,4448.55,4450.00,4436.24,4440.15,3024.491,1774831499999,13430078.10251,7030,1360.329,6040283.15893,0
1774831500000,4440.25,4442.97,4435.18,4442.32,2174.099,1774831799999,9652893.75894,4720,1005.842,4465987.25867,0
1774831800000,4442.33,4444.47,4432.66,4436.25,1742.922,1774832099999,7736233.54186,4391,829.958,3684357.40762,0
1774832100000,4436.10,4437.90,4432.13,4433.95,1880.653,1774832399999,8340433.67712,3857,760.335,3371733.70795,0
1774832400000,4433.95,4452.59,4433.66,4443.64,5873.187,1774832699999,26108771.19915,10237,3092.061,13744048.70913,0
1774832700000,4443.63,4458.31,4442.38,4457.57,5489.567,1774832999999,24427781.82634,7515,2528.008,11248044.75515,0
1774833000000,4457.70,4462.56,4455.11,4460.70,2822.168,1774833299999,12583679.43562,6196,1207.434,5383873.26121,0
1774833300000,4460.70,4460.70,4451.13,4457.00,2085.298,1774833599999,9290130.53127,5403,1268.473,5650937.53431,0
1774833600000,4457.00,4467.29,4455.47,4455.48,2260.501,1774833899999,10084582.21511,4853,980.696,4375043.79417,0
1774833900000,4455.49,4459.95,4447.42,4449.79,2276.622,1774834199999,10140223.47477,5054,1016.912,4529420.27321,0
1774834200000,4449.80,4470.00,4446.91,4468.27,2245.675,1774834499999,10008048.61549,5367,1407.671,6273266.36627,0
1774834500000,4468.26,4476.50,4466.47,4468.53,2914.702,1774834799999,13037998.45755,6651,1281.220,5730539.03688,0
1774834800000,4468.53,4475.81,4463.63,4472.07,3297.683,1774835099999,14739957.75603,5487,1799.828,8045439.86625,0
1774835100000,4472.07,4476.70,4472.07,4475.00,1305.029,1774835399999,5839511.08604,3257,623.905,2791800.21079,0
1774835400000,4475.08,4475.08,4463.20,4466.03,1695.125,1774835699999,7574497.97540,4012,882.440,3942575.61658,0
1774835700000,4466.03,4473.30,4465.80,4471.00,1288.823,1774835999999,5760034.98798,3010,634.788,2837056.17057,0
1774836000000,4470.98,4475.67,4468.75,4470.46,1596.798,1774836299999,7141279.73761,3168,820.776,3670558.06152,0
1774836300000,4470.47,4475.30,4467.14,4469.59,1523.467,1774836599999,6812143.36494,3247,820.231,3667762.30105,0
1774836600000,4469.60,4474.82,4467.02,4474.12,1190.592,1774836899999,5322311.12334,2964,579.022,2588224.85658,0
1774836900000,4474.12,4474.94,4467.63,4469.44,1187.477,1774837199999,5310066.21879,2472,449.849,2011500.71068,0
1774837200000,4469.40,4474.30,4467.96,4472.62,463.879,1774837499999,2073916.87808,1746,192.012,858386.58332,0
1774837500000,4472.62,4473.87,4470.75,4473.59,1261.177,1774837799999,5640575.22699,2008,613.985,2745941.14926,0
1774837800000,4473.45,4477.23,4461.37,4466.15,5721.750,1774838099999,25575064.28812,4663,2207.249,9865081.16729,0
1774838100000,4466.10,4473.23,4463.25,4472.11,1145.393,1774838399999,5116617.31072,2852,656.651,2933479.66330,0
1774838400000,4472.23,4503.32,4471.78,4497.75,8253.883,1774838699999,37063136.20014,10369,6225.609,27958828.69305,0
1774838700000,4497.75,4498.79,4491.84,4493.97,6182.291,1774838999999,27793887.16526,6143,3510.027,15779058.64966,0
1774839000000,4493.97,4495.59,4486.99,4487.02,2207.835,1774839299999,9917751.61144,3452,1098.287,4934374.93275,0
1774839300000,4487.01,4488.85,4482.53,4484.42,1949.489,1774839599999,8743425.74399,3410,1072.150,4808512.96477,0
1774839600000,4484.41,4497.34,4482.38,4497.10,1791.923,1774839899999,8046057.64803,3299,1038.545,4662338.12395,0
1774839900000,4497.11,4509.75,4495.76,4508.06,2634.446,1774840199999,11863962.83808,5148,1296.933,5839804.06342,0
1774840200000,4508.10,4512.13,4504.94,4507.16,2245.979,1774840499999,10125360.21200,4110,1046.924,4720054.58481,0
1774840500000,4507.16,4512.00,4506.53,4509.54,2546.289,1774840799999,11480005.88028,3013,1482.978,6685704.68469,0
1774840800000,4509.48,4520.88,4509.29,4514.62,4788.118,1774841099999,21618736.28776,5556,2182.239,9852879.75180,0
1774841100000,4514.61,4515.42,4509.36,4510.15,2304.554,1774841399999,10399120.74727,3511,1179.865,5324590.05533,0
1774841400000,4510.20,4510.87,4506.96,4508.69,1082.689,1774841699999,4881558.49972,2356,478.717,2158351.91365,0
1774841700000,4508.74,4509.21,4505.76,4506.46,872.852,1774841999999,3934520.40608,1962,435.525,1963312.00225,0
1774842000000,4506.46,4507.83,4503.05,4506.28,823.510,1774842299999,3710028.83468,2247,373.908,1684457.54117,0
1774842300000,4506.49,4510.51,4503.28,4508.85,617.304,1774842599999,2782398.75030,1941,363.045,1636491.39338,0
1774842600000,4508.77,4509.32,4505.58,4506.49,425.544,1774842899999,1918334.55512,1210,146.318,659593.57449,0
1774842900000,4506.49,4506.70,4496.66,4498.77,1402.592,1774843199999,6313061.83166,2800,422.082,1900142.12631,0
1774843200000,4498.78,4501.37,4497.20,4498.43,824.439,1774843499999,3709150.74864,2262,469.822,2113722.44814,0
1774843500000,4498.43,4498.44,4492.87,4494.08,1334.372,1774843799999,5998303.33674,2785,675.508,3036466.15756,0
1774843800000,4494.15,4494.82,4490.10,4490.71,647.635,1774844099999,2909441.57537,1813,330.393,1484355.40072,0
1774844100000,4490.71,4494.17,4490.63,4491.20,683.849,1774844399999,3072320.14827,1725,285.836,1284105.91976,0
1774844400000,4491.20,4499.06,4490.61,4497.43,905.862,1774844699999,4071991.26411,1855,609.518,2740018.02702,0
1774844700000,4497.44,4497.60,4493.33,4493.45,499.690,1774844999999,2246120.50112,1644,177.521,797938.18088,0
1774845000000,4493.45,4494.14,4490.55,4491.07,786.553,1774845299999,3533313.27039,1678,489.073,2196888.98080,0
1774845300000,4491.15,4492.70,4475.00,4490.35,4095.409,1774845599999,18375746.26257,4300,1205.860,5413289.78241,0
1774845600000,4490.34,4491.75,4488.39,4490.03,906.121,1774845899999,4068429.24285,1623,320.763,1440276.25496,0
1774845900000,4490.10,4493.29,4489.35,4491.03,949.019,1774846199999,4262295.65852,1822,494.340,2220149.00258,0
1774846200000,4491.24,4494.54,4490.89,4494.54,494.306,1774846499999,2220980.58812,1190,388.964,1747651.27273,0
1774846500000,4494.54,4501.30,4494.54,4499.25,787.047,1774846799999,3540808.73740,2072,525.058,2361992.88316,0
1774846800000,4499.18,4504.50,4499.18,4502.51,1407.556,1774847099999,6337191.41594,2344,931.495,4193671.61160,0
1774847100000,4502.51,4508.90,4502.13,4508.75,2556.442,1774847399999,11514288.88291,2631,1919.705,8646381.45465,0
1774847400000,4508.75,4511.49,4506.99,4508.09,1313.112,1774847699999,5920993.51217,2547,750.978,3386191.00943,0
1774847700000,4508.10,4516.51,4507.95,4513.89,1263.070,1774847999999,5699464.66431,2203,640.569,2890476.46532,0
1774848000000,4513.88,4517.74,4513.17,4516.78,1427.707,1774848299999,6446442.11179,2422,452.393,2042763.63322,0
1774848300000,4516.78,4516.78,4507.01,4507.64,1139.760,1774848599999,5142056.08705,2573,461.670,2082453.11427,0
1774848600000,4507.66,4514.76,4506.50,4514.41,1297.125,1774848899999,5851545.42452,3810,755.516,3408211.52722,0
1774848900000,4514.42,4517.40,4508.40,4508.41,959.994,1774849199999,4333002.13920,2791,504.910,2279031.71041,0
1774849200000,4508.41,4512.70,4507.01,4512.20,642.796,1774849499999,2898819.65013,2303,312.237,1408151.84935,0
1774849500000,4512.20,4523.80,4512.20,4522.72,1949.958,1774849799999,8810451.97986,3882,1063.547,4805736.97840,0
1774849800000,4522.73,4531.29,4520.42,4528.00,2890.440,1774850099999,13082885.68287,5387,1636.719,7408564.81693,0
1774850100000,4528.00,4528.95,4523.38,4524.51,1026.677,1774850399999,4647157.20749,2566,348.312,1576520.99651,0
1774850400000,4524.51,4528.95,4520.11,4528.70,1414.037,1774850699999,6397584.78119,3663,741.251,3353215.16300,0
1774850700000,4528.78,4535.70,4525.36,4531.04,2155.888,1774850999999,9767478.57942,3975,867.405,3930666.63315,0
1774851000000,4531.05,4536.00,4529.30,4532.49,2009.437,1774851299999,9111098.97517,3416,1021.865,4633313.41865,0
1774851300000,4532.49,4536.92,4529.25,4534.17,1399.040,1774851599999,6341142.03700,2784,777.982,3526490.19939,0
1774851600000,4534.16,4534.56,4529.00,4534.33,1411.036,1774851899999,6393976.17682,2746,476.711,2160131.95644,0
1774851900000,4534.33,4534.94,4530.29,4530.49,805.307,1774852199999,3650079.51286,2388,434.139,1967754.41023,0
1774852200000,4530.48,4539.83,4528.32,4537.95,2675.296,1774852499999,12131666.95675,4026,1787.332,8107182.27873,0
1774852500000,4537.96,4543.73,4534.93,4538.87,2568.002,1774852799999,11659892.76655,4412,1092.887,4961778.90560,0
1774852800000,4538.86,4543.64,4537.85,4542.36,1330.594,1774853099999,6041621.21433,2353,604.792,2746077.68222,0
1774853100000,4542.33,4551.79,4541.85,4547.90,3072.050,1774853399999,13970711.55865,4638,1309.749,5955564.88471,0
1774853400000,4547.97,4548.14,4537.45,4537.64,1681.723,1774853699999,7638316.57671,3060,452.826,2056726.73239,0
1774853700000,4537.64,4538.95,4524.00,4533.77,4642.150,1774853999999,21047602.07798,4279,1328.826,6026357.21813,0
1774854000000,4533.64,4534.79,4525.21,4525.56,4024.437,1774854299999,18228525.42086,4228,1555.159,7044372.53125,0
1774854300000,4525.56,4533.60,4525.00,4533.17,1868.940,1774854599999,8466527.57562,2694,1134.217,5138065.20433,0
1774854600000,4533.17,4536.12,4531.24,4534.97,1243.214,1774854899999,5636025.34397,2419,648.722,2940930.06671,0
1774854900000,4534.99,4535.36,4528.43,4530.85,2012.466,1774855199999,9120153.94014,2495,786.571,3564499.66210,0
1774855200000,4531.01,4533.76,4527.02,4529.05,896.441,1774855499999,4060804.32112,2051,396.675,1797022.55084,0
1774855500000,4529.05,4529.06,4522.05,4523.70,2195.476,1774855799999,9933816.51480,3360,688.919,3117228.54409,0
1774855800000,4523.69,4526.60,4515.90,4517.93,2835.474,1774856099999,12820292.80956,4100,1052.353,4758915.74937,0
1774856100000,4517.94,4524.67,4517.15,4524.16,1840.555,1774856399999,8319297.13752,2772,797.127,3603268.77681,0
1774856400000,4524.16,4525.46,4518.48,4521.92,1194.725,1774856699999,5402090.03099,2729,568.605,2571130.81748,0
1774856700000,4521.92,4522.85,4520.01,4521.29,522.473,1774856999999,2362295.27620,1496,286.060,1293366.63784,0
1774857000000,4521.46,4527.55,4520.59,4525.67,1230.122,1774857299999,5565816.11305,2238,651.675,2948499.51799,0
1774857300000,4525.67,4530.58,4525.46,4529.37,2690.437,1774857599999,12184519.56776,2175,1168.029,5289630.53713,0
1774857600000,4529.31,4532.70,4527.00,4529.84,1465.275,1774857899999,6637493.70637,2606,977.767,4429174.40598,0
1774857900000,4529.84,4544.46,4528.96,4537.49,3129.512,1774858199999,14199613.32787,3913,2184.493,9912451.88912,0
1774858200000,4537.48,4539.75,4534.14,4536.00,1135.144,1774858499999,5149578.91056,2104,798.269,3621398.85955,0
1774858500000,4536.00,4536.18,4533.32,4534.10,551.664,1774858799999,2501453.32365,1275,143.531,650803.19180,0
1774858800000,4534.10,4537.70,4528.26,4531.57,1212.277,1774859099999,5495005.57879,2306,641.821,2909571.33011,0
1774859100000,4531.57,4535.01,4528.40,4532.22,2197.415,1774859399999,9958153.31370,2437,1244.622,5640964.13351,0
1774859400000,4532.23,4541.16,4532.22,4535.43,2252.758,1774859699999,10222108.48903,2485,1461.823,6632264.29596,0
1774859700000,4535.41,4538.88,4533.56,4538.76,799.248,1774859999999,3625493.64013,1826,452.218,2051035.70305,0
1774860000000,4538.68,4538.68,4534.12,4535.69,428.211,1774860299999,1942542.03171,1280,229.826,1042550.48654,0
1774860300000,4535.68,4539.16,4535.08,4538.26,593.079,1774860599999,2691129.60744,1432,297.643,1350529.73804,0
1774860600000,4538.25,4542.49,4536.63,4540.90,1065.826,1774860899999,4838495.84162,2016,663.566,3012197.24455,0
1774860900000,4540.91,4541.88,4537.28,4540.14,719.941,1774861199999,3268506.18434,1679,316.624,1437442.85970,0
1774861200000,4540.14,4542.43,4538.47,4540.96,545.379,1774861499999,2476293.44295,1555,268.911,1220983.27185,0
1774861500000,4540.96,4542.16,4533.15,4535.35,1032.003,1774861799999,4682770.78694,2338,355.835,1614420.11276,0
1774861800000,4535.36,4535.69,4530.19,4530.97,782.424,1774862099999,3546676.84530,2047,317.051,1437045.22840,0
1774862100000,4530.98,4532.71,4516.78,4530.05,4702.951,1774862399999,21289456.08714,4934,1685.394,7631620.10102,0
1774862400000,4529.92,4538.24,4529.41,4532.40,960.608,1774862699999,4355219.43965,2009,430.980,1954092.93388,0
1774862700000,4532.41,4533.61,4528.77,4528.81,636.719,1774862999999,2885288.44665,1531,362.251,1641584.92956,0
1774863000000,4528.81,4530.86,4525.27,4527.42,1402.735,1774863299999,6351667.91249,2844,511.999,2318453.20692,0
1774863300000,4527.42,4535.81,4526.97,4535.30,761.011,1774863599999,3448314.55910,1700,340.033,1540682.24215,0
1774863600000,4535.16,4539.98,4534.30,4538.99,759.368,1774863899999,3445355.09181,1576,439.815,1995517.09866,0
1774863900000,4538.99,4539.47,4534.51,4535.09,680.487,1774864199999,3087557.97599,1547,242.016,1098142.82532,0
1774864200000,4535.09,4536.07,4530.50,4533.87,681.243,1774864499999,3088421.31953,1481,275.182,1247520.54506,0
1774864500000,4533.88,4534.33,4531.33,4533.56,483.451,1774864799999,2191535.06126,927,166.546,754951.80995,0
1774864800000,4533.64,4535.66,4530.63,4535.63,860.560,1774865099999,3900918.68776,1556,435.538,1974308.74743,0
1774865100000,4535.62,4536.70,4533.36,4534.31,478.718,1774865399999,2170993.69824,1260,168.021,761961.16738,0
1774865400000,4534.31,4537.34,4533.34,4534.95,414.537,1774865699999,1879850.73574,1244,202.136,916657.93619,0
1774865700000,4534.77,4539.99,4532.77,4538.73,689.799,1774865999999,3129125.82580,1736,396.649,1799267.52166,0
1774866000000,4538.72,4540.80,4533.02,4533.05,765.649,1774866299999,3473168.63631,1755,319.901,1451102.03071,0
1774866300000,4533.06,4533.87,4529.68,4532.74,564.661,1774866599999,2559165.86277,1560,239.149,1083804.22046,0
1774866600000,4532.75,4534.42,4529.82,4531.45,390.158,1774866899999,1768210.44160,1448,184.705,837028.69407,0
1774866900000,4531.44,4534.51,4531.36,4532.44,259.344,1774867199999,1175621.60785,1082,88.386,400621.53919,0
1774867200000,4532.44,4534.94,4530.97,4534.64,440.092,1774867499999,1995001.52201,1182,167.713,760302.63173,0
1774867500000,4534.64,4535.50,4529.96,4532.77,633.102,1774867799999,2869615.25246,1405,248.863,1127881.75239,0
1774867800000,4532.78,4536.18,4531.34,4534.32,577.292,1774868099999,2617405.66702,1355,222.121,1007065.68454,0
1774868100000,4534.32,4534.53,4530.51,4533.76,380.204,1774868399999,1723346.50479,1255,203.526,922428.59652,0
1774868400000,4533.77,4534.93,4527.43,4528.79,917.934,1774868699999,4158054.85950,2015,354.028,1603505.57407,0
1774868700000,4528.79,4537.20,4528.74,4535.83,827.842,1774868999999,3753238.17562,1891,455.325,2064219.38940,0
1774869000000,4535.84,4541.13,4535.67,4539.59,1049.558,1774869299999,4763163.91919,2695,380.173,1725233.51261,0
1774869300000,4539.58,4546.90,4539.12,4545.98,1439.634,1774869599999,6541121.35533,3132,831.103,3776104.87120,0
1774869600000,4545.98,4546.10,4537.32,4543.90,1938.978,1774869899999,8807619.76198,3095,995.687,4522242.15639,0
1774869900000,4543.90,4549.00,4537.12,4544.79,5163.281,1774870199999,23456740.01166,7351,2655.735,12065624.72986,0
1774870200000,4544.80,4547.31,4541.76,4543.97,1335.899,1774870499999,6070660.23825,3208,604.555,2747193.35808,0
1774870500000,4543.98,4547.06,4540.19,4542.68,1412.925,1774870799999,6419782.20091,2878,697.549,3169415.68185,0
1774870800000,4542.67,4567.76,4541.38,4567.76,5989.965,1774871099999,27282453.68594,8323,3787.626,17255782.73405,0
1774871100000,4567.75,4575.86,4565.91,4572.30,6332.231,1774871399999,28944170.33700,9251,3184.859,14559493.03442,0
1774871400000,4572.30,4582.63,4570.33,4570.66,4693.651,1774871699999,21482636.27185,6525,2099.769,9611506.40926,0
1774871700000,4570.67,4571.03,4557.51,4561.48,2198.733,1774871999999,10031526.01674,4168,880.438,4016691.94407,0
1774872000000,4561.49,4562.77,4547.17,4556.12,5143.345,1774872299999,23421498.69974,6452,2720.458,12388363.59276,0
1774872300000,4556.13,4561.59,4556.12,4558.93,1750.359,1774872599999,7979900.58851,3105,832.743,3796445.86439,0
1774872600000,4558.92,4562.92,4557.17,4557.65,836.118,1774872899999,3813470.60890,2129,473.708,2160682.78057,0
1774872900000,4557.66,4569.00,4557.30,4568.52,1626.350,1774873199999,7423185.78079,3795,1103.114,5035033.00014,0
1774873200000,4568.41,4569.39,4565.00,4565.40,2005.482,1774873499999,9157567.37159,2308,1051.539,4801459.30460,0
1774873500000,4565.41,4569.59,4561.65,4567.33,2715.562,1774873799999,12395331.87801,2465,1169.272,5336923.98501,0
1774873800000,4567.32,4574.80,4565.52,4572.28,1949.690,1774874099999,8913111.91143,3547,828.126,3785798.43693,0
1774874100000,4572.29,4575.76,4570.72,4573.19,2085.403,1774874399999,9538015.31036,3474,745.459,3409179.93687,0
1774874400000,4573.19,4578.61,4573.13,4574.69,909.974,1774874699999,4163551.06694,2231,380.233,1739775.44858,0
1774874700000,4574.69,4574.92,4566.10,4571.49,1739.391,1774874999999,7949397.49116,2585,705.799,3225488.67845,0
1774875000000,4571.50,4571.50,4565.26,4569.22,1126.980,1774875299999,5148170.66674,1839,568.843,2598378.30019,0
1774875300000,4568.97,4574.42,4567.92,4570.69,955.339,1774875599999,4367554.42780,1852,489.103,2235819.34549,0
1774875600000,4570.69,4579.85,4570.69,4572.13,2137.001,1774875899999,9780496.22235,3659,945.947,4329354.42657,0
1774875900000,4572.12,4574.12,4562.24,4568.90,4311.023,1774876199999,19687562.00857,4254,2269.766,10364590.12466,0
1774876200000,4568.75,4570.60,4565.39,4566.45,865.926,1774876499999,3955893.73604,2027,354.865,1621113.84159,0
1774876500000,4566.51,4569.28,4565.39,4568.74,867.899,1774876799999,3964030.50036,2038,367.648,1679306.96762,0
1774876800000,4568.74,4570.09,4560.85,4564.99,1411.960,1774877099999,6445068.51762,2830,672.641,3070597.64291,0
1774877100000,4564.98,4571.63,4562.88,4568.21,1006.618,1774877399999,4597638.10841,2191,375.698,1716141.38661,0
1774877400000,4568.21,4574.19,4558.52,4558.77,1719.422,1774877699999,7851957.36681,4434,665.509,3039122.46146,0
1774877700000,4558.96,4561.00,4550.83,4560.00,4411.165,1774877999999,20091143.98348,6104,2357.971,10737823.55905,0
1774878000000,4560.01,4560.63,4544.46,4545.67,4120.226,1774878299999,18745000.53873,6318,1748.378,7953640.12248,0
1774878300000,4545.66,4548.71,4533.27,4535.59,4751.901,1774878599999,21580232.13429,7914,2492.423,11320934.06638,0
1774878600000,4535.79,4538.69,4531.38,4534.05,2897.345,1774878899999,13140102.32961,5342,1595.751,7237050.59388,0
1774878900000,4534.20,4535.02,4519.00,4524.67,4104.120,1774879199999,18574958.17756,7177,2157.282,9762720.26159,0
1774879200000,4524.67,4537.00,4524.11,4531.21,3392.490,1774879499999,15373002.02034,5954,1924.660,8721473.35756,0
1774879500000,4531.21,4532.25,4519.35,4527.86,3417.812,1774879799999,15464860.60468,5640,1758.537,7956914.01916,0
1774879800000,4527.85,4536.86,4523.99,4535.13,2389.955,1774880099999,10828148.73045,4427,1507.515,6830039.01383,0
1774880100000,4535.13,4536.00,4521.72,4525.33,2326.726,1774880399999,10532601.51424,4193,1252.884,5671091.92275,0
1774880400000,4525.33,4527.59,4514.44,4523.95,2905.421,1774880699999,13133336.33442,5210,1439.305,6506597.28543,0
1774880700000,4523.94,4524.92,4518.41,4521.17,1236.161,1774880999999,5589403.32173,3237,506.735,2291288.35116,0
1774881000000,4521.17,4527.73,4519.62,4526.48,1446.749,1774881299999,6545956.74285,3545,781.611,3536230.79442,0
1774881300000,4526.48,4533.79,4522.84,4529.30,2399.378,1774881599999,10865055.34120,3833,921.404,4172611.68263,0
1774881600000,4529.31,4534.79,4522.80,4523.96,1670.665,1774881899999,7564448.27199,3159,959.837,4345550.51077,0
1774881900000,4524.05,4542.77,4522.83,4533.27,4544.585,1774882199999,20610176.71564,6780,2532.864,11484924.09129,0
1774882200000,4533.33,4542.27,4531.96,4539.36,1962.928,1774882499999,8905997.47927,4389,945.254,4288584.36984,0
1774882500000,4539.36,4543.20,4535.33,4540.57,1536.559,1774882799999,6976177.92798,3210,881.344,4001643.60648,0
1774882800000,4540.58,4545.30,4537.66,4540.40,1543.021,1774883099999,7008640.78181,3570,810.809,3682832.29270,0
1774883100000,4540.47,4542.46,4533.76,4536.62,1703.419,1774883399999,7729343.99629,3164,595.863,2703314.98261,0
1774883400000,4536.31,4540.31,4534.83,4534.83,876.623,1774883699999,3977583.83502,2249,490.253,2224515.21529,0
1774883700000,4534.82,4535.83,4526.83,4531.36,1490.286,1774883999999,6752662.46008,3225,465.116,2107489.77382,0
1774884000000,4531.48,4535.20,4526.36,4531.34,1186.452,1774884299999,5375062.58277,2496,589.770,2672138.10173,0
1774884300000,4531.45,4534.74,4530.88,4533.61,841.320,1774884599999,3813927.62062,1913,414.628,1879623.05623,0
1774884600000,4533.36,4543.00,4529.44,4542.46,1261.072,1774884899999,5720878.01921,2969,640.143,2904424.39736,0
1774884900000,4542.46,4550.40,4542.45,4549.70,3040.574,1774885199999,13825051.80110,4016,1222.812,5559582.99520,0
1774885200000,4549.71,4555.65,4549.33,4553.77,2624.904,1774885499999,11952905.40989,3052,1112.620,5066404.72482,0
1774885500000,4553.77,4558.64,4552.52,4553.84,1861.371,1774885799999,8479542.88422,3032,876.427,3992914.46498,0
1774885800000,4553.84,4557.05,4546.68,4555.74,1662.702,1774886099999,7566058.54055,3190,840.855,3826453.83331,0
1774886100000,4555.87,4558.02,4548.32,4549.51,833.602,1774886399999,3794838.51313,2355,191.815,873315.80422,0
1774886400000,4549.52,4550.63,4540.76,4541.61,1435.209,1774886699999,6522923.35567,2805,677.904,3081119.11501,0
1774886700000,4541.70,4546.07,4540.00,4542.24,1464.078,1774886999999,6650165.71166,2597,858.518,3899445.06070,0
1774887000000,4542.24,4548.51,4541.89,4545.85,684.199,1774887299999,3110330.16449,1564,377.249,1714935.03328,0
1774887300000,4545.84,4549.86,4544.11,4546.93,978.059,1774887599999,4446482.00080,1787,414.252,1883182.70246,0
1774887600000,4546.93,4549.54,4544.16,4544.70,669.777,1774887899999,3045515.44029,1403,383.752,1745039.14826,0
1774887900000,4544.69,4544.69,4537.90,4537.93,1205.526,1774888199999,5474033.01380,2077,304.916,1384695.39240,0
1774888200000,4537.92,4543.30,4533.27,4540.63,1362.314,1774888499999,6183317.40453,2637,557.555,2530960.98591,0
1774888500000,4540.63,4544.38,4540.63,4542.94,390.633,1774888799999,1774540.97356,1288,198.393,901233.71120,0
1774888800000,4543.10,4549.33,4543.10,4549.32,735.724,1774889099999,3345083.75478,1497,336.937,1531804.07815,0
1774889100000,4549.33,4549.94,4541.32,4542.37,762.398,1774889399999,3465729.17562,1665,166.335,756204.40039,0
1774889400000,4542.62,4544.91,4541.35,4543.31,371.605,1774889699999,1688218.89744,1321,134.482,610954.60488,0
1774889700000,4543.30,4543.88,4538.72,4541.62,972.865,1774889999999,4417284.45324,1901,646.621,2935750.35161,0
1774890000000,4541.62,4543.76,4534.54,4534.54,764.111,1774890299999,3468030.63890,1876,453.704,2059328.06788,0
1774890300000,4534.55,4537.39,4533.76,4536.46,789.597,1774890599999,3580987.48225,1934,469.133,2127615.56919,0
1774890600000,4536.68,4537.19,4521.77,4524.99,1941.872,1774890899999,8793314.51763,3189,1040.725,4711944.24622,0
1774890900000,4524.83,4527.98,4521.31,4525.66,1724.496,1774891199999,7804368.82666,2718,853.272,3861367.15523,0
1774891200000,4525.65,4530.42,4524.63,4530.41,1518.612,1774891499999,6875253.11220,2228,575.384,2605175.12550,0
1774891500000,4530.42,4531.80,4528.70,4529.33,1185.046,1774891799999,5368793.08469,2011,289.343,1310778.99901,0
1774891800000,4529.10,4529.10,4516.83,4518.32,1939.263,1774892099999,8768003.27976,3333,887.660,4013294.50351,0
1774892100000,4518.46,4522.96,4516.71,4519.57,1864.498,1774892399999,8426835.09259,3043,1393.624,6298788.16391,0
1774892400000,4519.49,4527.93,4517.92,4526.72,1024.308,1774892699999,4632100.71706,2226,689.161,3116434.18232,0
1774892700000,4526.66,4530.93,4519.63,4519.66,1275.901,1774892999999,5774548.07063,2631,673.977,3050709.04540,0
1774893000000,4519.68,4522.37,4517.00,4519.53,912.932,1774893299999,4125916.92067,1863,561.549,2537712.58949,0
1774893300000,4519.53,4520.39,4513.30,4517.13,1897.572,1774893599999,8568976.03872,2664,944.521,4265228.07453,0
1774893600000,4517.14,4524.31,4516.71,4519.26,1086.914,1774893899999,4913414.31826,2299,619.603,2800646.17672,0
1774893900000,4519.32,4521.77,4515.26,4519.60,554.705,1774894199999,2506225.97288,1896,226.881,1025003.70402,0
1774894200000,4519.59,4523.54,4518.20,4520.89,669.207,1774894499999,3025172.61879,1568,424.761,1920191.55303,0
1774894500000,4520.80,4521.70,4517.81,4520.66,547.842,1774894799999,2475846.44186,1452,203.772,920835.71050,0
1774894800000,4520.67,4522.95,4516.35,4517.19,394.240,1774895099999,1782116.12980,1334,194.802,880638.37971,0
1774895100000,4517.19,4517.60,4512.62,4516.13,506.330,1774895399999,2286043.77570,1615,237.671,1073064.80434,0
1774895400000,4516.23,4519.46,4514.62,4515.62,356.634,1774895699999,1610808.76399,1412,193.835,875508.91365,0
1774895700000,4515.62,4521.40,4515.62,4515.82,490.770,1774895999999,2217398.29601,1477,325.109,1468872.86759,0
1774896000000,4515.80,4519.14,4515.48,4517.14,360.750,1774896299999,1629370.07838,1154,264.510,1194656.35122,0
1774896300000,4517.15,4520.24,4517.15,4519.59,238.459,1774896599999,1077568.43131,1124,108.554,490533.90371,0
1774896600000,4519.44,4520.24,4509.64,4509.64,1036.570,1774896899999,4677773.79728,2518,482.057,2175552.93628,0
1774896900000,4509.62,4510.50,4501.37,4501.60,2175.142,1774897199999,9800088.32210,3392,1199.178,5402967.73747,0
1774897200000,4501.60,4505.01,4498.00,4501.66,2523.045,1774897499999,11357236.37585,3808,725.474,3265814.93007,0
1774897500000,4501.85,4507.03,4499.77,4501.42,643.976,1774897799999,2900155.17248,2831,322.467,1452269.74453,0
1774897800000,4501.42,4501.76,4495.12,4499.56,1372.544,1774898099999,6174102.13795,2938,588.729,2648285.40976,0
1774898100000,4499.65,4503.50,4497.70,4497.85,527.438,1774898399999,2373984.81589,1908,221.295,996080.08215,0
1774898400000,4497.99,4503.39,4495.60,4501.02,615.240,1774898699999,2767946.42345,1973,328.219,1476687.23054,0
1774898700000,4501.00,4506.48,4499.40,4503.90,500.139,1774898999999,2252227.77713,1656,254.595,1146430.89054,0
1774899000000,4503.90,4512.45,4500.28,4510.50,978.004,1774899299999,4407228.24406,2263,551.180,2484153.74946,0
1774899300000,4510.50,4515.28,4506.15,4507.56,1219.124,1774899599999,5500331.06537,2822,528.930,2386440.74121,0
1774899600000,4507.49,4508.48,4503.84,4506.92,575.095,1774899899999,2591590.78967,1890,306.086,1379303.17910,0
1774899900000,4506.95,4512.69,4506.35,4509.72,392.770,1774900199999,1771614.06576,1664,248.753,1121976.40761,0
1774900200000,4509.72,4511.87,4507.22,4508.14,390.349,1774900499999,1760163.39402,1677,209.043,942648.27392,0
1774900500000,4508.14,4523.93,4508.14,4516.16,2612.510,1774900799999,11803281.13011,3590,1695.496,7660926.04837,0
1774900800000,4516.14,4519.26,4511.70,4511.87,759.955,1774901099999,3432231.23777,1666,355.924,1607534.12582,0
1774901100000,4511.87,4513.63,4511.00,4511.01,329.680,1774901399999,1487634.84948,963,124.453,561569.81652,0
1774901400000,4511.00,4511.08,4507.78,4510.22,768.053,1774901699999,3463367.45311,1596,236.296,1065532.39771,0
1774901700000,4510.22,4511.42,4509.30,4509.34,494.510,1774901999999,2230453.40057,749,102.624,462871.64849,0
1774902000000,4509.35,4509.45,4504.22,4504.94,697.662,1774902299999,3144797.46307,1139,106.039,477938.15319,0
1774902300000,4504.81,4507.64,4503.84,4506.80,547.301,1774902599999,2466187.36699,1226,117.117,527728.43481,0
1774902600000,4506.81,4507.80,4504.23,4505.27,541.440,1774902899999,2439486.94694,1036,148.275,668066.78200,0
1774902900000,4505.28,4505.59,4501.72,4503.57,779.403,1774903199999,3510519.39505,1375,111.417,501823.01544,0
1774903200000,4503.57,4506.35,4503.43,4504.61,731.989,1774903499999,3297355.42738,1313,184.191,829679.86998,0
1774903500000,4504.60,4507.14,4503.76,4505.68,696.999,1774903799999,3140357.71347,1135,158.058,712170.00088,0
1774903800000,4505.60,4509.05,4505.16,4508.68,562.175,1774904099999,2534341.23787,1117,154.756,697637.21455,0
1774904100000,4508.69,4511.77,4508.69,4511.76,655.225,1774904399999,2955771.28449,1173,158.106,713165.07270,0
1774904400000,4511.76,4511.76,4509.02,4509.02,277.710,1774904699999,1252597.30980,796,58.011,261667.05097,0
1774904700000,4509.02,4509.78,4509.02,4509.57,83.966,1774904999999,378643.53317,382,38.096,171786.81676,0
1774905000000,4509.58,4512.09,4509.58,4511.65,161.085,1774905299999,726734.96431,356,108.322,488672.34451,0
1774905300000,4511.66,4511.66,4509.78,4510.02,76.013,1774905599999,342857.18341,306,17.608,79417.41044,0
1774905600000,4510.01,4517.70,4509.55,4515.78,999.426,1774905899999,4511137.04536,1300,757.969,3421000.31579,0
1774905900000,4515.78,4516.05,4514.07,4514.49,138.888,1774906199999,627084.07330,399,49.482,223417.18172,0
1774906200000,4514.31,4515.17,4514.05,4515.07,82.425,1774906499999,372132.28423,311,53.850,243122.47059,0
1774906500000,4515.17,4517.84,4515.07,4516.99,111.835,1774906799999,505138.30753,323,77.547,350271.13534,0
1774906800000,4516.99,4522.98,4515.97,4519.95,851.156,1774907099999,3847444.04361,1889,562.516,2542731.13724,0
1774907100000,4519.95,4523.30,4518.95,4522.76,383.991,1774907399999,1736255.81620,945,287.930,1301933.80731,0
1774907400000,4522.76,4522.77,4520.45,4521.24,384.586,1774907699999,1738957.01944,1025,247.684,1119930.49385,0
1774907700000,4521.24,4521.27,4518.69,4518.69,303.870,1774907999999,1373548.47842,621,206.973,935555.60611,0
1774908000000,4518.69,4526.07,4516.92,4519.35,3581.685,1774908299999,16187527.97865,4249,2269.999,10258350.90073,0
1774908300000,4519.35,4519.35,4510.88,4513.96,1161.290,1774908599999,5244261.68752,1936,306.844,1385649.64605,0
1774908600000,4513.95,4517.48,4509.03,4509.73,1258.891,1774908899999,5680091.16247,2106,575.301,2595705.48779,0
1774908900000,4509.85,4513.45,4507.20,4508.71,1330.631,1774909199999,6000112.38488,1554,352.980,1591739.32273,0
1774909200000,4508.51,4509.00,4507.29,4508.13,333.998,1774909499999,1505746.03527,707,173.711,783128.09079,0
1774909500000,4508.24,4516.67,4503.85,4516.38,1303.660,1774909799999,5879406.97728,2045,545.187,2459343.83966,0
1774909800000,4516.39,4519.79,4513.10,4514.41,688.855,1774910099999,3111409.92220,1547,355.015,1603508.72408,0
1774910100000,4514.55,4516.05,4513.16,4513.64,466.538,1774910399999,2106336.39459,886,375.986,1697529.18453,0
1774910400000,4513.65,4514.52,4509.96,4510.76,235.074,1774910699999,1060712.72135,633,98.700,445363.78285,0
1774910700000,4510.77,4513.82,4510.61,4513.43,565.487,1774910999999,2551820.58789,1006,313.316,1413747.40788,0
1774911000000,4513.42,4515.07,4512.88,4514.19,501.864,1774911299999,2265614.94435,796,318.919,1439759.97409,0
1774911300000,4514.19,4516.61,4512.27,4512.27,559.562,1774911599999,2526005.31309,994,235.653,1063987.73808,0
1774911600000,4512.22,4512.22,4500.51,4504.11,1705.165,1774911899999,7682429.00626,2568,978.605,4408819.10167,0
1774911900000,4504.12,4508.03,4496.23,4496.75,1414.158,1774912199999,6365918.60443,3022,733.522,3301455.43603,0
1774912200000,4496.75,4501.29,4493.64,4500.32,1296.866,1774912499999,5833257.16111,2044,510.638,2296693.65360,0
1774912500000,4500.32,4508.33,4499.45,4507.89,746.939,1774912799999,3364582.68480,1698,335.738,1512268.73220,0
1774912800000,4507.88,4511.45,4507.04,4508.58,941.957,1774913099999,4247465.01874,1862,261.511,1179202.97394,0
1774913100000,4508.58,4508.61,4505.60,4506.89,319.549,1774913399999,1440221.70187,978,176.329,794729.50239,0
1774913400000,4506.89,4510.30,4504.76,4508.68,631.002,1774913699999,2844117.26786,1422,255.954,1153769.43809,0
1774913700000,4508.68,4516.99,4506.04,4513.41,908.288,1774913999999,4098897.16923,2174,569.303,2569195.45427,0
1774914000000,4513.41,4520.64,4511.54,4519.75,633.588,1774914299999,2861564.07306,1739,318.384,1437697.93851,0
1774914300000,4519.72,4520.67,4516.07,4520.12,562.402,1774914599999,2541273.69147,1646,263.338,1189914.96477,0
1774914600000,4520.13,4522.73,4515.39,4515.39,702.087,1774914899999,3172726.89971,1503,306.818,1386598.16954,0
1774914900000,4515.37,4515.47,4509.30,4515.13,834.648,1774915199999,3766045.10683,1958,496.882,2241906.82512,0
1774915200000,4515.12,4529.70,4512.23,4529.69,2988.169,1774915499999,13514527.30800,4891,1328.206,6006761.73715,0
1774915500000,4529.69,4529.72,4521.19,4521.33,1150.670,1774915799999,5207294.52394,2724,553.667,2505336.43233,0
1774915800000,4521.23,4524.50,4516.39,4517.74,879.575,1774916099999,3976910.48367,2390,381.618,1725352.00396,0
1774916100000,4517.75,4519.84,4496.52,4497.68,3956.305,1774916399999,17821410.17234,5936,1868.218,8414875.75429,0
1774916400000,4497.45,4499.42,4482.84,4495.14,6627.145,1774916699999,29754964.79992,9169,2984.066,13398084.07158,0
1774916700000,4495.14,4514.40,4491.09,4513.04,3397.683,1774916999999,15309393.81491,6241,1519.006,6843892.14367,0
1774917000000,4512.90,4516.90,4507.73,4512.23,1148.292,1774917299999,5180664.90948,3400,477.092,2152611.80875,0
1774917300000,4512.23,4533.18,4512.23,4531.54,5209.307,1774917599999,23581330.03162,7621,2742.602,12415143.03270,0
1774917600000,4531.47,4538.75,4525.58,4537.29,2116.352,1774917899999,9589181.76192,5466,1143.262,5180738.27149,0
1774917900000,4537.28,4548.45,4536.67,4539.07,3587.642,1774918199999,16293799.69102,7338,1549.992,7039991.31877,0
1774918200000,4539.06,4543.44,4536.13,4543.44,1807.078,1774918499999,8203556.38490,4280,745.485,3384160.57647,0
1774918500000,4543.50,4548.82,4541.02,4548.09,1831.714,1774918799999,8325099.23332,4054,791.047,3595228.93541,0
1774918800000,4548.09,4551.90,4541.13,4541.90,2453.802,1774919099999,11160869.32525,5595,1062.056,4831427.76453,0
1774919100000,4541.84,4542.35,4533.32,4539.70,1292.603,1774919399999,5865477.24321,3493,632.434,2870036.70544,0
1774919400000,4539.69,4546.15,4534.77,4544.65,1724.476,1774919699999,7831196.30200,3271,974.042,4423422.41669,0
1774919700000,4544.65,4570.50,4543.90,4569.07,3135.378,1774919999999,14289108.91807,5868,1550.693,7066022.32191,0
1774920000000,4569.24,4587.00,4565.58,4584.88,5193.104,1774920299999,23759770.72587,7756,2064.069,9447038.64516,0
1774920300000,4584.89,4585.35,4575.89,4581.45,3656.533,1774920599999,16753231.87055,5925,1508.514,6911114.93634,0
1774920600000,4581.45,4592.49,4580.19,4581.36,5198.514,1774920899999,23844994.94003,6868,2361.676,10833190.69813,0
1774920900000,4581.37,4588.84,4577.04,4588.69,2751.336,1774921199999,12606125.67892,6097,1206.024,5526211.57603,0
1774921200000,4588.67,4617.68,4588.67,4615.81,9465.294,1774921499999,43585575.88714,13035,4564.079,21015930.44486,0
1774921500000,4615.82,4617.58,4598.41,4602.28,5517.996,1774921799999,25421642.94915,7887,2220.257,10229332.22471,0
1774921800000,4602.29,4612.88,4595.08,4609.82,3511.753,1774922099999,16177455.21341,6471,1155.433,5322656.24793,0
1774922100000,4609.75,4613.21,4599.58,4604.38,2144.271,1774922399999,9874230.70243,4477,914.060,4209478.78797,0
1774922400000,4604.27,4606.67,4587.50,4593.05,2751.362,1774922699999,12640235.55398,6036,1188.863,5461911.64509,0
1774922700000,4593.06,4599.75,4589.65,4596.48,1824.490,1774922999999,8386546.51854,3785,756.267,3476141.66238,0
1774923000000,4596.48,4599.00,4588.70,4589.28,2248.674,1774923299999,10331972.20263,3416,1004.664,4616097.05952,0
1774923300000,4589.29,4591.99,4584.65,4587.66,1662.949,1774923599999,7628495.61280,3744,812.260,3726130.76327,0
1774923600000,4587.77,4588.80,4582.50,4584.75,931.875,1774923899999,4273644.18100,2443,452.780,2076611.93070,0
1774923900000,4584.74,4585.68,4579.16,4582.80,1469.391,1774924199999,6732979.58451,2966,834.396,3823587.89947,0
1774924200000,4582.79,4586.89,4579.65,4581.65,2246.876,1774924499999,10299212.16312,3739,1005.735,4609641.87213,0
1774924500000,4581.62,4587.77,4580.00,4585.42,1374.542,1774924799999,6301018.33944,2591,706.894,3240509.34540,0
1774924800000,4585.41,4586.96,4579.50,4586.65,1081.774,1774925099999,4958307.61277,2698,455.796,2089301.80714,0
1774925100000,4586.65,4587.72,4569.73,4571.48,1831.040,1774925399999,8378597.98834,3975,790.679,3618612.84865,0
1774925400000,4571.45,4579.51,4569.96,4571.39,1466.450,1774925699999,6707973.61659,3098,909.178,4158551.32995,0
1774925700000,4571.39,4574.56,4566.57,4568.76,1095.396,1774925999999,5006047.13654,2702,534.244,2441620.19025,0
1774926000000,4568.76,4573.27,4567.10,4570.65,1098.759,1774926299999,5021080.03140,2664,561.399,2565447.79238,0
1774926300000,4570.65,4577.69,4567.36,4570.50,830.681,1774926599999,3799168.25808,2449,472.001,2158861.09755,0
1774926600000,4570.64,4574.66,4568.80,4570.62,834.459,1774926899999,3815029.55173,2312,419.832,1919369.43470,0
1774926900000,4570.62,4571.66,4564.73,4564.73,843.018,1774927199999,3850325.61667,2309,390.206,1782263.62828,0
1774927200000,4564.73,4567.50,4556.56,4558.07,1740.134,1774927499999,7938791.99752,3070,861.751,3931309.43350,0
1774927500000,4558.08,4564.00,4557.53,4561.83,814.210,1774927799999,3713610.11984,2220,495.457,2259805.59759,0
1774927800000,4561.95,4566.04,4560.85,4565.58,338.085,1774928099999,1542631.77277,1253,231.444,1056055.03750,0
1774928100000,4565.57,4566.00,4557.77,4557.98,684.324,1774928399999,3121564.59498,1971,200.402,914202.94674,0
1774928400000,4557.99,4560.56,4552.96,4553.00,2857.210,1774928699999,13015949.70893,2872,1412.402,6434899.51476,0
1774928700000,4552.92,4554.66,4551.25,4553.55,1488.855,1774928999999,6778336.19439,2219,974.364,4435878.47488,0
1774929000000,4553.56,4557.54,4553.23,4555.98,902.435,1774929299999,4111317.90178,1809,526.967,2400712.64872,0
1774929300000,4555.97,4558.00,4554.55,4557.99,531.167,1774929599999,2420430.53223,1179,384.184,1750671.33660,0
1774929600000,4558.00,4561.64,4558.00,4561.05,595.842,1774929899999,2717026.39472,1342,428.917,1955809.95462,0
1774929900000,4561.04,4565.87,4558.57,4560.11,876.462,1774930199999,3998741.61458,2215,502.969,2294729.40002,0
1774930200000,4560.11,4563.43,4558.62,4558.87,356.679,1774930499999,1626809.64030,1277,215.718,983902.32371,0
1774930500000,4558.86,4565.97,4558.50,4564.16,655.375,1774930799999,2989793.94112,1662,418.689,1909801.72854,0
1774930800000,4564.15,4569.58,4560.06,4560.23,1359.072,1774931099999,6204046.60791,2327,549.812,2509807.21256,0
1774931100000,4560.23,4562.69,4559.58,4562.24,195.450,1774931399999,891507.79628,894,95.880,437366.97268,0
1774931400000,4562.15,4565.64,4562.00,4564.88,419.373,1774931699999,1913955.62230,1194,270.269,1233474.20869,0
1774931700000,4564.87,4564.87,4561.26,4562.52,290.463,1774931999999,1325282.90415,1046,138.639,632543.49437,0
1774932000000,4562.16,4564.93,4561.04,4564.87,320.328,1774932299999,1461506.23674,981,248.638,1134412.02034,0
1774932300000,4564.88,4566.27,4561.53,4561.68,393.586,1774932599999,1796268.05059,1369,135.355,617760.55272,0
1774932600000,4561.67,4566.98,4561.59,4566.21,436.067,1774932899999,1990032.30877,1360,231.037,1054413.27847,0
1774932900000,4566.20,4568.74,4565.05,4565.27,823.776,1774933199999,3761547.93798,1318,411.658,1879716.29818,0
1774933200000,4565.23,4569.65,4564.13,4569.22,367.419,1774933499999,1678033.70430,1400,226.053,1032425.12060,0
1774933500000,4569.11,4570.72,4556.99,4561.24,2546.252,1774933799999,11622104.08563,2724,682.049,3114459.50937,0
1774933800000,4561.25,4561.25,4548.11,4550.82,1767.965,1774934099999,8051861.34921,3509,697.080,3174343.92514,0
1774934100000,4550.83,4558.73,4550.00,4557.61,737.320,1774934399999,3359093.34889,1950,419.483,1911117.00934,0
1774934400000,4557.58,4563.56,4556.00,4563.50,413.725,1774934699999,1886893.83690,1570,249.443,1137641.26636,0
1774934700000,4563.51,4567.42,4560.05,4561.39,927.656,1774934999999,4233333.11054,1956,475.527,2170036.44735,0
1774935000000,4561.39,4575.58,4559.10,4574.34,2044.313,1774935299999,9342363.27118,3914,1094.914,5003919.01469,0
1774935300000,4574.35,4578.65,4573.36,4577.24,2010.955,1774935599999,9201670.41982,3285,623.335,2852129.04889,0
1774935600000,4577.10,4578.14,4572.51,4576.06,669.434,1774935899999,3062943.61039,1965,275.673,1261321.79126,0
1774935900000,4576.06,4580.78,4575.80,4579.35,906.401,1774936199999,4150020.49271,2172,494.966,2266149.56786,0
1774936200000,4579.21,4580.29,4572.85,4573.36,783.742,1774936499999,3586693.39172,2509,286.215,1310017.44421,0
1774936500000,4573.36,4574.39,4567.56,4568.80,959.872,1774936799999,4386940.09197,2529,497.225,2272476.55757,0
1774936800000,4568.80,4569.07,4560.00,4564.23,2124.683,1774937099999,9694983.71077,3607,1104.842,5041198.55376,0
1774937100000,4564.23,4564.98,4559.51,4559.51,1158.647,1774937399999,5286647.88649,2377,504.247,2300830.96678,0
1774937400000,4559.51,4562.46,4557.32,4559.61,1034.888,1774937699999,4718646.75047,2284,647.524,2952266.39383,0
1774937700000,4559.65,4561.46,4555.00,4555.66,1057.758,1774937999999,4820999.63577,2241,570.631,2600720.36326,0
1774938000000,4555.66,4562.50,4555.00,4560.36,1533.185,1774938299999,6987234.83841,2319,820.096,3737796.42941,0
1774938300000,4560.59,4564.52,4560.00,4561.01,872.179,1774938599999,3979618.69631,2066,433.053,1975953.95278,0
1774938600000,4561.00,4565.35,4559.83,4564.62,735.027,1774938899999,3354136.11161,1911,462.058,2108381.75507,0
1774938900000,4564.62,4565.19,4560.30,4561.48,719.236,1774939199999,3281540.59201,1534,282.458,1288623.84362,0
1774939200000,4561.48,4562.13,4556.66,4559.51,727.899,1774939499999,3318329.14057,1587,448.125,2042916.58566,0
1774939500000,4559.52,4561.48,4555.41,4557.01,781.004,1774939799999,3560120.61136,1621,537.613,2450684.92044,0
1774939800000,4557.01,4559.96,4557.01,4558.91,277.169,1774940099999,1263424.44077,901,180.000,820472.50163,0
1774940100000,4558.90,4562.00,4557.69,4557.69,216.556,1774940399999,987398.77187,1006,115.116,524897.64151,0
1774940400000,4557.90,4563.88,4556.31,4560.05,791.649,1774940699999,3610318.01029,2082,472.668,2155371.73101,0
1774940700000,4560.05,4562.69,4557.64,4557.81,574.790,1774940999999,2621011.30653,1375,282.173,1286591.56658,0
1774941000000,4557.81,4558.14,4551.53,4553.07,2610.154,1774941299999,11889672.55215,2355,1362.767,6207513.07144,0
1774941300000,4553.08,4554.79,4544.00,4547.40,1530.257,1774941599999,6962098.00638,2827,417.895,1901707.59067,0
1774941600000,4547.40,4554.80,4547.39,4551.99,1060.869,1774941899999,4829119.05836,1955,737.970,3359216.88013,0
1774941900000,4551.99,4557.65,4550.86,4553.58,833.023,1774942199999,3793999.17465,1843,472.351,2151312.50373,0
1774942200000,4553.58,4558.42,4553.57,4557.97,687.850,1774942499999,3133325.83791,1531,471.170,2146256.99809,0
1774942500000,4557.85,4561.63,4556.01,4556.01,1226.676,1774942799999,5592491.87491,2184,492.601,2245881.46207,0
1774942800000,4556.01,4561.54,4555.51,4560.71,387.673,1774943099999,1767198.61996,1368,275.465,1255677.28906,0
1774943100000,4560.79,4563.52,4559.52,4559.96,1076.538,1774943399999,4910666.46954,1600,616.316,2811299.33040,0
1774943400000,4559.96,4563.75,4558.58,4561.05,608.242,1774943699999,2773860.55324,1504,391.132,1783737.73382,0
1774943700000,4561.05,4567.00,4559.54,4566.01,1056.275,1774943999999,4819874.85865,1934,734.148,3350050.79067,0
1774944000000,4565.90,4569.45,4562.18,4569.43,1258.119,1774944299999,5744387.43085,2690,786.237,3590018.16947,0
1774944300000,4569.44,4573.86,4568.07,4568.32,1804.081,1774944599999,8245892.09815,3218,910.507,4161688.40311,0
1774944600000,4568.46,4569.76,4564.84,4566.96,1060.045,1774944899999,4840829.38256,1880,438.001,2000202.52407,0
1774944900000,4566.90,4569.86,4566.28,4569.43,686.939,1774945199999,3137863.85282,1497,362.036,1653716.27754,0
1774945200000,4569.43,4571.40,4566.50,4569.50,845.227,1774945499999,3862446.87759,1816,337.719,1543267.72625,0
1774945500000,4569.59,4573.79,4567.89,4573.78,836.916,1774945799999,3824939.28460,1466,450.197,2057681.67353,0
1774945800000,4573.79,4573.90,4568.36,4569.85,1143.838,1774946099999,5228456.23529,1864,371.303,1697403.60601,0
1774946100000,4569.86,4575.84,4569.86,4571.16,956.757,1774946399999,4375504.40496,1905,324.679,1484881.59183,0
1774946400000,4571.16,4573.78,4570.04,4571.70,639.042,1774946699999,2921509.20121,1478,304.870,1393791.53500,0
1774946700000,4571.69,4574.44,4570.12,4573.05,817.849,1774946999999,3739338.78651,1628,401.464,1835635.95532,0
1774947000000,4573.05,4574.40,4568.97,4572.24,1746.274,1774947299999,7984683.81443,2206,873.924,3995712.69371,0
1774947300000,4572.25,4572.66,4568.34,4570.23,1664.157,1774947599999,7605765.53381,1927,1186.194,5421339.96226,0
1774947600000,4570.23,4573.23,4564.62,4572.15,1210.911,1774947899999,5531486.01783,2401,627.574,2866932.45039,0
1774947900000,4572.15,4574.01,4568.51,4570.57,1085.292,1774948199999,4962307.18126,1572,488.974,2235419.23072,0
1774948200000,4570.57,4571.70,4568.46,4569.14,482.895,1774948499999,2206698.26095,1281,192.371,879060.95617,0
1774948500000,4568.86,4571.80,4565.29,4569.09,1155.000,1774948799999,5276000.24273,2027,595.106,2718444.38255,0
1774948800000,4569.09,4570.20,4567.16,4568.68,623.686,1774949099999,2849539.57404,1437,289.710,1323651.77047,0
1774949100000,4568.68,4569.18,4562.59,4563.23,703.136,1774949399999,3209705.59831,1791,305.521,1394660.22002,0
1774949400000,4563.23,4563.39,4555.04,4558.12,1914.290,1774949699999,8727261.61120,3476,759.799,3463408.61423,0
1774949700000,4558.13,4559.71,4553.33,4553.34,1062.329,1774949999999,4840340.31167,2426,532.735,2427275.70632,0
1774950000000,4553.33,4556.74,4552.20,4556.74,1370.744,1774950299999,6242852.11249,2102,644.233,2933772.54081,0
1774950300000,4556.74,4560.79,4556.74,4560.20,689.305,1774950599999,3142420.58253,1335,526.682,2401062.67657,0
1774950600000,4560.20,4563.13,4557.32,4557.32,781.847,1774950899999,3565346.21183,1467,319.354,1456398.03285,0
1774950900000,4557.33,4557.33,4552.68,4556.81,702.979,1774951199999,3201959.34153,1737,261.866,1192719.28312,0
1774951200000,4556.81,4561.17,4556.35,4560.91,459.693,1774951499999,2095681.26479,1475,238.394,1086735.68157,0
1774951500000,4560.91,4562.75,4560.16,4561.62,477.371,1774951799999,2177500.54640,1116,318.216,1451517.20263,0
1774951800000,4561.62,4562.63,4557.99,4558.00,619.275,1774952099999,2824105.09384,1296,361.102,1646734.27989,0
1774952100000,4558.00,4560.00,4556.86,4559.50,327.098,1774952399999,1490997.72799,1032,169.437,772304.41225,0
1774952400000,4559.49,4561.23,4557.20,4559.79,215.452,1774952699999,982209.92304,861,120.305,548476.66836,0
1774952700000,4559.80,4561.99,4558.95,4561.67,227.173,1774952999999,1036134.50502,878,122.079,556793.23365,0
1774953000000,4561.68,4561.89,4554.71,4556.08,485.679,1774953299999,2213524.65067,1324,218.843,997495.99438,0
1774953300000,4556.07,4557.07,4535.41,4536.07,6008.484,1774953599999,27287528.05193,6019,2456.192,11155782.24580,0
1774953600000,4536.07,4545.96,4531.63,4542.64,3690.219,1774953899999,16748121.08879,5390,2329.899,10573971.63442,0
1774953900000,4542.45,4544.58,4541.50,4543.63,945.863,1774954199999,4297041.98992,2175,518.451,2355303.11875,0
1774954200000,4543.62,4550.10,4543.43,4550.10,1236.839,1774954499999,5624621.51957,2773,704.509,3203722.12861,0
1774954500000,4550.11,4553.45,4546.09,4548.03,959.425,1774954799999,4365190.95123,2265,326.014,1483350.08429,0
1774954800000,4548.04,4551.14,4546.08,4549.13,865.071,1774955099999,3934954.69821,2221,493.516,2244765.09615,0
1774955100000,4549.13,4550.15,4545.10,4546.63,568.077,1774955399999,2583562.82475,1803,329.100,1496820.19120,0
1774955400000,4546.63,4565.50,4542.23,4552.49,4945.971,1774955699999,22515549.94430,8284,2712.053,12345361.81798,0
1774955700000,4552.48,4570.60,4550.93,4566.98,3031.807,1774955999999,13834677.30803,5860,1534.342,7001877.95083,0
1774956000000,4567.09,4577.46,4565.44,4576.78,2864.279,1774956299999,13101479.83294,5416,1393.329,6373026.02636,0
1774956300000,4576.79,4583.96,4576.40,4576.41,3927.265,1774956599999,17987411.82963,4790,1989.284,9111500.50817,0
1774956600000,4576.43,4580.22,4570.51,4579.48,3288.614,1774956899999,15043509.64934,3451,1540.879,7048249.94583,0
1774956900000,4579.49,4593.64,4575.61,4590.28,5745.278,1774957199999,26329975.17747,4433,3073.856,14088029.92668,0
1774957200000,4590.27,4592.79,4584.22,4592.53,3717.177,1774957499999,17057445.68995,3398,1320.925,6061186.13706,0
1774957500000,4592.53,4593.27,4583.71,4586.24,3111.124,1774957799999,14276440.41230,3472,1408.434,6463033.62589,0
1774957800000,4586.24,4587.94,4580.22,4582.38,2481.272,1774958099999,11372499.95801,3481,1217.009,5577696.03629,0
1774958100000,4582.39,4583.99,4577.81,4583.00,1174.928,1774958399999,5382709.30170,2489,487.586,2233970.71235,0
1774958400000,4583.00,4589.00,4582.59,4585.99,862.746,1774958699999,3956394.18539,2800,372.342,1707423.16279,0
1774958700000,4586.00,4597.99,4585.02,4592.52,1635.734,1774958999999,7512441.37653,4103,909.781,4178230.60961,0
1774959000000,4592.53,4592.91,4575.78,4577.32,2885.265,1774959299999,13225825.45382,6057,1274.381,5841407.10692,0
1774959300000,4577.31,4582.52,4572.60,4582.15,2647.213,1774959599999,12115769.20357,5414,1475.662,6754246.62814,0
1774959600000,4581.95,4583.14,4576.22,4578.61,753.652,1774959899999,3451270.83768,3222,357.841,1638662.59636,0
1774959900000,4578.61,4583.12,4574.20,4580.52,1728.402,1774960199999,7914739.13441,3837,884.567,4050548.05505,0
1774960200000,4580.74,4583.91,4579.15,4583.64,614.928,1774960499999,2817584.32595,2204,288.423,1321536.19731,0
1774960500000,4583.70,4590.63,4583.23,4585.36,918.730,1774960799999,4214207.42392,2560,551.143,2527971.29273,0
1774960800000,4585.37,4586.83,4578.64,4579.67,702.730,1774961099999,3220261.68610,1848,187.539,859315.85750,0
1774961100000,4579.66,4581.80,4570.49,4573.99,2043.370,1774961399999,9348684.47474,3137,942.845,4313239.41944,0
1774961400000,4574.00,4575.96,4570.94,4575.22,732.405,1774961699999,3349374.21740,2003,402.824,1842173.27760,0
1774961700000,4575.03,4578.08,4571.40,4575.48,657.751,1774961999999,3009114.96280,1746,166.591,762087.00404,0
1774962000000,4575.48,4579.46,4569.00,4571.08,1692.996,1774962299999,7743099.71331,4333,842.200,3851276.83098,0
1774962300000,4571.09,4581.39,4569.37,4581.39,1007.630,1774962599999,4609513.07780,2769,467.268,2137576.72847,0
1774962600000,4581.39,4583.56,4577.65,4581.95,847.162,1774962899999,3880746.63456,2238,315.387,1444809.11897,0
1774962900000,4581.94,4586.77,4581.53,4583.75,795.303,1774963199999,3646366.91365,1935,404.574,1854942.38464,0
1774963200000,4583.74,4587.88,4583.00,4584.25,892.955,1774963499999,4095223.02237,1914,303.388,1391226.24109,0
1774963500000,4584.24,4584.24,4574.37,4574.38,666.385,1774963799999,3051379.72572,1887,289.960,1327500.58082,0
1774963800000,4574.37,4580.65,4569.51,4579.52,2033.710,1774964099999,9303820.04061,4708,1184.025,5416531.15467,0
1774964100000,4579.57,4585.81,4573.47,4584.03,1260.652,1774964399999,5772873.03414,3899,612.739,2805824.46473,0
1774964400000,4584.03,4590.44,4583.59,4587.93,1932.764,1774964699999,8867343.81820,3080,716.821,3288755.83243,0
1774964700000,4587.94,4591.58,4586.12,4590.42,1531.908,1774964999999,7030066.16718,3182,693.026,3180446.05225,0
1774965000000,4590.42,4609.31,4585.90,4606.22,4748.901,1774965299999,21844649.22384,6982,2451.961,11279191.23703,0
1774965300000,4606.22,4609.00,4593.62,4607.35,3126.021,1774965599999,14385943.40159,5304,1195.066,5498183.02323,0
1774965600000,4607.28,4624.55,4604.60,4613.95,8312.236,1774965899999,38366727.46632,11380,3846.313,17750727.95712,0
1774965900000,4613.95,4615.11,4604.33,4604.82,2531.999,1774966199999,11672117.80356,5567,959.649,4423685.19595,0
1774966200000,4604.82,4614.96,4603.00,4614.40,2704.791,1774966499999,12463488.58708,4721,1227.684,5657434.61290,0
1774966500000,4614.61,4614.61,4607.15,4611.08,1935.423,1774966799999,8923706.84234,4259,740.626,3414828.92779,0
1774966800000,4611.08,4614.43,4603.50,4612.09,2338.928,1774967099999,10779941.19885,4495,1142.561,5266040.89439,0
1774967100000,4612.09,4619.34,4606.12,4618.67,3643.558,1774967399999,16811710.76603,4922,1978.010,9127618.97052,0
1774967400000,4618.68,4631.98,4615.00,4621.21,6704.018,1774967699999,30993903.68802,8451,3898.154,18022063.69230,0
1774967700000,4621.21,4622.96,4608.56,4608.98,3421.949,1774967999999,15786905.89414,5288,1882.953,8686896.52559,0
1774968000000,4609.22,4612.06,4604.69,4608.50,1975.861,1774968299999,9104721.17221,3700,936.796,4316765.69421,0
1774968300000,4608.50,4611.27,4600.64,4601.42,2723.463,1774968599999,12544421.25084,4342,1264.590,5825832.09901,0
1774968600000,4601.42,4606.72,4600.97,4605.27,2030.038,1774968899999,9345295.56869,3914,930.918,4285733.27855,0
1774968900000,4605.26,4605.26,4594.52,4599.46,3133.869,1774969199999,14411379.85044,5541,1333.395,6131878.41344,0
1774969200000,4599.46,4615.00,4599.46,4613.52,1983.350,1774969499999,9140533.47158,4470,1178.535,5430815.74918,0
1774969500000,4613.52,4618.62,4612.63,4613.95,2358.459,1774969799999,10886450.08400,3545,1036.795,4785876.85012,0
1774969800000,4614.00,4623.34,4613.52,4622.30,1878.446,1774970099999,8676152.61390,3279,1055.667,4876212.03370,0
1774970100000,4622.30,4624.56,4616.00,4618.71,2115.125,1774970399999,9771861.30845,4204,869.413,4016709.00098,0
1774970400000,4618.94,4618.94,4612.58,4618.30,1170.831,1774970699999,5404384.41643,2973,435.842,2011937.59669,0
1774970700000,4618.30,4619.00,4608.23,4610.08,1393.408,1774970999999,6426595.31235,2898,687.911,3172652.25516,0
1774971000000,4610.05,4614.62,4607.62,4614.62,922.005,1774971299999,4251434.78329,2136,625.794,2885789.40502,0
1774971300000,4614.61,4618.89,4614.61,4618.89,1034.459,1774971599999,4776010.82412,2302,451.051,2082403.56011,0
1774971600000,4618.89,4620.55,4616.00,4619.80,1108.157,1774971899999,5118635.94020,2361,450.522,2080984.06370,0
1774971900000,4619.80,4621.50,4615.28,4615.28,1029.823,1774972199999,4755964.73914,2108,348.603,1609926.07201,0
1774972200000,4615.27,4623.01,4614.30,4618.30,1208.064,1774972499999,5581782.50741,2825,562.120,2597141.80964,0
1774972500000,4618.31,4619.22,4609.04,4610.21,1863.418,1774972799999,8592912.82909,2964,1078.841,4974445.59471,0
1774972800000,4610.21,4618.30,4608.00,4614.00,1300.934,1774973099999,6001737.29133,2761,661.463,3051656.14888,0
1774973100000,4614.00,4619.97,4613.84,4619.50,778.608,1774973399999,3593904.51757,1883,363.150,1676252.88506,0
1774973400000,4619.47,4619.67,4608.00,4612.41,1375.183,1774973699999,6340776.47838,2658,714.099,3292162.43966,0
1774973700000,4612.40,4618.46,4612.40,4615.05,747.463,1774973999999,3449808.89420,1806,386.654,1784505.58296,0
1774974000000,4615.05,4617.80,4610.06,4617.80,908.460,1774974299999,4190920.37066,1834,334.209,1541859.98345,0
1774974300000,4617.80,4618.39,4615.27,4617.34,496.870,1774974599999,2294010.18125,1466,220.504,1018043.59434,0
1774974600000,4617.35,4618.69,4615.72,4616.84,403.592,1774974899999,1863432.72759,1393,133.342,615645.13901,0
1774974900000,4616.85,4634.30,4615.14,4633.56,2525.174,1774975199999,11681302.76451,5139,1585.930,7337996.76585,0
1774975200000,4633.20,4651.33,4632.77,4642.34,13920.585,1774975499999,64627645.54225,18166,7763.809,36040958.89544,0
1774975500000,4642.33,4647.12,4631.28,4641.23,5968.069,1774975799999,27680282.22944,9246,2853.386,13234040.82197,0
1774975800000,4641.24,4649.73,4635.03,4637.05,4139.392,1774976099999,19215281.63894,7982,1785.683,8289023.14324,0
1774976100000,4637.09,4642.89,4635.50,4638.15,2296.567,1774976399999,10653965.87617,4959,1189.504,5518548.95314,0
1774976400000,4638.16,4655.19,4638.16,4647.47,3416.710,1774976699999,15881017.69303,6744,1740.062,8087877.35698,0
1774976700000,4647.68,4648.99,4637.60,4639.77,3997.676,1774976999999,18562707.56464,5807,1681.886,7809621.91415,0
1774977000000,4639.80,4645.37,4637.01,4643.11,2498.877,1774977299999,11599090.59443,4956,1418.125,6582205.43716,0
1774977300000,4643.10,4648.48,4640.68,4647.44,1624.277,1774977599999,7543334.53410,3526,1063.556,4939556.83325,0
1774977600000,4647.43,4657.20,4644.30,4650.36,2571.712,1774977899999,11963033.00938,4931,1276.509,5938062.33201,0
1774977900000,4650.36,4651.71,4643.10,4648.43,2264.744,1774978199999,10524380.28963,4543,962.451,4472147.66672,0
1774978200000,4648.42,4658.44,4648.00,4658.42,2365.122,1774978499999,11005544.34202,4519,1004.997,4676770.33071,0
1774978500000,4658.43,4661.56,4645.85,4650.74,3531.642,1774978799999,16436376.81531,6634,1657.885,7715846.88478,0
1774978800000,4650.74,4663.84,4650.40,4659.53,3202.218,1774979099999,14911814.91729,5911,1613.210,7512327.28875,0
1774979100000,4659.59,4665.83,4658.01,4661.86,2482.935,1774979399999,11574376.84075,4499,1151.373,5367415.53936,0
1774979400000,4661.86,4666.59,4659.28,4661.98,1792.266,1774979699999,8357375.13839,3497,843.568,3933493.44312,0
1774979700000,4661.79,4661.80,4653.31,4654.89,1285.763,1774979999999,5987049.75223,3487,656.681,3057419.42675,0
1774980000000,4654.88,4660.76,4653.66,4654.66,1154.513,1774980299999,5376902.55551,3146,558.996,2603523.56507,0
1774980300000,4654.66,4670.00,4653.16,4665.55,2101.128,1774980599999,9798486.96830,4554,1373.586,6406523.16446,0
1774980600000,4665.35,4668.70,4660.16,4665.10,1565.464,1774980899999,7302226.17416,3646,647.262,3019470.56770,0
1774980900000,4665.09,4668.48,4663.78,4665.48,997.271,1774981199999,4652704.20338,2409,433.626,2023091.07413,0
1774981200000,4665.62,4667.28,4662.23,4662.93,1208.748,1774981499999,5639010.15538,2270,404.296,1885942.70120,0
1774981500000,4662.93,4665.91,4658.96,4663.89,1298.349,1774981799999,6053125.85719,3053,486.496,2268251.96544,0
1774981800000,4663.89,4665.65,4660.81,4660.81,900.730,1774982099999,4200087.63938,2576,345.873,1612825.55024,0
1774982100000,4660.81,4669.39,4659.39,4668.84,1378.254,1774982399999,6430342.82266,2487,546.756,2550909.27627,0
1774982400000,4668.84,4668.97,4663.47,4666.31,705.371,1774982699999,3291386.25519,2096,307.571,1435005.91017,0
1774982700000,4666.31,4669.00,4663.14,4664.66,702.498,1774982999999,3278469.71627,1885,333.755,1557470.23219,0
1774983000000,4664.73,4667.99,4664.35,4666.93,745.914,1774983299999,3480725.43702,1581,480.261,2241004.68131,0
1774983300000,4666.92,4668.50,4665.40,4665.74,1521.131,1774983599999,7099539.02656,1507,625.292,2918271.72526,0
1774983600000,4665.74,4674.75,4665.74,4669.34,3648.196,1774983899999,17038868.79700,3845,2302.853,10754330.14117,0
1774983900000,4669.34,4670.29,4660.32,4660.61,1403.861,1774984199999,6550722.77362,2963,615.973,2874200.90315,0
1774984200000,4660.56,4669.87,4660.56,4669.60,1215.676,1774984499999,5674133.89202,2420,402.283,1877299.90915,0
1774984500000,4669.61,4673.47,4667.80,4671.45,1183.656,1774984799999,5528886.97503,2540,633.255,2957863.24067,0
1774984800000,4671.42,4678.60,4671.42,4673.64,1789.137,1774985099999,8366215.93404,3373,883.399,4130939.99583,0
1774985100000,4673.65,4675.32,4669.72,4671.06,735.832,1774985399999,3437764.96648,2231,323.353,1510710.21540,0
1774985400000,4671.06,4677.19,4671.06,4675.16,1039.525,1774985699999,4859337.84424,2646,441.635,2064301.94807,0
1774985700000,4674.98,4681.65,4674.78,4680.69,1409.887,1774985999999,6596605.22507,2951,902.588,4223452.58406,0
1774986000000,4680.70,4681.92,4674.79,4679.18,1032.665,1774986299999,4831357.04061,2732,441.874,2067313.85477,0
1774986300000,4679.17,4683.18,4678.21,4681.46,1017.759,1774986599999,4763818.03558,2348,539.382,2524716.26786,0
1774986600000,4681.47,4683.60,4677.80,4682.50,834.305,1774986899999,3905414.65069,2471,342.316,1602449.92584,0
1774986900000,4682.49,4682.82,4679.01,4680.51,769.202,1774987199999,3600613.65693,2186,356.063,1666677.64340,0
1774987200000,4680.51,4684.78,4677.30,4679.04,1049.788,1774987499999,4914364.85298,2587,358.381,1677896.50834,0
1774987500000,4679.04,4681.46,4674.95,4675.45,983.054,1774987799999,4599279.35542,2180,424.144,1984609.60375,0
1774987800000,4675.45,4677.94,4674.61,4677.38,570.667,1774988099999,2668765.89094,1606,264.792,1238302.94066,0
1774988100000,4677.38,4679.95,4675.01,4675.33,382.617,1774988399999,1789373.38345,1199,115.651,540902.77379,0
1774988400000,4675.33,4676.10,4670.36,4670.36,914.761,1774988699999,4274316.98755,1865,240.777,1125100.68275,0
1774988700000,4670.37,4671.39,4666.61,4667.63,1062.638,1774988999999,4961630.74307,2498,399.199,1863952.42285,0
1774989000000,4667.64,4672.71,4666.42,4672.48,630.366,1774989299999,2943366.36484,1364,220.094,1027685.37889,0
1774989300000,4672.48,4673.02,4665.15,4668.45,725.017,1774989599999,3384922.06544,2136,232.899,1087274.31470,0
1774989600000,4668.44,4670.96,4665.60,4666.20,601.311,1774989899999,2806963.88007,1597,230.599,1076534.66848,0
1774989900000,4666.20,4667.19,4664.44,4666.01,1473.458,1774990199999,6875308.21544,2584,384.678,1794885.40376,0
1774990200000,4666.00,4666.70,4662.50,4663.44,736.702,1774990499999,3436166.40283,1496,216.846,1011555.16595,0
1774990500000,4663.44,4668.57,4662.96,4668.57,484.613,1774990799999,2261356.70341,1426,295.634,1379571.51720,0
1774990800000,4668.57,4668.57,4666.09,4666.60,216.571,1774991099999,1010707.43450,660,75.790,353686.03481,0
1774991100000,4666.60,4667.19,4665.20,4665.20,116.554,1774991399999,543893.78575,376,57.308,267437.33880,0
1774991400000,4665.20,4665.73,4664.00,4664.04,309.594,1774991699999,1444202.51124,698,77.688,362400.33428,0
1774991700000,4664.04,4664.05,4663.34,4663.65,188.319,1774991999999,878255.89920,530,56.718,264509.44428,0
1774992000000,4663.66,4663.89,4662.28,4662.28,162.574,1774992299999,758144.28022,649,47.303,220604.83894,0
1774992300000,4662.28,4662.48,4660.67,4660.67,240.040,1774992599999,1119051.78339,794,57.939,270121.70621,0
1774992600000,4660.68,4664.88,4660.67,4664.88,209.094,1774992899999,974978.87651,671,174.241,812446.34438,0
1774992900000,4664.88,4665.70,4664.44,4664.63,125.630,1774993199999,586079.21661,655,54.593,254690.37362,0
1774993200000,4664.63,4666.47,4663.84,4666.18,199.249,1774993499999,929623.69776,904,129.126,602447.00501,0
1774993500000,4666.14,4666.14,4664.66,4664.67,129.260,1774993799999,603020.44067,798,67.525,315008.72908,0
1774993800000,4664.66,4664.67,4662.00,4662.15,184.898,1774994099999,862217.34448,1018,70.881,330517.38018,0
1774994100000,4662.15,4665.28,4661.33,4662.02,417.090,1774994399999,1945011.97362,1575,116.788,544592.38645,0
1774994400000,4662.01,4677.39,4661.89,4672.35,2972.240,1774994699999,13892596.59133,5088,1268.047,5927031.05983,0
1774994700000,4672.34,4676.09,4662.26,4667.83,1748.226,1774994999999,8163726.85309,3182,821.108,3835454.95240,0
1774995000000,4667.65,4671.72,4660.96,4666.90,2094.105,1774995299999,9769520.35116,4287,1041.567,4858647.00145,0
1774995300000,4666.91,4671.35,4664.43,4665.23,1095.536,1774995599999,5114900.42585,2633,435.415,2032773.89457,0
1774995600000,4665.43,4679.38,4661.42,4679.04,1579.065,1774995899999,7372771.24471,3405,856.028,3996559.66645,0
1774995900000,4678.85,4683.49,4669.79,4671.99,2070.264,1774996199999,9682023.07536,3637,785.744,3673496.87427,0
1774996200000,4672.21,4673.36,4668.66,4670.47,831.040,1774996499999,3881839.87727,1868,283.300,1323240.29277,0
1774996500000,4670.35,4693.20,4669.72,4692.94,4359.399,1774996799999,20428060.17802,7050,2638.083,12362731.30890,0
1774996800000,4692.93,4693.97,4681.62,4682.45,2045.803,1774997099999,9592059.52327,5431,956.070,4482403.10502,0
1774997100000,4682.45,4684.64,4660.33,4668.68,3604.208,1774997399999,16830576.97748,7515,1911.896,8925459.23011,0
1774997400000,4668.68,4675.88,4665.69,4668.23,3719.136,1774997699999,17363799.56133,3511,2017.326,9417670.16133,0
1774997700000,4668.18,4680.89,4662.08,4677.75,2878.395,1774997999999,13450531.58345,5819,1313.149,6135675.14513,0
1774998000000,4677.78,4679.75,4673.21,4674.42,983.852,1774998299999,4600946.87905,3042,371.360,1736706.38885,0
1774998300000,4674.33,4674.96,4671.48,4671.67,430.900,1774998599999,2013577.54697,1748,197.239,921688.12222,0
1774998600000,4671.68,4677.46,4670.46,4672.95,740.913,1774998899999,3463075.62667,2040,371.143,1734675.12313,0
1774998900000,4672.96,4677.63,4671.86,4671.87,754.108,1774999199999,3525180.56845,1802,464.391,2170828.05034,0
1774999200000,4671.87,4674.64,4669.74,4673.84,712.406,1774999499999,3328483.46951,2628,303.775,1419271.23657,0
1774999500000,4673.84,4681.49,4673.84,4680.28,974.254,1774999799999,4558217.81392,2238,492.558,2304534.76634,0
1774999800000,4680.20,4685.67,4679.41,4684.45,730.693,1775000099999,3421966.63412,2067,414.589,1941520.26218,0
1775000100000,4684.46,4689.18,4684.02,4689.18,657.257,1775000399999,3079933.95786,1919,382.120,1790716.94896,0
1775000400000,4689.18,4692.17,4686.57,4687.72,1111.220,1775000699999,5210967.83120,2752,386.338,1811736.85841,0
1775000700000,4687.73,4689.95,4685.48,4686.55,868.810,1775000999999,4072285.52050,1938,291.331,1365525.31081,0
1775001000000,4686.56,4690.24,4686.55,4688.87,530.654,1775001299999,2488118.29884,1731,327.594,1536026.43756,0
1775001300000,4688.87,4699.00,4688.87,4693.91,1964.661,1775001599999,9224569.92817,3663,1120.856,5263103.03889,0
