open_time,open,high,low,close,volume,close_time,quote_volume,count,taker_buy_volume,taker_buy_quote_volume,ignore
1775001600000,4693.91,4702.53,4691.24,4700.85,8751.271,1775002499999,41107000.24637,12341,4235.188,19895214.28318,0
1775002500000,4700.76,4718.79,4699.68,4718.64,13287.905,1775003399999,62583494.62415,13736,7367.390,34695866.06597,0
1775003400000,4718.67,4719.50,4697.59,4704.41,7006.709,1775004299999,32979311.46625,10360,3258.662,15336831.29377,0
1775004300000,4704.40,4716.00,4702.72,4708.25,5256.725,1775005199999,24748021.22290,9896,2851.306,13421883.44146,0
1775005200000,4708.26,4720.00,4687.29,4705.27,10181.106,1775006099999,47902262.32762,20577,4917.610,23136187.22502,0
1775006100000,4705.27,4705.47,4689.66,4704.94,3720.321,1775006999999,17472337.32681,11195,1569.351,7371059.23717,0
1775007000000,4704.94,4704.94,4679.00,4684.23,6359.072,1775007899999,29812081.22980,12113,3254.825,15254539.19314,0
1775007900000,4684.23,4694.18,4683.85,4689.30,4061.042,1775008799999,19037659.00530,8782,2145.120,10055880.98712,0
1775008800000,4689.33,4696.55,4683.85,4690.28,4057.750,1775009699999,19032933.84503,9295,2116.712,9929140.52963,0
1775009700000,4690.27,4694.23,4680.72,4684.25,2472.889,1775010599999,11590440.92472,6384,1130.771,5299431.57512,0
1775010600000,4684.24,4686.78,4676.21,4679.50,4076.474,1775011499999,19076366.92678,8710,2046.587,9577253.31159,0
1775011500000,4679.50,4686.32,4676.81,4681.81,2554.450,1775012399999,11959605.73652,5531,1412.325,6611927.29623,0
1775012400000,4681.80,4689.44,4680.77,4686.62,1829.333,1775013299999,8570384.68751,5423,942.025,4413178.37905,0
1775013300000,4686.63,4690.95,4682.36,4684.67,1647.294,1775014199999,7721896.18064,4824,799.988,3750037.68722,0
1775014200000,4684.67,4686.24,4680.84,4684.69,1119.215,1775015099999,5242339.10056,3548,649.424,3041912.84375,0
1775015100000,4684.69,4686.47,4677.86,4679.57,1457.288,1775015999999,6821635.27411,3833,589.650,2760209.82606,0
1775016000000,4679.57,4679.89,4670.70,4671.04,2627.758,1775016899999,12283912.47707,5639,882.341,4124355.50096,0
1775016900000,4670.98,4672.70,4665.43,4670.85,5033.031,1775017799999,23498642.88837,6414,2333.395,10893391.30702,0
1775017800000,4670.85,4674.40,4666.73,4674.29,1963.446,1775018699999,9171874.25566,4523,915.280,4275721.34191,0
1775018700000,4674.30,4679.50,4670.92,4674.32,1759.117,1775019599999,8225020.50006,4376,1015.367,4747303.27307,0
1775019600000,4674.32,4683.36,4672.81,4681.44,1394.494,1775020499999,6524184.63503,4212,882.021,4126484.30791,0
1775020500000,4681.44,4689.26,4679.07,4685.65,3586.337,1775021399999,16798335.87664,7109,2165.344,10142494.08157,0
1775021400000,4685.64,4701.99,4685.64,4699.77,6050.798,1775022299999,28404441.99834,9969,3416.352,16037669.96520,0
1775022300000,4699.78,4701.68,4682.48,4682.71,7899.195,1775023199999,37077728.34917,8187,3472.664,16296476.17324,0
1775023200000,4682.70,4695.43,4681.18,4695.35,5761.987,1775024099999,27004453.14976,8728,3096.487,14511775.58524,0
1775024100000,4695.43,4708.89,4690.65,4706.89,5633.868,1775024999999,26485725.99530,9964,2788.283,13108513.40297,0
1775025000000,4706.90,4710.64,4699.73,4706.45,4360.826,1775025899999,20521573.16126,9034,2035.206,9577941.83290,0
1775025900000,4706.56,4728.99,4706.47,4727.24,11214.814,1775026799999,52960405.93737,15545,5724.856,27034326.26467,0
1775026800000,4727.24,4729.00,4711.59,4713.09,5736.893,1775027699999,27073165.03883,11414,2636.914,12444359.74087,0
1775027700000,4713.09,4722.57,4710.45,4720.11,4299.025,1775028599999,20278824.24983,7198,2074.001,9782968.61590,0
1775028600000,4720.10,4742.86,4719.15,4727.40,12650.169,1775029499999,59868393.48935,15678,6919.045,32745218.75372,0
1775029500000,4727.32,4729.08,4707.27,4709.76,7280.639,1775030399999,34332847.85588,15386,3559.543,16783271.99735,0
1775030400000,4709.76,4722.94,4707.27,4715.32,6076.407,1775031299999,28651198.36887,14151,2931.647,13823009.63265,0
1775031300000,4715.33,4731.42,4713.60,4726.47,4022.311,1775032199999,19000451.24927,9478,2020.200,9542564.91088,0
1775032200000,4726.47,4735.93,4722.46,4727.65,5159.185,1775033099999,24402891.33416,9980,2354.951,11137985.32196,0
1775033100000,4727.64,4728.57,4721.55,4724.67,2830.590,1775033999999,13376677.21922,6951,1155.880,5462487.04728,0
1775034000000,4724.67,4726.56,4714.38,4714.83,2923.997,1775034899999,13799958.16967,7582,1371.866,6474931.49807,0
1775034900000,4714.84,4721.22,4711.35,4717.05,3122.041,1775035799999,14722316.21591,6132,1867.753,8807424.05685,0
1775035800000,4717.04,4719.69,4710.87,4716.77,3065.055,1775036699999,14455868.88281,6703,1684.712,7946129.30411,0
1775036700000,4716.77,4725.04,4716.76,4720.41,1787.151,1775037599999,8437619.11797,5631,911.535,4303495.84690,0
1775037600000,4720.62,4722.20,4712.67,4713.00,1765.724,1775038499999,8328141.93302,5472,804.455,3794128.62891,0
1775038500000,4713.00,4724.80,4712.36,4724.34,2170.178,1775039399999,10243376.87846,5066,1077.613,5086170.44413,0
1775039400000,4724.34,4732.30,4722.94,4730.87,2728.480,1775040299999,12898453.47084,5699,1226.782,5799543.52845,0
1775040300000,4730.88,4734.50,4724.08,4728.76,3508.781,1775041199999,16592076.55758,6989,1360.969,6435633.07792,0
1775041200000,4728.76,4736.99,4725.91,4734.53,2943.059,1775042099999,13930065.44499,6851,1743.002,8249893.03545,0
1775042100000,4734.53,4742.43,4733.45,4741.09,3709.287,1775042999999,17577778.56784,7761,1944.438,9214380.24707,0
1775043000000,4741.10,4759.02,4741.10,4755.87,11219.618,1775043899999,53290363.50362,14379,6434.532,30563249.58310,0
1775043900000,4755.87,4756.83,4747.72,4748.03,4455.605,1775044799999,21176396.33588,8998,1688.282,8024519.09527,0
1775044800000,4747.95,4749.80,4736.32,4739.91,5265.023,1775045699999,24967563.90795,10014,2413.950,11447058.55062,0
1775045700000,4739.90,4741.98,4721.76,4732.17,7049.678,1775046599999,33348359.63588,13385,3675.479,17385037.35108,0
1775046600000,4732.17,4748.87,4729.00,4744.70,10093.761,1775047499999,47803075.99744,17153,5330.039,25240859.58764,0
1775047500000,4744.69,4748.61,4721.35,4721.85,11588.383,1775048399999,54858736.39190,25102,5823.827,27566978.03330,0
1775048400000,4721.85,4730.10,4712.50,4728.05,6564.693,1775049299999,30984448.07955,16180,3285.833,15509738.54311,0
1775049300000,4728.04,4738.00,4726.51,4731.85,3216.721,1775050199999,15225135.31806,8999,1761.284,8336533.94062,0
1775050200000,4731.89,4744.84,4726.66,4739.25,6364.826,1775051099999,30152682.78020,16405,2817.312,13345860.27291,0
1775051100000,4739.24,4744.54,4730.74,4735.66,6417.860,1775051999999,30405267.66361,13551,2782.870,13182309.44482,0
1775052000000,4735.65,4742.97,4721.28,4740.83,7289.468,1775052899999,34520240.15162,16822,3610.310,17097490.17795,0
1775052900000,4740.82,4751.96,4727.90,4738.95,7212.863,1775053799999,34189202.69633,14932,3959.894,18770838.13153,0
1775053800000,4739.01,4752.33,4732.20,4750.30,5407.721,1775054699999,25658173.39090,11858,2586.090,12270479.59935,0
1775054700000,4750.33,4764.67,4748.73,4757.14,7673.231,1775055599999,36506652.76907,13725,3761.239,17893931.31643,0
1775055600000,4757.14,4771.54,4755.36,4760.06,8726.720,1775056499999,41575659.73166,14790,4287.580,20430803.93671,0
1775056500000,4760.16,4772.87,4757.70,4767.55,5369.627,1775057399999,25589737.05058,9520,2342.399,11163489.18426,0
1775057400000,4767.59,4783.50,4764.58,4781.93,8885.467,1775058299999,42434695.18393,13214,4491.154,21451722.85121,0
1775058300000,4781.93,4785.00,4779.01,4783.63,4438.111,1775059199999,21225102.05458,8136,1973.335,9437279.36316,0
1775059200000,4783.64,4788.00,4770.07,4771.32,6478.487,1775060099999,30966655.92884,11757,3502.098,16742259.16525,0
1775060100000,4771.32,4779.07,4770.33,4773.36,3106.883,1775060999999,14835463.03074,7112,1762.228,8414788.07336,0
1775061000000,4773.36,4781.88,4772.58,4781.47,2661.248,1775061899999,12717203.93871,5643,1680.590,8031171.35063,0
1775061900000,4781.57,4785.37,4778.64,4783.69,1440.686,1775062799999,6888487.61523,3742,762.650,3646906.03512,0
1775062800000,4783.54,4790.49,4783.02,4785.51,3407.636,1775063699999,16315003.98316,6886,1783.447,8539090.69831,0
1775063700000,4785.31,4785.95,4779.76,4780.92,3755.367,1775064599999,17962812.51057,6371,1779.678,8512790.45828,0
1775064600000,4780.92,4781.91,4772.64,4777.76,3868.622,1775065499999,18482226.34799,6475,1694.112,8092403.56228,0
1775065500000,4777.77,4779.12,4770.40,4770.81,2099.142,1775066399999,10022197.25221,4720,944.919,4511599.05821,0
1775066400000,4770.80,4771.92,4756.66,4767.52,7564.778,1775067299999,36047486.61643,12456,4068.866,19388534.87419,0
1775067300000,4767.48,4767.48,4750.20,4750.75,5293.200,1775068199999,25172596.29489,10691,2624.627,12481688.01625,0
1775068200000,4750.76,4762.25,4739.07,4752.96,11355.984,1775069099999,53944561.30031,14622,5860.220,27834051.36915,0
1775069100000,4753.08,4754.97,4748.15,4749.46,2468.632,1775069999999,11729641.44529,6860,1347.268,6401327.84796,0
1775070000000,4749.86,4761.36,4748.21,4755.91,2575.144,1775070899999,12244403.59854,6870,1416.885,6737043.95967,0
1775070900000,4755.99,4764.72,4754.82,4762.19,2153.381,1775071799999,10247351.17701,5567,1006.436,4789397.03008,0
1775071800000,4762.20,4774.55,4759.49,4765.99,2551.078,1775072699999,12159543.04851,5906,1262.354,6017711.00924,0
1775072700000,4765.98,4768.29,4755.21,4763.15,3070.525,1775073599999,14623587.44512,7691,1517.345,7225923.62703,0
1775073600000,4762.90,4766.48,4759.70,4765.29,1173.888,1775074499999,5591547.02326,3430,523.184,2492165.36611,0
1775074500000,4765.29,4767.28,4757.29,4758.35,1171.933,1775075399999,5582076.51018,2781,439.258,2092117.02654,0
1775075400000,4758.35,4760.66,4751.53,4755.94,1002.971,1775076299999,4770056.32689,3488,509.864,2424997.69243,0
1775076300000,4755.94,4760.04,4753.89,4755.61,891.726,1775077199999,4241348.52163,2643,566.121,2692648.08552,0
1775077200000,4755.61,4758.60,4754.16,4758.59,763.097,1775078099999,3629500.86029,2180,452.320,2151451.87075,0
1775078100000,4758.59,4758.60,4755.36,4757.14,349.899,1775078999999,1664503.64156,1245,193.503,920479.52680,0
1775079000000,4757.14,4758.54,4755.81,4757.84,524.636,1775079899999,2495893.94776,1946,256.957,1222495.05823,0
1775079900000,4757.84,4760.84,4756.44,4758.23,329.353,1775080799999,1567072.37792,1737,145.838,693922.87208,0
1775080800000,4758.23,4760.00,4748.01,4755.90,5311.129,1775081699999,25252473.69316,9824,2119.073,10075376.95574,0
1775081700000,4755.90,4770.30,4755.37,4769.20,3585.451,1775082599999,17071587.84456,6388,2021.231,9623387.11653,0
1775082600000,4769.20,4777.44,4767.40,4771.33,2466.201,1775083499999,11768588.20684,6310,1123.492,5361322.80336,0
1775083500000,4771.33,4777.97,4770.70,4772.47,1344.825,1775084399999,6420343.61563,4441,601.442,2871434.86148,0
1775084400000,4772.47,4786.52,4768.90,4786.52,2587.688,1775085299999,12363575.84405,6162,1204.119,5754709.00575,0
1775085300000,4786.52,4794.13,4784.04,4789.65,4436.107,1775086199999,21246248.77280,9013,2246.086,10757971.78481,0
1775086200000,4789.66,4794.47,4783.68,4784.66,2220.106,1775087099999,10630773.58173,6184,883.037,4228300.40000,0
1775087100000,4784.65,4784.79,4774.50,4780.54,2360.845,1775087999999,11283239.84151,6775,1242.567,5938382.63209,0
1775088000000,4780.54,4789.39,4771.07,4788.28,3638.982,1775088899999,17394489.41667,9365,1891.316,9039781.95507,0
1775088900000,4788.28,4794.27,4784.33,4785.87,3362.558,1775089799999,16106566.49890,7527,1675.018,8023663.68545,0
1775089800000,4785.87,4792.24,4781.01,4784.05,2817.369,1775090699999,13483749.94474,6798,1370.840,6560529.69676,0
1775090700000,4784.04,4787.65,4779.99,4781.50,3041.646,1775091599999,14549642.85381,7742,1589.598,7603795.69762,0
1775091600000,4781.49,4782.63,4721.69,4747.95,33700.061,1775092499999,159893636.33219,49767,16611.951,78807422.50289,0
1775092500000,4747.94,4749.01,4685.37,4694.16,44553.010,1775093399999,210069994.84745,55634,23404.796,110336499.15252,0
1775093400000,4694.13,4710.00,4651.59,4688.16,38599.278,1775094299999,180635772.63108,48681,19950.019,93373188.76832,0
1775094300000,4688.16,4709.87,4683.47,4694.74,10707.959,1775095199999,50281936.48683,24393,5301.904,24895741.44201,0
1775095200000,4694.70,4702.78,4678.12,4687.66,9373.636,1775096099999,43964931.19549,21584,5104.879,23942561.21712,0
1775096100000,4687.90,4701.70,4686.22,4689.39,6873.506,1775096999999,32256527.22119,15494,3518.541,16511677.85943,0
1775097000000,4689.41,4690.00,4657.00,4676.86,18510.425,1775097899999,86439451.07864,26038,8683.502,40557729.01588,0
1775097900000,4676.86,4689.01,4672.55,4686.48,6389.110,1775098799999,29903379.97985,13520,3213.692,15042600.14312,0
1775098800000,4686.48,4690.31,4678.01,4689.00,2737.323,1775099699999,12820246.13079,8862,1411.782,6611554.13244,0
1775099700000,4689.01,4698.47,4687.44,4691.26,3338.853,1775100599999,15672076.51209,9254,1729.580,8118211.51904,0
1775100600000,4691.26,4691.88,4681.41,4685.39,3323.608,1775101499999,15578185.16388,7882,1624.884,7616216.71545,0
1775101500000,4685.40,4687.00,4674.46,4675.56,3366.867,1775102399999,15752289.78545,7189,1625.828,7606629.63632,0
1775102400000,4675.57,4681.63,4664.07,4667.70,5890.037,1775103299999,27514236.93705,8835,3376.597,15773942.38304,0
1775103300000,4667.64,4671.24,4661.40,4664.77,3460.343,1775104199999,16145153.97626,7121,1873.189,8740674.57205,0
1775104200000,4664.77,4668.99,4657.23,4660.14,4179.199,1775105099999,19485297.10376,6708,2188.780,10206170.15671,0
1775105100000,4660.15,4671.71,4657.80,4670.77,4985.481,1775105999999,23247870.02745,6352,2991.126,13949864.30211,0
1775106000000,4670.77,4674.12,4664.52,4667.76,3607.410,1775106899999,16844590.76955,5871,1480.335,6913565.60641,0
1775106900000,4667.76,4677.46,4665.86,4673.80,2933.562,1775107799999,13701802.79028,6398,1785.995,8342011.11026,0
1775107800000,4673.79,4675.56,4627.51,4632.63,19928.415,1775108699999,92595046.02513,27373,8821.561,40989183.44796,0
1775108700000,4632.64,4633.57,4587.75,4595.88,33814.924,1775109599999,155718166.57045,41824,17633.558,81204165.91454,0
1775109600000,4595.77,4598.37,4557.60,4582.46,28790.858,1775110499999,131766362.26607,40113,14599.930,66817973.54423,0
1775110500000,4582.47,4599.78,4576.58,4592.69,11069.272,1775111399999,50792642.16237,21464,5388.815,24727713.17856,0
1775111400000,4592.31,4598.36,4583.04,4588.30,6905.023,1775112299999,31705661.69750,15165,3349.168,15377781.17037,0
1775112300000,4588.39,4608.12,4584.64,4599.36,7790.613,1775113199999,35825273.34903,16185,4090.143,18808587.78572,0
1775113200000,4599.29,4621.50,4598.01,4620.52,8455.262,1775114099999,38984721.99688,13954,4289.343,19777785.09592,0
1775114100000,4620.51,4625.38,4616.27,4619.76,5278.870,1775114999999,24391748.87350,11273,2614.437,12080783.01454,0
1775115000000,4619.76,4638.70,4618.32,4635.61,6588.600,1775115899999,30504233.22312,11080,3692.010,17092408.76833,0
1775115900000,4635.48,4647.60,4634.55,4639.59,6084.563,1775116799999,28242954.38557,9789,2560.823,11886965.44141,0
1775116800000,4639.59,4645.32,4626.62,4638.06,8042.979,1775117699999,37280665.35712,13232,3734.374,17309616.97515,0
1775117700000,4638.05,4641.32,4628.06,4631.09,4279.293,1775118599999,19828991.99178,8266,1643.664,7616620.08166,0
1775118600000,4631.08,4639.79,4628.65,4628.66,4902.265,1775119499999,22720955.15823,8933,2454.505,11378034.29821,0
1775119500000,4628.66,4632.53,4612.69,4616.76,8167.198,1775120399999,37747171.00800,12307,3723.070,17206761.56692,0
1775120400000,4616.75,4621.69,4608.10,4620.61,4656.361,1775121299999,21487579.18270,9548,2197.728,10142739.03010,0
1775121300000,4620.60,4630.00,4616.18,4619.27,4789.881,1775122199999,22153392.09737,8848,2770.956,12817170.65332,0
1775122200000,4619.28,4623.52,4614.79,4620.84,4032.150,1775123099999,18627688.73715,8849,2240.584,10351184.97629,0
1775123100000,4620.85,4626.44,4617.21,4620.72,3294.474,1775123999999,15226122.32836,7241,1655.600,7650838.27791,0
1775124000000,4620.73,4632.59,4618.02,4623.18,3271.808,1775124899999,15138836.72865,7695,1797.593,8317957.70386,0
1775124900000,4623.19,4624.99,4603.48,4616.82,4472.844,1775125799999,20637503.62692,9282,2129.842,9826929.87168,0
1775125800000,4616.91,4628.32,4612.67,4621.63,5415.797,1775126699999,25020583.24867,9930,2782.183,12852578.19670,0
1775126700000,4621.63,4627.40,4618.38,4619.29,2916.328,1775127599999,13480062.69177,7050,1482.030,6850186.17178,0
1775127600000,4619.30,4627.47,4615.61,4624.79,2732.264,1775128499999,12628259.83121,7091,1430.718,6612618.86783,0
1775128500000,4624.74,4628.17,4612.67,4613.81,2792.825,1775129399999,12907052.87853,7201,1484.905,6862507.05466,0
1775129400000,4613.80,4615.88,4592.05,4597.94,7392.670,1775130299999,34035818.41404,13445,3364.238,15490117.36690,0
1775130300000,4597.94,4609.39,4594.77,4597.59,5766.001,1775131199999,26526969.37708,11457,2967.353,13652496.71832,0
1775131200000,4597.60,4610.26,4593.03,4610.05,6692.939,1775132099999,30796870.74006,13028,3284.218,15111838.63027,0
1775132100000,4610.06,4626.31,4607.62,4622.64,5651.925,1775132999999,26097885.33947,11372,2697.796,12455849.66189,0
1775133000000,4622.65,4622.67,4613.45,4615.28,4287.995,1775133899999,19804304.00705,9213,1884.962,8705329.54918,0
1775133900000,4615.28,4622.58,4597.69,4598.28,6227.990,1775134799999,28722181.58856,11831,3005.746,13862421.29599,0
1775134800000,4598.48,4610.71,4577.29,4585.41,18047.996,1775135699999,82864820.53217,28658,9545.359,43824361.85160,0
1775135700000,4585.41,4598.49,4579.25,4595.90,10585.893,1775136599999,48574770.61387,19576,5901.875,27081570.13888,0
1775136600000,4595.90,4605.56,4584.86,4599.17,9915.065,1775137499999,45574738.52377,21154,5650.433,25973636.06458,0
1775137500000,4599.30,4648.77,4597.98,4643.29,18799.293,1775138399999,87060605.22779,27650,9814.483,45444123.52519,0
1775138400000,4643.34,4657.44,4629.38,4644.12,15985.623,1775139299999,74225312.83601,26547,7547.250,35046393.17624,0
1775139300000,4644.11,4671.54,4642.43,4660.25,14675.769,1775140199999,68378965.06537,23032,7498.643,34937388.87663,0
1775140200000,4659.99,4694.23,4655.56,4688.77,37200.097,1775141099999,174099537.26753,45844,19065.165,89230309.89221,0
1775141100000,4688.78,4689.71,4666.81,4675.71,18922.266,1775141999999,88539601.26961,25784,10083.791,47187647.90331,0
1775142000000,4675.72,4677.79,4662.10,4666.93,15016.680,1775142899999,70116297.43337,20899,7106.653,33183870.50821,0
1775142900000,4666.81,4676.36,4654.06,4667.01,9632.913,1775143799999,44923436.27783,15531,4785.692,22321994.57500,0
1775143800000,4667.02,4670.97,4658.03,4661.44,6483.172,1775144699999,30242423.87761,11519,3151.456,14702045.19395,0
1775144700000,4661.53,4661.96,4648.54,4657.01,6433.738,1775145599999,29945278.82909,11698,3207.134,14928767.98342,0
1775145600000,4657.00,4663.72,4644.44,4651.51,6071.079,1775146499999,28256891.68943,10868,2934.778,13659943.57808,0
1775146500000,4651.50,4653.08,4639.73,4647.27,4463.684,1775147399999,20746418.89986,9694,2053.923,9546445.68024,0
1775147400000,4647.28,4667.19,4647.11,4656.62,7665.787,1775148299999,35715440.09319,15165,4038.431,18813542.24799,0
1775148300000,4656.62,4667.39,4654.66,4657.21,5177.046,1775149199999,24127641.66496,10715,2710.219,12630533.81160,0
1775149200000,4657.17,4664.64,4653.02,4660.33,5029.986,1775150099999,23435205.44209,9339,1834.202,8545498.95890,0
1775150100000,4660.33,4663.09,4647.82,4648.79,3101.793,1775150999999,14443977.35234,7650,1156.093,5382723.76863,0
1775151000000,4648.79,4653.74,4643.14,4653.30,2952.072,1775151899999,13721649.08264,7933,1235.233,5742206.03922,0
1775151900000,4653.34,4654.12,4641.81,4644.06,3556.837,1775152799999,16524238.29597,7249,1569.693,7292834.54120,0
1775152800000,4644.07,4653.90,4642.86,4648.62,2265.516,1775153699999,10531530.85326,5747,1190.951,5536476.37292,0
1775153700000,4648.62,4652.00,4646.04,4647.26,1805.034,1775154599999,8391545.72991,5277,726.601,3377806.54899,0
1775154600000,4647.27,4658.89,4647.27,4658.89,1971.055,1775155499999,9174551.95400,5918,1131.588,5267126.30136,0
1775155500000,4658.88,4666.98,4658.58,4663.75,1603.605,1775156399999,7478039.57469,5655,819.206,3819859.64572,0
1775156400000,4663.75,4677.39,4663.75,4670.52,2412.235,1775157299999,11268748.08950,7376,1367.956,6389884.64860,0
1775157300000,4670.60,4673.55,4660.91,4661.38,2648.264,1775158199999,12359244.88988,7840,1102.997,5147673.22676,0
1775158200000,4661.38,4664.16,4657.58,4661.34,1488.554,1775159099999,6937868.50023,5468,752.975,3509506.84796,0
1775159100000,4661.31,4670.73,4661.31,4666.37,2282.345,1775159999999,10652397.08132,5678,805.389,3758218.47276,0
1775160000000,4666.37,4671.99,4665.97,4669.41,1533.544,1775160899999,7160832.80738,3559,999.702,4668126.44491,0
1775160900000,4669.40,4670.02,4660.63,4663.51,895.149,1775161799999,4175922.58806,3450,418.768,1953523.51822,0
1775161800000,4663.49,4667.91,4662.63,4663.42,616.610,1775162699999,2876634.52439,2194,327.706,1528837.32517,0
1775162700000,4663.41,4671.73,4662.72,4670.55,1621.609,1775163599999,7569411.18523,4173,976.127,4556456.27424,0
1775163600000,4670.54,4671.52,4668.51,4670.52,626.779,1775164499999,2927063.91256,1784,156.646,731547.16607,0
1775164500000,4670.52,4671.42,4669.34,4671.26,400.390,1775165399999,1870086.71135,993,89.061,415983.09180,0
1775165400000,4671.27,4678.51,4670.45,4676.83,1094.604,1775166299999,5114851.36476,2159,728.289,3403328.53048,0
1775166300000,4676.84,4677.60,4674.01,4674.37,199.345,1775167199999,931952.83640,1096,86.554,404598.82082,0
1775167200000,4674.36,4675.32,4670.64,4673.30,1321.093,1775168099999,6173344.51902,3140,672.967,3144696.26550,0
1775168100000,4673.31,4675.58,4672.52,4672.52,534.489,1775168999999,2498127.31700,1209,195.854,915414.43033,0
1775169000000,4672.52,4673.89,4670.02,4671.44,1054.016,1775169899999,4923795.08903,1830,485.203,2266628.80397,0
1775169900000,4671.44,4672.18,4670.00,4671.38,499.601,1775170799999,2333662.78151,1088,126.211,589538.85899,0
1775170800000,4671.37,4673.35,4671.26,4673.07,295.429,1775171699999,1380220.40193,748,200.128,935028.48031,0
1775171700000,4673.06,4675.45,4672.36,4674.73,439.481,1775172599999,2054280.49191,1035,326.705,1527172.07788,0
1775172600000,4674.73,4674.73,4672.79,4674.05,574.387,1775173499999,2684560.34580,988,277.313,1296100.88134,0
1775173500000,4674.04,4676.07,4673.37,4674.81,967.471,1775174399999,4522439.94891,2205,519.668,2429234.41064,0
1775174400000,4674.82,4675.00,4672.09,4672.23,391.204,1775175299999,1828216.36663,1059,109.648,512438.37667,0
1775175300000,4672.24,4673.37,4672.16,4672.49,404.039,1775176199999,1887940.18821,792,229.196,1070954.45911,0
1775176200000,4672.49,4672.77,4672.29,4672.75,410.853,1775177099999,1919697.26615,728,103.001,481268.14822,0
1775177100000,4672.75,4673.19,4671.88,4672.47,906.788,1775177999999,4236919.37384,1447,376.084,1757287.33977,0
1775178000000,4672.47,4673.91,4671.40,4673.91,780.885,1775178899999,3648560.88560,1719,409.254,1912251.19455,0
1775178900000,4673.91,4674.35,4673.67,4674.34,512.447,1775179799999,2395141.00591,835,406.993,1902254.58623,0
1775179800000,4674.34,4674.35,4672.01,4672.94,447.175,1775180699999,2089665.13794,1261,156.933,733311.86929,0
1775180700000,4672.93,4672.94,4671.66,4672.91,608.351,1775181599999,2842336.39971,1766,217.134,1014493.38990,0
1775181600000,4672.92,4673.59,4672.91,4673.59,310.194,1775182499999,1449599.68696,737,134.328,627740.86870,0
1775182500000,4673.58,4674.87,4673.58,4673.69,420.107,1775183399999,1963775.76805,727,252.454,1180079.11585,0
1775183400000,4673.69,4674.26,4673.22,4673.50,276.198,1775184299999,1290841.28297,640,121.154,566237.85062,0
1775184300000,4673.47,4674.25,4673.34,4674.25,370.083,1775185199999,1729655.88767,1005,108.139,505425.13670,0
1775185200000,4674.25,4674.57,4673.31,4673.33,697.461,1775186099999,3260056.79579,1281,182.852,854692.32839,0
1775186100000,4673.34,4673.56,4672.99,4673.24,376.421,1775186999999,1759111.06976,793,152.307,711762.13574,0
1775187000000,4673.25,4674.26,4673.20,4673.80,200.204,1775187899999,935693.22356,828,122.307,571624.10304,0
1775187900000,4673.80,4674.23,4673.50,4674.02,303.138,1775188799999,1416782.74134,958,155.880,728545.07615,0
1775188800000,4674.02,4674.63,4673.93,4673.93,376.705,1775189699999,1760806.80744,550,232.589,1087166.96889,0
1775189700000,4673.93,4674.49,4673.91,4674.49,361.935,1775190599999,1691732.43733,490,268.350,1254310.20671,0
1775190600000,4674.49,4674.87,4673.50,4673.50,325.386,1775191499999,1520991.69106,760,135.990,635694.30857,0
1775191500000,4673.51,4673.73,4673.50,4673.54,176.028,1775192399999,822682.74372,538,80.274,375166.73532,0
1775192400000,4673.53,4674.08,4673.53,4674.07,238.866,1775193299999,1116412.07010,626,165.044,771374.07481,0
1775193300000,4674.07,4674.08,4673.20,4673.77,320.043,1775194199999,1495757.77111,479,74.946,350268.76898,0
1775194200000,4673.77,4675.00,4672.86,4674.36,960.738,1775195099999,4490455.50113,1935,613.548,2867768.55720,0
1775195100000,4674.35,4676.50,4674.34,4676.49,1095.496,1775195999999,5121763.36104,1284,960.574,4491026.53423,0
1775196000000,4676.50,4678.57,4675.85,4676.48,1208.632,1775196899999,5652994.75822,2378,780.636,3651199.85630,0
1775196900000,4676.49,4676.49,4674.86,4675.36,418.956,1775197799999,1958914.74401,919,198.956,930239.64032,0
1775197800000,4675.36,4675.42,4674.20,4674.22,362.597,1775198699999,1694943.80505,989,139.038,649918.47009,0
1775198700000,4674.22,4674.22,4673.57,4673.86,507.987,1775199599999,2374224.91482,853,100.126,467960.23961,0
1775199600000,4673.86,4673.87,4671.86,4671.95,904.745,1775200499999,4227667.23504,1745,127.823,597250.51071,0
1775200500000,4671.95,4672.82,4671.95,4672.58,607.252,1775201399999,2837325.50356,1172,312.494,1460067.53403,0
1775201400000,4672.58,4673.24,4672.07,4672.48,531.341,1775202299999,2482773.27571,2013,203.266,949803.63631,0
1775202300000,4672.48,4672.93,4672.24,4672.92,316.611,1775203199999,1479335.47126,593,158.710,741562.98372,0
1775203200000,4672.92,4673.64,4672.31,4673.21,546.059,1775204099999,2551749.06789,1491,275.669,1288220.15568,0
1775204100000,4673.20,4674.10,4671.86,4673.46,919.533,1775204999999,4297096.31557,1160,352.315,1646506.43581,0
1775205000000,4673.45,4673.46,4672.59,4672.60,301.412,1775205899999,1408548.09682,752,133.557,624135.58154,0
1775205900000,4672.59,4673.55,4672.59,4673.54,191.920,1775206799999,896875.09409,488,171.569,801777.96997,0
1775206800000,4673.55,4673.99,4673.54,4673.81,193.358,1775207699999,903720.70085,531,115.854,541480.02602,0
1775207700000,4673.81,4673.81,4673.05,4673.44,193.375,1775208599999,903707.70629,530,54.785,256028.25464,0
1775208600000,4673.44,4673.45,4673.24,4673.25,122.404,1775209499999,572035.11868,367,40.446,189016.62249,0
1775209500000,4673.24,4673.25,4672.54,4673.24,239.561,1775210399999,1119431.81597,700,74.741,349248.25309,0
1775210400000,4673.25,4673.47,4673.04,4673.47,149.871,1775211299999,700385.96143,414,84.681,395737.78602,0
1775211300000,4673.47,4674.29,4673.35,4673.68,528.439,1775212199999,2469710.39024,669,248.558,1161666.56632,0
1775212200000,4673.68,4673.82,4673.00,4673.43,566.130,1775213099999,2645783.01122,637,114.561,535395.52731,0
1775213100000,4673.44,4674.86,4673.43,4674.58,364.769,1775213999999,1705006.06202,791,313.950,1467451.67497,0
1775214000000,4674.58,4674.97,4674.25,4674.25,462.268,1775214899999,2160961.82094,979,319.431,1493250.40820,0
1775214900000,4674.25,4674.46,4673.96,4674.45,340.864,1775215799999,1593257.92185,726,93.066,435001.03585,0
1775215800000,4674.45,4674.46,4674.43,4674.43,204.720,1775216699999,956952.73353,330,57.715,269785.74136,0
1775216700000,4674.43,4674.49,4674.25,4674.49,289.807,1775217599999,1354662.44748,543,181.654,849116.47851,0
1775217600000,4674.49,4674.49,4674.35,4674.35,168.502,1775218499999,787649.99445,472,76.296,356638.52787,0
1775218500000,4674.36,4675.60,4673.25,4674.80,1448.306,1775219399999,6769771.14206,2763,639.860,2990928.80794,0
1775219400000,4674.81,4676.07,4668.46,4671.33,3430.244,1775220299999,16024233.57157,6543,1088.921,5087235.16911,0
1775220300000,4671.32,4672.72,4667.19,4669.19,2223.022,1775221199999,10379823.50668,4037,595.771,2781645.97172,0
1775221200000,4669.14,4669.98,4668.91,4669.59,554.899,1775222099999,2591104.56136,1542,171.361,800167.03531,0
1775222100000,4669.59,4670.90,4669.58,4670.08,600.210,1775222999999,2803155.81527,1207,203.487,950356.55378,0
1775223000000,4670.08,4672.85,4670.00,4672.85,936.167,1775223899999,4372908.35455,1600,681.833,3185054.37808,0
1775223900000,4672.84,4673.10,4672.27,4672.27,695.585,1775224799999,3250365.88211,1524,354.425,1656175.57158,0
1775224800000,4672.27,4673.31,4671.14,4672.87,519.449,1775225699999,2426865.61622,1747,314.019,1467148.89558,0
1775225700000,4672.86,4673.55,4672.86,4673.54,236.851,1775226599999,1106867.35350,940,148.950,696082.29608,0
1775226600000,4673.55,4674.02,4671.77,4671.82,1123.161,1775227499999,5248095.96948,2337,152.510,712690.81359,0
1775227500000,4671.82,4672.70,4671.82,4672.69,788.127,1775228399999,3682258.39795,1412,417.332,1949841.49072,0
1775228400000,4672.70,4673.54,4672.60,4672.60,294.589,1775229299999,1376611.04270,767,150.151,701653.19655,0
1775229300000,4672.70,4673.56,4671.77,4673.07,483.453,1775230199999,2258845.54169,1354,216.485,1011506.94725,0
1775230200000,4673.07,4673.78,4672.83,4673.27,305.709,1775231099999,1428658.18554,926,162.678,760229.57074,0
1775231100000,4673.27,4673.84,4672.64,4673.27,821.861,1775231999999,3840708.41472,1449,447.405,2090817.49653,0
1775232000000,4673.26,4673.50,4672.64,4672.98,560.404,1775232899999,2618725.70475,1098,270.391,1263513.09894,0
1775232900000,4672.98,4672.98,4672.72,4672.77,146.443,1775233799999,684302.64877,648,102.605,479455.01691,0
1775233800000,4672.78,4672.80,4672.28,4672.41,233.320,1775234699999,1090201.29509,697,160.755,751134.19789,0
1775234700000,4672.42,4673.16,4672.41,4672.86,414.197,1775235599999,1935434.99418,930,320.380,1497047.02661,0
1775235600000,4672.87,4673.12,4672.50,4672.51,252.955,1775236499999,1182039.62482,732,128.273,599407.73013,0
1775236500000,4672.50,4672.51,4671.70,4671.71,362.716,1775237399999,1694629.58424,1063,74.277,347037.35941,0
1775237400000,4671.71,4672.64,4671.70,4672.56,213.693,1775238299999,998356.84692,1151,130.857,611359.46780,0
1775238300000,4672.50,4672.63,4672.08,4672.34,148.338,1775239199999,693072.03949,482,83.486,390062.09059,0
1775239200000,4672.34,4673.00,4672.08,4672.44,244.240,1775240099999,1141199.11637,1129,165.158,771706.08009,0
1775240100000,4672.43,4673.14,4672.10,4672.57,332.794,1775240999999,1555026.24030,1336,196.551,918429.72905,0
1775241000000,4672.56,4673.22,4671.70,4671.70,434.572,1775241899999,2030444.48999,1290,117.418,548654.32688,0
1775241900000,4671.70,4672.98,4671.70,4672.51,252.481,1775242799999,1179642.85588,1239,126.229,589786.12510,0
1775242800000,4672.50,4673.00,4671.60,4671.92,390.042,1775243699999,1822401.69898,1610,157.759,737089.58373,0
1775243700000,4671.91,4673.47,4671.70,4673.35,235.224,1775244599999,1099150.54537,1281,125.715,587449.45493,0
1775244600000,4673.35,4673.35,4671.99,4672.43,140.870,1775245499999,658222.33879,1106,50.384,235413.16063,0
1775245500000,4672.42,4673.50,4672.27,4673.05,614.009,1775246399999,2869233.34037,1379,272.448,1273157.59204,0
1775246400000,4673.06,4673.50,4671.80,4673.34,785.190,1775247299999,3668821.81269,1981,373.036,1743055.91907,0
1775247300000,4673.28,4673.80,4671.88,4672.98,1298.090,1775248199999,6065730.45066,3138,660.589,3086834.58073,0
1775248200000,4672.99,4673.22,4672.28,4672.69,324.537,1775249099999,1516483.49460,1158,144.942,677284.60338,0
1775249100000,4672.69,4672.70,4672.02,4672.56,290.785,1775249999999,1358671.36000,1003,151.656,708601.83207,0
1775250000000,4672.65,4673.50,4672.60,4672.81,293.360,1775250899999,1370869.63501,1031,136.838,639429.63044,0
1775250900000,4672.81,4673.17,4672.63,4672.65,181.814,1775251799999,849597.54646,514,85.609,400031.88418,0
1775251800000,4672.66,4674.30,4672.65,4673.71,318.093,1775252699999,1486621.29354,792,210.032,981635.55103,0
1775252700000,4673.71,4673.72,4672.98,4673.10,98.868,1775253599999,462055.31943,473,19.002,88803.78249,0
1775253600000,4673.09,4673.10,4672.01,4672.80,302.178,1775254499999,1411958.84400,728,79.915,373402.76934,0
1775254500000,4672.81,4672.81,4672.56,4672.63,70.131,1775255399999,327701.38635,282,33.776,157825.05095,0
1775255400000,4672.64,4672.96,4672.63,4672.95,129.992,1775256299999,607412.18650,366,73.532,343592.67216,0
1775256300000,4672.96,4672.96,4672.61,4672.69,195.298,1775257199999,912570.08582,551,82.585,385894.71707,0
1775257200000,4672.70,4673.70,4672.69,4673.48,314.662,1775258099999,1470495.87951,789,241.354,1127905.29747,0
1775258100000,4673.47,4673.48,4673.20,4673.20,80.681,1775258999999,377046.17227,473,14.650,68463.37179,0
1775259000000,4673.20,4673.21,4673.00,4673.00,135.004,1775259899999,630878.60762,434,39.058,182519.01518,0
1775259900000,4673.00,4673.88,4673.00,4673.61,247.840,1775260799999,1158225.90464,576,188.340,880155.78472,0
1775260800000,4673.61,4673.61,4672.10,4672.10,200.953,1775261699999,939022.25621,669,9.900,46256.96397,0
1775261700000,4672.11,4672.46,4672.01,4672.36,276.214,1775262599999,1290514.61496,531,217.504,1016215.07012,0
1775262600000,4672.36,4673.38,4672.36,4672.88,168.975,1775263499999,789591.31163,412,113.243,529164.82944,0
1775263500000,4672.88,4674.30,4672.72,4672.80,399.584,1775264399999,1867378.11606,1023,211.172,986935.18638,0
1775264400000,4672.81,4673.45,4672.80,4673.44,224.199,1775265299999,1047725.42629,1056,126.535,591316.42667,0
1775265300000,4673.44,4673.48,4672.18,4672.46,351.083,1775266199999,1640585.18293,621,45.113,210824.18225,0
1775266200000,4672.46,4672.46,4672.45,4672.45,59.002,1775267099999,275684.34627,276,45.137,210900.82702,0
1775267100000,4672.45,4673.57,4672.45,4673.55,369.581,1775267999999,1727039.73384,712,283.725,1325817.49776,0
1775268000000,4673.55,4673.59,4673.54,4673.58,231.144,1775268899999,1080266.93369,549,87.746,410086.86400,0
1775268900000,4673.58,4673.59,4673.24,4673.42,98.363,1775269799999,459696.23965,561,17.499,81779.77280,0
1775269800000,4673.42,4673.51,4673.42,4673.51,243.996,1775270699999,1140299.92026,481,146.296,683704.89762,0
1775270700000,4673.50,4673.51,4673.50,4673.50,80.573,1775271599999,376558.02065,347,10.515,49141.95765,0
1775271600000,4673.51,4674.00,4673.50,4674.00,130.451,1775272499999,609697.39136,499,73.113,341715.00219,0
1775272500000,4673.99,4674.00,4673.42,4673.88,305.775,1775273399999,1429139.75152,573,131.975,616842.07248,0
1775273400000,4673.87,4673.88,4673.82,4673.82,67.022,1775274299999,313249.39995,403,29.071,135872.92793,0
1775274300000,4673.82,4673.89,4673.82,4673.89,53.264,1775275199999,248948.61474,464,42.087,196708.95060,0
1775275200000,4673.89,4673.91,4673.83,4673.91,198.540,1775276099999,927948.77578,508,100.759,470934.11002,0
1775276100000,4673.91,4673.97,4673.90,4673.96,105.197,1775276999999,491685.12879,425,70.349,328807.05231,0
1775277000000,4673.96,4673.97,4673.69,4673.74,270.956,1775277899999,1266394.13099,571,56.512,264121.40694,0
1775277900000,4673.74,4673.75,4673.74,4673.75,49.479,1775278799999,231252.06647,375,8.501,39731.54875,0
1775278800000,4673.75,4673.75,4673.74,4673.75,32.326,1775279699999,151083.46304,378,14.380,67208.52500,0
1775279700000,4673.74,4673.75,4673.74,4673.74,12.550,1775280599999,58655.46969,198,3.269,15278.48875,0
1775280600000,4673.75,4673.80,4673.70,4673.75,337.225,1775281499999,1576108.70244,538,211.642,989161.94039,0
1775281500000,4673.75,4673.75,4673.54,4673.54,118.275,1775282399999,552774.36707,875,12.096,56532.94605,0
1775282400000,4673.54,4673.63,4673.54,4673.62,114.445,1775283299999,534866.94631,995,66.243,309591.47243,0
1775283300000,4673.62,4673.89,4673.62,4673.80,164.417,1775284199999,768449.62964,1034,105.627,493675.67500,0
1775284200000,4673.80,4673.81,4673.42,4673.42,243.669,1775285099999,1138792.39348,829,46.091,215409.81323,0
1775285100000,4673.42,4673.43,4672.34,4673.41,305.059,1775285999999,1425547.05699,1133,75.674,353643.11849,0
1775286000000,4673.41,4673.55,4673.40,4673.51,130.845,1775286899999,611502.76449,855,45.765,213881.91472,0
1775286900000,4673.52,4673.52,4673.51,4673.51,203.416,1775287799999,950666.94203,265,23.187,108364.90824,0
1775287800000,4673.52,4673.52,4673.03,4673.04,166.484,1775288699999,778035.59209,289,13.344,62359.45480,0
1775288700000,4673.04,4673.36,4673.00,4673.00,113.024,1775289599999,528177.12416,320,33.727,157612.59630,0
1775289600000,4673.01,4673.01,4672.50,4672.50,73.266,1775290499999,342353.77906,283,20.517,95869.26330,0
1775290500000,4672.50,4672.51,4672.35,4672.35,164.841,1775291399999,770210.30056,239,46.505,217292.85831,0
1775291400000,4672.36,4672.51,4672.35,4672.50,167.002,1775292299999,780293.61229,422,115.430,539330.95330,0
1775292300000,4672.50,4672.92,4672.36,4672.92,179.536,1775293199999,838887.72309,878,101.813,475729.68256,0
1775293200000,4672.91,4672.92,4672.91,4672.91,94.763,1775294099999,442819.49947,239,52.914,247262.88888,0
1775294100000,4672.92,4673.08,4672.91,4673.04,168.333,1775294999999,786621.68892,744,113.371,529784.65026,0
1775295000000,4673.04,4673.54,4673.03,4673.54,241.795,1775295899999,1129977.41760,782,224.801,1050557.81069,0
1775295900000,4673.54,4673.55,4673.52,4673.53,166.110,1775296799999,776322.23543,965,97.312,454792.18261,0
1775296800000,4673.53,4673.53,4672.62,4673.39,345.166,1775297699999,1613049.18900,1066,122.457,572267.54697,0
1775297700000,4673.39,4673.39,4673.31,4673.33,160.916,1775298599999,752014.75059,866,98.598,460781.25527,0
1775298600000,4673.34,4673.55,4673.33,4673.55,138.573,1775299499999,647608.53131,450,118.098,551921.13751,0
1775299500000,4673.55,4673.87,4673.54,4673.86,142.524,1775300399999,666114.40102,397,115.391,539299.87528,0
1775300400000,4673.87,4673.93,4673.86,4673.92,139.806,1775301299999,653441.66873,575,67.558,315760.30788,0
1775301300000,4673.92,4673.93,4672.98,4673.57,191.988,1775302199999,897276.44846,521,42.359,197980.92583,0
1775302200000,4673.57,4673.58,4672.81,4672.81,299.736,1775303099999,1400664.00196,631,58.852,275017.63768,0
1775303100000,4672.81,4672.92,4672.61,4672.92,259.502,1775303999999,1212583.44352,671,127.870,597505.61640,0
1775304000000,4672.92,4673.29,4672.85,4673.12,311.668,1775304899999,1456442.68416,749,182.800,854223.98035,0
1775304900000,4673.11,4673.12,4672.92,4672.97,198.853,1775305799999,929236.68048,457,92.467,432096.56725,0
1775305800000,4672.97,4672.97,4672.79,4672.83,171.945,1775306699999,803484.65955,375,76.361,356828.72963,0
1775306700000,4672.83,4672.83,4672.82,4672.83,192.474,1775307599999,899396.70101,364,34.433,160899.55539,0
1775307600000,4672.83,4672.98,4672.82,4672.97,98.579,1775308499999,460651.55324,353,88.863,415248.98347,0
1775308500000,4672.97,4672.98,4672.97,4672.98,46.447,1775309399999,217045.69533,233,25.774,120441.38652,0
1775309400000,4672.98,4672.98,4672.51,4672.51,247.026,1775310299999,1154298.53192,1058,25.555,119408.82323,0
1775310300000,4672.50,4672.98,4672.50,4672.97,111.297,1775311199999,520052.24754,420,94.955,443690.12323,0
1775311200000,4672.98,4673.50,4672.87,4672.92,445.300,1775312099999,2080941.73479,968,168.500,787411.89246,0
1775312100000,4672.92,4673.00,4672.70,4672.70,203.939,1775312999999,952996.11788,443,27.173,126978.63839,0
1775313000000,4672.71,4672.73,4672.70,4672.73,137.443,1775313899999,642231.55524,299,68.158,318482.87720,0
1775313900000,4672.73,4672.88,4672.60,4672.88,461.384,1775314799999,2155899.11875,618,146.215,683208.84250,0
1775314800000,4672.89,4673.80,4672.51,4672.77,1005.682,1775315699999,4699641.70662,1447,481.635,2250788.70037,0
1775315700000,4673.04,4673.19,4672.64,4672.64,196.728,1775316599999,919315.54904,533,61.456,287185.46817,0
1775316600000,4672.64,4673.67,4672.64,4673.38,625.342,1775317499999,2922284.00936,825,473.516,2212792.67359,0
1775317500000,4673.38,4673.67,4673.38,4673.65,251.226,1775318399999,1174115.02121,474,138.184,645804.09363,0
1775318400000,4673.66,4673.66,4672.84,4672.84,345.633,1775319299999,1615291.20170,673,98.344,459601.32003,0
1775319300000,4672.84,4673.40,4672.71,4672.89,218.616,1775320199999,1021573.17981,734,128.396,599991.30897,0
1775320200000,4672.89,4672.90,4672.75,4672.76,217.199,1775321099999,1014935.89379,358,98.782,461594.24766,0
1775321100000,4672.76,4672.77,4672.75,4672.77,107.144,1775321999999,500658.17840,233,71.359,333443.59402,0
1775322000000,4672.77,4673.19,4672.76,4672.96,102.664,1775322899999,479728.94685,306,62.699,292980.53679,0
1775322900000,4672.97,4673.36,4672.76,4672.76,187.374,1775323799999,875576.43151,391,80.088,374245.10857,0
1775323800000,4672.77,4672.77,4672.68,4672.72,113.969,1775324699999,532542.03580,259,62.521,292141.39915,0
1775324700000,4672.71,4673.43,4672.65,4672.65,519.794,1775325599999,2428923.49611,1362,319.869,1494695.25675,0
1775325600000,4672.65,4673.57,4672.65,4673.10,487.665,1775326499999,2278796.32940,935,404.301,1889257.63614,0
1775326500000,4673.11,4673.62,4673.10,4673.62,264.433,1775327399999,1235836.06536,513,254.710,1190395.40189,0
1775327400000,4673.62,4673.86,4673.00,4673.03,454.674,1775328299999,2124898.47952,881,286.622,1339532.44318,0
1775328300000,4673.05,4673.51,4672.74,4672.74,180.658,1775329199999,844238.25326,412,121.929,569795.58774,0
1775329200000,4672.71,4673.67,4672.59,4673.02,354.708,1775330099999,1657539.12311,1152,164.722,769752.08708,0
1775330100000,4673.02,4673.99,4673.02,4673.20,215.373,1775330999999,1006536.10499,755,92.630,432911.00047,0
1775331000000,4673.20,4673.22,4673.20,4673.21,62.510,1775331899999,292122.21199,383,47.609,222486.85801,0
1775331900000,4673.22,4673.54,4673.21,4673.30,124.982,1775332799999,584078.70012,404,80.155,374588.04794,0
1775332800000,4673.29,4673.30,4672.51,4672.95,225.585,1775333699999,1054148.89567,643,67.109,313594.26363,0
1775333700000,4672.96,4673.25,4672.95,4673.25,126.261,1775334599999,590033.94651,334,65.693,306990.42303,0
1775334600000,4673.25,4673.32,4673.20,4673.32,137.455,1775335499999,642364.43314,287,101.316,473477.18463,0
1775335500000,4673.32,4673.32,4673.21,4673.21,43.060,1775336399999,201230.04794,204,9.495,44372.59366,0
1775336400000,4673.22,4673.37,4672.79,4673.31,489.268,1775337299999,2286340.06099,747,172.306,805184.41587,0
1775337300000,4673.31,4673.36,4672.82,4673.18,53.214,1775338199999,248681.30390,257,22.115,103349.91836,0
1775338200000,4673.18,4673.75,4672.79,4673.74,316.399,1775339099999,1478595.89533,555,157.728,737129.97593,0
1775339100000,4673.74,4673.75,4673.39,4673.40,49.641,1775339999999,232003.04203,298,20.905,97702.99702,0
1775340000000,4673.40,4673.45,4673.02,4673.32,306.627,1775340899999,1432953.68114,951,171.128,799722.20545,0
1775340900000,4673.32,4673.32,4672.62,4672.81,403.330,1775341799999,1884716.47135,784,105.245,491797.86072,0
1775341800000,4672.81,4672.92,4672.80,4672.91,54.037,1775342699999,252509.23427,398,14.461,67574.44706,0
1775342700000,4672.91,4673.01,4672.80,4672.81,38.425,1775343599999,179556.97629,239,21.936,102504.97321,0
1775343600000,4672.81,4672.99,4672.80,4672.97,62.730,1775344499999,293133.44786,250,35.928,167888.60522,0
1775344500000,4672.97,4672.97,4672.90,4672.90,172.684,1775345399999,806943.70665,224,13.491,63043.02993,0
1775345400000,4672.91,4672.91,4672.16,4672.20,425.303,1775346299999,1987259.45085,536,38.330,179089.06250,0
1775346300000,4672.21,4672.44,4672.20,4672.34,312.109,1775347199999,1458290.08260,342,141.637,661775.37018,0
1775347200000,4672.34,4672.36,4672.34,4672.36,49.793,1775348099999,232650.33963,213,30.723,143548.68552,0
1775348100000,4672.36,4672.36,4671.99,4672.00,190.422,1775348999999,889684.38066,415,90.006,420527.11232,0
1775349000000,4672.00,4672.71,4671.99,4672.43,326.180,1775349899999,1524054.81839,843,223.097,1042390.54566,0
1775349900000,4672.43,4672.53,4672.17,4672.25,187.778,1775350799999,877375.38822,662,85.089,397570.82103,0
1775350800000,4672.24,4672.44,4672.09,4672.44,117.895,1775351699999,550835.02402,322,98.492,460180.67043,0
1775351700000,4672.44,4672.50,4672.43,4672.50,52.468,1775352599999,245156.31588,125,27.867,130208.43673,0
1775352600000,4672.50,4672.65,4672.49,4672.64,110.684,1775353499999,517181.00412,172,85.373,398914.15903,0
1775353500000,4672.64,4672.65,4672.42,4672.43,88.529,1775354399999,413655.46269,509,13.217,61757.49681,0
1775354400000,4672.42,4672.43,4671.77,4671.77,209.849,1775355299999,980418.69321,838,46.581,217620.01010,0
1775355300000,4671.78,4671.78,4671.61,4671.78,102.674,1775356199999,479663.00206,371,48.876,228334.92923,0
1775356200000,4671.78,4671.78,4671.64,4671.65,112.457,1775357099999,525367.39929,231,54.770,255869.13310,0
1775357100000,4671.65,4671.77,4671.64,4671.70,133.998,1775357999999,625993.57120,261,69.732,325764.85160,0
1775358000000,4671.70,4671.78,4671.69,4671.72,83.618,1775358899999,390641.73511,247,66.097,308787.95664,0
1775358900000,4671.73,4671.79,4671.72,4671.78,66.749,1775359799999,311834.66166,207,54.668,255395.33228,0
1775359800000,4671.79,4671.90,4671.78,4671.90,128.973,1775360699999,602547.21640,187,77.126,360323.73634,0
1775360700000,4671.90,4672.00,4671.89,4672.00,96.728,1775361599999,451911.92138,196,80.561,376379.95205,0
1775361600000,4671.99,4672.00,4671.91,4671.91,81.521,1775362499999,380862.50111,188,17.025,79539.56756,0
1775362500000,4671.92,4671.92,4671.91,4671.92,29.374,1775363399999,137232.76726,113,8.292,38739.56064,0
1775363400000,4671.92,4671.92,4671.22,4671.22,234.011,1775364299999,1093223.15549,464,22.697,106031.78211,0
1775364300000,4671.23,4671.23,4670.77,4670.77,202.923,1775365199999,947853.53630,535,28.755,134311.65914,0
1775365200000,4670.78,4670.78,4669.61,4670.03,235.911,1775366099999,1101735.90419,473,23.943,111817.26381,0
1775366100000,4670.03,4670.23,4670.02,4670.22,157.321,1775366999999,734701.40961,353,81.776,381904.50949,0
1775367000000,4670.23,4670.50,4669.94,4670.21,362.487,1775367899999,1692865.32124,501,154.292,720569.36609,0
1775367900000,4670.22,4670.44,4669.95,4670.09,142.777,1775368799999,666815.83723,436,77.925,363933.16087,0
1775368800000,4670.08,4670.09,4670.01,4670.03,138.616,1775369699999,647343.99555,369,67.788,316573.29061,0
1775369700000,4670.02,4670.43,4670.02,4670.26,252.674,1775370599999,1180063.86784,655,138.829,648365.89211,0
1775370600000,4670.26,4670.30,4670.26,4670.30,191.946,1775371499999,896439.85713,288,161.240,753034.81973,0
1775371500000,4670.30,4670.57,4670.29,4670.57,163.105,1775372399999,761780.38315,306,105.370,492127.03713,0
1775372400000,4670.57,4671.16,4670.57,4671.15,215.768,1775373299999,1007846.17414,504,171.499,801062.15702,0
1775373300000,4671.16,4671.16,4670.79,4670.94,484.472,1775374199999,2262994.07430,880,94.808,442845.09536,0
1775374200000,4670.95,4671.10,4670.16,4670.68,455.788,1775375099999,2128935.76345,466,151.986,709918.65425,0
1775375100000,4670.69,4671.11,4670.68,4670.88,366.819,1775375999999,1713378.72774,437,305.807,1428389.87844,0
1775376000000,4670.88,4670.88,4670.23,4670.23,164.930,1775376899999,770287.15293,303,59.395,277390.62276,0
1775376900000,4670.24,4670.24,4669.49,4669.49,306.801,1775377799999,1432747.20632,638,87.500,408621.82023,0
1775377800000,4669.49,4669.50,4668.80,4668.80,197.481,1775378699999,922075.10192,397,46.371,216517.96279,0
1775378700000,4668.81,4669.00,4668.80,4668.99,299.136,1775379599999,1396613.62949,379,239.622,1118754.22017,0
1775379600000,4669.00,4669.08,4668.99,4669.07,87.287,1775380499999,407545.50696,464,58.217,271816.21622,0
1775380500000,4669.08,4669.27,4669.07,4669.27,82.957,1775381399999,387340.14597,333,54.189,253017.25598,0
1775381400000,4669.26,4669.43,4669.26,4669.43,96.042,1775382299999,448446.76790,243,66.733,311595.30520,0
1775382300000,4669.43,4669.54,4668.99,4669.09,276.994,1775383199999,1293361.96670,575,61.541,287345.03023,0
1775383200000,4669.09,4669.10,4668.78,4668.94,269.804,1775384099999,1259718.66145,990,53.583,250180.81849,0
1775384100000,4668.95,4668.95,4666.65,4667.35,956.465,1775384999999,4464245.09427,2331,315.662,1473297.04372,0
1775385000000,4667.34,4667.99,4667.34,4667.44,183.456,1775385899999,856301.75719,832,67.856,316717.37879,0
1775385900000,4667.45,4667.45,4666.35,4666.72,373.077,1775386799999,1741118.64454,645,109.466,510845.93250,0
1775386800000,4666.73,4667.30,4666.33,4666.39,357.133,1775387699999,1666691.85687,536,137.786,643035.12280,0
1775387700000,4666.40,4666.40,4665.30,4665.30,463.912,1775388599999,2164636.07366,859,108.770,507533.67817,0
1775388600000,4665.30,4665.31,4665.10,4665.28,340.387,1775389499999,1587989.44595,970,166.260,775639.29455,0
1775389500000,4665.28,4666.89,4663.90,4666.69,1292.631,1775390399999,6030546.88342,2407,735.791,3432783.33703,0
1775390400000,4666.68,4666.68,4658.00,4658.52,2326.928,1775391299999,10848118.81673,3324,523.783,2441611.25299,0
1775391300000,4658.52,4658.53,4652.35,4655.59,3166.931,1775392199999,14742479.10313,4395,1311.551,6104840.03803,0
1775392200000,4655.58,4659.54,4655.58,4659.16,1427.549,1775393099999,6648303.40333,2852,630.660,2937298.48803,0
1775393100000,4659.16,4659.48,4657.57,4659.47,573.285,1775393999999,2670671.31897,1118,379.752,1769085.86701,0
1775394000000,4659.48,4660.54,4658.99,4660.54,676.400,1775394899999,3151653.52948,828,503.283,2345019.32693,0
1775394900000,4660.54,4663.21,4660.53,4662.37,1012.363,1775395799999,4720051.64632,2796,592.946,2764476.18947,0
1775395800000,4662.36,4662.37,4659.46,4660.80,722.243,1775396699999,3366156.81545,1700,347.427,1619265.71607,0
1775396700000,4660.80,4661.56,4659.85,4660.73,720.471,1775397599999,3357837.69912,1525,263.617,1228591.10532,0
1775397600000,4660.73,4664.24,4660.53,4663.64,700.820,1775398499999,3267931.14168,1916,482.565,2250202.30573,0
1775398500000,4663.64,4663.64,4662.48,4663.21,188.172,1775399399999,877466.61815,716,112.172,523070.65120,0
1775399400000,4663.21,4664.02,4662.21,4662.59,404.029,1775400299999,1884020.91424,1621,255.027,1189209.84324,0
1775400300000,4662.59,4663.30,4662.29,4663.11,282.688,1775401199999,1318102.52082,1020,201.779,940839.06362,0
1775401200000,4663.10,4663.67,4662.18,4662.79,695.243,1775402099999,3241874.59966,1916,399.125,1861042.16366,0
1775402100000,4662.80,4664.67,4661.29,4663.85,1165.901,1775402999999,5436122.48232,1728,633.740,2954913.61655,0
1775403000000,4663.84,4665.70,4661.80,4663.60,1247.297,1775403899999,5816575.46347,2733,736.724,3435592.50188,0
1775403900000,4663.61,4664.64,4661.92,4664.01,1008.559,1775404799999,4703106.10212,1879,670.812,3128152.70831,0
1775404800000,4664.01,4664.01,4652.42,4656.45,3803.856,1775405699999,17715706.36679,7185,1327.884,6183426.70481,0
1775405700000,4656.45,4657.24,4654.82,4656.32,493.974,1775406599999,2299874.06034,1138,248.084,1155049.00151,0
1775406600000,4656.32,4656.96,4655.69,4656.40,487.666,1775407499999,2270808.50789,1206,204.809,953664.37901,0
1775407500000,4656.41,4657.20,4656.06,4656.27,286.924,1775408399999,1336052.10735,1118,128.253,597188.22871,0
1775408400000,4656.26,4656.26,4652.01,4652.95,746.779,1775409299999,3475318.80045,1584,206.621,961434.13735,0
1775409300000,4652.95,4654.31,4652.95,4654.11,350.756,1775410199999,1632355.52065,921,218.003,1014512.97176,0
1775410200000,4654.10,4654.51,4653.33,4653.40,280.106,1775411099999,1303659.94673,913,128.148,596420.93067,0
1775411100000,4653.41,4654.40,4651.61,4652.00,444.368,1775411999999,2067618.35385,939,223.386,1039463.27606,0
1775412000000,4651.99,4654.25,4651.93,4652.48,453.713,1775412899999,2111151.60643,885,329.575,1533512.42774,0
1775412900000,4652.48,4654.68,4652.34,4654.68,152.402,1775413799999,709165.77409,533,99.037,460853.09264,0
1775413800000,4654.67,4656.50,4654.67,4655.54,277.320,1775414699999,1291133.94480,872,156.888,730415.49549,0
1775414700000,4655.54,4655.91,4654.84,4654.85,331.868,1775415599999,1545049.52337,730,75.404,351036.45284,0
1775415600000,4654.85,4657.83,4654.84,4656.09,486.122,1775416499999,2263575.92457,1451,367.409,1710785.78000,0
1775416500000,4656.09,4658.22,4656.09,4656.73,410.534,1775417399999,1911998.29700,1899,274.496,1278413.24185,0
1775417400000,4656.73,4656.73,4655.44,4656.16,288.492,1775418299999,1343291.93626,625,125.751,585519.47268,0
1775418300000,4656.17,4658.22,4654.85,4655.00,1108.837,1775419199999,5163504.40783,1320,553.630,2578103.80306,0
1775419200000,4655.47,4655.47,4636.70,4637.94,5162.660,1775420099999,23974645.92520,9434,1617.417,7509695.43040,0
1775420100000,4637.94,4639.30,4625.11,4632.00,2447.133,1775420999999,11336756.30040,4331,856.322,3966556.02516,0
1775421000000,4631.99,4638.17,4631.56,4637.40,766.705,1775421899999,3553689.23965,1945,444.299,2059357.72713,0
1775421900000,4637.39,4639.56,4636.69,4638.65,543.272,1775422799999,2519992.18614,1318,216.755,1005351.07925,0
1775422800000,4638.65,4642.84,4637.86,4639.76,892.444,1775423699999,4141324.34927,2324,483.452,2243367.05051,0
1775423700000,4639.76,4643.00,4639.75,4642.96,466.355,1775424599999,2164545.67023,1700,364.674,1692567.21866,0
1775424600000,4642.96,4644.70,4639.21,4640.11,824.495,1775425499999,3827813.72383,4181,381.871,1772959.32907,0
1775425500000,4640.11,4648.65,4632.60,4647.09,2898.598,1775426399999,13457763.67945,7979,1533.907,7121222.64863,0
1775426400000,4647.10,4664.38,4618.50,4634.15,23327.551,1775427299999,108210568.35485,44867,10405.408,48286502.26100,0
1775427300000,4634.15,4644.61,4632.81,4638.25,4921.520,1775428199999,22830319.02483,13641,2329.893,10808462.60925,0
1775428200000,4638.24,4647.15,4634.45,4644.60,3094.112,1775429099999,14360478.00959,7832,1594.983,7402748.02133,0
1775429100000,4644.59,4654.25,4616.25,4647.85,18513.505,1775429999999,85839742.56006,35483,8839.031,40983367.88018,0
1775430000000,4647.86,4652.55,4631.34,4636.87,3904.169,1775430899999,18115920.07818,12984,1781.381,8264139.11596,0
1775430900000,4636.87,4638.60,4614.50,4615.17,4104.461,1775431799999,18980758.73901,12034,1689.082,7811319.94052,0
1775431800000,4615.17,4621.37,4610.04,4612.51,3922.035,1775432699999,18105325.61926,12301,1775.855,8198346.62339,0
1775432700000,4612.38,4624.69,4612.38,4616.62,2965.095,1775433599999,13696216.29592,9146,1680.696,7763554.49918,0
1775433600000,4616.62,4629.53,4613.19,4628.60,5695.681,1775434499999,26331145.81555,14231,3466.887,16027524.27292,0
1775434500000,4628.50,4632.18,4601.50,4605.38,5035.533,1775435399999,23237941.33655,12424,2181.457,10069685.46688,0
1775435400000,4605.38,4623.28,4605.16,4620.95,3063.243,1775436299999,14134121.50169,8637,1710.645,7893106.44545,0
1775436300000,4621.04,4627.69,4617.52,4624.31,1989.918,1775437199999,9197605.58191,5970,1138.976,5264327.29826,0
1775437200000,4624.32,4643.16,4624.32,4642.70,3223.466,1775438099999,14940529.47365,9062,1672.498,7751831.52888,0
1775438100000,4642.80,4643.99,4622.71,4641.90,4129.032,1775438999999,19134171.81601,9821,2160.484,10010905.12845,0
1775439000000,4641.90,4642.20,4624.30,4629.37,3623.032,1775439899999,16784220.25059,8921,1867.040,8649159.60843,0
1775439900000,4629.03,4630.78,4622.75,4627.73,839.328,1775440799999,3882546.05372,4613,470.218,2175139.90370,0
1775440800000,4627.74,4640.55,4625.38,4636.94,2199.314,1775441699999,10191082.28436,7517,1284.349,5951400.12047,0
1775441700000,4636.84,4669.74,4636.84,4660.04,5891.645,1775442599999,27453552.43790,14831,2851.883,13283784.17567,0
1775442600000,4660.17,4664.80,4644.30,4650.57,3072.105,1775443499999,14293647.27578,9576,1255.648,5842615.71823,0
1775443500000,4650.57,4654.44,4646.83,4647.20,1369.757,1775444399999,6370801.75275,5147,740.820,3445541.04297,0
1775444400000,4647.21,4647.21,4628.76,4632.94,3713.424,1775445299999,17212724.73146,10140,1685.209,7809954.95174,0
1775445300000,4633.02,4636.50,4625.60,4630.78,1500.818,1775446199999,6950306.10237,5884,818.617,3791033.16819,0
1775446200000,4630.79,4634.77,4627.03,4634.01,1320.099,1775447099999,6113390.39297,4993,854.568,3957621.90374,0
1775447100000,4633.91,4643.27,4632.25,4641.30,1609.634,1775447999999,7465088.67795,4490,1058.256,4907644.65276,0
1775448000000,4641.29,4649.99,4640.76,4644.20,1560.850,1775448899999,7251737.14299,5293,765.919,3558239.34620,0
1775448900000,4644.20,4646.64,4642.35,4646.64,742.468,1775449799999,3448141.55064,2774,431.175,2002401.59155,0
1775449800000,4646.63,4651.51,4643.45,4649.40,916.989,1775450699999,4262977.73700,3255,647.309,3009574.86627,0
1775450700000,4649.41,4659.43,4647.86,4658.64,1286.846,1775451599999,5989280.21440,3615,671.430,3125077.55859,0
1775451600000,4658.65,4675.96,4657.66,4671.38,4966.584,1775452499999,23183670.70184,9871,2645.150,12348030.85196,0
1775452500000,4671.38,4676.09,4664.57,4664.58,3110.018,1775453399999,14524875.40309,6672,1165.401,5443522.86680,0
1775453400000,4664.58,4666.06,4659.21,4659.21,1310.442,1775454299999,6110322.85886,4337,545.078,2541636.69454,0
1775454300000,4659.29,4665.92,4651.66,4652.74,1558.203,1775455199999,7259286.76052,4901,867.628,4042249.04566,0
1775455200000,4652.73,4662.36,4643.23,4661.61,3208.428,1775456099999,14930932.06033,7509,1835.299,8541799.57280,0
1775456100000,4661.61,4662.63,4651.46,4654.83,1979.529,1775456999999,9216421.61258,5588,708.310,3298034.08859,0
1775457000000,4654.83,4658.00,4651.01,4655.92,1957.748,1775457899999,9113026.91357,4574,949.582,4420065.56310,0
1775457900000,4655.92,4667.59,4654.06,4665.07,2763.024,1775458799999,12878905.22483,7647,1472.576,6864475.34969,0
1775458800000,4665.07,4666.22,4649.00,4652.33,2061.016,1775459699999,9596995.41046,6472,823.838,3836439.19547,0
1775459700000,4652.34,4656.54,4645.26,4650.90,1870.061,1775460599999,8695371.36033,5525,1205.239,5604331.78813,0
1775460600000,4650.98,4665.20,4650.68,4663.65,1485.991,1775461499999,6922122.36429,4364,956.730,4456727.55678,0
1775461500000,4663.66,4686.34,4662.35,4682.16,5801.614,1775462399999,27135147.88821,11789,3198.802,14960418.78724,0
1775462400000,4682.16,4692.63,4677.84,4687.32,7644.623,1775463299999,35817740.50753,13147,3955.681,18533651.21457,0
1775463300000,4687.40,4693.37,4682.62,4688.76,3658.109,1775464199999,17148124.66683,8209,1707.155,8002400.22772,0
1775464200000,4688.74,4693.65,4687.00,4690.43,2590.156,1775465099999,12146718.00393,6549,1450.246,6801164.42418,0
1775465100000,4690.42,4696.13,4688.99,4693.51,3920.427,1775465999999,18397459.26859,7760,2374.578,11143183.98468,0
1775466000000,4693.51,4701.89,4693.51,4700.43,5372.020,1775466899999,25239322.11753,9431,3183.152,14955727.09353,0
1775466900000,4700.43,4702.46,4696.45,4700.06,4196.869,1775467799999,19725441.99706,7708,2160.596,10155269.33500,0
1775467800000,4700.05,4703.87,4698.64,4700.65,2234.095,1775468699999,10502060.54507,4726,996.980,4686630.38251,0
1775468700000,4700.64,4702.04,4687.32,4690.05,5630.002,1775469599999,26419916.09812,8852,2217.826,10407504.54731,0
1775469600000,4690.04,4694.36,4683.50,4684.05,2808.548,1775470499999,13172239.61939,6626,1462.723,6860414.79517,0
1775470500000,4684.21,4689.48,4683.21,4686.69,1760.034,1775471399999,8247846.74045,4140,928.881,4352670.52260,0
1775471400000,4686.69,4693.95,4685.43,4692.82,1924.418,1775472299999,9024238.10837,3966,1016.545,4767098.89475,0
1775472300000,4692.83,4693.07,4681.15,4687.23,4451.901,1775473199999,20865039.68175,8613,2089.908,9794399.67513,0
1775473200000,4687.23,4693.97,4686.66,4686.96,1655.346,1775474099999,7763551.51880,4421,844.348,3960102.78642,0
1775474100000,4686.97,4689.68,4681.01,4685.68,2036.167,1775474999999,9539916.89568,4695,870.636,4079374.30737,0
1775475000000,4685.68,4690.74,4682.06,4683.00,2624.667,1775475899999,12299855.57260,5872,1434.096,6720140.21097,0
1775475900000,4683.01,4683.60,4676.12,4677.01,4132.765,1775476799999,19341955.78039,7012,1540.875,7211312.59222,0
1775476800000,4677.02,4684.00,4669.10,4671.15,3411.407,1775477699999,15951042.61622,7575,1548.305,7240030.74930,0
1775477700000,4671.14,4672.88,4660.44,4666.07,6363.362,1775478599999,29689495.14706,10219,3174.683,14811843.06474,0
1775478600000,4666.08,4678.35,4666.00,4676.09,3423.856,1775479499999,16001200.72310,7447,2010.580,9396629.74804,0
1775479500000,4676.09,4680.36,4673.85,4675.19,2363.386,1775480399999,11053931.10010,5093,1215.107,5683159.39896,0
1775480400000,4675.20,4676.84,4661.75,4668.26,4950.700,1775481299999,23109747.40726,10033,2305.004,10758342.49299,0
1775481300000,4668.27,4672.44,4660.00,4667.75,3990.949,1775482199999,18622475.57199,8251,1951.083,9104460.88168,0
1775482200000,4667.74,4677.52,4660.93,4665.89,8246.908,1775483099999,38515244.85875,17678,4200.896,19619045.60553,0
1775483100000,4665.90,4681.55,4662.34,4681.54,4953.697,1775483999999,23147172.14001,13442,2596.491,12133026.29598,0
1775484000000,4681.54,4692.56,4661.72,4672.20,9886.274,1775484899999,46229613.37805,19745,4540.710,21232713.16343,0
1775484900000,4672.20,4686.92,4670.58,4685.18,5479.117,1775485799999,25641386.68888,12526,2750.619,12872005.28507,0
1775485800000,4685.19,4694.80,4677.37,4683.24,8310.165,1775486699999,38934980.56903,16821,4142.674,19410458.69725,0
1775486700000,4683.27,4687.68,4674.14,4682.33,4491.230,1775487599999,21023297.44517,11083,2334.538,10927343.44687,0
1775487600000,4682.40,4683.37,4662.03,4662.97,6121.393,1775488499999,28578037.09480,12204,3282.704,15325852.14462,0
1775488500000,4662.96,4669.44,4655.01,4666.81,5573.597,1775489399999,25985137.51197,11951,2741.118,12781398.24853,0
1775489400000,4666.82,4670.41,4652.60,4660.51,4001.634,1775490299999,18641726.00038,9881,1677.784,7816668.82175,0
1775490300000,4660.51,4668.30,4659.28,4667.77,1645.278,1775491199999,7674353.36990,5626,983.916,4589643.36027,0
1775491200000,4667.52,4670.00,4661.25,4669.08,1449.509,1775492099999,6764171.54424,5509,747.734,3489674.14239,0
1775492100000,4669.08,4671.59,4663.85,4665.20,2929.948,1775492999999,13673595.03177,6314,1058.472,4939489.97634,0
1775493000000,4665.21,4671.00,4663.28,4663.44,1014.101,1775493899999,4732312.89897,3862,530.626,2476111.35800,0
1775493900000,4663.45,4666.84,4658.09,4659.81,1382.057,1775494799999,6443524.10647,4940,643.521,3000509.64627,0
1775494800000,4659.82,4660.44,4646.01,4653.24,4957.786,1775495699999,23074717.85642,10731,1909.413,8887259.73021,0
1775495700000,4653.35,4661.16,4650.02,4656.34,2943.997,1775496599999,13710482.02494,7548,1568.982,7306727.48461,0
1775496600000,4656.27,4661.40,4652.90,4657.41,1477.738,1775497499999,6883087.56754,4285,808.085,3763990.63100,0
1775497500000,4657.40,4657.93,4652.90,4654.58,1404.361,1775498399999,6536709.35747,3586,838.810,3904268.99296,0
1775498400000,4654.64,4667.71,4652.47,4660.56,2408.888,1775499299999,11227331.70614,6304,1421.177,6623855.07820,0
1775499300000,4660.60,4665.90,4660.39,4661.57,1790.243,1775500199999,8349184.81464,4633,868.191,4048847.82649,0
1775500200000,4661.76,4664.76,4650.36,4652.00,1993.282,1775501099999,9280298.69448,5189,837.598,3900298.69362,0
1775501100000,4652.00,4660.15,4650.89,4659.39,2342.367,1775501999999,10902665.32426,5253,1348.526,6276110.27024,0
1775502000000,4659.39,4660.76,4652.10,4652.72,1652.124,1775502899999,7691862.23567,4206,883.855,4115036.65017,0
1775502900000,4652.86,4653.33,4648.00,4652.42,1705.092,1775503799999,7929422.22048,4040,858.484,3992309.62369,0
1775503800000,4652.42,4656.81,4650.84,4653.49,1216.403,1775504699999,5661639.58806,3270,584.970,2722785.58309,0
1775504700000,4653.73,4658.99,4653.40,4656.35,1156.252,1775505599999,5383844.17586,3190,548.345,2553288.49305,0
1775505600000,4656.35,4658.66,4653.56,4658.66,509.937,1775506499999,2374128.24920,2148,242.372,1128399.63268,0
1775506500000,4658.67,4660.22,4657.73,4657.83,579.727,1775507399999,2700824.90269,1958,252.300,1175397.07140,0
1775507400000,4657.92,4660.04,4653.50,4654.74,1076.737,1775508299999,5014578.48461,2363,455.279,2119803.00566,0
1775508300000,4654.80,4656.08,4651.50,4652.40,882.470,1775509199999,4106326.93880,2286,289.407,1346721.44738,0
1775509200000,4652.40,4655.95,4652.31,4655.05,427.715,1775510099999,1990530.40760,1418,267.559,1245162.98255,0
1775510100000,4655.05,4655.67,4652.90,4653.69,472.713,1775510999999,2200184.06093,1004,199.828,930064.66457,0
1775511000000,4653.68,4653.81,4651.50,4651.82,269.609,1775511899999,1254329.19622,1391,88.784,413064.94334,0
1775511900000,4651.83,4654.33,4651.74,4653.76,157.863,1775512799999,734524.42981,1384,82.943,385925.50702,0
1775512800000,4653.76,4668.44,4652.07,4664.16,3672.031,1775513699999,17118245.83190,8501,1680.739,7834364.24693,0
1775513700000,4664.16,4666.39,4657.69,4661.51,2040.401,1775514599999,9512179.11405,4245,891.410,4155381.90833,0
1775514600000,4661.51,4662.62,4658.02,4658.36,747.196,1775515499999,3481569.01103,1901,432.065,2013205.05526,0
1775515500000,4658.33,4661.44,4655.42,4657.54,859.198,1775516399999,4002046.46021,2016,416.906,1941718.93180,0
1775516400000,4657.54,4660.55,4655.77,4659.50,994.933,1775517299999,4634791.31640,2669,496.077,2310890.03982,0
1775517300000,4659.55,4660.18,4652.91,4654.80,627.231,1775518199999,2920053.10587,2058,293.623,1366795.60962,0
1775518200000,4654.81,4655.28,4651.30,4653.39,895.460,1775519099999,4166726.04424,2074,308.921,1437480.63451,0
1775519100000,4653.40,4659.32,4653.12,4658.26,739.566,1775519999999,3443762.39665,2565,422.953,1969485.64605,0
1775520000000,4658.26,4661.69,4650.30,4657.81,2271.324,1775520899999,10573191.15828,6656,977.663,4551037.41919,0
1775520900000,4657.85,4661.81,4657.44,4660.20,1050.201,1775521799999,4893937.64207,4692,536.035,2497871.01195,0
1775521800000,4660.20,4662.53,4659.27,4661.60,887.349,1775522699999,4136135.11046,4332,616.492,2873622.62646,0
1775522700000,4661.60,4663.34,4656.16,4656.72,1284.240,1775523599999,5984843.54484,4789,755.847,3522537.97420,0
1775523600000,4656.54,4665.93,4626.57,4640.86,22202.932,1775524499999,103144713.84224,35589,10604.898,49268266.88972,0
1775524500000,4640.86,4656.91,4638.01,4653.45,4174.900,1775525399999,19408021.33863,11954,1974.570,9179737.18567,0
1775525400000,4653.45,4660.94,4630.80,4642.01,6427.365,1775526299999,29854632.63580,15859,3296.535,15312682.78659,0
1775526300000,4642.01,4647.32,4618.14,4628.39,8622.716,1775527199999,39912652.55081,17677,4158.887,19251287.58888,0
1775527200000,4628.64,4634.42,4621.68,4627.90,4426.420,1775528099999,20489190.96501,10541,2381.810,11025070.52259,0
1775528100000,4627.90,4636.95,4624.53,4636.45,2073.882,1775528999999,9604761.51094,6054,1177.074,5451834.76061,0
1775529000000,4636.44,4646.72,4635.55,4646.19,1743.563,1775529899999,8091558.28472,5842,999.640,4639145.06817,0
1775529900000,4646.18,4652.62,4644.74,4650.28,3002.343,1775530799999,13958915.30754,7103,1482.324,6892168.64442,0
1775530800000,4650.24,4653.62,4641.90,4644.61,1414.216,1775531699999,6572785.15248,4904,618.098,2872541.71893,0
1775531700000,4644.75,4647.22,4639.90,4643.99,1155.884,1775532599999,5367181.30688,4016,483.150,2243287.66157,0
1775532600000,4643.79,4649.77,4643.39,4648.42,1281.743,1775533499999,5956381.46578,2873,654.155,3039845.59702,0
1775533500000,4648.41,4652.40,4648.00,4650.72,937.909,1775534399999,4361267.14194,2321,493.571,2295194.46515,0
1775534400000,4650.80,4652.40,4646.08,4646.19,1148.600,1775535299999,5340459.66014,3367,339.050,1576567.39855,0
1775535300000,4646.19,4651.84,4645.92,4650.54,979.302,1775536199999,4552451.99460,3213,506.462,2354341.69996,0
1775536200000,4650.53,4663.91,4650.52,4661.99,2827.362,1775537099999,13173384.31672,6395,1781.488,8299942.21779,0
1775537100000,4661.99,4664.40,4659.13,4659.62,1847.226,1775537999999,8611496.85704,3759,773.959,3608140.64746,0
1775538000000,4659.64,4661.59,4654.00,4656.05,1374.531,1775538899999,6400890.33884,2997,653.592,3043618.29369,0
1775538900000,4656.05,4658.22,4632.48,4634.80,4023.547,1775539799999,18682855.27730,8004,1783.413,8281176.54902,0
1775539800000,4634.75,4643.32,4626.73,4634.04,7377.890,1775540699999,34196109.36605,13479,3401.147,15763287.97108,0
1775540700000,4634.03,4646.53,4632.01,4644.01,1951.946,1775541599999,9058143.80582,5509,913.527,4239559.40919,0
1775541600000,4644.00,4647.36,4639.19,4646.95,2100.068,1775542499999,9753018.81230,5966,1202.367,5583859.45487,0
1775542500000,4646.94,4648.27,4638.80,4642.45,2037.010,1775543399999,9458371.97023,5603,1202.363,5582193.46106,0
1775543400000,4642.45,4653.46,4642.29,4652.27,1858.258,1775544299999,8637565.75241,5293,909.135,4225152.40620,0
1775544300000,4652.27,4655.90,4649.51,4653.39,2049.955,1775545199999,9538556.23636,5128,890.037,4141183.30947,0
1775545200000,4653.36,4657.05,4649.83,4652.40,3054.948,1775546099999,14213409.66652,5851,1402.649,6525477.41612,0
1775546100000,4652.41,4654.08,4640.88,4642.28,3240.770,1775546999999,15058893.34775,6524,1643.047,7633046.23180,0
1775547000000,4642.20,4648.71,4640.33,4645.90,3099.500,1775547899999,14393329.74507,4388,1773.478,8235657.67479,0
1775547900000,4645.90,4648.93,4641.92,4648.05,1383.775,1775548799999,6427410.99198,3181,947.007,4398403.87195,0
1775548800000,4648.06,4664.25,4646.70,4662.79,12487.660,1775549699999,58146631.12487,16982,5239.078,24394479.56965,0
1775549700000,4662.79,4689.88,4657.40,4677.00,12089.303,1775550599999,56544649.68949,18344,5408.544,25290350.45020,0
1775550600000,4677.05,4685.25,4675.78,4681.69,5474.597,1775551499999,25627406.00295,8856,2615.375,12243114.05807,0
1775551500000,4681.69,4685.00,4678.06,4681.36,3372.787,1775552399999,15788327.97275,6374,1610.393,7538320.17302,0
1775552400000,4681.35,4694.03,4679.47,4684.36,3960.360,1775553299999,18559860.85019,7243,2099.686,9841813.37598,0
1775553300000,4684.40,4692.00,4682.11,4685.26,4929.381,1775554199999,23107897.98929,8412,2222.050,10416005.52901,0
1775554200000,4685.25,4685.25,4665.08,4666.80,7818.715,1775555099999,36555571.35663,12150,3579.218,16732632.21591,0
1775555100000,4666.74,4677.01,4660.05,4672.82,8246.768,1775555999999,38484475.57884,10817,4895.604,22843244.94062,0
1775556000000,4672.83,4679.10,4663.22,4676.36,10913.948,1775556899999,51013978.68908,15640,5150.315,24072003.94419,0
1775556900000,4676.40,4680.50,4658.66,4668.90,6814.414,1775557799999,31803744.32871,12170,3306.431,15430075.30105,0
1775557800000,4668.92,4672.46,4656.54,4663.45,4202.258,1775558699999,19603296.26319,8307,1872.857,8737649.77946,0
1775558700000,4663.24,4663.45,4651.55,4654.81,6802.613,1775559599999,31678619.07218,10995,4041.120,18818356.18385,0
1775559600000,4654.80,4659.06,4634.07,4639.96,9544.058,1775560499999,44352045.47256,14276,4425.454,20568692.54866,0
1775560500000,4639.95,4654.19,4637.39,4650.10,5677.091,1775561399999,26371624.14289,9946,3070.785,14263868.70014,0
1775561400000,4650.09,4664.85,4649.27,4663.94,4586.861,1775562299999,21359555.83495,8068,2164.520,10079753.75522,0
1775562300000,4663.95,4664.70,4657.75,4660.00,2707.847,1775563199999,12619225.90954,4804,1127.897,5256243.56691,0
1775563200000,4660.01,4665.41,4651.42,4655.17,7654.204,1775564099999,35646127.85289,11928,3892.147,18126311.65076,0
1775564100000,4655.17,4670.24,4652.25,4666.39,7570.055,1775564999999,35301743.22239,11515,3582.115,16703560.93584,0
1775565000000,4666.40,4668.12,4657.25,4658.19,3799.888,1775565899999,17717487.80268,6955,1664.253,7759312.91022,0
1775565900000,4658.15,4662.95,4647.61,4652.55,6626.143,1775566799999,30840643.09755,11306,3464.328,16124056.02658,0
1775566800000,4652.46,4660.39,4649.28,4657.20,6849.619,1775567699999,31885419.08509,9884,3131.723,14578667.22792,0
1775567700000,4657.20,4663.60,4651.38,4659.11,2853.143,1775568599999,13288878.50197,6001,1755.151,8174499.59895,0
1775568600000,4659.11,4663.80,4638.64,4642.00,13014.276,1775569499999,60496263.33235,16998,6565.510,30518704.69533,0
1775569500000,4641.80,4655.93,4639.33,4645.81,7507.588,1775570399999,34899576.36404,12287,4267.844,19838957.10784,0
1775570400000,4645.84,4646.83,4612.13,4624.85,23741.537,1775571299999,109794871.50613,28083,11644.875,53837835.47177,0
1775571300000,4624.40,4650.00,4613.35,4645.68,14619.126,1775572199999,67748305.70590,20303,7506.962,34789918.40502,0
1775572200000,4645.74,4660.34,4643.01,4647.34,11233.728,1775573099999,52255507.81691,14521,4715.066,21935116.53754,0
1775573100000,4647.33,4656.15,4632.59,4634.85,6961.659,1775573999999,32326858.67279,11368,3210.848,14909260.64376,0
1775574000000,4634.85,4645.17,4628.08,4644.60,9117.563,1775574899999,42265119.58217,12560,5154.819,23895568.25572,0
1775574900000,4644.62,4654.89,4642.90,4654.73,9154.469,1775575799999,42570475.09502,13447,4446.651,20677337.95329,0
1775575800000,4654.73,4658.21,4643.33,4648.11,5889.949,1775576699999,27391347.72473,10085,2901.061,13492091.91958,0
1775576700000,4648.18,4661.13,4647.71,4657.63,3469.785,1775577599999,16154451.13976,7041,1733.661,8071149.19850,0
1775577600000,4657.61,4669.52,4654.59,4660.70,5788.230,1775578499999,26985392.23783,10791,2746.787,12804654.62297,0
1775578500000,4660.51,4668.94,4656.44,4664.10,4956.097,1775579399999,23100760.65304,8788,2227.447,10382545.80605,0
1775579400000,4664.06,4665.44,4657.51,4662.23,3437.329,1775580299999,16021492.37032,5929,1655.028,7713685.80468,0
1775580300000,4662.11,4663.59,4657.21,4657.68,1256.516,1775581199999,5856308.80450,3766,416.738,1942161.95589,0
1775581200000,4657.56,4673.36,4656.75,4668.39,4253.672,1775582099999,19850482.85613,7489,2371.119,11067074.75168,0
1775582100000,4668.39,4668.39,4655.03,4661.40,1717.803,1775582999999,8002437.55288,4887,855.890,3987591.50167,0
1775583000000,4661.50,4685.12,4661.49,4671.41,6882.025,1775583899999,32183385.32165,11898,3192.359,14926637.23095,0
1775583900000,4671.41,4678.34,4670.41,4674.48,1584.219,1775584799999,7406912.46074,4803,782.537,3658509.23437,0
1775584800000,4674.50,4683.77,4674.50,4682.86,2609.480,1775585699999,12207979.88101,4802,1578.227,7382871.69181,0
1775585700000,4682.85,4684.79,4676.28,4679.83,2313.259,1775586599999,10828664.88169,4804,864.750,4047522.68161,0
1775586600000,4679.83,4685.00,4677.00,4678.81,1892.055,1775587499999,8856060.68886,4317,792.490,3709641.30362,0
1775587500000,4678.80,4679.18,4657.80,4662.45,3466.238,1775588399999,16175316.57414,7287,1678.396,7830576.37161,0
1775588400000,4662.45,4669.38,4661.64,4668.66,2165.565,1775589299999,10103070.27106,5612,1149.341,5361844.46404,0
1775589300000,4668.63,4701.18,4666.91,4686.23,12588.079,1775590199999,59018910.30848,20724,6425.921,30128989.51423,0
1775590200000,4686.23,4689.39,4680.86,4686.08,5031.221,1775591099999,23569366.87476,8641,2624.804,12296187.76606,0
1775591100000,4686.00,4718.01,4684.50,4700.86,21722.306,1775591999999,102241019.45398,29994,11451.048,53897062.10283,0
1775592000000,4700.86,4710.53,4697.93,4708.06,4203.094,1775592899999,19778120.38515,8839,1747.303,8222312.18443,0
1775592900000,4708.06,4712.84,4702.66,4708.08,1960.029,1775593799999,9224855.88735,5794,835.895,3934369.38222,0
1775593800000,4708.08,4714.56,4701.37,4706.10,3681.456,1775594699999,17333902.13696,8675,1693.939,7976221.88255,0
1775594700000,4706.10,4710.89,4703.15,4705.24,2305.619,1775595599999,10853449.18368,5772,999.313,4703982.24598,0
1775595600000,4704.83,4713.54,4702.80,4711.61,1887.394,1775596499999,8887263.54994,3771,1186.170,5585427.33086,0
1775596500000,4711.61,4711.61,4707.37,4709.04,1154.385,1775597399999,5436053.01231,2424,422.344,1988784.96486,0
1775597400000,4709.05,4713.71,4707.45,4713.67,1249.185,1775598299999,5884165.00980,2461,593.811,2797230.91217,0
1775598300000,4713.68,4721.99,4712.29,4714.28,1660.438,1775599199999,7832465.87681,4296,1047.804,4942444.38883,0
1775599200000,4714.28,4748.86,4713.72,4732.16,14048.592,1775600099999,66518610.05527,23555,7410.839,35090077.70632,0
1775600100000,4732.35,4735.61,4725.46,4734.88,4084.151,1775600999999,19316804.60321,8890,1977.956,9355223.35342,0
1775601000000,4734.88,4799.93,4713.64,4767.75,32449.999,1775601899999,154221411.24656,44775,17406.752,82743336.53268,0
1775601900000,4767.71,4818.63,4762.33,4816.96,13427.101,1775602799999,64369909.74971,27563,7375.739,35357208.59909,0
1775602800000,4816.96,4821.99,4800.57,4815.45,11348.987,1775603699999,54598819.55660,25882,5468.152,26308591.11391,0
1775603700000,4815.59,4827.32,4807.08,4814.81,7760.958,1775604599999,37378590.23232,20551,3837.701,18483232.01378,0
1775604600000,4814.82,4817.24,4802.70,4809.70,4923.713,1775605499999,23674884.81024,14297,2345.146,11276022.80481,0
1775605500000,4809.71,4833.73,4807.82,4829.17,6034.614,1775606399999,29088572.28266,14040,2880.162,13884672.43290,0
1775606400000,4829.37,4854.98,4827.36,4834.25,12963.072,1775607299999,62748659.25061,30336,6591.574,31909421.56607,0
1775607300000,4834.24,4837.49,4818.86,4822.64,4969.146,1775608199999,23986725.11051,17086,2184.517,10544897.43894,0
1775608200000,4822.65,4824.39,4813.12,4815.00,5283.525,1775609099999,25455874.76768,12513,2532.085,12199591.10580,0
1775609100000,4815.01,4828.79,4810.65,4817.54,4232.083,1775609999999,20392090.04529,10728,2183.109,10519424.10450,0
1775610000000,4817.64,4824.76,4807.21,4818.74,5304.879,1775610899999,25548963.99594,16710,2584.258,12446528.39602,0
1775610900000,4818.74,4820.04,4793.10,4796.01,5337.761,1775611799999,25639652.69773,14436,2052.794,9860200.99407,0
1775611800000,4796.00,4804.43,4790.13,4800.27,3134.161,1775612699999,15037519.47111,9164,1688.353,8100684.05289,0
1775612700000,4800.29,4814.67,4799.43,4809.91,1780.892,1775613599999,8565160.75062,6392,851.545,4094757.77263,0
1775613600000,4809.91,4822.78,4809.86,4812.40,4718.957,1775614499999,22733237.09261,8968,2966.079,14290484.88146,0
1775614500000,4812.50,4812.50,4805.36,4809.13,1530.452,1775615399999,7360500.25513,3969,591.792,2846109.51322,0
1775615400000,4809.14,4817.69,4805.25,4806.29,1997.611,1775616299999,9611104.34334,5686,669.055,3219424.77575,0
1775616300000,4806.14,4807.80,4798.88,4803.82,1319.523,1775617199999,6338464.92155,4799,682.270,3277434.39377,0
1775617200000,4803.88,4805.62,4797.39,4798.80,1092.271,1775618099999,5245792.36189,3898,617.516,2965921.43941,0
1775618100000,4798.81,4802.88,4797.00,4801.55,3092.756,1775618999999,14842432.53625,4507,2220.760,10657415.77159,0
1775619000000,4801.50,4802.83,4794.45,4799.26,1238.921,1775619899999,5946179.28366,3917,525.219,2520573.58647,0
1775619900000,4799.27,4802.66,4796.20,4796.96,797.879,1775620799999,3829359.40030,3074,392.784,1885068.70305,0
1775620800000,4796.97,4800.60,4793.54,4796.83,1151.708,1775621699999,5524699.05856,3764,548.753,2632342.29900,0
1775621700000,4796.82,4801.35,4788.15,4800.41,2738.234,1775622599999,13122434.82540,5602,932.869,4471472.17833,0
1775622600000,4800.40,4804.44,4799.31,4801.81,2023.138,1775623499999,9715273.25788,3423,1173.134,5633585.28181,0
1775623500000,4801.81,4802.34,4796.62,4802.06,880.480,1775624399999,4226085.66075,3364,374.061,1795446.52290,0
1775624400000,4802.06,4808.92,4798.85,4808.12,3727.625,1775625299999,17910413.45567,4657,1663.853,7995012.55263,0
1775625300000,4808.12,4815.37,4805.23,4814.80,2177.634,1775626199999,10476371.35885,4128,1490.565,7171337.28644,0
1775626200000,4814.80,4821.40,4811.55,4819.09,3241.203,1775627099999,15614673.71784,7293,1550.328,7468999.94191,0
1775627100000,4819.09,4839.37,4818.05,4823.60,5543.596,1775627999999,26774034.66877,10898,2712.782,13101019.51453,0
1775628000000,4823.55,4830.55,4817.11,4822.37,3809.990,1775628899999,18377287.73546,8852,1846.863,8908375.82880,0
1775628900000,4822.36,4831.50,4821.30,4830.55,6165.269,1775629799999,29760666.22609,13235,2278.558,10997979.18502,0
1775629800000,4830.55,4833.67,4823.65,4830.40,4651.487,1775630699999,22457703.53145,9358,2127.735,10273279.66111,0
1775630700000,4830.40,4834.68,4816.24,4816.24,5406.913,1775631599999,26086354.69004,8385,2180.130,10517756.41704,0
1775631600000,4816.22,4816.80,4805.66,4810.45,5211.999,1775632499999,25074358.26813,10238,2664.059,12816302.90231,0
1775632500000,4810.40,4818.30,4807.20,4815.58,2385.861,1775633399999,11481702.22297,6538,1370.079,6593200.89641,0
1775633400000,4815.58,4815.58,4803.17,4806.66,2761.576,1775634299999,13280035.36243,5587,1026.204,4934865.73404,0
1775634300000,4806.65,4816.59,4806.00,4810.49,1896.921,1775635199999,9129453.86701,4270,910.468,4381844.68189,0
1775635200000,4810.41,4816.00,4805.75,4812.23,2276.774,1775636099999,10954520.39697,5135,1155.766,5560842.80922,0
1775636100000,4812.23,4816.59,4797.71,4806.92,4194.907,1775636999999,20155570.02717,7052,1929.374,9271489.82471,0
1775637000000,4806.96,4806.96,4790.41,4792.93,4682.126,1775637899999,22465268.28387,10112,1992.257,9559003.87969,0
1775637900000,4792.99,4802.69,4790.00,4794.06,3960.540,1775638799999,18990742.44626,8230,1894.090,9082276.33430,0
1775638800000,4794.05,4800.95,4793.40,4800.74,1540.232,1775639699999,7388859.08041,5020,880.667,4224780.79042,0
1775639700000,4800.74,4805.45,4795.46,4797.78,1796.134,1775640599999,8622124.87090,4883,1024.238,4916533.46934,0
1775640600000,4797.79,4801.69,4776.39,4782.34,5735.297,1775641499999,27464848.55246,10729,2846.558,13632227.06839,0
1775641500000,4782.36,4789.48,4776.91,4783.67,5200.779,1775642399999,24878546.38697,10778,2848.916,13627746.24166,0
1775642400000,4783.68,4790.89,4781.96,4782.33,3187.772,1775643299999,15260302.21599,6428,1499.613,7179280.07303,0
1775643300000,4782.30,4783.57,4771.43,4782.65,4996.083,1775644199999,23868832.52582,8842,2525.411,12066493.81436,0
1775644200000,4782.65,4791.84,4780.31,4791.28,2563.752,1775645099999,12271388.77924,5740,1384.864,6628420.38383,0
1775645100000,4791.29,4794.65,4782.48,4782.89,3073.420,1775645999999,14724269.70155,6766,1409.161,6751024.61847,0
1775646000000,4782.89,4791.12,4779.82,4787.85,3953.733,1775646899999,18918883.86188,7859,2192.690,10492017.84710,0
1775646900000,4787.93,4797.93,4783.47,4791.47,3865.028,1775647799999,18516027.49295,9189,1931.753,9254489.48869,0
1775647800000,4791.40,4791.89,4778.57,4790.15,3442.459,1775648699999,16474985.22192,9181,1627.771,7789954.11332,0
1775648700000,4790.15,4801.32,4788.95,4797.49,3921.023,1775649599999,18805178.87727,8644,1686.676,8089159.37320,0
1775649600000,4797.49,4806.03,4797.42,4804.92,3388.056,1775650499999,16268310.95734,8207,1554.921,7465833.45558,0
1775650500000,4804.91,4804.91,4767.09,4784.09,11225.169,1775651399999,53668965.43495,21016,6099.312,29156888.15688,0
1775651400000,4783.96,4798.19,4783.08,4795.06,4029.247,1775652299999,19309786.64198,8972,2214.929,10615388.03167,0
1775652300000,4795.00,4802.41,4794.86,4800.05,2697.833,1775653199999,12946918.52923,6620,1366.644,6558737.73878,0
1775653200000,4800.05,4806.91,4791.02,4793.31,4053.868,1775654099999,19453964.65516,9559,1800.164,8639753.40301,0
1775654100000,4793.31,4798.60,4789.25,4790.56,2789.241,1775654999999,13369817.21236,7867,1331.606,6383118.07203,0
1775655000000,4790.59,4794.56,4774.72,4775.16,7642.390,1775655899999,36541292.98363,17746,3931.062,18796319.66034,0
1775655900000,4775.17,4788.00,4767.41,4777.50,6466.487,1775656799999,30894142.08409,14507,3070.756,14671308.30004,0
1775656800000,4777.49,4790.75,4776.28,4780.12,5020.960,1775657699999,24020077.83258,13616,2166.522,10364448.27416,0
1775657700000,4780.12,4784.90,4762.10,4768.54,4934.857,1775658599999,23549356.90604,13417,2383.097,11371199.28352,0
1775658600000,4768.55,4769.73,4750.03,4759.98,11335.421,1775659499999,53946129.69475,20470,5116.762,24352008.56844,0
1775659500000,4759.97,4764.31,4733.00,4737.24,14676.036,1775660399999,69640350.11322,23965,7058.362,33492631.74437,0
1775660400000,4737.24,4749.57,4735.04,4744.20,7942.138,1775661299999,37673263.70585,14525,4309.566,20441660.43365,0
1775661300000,4744.15,4757.10,4743.28,4749.92,4898.403,1775662199999,23276723.75468,9164,2710.799,12882210.31609,0
1775662200000,4749.92,4760.64,4749.49,4755.05,3103.316,1775663099999,14760677.48503,6618,1643.640,7817927.19773,0
1775663100000,4755.05,4762.88,4754.28,4755.87,1740.735,1775663999999,8284453.74339,4453,948.724,4515081.54441,0
1775664000000,4755.87,4761.68,4752.83,4752.83,1608.115,1775664899999,7651236.55149,4872,714.925,3402091.40367,0
1775664900000,4752.79,4753.28,4744.06,4748.80,1915.900,1775665799999,9098155.45327,6205,823.723,3911441.53414,0
1775665800000,4748.81,4759.00,4747.00,4757.72,1219.092,1775666699999,5796600.40889,4395,823.474,3915423.34024,0
1775666700000,4757.71,4764.56,4755.89,4759.34,1321.975,1775667599999,6293087.48730,3898,838.392,3990926.25053,0
1775667600000,4759.35,4763.32,4755.11,4759.86,1885.719,1775668499999,8973477.79353,4207,1225.943,5833859.43126,0
1775668500000,4759.86,4761.59,4744.81,4750.35,2629.852,1775669399999,12490553.45477,7432,1370.835,6510331.75941,0
1775669400000,4750.34,4753.79,4736.64,4740.84,4115.012,1775670299999,19513896.07786,9307,2117.365,10039919.04595,0
1775670300000,4740.84,4741.57,4732.26,4734.36,2401.822,1775671199999,11376113.79688,5164,1194.316,5656987.47424,0
1775671200000,4734.40,4744.32,4730.00,4743.76,4038.026,1775672099999,19125678.31340,6544,1641.712,7778479.16013,0
1775672100000,4743.74,4744.56,4719.45,4723.41,14437.921,1775672999999,68240610.65541,19782,5673.020,26811583.00578,0
1775673000000,4723.55,4726.55,4710.11,4711.00,4760.998,1775673899999,22459157.61179,10031,2506.410,11824116.63672,0
1775673900000,4711.00,4718.13,4705.33,4706.68,5324.518,1775674799999,25081312.93250,10567,2075.237,9775531.38859,0
1775674800000,4706.67,4717.56,4699.13,4717.26,5613.190,1775675699999,26419067.54649,10855,2717.978,12793648.44904,0
1775675700000,4717.08,4719.69,4709.01,4710.00,1589.225,1775676599999,7490430.77424,5211,772.603,3641568.10598,0
1775676600000,4709.99,4725.31,4709.81,4722.50,2990.091,1775677499999,14118753.16034,6699,1352.574,6386632.22056,0
1775677500000,4722.55,4732.99,4722.55,4731.36,2289.436,1775678399999,10826415.58011,5163,1267.391,5993464.40238,0
1775678400000,4731.31,4732.56,4725.86,4726.92,1391.272,1775679299999,6580028.07931,3639,488.363,2309995.67847,0
1775679300000,4726.92,4728.92,4721.16,4722.47,972.601,1775680199999,4594654.30012,3621,256.878,1213384.76948,0
1775680200000,4722.47,4723.44,4720.58,4721.85,479.200,1775681099999,2262766.98560,1840,222.606,1051163.61187,0
1775681100000,4721.84,4724.00,4718.07,4721.90,710.071,1775681999999,3352042.97919,2788,423.727,2000302.20199,0
1775682000000,4721.91,4725.00,4720.89,4723.34,903.584,1775682899999,4267993.29895,1971,408.592,1930022.25515,0
1775682900000,4723.34,4725.85,4723.33,4724.41,282.030,1775683799999,1332355.75566,1018,208.737,986113.31354,0
1775683800000,4724.41,4725.60,4723.20,4724.87,499.625,1775684699999,2360509.07775,1310,267.284,1262798.91839,0
1775684700000,4724.88,4729.90,4723.82,4726.12,651.252,1775685599999,3078513.12023,2331,360.988,1706397.52555,0
1775685600000,4726.12,4732.58,4709.81,4712.54,5239.638,1775686499999,24753929.44022,10972,2559.121,12092020.04619,0
1775686500000,4712.64,4717.42,4704.56,4712.96,3624.879,1775687399999,17072552.58169,6080,2169.876,10220062.01374,0
1775687400000,4713.00,4719.90,4706.13,4713.34,1518.033,1775688299999,7155663.74999,4514,832.585,3924595.26318,0
1775688300000,4713.34,4719.45,4712.18,4718.01,694.704,1775689199999,3276373.29888,2805,358.142,1689051.07507,0
1775689200000,4718.02,4718.02,4705.46,4709.04,1626.343,1775690099999,7662186.78939,4985,805.826,3796464.71132,0
1775690100000,4709.01,4715.74,4706.43,4710.86,980.701,1775690999999,4620822.29619,3469,518.215,2441548.96079,0
1775691000000,4710.84,4715.91,4707.18,4714.01,749.100,1775691899999,3529345.36810,2861,440.909,2077522.16952,0
1775691900000,4714.01,4719.99,4713.01,4716.08,702.606,1775692799999,3313695.37879,3163,438.101,2066080.62924,0
1775692800000,4716.08,4716.49,4692.37,4702.46,3820.652,1775693699999,17962221.38126,9641,1569.993,7383283.81200,0
1775693700000,4702.47,4711.99,4700.18,4707.72,1665.819,1775694599999,7840851.49801,5460,871.407,4101682.37743,0
1775694600000,4707.64,4719.37,4706.66,4718.63,1549.954,1775695499999,7307276.88922,5061,1004.998,4738568.19226,0
1775695500000,4718.64,4719.26,4706.18,4706.73,2244.953,1775696399999,10577317.13176,5001,947.962,4465637.52685,0
1775696400000,4706.74,4720.93,4700.21,4720.20,4192.823,1775697299999,19754159.53522,12934,2261.909,10657862.46166,0
1775697300000,4720.20,4722.97,4704.50,4705.99,2835.566,1775698199999,13366075.93304,7837,1418.057,6683558.96818,0
1775698200000,4705.99,4721.21,4705.26,4717.15,1925.597,1775699099999,9080092.44752,6422,813.949,3837726.01448,0
1775699100000,4717.16,4728.77,4717.16,4727.88,2240.084,1775699999999,10581055.84396,4766,1046.351,4942999.67060,0
1775700000000,4727.89,4729.29,4721.81,4723.41,1319.760,1775700899999,6235603.12148,4554,694.842,3283255.40693,0
1775700900000,4723.41,4728.40,4723.10,4725.94,796.502,1775701799999,3764167.04948,3072,404.741,1912658.32962,0
1775701800000,4725.95,4732.66,4725.93,4732.00,1252.766,1775702699999,5925364.97339,4128,757.535,3582910.13599,0
1775702700000,4732.00,4732.66,4718.59,4720.20,1548.257,1775703599999,7315827.79527,4308,647.536,3058806.14471,0
1775703600000,4720.20,4721.12,4712.73,4713.80,1610.130,1775704499999,7595635.50453,4600,948.111,4472679.90797,0
1775704500000,4713.80,4714.72,4707.24,4714.72,2378.811,1775705399999,11205061.88388,5308,1429.237,6732086.95697,0
1775705400000,4714.71,4716.88,4713.88,4716.49,734.582,1775706299999,3463919.49831,2162,421.122,1985819.38561,0
1775706300000,4716.50,4716.69,4708.20,4712.51,767.647,1775707199999,3617513.47002,3293,372.456,1755031.83040,0
1775707200000,4712.51,4722.32,4711.32,4721.98,1111.789,1775708099999,5246161.24158,3448,580.662,2739822.00350,0
1775708100000,4721.98,4723.30,4717.46,4717.46,757.970,1775708999999,3577914.38987,1987,334.818,1580538.14625,0
1775709000000,4717.45,4723.31,4715.10,4720.60,1126.041,1775709899999,5313044.20407,2937,513.762,2424354.66110,0
1775709900000,4720.60,4725.31,4719.96,4720.53,705.621,1775710799999,3332339.80987,2296,305.350,1442088.23986,0
1775710800000,4720.54,4722.97,4711.50,4714.60,1067.177,1775711699999,5033312.63046,2893,507.038,2391159.05087,0
1775711700000,4714.59,4726.05,4714.12,4726.05,1182.739,1775712599999,5584659.35276,3202,652.569,3081185.04115,0
1775712600000,4726.04,4726.44,4716.77,4723.90,1425.244,1775713499999,6729099.48593,4676,599.449,2830070.26997,0
1775713500000,4723.91,4724.40,4708.12,4715.35,2081.307,1775714399999,9809288.57727,5737,1103.862,5202407.78188,0
1775714400000,4715.28,4725.85,4713.85,4719.98,2011.535,1775715299999,9497388.75652,4760,946.985,4470725.47270,0
1775715300000,4719.97,4722.12,4714.48,4719.57,982.403,1775716199999,4635295.64855,3504,537.048,2533820.64010,0
1775716200000,4719.56,4723.56,4713.72,4715.68,1288.439,1775717099999,6078330.42034,4195,737.036,3476830.57539,0
1775717100000,4715.68,4716.75,4706.56,4714.44,2478.030,1775717999999,11675952.04058,5323,1208.325,5693281.51411,0
1775718000000,4714.44,4729.40,4710.60,4724.95,4245.673,1775718899999,20055097.74217,7834,1900.855,8977623.73658,0
1775718900000,4724.94,4724.94,4708.81,4710.75,2566.574,1775719799999,12099088.41543,5281,1343.349,6332251.22114,0
1775719800000,4711.06,4730.00,4711.06,4723.06,4418.046,1775720699999,20870237.10792,7504,2143.643,10123644.25252,0
1775720700000,4723.06,4725.57,4714.09,4725.44,2227.968,1775721599999,10513565.99985,5760,1314.576,6203665.93235,0
1775721600000,4725.45,4727.34,4721.27,4724.49,1756.329,1775722499999,8297353.72871,3817,825.144,3898097.31206,0
1775722500000,4724.40,4727.75,4721.90,4722.00,1610.722,1775723399999,7610782.38735,3659,841.886,3977933.80700,0
1775723400000,4722.01,4732.86,4721.21,4729.63,2540.306,1775724299999,12010608.62393,4641,1234.804,5838169.88098,0
1775724300000,4729.64,4733.17,4726.42,4726.42,2958.432,1775725199999,13992927.29383,5214,1346.866,6370494.07637,0
1775725200000,4726.41,4733.59,4724.20,4731.23,1717.428,1775726099999,8121408.78645,4169,838.908,3966791.51003,0
1775726100000,4731.24,4734.63,4730.01,4730.70,1449.417,1775726999999,6859029.36796,3351,736.999,3487720.92944,0
1775727000000,4730.69,4733.39,4728.22,4728.22,1829.647,1775727899999,8654807.71962,3567,869.071,4110922.05383,0
1775727900000,4728.22,4731.62,4725.40,4730.80,1383.775,1775728799999,6542987.78874,3347,822.220,3887400.47600,0
1775728800000,4730.80,4733.74,4726.54,4727.95,1535.267,1775729699999,7260976.47588,3423,610.823,2888664.28978,0
1775729700000,4727.94,4739.87,4724.17,4737.89,2955.997,1775730599999,13992477.01359,5769,1589.563,7524394.14100,0
1775730600000,4737.89,4741.14,4736.94,4740.60,2417.719,1775731499999,11458097.63042,4726,1263.436,5987706.63726,0
1775731500000,4740.63,4745.70,4739.25,4741.32,2965.167,1775732399999,14063927.71051,5428,1643.098,7793156.23546,0
1775732400000,4741.20,4743.48,4738.24,4739.15,1576.909,1775733299999,7475092.84233,3940,598.234,2835911.39420,0
1775733300000,4739.14,4747.43,4738.69,4745.24,1675.518,1775734199999,7947563.78141,3633,962.580,4565952.09179,0
1775734200000,4745.34,4750.56,4743.01,4750.29,2930.330,1775735099999,13912568.62654,4663,1482.697,7039379.49397,0
1775735100000,4750.40,4756.74,4750.36,4755.64,2676.548,1775735999999,12726048.50893,5273,1355.302,6443846.13694,0
1775736000000,4755.65,4758.68,4741.66,4742.15,4347.313,1775736899999,20642210.31696,6905,1911.151,9074804.74179,0
1775736900000,4742.14,4743.61,4735.10,4738.18,2934.934,1775737799999,13909306.95067,6537,1504.417,7129650.57297,0
1775737800000,4738.19,4747.59,4736.04,4743.95,5244.068,1775738699999,24864208.88156,8949,2633.822,12488334.44221,0
1775738700000,4743.94,4746.77,4738.08,4745.70,1965.264,1775739599999,9321019.68658,4985,1016.513,4821092.68246,0
1775739600000,4745.74,4755.55,4738.70,4753.49,4223.089,1775740499999,20050147.89209,8470,2339.434,11107164.97746,0
1775740500000,4753.50,4757.50,4750.80,4751.52,3210.887,1775741399999,15265206.53805,6343,1463.426,6957453.77401,0
1775741400000,4751.53,4775.40,4750.00,4773.75,8217.482,1775742299999,39161564.44300,13747,4221.484,20115911.48964,0
1775742300000,4773.76,4774.77,4758.36,4763.33,6813.884,1775743199999,32478204.41864,10639,3545.239,16896756.19238,0
1775743200000,4763.33,4774.90,4761.30,4769.80,5529.125,1775744099999,26369215.42588,9685,2639.040,12585861.47651,0
1775744100000,4769.80,4772.04,4759.01,4764.76,4669.366,1775744999999,22249363.54810,8230,2161.825,10300632.57976,0
1775745000000,4764.75,4766.44,4747.49,4755.81,7695.221,1775745899999,36589740.17033,12215,3659.382,17401976.20506,0
1775745900000,4755.81,4767.54,4755.30,4767.37,3266.815,1775746799999,15558516.09892,6113,1640.813,7814411.48533,0
1775746800000,4767.38,4769.36,4759.33,4768.02,2132.791,1775747699999,10159848.93108,5450,989.417,4713405.77597,0
1775747700000,4768.02,4784.00,4768.01,4776.69,6991.711,1775748599999,33410529.33144,11940,3393.343,16214527.26469,0
1775748600000,4776.69,4795.00,4776.12,4787.49,11456.725,1775749499999,54860789.71626,15908,5358.790,25660117.80665,0
1775749500000,4787.46,4791.82,4782.06,4791.07,7168.528,1775750399999,34310799.95003,10323,3172.742,15185399.55027,0
1775750400000,4790.93,4799.00,4784.42,4784.80,4727.094,1775751299999,22654951.93098,8988,1977.500,9478863.39205,0
1775751300000,4784.80,4794.41,4783.93,4788.74,2728.043,1775752199999,13066475.66538,5645,1057.772,5066657.41661,0
1775752200000,4788.79,4791.14,4782.15,4782.98,2496.536,1775753099999,11950368.93050,5100,1046.854,5011019.23331,0
1775753100000,4782.99,4786.39,4780.22,4785.20,2654.414,1775753999999,12696785.36229,4920,1459.199,6980013.92931,0
1775754000000,4785.21,4791.36,4783.21,4790.42,2225.375,1775754899999,10654132.09648,4933,1419.959,6798396.29237,0
1775754900000,4790.41,4795.42,4788.42,4789.44,1733.512,1775755799999,8306997.61899,4370,853.558,4090460.65891,0
1775755800000,4789.44,4797.45,4784.67,4791.74,2240.793,1775756699999,10737717.92360,5777,1022.226,4898541.45881,0
1775756700000,4791.74,4797.10,4791.74,4794.64,1228.431,1775757599999,5890266.06673,3766,528.681,2534898.72047,0
1775757600000,4794.64,4794.65,4777.06,4780.08,3373.274,1775758499999,16134905.24887,8328,1533.350,7333990.15672,0
1775758500000,4780.15,4784.80,4775.59,4778.55,2578.021,1775759399999,12319356.09580,5816,1354.387,6471312.74840,0
1775759400000,4778.54,4778.54,4767.69,4769.10,2749.533,1775760299999,13122959.17769,7114,1316.719,6283852.86774,0
1775760300000,4769.16,4774.68,4766.88,4771.30,2465.591,1775761199999,11762242.97625,5128,1498.738,7150091.20918,0
1775761200000,4771.30,4780.64,4768.74,4777.40,1772.602,1775762099999,8464756.82427,4674,988.667,4720951.67513,0
1775762100000,4777.41,4778.49,4770.36,4771.33,1147.879,1775762999999,5478968.99403,3450,539.887,2576843.97117,0
1775763000000,4771.32,4775.59,4767.97,4770.14,982.983,1775763899999,4689623.48601,3537,479.601,2288089.89114,0
1775763900000,4770.15,4772.09,4765.10,4767.00,1490.789,1775764799999,7108523.09794,3675,799.592,3812475.37219,0
1775764800000,4767.01,4769.45,4765.21,4768.24,782.079,1775765699999,3728645.02649,2004,400.325,1908607.09551,0
1775765700000,4768.24,4771.80,4765.21,4769.15,581.184,1775766599999,2771971.47735,1824,347.484,1657271.31139,0
1775766600000,4769.15,4770.84,4760.40,4763.24,1489.528,1775767499999,7095855.13691,3168,325.183,1549190.71832,0
1775767500000,4763.23,4767.48,4762.44,4765.55,645.013,1775768399999,3073511.84340,1830,339.642,1618377.87946,0
1775768400000,4765.54,4766.88,4763.49,4766.14,823.624,1775769299999,3924707.22784,1859,391.457,1865408.75113,0
1775769300000,4766.15,4766.76,4763.88,4765.14,350.498,1775770199999,1670291.13238,1075,149.041,710221.86048,0
1775770200000,4765.14,4766.56,4763.46,4766.19,364.359,1775771099999,1735907.69906,1308,196.304,935248.85185,0
1775771100000,4766.19,4770.58,4766.19,4770.01,305.857,1775771999999,1458663.89803,1099,225.488,1075324.67638,0
1775772000000,4770.01,4778.95,4763.42,4768.67,4421.240,1775772899999,21094083.82848,9170,2378.470,11348306.95969,0
1775772900000,4768.66,4769.09,4761.77,4762.00,1402.782,1775773799999,6685221.71801,3948,573.708,2734226.78804,0
1775773800000,4762.00,4765.10,4758.38,4760.60,1869.434,1775774699999,8900644.50924,3885,941.429,4482250.83237,0
1775774700000,4760.61,4763.57,4759.08,4763.56,776.019,1775775599999,3694635.13581,2664,394.059,1876073.59057,0
1775775600000,4763.56,4763.57,4757.00,4758.04,857.858,1775776499999,4083022.48699,2866,404.770,1926436.47002,0
1775776500000,4758.05,4760.69,4756.95,4757.87,651.081,1775777399999,3098203.32336,1736,493.964,2350517.40375,0
1775777400000,4757.87,4762.00,4757.87,4759.99,674.253,1775778299999,3209461.47291,2244,394.946,1879889.53728,0
1775778300000,4760.00,4764.21,4758.72,4763.76,1160.005,1775779199999,5524058.95252,2741,750.611,3574334.90187,0
1775779200000,4763.75,4763.75,4751.06,4753.68,2101.394,1775780099999,9991546.69008,5886,1223.791,5818370.75482,0
1775780100000,4753.68,4757.45,4751.41,4753.92,1216.444,1775780999999,5782823.97277,4279,743.009,3531963.41114,0
1775781000000,4753.93,4760.80,4753.93,4755.57,919.713,1775781899999,4375593.28900,3303,533.937,2540260.93167,0
1775781900000,4755.58,4763.04,4754.67,4762.92,691.653,1775782799999,3290514.14898,2481,423.834,2016601.38778,0
1775782800000,4762.91,4766.40,4758.37,4760.22,1725.984,1775783699999,8219734.74239,5352,1010.939,4814479.38576,0
1775783700000,4760.21,4764.99,4758.35,4762.49,910.335,1775784599999,4334694.78910,3409,608.765,2898873.60990,0
1775784600000,4762.49,4775.54,4760.73,4770.70,2040.460,1775785499999,9733647.04223,5145,1246.512,5945580.85746,0
1775785500000,4770.83,4771.98,4760.31,4763.27,1099.244,1775786399999,5237173.98132,4063,496.451,2365238.79474,0
1775786400000,4763.27,4763.98,4748.10,4751.84,2602.423,1775787299999,12375782.47696,5850,1218.281,5794186.93203,0
1775787300000,4751.83,4753.50,4741.33,4744.53,3077.306,1775788199999,14605555.55464,6246,1686.373,8003733.74728,0
1775788200000,4744.53,4748.49,4738.33,4748.04,2318.189,1775789099999,10996721.65895,5094,1114.879,5288275.33774,0
1775789100000,4747.94,4751.75,4746.00,4751.07,1382.567,1775789999999,6565134.16165,3219,587.640,2790450.98575,0
1775790000000,4751.15,4759.10,4751.15,4757.88,1276.370,1775790899999,6069283.73079,3589,680.801,3237413.72814,0
1775790900000,4757.80,4759.36,4753.09,4753.74,904.744,1775791799999,4303377.08158,2595,322.120,1532186.21838,0
1775791800000,4753.74,4766.40,4753.74,4763.41,1021.782,1775792699999,4865532.50621,3353,599.335,2853674.60122,0
1775792700000,4763.40,4767.00,4761.75,4763.73,975.428,1775793599999,4646769.02258,2465,362.153,1725264.21055,0
1775793600000,4763.74,4765.81,4762.62,4764.72,703.456,1775794499999,3351676.94613,1964,358.355,1707461.16596,0
1775794500000,4764.72,4768.53,4763.46,4763.59,1217.994,1775795399999,5804335.75800,2297,293.223,1397465.96654,0
1775795400000,4763.59,4763.59,4759.25,4760.80,552.736,1775796299999,2631888.16085,2206,242.452,1154490.79117,0
1775796300000,4760.81,4763.99,4757.08,4757.71,972.693,1775797199999,4630824.33439,2617,483.390,2301739.90593,0
1775797200000,4757.73,4761.83,4757.00,4759.06,563.325,1775798099999,2681045.84795,2494,283.842,1350868.75282,0
1775798100000,4759.06,4763.09,4757.66,4759.56,432.295,1775798999999,2057989.52371,1969,200.869,956300.67827,0
1775799000000,4759.55,4767.60,4759.42,4764.09,849.511,1775799899999,4047397.20102,3349,520.132,2478050.40462,0
1775799900000,4763.86,4767.00,4763.70,4764.06,976.454,1775800799999,4652899.47369,2660,547.211,2607407.25052,0
1775800800000,4764.05,4764.05,4754.22,4754.87,1753.007,1775801699999,8343314.55463,5023,656.870,3126383.06599,0
1775801700000,4754.77,4755.48,4750.58,4754.95,973.969,1775802599999,4629239.44992,3632,556.127,2643251.18619,0
1775802600000,4754.94,4757.52,4749.72,4751.17,1297.013,1775803499999,6164887.24946,3472,673.663,3201771.47389,0
1775803500000,4751.16,4753.57,4743.53,4746.21,2209.511,1775804399999,10488216.20338,4652,1236.177,5867925.76959,0
1775804400000,4746.20,4752.58,4742.00,4747.39,2049.165,1775805299999,9729212.54371,4502,1329.661,6312596.82464,0
1775805300000,4747.40,4755.32,4746.80,4753.37,748.224,1775806199999,3555606.27810,2570,426.378,2026037.48535,0
1775806200000,4753.37,4756.78,4751.40,4752.61,672.768,1775807099999,3198413.07914,2348,274.028,1302790.86277,0
1775807100000,4752.60,4753.50,4747.79,4748.99,767.326,1775807999999,3645135.98831,2298,286.538,1361097.51268,0
1775808000000,4748.98,4752.96,4747.01,4748.56,2296.256,1775808899999,10905346.95702,4188,1499.389,7120829.24198,0
1775808900000,4748.57,4748.71,4742.08,4746.22,1796.607,1775809799999,8525067.75143,3949,972.357,4613763.88866,0
1775809800000,4746.22,4750.94,4741.60,4742.40,1700.455,1775810699999,8071075.66043,3303,748.206,3551872.77636,0
1775810700000,4742.40,4743.73,4731.76,4741.65,5630.730,1775811599999,26674054.64373,8927,3125.056,14803997.35389,0
1775811600000,4741.66,4746.59,4741.66,4746.59,1632.409,1775812499999,7743905.58832,3699,713.464,3384406.61909,0
1775812500000,4746.59,4759.71,4744.81,4748.46,4965.211,1775813399999,23601268.15638,9123,2740.354,13025503.21198,0
1775813400000,4748.40,4749.99,4745.78,4749.64,1472.539,1775814299999,6991381.34342,3893,784.808,3726209.55986,0
1775814300000,4749.63,4752.23,4747.08,4751.16,519.911,1775815199999,2469560.82773,2272,263.396,1251151.12282,0
1775815200000,4751.16,4752.60,4742.37,4746.88,1072.344,1775816099999,5089307.48221,3134,545.493,2588767.47855,0
1775816100000,4746.87,4759.00,4746.32,4756.11,1813.706,1775816999999,8624055.04163,4016,774.209,3680771.86404,0
1775817000000,4756.14,4757.78,4752.98,4754.38,1445.821,1775817899999,6874969.67310,2586,654.407,3111651.01034,0
1775817900000,4754.37,4758.11,4753.13,4756.07,967.768,1775818799999,4601895.78246,2494,514.598,2446839.85903,0
1775818800000,4756.07,4758.11,4752.85,4755.45,984.707,1775819699999,4682834.58695,2650,462.534,2199634.34067,0
1775819700000,4755.44,4761.90,4754.32,4761.29,1481.870,1775820599999,7052405.97815,3215,986.812,4696502.62743,0
1775820600000,4761.29,4765.81,4758.20,4765.81,1107.553,1775821499999,5273504.80920,3160,581.914,2771059.21444,0
1775821500000,4765.81,4767.25,4762.15,4766.89,1522.616,1775822399999,7253726.55186,3626,581.194,2769005.60167,0
1775822400000,4766.89,4768.31,4762.19,4764.80,1885.139,1775823299999,8982551.34654,4095,869.197,4141416.60615,0
1775823300000,4764.81,4769.84,4758.81,4763.80,2368.215,1775824199999,11281975.68865,5531,1259.688,6001574.06880,0
1775824200000,4763.79,4780.67,4762.44,4770.37,11041.248,1775825099999,52694294.48972,19302,5027.583,23993293.00749,0
1775825100000,4770.52,4772.23,4763.47,4770.56,3586.548,1775825999999,17099283.96936,7357,1981.127,9444870.30612,0
1775826000000,4770.56,4776.99,4767.52,4771.69,2453.454,1775826899999,11708254.47092,7020,1202.801,5740182.94655,0
1775826900000,4771.57,4778.61,4765.66,4774.78,3364.908,1775827799999,16061478.43792,7227,1440.267,6874073.61000,0
1775827800000,4774.79,4776.66,4764.17,4768.31,4446.032,1775828699999,21211102.57407,10663,2070.358,9876984.54855,0
1775828700000,4768.32,4776.09,4765.13,4773.26,2511.607,1775829599999,11983978.82869,6457,1102.054,5258087.53358,0
1775829600000,4773.26,4778.98,4767.01,4778.97,3634.255,1775830499999,17348794.64877,8572,1779.629,8495417.27439,0
1775830500000,4778.97,4791.70,4778.35,4790.54,7611.535,1775831399999,36431904.67349,11217,3826.725,18313583.51890,0
1775831400000,4790.53,4794.24,4772.00,4779.01,6595.787,1775832299999,31557979.47013,10612,2404.105,11503149.67594,0
1775832300000,4779.01,4781.15,4769.76,4773.36,3973.547,1775833199999,18975034.61280,9384,1946.148,9294172.37675,0
1775833200000,4773.36,4780.99,4767.80,4779.01,2798.689,1775834099999,13363455.26309,6208,1231.473,5880286.69359,0
1775834100000,4779.01,4784.50,4773.95,4773.97,2533.140,1775834999999,12108850.40811,5182,1384.622,6618974.59735,0
1775835000000,4773.96,4775.71,4754.13,4764.22,7546.260,1775835899999,35953167.77601,12603,3284.590,15648143.14109,0
1775835900000,4764.21,4767.41,4757.55,4760.68,4336.691,1775836799999,20655899.63027,7651,2151.869,10248896.40828,0
1775836800000,4760.68,4762.02,4747.44,4761.83,5822.282,1775837699999,27678845.82945,10512,2524.035,12000151.49341,0
1775837700000,4761.84,4763.74,4754.20,4758.51,2436.032,1775838599999,11593183.30389,5654,1258.549,5989337.79391,0
1775838600000,4758.50,4764.56,4756.49,4757.04,2783.435,1775839499999,13249485.48489,5505,1660.892,7905745.44481,0
1775839500000,4757.00,4764.71,4756.34,4763.02,1100.037,1775840399999,5237457.80352,3466,521.914,2484745.14812,0
1775840400000,4763.16,4765.57,4758.50,4764.14,1459.807,1775841299999,6951257.14220,3641,598.525,2850373.89277,0
1775841300000,4764.02,4767.75,4760.19,4761.57,2769.725,1775842199999,13195090.08534,4952,1092.982,5206702.94980,0
1775842200000,4761.56,4764.00,4757.54,4759.13,1664.983,1775843099999,7925864.78819,3626,768.375,3657546.31874,0
1775843100000,4759.13,4764.36,4758.80,4760.76,828.753,1775843999999,3945964.58903,2351,508.122,2419217.59459,0
1775844000000,4760.77,4763.27,4752.17,4763.03,1453.867,1775844899999,6916048.46050,3699,695.173,3306605.74691,0
1775844900000,4763.04,4768.59,4762.68,4765.43,1943.321,1775845799999,9260700.75203,4128,832.668,3968085.05748,0
1775845800000,4765.43,4772.34,4765.43,4767.67,1569.839,1775846699999,7487396.75774,3629,962.220,4589465.13054,0
1775846700000,4767.67,4767.67,4763.75,4765.79,739.199,1775847599999,3523065.99486,2092,292.053,1391820.80138,0
1775847600000,4765.72,4767.89,4765.20,4766.64,670.312,1775848499999,3194935.60009,2217,334.563,1594572.35027,0
1775848500000,4766.65,4769.63,4762.91,4762.91,909.600,1775849399999,4335672.11170,2797,366.223,1745708.21211,0
1775849400000,4762.91,4764.11,4760.42,4762.79,619.802,1775850299999,2951522.16851,2166,272.096,1295739.98556,0
1775850300000,4762.78,4763.26,4757.84,4758.83,1043.198,1775851199999,4965735.14082,2888,510.993,2432331.53293,0
1775851200000,4759.17,4759.32,4752.30,4754.90,924.773,1775852099999,4397193.14514,2716,481.123,2287523.27761,0
1775852100000,4754.91,4754.91,4744.00,4747.62,2701.524,1775852999999,12827172.16285,4861,1050.801,4990261.27425,0
1775853000000,4747.61,4754.08,4747.44,4753.53,1008.378,1775853899999,4790119.88862,2671,582.614,2767590.72047,0
1775853900000,4753.48,4754.26,4748.56,4750.56,1014.085,1775854799999,4818795.97904,3216,528.381,2510914.10961,0
1775854800000,4750.52,4752.11,4749.50,4750.90,350.195,1775855699999,1663692.08364,1196,177.682,844119.88049,0
1775855700000,4750.91,4751.45,4750.32,4750.69,161.290,1775856599999,766310.78136,722,76.547,363686.77956,0
1775856600000,4750.69,4753.59,4749.78,4752.35,668.671,1775857499999,3177522.16794,3194,434.030,2062585.72317,0
1775857500000,4752.35,4752.74,4748.04,4751.20,342.850,1775858399999,1628642.49143,1134,179.079,850699.47665,0
1775858400000,4751.15,4751.64,4749.53,4749.57,215.957,1775859299999,1025823.22391,633,84.717,402427.45383,0
1775859300000,4749.56,4751.63,4748.53,4749.11,626.726,1775860199999,2976779.59318,1009,169.414,804742.91193,0
1775860200000,4749.12,4750.92,4748.28,4748.28,458.708,1775861099999,2178810.15024,1574,180.161,855743.61128,0
1775861100000,4748.28,4749.83,4748.28,4749.29,166.917,1775861999999,792677.27185,506,101.454,481794.23992,0
1775862000000,4749.29,4749.49,4749.12,4749.26,142.565,1775862899999,677086.93983,429,77.841,369691.32590,0
1775862900000,4749.27,4749.48,4749.26,4749.48,75.263,1775863799999,357451.98181,268,59.205,281187.40482,0
1775863800000,4749.48,4749.48,4748.34,4748.35,110.878,1775864699999,526526.74471,346,33.056,156968.77510,0
1775864700000,4748.34,4748.35,4747.56,4747.68,244.495,1775865599999,1160829.99404,470,138.210,656192.21174,0
1775865600000,4747.69,4747.69,4746.72,4746.73,119.573,1775866499999,567637.87461,442,48.194,228787.87093,0
1775866500000,4746.72,4747.31,4746.48,4746.48,373.246,1775867399999,1771718.62127,674,149.356,708973.66617,0
1775867400000,4746.48,4747.16,4745.88,4747.16,214.000,1775868299999,1015774.24502,601,102.061,484448.33524,0
1775868300000,4747.16,4747.82,4747.15,4747.82,159.060,1775869199999,755138.34050,492,128.178,608530.85150,0
1775869200000,4747.82,4747.98,4746.40,4747.27,453.037,1775870099999,2150820.49856,678,112.007,531769.91101,0
1775870100000,4747.27,4747.51,4746.50,4746.72,194.523,1775870999999,923377.99553,409,51.511,244515.19038,0
1775871000000,4746.72,4748.01,4746.72,4747.87,161.541,1775871899999,766892.78482,413,135.583,643669.83568,0
1775871900000,4747.86,4748.80,4747.86,4748.80,85.249,1775872799999,404772.69667,369,65.425,310645.28095,0
1775872800000,4748.80,4749.20,4748.50,4748.51,147.505,1775873699999,700471.75969,454,61.406,291610.08045,0
1775873700000,4748.51,4748.52,4747.00,4747.99,200.302,1775874599999,951020.48412,644,65.887,312860.50810,0
1775874600000,4747.99,4747.99,4747.22,4747.65,119.291,1775875499999,566360.89798,397,77.713,368959.73292,0
1775875500000,4747.65,4748.00,4747.65,4748.00,62.222,1775876399999,295427.01116,268,44.682,212147.51181,0
1775876400000,4747.99,4748.14,4747.99,4748.14,46.294,1775877299999,219808.71098,286,26.810,127296.39182,0
1775877300000,4748.13,4748.52,4747.92,4747.93,226.299,1775878199999,1074494.49356,687,111.663,530188.17885,0
1775878200000,4747.92,4747.93,4747.65,4747.66,96.215,1775879099999,456799.09496,299,54.126,256974.15528,0
1775879100000,4747.66,4747.90,4747.52,4747.53,103.703,1775879999999,492343.76930,541,41.205,195627.08381,0
1775880000000,4747.53,4747.53,4747.39,4747.40,56.836,1775880899999,269827.89309,313,23.822,113094.67345,0
1775880900000,4747.39,4747.40,4747.04,4747.05,50.325,1775881799999,238910.68189,297,21.415,101664.94552,0
1775881800000,4747.05,4747.19,4746.00,4747.18,208.169,1775882699999,988131.68036,787,102.374,485966.69765,0
1775882700000,4747.18,4748.38,4747.18,4747.71,116.461,1775883599999,552926.39195,475,71.192,337996.20096,0
1775883600000,4747.71,4747.78,4746.89,4747.36,184.630,1775884499999,876497.95301,513,54.613,259249.39522,0
1775884500000,4747.35,4747.41,4746.05,4747.21,374.002,1775885399999,1775332.44963,1618,127.196,603785.78689,0
1775885400000,4747.20,4747.61,4747.20,4747.60,120.132,1775886299999,570323.56022,595,95.954,455539.55612,0
1775886300000,4747.60,4748.07,4747.50,4747.81,196.398,1775887199999,932443.27344,630,162.251,770318.58139,0
1775887200000,4747.81,4748.25,4747.80,4748.24,90.640,1775888099999,430351.85245,369,59.750,283686.09714,0
1775888100000,4748.25,4748.25,4746.77,4747.83,120.348,1775888999999,571375.65362,430,21.892,103942.27188,0
1775889000000,4747.83,4747.83,4747.54,4747.54,39.643,1775889899999,188217.51103,258,18.026,85584.17104,0
1775889900000,4747.54,4747.55,4747.30,4747.55,112.043,1775890799999,531915.35248,312,78.661,373436.28423,0
1775890800000,4747.55,4747.55,4747.54,4747.54,63.267,1775891699999,300362.99391,329,38.073,180753.47115,0
1775891700000,4747.55,4747.83,4747.32,4747.42,92.185,1775892599999,437646.87265,547,66.541,315902.12000,0
1775892600000,4747.42,4747.54,4747.41,4747.43,49.660,1775893499999,235759.75731,269,27.570,130888.01473,0
1775893500000,4747.43,4747.66,4747.42,4747.66,101.649,1775894399999,482584.34419,327,63.429,301131.24838,0
1775894400000,4747.66,4748.37,4747.65,4748.37,72.791,1775895299999,345602.47457,427,59.749,283681.60248,0
1775895300000,4748.37,4748.37,4748.18,4748.19,71.899,1775896199999,341400.69179,296,37.652,178784.74375,0
1775896200000,4748.19,4749.45,4748.18,4749.31,169.666,1775897099999,805681.02802,368,163.135,774665.13067,0
1775897100000,4749.30,4749.31,4749.23,4749.24,62.318,1775897999999,295963.86376,228,36.438,173052.82259,0
1775898000000,4749.23,4749.24,4749.08,4749.09,112.045,1775898899999,532114.17141,343,19.993,94949.15622,0
1775898900000,4749.08,4749.42,4749.08,4749.41,77.994,1775899799999,370413.24023,373,68.422,324953.95847,0
1775899800000,4749.42,4749.76,4749.41,4749.76,219.230,1775900699999,1041272.34337,413,155.691,739482.96622,0
1775900700000,4749.76,4750.36,4749.49,4749.49,291.184,1775901599999,1383074.50609,515,246.969,1173053.32324,0
1775901600000,4749.50,4749.50,4749.49,4749.49,51.807,1775902499999,246057.01985,222,19.142,90914.92900,0
1775902500000,4749.49,4749.50,4749.12,4749.13,24.405,1775903399999,115907.85659,219,10.261,48733.21202,0
1775903400000,4749.13,4749.13,4749.12,4749.13,25.548,1775904299999,121330.62006,220,10.230,48583.59990,0
1775904300000,4749.12,4749.12,4748.74,4748.74,93.116,1775905199999,442196.19415,239,23.090,109650.51288,0
1775905200000,4748.74,4748.74,4748.57,4748.57,33.242,1775906099999,157852.46276,199,9.725,46179.94050,0
1775906100000,4748.58,4748.58,4748.01,4748.01,54.563,1775906999999,259079.73771,266,3.121,14819.81657,0
1775907000000,4748.02,4748.03,4748.01,4748.02,105.174,1775907899999,499368.36476,245,73.152,347327.38354,0
1775907900000,4748.03,4748.03,4747.92,4747.92,48.569,1775908799999,230604.96092,331,4.846,23008.78589,0
1775908800000,4747.93,4747.93,4747.75,4747.75,64.348,1775909699999,305511.44949,280,11.724,55663.79785,0
1775909700000,4747.75,4747.76,4747.68,4747.69,64.920,1775910599999,308220.34828,184,11.306,53677.59811,0
1775910600000,4747.69,4747.69,4747.68,4747.68,34.650,1775911499999,164507.24990,158,13.790,65470.64510,0
1775911500000,4747.69,4747.69,4747.68,4747.68,40.007,1775912399999,189940.55642,182,12.266,58235.16554,0
1775912400000,4747.68,4747.69,4747.20,4747.20,157.802,1775913299999,749163.49544,372,28.196,133864.89235,0
1775913300000,4747.21,4747.21,4747.20,4747.21,38.107,1775914199999,180901.80907,241,25.867,122796.08107,0
1775914200000,4747.21,4747.21,4747.20,4747.20,66.299,1775915099999,314734.99684,245,38.404,182311.85284,0
1775915100000,4747.21,4747.21,4747.20,4747.20,104.218,1775915999999,494744.39960,394,71.000,337051.91000,0
1775916000000,4747.20,4747.21,4747.20,4747.20,81.255,1775916899999,385733.94344,320,20.744,98476.12424,0
1775916900000,4747.21,4751.15,4747.20,4750.42,543.746,1775917799999,2582628.22849,2533,405.063,1923902.09774,0
1775917800000,4750.43,4750.43,4749.50,4749.51,142.314,1775918699999,675979.93137,391,36.474,173244.86688,0
1775918700000,4749.50,4749.51,4748.60,4748.60,162.578,1775919599999,772076.03363,623,75.511,358595.64805,0
1775919600000,4748.60,4748.99,4748.16,4748.81,187.859,1775920499999,892031.04555,473,90.540,429915.96167,0
1775920500000,4748.80,4749.23,4748.71,4748.71,110.615,1775921399999,525299.19604,318,62.855,298490.69963,0
1775921400000,4748.72,4749.46,4748.71,4749.46,84.844,1775922299999,402921.57170,280,68.594,325749.13474,0
1775922300000,4749.46,4749.72,4749.46,4749.71,54.705,1775923199999,259825.65627,220,41.403,196646.68787,0
1775923200000,4749.72,4749.87,4749.71,4749.87,34.348,1775924099999,163144.22806,229,18.333,87077.43296,0
1775924100000,4749.87,4750.05,4749.71,4749.71,85.823,1775924999999,407651.45755,381,16.986,80683.69856,0
1775925000000,4749.71,4750.43,4749.47,4749.47,156.433,1775925899999,743022.78088,782,76.252,362181.50591,0
1775925900000,4749.47,4751.32,4749.25,4749.35,267.618,1775926799999,1271265.60919,1363,174.332,828093.47998,0
1775926800000,4749.35,4749.65,4748.56,4748.56,110.457,1775927699999,524579.16398,1134,29.234,138841.80798,0
1775927700000,4748.57,4748.57,4747.89,4747.90,97.346,1775928599999,462207.09599,448,26.838,127429.87830,0
1775928600000,4747.89,4747.90,4747.77,4747.77,116.811,1775929499999,554594.04979,271,24.802,117754.58920,0
1775929500000,4747.78,4747.78,4747.63,4747.64,145.197,1775930399999,689357.60194,285,13.269,62997.09714,0
1775930400000,4747.63,4747.64,4747.63,4747.63,21.034,1775931299999,99861.74452,181,9.510,45150.05640,0
1775931300000,4747.63,4748.72,4747.63,4748.72,193.979,1775932199999,921013.79770,350,180.225,855705.71993,0
1775932200000,4748.71,4751.29,4748.71,4751.06,418.203,1775933099999,1986521.33698,905,340.660,1618212.14622,0
1775933100000,4751.05,4753.40,4751.05,4752.36,275.754,1775933999999,1310422.48994,659,231.064,1098050.50848,0
1775934000000,4752.37,4753.59,4751.76,4751.77,279.478,1775934899999,1328320.29414,579,206.248,980299.56518,0
1775934900000,4751.76,4751.94,4751.62,4751.64,66.269,1775935799999,314889.57960,410,38.130,181181.89402,0
1775935800000,4751.64,4753.08,4751.63,4752.61,233.117,1775936699999,1107895.29638,535,151.137,718263.00433,0
1775936700000,4752.60,4752.61,4752.12,4752.12,51.142,1775937599999,243037.38861,193,11.982,56940.15258,0
1775937600000,4752.13,4752.14,4751.32,4751.52,224.397,1775938499999,1066275.77571,522,171.944,817026.01805,0
1775938500000,4751.52,4752.82,4751.51,4752.11,118.232,1775939399999,561848.88571,263,39.091,185763.92263,0
1775939400000,4752.12,4752.12,4751.77,4751.77,65.486,1775940299999,311190.53512,242,9.717,46175.67316,0
1775940300000,4751.77,4751.78,4751.46,4751.46,17.734,1775941199999,84266.41112,145,6.434,30572.34222,0
1775941200000,4751.46,4751.47,4751.19,4751.33,68.436,1775942099999,325158.73820,361,51.904,246609.30034,0
1775942100000,4751.33,4751.79,4750.80,4751.15,44.817,1775942999999,212924.56874,314,30.679,145755.73421,0
1775943000000,4751.15,4753.59,4751.14,4752.45,325.861,1775943899999,1548659.46931,522,296.388,1408620.11523,0
1775943900000,4752.45,4752.45,4750.40,4750.95,63.892,1775944799999,303593.48308,372,23.565,111972.23607,0
1775944800000,4750.96,4751.76,4750.20,4750.47,188.584,1775945699999,895954.34420,491,87.509,415746.19199,0
1775945700000,4750.46,4751.53,4749.53,4749.73,170.563,1775946599999,810262.47452,507,69.956,332324.45540,0
1775946600000,4749.74,4750.20,4749.69,4750.20,88.539,1775947499999,420553.08271,341,23.859,113328.59128,0
1775947500000,4750.19,4750.34,4750.16,4750.17,54.065,1775948399999,256820.59938,160,8.825,41920.55250,0
1775948400000,4750.17,4750.38,4749.60,4750.17,138.346,1775949299999,657143.32212,686,44.255,210206.41344,0
1775949300000,4750.17,4750.66,4750.17,4750.65,41.632,1775950199999,197762.29766,176,14.070,66836.94774,0
1775950200000,4750.65,4750.80,4750.65,4750.79,82.398,1775951099999,391448.51772,223,58.750,279104.22619,0
1775951100000,4750.80,4750.80,4750.79,4750.80,135.947,1775951999999,645856.10583,482,45.770,217444.11600,0
1775952000000,4750.80,4751.85,4750.79,4751.85,107.995,1775952899999,513135.57790,384,102.798,488441.77243,0
1775952900000,4751.85,4752.00,4751.84,4752.00,48.584,1775953799999,230867.55656,253,41.579,197580.28487,0
1775953800000,4752.00,4752.15,4751.99,4752.15,32.127,1775954699999,152670.68254,213,29.071,138148.19880,0
1775954700000,4752.15,4752.16,4752.14,4752.16,46.572,1775955599999,221317.12134,155,33.431,158869.22690,0
1775955600000,4752.16,4752.50,4752.15,4752.32,113.698,1775956499999,540338.37623,296,83.210,395445.99307,0
1775956500000,4752.33,4752.33,4752.32,4752.33,45.014,1775957399999,213921.17900,174,24.652,117154.43916,0
1775957400000,4752.33,4752.33,4746.30,4746.31,1399.115,1775958299999,6644378.66972,3597,317.389,1506960.44643,0
1775958300000,4746.30,4746.39,4740.79,4741.45,1699.443,1775959199999,8061818.44183,2664,522.523,2478974.46503,0
1775959200000,4741.45,4741.46,4736.66,4739.29,1120.780,1775960099999,5310940.95726,3376,290.799,1377874.63047,0
1775960100000,4739.22,4742.39,4738.79,4739.03,581.645,1775960999999,2757411.98221,2386,275.741,1307291.89651,0
1775961000000,4739.03,4740.64,4738.81,4738.82,774.856,1775961899999,3672657.66311,1936,437.578,2073978.45573,0
1775961900000,4738.82,4740.20,4737.93,4740.19,507.471,1775962799999,2405100.38438,1093,257.531,1220459.50059,0
1775962800000,4740.19,4742.35,4740.08,4740.41,831.251,1775963699999,3941010.60442,1296,299.254,1418698.88150,0
1775963700000,4740.41,4742.61,4740.40,4742.60,339.664,1775964599999,1610530.45723,1168,159.436,755963.10299,0
1775964600000,4742.60,4746.02,4742.60,4743.56,837.047,1775965499999,3971055.48994,1890,513.571,2436536.89440,0
1775965500000,4743.56,4748.03,4743.56,4747.25,1294.502,1775966399999,6144132.52785,3455,948.388,4501272.05586,0
1775966400000,4747.25,4747.26,4744.88,4744.88,461.618,1775967299999,2190802.00740,1143,254.209,1206442.86776,0
1775967300000,4744.88,4744.89,4743.62,4744.19,173.265,1775968199999,822050.31197,699,41.272,195802.75978,0
1775968200000,4744.18,4744.37,4742.91,4743.13,312.045,1775969099999,1480164.88756,503,59.035,280018.89626,0
1775969100000,4743.14,4743.97,4742.12,4743.18,256.982,1775969999999,1218857.30138,737,102.186,484681.54543,0
1775970000000,4743.18,4743.18,4742.10,4742.52,233.846,1775970899999,1109085.93276,710,54.959,260665.91929,0
1775970900000,4742.52,4743.82,4742.51,4743.81,141.938,1775971799999,673250.32537,607,91.717,435039.93963,0
1775971800000,4743.82,4745.03,4742.76,4744.57,694.171,1775972699999,3292837.51258,961,319.480,1515442.47746,0
1775972700000,4744.57,4744.89,4744.57,4744.88,79.428,1775973599999,376860.05559,274,59.080,280316.61566,0
1775973600000,4744.88,4744.89,4743.37,4743.39,426.551,1775974499999,2023547.86431,909,140.010,664175.36748,0
1775974500000,4743.39,4743.39,4743.35,4743.38,250.783,1775975399999,1189558.30724,497,78.459,372161.14857,0
1775975400000,4743.39,4743.39,4742.64,4742.64,310.097,1775976299999,1470828.15536,912,140.394,665910.23126,0
1775976300000,4742.64,4742.64,4742.32,4742.33,152.270,1775977199999,722141.65343,416,55.776,264517.03527,0
1775977200000,4742.33,4742.34,4742.10,4742.11,296.588,1775978099999,1406466.04525,473,67.691,320999.56979,0
1775978100000,4742.10,4744.91,4741.74,4744.03,600.484,1775978999999,2847946.66004,1085,242.387,1149518.24128,0
1775979000000,4744.03,4746.19,4744.02,4746.19,367.913,1775979899999,1745903.20764,724,271.235,1287148.74229,0
1775979900000,4746.19,4746.19,4744.67,4744.67,521.605,1775980799999,2475304.01679,940,133.840,635130.72148,0
1775980800000,4744.68,4744.68,4742.22,4743.00,436.454,1775981699999,2070385.73663,1033,65.506,310670.17145,0
1775981700000,4743.01,4743.46,4741.06,4743.45,341.160,1775982599999,1617927.81456,988,114.875,544805.13691,0
1775982600000,4743.46,4744.06,4743.45,4743.64,224.043,1775983499999,1062782.26438,540,158.836,753459.33229,0
1775983500000,4743.64,4744.20,4742.34,4743.31,247.646,1775984399999,1174605.97186,776,107.360,509197.56868,0
1775984400000,4743.31,4743.31,4741.63,4742.71,184.691,1775985299999,875861.76763,557,71.582,339446.87378,0
1775985300000,4742.71,4743.41,4742.71,4743.40,132.134,1775986199999,626729.23461,369,108.714,515642.17270,0
1775986200000,4743.41,4744.26,4742.99,4744.25,402.573,1775987099999,1909513.79548,608,261.770,1241653.76500,0
1775987100000,4744.26,4744.26,4741.12,4742.00,404.641,1775987999999,1918951.30061,1405,162.542,770824.12128,0
1775988000000,4742.01,4743.26,4742.00,4743.06,239.490,1775988899999,1135827.80446,707,124.878,592237.81333,0
1775988900000,4743.07,4743.07,4741.10,4741.95,211.660,1775989799999,1003703.27542,643,121.956,578300.11487,0
1775989800000,4741.95,4742.98,4741.94,4742.59,108.734,1775990699999,515688.12683,357,66.064,313314.54788,0
1775990700000,4742.58,4742.59,4741.32,4741.83,195.131,1775991599999,925281.13831,598,66.507,315359.37228,0
1775991600000,4741.83,4742.12,4741.50,4742.11,175.809,1775992499999,833646.77478,471,79.131,375222.26679,0
1775992500000,4742.12,4742.53,4741.73,4742.40,252.195,1775993399999,1195893.53510,541,168.382,798457.89584,0
1775993400000,4742.39,4742.68,4742.39,4742.68,129.451,1775994299999,613925.43607,517,60.557,287190.47241,0
1775994300000,4742.68,4743.00,4742.31,4742.31,207.600,1775995199999,984598.29320,490,96.922,459675.01062,0
1775995200000,4742.32,4742.32,4739.82,4740.00,329.428,1775996099999,1561818.74485,994,47.961,227356.23542,0
1775996100000,4740.00,4740.00,4738.00,4738.00,466.691,1775996999999,2211852.27905,927,63.567,301288.82808,0
1775997000000,4738.00,4738.42,4736.87,4738.42,593.227,1775997899999,2810725.87071,1039,375.959,1781314.25060,0
1775997900000,4738.42,4738.42,4732.79,4732.79,1156.522,1775998799999,5476053.25135,2363,216.050,1022824.74551,0
1775998800000,4732.79,4733.59,4730.26,4731.83,1986.659,1775999699999,9401348.87277,2715,876.336,4147047.03721,0
1775999700000,4731.83,4731.88,4730.59,4731.28,744.771,1776000599999,3524004.67905,862,137.213,649245.91791,0
1776000600000,4731.28,4732.67,4729.80,4730.22,1052.867,1776001499999,4981019.26902,2787,312.924,1480497.56896,0
1776001500000,4730.22,4730.49,4724.54,4726.41,1243.736,1776002399999,5879498.94077,3412,408.418,1930650.21356,0
1776002400000,4726.41,4730.56,4723.84,4729.29,910.582,1776003299999,4305004.46573,2331,327.839,1549879.66584,0
1776003300000,4729.28,4731.17,4729.28,4729.70,499.567,1776004199999,2362990.04836,1859,207.438,981183.94669,0
1776004200000,4729.69,4732.52,4729.32,4731.41,1033.614,1776005099999,4889945.87150,3241,680.247,3218181.68677,0
1776005100000,4731.41,4731.57,4729.66,4731.47,527.565,1776005999999,2495740.36627,2265,297.874,1409112.99101,0
1776006000000,4731.48,4736.29,4731.47,4735.99,1043.873,1776006899999,4941510.72485,2741,681.782,3227391.10047,0
1776006900000,4735.99,4736.00,4732.64,4732.81,584.058,1776007799999,2764778.66287,1932,149.308,706725.48332,0
1776007800000,4732.81,4735.77,4731.70,4734.06,1247.160,1776008699999,5903649.50837,2594,603.231,2855502.41556,0
1776008700000,4734.07,4734.50,4733.75,4733.76,542.628,1776009599999,2568884.89481,1711,277.776,1315014.65764,0
1776009600000,4733.76,4733.76,4723.82,4725.99,2258.343,1776010499999,10674030.79217,3988,600.340,2836981.57637,0
1776010500000,4726.00,4728.51,4724.12,4728.50,1065.798,1776011399999,5037196.87280,2051,757.828,3581793.41218,0
1776011400000,4728.51,4728.51,4724.95,4726.98,363.461,1776012299999,1717838.39913,1221,224.448,1060747.40359,0
1776012300000,4726.98,4727.00,4726.02,4726.68,300.643,1776013199999,1421090.82178,613,75.010,354551.19662,0
1776013200000,4726.67,4729.43,4726.67,4728.93,555.758,1776014099999,2627963.83696,1024,375.410,1775166.72746,0
1776014100000,4728.94,4731.12,4728.92,4730.91,362.907,1776014999999,1716596.95426,785,213.430,1009571.25445,0
1776015000000,4730.92,4731.05,4729.25,4729.25,268.972,1776015899999,1272292.44856,934,89.375,422774.69614,0
1776015900000,4729.25,4730.85,4728.66,4730.22,228.796,1776016799999,1082127.86546,1423,143.786,680059.16534,0
1776016800000,4730.21,4730.22,4726.08,4728.96,611.745,1776017699999,2892204.64189,1540,117.522,555580.69853,0
1776017700000,4728.96,4729.44,4728.31,4728.32,284.152,1776018599999,1343747.08856,598,149.881,708777.49815,0
1776018600000,4728.32,4728.68,4727.84,4728.68,128.839,1776019499999,609166.33643,624,61.622,291349.04006,0
1776019500000,4728.68,4728.85,4727.48,4728.17,351.070,1776020399999,1660000.13863,950,117.837,557167.82936,0
1776020400000,4728.18,4729.00,4728.00,4728.01,160.552,1776021299999,759181.80711,675,79.008,373597.21133,0
1776021300000,4728.01,4729.18,4728.00,4728.05,222.301,1776022199999,1051246.84727,593,81.383,384840.54098,0
1776022200000,4728.05,4728.99,4727.41,4727.42,419.203,1776023099999,1982255.02185,688,159.087,752271.06975,0
1776023100000,4727.42,4730.50,4726.90,4727.00,979.057,1776023999999,4629394.83187,1657,505.076,2388359.44813,0
1776024000000,4727.81,4727.81,4717.10,4720.00,2635.087,1776024899999,12439817.28244,4423,670.630,3165549.39239,0
1776024900000,4720.00,4720.86,4715.99,4716.09,1162.128,1776025799999,5483538.55077,1892,280.766,1324996.40592,0
1776025800000,4716.09,4717.79,4715.32,4716.81,682.289,1776026699999,3218076.03139,1621,249.318,1175955.26953,0
1776026700000,4716.81,4716.81,4714.99,4714.99,788.148,1776027599999,3716656.73851,1221,128.776,607281.68738,0
1776027600000,4715.00,4715.33,4714.37,4714.37,297.379,1776028499999,1402154.71406,810,119.604,563941.58203,0
1776028500000,4714.38,4715.33,4713.27,4715.07,308.923,1776029399999,1456453.21445,866,164.781,776902.13164,0
1776029400000,4715.16,4717.40,4710.10,4712.49,997.913,1776030299999,4703947.31778,3057,350.434,1652397.62891,0
1776030300000,4712.49,4714.00,4710.00,4711.89,944.987,1776031199999,4452311.51684,3802,363.126,1710976.09189,0
1776031200000,4711.89,4711.89,4648.00,4678.31,26121.232,1776032099999,122204604.33595,50534,11309.735,52907085.60494,0
1776032100000,4678.30,4685.49,4647.18,4651.15,8289.596,1776032999999,38650927.40589,19392,4058.939,18931932.21504,0
1776033000000,4651.18,4663.00,4650.12,4661.33,6495.021,1776033899999,30249534.24610,13003,3476.679,16191305.57207,0
1776033900000,4661.34,4662.84,4655.42,4661.39,1876.222,1776034799999,8743293.38660,6395,939.407,4377659.68162,0
1776034800000,4661.39,4663.05,4655.89,4663.05,2239.231,1776035699999,10434860.72354,8080,1200.046,5592437.28346,0
1776035700000,4663.05,4663.30,4648.81,4659.73,3565.501,1776036599999,16597011.71118,8246,2439.751,11356815.02324,0
1776036600000,4659.73,4666.05,4656.50,4660.76,2439.326,1776037499999,11371978.67267,6301,1292.739,6026708.74556,0
1776037500000,4660.76,4676.98,4660.53,4676.04,3458.940,1776038399999,16155083.03565,7670,2291.766,10704205.88136,0
1776038400000,4676.04,4676.82,4668.63,4675.12,3009.194,1776039299999,14059090.38946,9035,1420.737,6637384.48409,0
1776039300000,4675.10,4678.31,4669.79,4674.40,1924.936,1776040199999,8998012.30827,6306,773.847,3617284.36291,0
1776040200000,4674.40,4683.93,4672.72,4680.24,1600.276,1776041099999,7488917.94040,5681,823.562,3853838.23091,0
1776041100000,4680.25,4699.27,4679.89,4696.46,2630.727,1776041999999,12337194.23465,6677,1346.559,6314541.08872,0
1776042000000,4696.46,4719.00,4695.07,4714.61,7130.922,1776042899999,33565143.63353,15957,3597.071,16932184.62797,0
1776042900000,4714.61,4719.97,4711.09,4716.11,2496.605,1776043799999,11772515.29704,7798,1222.775,5765969.08120,0
1776043800000,4716.08,4719.96,4709.58,4712.69,2678.225,1776044699999,12625506.24674,7742,1287.446,6069069.88184,0
1776044700000,4712.68,4726.51,4709.19,4720.16,3986.032,1776045599999,18810943.85392,8434,2186.995,10321311.56253,0
1776045600000,4720.10,4724.00,4717.56,4720.73,2126.184,1776046499999,10037334.79627,5962,1159.790,5475370.81042,0
1776046500000,4720.79,4723.00,4718.08,4718.41,1271.181,1776047399999,6000370.76205,3952,594.919,2808193.17673,0
1776047400000,4718.41,4725.71,4714.04,4714.07,1590.699,1776048299999,7506877.58333,5339,620.744,2929601.41877,0
1776048300000,4714.08,4720.38,4709.58,4719.60,1690.581,1776049199999,7970175.49768,4773,790.831,3728717.62673,0
1776049200000,4719.59,4720.85,4711.00,4712.08,1586.780,1776050099999,7480314.16970,3718,519.494,2448870.06784,0
1776050100000,4712.08,4719.43,4711.56,4717.65,937.917,1776050999999,4423242.62444,2878,549.786,2592938.35169,0
1776051000000,4717.67,4722.18,4715.82,4720.50,958.687,1776051899999,4524014.19917,3054,495.546,2338773.66133,0
1776051900000,4720.49,4721.42,4715.23,4717.05,1049.075,1776052799999,4949702.77175,2574,516.079,2435327.50301,0
1776052800000,4717.06,4717.17,4708.09,4713.20,2220.185,1776053699999,10461562.01898,4657,802.043,3778947.98879,0
1776053700000,4713.20,4714.49,4708.81,4711.56,1130.642,1776054599999,5327019.97505,2979,616.537,2904801.10964,0
1776054600000,4711.57,4717.63,4708.44,4717.00,1356.163,1776055499999,6390469.18648,3541,633.333,2984654.08027,0
1776055500000,4717.00,4723.11,4715.00,4721.56,1524.490,1776056399999,7195712.69286,3730,893.263,4217020.59979,0
1776056400000,4721.55,4724.79,4717.44,4717.85,1193.363,1776057299999,5633614.09674,3493,403.013,1902620.14298,0
1776057300000,4717.85,4719.91,4715.13,4719.21,668.951,1776058199999,3155687.38513,2606,312.519,1474273.03822,0
1776058200000,4719.22,4722.84,4717.05,4719.79,974.458,1776059099999,4599804.75662,3577,415.811,1962733.36779,0
1776059100000,4719.96,4728.74,4719.33,4727.51,1842.159,1776059999999,8703456.83915,4581,1061.334,5014451.43001,0
1776060000000,4727.51,4728.57,4723.10,4726.02,1716.102,1776060899999,8110491.88136,4508,791.076,3738615.44285,0
1776060900000,4726.03,4731.47,4725.14,4730.32,1753.286,1776061799999,8289550.63149,4627,1033.291,4885622.62074,0
1776061800000,4730.33,4731.60,4725.31,4725.88,1194.589,1776062699999,5648439.82418,3653,476.330,2252197.38216,0
1776062700000,4725.88,4725.88,4721.21,4724.62,1019.224,1776063599999,4813776.87605,3196,363.809,1718448.84027,0
1776063600000,4724.62,4737.57,4724.56,4726.80,2683.847,1776064499999,12698848.40884,6863,1320.235,6246774.15696,0
1776064500000,4726.79,4731.21,4725.27,4729.93,1452.710,1776065399999,6869413.95617,3526,538.182,2544794.16363,0
1776065400000,4729.92,4732.66,4726.88,4731.69,731.728,1776066299999,3461428.51637,3081,417.593,1975408.62393,0
1776066300000,4731.69,4738.00,4728.24,4732.93,2095.049,1776067199999,9919947.86636,5848,1074.803,5088873.29079,0
1776067200000,4732.92,4737.56,4731.44,4731.86,1566.888,1776068099999,7417821.81694,4560,815.033,3858593.63860,0
1776068100000,4731.85,4732.76,4729.17,4731.13,991.570,1776068999999,4690918.87727,3476,390.690,1848195.24715,0
1776069000000,4731.12,4734.82,4720.90,4721.12,2047.927,1776069899999,9681901.94699,5144,705.041,3333073.44113,0
1776069900000,4721.12,4728.49,4720.21,4722.78,1586.430,1776070799999,7494310.68058,4738,751.158,3548262.55243,0
1776070800000,4722.78,4727.36,4715.51,4717.80,2641.598,1776071699999,12469615.57332,7083,982.133,4636430.15729,0
1776071700000,4717.80,4720.44,4713.27,4714.40,1771.779,1776072599999,8358529.33169,4462,971.167,4581865.79600,0
1776072600000,4714.50,4719.13,4711.00,4714.23,2371.611,1776073499999,11181033.15006,6058,1108.135,5224228.42053,0
1776073500000,4714.10,4716.15,4711.35,4714.25,1250.305,1776074399999,5893866.67896,3403,517.662,2440334.30646,0
1776074400000,4714.26,4718.99,4714.09,4718.21,1116.995,1776075299999,5268053.24817,2917,775.217,3656147.89605,0
1776075300000,4718.21,4718.21,4709.04,4713.30,1941.984,1776076199999,9151050.81678,4554,829.474,3908592.86886,0
1776076200000,4713.30,4718.97,4712.20,4718.65,1222.885,1776077099999,5766501.73634,3881,664.049,3131302.72202,0
1776077100000,4718.64,4723.77,4718.27,4722.83,1251.116,1776077999999,5907308.86997,3699,666.457,3146670.33669,0
1776078000000,4722.84,4728.98,4721.60,4723.16,2195.909,1776078899999,10375467.04699,5310,1084.971,5125982.74495,0
1776078900000,4723.07,4724.59,4719.14,4721.40,1095.483,1776079799999,5173031.07572,3460,553.003,2611369.15017,0
1776079800000,4721.49,4722.60,4705.24,4707.95,2684.646,1776080699999,12649389.33039,7085,1188.881,5601237.73808,0
1776080700000,4707.95,4712.54,4703.76,4707.72,3265.582,1776081599999,15376448.20286,7462,1883.670,8869694.93648,0
1776081600000,4707.73,4720.32,4705.07,4717.44,3046.540,1776082499999,14358453.06285,7943,1496.673,7053194.41902,0
1776082500000,4717.42,4718.00,4705.00,4710.93,2623.755,1776083399999,12358389.90237,6566,1286.614,6060077.87682,0
1776083400000,4710.93,4715.99,4708.89,4715.33,2870.838,1776084299999,13530313.98097,6447,1481.597,6982742.85310,0
1776084300000,4715.32,4723.85,4715.10,4722.48,3026.591,1776085199999,14287548.74882,6735,1435.149,6774825.78058,0
1776085200000,4722.48,4735.00,4722.25,4733.33,5878.144,1776086099999,27794418.59351,11929,3309.834,15650516.99116,0
1776086100000,4733.33,4735.44,4727.55,4731.61,3513.227,1776086999999,16624114.18471,7242,1720.894,8143445.46504,0
1776087000000,4731.61,4735.43,4723.56,4726.07,3879.060,1776087899999,18347015.87981,9988,1660.512,7853550.94158,0
1776087900000,4726.07,4744.47,4721.44,4730.84,10783.843,1776088799999,51021435.55788,19497,5501.693,26028990.07396,0
1776088800000,4730.83,4731.59,4721.00,4726.57,4119.014,1776089699999,19462730.20588,9526,1860.546,8790908.19376,0
1776089700000,4726.57,4727.27,4709.10,4714.54,4215.491,1776090599999,19882568.46865,11659,1839.094,8673955.88984,0
1776090600000,4714.54,4722.88,4709.07,4722.05,2911.409,1776091499999,13731779.00545,7624,1780.803,8398919.77636,0
1776091500000,4722.05,4723.76,4711.02,4718.38,3291.759,1776092399999,15523237.69010,6863,1680.231,7923755.95258,0
1776092400000,4718.38,4718.88,4700.69,4707.95,5591.213,1776093299999,26316272.86189,11949,2504.991,11790683.88897,0
1776093300000,4707.95,4711.55,4703.36,4704.49,1968.679,1776094199999,9267494.81939,5672,1103.905,5196602.73078,0
1776094200000,4704.49,4717.77,4702.35,4712.44,2921.373,1776095099999,13762861.93384,6779,1595.495,7516156.79092,0
1776095100000,4712.43,4715.43,4710.55,4714.68,711.593,1776095999999,3353955.18462,3331,327.526,1543712.83259,0
1776096000000,4714.68,4720.81,4710.02,4719.91,2159.222,1776096899999,10183633.19716,6748,1415.906,6678270.82556,0
1776096900000,4719.92,4733.87,4718.84,4730.22,4256.442,1776097799999,20120336.81742,9655,2199.105,10394413.77089,0
1776097800000,4730.17,4739.00,4728.22,4738.99,6266.962,1776098699999,29663349.97757,11640,3007.612,14237223.05284,0
1776098700000,4738.99,4746.08,4732.00,4732.55,6028.077,1776099599999,28570154.40269,10766,3109.987,14740420.18826,0
1776099600000,4732.56,4739.00,4725.57,4731.05,2346.011,1776100499999,11102418.01865,6084,1128.291,5340847.62216,0
1776100500000,4731.09,4748.51,4730.28,4741.23,4036.165,1776101399999,19145963.50569,7940,2211.754,10491631.33423,0
1776101400000,4741.22,4745.60,4741.07,4742.25,1237.517,1776102299999,5870016.79885,3531,389.045,1845407.72591,0
1776102300000,4742.26,4742.26,4727.74,4730.52,2669.678,1776103199999,12639998.73799,5891,1223.961,5794397.91279,0
1776103200000,4730.53,4733.27,4729.74,4730.59,1155.044,1776104099999,5464988.77015,3250,667.485,3158074.79124,0
1776104100000,4730.59,4731.26,4724.17,4727.31,1612.336,1776104999999,7621745.28564,4068,781.515,3694370.45968,0
1776105000000,4727.32,4734.80,4727.25,4732.76,986.461,1776105899999,4667540.12531,3301,477.732,2260175.44630,0
1776105900000,4732.75,4739.98,4732.75,4737.27,1065.754,1776106799999,5048402.73642,3550,491.540,2328104.61954,0
1776106800000,4737.27,4738.12,4730.27,4733.85,662.805,1776107699999,3137848.66874,2558,331.836,1570687.16839,0
1776107700000,4733.85,4742.68,4733.84,4742.07,835.536,1776108599999,3959994.78293,2663,458.403,2172555.40276,0
1776108600000,4742.08,4746.01,4739.39,4742.12,1247.148,1776109499999,5916055.23288,3345,762.523,3617232.78439,0
1776109500000,4742.11,4745.91,4739.74,4741.22,1023.556,1776110399999,4854930.66572,3497,499.243,2367846.23061,0
1776110400000,4741.22,4743.16,4740.00,4741.41,513.315,1776111299999,2433977.08408,1857,216.332,1025751.91376,0
1776111300000,4741.42,4742.51,4737.24,4737.81,669.068,1776112199999,3171424.62791,1714,146.051,692306.13704,0
1776112200000,4737.81,4740.33,4736.52,4738.97,664.430,1776113099999,3148352.02123,1654,372.291,1764154.33869,0
1776113100000,4738.98,4740.34,4737.20,4740.34,656.272,1776113999999,3110349.72051,1263,442.606,2097717.53566,0
1776114000000,4740.35,4740.96,4739.35,4740.96,277.932,1776114899999,1317404.88575,625,151.325,717303.80516,0
1776114900000,4740.96,4741.95,4740.47,4741.08,373.009,1776115799999,1768557.53881,782,98.965,469229.11680,0
1776115800000,4741.08,4744.13,4739.86,4740.13,649.433,1776116699999,3079596.86050,2683,238.730,1132106.16489,0
1776116700000,4740.10,4744.36,4739.87,4742.95,259.132,1776117599999,1228854.11735,1231,131.504,623516.75297,0
1776117600000,4743.16,4754.30,4743.14,4748.65,4161.027,1776118499999,19763545.61901,10159,2474.156,11751713.72278,0
1776118500000,4748.65,4750.17,4745.41,4747.96,962.232,1776119399999,4568219.84768,4043,567.570,2694483.71123,0
1776119400000,4747.96,4750.42,4745.95,4750.42,898.303,1776120299999,4265523.48726,3078,612.180,2906995.17990,0
1776120300000,4750.42,4759.40,4749.03,4758.63,2337.598,1776121199999,11115853.73224,5552,1554.192,7390686.20332,0
1776121200000,4758.63,4767.21,4758.62,4763.00,2103.909,1776122099999,10021884.34534,5137,1382.339,6584286.96150,0
1776122100000,4763.00,4763.40,4754.23,4754.41,1016.310,1776122999999,4836242.96280,3482,327.239,1557023.54600,0
1776123000000,4754.40,4760.52,4752.66,4758.51,829.941,1776123899999,3947759.85586,2600,378.885,1802132.56418,0
1776123900000,4758.52,4760.44,4755.08,4757.05,733.099,1776124799999,3487883.71575,2282,331.974,1579534.52136,0
1776124800000,4757.05,4758.57,4750.00,4757.82,1174.635,1776125699999,5584404.60143,5124,530.932,2524099.21741,0
1776125700000,4757.83,4764.68,4757.46,4759.79,2137.034,1776126599999,10173537.74381,4653,1073.917,5112597.61864,0
1776126600000,4759.79,4773.88,4759.09,4768.19,2529.023,1776127499999,12056565.18461,6155,1377.446,6566590.95248,0
1776127500000,4768.18,4770.08,4765.95,4767.81,1186.802,1776128399999,5658465.25017,3627,541.121,2579939.41646,0
1776128400000,4767.83,4778.00,4760.75,4774.08,4013.948,1776129299999,19148862.37087,10024,2141.793,10218881.72360,0
1776129300000,4774.18,4775.85,4768.20,4768.54,1815.018,1776130199999,8661093.41986,4714,905.203,4319476.65535,0
1776130200000,4768.54,4770.48,4763.04,4770.38,1489.277,1776131099999,7098739.02303,4405,506.364,2413686.14310,0
1776131100000,4770.38,4771.06,4761.44,4764.61,1468.980,1776131999999,6999963.54553,3627,728.199,3469564.02455,0
1776132000000,4764.39,4770.06,4761.85,4766.65,1114.320,1776132899999,5311530.81108,3633,478.452,2280524.23377,0
1776132900000,4766.65,4770.47,4766.23,4766.53,424.434,1776133799999,2023613.18048,2117,186.599,889674.79639,0
1776133800000,4766.54,4771.16,4761.33,4769.53,1647.396,1776134699999,7851864.54738,4058,856.703,4083791.50394,0
1776134700000,4769.41,4774.77,4769.41,4773.08,1824.888,1776135599999,8709030.83394,3411,923.521,4407150.29100,0
1776135600000,4773.08,4773.48,4767.04,4768.17,987.486,1776136499999,4709863.23044,2975,448.747,2140203.04346,0
1776136500000,4768.17,4769.76,4765.14,4767.33,859.505,1776137399999,4097524.16883,2786,325.820,1553286.01897,0
1776137400000,4767.32,4768.18,4765.02,4766.94,558.949,1776138299999,2664302.65749,1969,252.817,1205064.39813,0
1776138300000,4766.94,4769.95,4766.00,4766.25,697.648,1776139199999,3326800.11638,2018,241.519,1151732.47155,0
1776139200000,4766.25,4768.18,4765.29,4767.00,342.108,1776140099999,1630780.79335,1482,109.327,521161.62961,0
1776140100000,4767.00,4773.99,4766.99,4772.77,652.560,1776140999999,3113698.04250,1997,452.947,2161180.17118,0
1776141000000,4772.76,4773.36,4769.02,4771.79,860.464,1776141899999,4105149.23687,1806,242.936,1159028.07156,0
1776141900000,4771.80,4773.48,4771.10,4771.56,1214.615,1776142799999,5796634.60619,1664,425.406,2030087.26533,0
1776142800000,4771.56,4771.56,4762.87,4764.33,1309.170,1776143699999,6241109.16651,3366,478.480,2280984.49976,0
1776143700000,4764.33,4766.70,4762.00,4764.30,710.104,1776144599999,3382952.42222,2441,425.139,2025398.05078,0
1776144600000,4764.30,4765.92,4756.93,4759.44,1619.943,1776145499999,7712020.46676,4866,759.148,3614111.97498,0
1776145500000,4759.36,4764.42,4757.93,4759.08,971.420,1776146399999,4625007.16330,3399,390.176,1857860.66817,0
1776146400000,4759.08,4767.77,4759.08,4764.77,1106.262,1776147299999,5271643.33444,3832,547.108,2607058.59866,0
1776147300000,4764.77,4767.32,4762.26,4767.24,838.172,1776148199999,3993848.49919,2428,439.420,2093664.17831,0
1776148200000,4767.24,4768.38,4764.01,4767.53,988.468,1776149099999,4711269.53683,2930,531.573,2533615.65926,0
1776149100000,4767.53,4780.66,4767.00,4779.34,3803.228,1776149999999,18160795.47044,7659,2268.418,10832114.09363,0
1776150000000,4779.60,4795.00,4779.01,4788.84,5186.300,1776150899999,24830845.39778,11305,2279.715,10913492.22919,0
1776150900000,4788.91,4790.31,4768.69,4772.96,4461.299,1776151799999,21308581.68689,8818,1797.940,8585185.01280,0
1776151800000,4772.95,4779.39,4771.76,4777.54,1456.144,1776152699999,6953756.06334,4288,718.294,3430068.25993,0
1776152700000,4777.54,4780.29,4773.50,4776.86,1032.873,1776153599999,4933959.58527,3983,487.990,2331112.63908,0
1776153600000,4776.85,4783.04,4774.28,4780.64,1709.714,1776154499999,8171703.62538,4860,901.496,4308412.90770,0
1776154500000,4780.64,4785.54,4776.00,4784.88,1623.721,1776155399999,7761783.93412,4239,914.623,4372156.43969,0
1776155400000,4784.89,4789.00,4781.77,4783.82,1605.378,1776156299999,7683714.07134,4545,818.378,3917032.03291,0
1776156300000,4783.81,4785.75,4780.80,4785.75,921.687,1776157199999,4408558.90314,3157,457.394,2187754.11373,0
1776157200000,4785.83,4787.20,4780.81,4785.70,1411.064,1776158099999,6751764.58562,3568,725.039,3469167.64349,0
1776158100000,4785.69,4788.58,4779.09,4779.09,1142.151,1776158999999,5465254.17703,3399,443.809,2123485.79947,0
1776159000000,4779.10,4779.80,4772.82,4778.78,2610.841,1776159899999,12469700.83921,5736,1290.628,6164372.00214,0
1776159900000,4778.77,4781.55,4774.00,4778.00,1039.506,1776160799999,4966635.94972,3526,537.695,2568930.52383,0
1776160800000,4778.10,4783.80,4778.10,4781.38,870.390,1776161699999,4161354.66965,3270,254.783,1218065.26882,0
1776161700000,4781.38,4786.40,4779.50,4782.61,1239.602,1776162599999,5929579.48275,3361,439.631,2102737.09366,0
1776162600000,4782.61,4783.08,4755.00,4767.13,10041.875,1776163499999,47859652.11537,14136,4455.733,21233791.32380,0
1776163500000,4766.99,4771.95,4766.42,4767.76,1311.593,1776164399999,6255537.68224,3808,530.010,2527881.87068,0
1776164400000,4767.75,4777.30,4766.31,4776.16,1940.463,1776165299999,9260433.82144,4103,1300.945,6208531.80291,0
1776165300000,4776.22,4782.00,4775.08,4777.39,2034.559,1776166199999,9721808.25172,3775,669.837,3200622.30662,0
1776166200000,4777.40,4778.60,4772.67,4776.66,1030.880,1776167099999,4923117.65873,2978,464.469,2218099.21203,0
1776167100000,4776.67,4781.80,4768.44,4774.04,4391.491,1776167999999,20969674.00086,6917,1840.938,8790250.11741,0
1776168000000,4774.08,4776.84,4768.50,4769.42,1807.459,1776168899999,8628488.18437,4422,850.290,4059043.36567,0
1776168900000,4769.37,4771.98,4762.34,4768.19,2136.523,1776169799999,10184730.29321,5664,1111.118,5296595.54051,0
1776169800000,4768.19,4775.71,4767.66,4768.86,2289.411,1776170699999,10924887.62160,6298,1132.147,5402120.11967,0
1776170700000,4768.86,4773.43,4763.16,4771.16,1581.216,1776171599999,7539221.56331,5083,743.441,3544550.37339,0
1776171600000,4771.16,4780.67,4770.78,4780.67,2216.710,1776172499999,10588000.32472,5780,980.302,4682200.29968,0
1776172500000,4780.66,4790.83,4779.96,4781.21,3739.234,1776173399999,17894119.79899,7717,1687.644,8075939.21823,0
1776173400000,4781.40,4802.17,4779.24,4792.39,9176.286,1776174299999,43985572.86589,16512,4912.864,23550079.83833,0
1776174300000,4792.39,4795.22,4788.60,4793.91,3262.161,1776175199999,15633411.93982,7619,1541.977,7389411.16267,0
1776175200000,4793.91,4802.13,4792.71,4793.99,5628.038,1776176099999,26999986.86040,11257,2340.416,11227704.53967,0
1776176100000,4793.99,4810.93,4793.99,4809.24,5930.779,1776176999999,28481613.67661,11588,3293.458,15817111.57056,0
1776177000000,4809.36,4818.11,4798.34,4798.35,5660.186,1776177899999,27225063.25486,12036,2656.171,12778548.96114,0
1776177900000,4798.34,4805.10,4794.87,4801.92,2606.650,1776178799999,12509625.27793,6723,1016.416,4878457.25143,0
1776178800000,4801.91,4802.07,4790.72,4793.55,4087.671,1776179699999,19601461.93115,8464,1753.541,8408238.96015,0
1776179700000,4793.54,4805.28,4792.69,4802.35,3522.870,1776180599999,16915677.33079,7013,1811.464,8697586.28612,0
1776180600000,4802.35,4811.74,4802.34,4807.81,2239.273,1776181499999,10766693.47334,6403,1037.737,4989258.27751,0
1776181500000,4807.82,4814.64,4805.91,4807.54,2865.930,1776182399999,13784843.93583,5913,1255.136,6037783.95672,0
1776182400000,4807.37,4813.08,4804.95,4808.31,1552.236,1776183299999,7464415.28303,4694,823.047,3957769.58090,0
1776183300000,4808.31,4816.88,4806.13,4814.72,3019.885,1776184199999,14535379.99236,6412,1421.800,6843267.53718,0
1776184200000,4814.73,4817.89,4811.19,4813.44,1722.634,1776185099999,8293577.85290,4317,906.526,4364621.38001,0
1776185100000,4813.44,4817.62,4807.15,4808.08,1879.396,1776185999999,9043911.70220,5479,912.345,4390871.38412,0
1776186000000,4808.08,4831.25,4807.68,4826.04,7834.379,1776186899999,37780996.97891,15622,4982.968,24027893.13019,0
1776186900000,4826.05,4830.36,4822.97,4824.19,1896.868,1776187799999,9155907.50931,6168,968.847,4676532.35251,0
1776187800000,4824.19,4839.65,4824.19,4835.57,2886.125,1776188699999,13952072.62855,7062,1751.813,8468909.04632,0
1776188700000,4835.57,4838.20,4832.26,4832.56,2380.647,1776189599999,11508338.24129,4637,1092.454,5280758.93749,0
1776189600000,4832.56,4840.20,4832.30,4836.12,1556.386,1776190499999,7526924.34732,5366,708.656,3427294.84283,0
1776190500000,4836.11,4837.76,4830.69,4835.25,1930.026,1776191399999,9329565.71203,6682,809.496,3912857.08276,0
1776191400000,4835.24,4836.34,4831.26,4831.67,1017.592,1776192299999,4919137.99423,2885,411.443,1988882.59950,0
1776192300000,4831.66,4835.64,4828.15,4835.09,2103.667,1776193199999,10164371.07673,6100,1090.086,5267001.60717,0
1776193200000,4835.10,4842.34,4835.10,4840.26,1067.746,1776194099999,5167605.76240,4169,519.643,2514909.48317,0
1776194100000,4840.25,4841.53,4836.97,4839.77,675.061,1776194999999,3266431.24692,2606,274.062,1326130.69925,0
1776195000000,4839.76,4842.29,4836.90,4839.14,614.204,1776195899999,2972397.25912,2414,253.373,1226204.95139,0
1776195900000,4839.19,4844.21,4837.75,4843.15,1010.082,1776196799999,4889497.17932,2956,427.783,2071001.01807,0
1776196800000,4843.25,4844.28,4840.44,4840.80,427.221,1776197699999,2068591.30662,1846,201.544,975858.40443,0
1776197700000,4840.81,4841.48,4836.62,4837.68,405.783,1776198599999,1963230.20755,1609,158.226,765494.58441,0
1776198600000,4837.69,4840.32,4837.45,4839.55,324.361,1776199499999,1569381.47551,1119,210.086,1016487.94153,0
1776199500000,4839.57,4840.30,4837.57,4838.34,559.053,1776200399999,2705280.32297,1461,241.125,1166847.31414,0
1776200400000,4838.35,4838.74,4834.40,4834.41,607.378,1776201299999,2937698.58584,1584,122.789,593908.41061,0
1776201300000,4834.41,4839.44,4833.24,4836.86,644.686,1776202199999,3118147.33442,2723,305.315,1476671.95484,0
1776202200000,4836.85,4836.86,4830.10,4830.11,538.575,1776203099999,2602771.12323,1830,139.548,674436.04420,0
1776203100000,4830.11,4836.00,4826.24,4835.28,827.556,1776203999999,3997212.23214,2700,375.491,1813905.21853,0
1776204000000,4835.29,4849.97,4833.62,4843.92,4610.980,1776204899999,22334499.40521,10158,2326.566,11269666.97861,0
1776204900000,4843.92,4845.61,4833.99,4837.68,1086.499,1776205799999,5258071.80711,3558,464.780,2249334.54442,0
1776205800000,4837.68,4841.21,4836.12,4838.67,1232.966,1776206699999,5966168.92080,3068,714.368,3456852.32491,0
1776206700000,4838.68,4838.68,4830.88,4833.13,1444.767,1776207599999,6984530.66941,3835,613.771,2967010.98896,0
1776207600000,4833.14,4841.25,4831.99,4834.86,1348.287,1776208499999,6520737.77301,3571,665.720,3219534.97242,0
1776208500000,4834.86,4836.47,4832.31,4833.36,966.864,1776209399999,4674153.14135,2894,519.649,2512118.83811,0
1776209400000,4833.36,4841.44,4832.35,4840.66,1332.612,1776210299999,6447636.79197,4287,870.260,4210562.76211,0
1776210300000,4840.57,4842.32,4833.26,4835.52,1169.541,1776211199999,5658837.73438,3343,530.253,2565458.73099,0
1776211200000,4835.51,4838.59,4830.30,4832.87,1627.961,1776212099999,7869769.83556,4696,873.111,4220767.22124,0
1776212100000,4832.87,4833.94,4826.64,4831.19,1442.574,1776212999999,6968312.41488,3620,742.069,3584769.63240,0
1776213000000,4831.02,4831.19,4824.52,4826.99,1142.204,1776213899999,5513129.57191,3315,482.958,2331194.26331,0
1776213900000,4827.00,4834.72,4826.66,4833.24,807.693,1776214799999,3901285.78959,2941,448.125,2164628.09207,0
1776214800000,4833.23,4850.00,4826.88,4847.99,5246.601,1776215699999,25391754.14392,11944,2875.703,13918289.70094,0
1776215700000,4848.00,4873.03,4841.90,4850.54,13804.744,1776216599999,67028322.86221,25280,7298.176,35437374.24802,0
1776216600000,4850.54,4850.64,4842.30,4843.42,3860.741,1776217499999,18710651.83201,8247,1984.079,9615184.89567,0
1776217500000,4843.44,4847.00,4840.00,4845.40,1851.477,1776218399999,8968990.23996,4695,993.983,4814892.40488,0
1776218400000,4845.40,4851.34,4843.54,4843.80,1557.246,1776219299999,7548695.22823,4986,747.914,3625494.51408,0
1776219300000,4843.83,4844.05,4831.60,4834.14,1721.962,1776220199999,8329620.01186,4453,565.191,2733807.04642,0
1776220200000,4834.14,4834.77,4820.97,4828.41,3206.894,1776221099999,15478282.19099,8318,1477.881,7133722.69233,0
1776221100000,4828.40,4829.52,4819.01,4822.82,1774.420,1776221999999,8559525.14457,5640,839.965,4052315.65334,0
1776222000000,4822.83,4824.13,4816.51,4820.50,1807.752,1776222899999,8712810.07307,5383,858.783,4138824.39248,0
1776222900000,4820.49,4827.66,4820.16,4826.88,881.533,1776223799999,4253180.45283,3316,570.057,2750273.92855,0
1776223800000,4826.85,4828.92,4825.20,4827.63,692.085,1776224699999,3340820.36434,2584,364.099,1757653.64682,0
1776224700000,4827.62,4829.18,4823.55,4823.97,1122.254,1776225599999,5417389.34632,2753,552.525,2667364.00566,0
1776225600000,4823.98,4825.88,4820.40,4824.50,668.567,1776226499999,3224396.87752,2813,357.180,1722663.98975,0
1776226500000,4824.52,4826.00,4820.46,4823.44,623.130,1776227399999,3005215.32149,2396,264.703,1276589.47611,0
1776227400000,4823.44,4827.11,4823.40,4823.71,621.782,1776228299999,3000401.55883,2053,408.195,1969714.55403,0
1776228300000,4823.71,4827.10,4821.96,4825.54,749.078,1776229199999,3614324.79848,2551,432.750,2087982.45549,0
1776229200000,4825.54,4829.16,4823.14,4826.28,1065.181,1776230099999,5141087.19509,3925,577.098,2785525.64122,0
1776230100000,4826.28,4829.16,4823.88,4825.74,829.646,1776230999999,4004435.63777,3365,475.937,2297198.00666,0
1776231000000,4825.75,4826.81,4812.40,4816.03,2422.676,1776231899999,11675237.47799,8113,986.040,4751976.57022,0
1776231900000,4816.03,4822.65,4813.68,4819.13,1403.214,1776232799999,6760648.35082,5191,643.124,3098797.75798,0
1776232800000,4819.24,4823.95,4816.29,4819.19,1025.909,1776233699999,4943945.62096,4190,473.836,2283548.28952,0
1776233700000,4819.20,4819.44,4814.09,4815.12,1366.611,1776234599999,6581953.32680,3807,670.090,3227442.43533,0
1776234600000,4815.12,4817.16,4811.09,4815.90,1144.713,1776235499999,5511430.00014,4759,562.623,2708970.48388,0
1776235500000,4815.91,4820.64,4811.22,4811.22,1775.348,1776236399999,8550493.13345,5215,920.314,4432904.17602,0
1776236400000,4811.23,4816.31,4804.01,4815.23,2638.718,1776237299999,12690903.88169,7685,1255.488,6038511.25385,0
1776237300000,4815.19,4815.36,4806.45,4813.44,2230.129,1776238199999,10728733.36746,5993,1232.713,5929956.54283,0
1776238200000,4813.39,4816.15,4809.78,4811.46,2022.068,1776239099999,9732100.86634,5010,1047.120,5039668.17043,0
1776239100000,4811.59,4813.00,4807.36,4811.88,1706.328,1776239999999,8207396.98226,4705,1003.587,4827243.50534,0
1776240000000,4811.87,4813.31,4806.00,4812.00,2409.126,1776240899999,11586885.21778,5528,1333.977,6415554.73850,0
1776240900000,4812.00,4815.11,4807.52,4810.28,2215.848,1776241799999,10661759.32137,5327,1091.249,5250890.78255,0
1776241800000,4810.31,4812.86,4806.89,4810.93,1548.038,1776242699999,7445319.22189,4451,692.352,3329867.27337,0
1776242700000,4810.92,4821.16,4810.34,4818.70,2252.444,1776243599999,10848651.46335,4383,1341.462,6461111.30661,0
1776243600000,4818.71,4819.49,4794.23,4805.47,7323.328,1776244499999,35183083.12093,13894,3758.173,18053553.21726,0
1776244500000,4805.25,4807.30,4797.36,4798.57,2995.886,1776245399999,14388348.13331,6457,1352.083,6493613.30359,0
1776245400000,4798.56,4803.58,4796.11,4796.58,3144.376,1776246299999,15091559.88039,6520,1625.676,7802412.51142,0
1776246300000,4796.41,4800.27,4788.00,4798.57,3584.309,1776247199999,17183400.72320,8881,1678.488,8047430.39223,0
1776247200000,4798.56,4803.49,4796.05,4801.46,1195.706,1776248099999,5739329.66647,4591,666.346,3198495.73691,0
1776248100000,4801.47,4801.48,4790.90,4794.43,2436.556,1776248999999,11683299.52937,6513,936.635,4491334.08612,0
1776249000000,4794.53,4801.69,4794.25,4800.87,2834.612,1776249899999,13602445.06097,5175,1574.582,7555777.66828,0
1776249900000,4800.87,4805.63,4800.09,4801.14,3071.446,1776250799999,14751794.46252,5057,1529.638,7346588.06288,0
1776250800000,4801.15,4805.13,4796.91,4803.66,1325.129,1776251699999,6361407.02771,3382,748.139,3591722.52654,0
1776251700000,4803.65,4807.67,4801.20,4805.44,1006.099,1776252599999,4834395.57668,2913,519.072,2493974.92845,0
1776252600000,4805.44,4808.87,4803.38,4806.59,1208.132,1776253499999,5805843.59230,3487,492.371,2366324.45707,0
1776253500000,4806.59,4814.99,4805.00,4812.98,2911.225,1776254399999,14004328.85307,6868,1299.198,6249978.22460,0
1776254400000,4812.97,4814.40,4807.52,4814.32,1540.100,1776255299999,7410269.67971,4938,789.615,3799203.00709,0
1776255300000,4814.35,4816.44,4811.23,4813.32,1888.691,1776256199999,9091419.71366,4689,995.995,4794610.97974,0
1776256200000,4813.31,4816.59,4811.54,4813.41,1460.158,1776257099999,7029171.52509,4511,602.706,2901446.98065,0
1776257100000,4813.41,4815.42,4810.40,4812.34,1360.662,1776257999999,6548151.54795,4523,628.037,3022380.67433,0
1776258000000,4812.33,4816.77,4809.73,4815.28,2502.376,1776258899999,12046491.26359,7163,1321.079,6359612.86169,0
1776258900000,4815.28,4823.99,4811.59,4823.15,3709.866,1776259799999,17876379.32165,7017,2086.528,10054504.72752,0
1776259800000,4823.16,4825.96,4817.29,4821.05,4986.524,1776260699999,24043641.22092,10233,2324.383,11206986.25996,0
1776260700000,4821.09,4831.23,4820.94,4830.66,3559.271,1776261599999,17181694.66991,7955,1717.752,8292706.95229,0
1776261600000,4830.65,4831.24,4823.17,4830.12,4583.909,1776262499999,22127612.61798,7519,2077.473,10028777.51007,0
1776262500000,4830.13,4831.99,4823.88,4826.20,3084.537,1776263399999,14891243.90586,6640,1436.872,6936553.05346,0
1776263400000,4826.20,4826.78,4816.64,4819.82,4822.608,1776264299999,23247714.55359,7922,2097.968,10113508.37633,0
1776264300000,4819.82,4819.92,4813.96,4816.50,2527.298,1776265199999,12174291.60390,5654,1459.655,7031420.68287,0
1776265200000,4816.51,4817.23,4802.14,4810.61,6511.374,1776266099999,31312542.64081,11353,3153.157,15162957.83502,0
1776266100000,4810.61,4811.49,4798.82,4799.29,4650.295,1776266999999,22347531.83083,8338,2071.435,9955428.09689,0
1776267000000,4799.28,4806.91,4789.00,4804.83,6262.060,1776267899999,30046506.99131,10946,3028.718,14534365.04840,0
1776267900000,4804.83,4808.81,4801.19,4803.06,2729.440,1776268799999,13115842.35124,6272,1418.656,6816938.95092,0
1776268800000,4803.05,4811.58,4802.09,4809.18,2067.883,1776269699999,9941705.84701,5134,983.097,4726317.23970,0
1776269700000,4809.18,4813.20,4807.06,4811.60,1610.599,1776270599999,7747033.60889,4226,888.737,4274863.68457,0
1776270600000,4811.59,4813.08,4805.16,4806.29,1355.991,1776271499999,6521314.84621,4377,567.754,2730582.66752,0
1776271500000,4806.23,4808.79,4802.18,4805.64,1671.600,1776272399999,8032868.90734,4470,786.173,3777924.98639,0
1776272400000,4805.64,4806.97,4799.80,4799.89,1130.626,1776273299999,5430306.90070,3523,468.999,2252619.10541,0
1776273300000,4799.89,4809.98,4799.89,4803.48,1260.305,1776274199999,6055646.17675,3941,595.612,2861840.02850,0
1776274200000,4803.48,4804.52,4794.00,4795.92,1844.294,1776275099999,8851596.25321,4845,833.220,3998999.43291,0
1776275100000,4795.91,4798.08,4793.56,4794.67,1129.909,1776275999999,5418890.42017,3108,558.141,2676827.79566,0
1776276000000,4794.71,4802.42,4792.29,4798.93,2160.423,1776276899999,10364143.84501,6194,1183.349,5677078.35779,0
1776276900000,4798.92,4800.24,4794.68,4796.53,1680.480,1776277799999,8061881.29875,3207,726.107,3483267.66567,0
1776277800000,4796.53,4799.85,4796.24,4798.55,676.382,1776278699999,3245426.82731,1980,350.907,1683635.88625,0
1776278700000,4798.55,4803.96,4798.55,4801.68,1659.359,1776279599999,7967282.85221,3154,993.487,4770006.57914,0
1776279600000,4801.69,4805.16,4800.12,4801.25,951.204,1776280499999,4568301.48016,2751,520.490,2499588.60636,0
1776280500000,4801.24,4804.72,4800.05,4804.72,466.608,1776281399999,2241320.20143,1667,243.123,1167753.64234,0
1776281400000,4804.72,4804.72,4797.02,4798.62,782.719,1776282299999,3757903.18899,2446,289.845,1391650.82913,0
1776282300000,4798.62,4802.50,4796.43,4797.17,649.808,1776283199999,3118675.90782,2417,287.675,1380555.73185,0
1776283200000,4797.04,4797.75,4793.78,4795.10,814.370,1776284099999,3905130.12865,2150,395.881,1898257.44018,0
1776284100000,4795.09,4796.55,4794.36,4794.80,303.325,1776284999999,1454538.33584,1251,131.474,630478.83335,0
1776285000000,4794.72,4794.72,4792.45,4793.35,534.540,1776285899999,2562456.22493,1443,318.812,1528298.46822,0
1776285900000,4793.28,4795.48,4789.00,4792.44,927.235,1776286799999,4442787.34452,2764,407.803,1954079.99270,0
1776286800000,4792.44,4794.02,4792.00,4793.41,310.996,1776287699999,1490565.60517,1000,159.586,764878.72931,0
1776287700000,4793.40,4798.00,4793.00,4795.70,505.997,1776288599999,2426831.73727,2151,269.817,1294045.52100,0
1776288600000,4795.70,4796.19,4790.98,4790.99,470.203,1776289499999,2254342.51603,1453,183.321,878915.52573,0
1776289500000,4790.99,4801.20,4790.36,4795.90,912.840,1776290399999,4378987.08979,2852,513.724,2464053.09299,0
1776290400000,4795.91,4799.99,4792.14,4793.97,1664.871,1776291299999,7985550.36316,4964,969.978,4652177.11318,0
1776291300000,4793.97,4804.28,4793.96,4802.99,1435.476,1776292199999,6890484.31961,2862,1156.826,5552750.76406,0
1776292200000,4802.99,4806.00,4801.32,4801.92,1382.731,1776293099999,6642109.70406,2447,805.867,3871156.21925,0
1776293100000,4801.92,4812.60,4801.92,4809.13,1652.977,1776293999999,7947711.31245,3431,1097.803,5277942.79631,0
1776294000000,4809.13,4813.82,4809.00,4813.46,416.747,1776294899999,2005166.91007,2004,236.231,1136661.52755,0
1776294900000,4813.46,4816.49,4813.37,4815.36,1042.458,1776295799999,5019006.64208,2034,284.849,1371509.37437,0
1776295800000,4815.36,4824.72,4815.11,4823.52,1638.491,1776296699999,7896852.44534,3841,831.184,4005752.37395,0
1776296700000,4823.48,4826.70,4821.48,4822.41,1221.693,1776297599999,5893149.73974,2502,483.001,2329839.85493,0
1776297600000,4822.40,4830.49,4822.37,4828.84,1898.683,1776298499999,9167833.08722,4348,837.846,4045349.61609,0
1776298500000,4828.85,4829.92,4821.58,4823.13,2248.363,1776299399999,10848010.44392,4608,786.555,3794734.79142,0
1776299400000,4823.40,4836.37,4819.08,4831.20,4275.815,1776300299999,20637486.27545,7263,2134.516,10303044.06308,0
1776300300000,4831.21,4835.55,4830.50,4831.28,1277.990,1776301199999,6176150.64109,3541,514.916,2488637.14160,0
1776301200000,4831.29,4834.44,4827.38,4829.16,2352.775,1776302099999,11363650.95872,6508,1109.828,5360179.04285,0
1776302100000,4829.17,4829.41,4821.41,4822.27,1554.973,1776302999999,7502675.84760,4205,519.024,2504421.35093,0
1776303000000,4822.28,4824.59,4811.05,4815.38,2183.898,1776303899999,10519843.70254,5904,973.261,4688501.37532,0
1776303900000,4815.45,4821.26,4815.00,4816.68,1107.852,1776304799999,5338501.04622,3520,600.157,2891963.42313,0
1776304800000,4816.69,4824.23,4816.44,4820.90,900.821,1776305699999,4342256.87660,3762,443.638,2138609.71661,0
1776305700000,4820.91,4822.89,4818.12,4818.12,721.691,1776306599999,3478905.06142,2861,324.355,1563588.63486,0
1776306600000,4818.13,4821.09,4813.11,4816.96,2221.629,1776307499999,10700259.98608,4837,1140.769,5494007.77966,0
1776307500000,4816.96,4821.20,4815.96,4820.38,1288.812,1776308399999,6211455.05095,3634,750.425,3616779.58756,0
1776308400000,4820.38,4826.80,4820.16,4826.38,1136.793,1776309299999,5484354.54113,3524,611.891,2951869.98468,0
1776309300000,4826.38,4826.76,4822.00,4823.14,985.248,1776310199999,4752955.12787,3047,399.024,1924857.71316,0
1776310200000,4823.15,4825.67,4819.06,4819.92,761.692,1776311099999,3672601.77752,2939,327.965,1581333.48658,0
1776311100000,4819.95,4825.96,4819.95,4823.29,535.757,1776311999999,2584212.41177,2357,287.034,1384399.78045,0
1776312000000,4823.29,4826.22,4822.06,4826.07,537.439,1776312899999,2592465.64079,2488,238.772,1151796.83611,0
1776312900000,4826.08,4828.30,4824.66,4824.96,1168.823,1776313799999,5641944.01628,2664,535.641,2585752.77301,0
1776313800000,4824.96,4830.43,4823.68,4829.09,1009.912,1776314699999,4876111.48471,2577,447.765,2161969.28260,0
1776314700000,4829.09,4832.59,4828.14,4832.05,821.421,1776315599999,3967181.86380,2265,354.882,1714083.91465,0
1776315600000,4832.06,4837.49,4831.80,4833.37,1257.569,1776316499999,6079629.87006,4167,673.306,3255162.74992,0
1776316500000,4833.15,4835.24,4830.26,4831.88,725.723,1776317399999,3507005.62821,2630,247.336,1195257.64351,0
1776317400000,4831.87,4832.68,4824.33,4825.18,1610.700,1776318299999,7776056.10011,5941,722.734,3489013.71205,0
1776318300000,4825.12,4828.84,4821.65,4821.66,1055.745,1776319199999,5094522.50377,4296,526.667,2541449.49918,0
1776319200000,4821.66,4826.84,4821.64,4822.44,1082.294,1776320099999,5220638.55066,4506,640.296,3088562.07830,0
1776320100000,4822.59,4824.06,4814.30,4816.07,2231.950,1776320999999,10754809.70384,5408,507.183,2443831.12740,0
1776321000000,4816.07,4823.33,4815.00,4822.93,2307.841,1776321899999,11121807.29041,5437,1126.737,5429730.50211,0
1776321900000,4822.94,4828.82,4822.20,4825.33,2608.582,1776322799999,12589227.09407,6296,1190.775,5746649.39955,0
1776322800000,4825.33,4828.85,4822.15,4823.53,2474.820,1776323699999,11943502.59793,6036,1197.831,5781122.59075,0
1776323700000,4823.52,4828.40,4817.80,4828.06,4040.929,1776324599999,19488656.09207,8074,2242.239,10813731.77791,0
1776324600000,4827.97,4828.50,4823.77,4826.40,2475.332,1776325499999,11947953.50084,4257,996.955,4812133.62300,0
1776325500000,4826.39,4826.89,4819.05,4820.88,1540.386,1776326399999,7428190.90544,3547,737.725,3557479.14865,0
1776326400000,4820.88,4821.44,4807.55,4812.20,7559.356,1776327299999,36387708.48087,11542,3713.389,17874733.48921,0
1776327300000,4812.20,4815.19,4809.52,4812.01,3815.314,1776328199999,18361041.50390,7054,1950.389,9386250.06408,0
1776328200000,4812.13,4813.67,4807.42,4812.34,3338.668,1776329099999,16059513.49123,5844,1807.535,8694249.61190,0
1776329100000,4812.34,4815.10,4809.04,4814.53,2546.500,1776329999999,12252784.05296,4231,1303.097,6269993.68959,0
1776330000000,4814.53,4818.27,4812.72,4816.63,1862.497,1776330899999,8968787.49776,3412,1008.273,4855281.29997,0
1776330900000,4816.63,4817.44,4811.58,4813.44,1357.133,1776331799999,6535257.59470,3435,603.165,2904697.23151,0
1776331800000,4813.43,4814.72,4807.26,4814.72,2589.111,1776332699999,12456910.55740,6129,1312.234,6313572.60416,0
1776332700000,4814.72,4815.33,4810.69,4813.60,1227.872,1776333599999,5909783.63024,3539,604.019,2907158.01180,0
1776333600000,4813.65,4815.89,4808.58,4808.58,1174.615,1776334499999,5652773.12501,3710,565.494,2721238.03144,0
1776334500000,4808.58,4810.89,4806.50,4808.23,1806.026,1776335399999,8684701.03649,3436,966.116,4646131.26800,0
1776335400000,4808.23,4812.68,4806.36,4809.16,1145.547,1776336299999,5509548.33820,2707,486.951,2341898.02639,0
1776336300000,4809.17,4817.89,4807.09,4817.76,1725.257,1776337199999,8301861.75047,4133,1121.126,5394867.07294,0
1776337200000,4817.76,4821.28,4816.62,4818.58,1782.073,1776338099999,8588509.27749,4265,864.296,4165372.05111,0
1776338100000,4818.58,4820.86,4816.03,4816.41,744.198,1776338999999,3585980.34423,2335,261.405,1259592.54981,0
1776339000000,4816.41,4819.89,4816.25,4817.76,1155.650,1776339899999,5568539.08221,3059,293.163,1412509.76557,0
1776339900000,4817.76,4822.26,4816.52,4821.91,909.635,1776340799999,4383841.33575,3964,552.628,2663285.17363,0
1776340800000,4821.92,4823.59,4812.31,4817.80,1982.474,1776341699999,9551452.09745,5741,1041.212,5016301.78485,0
1776341700000,4817.80,4819.77,4814.75,4815.88,891.703,1776342599999,4295464.15102,3510,511.636,2464676.76784,0
1776342600000,4815.87,4821.43,4812.54,4817.72,1414.520,1776343499999,6813443.96362,4910,765.309,3686175.61864,0
1776343500000,4817.72,4819.53,4814.70,4816.86,857.954,1776344399999,4133015.42301,3311,403.350,1942925.95010,0
1776344400000,4816.86,4822.79,4815.21,4818.23,1841.833,1776345299999,8876199.55830,4561,1002.698,4832004.72998,0
1776345300000,4818.23,4821.69,4815.91,4816.35,962.256,1776346199999,4636584.10330,3037,407.631,1964045.95663,0
1776346200000,4816.37,4824.45,4813.55,4816.80,3333.333,1776347099999,16063689.82855,8688,1487.701,7168852.67645,0
1776347100000,4816.80,4820.01,4787.28,4796.54,12912.470,1776347999999,61975342.09145,20340,6251.502,30005795.33487,0
1776348000000,4796.54,4806.82,4787.66,4802.29,9554.362,1776348899999,45824521.03779,18588,5018.343,24068106.53983,0
1776348900000,4802.29,4804.00,4792.08,4800.25,3825.305,1776349799999,18349068.23398,10454,1887.385,9052710.09364,0
1776349800000,4800.31,4802.23,4775.67,4789.47,7854.499,1776350699999,37607190.37658,15556,3182.324,15239797.43899,0
1776350700000,4789.48,4794.60,4787.16,4790.21,2833.105,1776351599999,13573616.15104,8592,1481.563,7098319.32651,0
1776351600000,4790.20,4812.90,4789.56,4806.49,5167.986,1776352499999,24830630.73034,10894,2478.688,11906356.65371,0
1776352500000,4806.49,4809.53,4802.04,4802.04,1993.183,1776353399999,9578560.32755,6613,847.613,4073572.56898,0
1776353400000,4802.04,4810.81,4798.44,4803.87,4065.560,1776354299999,19534113.75972,10177,1807.587,8684576.77056,0
1776354300000,4803.87,4809.59,4801.92,4807.37,1499.505,1776355199999,7206422.48052,6011,832.758,4002287.69508,0
1776355200000,4807.38,4809.82,4803.30,4804.76,1086.263,1776356099999,5221835.81325,3589,493.248,2370876.39298,0
1776356100000,4804.76,4805.40,4797.01,4798.98,1557.788,1776356999999,7478331.12933,4468,710.833,3412553.83633,0
1776357000000,4798.98,4800.07,4788.39,4791.72,3831.550,1776357899999,18369275.29872,9892,1842.505,8832939.22832,0
1776357900000,4791.72,4794.90,4786.90,4793.17,1716.257,1776358799999,8222436.75298,5637,1009.657,4837414.48475,0
1776358800000,4793.17,4797.18,4791.18,4792.81,1033.346,1776359699999,4954519.55916,4410,468.499,2246287.46538,0
1776359700000,4792.80,4795.33,4786.84,4786.85,1448.142,1776360599999,6939764.86586,4690,635.169,3043925.08901,0
1776360600000,4786.85,4790.90,4782.60,4788.91,2625.585,1776361499999,12568661.23526,7155,1374.816,6581181.67601,0
1776361500000,4788.90,4792.05,4784.26,4790.75,2217.023,1776362399999,10616674.89453,5818,1352.657,6477850.33525,0
1776362400000,4790.75,4795.29,4787.76,4791.99,2019.334,1776363299999,9676587.82727,6054,1029.532,4933277.37652,0
1776363300000,4791.99,4795.19,4788.55,4788.55,893.083,1776364199999,4279531.45363,3436,506.096,2425149.13989,0
1776364200000,4788.56,4793.16,4788.56,4792.57,603.878,1776365099999,2893303.95831,2980,340.105,1629489.70375,0
1776365100000,4792.58,4794.89,4790.46,4791.82,748.316,1776365999999,3586015.63745,2459,394.580,1890822.96323,0
1776366000000,4791.82,4796.85,4791.69,4791.88,902.972,1776366899999,4329765.01548,2587,534.202,2561415.23819,0
1776366900000,4791.89,4795.66,4791.89,4793.04,384.487,1776367799999,1843368.33920,1867,209.777,1005737.79497,0
1776367800000,4793.05,4799.97,4793.00,4799.64,656.140,1776368699999,3146745.00849,2196,364.991,1750467.72457,0
1776368700000,4799.64,4801.20,4794.71,4796.28,1017.868,1776369599999,4883549.52989,2939,411.279,1973207.36137,0
1776369600000,4796.20,4796.40,4792.44,4792.91,388.216,1776370499999,1861275.11591,1330,143.973,690259.23995,0
1776370500000,4792.91,4793.45,4790.43,4790.98,323.584,1776371399999,1550461.63662,969,77.031,369094.51474,0
1776371400000,4790.99,4792.08,4788.51,4791.36,616.098,1776372299999,2951297.01641,1530,223.412,1070295.38416,0
1776372300000,4791.36,4793.46,4790.01,4792.86,1107.698,1776373199999,5308189.85646,2234,726.351,3480837.46860,0
1776373200000,4792.87,4793.90,4789.96,4790.04,766.436,1776374099999,3672613.26301,2775,387.388,1856388.84725,0
1776374100000,4790.05,4790.05,4784.67,4785.60,1317.353,1776374999999,6305973.88884,5837,581.819,2785054.49873,0
1776375000000,4785.60,4787.44,4785.60,4787.36,339.926,1776375899999,1627013.16365,1097,165.847,793788.52180,0
1776375900000,4787.35,4789.49,4787.35,4789.41,214.328,1776376799999,1026249.88433,1057,102.936,492866.69483,0
1776376800000,4789.41,4797.55,4789.41,4797.54,3066.933,1776377699999,14703566.21198,7209,1492.621,7155999.06243,0
1776377700000,4797.55,4799.02,4794.48,4796.28,1325.532,1776378599999,6359568.70988,2249,825.270,3959254.85125,0
1776378600000,4796.23,4797.84,4792.46,4797.09,698.785,1776379499999,3351300.05594,1868,325.004,1558731.05847,0
1776379500000,4797.09,4798.99,4796.36,4797.20,435.623,1776380399999,2089959.89143,1292,352.289,1690128.83466,0
1776380400000,4797.19,4797.19,4792.68,4793.40,590.420,1776381299999,2831144.53804,1338,274.347,1315601.56358,0
1776381300000,4793.40,4797.29,4790.76,4795.08,1984.733,1776382199999,9514474.74927,2222,682.751,3272703.47780,0
1776382200000,4795.09,4796.85,4793.59,4795.30,710.766,1776383099999,3408568.46650,1362,421.107,2019414.43870,0
1776383100000,4795.30,4796.11,4791.09,4791.09,692.150,1776383999999,3318052.82859,2172,275.078,1318821.66616,0
1776384000000,4791.07,4792.40,4785.59,4791.15,977.851,1776384899999,4683230.10432,3815,470.908,2255402.90084,0
1776384900000,4791.14,4794.21,4788.06,4793.65,1148.807,1776385799999,5504760.76840,3244,793.119,3800391.25669,0
1776385800000,4793.65,4798.92,4793.56,4798.92,858.561,1776386699999,4117919.91628,3167,488.949,2344978.03502,0
1776386700000,4799.00,4801.23,4795.08,4795.99,542.343,1776387599999,2602560.16805,2272,220.437,1057876.79636,0
1776387600000,4795.98,4796.39,4770.18,4780.62,4694.647,1776388499999,22446100.32764,11231,1923.739,9198775.54104,0
1776388500000,4780.62,4786.66,4769.88,4771.21,3484.839,1776389399999,16646808.92287,9332,1789.691,8549391.11725,0
1776389400000,4771.21,4779.44,4769.86,4779.31,2769.418,1776390299999,13225355.59241,7970,1581.622,7552859.67825,0
1776390300000,4779.31,4791.17,4776.80,4789.81,3598.097,1776391199999,17220750.52184,6928,1534.083,7341429.74367,0
1776391200000,4789.81,4794.05,4788.27,4790.91,1467.971,1776392099999,7033117.44595,3787,651.595,3121850.86612,0
1776392100000,4790.91,4791.77,4788.44,4788.85,940.056,1776392999999,4502836.31774,2575,343.444,1645043.37854,0
1776393000000,4788.85,4794.60,4788.36,4791.85,1058.914,1776393899999,5074831.67841,3323,653.946,3134069.23250,0
1776393900000,4791.86,4793.76,4784.88,4785.07,698.195,1776394799999,3343251.89687,2763,232.738,1114549.50601,0
1776394800000,4785.07,4797.29,4785.07,4795.74,1729.640,1776395699999,8290830.87003,4836,1007.863,4831043.43654,0
1776395700000,4795.75,4797.83,4792.92,4794.45,872.882,1776396599999,4185964.57692,2434,286.039,1371761.69611,0
1776396600000,4794.38,4795.00,4791.79,4794.28,584.249,1776397499999,2800183.58019,1659,234.594,1124366.15841,0
1776397500000,4794.28,4796.21,4792.91,4792.93,427.758,1776398399999,2050807.00133,1486,204.500,980449.18683,0
1776398400000,4792.92,4796.29,4792.69,4795.91,507.002,1776399299999,2430728.36903,1648,275.619,1321431.87398,0
1776399300000,4795.91,4796.83,4794.62,4796.51,305.983,1776400199999,1467415.18775,1172,144.022,690681.96829,0
1776400200000,4796.52,4800.72,4795.99,4800.46,1109.340,1776401099999,5323324.25956,2288,504.705,2421861.50077,0
1776401100000,4800.46,4804.65,4798.08,4803.50,992.830,1776401999999,4766394.22557,2845,547.910,2630584.15871,0
1776402000000,4803.49,4805.72,4800.28,4804.87,986.470,1776402899999,4738597.46450,2922,521.004,2502863.67274,0
1776402900000,4804.87,4804.87,4801.44,4802.77,582.376,1776403799999,2797340.42944,1889,238.764,1146851.20280,0
1776403800000,4802.77,4805.02,4796.01,4796.47,1072.013,1776404699999,5146022.37805,3871,474.403,2277262.62304,0
1776404700000,4796.46,4799.88,4794.37,4794.91,657.945,1776405599999,3156073.25620,3633,343.894,1649630.68128,0
1776405600000,4794.74,4795.26,4787.89,4788.78,2001.259,1776406499999,9588897.71464,4924,870.605,4171492.50178,0
1776406500000,4788.79,4791.00,4785.12,4785.35,1338.174,1776407399999,6407042.78548,3924,807.496,3866328.37399,0
1776407400000,4785.34,4788.17,4780.23,4787.37,1755.564,1776408299999,8399779.63736,4861,982.740,4702135.37782,0
1776408300000,4787.36,4788.33,4785.33,4786.08,1066.592,1776409199999,5105888.75647,3056,517.910,2479300.72108,0
1776409200000,4786.08,4792.00,4786.00,4788.22,1235.944,1776410099999,5919732.73101,3620,868.857,4161515.55873,0
1776410100000,4788.22,4793.00,4784.94,4791.49,857.136,1776410999999,4104572.70328,3143,428.872,2053888.42819,0
1776411000000,4791.49,4794.17,4784.15,4787.31,1371.306,1776411899999,6567105.80428,3918,713.643,3417061.48099,0
1776411900000,4787.31,4787.53,4781.00,4785.73,1226.967,1776412799999,5869962.53276,3298,863.042,4128857.64245,0
1776412800000,4785.73,4792.09,4782.72,4785.60,1641.109,1776413699999,7856958.69302,4038,845.025,4045235.07976,0
1776413700000,4785.60,4788.50,4784.30,4785.30,1144.209,1776414599999,5476102.71178,2426,633.670,3032604.23558,0
1776414600000,4785.25,4796.94,4785.01,4796.87,1492.257,1776415499999,7150046.85400,3591,719.510,3446829.39846,0
1776415500000,4796.94,4797.16,4791.89,4796.60,1216.309,1776416399999,5831798.11775,3165,480.624,2304449.23706,0
1776416400000,4796.60,4800.78,4793.18,4793.48,1471.835,1776417299999,7061722.00304,3646,672.492,3226451.66211,0
1776417300000,4793.48,4799.47,4792.54,4797.59,1190.895,1776418199999,5712419.76847,2932,691.796,3318414.84827,0
1776418200000,4797.59,4799.28,4795.00,4795.09,1081.308,1776419099999,5186500.43612,2721,560.223,2687090.85094,0
1776419100000,4795.10,4795.74,4791.56,4792.09,1369.358,1776419999999,6563381.92328,2819,889.207,4261912.14779,0
1776420000000,4792.10,4793.50,4788.96,4792.41,949.733,1776420899999,4550465.06440,2546,532.650,2552134.00488,0
1776420900000,4792.41,4794.31,4789.28,4789.68,770.544,1776421799999,3692447.74692,2193,273.372,1310019.27598,0
1776421800000,4789.63,4790.28,4785.00,4786.49,1655.671,1776422699999,7926602.05166,3074,708.857,3393370.93492,0
1776422700000,4786.49,4789.68,4784.81,4789.12,903.964,1776423599999,4327145.19344,2604,525.578,2515915.88461,0
1776423600000,4789.11,4790.71,4785.48,4788.12,886.462,1776424499999,4244577.68989,2580,455.049,2178901.33989,0
1776424500000,4788.08,4794.00,4786.64,4793.76,634.828,1776425399999,3040864.08504,2251,352.703,1689421.24753,0
1776425400000,4793.77,4798.80,4791.48,4798.80,1339.446,1776426299999,6422491.47217,2829,685.637,3287482.80255,0
1776426300000,4798.80,4811.51,4798.80,4800.37,4800.617,1776427199999,23067195.72100,8333,2367.004,11373143.39645,0
1776427200000,4800.37,4806.00,4799.12,4804.00,1333.595,1776428099999,6404964.11637,3705,647.104,3107742.63714,0
1776428100000,4804.05,4819.87,4804.03,4817.88,4425.176,1776428999999,21300263.85705,8847,2251.141,10834799.65376,0
1776429000000,4817.88,4825.16,4816.31,4823.63,4328.719,1776429899999,20870681.74440,8972,2004.779,9666049.41828,0
1776429900000,4823.64,4847.74,4821.89,4846.49,17783.852,1776430799999,86030209.28385,27829,8864.529,42879452.72971,0
1776430800000,4846.50,4889.97,4835.16,4881.95,22477.751,1776431699999,109295760.81013,33484,12526.189,60909822.79417,0
1776431700000,4882.91,4883.29,4851.21,4853.24,13204.274,1776432599999,64219296.99340,23938,5761.939,28016767.36992,0
1776432600000,4853.25,4873.36,4850.52,4864.75,11025.109,1776433499999,53612492.50644,21368,5467.158,26584969.40852,0
1776433500000,4864.75,4880.97,4853.37,4879.38,9566.314,1776434399999,46575566.68141,19419,4595.517,22373308.09264,0
1776434400000,4879.48,4884.34,4860.88,4866.24,6952.510,1776435299999,33871855.37199,14549,2952.924,14386045.28533,0
1776435300000,4866.24,4879.32,4865.11,4870.75,3824.055,1776436199999,18634031.63881,9938,1636.756,7975741.70016,0
1776436200000,4870.76,4882.08,4869.10,4876.83,5151.721,1776437099999,25121481.74164,10447,2196.892,10711884.07615,0
1776437100000,4876.83,4880.57,4870.04,4872.37,4673.516,1776437999999,22780638.98485,8866,2157.072,10514729.58659,0
1776438000000,4872.48,4879.08,4862.00,4867.39,6583.749,1776438899999,32066149.08273,12178,3157.805,15378666.25620,0
1776438900000,4867.43,4873.68,4863.01,4864.91,4307.877,1776439799999,20970182.45662,9336,2099.697,10220396.87647,0
1776439800000,4864.92,4872.00,4855.40,4858.11,3349.833,1776440699999,16296807.97014,7616,1283.299,6243244.34764,0
1776440700000,4858.20,4870.71,4858.09,4866.03,2402.897,1776441599999,11687576.16206,6577,1243.287,6047408.80840,0
1776441600000,4866.04,4872.11,4862.88,4870.22,2026.660,1776442499999,9868030.50092,5107,908.667,4424071.83239,0
1776442500000,4870.21,4872.48,4867.20,4867.20,1207.155,1776443399999,5879167.23139,3402,640.995,3121911.76378,0
1776443400000,4867.15,4871.75,4867.15,4867.85,1085.244,1776444299999,5284658.16046,3165,502.074,2444909.35534,0
1776444300000,4867.85,4868.76,4865.02,4866.56,1059.170,1776445199999,5154457.02152,2813,641.628,3122312.42276,0
1776445200000,4866.75,4869.33,4857.30,4861.68,2337.385,1776446099999,11362277.19436,6417,896.948,4360504.68811,0
1776446100000,4861.60,4863.78,4850.18,4857.12,4945.549,1776446999999,24012478.51021,8387,2044.417,9928187.42257,0
1776447000000,4857.11,4861.31,4852.27,4853.99,1583.269,1776447899999,7690056.04782,4788,846.698,4112182.88194,0
1776447900000,4853.99,4861.92,4853.99,4861.56,1125.307,1776448799999,5468553.56763,2972,764.473,3714895.80133,0
1776448800000,4861.60,4865.11,4858.61,4859.54,1623.762,1776449699999,7893411.65069,3799,482.999,2348274.27059,0
1776449700000,4859.54,4866.59,4858.01,4859.16,859.533,1776450599999,4179117.69168,3233,445.453,2165998.12528,0
1776450600000,4859.15,4864.56,4858.54,4859.93,796.548,1776451499999,3872391.88098,2712,285.180,1386288.42775,0
1776451500000,4859.93,4860.49,4853.68,4857.13,843.411,1776452399999,4096141.01665,3189,438.518,2129572.86216,0
1776452400000,4857.12,4857.12,4852.70,4855.36,678.804,1776453299999,3295489.63456,2694,280.505,1361819.01203,0
1776453300000,4855.37,4856.87,4852.70,4854.83,391.578,1776454199999,1900930.87599,1861,209.069,1014930.82663,0
1776454200000,4854.83,4859.27,4854.11,4858.11,440.753,1776455099999,2140449.98049,2214,265.228,1288045.80705,0
1776455100000,4858.13,4858.13,4851.48,4853.49,760.567,1776455999999,3692296.07295,2515,398.270,1933620.49421,0
1776456000000,4853.66,4853.67,4845.24,4846.46,1526.576,1776456899999,7401202.48053,4057,685.078,3320716.01461,0
1776456900000,4846.47,4851.53,4845.44,4846.53,1473.310,1776457799999,7143953.72246,3199,849.261,4117705.73674,0
1776457800000,4846.54,4847.32,4837.67,4839.00,1814.610,1776458699999,8787136.22626,4789,801.228,3880194.84746,0
1776458700000,4839.00,4840.72,4831.11,4832.53,2013.280,1776459599999,9735261.01057,4602,938.427,4538108.06380,0
1776459600000,4832.52,4836.96,4832.22,4834.50,714.361,1776460499999,3453689.72143,1628,392.645,1898295.13383,0
1776460500000,4834.50,4834.73,4833.60,4833.61,171.823,1776461399999,830584.02627,726,93.471,451833.15073,0
1776461400000,4833.62,4835.75,4833.61,4835.74,419.469,1776462299999,2028172.55253,676,343.217,1659553.25935,0
1776462300000,4835.74,4835.75,4833.57,4833.91,143.479,1776463199999,693730.81920,529,75.876,366864.73260,0
1776463200000,4833.92,4835.75,4833.37,4834.95,755.621,1776464099999,3653566.96414,2832,569.151,2752024.85861,0
1776464100000,4834.96,4835.59,4833.12,4834.44,269.540,1776464999999,1302944.59754,1396,134.982,652474.53487,0
1776465000000,4834.44,4835.00,4833.72,4835.00,116.358,1776465899999,562501.82079,542,60.747,293670.86497,0
1776465900000,4834.99,4835.00,4833.20,4833.74,227.243,1776466799999,1098460.61857,563,103.610,500811.93076,0
1776466800000,4833.75,4835.04,4833.74,4834.65,238.308,1776467699999,1152118.28590,681,155.273,750668.64649,0
1776467700000,4834.64,4834.65,4833.91,4834.09,146.997,1776468599999,710613.19097,476,77.938,376768.55478,0
1776468600000,4834.09,4835.75,4833.79,4834.79,393.520,1776469499999,1902461.27031,507,341.946,1653118.28466,0
1776469500000,4834.79,4835.52,4834.78,4835.20,237.226,1776470399999,1147001.82679,806,160.673,776853.18796,0
1776470400000,4835.21,4835.75,4835.20,4835.75,614.121,1776471299999,2969692.39210,2755,333.162,1611059.01749,0
1776471300000,4835.75,4835.75,4835.73,4835.75,297.298,1776472199999,1437657.65076,1145,227.936,1102241.12712,0
1776472200000,4835.75,4835.75,4835.60,4835.61,185.595,1776473099999,897471.20595,971,77.429,374419.85230,0
1776473100000,4835.60,4835.61,4835.59,4835.59,126.110,1776473999999,609817.49175,358,56.687,274115.92870,0
1776474000000,4835.60,4835.60,4835.25,4835.60,393.219,1776474899999,1901343.09562,1269,307.008,1484479.83067,0
1776474900000,4835.60,4835.67,4834.47,4834.73,462.317,1776475799999,2235535.54285,1701,346.504,1675552.39224,0
1776475800000,4834.73,4834.73,4834.47,4834.48,152.637,1776476699999,737946.20382,944,76.639,370523.85022,0
1776476700000,4834.47,4834.64,4834.02,4834.33,236.697,1776477599999,1144295.31921,603,131.757,636971.09923,0
1776477600000,4834.34,4834.45,4834.00,4834.00,260.618,1776478499999,1259903.86321,1072,162.588,786000.16633,0
1776478500000,4834.01,4834.73,4833.87,4834.15,315.766,1776479399999,1526485.21309,812,197.444,954492.78372,0
1776479400000,4834.14,4834.15,4833.64,4833.72,144.120,1776480299999,696651.88374,750,53.483,258523.95563,0
1776480300000,4833.72,4833.79,4833.64,4833.65,109.624,1776481199999,529891.17178,246,57.334,277137.81483,0
1776481200000,4833.64,4833.65,4833.27,4833.27,152.514,1776482099999,737190.10998,413,19.372,93637.26370,0
1776482100000,4833.28,4833.28,4828.98,4829.40,946.874,1776482999999,4574109.05758,1363,137.605,664715.56204,0
1776483000000,4829.40,4829.41,4829.40,4829.41,238.370,1776483899999,1151185.45187,489,137.387,663498.15167,0
1776483900000,4829.41,4829.64,4829.39,4829.64,230.481,1776484799999,1113098.40739,900,111.636,539138.08564,0
1776484800000,4829.64,4831.22,4829.04,4831.22,691.767,1776485699999,3340989.69127,782,106.516,514486.31804,0
1776485700000,4831.22,4831.56,4831.08,4831.08,65.354,1776486599999,315746.86357,353,39.112,188961.60358,0
1776486600000,4831.08,4831.08,4830.72,4830.73,94.753,1776487499999,457729.08512,414,24.909,120329.30298,0
1776487500000,4830.72,4830.73,4830.72,4830.72,46.009,1776488399999,222256.65806,505,6.158,29747.63534,0
1776488400000,4830.73,4830.73,4830.39,4830.54,158.733,1776489299999,766766.94951,871,70.757,341789.94752,0
1776489300000,4830.53,4831.21,4830.36,4830.36,129.264,1776490199999,624449.79098,606,73.045,352861.68435,0
1776490200000,4830.36,4830.63,4830.36,4830.62,72.255,1776491099999,349025.32042,246,54.842,264912.14250,0
1776491100000,4830.63,4831.08,4830.62,4831.07,126.765,1776491999999,612389.64991,242,81.477,393605.75787,0
1776492000000,4831.07,4831.48,4831.07,4831.48,75.665,1776492899999,365556.63098,388,48.176,232753.86695,0
1776492900000,4831.47,4831.48,4831.47,4831.48,63.093,1776493799999,304832.43695,234,50.024,241689.95552,0
1776493800000,4831.48,4831.90,4831.47,4831.90,69.487,1776494699999,335734.07674,224,60.984,294651.27603,0
1776494700000,4831.90,4832.11,4831.89,4832.10,77.128,1776495599999,372687.21697,258,44.318,214146.01639,0
1776495600000,4832.11,4832.11,4832.10,4832.10,30.859,1776496499999,149114.02207,158,24.817,119918.47387,0
1776496500000,4832.11,4832.11,4832.10,4832.11,43.297,1776497399999,209215.57483,193,14.113,68195.56843,0
1776497400000,4832.11,4832.11,4831.36,4831.36,105.307,1776498299999,508818.01571,274,13.163,63602.61565,0
1776498300000,4831.37,4831.37,4830.00,4830.00,179.268,1776499199999,865921.80108,461,47.879,231257.97851,0
1776499200000,4830.01,4831.08,4830.00,4831.07,102.937,1776500099999,497248.33543,419,75.761,365981.15719,0
1776500100000,4831.07,4831.08,4828.80,4828.80,331.442,1776500999999,1600828.68063,1036,53.804,259882.73440,0
1776501000000,4828.80,4828.81,4824.50,4824.50,464.493,1776501899999,2241729.01679,1445,55.766,269156.22657,0
1776501900000,4824.50,4827.79,4824.40,4827.79,535.637,1776502799999,2584674.57056,1142,336.891,1625684.87149,0
1776502800000,4827.79,4827.95,4823.36,4824.73,720.305,1776503699999,3475718.63835,1436,321.091,1549320.19972,0
1776503700000,4824.72,4825.63,4824.10,4825.63,195.452,1776504599999,942992.65215,544,66.952,323023.16038,0
1776504600000,4825.62,4826.79,4824.54,4824.54,358.686,1776505499999,1730809.44746,1373,73.450,354455.13808,0
1776505500000,4824.54,4825.93,4824.25,4824.26,232.419,1776506399999,1121420.34282,687,54.435,262657.75029,0
1776506400000,4824.26,4824.96,4822.20,4823.21,526.589,1776507299999,2540067.19268,1425,202.904,978717.51662,0
1776507300000,4823.21,4825.66,4823.21,4825.11,348.750,1776508199999,1682552.49229,910,248.565,1199148.94265,0
1776508200000,4825.11,4826.63,4825.11,4826.22,217.737,1776509099999,1050762.18130,648,104.177,502746.91916,0
1776509100000,4826.21,4826.22,4824.13,4824.13,216.925,1776509999999,1046690.16575,654,30.939,149283.05126,0
1776510000000,4824.14,4824.25,4822.54,4823.74,526.794,1776510899999,2540870.35119,1067,184.736,891042.83553,0
1776510900000,4823.73,4824.09,4823.34,4824.08,387.767,1776511799999,1870471.99017,1071,122.666,591706.18810,0
1776511800000,4824.09,4825.52,4823.34,4824.03,557.876,1776512699999,2691289.72972,2215,245.026,1182092.96342,0
1776512700000,4824.03,4824.44,4823.41,4824.20,469.778,1776513599999,2266218.96008,1518,110.520,533153.34544,0
1776513600000,4824.20,4824.20,4819.98,4819.99,867.338,1776514499999,4182142.32089,2057,207.670,1001412.01198,0
1776514500000,4819.99,4821.00,4819.98,4820.50,406.969,1776515399999,1961778.47063,577,167.208,805981.51939,0
1776515400000,4820.50,4820.51,4818.40,4818.40,340.294,1776516299999,1640108.94333,1006,120.189,579260.80691,0
1776516300000,4818.41,4820.24,4817.72,4820.24,745.568,1776517199999,3592499.45102,1367,333.470,1606925.12143,0
1776517200000,4820.23,4821.59,4820.23,4821.54,353.988,1776518099999,1706564.39782,1157,267.942,1291729.43498,0
1776518100000,4821.54,4822.00,4821.11,4821.84,248.824,1776518999999,1199743.05144,654,127.167,613156.14553,0
1776519000000,4821.84,4821.85,4820.00,4821.11,254.375,1776519899999,1226245.40365,1033,74.581,359512.27074,0
1776519900000,4821.10,4822.00,4821.10,4821.99,229.507,1776520799999,1106612.21846,786,202.386,975847.74887,0
1776520800000,4822.00,4824.01,4822.00,4822.00,338.654,1776521699999,1633319.01426,961,236.274,1139542.01344,0
1776521700000,4822.01,4824.45,4822.00,4824.45,298.578,1776522599999,1440177.17866,1041,214.485,1034544.20091,0
1776522600000,4824.44,4825.15,4823.53,4824.49,395.948,1776523499999,1910376.19416,926,281.749,1359410.58865,0
1776523500000,4824.48,4825.31,4824.48,4825.01,272.543,1776524399999,1315018.03035,755,158.566,765070.48691,0
1776524400000,4825.01,4827.11,4825.00,4825.81,265.670,1776525299999,1282112.30911,1577,159.997,772101.75728,0
1776525300000,4825.81,4825.92,4825.32,4825.92,155.404,1776526199999,749921.34804,555,74.276,358420.92413,0
1776526200000,4825.92,4826.30,4825.91,4826.30,107.600,1776527099999,519274.82596,673,49.628,239503.78685,0
1776527100000,4826.30,4826.78,4826.13,4826.14,147.397,1776527999999,711410.49286,902,42.031,202858.81281,0
1776528000000,4826.13,4826.14,4824.95,4824.96,128.227,1776528899999,618753.14893,549,62.959,303798.52267,0
1776528900000,4824.96,4826.56,4824.23,4826.56,491.735,1776529799999,2372757.73946,2121,313.515,1512825.58914,0
1776529800000,4826.56,4826.95,4825.62,4825.77,153.141,1776530699999,739118.72171,475,46.418,224028.03333,0
1776530700000,4825.76,4825.86,4825.20,4825.20,81.875,1776531599999,395092.08244,355,18.706,90269.36442,0
1776531600000,4825.20,4826.38,4824.31,4824.31,214.875,1776532499999,1036872.63917,883,70.210,338799.11955,0
1776532500000,4824.32,4825.08,4824.31,4824.81,96.280,1776533399999,464525.03222,350,41.362,199556.64899,0
1776533400000,4824.81,4825.53,4824.81,4825.53,77.524,1776534299999,374058.47675,284,56.031,270354.51533,0
1776534300000,4825.52,4825.53,4823.88,4824.28,117.813,1776535199999,568392.77058,494,54.242,261687.35554,0
1776535200000,4824.28,4825.20,4824.28,4824.82,96.895,1776536099999,467494.90603,428,65.001,313612.98520,0
1776536100000,4824.83,4824.83,4822.48,4822.95,168.755,1776536999999,813942.68452,680,52.386,252648.77758,0
1776537000000,4822.80,4822.80,4818.88,4818.88,556.655,1776537899999,2683229.10261,3170,118.140,569491.19129,0
1776537900000,4818.89,4821.46,4818.88,4820.52,150.948,1776538799999,727612.29168,821,94.967,457752.45579,0
1776538800000,4820.52,4823.71,4820.49,4823.71,159.940,1776539699999,771177.50792,939,115.128,555110.32454,0
1776539700000,4823.70,4825.73,4820.13,4820.13,329.501,1776540599999,1589440.80605,2011,165.062,796247.47872,0
1776540600000,4820.13,4820.51,4817.31,4820.51,367.497,1776541499999,1770914.02156,2237,170.090,819630.64054,0
1776541500000,4820.52,4824.50,4820.52,4824.49,314.683,1776542399999,1517597.10481,847,226.998,1094703.89722,0
1776542400000,4824.49,4826.64,4823.73,4824.99,251.652,1776543299999,1214236.89770,1248,143.487,692333.61027,0
1776543300000,4825.00,4825.33,4824.99,4825.32,17.275,1776544199999,83354.73683,181,9.627,46451.54252,0
1776544200000,4825.32,4825.33,4824.56,4825.00,104.291,1776545099999,503200.94350,366,51.759,249731.94980,0
1776545100000,4825.00,4825.33,4824.99,4825.05,51.724,1776545999999,249576.97758,186,33.716,162683.52647,0
1776546000000,4825.05,4826.24,4824.56,4825.97,116.760,1776546899999,563391.68837,540,78.817,380297.03249,0
1776546900000,4825.97,4826.20,4824.68,4824.71,224.885,1776547799999,1085253.42280,1205,25.812,124568.02078,0
1776547800000,4824.71,4824.72,4820.53,4824.36,226.465,1776548699999,1092144.62869,1403,110.159,531215.96991,0
1776548700000,4824.35,4825.17,4823.11,4823.55,76.715,1776549599999,370065.63715,669,33.058,159469.38417,0
1776549600000,4823.55,4823.79,4821.75,4822.64,241.580,1776550499999,1165087.19828,1166,94.538,455934.88963,0
1776550500000,4822.65,4824.95,4822.64,4823.70,186.511,1776551399999,899740.83278,551,129.482,624604.37451,0
1776551400000,4823.69,4824.30,4823.13,4824.30,148.478,1776552299999,716225.37331,831,66.197,319326.22282,0
1776552300000,4824.29,4824.57,4824.29,4824.57,51.006,1776553199999,246078.12402,263,34.804,167912.12585,0
1776553200000,4824.57,4825.72,4823.60,4823.70,366.290,1776554099999,1767200.10538,1521,95.639,461401.64705,0
1776554100000,4823.70,4823.70,4821.50,4822.11,171.699,1776554999999,827948.87007,1081,72.572,349926.55553,0
1776555000000,4822.11,4822.40,4820.33,4820.33,169.926,1776555899999,819244.29072,625,41.552,200323.66652,0
1776555900000,4820.34,4820.34,4820.03,4820.04,175.844,1776556799999,847604.21147,529,96.428,464799.93860,0
1776556800000,4820.03,4820.03,4818.57,4819.00,125.647,1776557699999,605489.50061,623,67.391,324753.51895,0
1776557700000,4819.01,4819.01,4817.00,4817.01,263.771,1776558599999,1270688.90573,589,32.853,158255.54201,0
1776558600000,4817.01,4817.03,4813.58,4816.36,447.538,1776559499999,2155291.52101,1273,168.952,813575.07776,0
1776559500000,4816.36,4819.73,4815.01,4819.73,569.338,1776560399999,2743101.65651,2312,331.169,1595598.68292,0
1776560400000,4819.73,4823.52,4819.72,4822.57,946.809,1776561299999,4565327.86154,2149,565.378,2726050.21955,0
1776561300000,4822.57,4822.60,4821.09,4821.35,329.669,1776562199999,1589657.42628,1062,218.055,1051442.98040,0
1776562200000,4821.35,4821.71,4818.32,4818.49,537.733,1776563099999,2592043.13412,1764,336.438,1621823.43702,0
1776563100000,4818.49,4821.11,4818.49,4820.22,556.666,1776563999999,2683095.91676,2091,356.276,1717208.75896,0
1776564000000,4820.28,4822.00,4820.18,4821.99,154.923,1776564899999,746901.33884,717,92.693,446899.34264,0
1776564900000,4821.99,4822.00,4820.08,4820.10,182.515,1776565799999,879865.76909,577,113.684,548040.42082,0
1776565800000,4820.13,4822.00,4820.13,4821.45,234.883,1776566699999,1132427.57838,576,176.192,849470.92457,0
1776566700000,4821.45,4822.04,4821.44,4821.90,189.194,1776567599999,912235.89352,578,74.239,357954.31365,0
1776567600000,4821.91,4822.30,4819.25,4819.25,265.021,1776568499999,1277654.77523,1088,81.419,392548.16497,0
1776568500000,4819.25,4822.58,4819.25,4821.18,287.307,1776569399999,1385062.91180,772,242.689,1169955.46746,0
1776569400000,4821.18,4823.78,4821.18,4823.78,300.028,1776570299999,1446853.88580,545,243.443,1173986.34355,0
1776570300000,4823.78,4827.94,4823.77,4825.99,787.650,1776571199999,3801141.43550,1661,581.406,2805733.05894,0
1776571200000,4825.98,4826.04,4823.51,4825.54,450.758,1776572099999,2174861.88098,1636,255.227,1231396.67159,0
1776572100000,4825.54,4827.07,4825.11,4825.11,407.379,1776572999999,1966080.03513,1740,321.876,1553421.43490,0
1776573000000,4825.10,4825.21,4822.43,4822.95,251.033,1776573899999,1210882.05213,980,108.145,521604.05888,0
1776573900000,4822.95,4822.96,4821.50,4822.50,147.701,1776574799999,712240.99001,660,62.068,299305.55939,0
1776574800000,4822.50,4822.50,4821.50,4822.12,239.227,1776575699999,1153501.31148,559,91.388,440649.25174,0
1776575700000,4822.12,4823.00,4822.12,4823.00,31.076,1776576599999,149862.46964,181,24.075,116100.80544,0
1776576600000,4822.99,4823.27,4822.71,4822.71,90.456,1776577499999,436263.51538,285,67.252,324352.63867,0
1776577500000,4822.71,4822.72,4821.18,4821.74,129.689,1776578399999,625349.59892,637,32.310,155791.06772,0
1776578400000,4821.74,4821.74,4818.15,4818.26,862.655,1776579299999,4157783.01819,2925,168.817,813647.28366,0
1776579300000,4818.26,4821.25,4817.30,4821.06,323.829,1776580199999,1560596.82471,1075,150.984,727592.50168,0
1776580200000,4821.06,4822.99,4820.20,4822.73,458.554,1776581099999,2210890.34705,1170,319.834,1542021.01297,0
1776581100000,4822.73,4822.73,4820.46,4820.46,230.098,1776581999999,1109375.10850,680,56.094,270446.99039,0
1776582000000,4820.46,4821.44,4818.03,4818.04,394.715,1776582899999,1902488.32961,1343,71.564,344920.27671,0
1776582900000,4818.03,4818.04,4815.60,4817.35,869.238,1776583799999,4187229.82924,1866,288.214,1388311.51055,0
1776583800000,4817.36,4819.05,4817.05,4818.06,673.260,1776584699999,3243824.08635,1361,201.314,969927.99170,0
1776584700000,4818.06,4820.33,4818.05,4820.33,351.479,1776585599999,1693983.53624,798,289.062,1393149.11575,0
1776585600000,4820.32,4820.32,4816.21,4816.22,434.761,1776586499999,2094529.34102,895,129.437,623514.24928,0
1776586500000,4816.21,4816.55,4815.50,4815.67,326.642,1776587399999,1573134.51059,762,218.429,1051988.28187,0
1776587400000,4815.68,4818.72,4815.49,4818.34,323.117,1776588299999,1556380.32383,976,263.893,1271118.90157,0
1776588300000,4818.34,4819.14,4817.41,4818.80,268.332,1776589199999,1292927.80766,1138,126.466,609351.26298,0
1776589200000,4818.85,4819.29,4818.36,4818.91,278.431,1776590099999,1341713.55947,924,180.123,867979.82621,0
1776590100000,4818.92,4819.00,4815.10,4817.27,442.945,1776590999999,2133665.51656,1581,168.596,812134.70549,0
1776591000000,4817.28,4817.63,4816.76,4817.63,130.294,1776591899999,627634.50880,578,92.880,447407.56695,0
1776591900000,4817.62,4817.97,4817.03,4817.78,208.003,1776592799999,1002021.48790,699,121.145,583605.67658,0
1776592800000,4817.77,4819.27,4817.14,4817.64,340.979,1776593699999,1642869.37224,1208,189.865,914796.14172,0
1776593700000,4817.65,4821.49,4817.35,4820.57,823.697,1776594599999,3969650.07406,1125,713.799,3440029.13982,0
1776594600000,4820.57,4821.89,4819.61,4821.70,444.439,1776595499999,2142550.79019,857,310.780,1498181.26904,0
1776595500000,4821.70,4822.00,4821.18,4821.19,146.786,1776596399999,707795.69059,579,87.331,421106.90251,0
1776596400000,4821.19,4822.30,4821.18,4822.30,126.696,1776597299999,610893.35280,423,85.142,410531.88374,0
1776597300000,4822.29,4823.44,4822.29,4823.43,187.115,1776598199999,902440.37809,467,157.751,760818.16943,0
1776598200000,4823.44,4824.00,4823.43,4824.00,180.114,1776599099999,868808.44120,673,107.355,517843.25596,0
1776599100000,4824.00,4825.88,4823.14,4823.58,481.060,1776599999999,2321029.03662,1105,196.004,945737.32419,0
1776600000000,4823.58,4823.58,4818.02,4819.44,1018.241,1776600899999,4908018.24069,1583,369.886,1782812.54144,0
1776600900000,4819.44,4820.39,4819.43,4820.08,199.672,1776601799999,962397.76454,443,134.943,650394.68880,0
1776601800000,4820.07,4820.08,4817.50,4817.50,294.734,1776602699999,1420203.14363,935,82.924,399548.81938,0
1776602700000,4817.50,4819.94,4817.31,4819.13,324.290,1776603599999,1562661.25441,1546,230.636,1111352.41058,0
1776603600000,4819.12,4821.00,4819.12,4820.11,218.190,1776604499999,1051731.82624,837,170.523,821962.41347,0
1776604500000,4820.12,4825.00,4820.11,4822.81,783.937,1776605399999,3781024.27146,1902,359.916,1735709.55363,0
1776605400000,4822.81,4823.68,4821.84,4823.68,334.937,1776606299999,1615307.23782,652,230.109,1109798.27725,0
1776606300000,4823.68,4824.06,4820.71,4821.74,315.243,1776607199999,1520202.00526,828,113.163,545709.16930,0
1776607200000,4821.74,4822.00,4818.07,4818.33,296.828,1776608099999,1430703.55824,778,69.408,334515.14044,0
1776608100000,4818.33,4818.87,4817.28,4818.37,518.924,1776608999999,2500289.70363,1115,246.660,1188446.77811,0
1776609000000,4818.38,4819.84,4817.93,4819.83,264.417,1776609899999,1274109.40122,692,172.722,832287.14066,0
1776609900000,4819.84,4821.40,4819.80,4820.70,177.119,1776610799999,853785.69112,881,115.445,556480.73846,0
1776610800000,4820.70,4821.37,4820.01,4820.39,155.973,1776611699999,751904.29989,886,74.897,361057.38354,0
1776611700000,4820.40,4821.60,4820.38,4821.37,282.415,1776612599999,1361515.67005,624,207.463,1000190.77416,0
1776612600000,4821.38,4821.90,4820.66,4821.61,181.434,1776613499999,874769.61711,591,119.203,574727.38277,0
1776613500000,4821.62,4821.62,4820.26,4820.26,120.864,1776614399999,582669.92173,552,71.191,343194.10274,0
1776614400000,4820.26,4820.26,4817.78,4818.51,664.537,1776615299999,3202228.41068,2230,239.334,1153216.77285,0
1776615300000,4818.52,4820.00,4817.59,4817.70,320.835,1776616199999,1545993.91966,1820,172.174,829668.99473,0
1776616200000,4817.69,4819.24,4817.05,4818.38,246.584,1776617099999,1188051.96152,852,167.573,807398.49429,0
1776617100000,4818.38,4818.39,4811.59,4813.73,819.081,1776617999999,3943246.93480,2047,163.051,784869.49047,0
1776618000000,4813.73,4813.73,4806.50,4807.92,688.176,1776618899999,3309983.43511,1912,160.999,774253.70055,0
1776618900000,4807.91,4812.86,4807.91,4810.51,449.465,1776619799999,2161956.20637,1456,235.881,1134479.45771,0
1776619800000,4810.51,4812.17,4809.00,4811.42,456.454,1776620699999,2195635.61432,1910,216.412,1040966.98509,0
1776620700000,4811.41,4811.41,4807.17,4809.05,447.633,1776621599999,2152732.77545,1793,184.959,889496.32046,0
1776621600000,4809.05,4810.42,4807.30,4809.61,377.005,1776622499999,1813073.19744,1333,107.105,515089.24484,0
1776622500000,4809.61,4811.24,4805.89,4806.94,1025.586,1776623399999,4931433.77363,1501,315.842,1518867.50315,0
1776623400000,4806.94,4806.94,4805.32,4805.49,159.889,1776624299999,768478.27411,692,49.436,237622.98921,0
1776624300000,4805.49,4805.49,4804.18,4804.19,486.112,1776625199999,2335758.15637,1072,179.871,864275.10836,0
1776625200000,4804.18,4810.00,4802.30,4807.88,1923.903,1776626099999,9242547.93840,2503,601.610,2890917.21398,0
1776626100000,4807.89,4809.79,4806.57,4809.29,488.805,1776626999999,2350159.12710,1395,274.435,1319478.60231,0
1776627000000,4809.29,4809.35,4805.52,4808.36,270.773,1776627899999,1301848.93838,980,95.230,457883.81023,0
1776627900000,4808.36,4813.60,4807.22,4813.60,729.505,1776628799999,3509006.29282,1453,531.509,2556761.30617,0
1776628800000,4813.59,4813.59,4788.33,4790.32,3413.103,1776629699999,16375373.58754,6647,1163.649,5580343.72752,0
1776629700000,4790.31,4790.32,4786.13,4788.81,813.756,1776630599999,3896439.89779,2752,403.609,1932473.26234,0
1776630600000,4788.81,4791.21,4787.75,4788.41,427.052,1776631499999,2045448.84995,1632,235.537,1128167.72762,0
1776631500000,4788.58,4789.01,4785.00,4786.00,510.975,1776632399999,2445726.15722,1312,190.526,911861.27050,0
1776632400000,4786.00,4786.00,4785.50,4785.74,331.427,1776633299999,1586183.65613,839,186.731,893680.63367,0
1776633300000,4785.75,4786.00,4785.00,4785.99,532.610,1776634199999,2548953.42624,1380,233.748,1118655.20266,0
1776634200000,4785.99,4786.00,4785.00,4785.20,532.670,1776635099999,2549228.38954,1478,287.767,1377196.03943,0
1776635100000,4785.20,4786.00,4782.36,4782.36,780.883,1776635999999,3736467.81128,2303,431.295,2063779.42259,0
1776636000000,4782.36,4797.64,4768.25,4793.51,18633.251,1776636899999,89154808.41552,33456,10529.625,50384422.59095,0
1776636900000,4793.52,4798.56,4788.06,4789.01,3974.096,1776637799999,19047183.38804,8553,2048.770,9819598.57826,0
1776637800000,4789.01,4794.89,4783.96,4784.21,1720.696,1776638699999,8241595.08637,4956,893.119,4277967.33588,0
1776638700000,4784.20,4791.91,4782.90,4784.08,1464.928,1776639599999,7013915.33367,3471,563.766,2699193.26710,0
1776639600000,4784.09,4785.67,4778.11,4779.96,2241.879,1776640499999,10719685.43842,5569,1426.246,6819828.20667,0
1776640500000,4779.96,4782.59,4776.00,4776.47,2581.860,1776641399999,12337625.11009,4414,2022.665,9665757.75876,0
1776641400000,4776.47,4779.96,4754.80,4758.22,7469.800,1776642299999,35589893.63985,14339,3749.884,17869941.77194,0
1776642300000,4758.23,4761.27,4744.78,4761.26,7092.136,1776643199999,33701485.77684,13434,3704.168,17601795.07816,0
1776643200000,4761.04,4761.04,4749.06,4753.16,4810.754,1776644099999,22868926.12721,11677,2519.827,11977861.98575,0
1776644100000,4753.16,4767.80,4753.05,4767.78,4083.788,1776644999999,19443645.39305,9382,1859.358,8852629.05546,0
1776645000000,4767.77,4770.08,4763.64,4766.86,1580.125,1776645899999,7532428.25171,5115,712.828,3397950.54919,0
1776645900000,4766.86,4775.44,4762.56,4773.60,2028.538,1776646799999,9672144.56142,5900,1173.775,5597031.32814,0
1776646800000,4773.61,4794.60,4772.23,4793.89,4832.822,1776647699999,23125624.22229,12865,2013.280,9633533.16161,0
1776647700000,4793.93,4803.30,4789.09,4802.53,3558.017,1776648599999,17066235.00431,7999,1622.480,7784124.54610,0
1776648600000,4802.53,4811.44,4801.56,4807.00,3538.529,1776649499999,17011689.59757,8919,1291.346,6208129.73965,0
1776649500000,4806.97,4814.50,4806.59,4808.60,2254.935,1776650399999,10849305.03407,5519,823.138,3960270.99116,0
1776650400000,4808.61,4809.83,4801.09,4801.57,2790.259,1776651299999,13407471.05247,5067,1000.080,4805765.31192,0
1776651300000,4801.56,4803.93,4798.67,4800.21,1861.397,1776652199999,8936546.83938,3753,685.640,3291759.48490,0
1776652200000,4800.22,4802.25,4795.56,4797.17,1274.986,1776653099999,6118039.45347,4209,410.108,1967884.43567,0
1776653100000,4797.18,4798.91,4794.85,4798.32,1077.269,1776653999999,5167239.74837,3280,594.678,2852537.93170,0
1776654000000,4798.31,4799.67,4792.96,4793.85,1304.262,1776654899999,6254690.50062,3712,815.244,3909596.14291,0
1776654900000,4793.87,4797.89,4791.12,4797.41,693.132,1776655799999,3323302.72499,2615,366.949,1759451.13064,0
1776655800000,4797.40,4798.20,4792.41,4796.10,647.274,1776656699999,3104061.36047,2670,414.171,1986158.03865,0
1776656700000,4796.09,4796.47,4792.07,4793.31,582.057,1776657599999,2790556.54198,2479,347.573,1666295.08628,0
1776657600000,4793.31,4797.28,4793.28,4794.59,439.425,1776658499999,2107250.50622,2551,207.302,994108.09821,0
1776658500000,4794.59,4796.32,4792.82,4795.44,560.924,1776659399999,2689302.98609,2529,264.822,1269687.21817,0
1776659400000,4795.45,4795.45,4789.46,4789.46,643.281,1776660299999,3082206.75893,3443,273.844,1312133.49552,0
1776660300000,4789.46,4794.44,4789.46,4790.63,727.587,1776661199999,3486340.03306,2871,383.541,1837743.63296,0
1776661200000,4790.64,4794.28,4786.00,4787.98,1025.945,1776662099999,4913077.80687,3994,551.434,2640743.47973,0
1776662100000,4787.98,4790.51,4786.62,4788.85,727.764,1776662999999,3484828.91228,2641,326.578,1563739.96638,0
1776663000000,4788.85,4797.17,4781.28,4783.06,2396.958,1776663899999,11485898.85270,7170,1079.028,5171173.88212,0
1776663900000,4783.05,4793.75,4783.05,4791.31,1271.915,1776664799999,6089378.94738,4670,659.520,3157331.72393,0
1776664800000,4791.38,4794.57,4787.04,4792.28,1191.176,1776665699999,5708025.66658,4939,554.238,2655688.16654,0
1776665700000,4792.28,4792.28,4785.40,4786.91,886.919,1776666599999,4247035.75235,3622,464.250,2223111.04211,0
1776666600000,4786.91,4792.28,4786.86,4790.64,971.310,1776667499999,4652185.55498,3080,658.297,3152901.64433,0
1776667500000,4790.85,4796.81,4787.44,4796.80,1305.769,1776668399999,6256306.52592,4011,821.176,3934228.40262,0
1776668400000,4796.80,4802.00,4794.87,4798.19,1880.372,1776669299999,9021650.22232,5495,813.832,3904708.72023,0
1776669300000,4798.19,4807.00,4795.23,4799.64,2103.383,1776670199999,10102539.73130,5404,1119.354,5376452.04404,0
1776670200000,4799.63,4800.40,4791.84,4798.72,1845.622,1776671099999,8851325.07858,5783,1032.610,4952229.63995,0
1776671100000,4798.73,4798.73,4788.36,4790.92,1252.132,1776671999999,6001541.12039,4501,582.791,2793177.09332,0
1776672000000,4790.99,4793.04,4788.00,4791.03,1149.364,1776672899999,5506155.77156,4373,603.048,2888882.55450,0
1776672900000,4790.95,4793.83,4788.66,4793.74,1109.526,1776673799999,5315540.61495,3513,586.511,2809737.44892,0
1776673800000,4793.74,4793.99,4790.86,4793.99,755.627,1776674699999,3621125.65233,2490,350.099,1677756.12913,0
1776674700000,4793.99,4797.69,4792.23,4796.64,1304.745,1776675599999,6255949.33768,3220,612.459,2936937.89556,0
1776675600000,4796.64,4798.48,4794.25,4796.96,894.285,1776676499999,4289837.07854,2726,355.377,1704648.60089,0
1776676500000,4796.96,4796.96,4793.65,4794.20,743.752,1776677399999,3566511.26941,2415,294.825,1413768.16281,0
1776677400000,4794.20,4796.23,4786.00,4792.88,2075.788,1776678299999,9941901.63341,4691,907.384,4345920.00244,0
1776678300000,4792.87,4797.68,4790.80,4792.63,1855.715,1776679199999,8898521.63947,3415,726.318,3482323.21871,0
1776679200000,4792.63,4800.48,4791.35,4796.88,1390.885,1776680099999,6671601.56896,3583,724.789,3476404.38469,0
1776680100000,4796.88,4801.36,4796.34,4799.26,769.210,1776680999999,3691844.21220,2644,313.034,1502388.28537,0
1776681000000,4799.27,4800.83,4796.04,4796.04,662.169,1776681899999,3176990.38831,1735,241.948,1160872.78228,0
1776681900000,4796.04,4798.00,4795.80,4796.43,542.527,1776682799999,2602393.51470,1872,334.623,1605123.73733,0
1776682800000,4796.44,4796.89,4789.00,4791.38,1934.759,1776683699999,9272407.33332,3630,910.498,4363526.25982,0
1776683700000,4791.37,4792.19,4788.00,4789.92,815.363,1776684599999,3905572.41068,2638,362.488,1736281.63418,0
1776684600000,4789.92,4796.17,4789.44,4796.16,1497.447,1776685499999,7176712.80891,3100,851.294,4079910.26928,0
1776685500000,4796.17,4811.88,4796.17,4811.41,3888.809,1776686399999,18693638.41417,7201,2119.418,10188746.97952,0
1776686400000,4811.41,4813.67,4803.85,4811.43,3977.013,1776687299999,19126171.87264,7369,1524.072,7329737.32120,0
1776687300000,4811.44,4822.28,4805.27,4806.60,5722.481,1776688199999,27556192.26133,9800,2733.154,13162107.81084,0
1776688200000,4806.60,4809.99,4800.31,4806.90,2041.064,1776689099999,9808218.83810,5859,816.191,3921845.47531,0
1776689100000,4806.86,4809.16,4802.40,4804.67,1379.313,1776689999999,6628646.82347,4327,725.011,3484170.17618,0
1776690000000,4804.67,4816.85,4801.70,4815.48,3367.177,1776690899999,16195819.84729,8574,1596.131,7676487.41861,0
1776690900000,4815.59,4825.79,4813.12,4824.28,3798.012,1776691799999,18304990.28024,6996,1668.653,8043211.56484,0
1776691800000,4824.29,4826.09,4816.80,4822.32,3879.972,1776692699999,18704681.37608,9161,1575.742,7596488.78675,0
1776692700000,4822.31,4824.73,4818.12,4818.37,2859.515,1776693599999,13786473.01182,6335,1237.193,5964763.04814,0
1776693600000,4818.37,4819.00,4808.16,4816.80,3429.892,1776694499999,16512586.71745,8568,1362.110,6557579.97869,0
1776694500000,4816.77,4826.52,4815.00,4823.50,2806.699,1776695399999,13533776.62321,6694,1564.491,7543798.35272,0
1776695400000,4823.52,4827.23,4811.55,4814.98,2559.297,1776696299999,12333041.74725,6886,1039.059,5006839.50035,0
1776696300000,4814.97,4815.28,4795.23,4805.31,7432.897,1776697199999,35711606.83235,13555,3519.237,16907932.74954,0
1776697200000,4805.31,4807.32,4794.88,4799.53,3670.449,1776698099999,17621445.70371,8906,1900.502,9123875.76896,0
1776698100000,4799.53,4810.94,4796.40,4809.91,3572.102,1776698999999,17159741.19823,7181,2103.540,10104577.53666,0
1776699000000,4809.90,4810.75,4801.30,4801.60,1911.380,1776699899999,9184691.86469,5058,813.141,3907227.18672,0
1776699900000,4801.55,4802.65,4797.08,4801.27,1411.982,1776700799999,6777630.82144,3965,553.690,2657807.93189,0
1776700800000,4801.27,4802.47,4796.25,4800.49,826.354,1776701699999,3965833.00287,3267,423.674,2033247.59928,0
1776701700000,4800.49,4803.40,4795.62,4803.15,1558.441,1776702599999,7478700.15319,3650,945.243,4535661.83022,0
1776702600000,4803.25,4806.09,4801.23,4803.84,1308.012,1776703499999,6283393.01947,3187,746.092,3583971.75757,0
1776703500000,4803.84,4807.89,4803.75,4807.67,826.495,1776704399999,3972172.77129,2983,379.969,1826110.21432,0
1776704400000,4807.67,4810.89,4806.12,4809.60,1930.145,1776705299999,9283286.75678,4162,798.478,3840147.10726,0
1776705300000,4809.61,4811.50,4806.90,4810.92,1680.837,1776706199999,8083208.34833,3865,822.186,3954002.20494,0
1776706200000,4810.92,4812.62,4805.88,4810.40,1648.744,1776707099999,7929530.19740,3987,680.906,3274638.92236,0
1776707100000,4810.40,4810.68,4806.88,4807.50,1157.075,1776707999999,5564487.35596,2336,632.746,3042954.00709,0
1776708000000,4807.51,4816.81,4807.51,4816.69,1408.193,1776708899999,6778108.75420,3883,851.469,4098300.60724,0
1776708900000,4816.68,4816.70,4813.78,4815.03,1129.475,1776709799999,5438669.07965,2665,624.322,3006194.97116,0
1776709800000,4815.17,4816.69,4813.01,4816.09,823.069,1776710699999,3963220.70485,2290,401.374,1932644.38333,0
1776710700000,4816.09,4817.95,4815.00,4815.42,796.048,1776711599999,3834335.99449,2003,350.286,1687183.08427,0
1776711600000,4815.42,4821.85,4815.42,4820.96,1491.385,1776712499999,7187415.93967,2917,670.873,3233031.34565,0
1776712500000,4820.96,4821.12,4816.98,4817.95,733.752,1776713399999,3535917.42542,1847,262.785,1266266.53045,0
1776713400000,4817.94,4817.94,4811.28,4812.68,1434.026,1776714299999,6902929.26712,2937,467.679,2251182.30453,0
1776714300000,4812.68,4814.88,4812.21,4814.88,972.325,1776715199999,4680314.66209,1795,519.691,2501514.99651,0
1776715200000,4814.90,4817.60,4813.46,4813.73,915.789,1776716099999,4410191.82796,1623,302.815,1458195.65991,0
1776716100000,4813.74,4817.04,4812.81,4816.36,599.787,1776716999999,2887819.65001,1072,276.507,1331324.78412,0
1776717000000,4816.36,4817.50,4814.28,4816.84,852.043,1776717899999,4103441.68727,1612,378.995,1825169.02015,0
1776717900000,4816.83,4821.72,4816.83,4820.49,760.170,1776718799999,3663839.51164,1569,329.184,1586439.78140,0
1776718800000,4820.48,4820.48,4818.60,4819.50,279.851,1776719699999,1348718.96097,774,123.799,596625.35502,0
1776719700000,4819.50,4820.20,4818.86,4820.20,137.540,1776720599999,662865.11309,407,81.476,392667.25205,0
1776720600000,4820.19,4820.20,4819.66,4819.91,180.021,1776721499999,867712.51517,437,69.688,335900.73559,0
1776721500000,4819.91,4826.16,4819.68,4825.18,1030.592,1776722399999,4970609.52979,2584,655.828,3163145.46495,0
1776722400000,4825.18,4831.69,4823.06,4828.69,3347.471,1776723299999,16161806.53823,7620,1701.352,8214021.96937,0
1776723300000,4828.70,4832.36,4828.13,4828.24,1488.966,1776724199999,7192497.51051,2821,736.127,3555782.63031,0
1776724200000,4828.24,4830.49,4825.50,4830.32,929.431,1776725099999,4487798.51991,2395,425.144,2052799.48156,0
1776725100000,4830.38,4831.47,4825.94,4827.67,921.323,1776725999999,4448300.55924,2041,403.292,1947070.79535,0
1776726000000,4827.67,4830.98,4823.66,4824.88,1096.718,1776726899999,5293089.90157,2791,437.323,2110583.82922,0
1776726900000,4824.88,4825.57,4823.04,4824.32,936.346,1776727799999,4516906.89441,1564,341.958,1649605.82567,0
1776727800000,4824.32,4824.32,4822.26,4822.83,570.398,1776728699999,2751080.28864,1687,258.905,1248677.73847,0
1776728700000,4822.84,4823.46,4819.09,4820.98,705.930,1776729599999,3402811.27929,1826,225.758,1088158.28617,0
1776729600000,4820.99,4829.66,4819.86,4828.01,1193.657,1776730499999,5759931.81102,3893,594.542,2869021.81758,0
1776730500000,4827.90,4828.62,4819.51,4819.51,1223.319,1776731399999,5902176.45421,3767,486.005,2344547.94635,0
1776731400000,4819.64,4823.20,4816.01,4821.50,1500.854,1776732299999,7232264.36789,3473,655.391,3158110.00916,0
1776732300000,4821.63,4825.00,4821.05,4823.16,1336.358,1776733199999,6446233.74168,3168,685.205,3305221.93447,0
1776733200000,4823.16,4823.78,4814.04,4815.58,1805.931,1776734099999,8700894.22285,5221,963.304,4641029.77395,0
1776734100000,4815.58,4819.29,4815.36,4819.28,921.601,1776734999999,4439476.70260,2590,543.893,2619974.45336,0
1776735000000,4819.12,4819.41,4810.49,4813.92,1229.846,1776735899999,5921219.30271,3104,619.529,2982613.04530,0
1776735900000,4813.92,4814.22,4807.63,4811.35,1454.706,1776736799999,6998531.80725,3605,675.540,3249873.58094,0
1776736800000,4811.34,4811.35,4806.86,4808.15,1511.850,1776737699999,7269864.97803,3095,605.938,2913792.17029,0
1776737700000,4808.16,4809.36,4805.34,4808.76,1547.640,1776738599999,7440700.99082,2479,860.543,4137140.96659,0
1776738600000,4808.76,4808.87,4803.68,4806.46,1928.550,1776739499999,9267888.16605,3589,796.608,3828140.60581,0
1776739500000,4806.46,4808.00,4803.33,4807.31,1719.729,1776740399999,8265381.42128,2683,848.156,4076328.56531,0
1776740400000,4807.31,4808.46,4801.44,4801.80,2577.519,1776741299999,12385361.21991,3635,1294.255,6218917.25481,0
1776741300000,4801.81,4803.31,4796.00,4800.20,3553.346,1776742199999,17054995.19338,4940,1742.153,8361761.91630,0
1776742200000,4800.20,4801.91,4794.25,4795.99,2091.259,1776743099999,10034597.89760,3457,1150.571,5520676.66636,0
1776743100000,4795.99,4799.28,4795.08,4799.07,1438.532,1776743999999,6900712.43708,2594,856.105,4106774.30577,0
1776744000000,4799.06,4799.14,4795.42,4795.99,1767.980,1776744899999,8481607.60124,2428,858.317,4117355.80750,0
1776744900000,4795.99,4797.35,4792.80,4793.04,2397.427,1776745799999,11495209.84573,3785,1040.204,4987501.29445,0
1776745800000,4793.17,4795.68,4791.32,4793.56,1911.842,1776746699999,9165050.44213,2740,953.587,4571245.74937,0
1776746700000,4793.57,4795.20,4791.11,4791.84,3399.786,1776747599999,16293866.28411,3485,1923.643,9219010.36356,0
1776747600000,4791.85,4793.84,4788.12,4791.81,5197.572,1776748499999,24901334.47301,5896,2589.610,12406423.51543,0
1776748500000,4791.81,4792.90,4789.08,4789.89,3301.512,1776749399999,15817820.74457,3737,1910.426,9152633.54023,0
1776749400000,4789.89,4798.17,4788.60,4798.07,4429.433,1776750299999,21233629.00656,5844,2450.662,11747579.24708,0
1776750300000,4798.07,4798.16,4786.09,4787.10,4509.382,1776751199999,21601876.31394,5673,2033.036,9738310.78800,0
1776751200000,4787.10,4790.64,4777.18,4787.40,8468.507,1776752099999,40512864.00567,10118,3920.636,18758081.32896,0
1776752100000,4787.40,4788.12,4778.52,4780.76,4747.176,1776752999999,22705635.40060,6640,2551.865,12204668.17365,0
1776753000000,4780.77,4784.28,4779.00,4782.84,3359.582,1776753899999,16063678.04365,4494,2031.792,9714646.22129,0
1776753900000,4782.85,4785.43,4778.01,4780.84,3688.939,1776754799999,17636679.10524,5456,1967.538,9406212.30325,0
1776754800000,4780.83,4787.20,4776.00,4784.86,4679.550,1776755699999,22373036.94209,6921,2317.863,11081541.70230,0
1776755700000,4784.87,4789.00,4782.20,4785.32,3475.429,1776756599999,16632576.33971,5616,1441.374,6897837.26597,0
1776756600000,4785.32,4788.44,4783.94,4788.07,2250.624,1776757499999,10769805.30622,4141,1188.135,5685511.58607,0
1776757500000,4788.07,4793.36,4787.10,4788.09,3012.254,1776758399999,14430140.97932,4934,1499.785,7184426.25142,0
1776758400000,4788.08,4789.40,4778.00,4779.27,4177.376,1776759299999,19983808.15074,7505,2038.913,9753488.06036,0
1776759300000,4779.26,4790.31,4778.92,4788.76,2806.704,1776760199999,13434963.00684,5361,1381.162,6610298.79566,0
1776760200000,4788.75,4793.76,4787.01,4793.33,2367.574,1776761099999,11340192.19649,4793,1346.703,6450112.06299,0
1776761100000,4793.33,4794.50,4788.50,4788.51,1545.101,1776761999999,7403222.20548,3641,725.554,3476487.00435,0
1776762000000,4788.50,4788.56,4784.00,4786.12,1995.830,1776762899999,9554019.67118,4195,712.629,3411175.36446,0
1776762900000,4786.13,4789.00,4783.10,4783.71,1543.985,1776763799999,7390297.17451,3585,752.317,3600842.26974,0
1776763800000,4783.80,4788.24,4783.80,4788.24,1516.188,1776764699999,7255860.97491,3700,799.315,3825211.51454,0
1776764700000,4788.24,4790.73,4784.88,4785.50,1472.135,1776765599999,7048336.41278,4148,771.937,3695882.41991,0
1776765600000,4785.50,4787.75,4784.58,4784.77,1044.082,1776766499999,4997203.23279,3036,508.349,2433053.82436,0
1776766500000,4784.78,4786.00,4782.84,4784.66,1008.322,1776767399999,4824422.31889,2953,478.603,2289886.56767,0
1776767400000,4784.66,4789.20,4784.45,4787.74,819.304,1776768299999,3922177.66165,2611,473.144,2264982.38208,0
1776768300000,4787.74,4792.16,4787.73,4791.12,1219.193,1776769199999,5840407.87842,3250,519.686,2489316.65034,0
1776769200000,4791.12,4791.50,4780.00,4784.13,3284.075,1776770099999,15711415.22805,7193,1597.809,7643910.77083,0
1776770100000,4784.16,4786.33,4782.09,4785.39,1991.557,1776770999999,9528789.74609,4668,1125.781,5386270.72923,0
1776771000000,4785.38,4795.88,4785.38,4794.35,3794.983,1776771899999,18181817.62122,6561,1644.301,7877714.96555,0
1776771900000,4794.36,4798.60,4793.03,4795.52,2438.402,1776772799999,11694524.22983,5908,1059.516,5081468.74997,0
1776772800000,4795.53,4797.74,4792.56,4792.56,2516.482,1776773699999,12066837.20437,5974,1099.109,5270283.83261,0
1776773700000,4792.56,4792.77,4781.68,4784.03,3705.863,1776774599999,17736660.26679,8634,1907.271,9127415.92374,0
1776774600000,4784.03,4791.24,4768.47,4780.49,11041.317,1776775499999,52779921.20124,18499,5006.807,23935151.57010,0
1776775500000,4780.49,4784.64,4778.47,4780.81,3433.612,1776776399999,16417826.20714,8508,1735.605,8298522.43471,0
1776776400000,4780.81,4785.08,4767.15,4767.77,6259.322,1776777299999,29890499.57748,14782,2583.505,12336281.74354,0
1776777300000,4767.77,4777.44,4763.46,4776.79,5193.463,1776778199999,24778191.04806,11882,2612.386,12464163.05889,0
1776778200000,4776.78,4793.00,4772.69,4790.20,6853.618,1776779099999,32782118.29209,15332,3505.704,16768564.90466,0
1776779100000,4790.20,4794.71,4779.50,4781.03,4234.920,1776779999999,20280030.94336,8983,1716.940,8221959.71844,0
1776780000000,4781.03,4784.00,4775.88,4780.68,3156.326,1776780899999,15088972.07592,7539,1654.300,7908452.16563,0
1776780900000,4780.69,4783.80,4773.04,4776.00,4904.588,1776781799999,23437175.02975,8716,2809.732,13426913.33825,0
1776781800000,4776.00,4776.84,4748.60,4749.54,12134.674,1776782699999,57778482.01972,20114,5770.104,27480473.51407,0
1776782700000,4749.54,4749.75,4728.08,4741.68,16720.107,1776783599999,79210196.93408,31237,8131.599,38523520.09179,0
1776783600000,4741.68,4752.44,4731.06,4749.88,7899.678,1776784499999,37454288.57971,20111,3946.531,18710936.99928,0
1776784500000,4749.88,4758.80,4744.68,4745.38,7449.163,1776785399999,35400760.08908,14778,3340.483,15876214.79144,0
1776785400000,4745.38,4750.23,4740.04,4748.57,4482.664,1776786299999,21269846.88445,11556,2296.393,10896253.48871,0
1776786300000,4748.58,4752.60,4742.54,4744.75,3149.550,1776787199999,14950745.21765,9586,1670.441,7929678.50016,0
1776787200000,4744.75,4750.05,4730.82,4733.51,4583.803,1776788099999,21734740.50062,12074,2101.873,9968018.12119,0
1776788100000,4733.52,4737.47,4724.39,4725.42,5171.462,1776788999999,24465020.64301,11658,2418.733,11443381.53728,0
1776789000000,4725.41,4731.88,4723.92,4725.20,4536.648,1776789899999,21447121.90667,11429,2426.143,11469615.18799,0
1776789900000,4725.21,4727.25,4713.40,4715.70,7127.332,1776790799999,33632915.83873,15617,3122.309,14734149.39700,0
1776790800000,4715.64,4722.29,4705.06,4708.70,8833.384,1776791699999,41631279.30072,18747,4530.114,21351223.38944,0
1776791700000,4708.70,4710.72,4702.02,4704.40,5382.153,1776792599999,25330335.60173,14302,2396.222,11276734.52241,0
1776792600000,4704.41,4726.87,4702.02,4722.63,8288.941,1776793499999,39078368.79936,18354,5228.140,24649163.70739,0
1776793500000,4722.63,4723.15,4710.30,4714.88,4172.193,1776794399999,19672849.32857,11980,1617.759,7627485.65802,0
1776794400000,4714.88,4717.80,4708.88,4709.58,3027.943,1776795299999,14272888.47773,9711,1644.546,7751496.26736,0
1776795300000,4709.58,4709.95,4696.03,4700.07,6918.190,1776796199999,32519963.53883,16956,3002.287,14112443.39470,0
1776796200000,4700.07,4706.32,4700.07,4705.74,3203.976,1776797099999,15071557.21980,8830,1437.283,6760790.72047,0
1776797100000,4705.74,4716.07,4702.29,4711.90,5528.957,1776797999999,26034593.94245,13107,2797.271,13171240.35409,0
1776798000000,4711.89,4715.33,4707.31,4710.11,4603.709,1776798899999,21692517.32566,12383,2197.227,10353263.21131,0
1776798900000,4710.12,4717.44,4708.14,4715.68,3266.640,1776799799999,15394285.42091,11153,1571.624,7405961.44022,0
1776799800000,4715.68,4716.36,4672.33,4675.70,11969.988,1776800699999,56142818.91751,23143,4567.533,21418208.95838,0
1776800700000,4675.79,4689.96,4675.29,4683.70,8147.938,1776801599999,38158916.57585,20975,4562.949,21367709.92346,0
1776801600000,4683.57,4705.65,4674.24,4701.12,8940.989,1776802499999,41930311.41304,21862,4708.740,22081268.26711,0
1776802500000,4701.12,4716.33,4699.32,4710.60,4198.331,1776803399999,19775104.80381,15277,2278.172,10730480.71609,0
1776803400000,4710.61,4716.76,4710.52,4715.59,3539.411,1776804299999,16685733.69765,8837,1899.211,8953563.05047,0
1776804300000,4715.59,4722.78,4713.60,4722.35,2211.096,1776805199999,10432420.91974,7674,821.429,3875850.62310,0
1776805200000,4722.32,4724.16,4720.25,4723.76,982.737,1776806099999,4640921.70110,3131,487.190,2300819.47489,0
1776806100000,4723.76,4725.97,4722.33,4723.93,1054.764,1776806999999,4982721.46025,2553,516.466,2439820.68499,0
1776807000000,4723.93,4727.53,4723.27,4726.91,561.912,1776807899999,2654893.59492,2295,293.937,1388899.98392,0
1776807900000,4726.91,4729.00,4725.55,4729.00,566.893,1776808799999,2679839.20807,2665,282.547,1335676.27972,0
1776808800000,4728.99,4731.50,4721.10,4724.88,4234.648,1776809699999,20013387.84531,14286,1930.115,9122051.80862,0
1776809700000,4724.88,4724.88,4719.01,4721.50,986.519,1776810599999,4657553.53572,4299,406.851,1920866.54121,0
1776810600000,4721.50,4722.94,4718.56,4719.26,847.938,1776811499999,4002909.05600,4349,384.247,1813980.51901,0
1776811500000,4719.26,4721.84,4717.50,4721.80,1016.041,1776812399999,4795474.82648,3886,461.038,2176088.90182,0
1776812400000,4721.79,4732.59,4720.68,4730.91,1777.498,1776813299999,8401929.90720,6596,1219.941,5766386.31106,0
1776813300000,4730.91,4735.77,4729.67,4733.06,1695.130,1776814199999,8024462.86017,5689,964.242,4564517.69413,0
1776814200000,4733.06,4736.03,4731.44,4734.82,1714.785,1776815099999,8117759.51343,5649,836.250,3958594.57160,0
1776815100000,4734.82,4742.10,4734.60,4739.91,1902.787,1776815999999,9017725.09139,6927,869.243,4119404.97772,0
1776816000000,4739.92,4748.15,4739.92,4744.81,3039.924,1776816899999,14426015.57570,7745,1729.393,8206323.07009,0
1776816900000,4744.81,4746.90,4743.07,4744.29,1806.833,1776817799999,8573121.53515,5710,656.874,3116761.40372,0
1776817800000,4744.29,4747.71,4743.51,4744.08,1223.326,1776818699999,5805950.73380,5262,563.345,2673580.85204,0
1776818700000,4744.08,4747.76,4740.13,4741.62,2094.293,1776819599999,9934152.80928,6175,778.028,3690440.76046,0
1776819600000,4741.55,4745.87,4736.67,4739.81,2407.542,1776820499999,11413745.91906,9709,1043.165,4945403.52860,0
1776820500000,4739.99,4749.92,4739.80,4746.47,2161.409,1776821399999,10258230.97399,6787,1086.588,5156929.36718,0
1776821400000,4746.47,4754.74,4746.47,4750.99,2670.408,1776822299999,12686744.59183,8173,1500.739,7129746.86669,0
1776822300000,4750.98,4755.86,4749.59,4754.16,2025.478,1776823199999,9629062.43052,5792,902.863,4292038.52873,0
1776823200000,4754.16,4758.50,4752.25,4757.38,1883.446,1776824099999,8956659.91306,6006,1055.480,5019615.63024,0
1776824100000,4757.38,4759.39,4756.10,4757.30,1987.927,1776824999999,9458117.55906,4627,784.714,3733290.20608,0
1776825000000,4757.23,4758.92,4752.82,4752.82,1866.313,1776825899999,8877416.12459,5256,737.526,3508240.12016,0
1776825900000,4752.82,4757.79,4752.00,4757.04,1805.349,1776826799999,8584793.54952,4679,973.894,4630857.52271,0
1776826800000,4757.03,4762.65,4754.80,4759.70,1758.136,1776827699999,8367891.09491,6077,932.337,4437531.36003,0
1776827700000,4759.57,4764.24,4759.00,4764.23,1269.640,1776828599999,6044972.53232,4513,561.266,2672280.98929,0
1776828600000,4764.22,4766.40,4759.19,4760.92,1437.917,1776829499999,6848698.49299,5029,616.925,2938371.46704,0
1776829500000,4760.91,4762.12,4759.13,4759.37,1259.809,1776830399999,5997767.27516,3700,609.833,2903259.35311,0
1776830400000,4759.37,4760.57,4757.52,4758.60,1268.663,1776831299999,6038308.39515,3425,463.208,2204627.92237,0
1776831300000,4758.60,4758.61,4755.88,4756.68,1356.783,1776832199999,6454578.00017,3435,449.315,2137427.16498,0
1776832200000,4756.68,4757.95,4753.80,4757.40,1544.018,1776833099999,7343362.81427,4342,676.045,3215278.90625,0
1776833100000,4757.40,4760.24,4753.52,4755.57,1350.157,1776833999999,6422791.43995,4726,626.813,2981905.32198,0
1776834000000,4755.56,4757.80,4753.57,4757.68,1248.542,1776834899999,5937178.63576,3911,622.434,2959866.63422,0
1776834900000,4757.68,4773.59,4757.50,4766.82,6046.548,1776835799999,28828521.16763,13989,3281.006,15643026.19605,0
1776835800000,4766.94,4770.55,4765.20,4769.11,1719.641,1776836699999,8198993.82190,6479,899.237,4287355.01628,0
1776836700000,4769.11,4773.00,4765.78,4768.58,2335.838,1776837599999,11141021.08253,7662,1021.051,4870250.02643,0
1776837600000,4768.59,4768.68,4761.39,4763.61,1797.405,1776838499999,8562078.40392,6709,901.461,4294075.64669,0
1776838500000,4763.61,4767.83,4761.67,4767.82,1383.654,1776839399999,6591749.53304,4804,742.980,3539454.76720,0
1776839400000,4767.82,4768.32,4764.40,4764.66,2147.692,1776840299999,10236706.31261,5278,534.343,2546837.38129,0
1776840300000,4764.76,4769.12,4763.89,4768.88,1109.554,1776841199999,5289355.83567,4399,584.987,2788703.24086,0
1776841200000,4768.87,4772.69,4767.00,4767.00,1900.820,1776842099999,9066666.03577,6364,986.673,4706285.58615,0
1776842100000,4767.00,4768.44,4764.00,4767.36,1959.719,1776842999999,9340715.55314,6069,877.558,4182620.39186,0
1776843000000,4767.35,4767.97,4764.31,4765.44,1015.248,1776843899999,4838910.91191,4700,576.034,2745502.90078,0
1776843900000,4765.45,4765.68,4761.72,4762.50,1097.453,1776844799999,5227795.48123,4758,475.642,2265717.70898,0
1776844800000,4762.51,4763.16,4759.32,4759.44,2094.130,1776845699999,9971043.83621,5884,987.084,4699902.93622,0
1776845700000,4759.44,4760.48,4755.60,4755.61,2505.614,1776846599999,11920622.60908,6970,1150.307,5472780.34439,0
1776846600000,4755.61,4758.24,4754.00,4758.24,2827.295,1776847499999,13444239.74916,6531,1487.591,7073629.16211,0
1776847500000,4758.23,4759.20,4756.01,4758.22,1406.739,1776848399999,6693247.80697,4170,746.098,3549862.08973,0
1776848400000,4758.22,4762.66,4757.98,4761.81,1772.474,1776849299999,8438818.88169,5569,968.121,4609113.06488,0
1776849300000,4761.81,4762.84,4757.94,4757.94,1387.509,1776850199999,6606273.31175,5076,540.088,2571478.16977,0
1776850200000,4757.94,4762.92,4756.74,4759.98,1563.947,1776851099999,7442511.55617,4645,817.232,3888900.30521,0
1776851100000,4759.98,4760.20,4754.58,4756.38,1729.028,1776851999999,8226352.63605,5692,934.762,4447411.18605,0
1776852000000,4756.38,4758.50,4747.70,4750.49,2880.179,1776852899999,13685626.35740,8511,1317.210,6258565.84931,0
1776852900000,4750.45,4756.90,4750.30,4756.07,1610.329,1776853799999,7655837.58292,5415,867.219,4122747.01862,0
1776853800000,4756.07,4760.51,4755.40,4757.45,1659.154,1776854699999,7893810.67128,5338,807.731,3842771.67165,0
1776854700000,4757.45,4760.86,4756.57,4759.87,1404.312,1776855599999,6682011.33780,4234,682.811,3248827.50234,0
1776855600000,4759.87,4761.05,4757.63,4758.72,1623.707,1776856499999,7727608.24168,5577,727.827,3463819.86495,0
1776856500000,4758.73,4761.94,4758.61,4759.06,1706.988,1776857399999,8125830.63091,6066,983.047,4679542.84661,0
1776857400000,4759.06,4761.31,4751.17,4751.52,2646.981,1776858299999,12592560.63208,7091,1200.765,5712509.09917,0
1776858300000,4751.53,4754.89,4750.34,4752.44,2438.139,1776859199999,11587883.47656,7244,1323.988,6292521.76848,0
1776859200000,4752.45,4758.98,4752.01,4754.78,3314.055,1776860099999,15759485.94444,7813,1612.105,7665643.67215,0
1776860100000,4754.78,4760.95,4750.04,4755.24,3854.889,1776860999999,18329109.03675,9300,1919.119,9125063.42394,0
1776861000000,4755.24,4755.26,4747.41,4748.10,5565.862,1776861899999,26445884.49351,11296,2546.891,12100900.47096,0
1776861900000,4748.11,4750.06,4744.36,4745.39,4273.829,1776862799999,20286719.81379,9052,2040.582,9685822.14268,0
1776862800000,4745.39,4751.34,4740.67,4744.09,8518.624,1776863699999,40416452.16502,14561,4252.820,20176502.44056,0
1776863700000,4744.26,4751.93,4739.00,4751.92,5822.588,1776864599999,27629143.98932,14222,3123.731,14822806.66587,0
1776864600000,4751.93,4758.18,4744.56,4757.16,4604.064,1776865499999,21870278.25906,15131,2367.583,11246909.14344,0
1776865500000,4757.17,4761.96,4753.32,4755.30,3919.306,1776866399999,18646809.03042,11624,1968.016,9363470.48703,0
1776866400000,4755.29,4759.03,4744.12,4747.93,4217.334,1776867299999,20028224.52352,11280,1959.730,9306592.31037,0
1776867300000,4747.93,4751.65,4744.94,4745.40,3408.529,1776868199999,16184595.01209,11253,1482.285,7038137.43328,0
1776868200000,4745.40,4746.00,4732.42,4735.02,8026.453,1776869099999,38032936.11625,16985,3420.729,16208367.36236,0
1776869100000,4735.17,4741.45,4735.00,4738.27,2666.187,1776869999999,12631472.26024,8275,1413.970,6698606.77490,0
1776870000000,4738.28,4741.90,4736.76,4739.80,2884.508,1776870899999,13670972.73857,8964,1526.732,7235646.75709,0
1776870900000,4739.79,4739.96,4733.07,4736.85,3565.135,1776871799999,16882509.04283,8901,1666.550,7891494.29763,0
1776871800000,4736.85,4737.83,4730.04,4730.78,4005.386,1776872699999,18958572.82423,8457,1880.936,8902663.25471,0
1776872700000,4730.78,4734.36,4728.44,4730.95,2278.486,1776873599999,10780877.70204,6651,1093.756,5175019.20672,0
1776873600000,4730.96,4738.00,4729.19,4734.06,2847.984,1776874499999,13481533.60643,7093,1833.726,8679966.96273,0
1776874500000,4734.07,4734.07,4728.00,4730.05,2260.580,1776875399999,10693316.17777,6066,909.294,4301304.15303,0
1776875400000,4730.05,4736.16,4727.53,4732.35,2416.396,1776876299999,11436395.44725,6511,1316.132,6229269.28575,0
1776876300000,4732.33,4733.50,4729.68,4731.64,2481.948,1776877199999,11744056.49306,5642,1186.536,5614655.14476,0
1776877200000,4731.63,4742.16,4731.63,4738.99,2854.957,1776878099999,13525816.54010,7371,1618.042,7665285.34655,0
1776878100000,4738.99,4740.39,4736.50,4738.31,1213.465,1776878999999,5749980.80736,4034,649.866,3079327.42351,0
1776879000000,4738.08,4741.36,4738.08,4739.32,1399.160,1776879899999,6631521.55795,3460,613.431,2907345.42338,0
1776879900000,4739.32,4741.97,4736.39,4740.85,1858.576,1776880799999,8809478.20797,4284,920.545,4363244.66211,0
1776880800000,4740.85,4742.00,4739.07,4740.02,1239.502,1776881699999,5875826.25540,2937,540.797,2563590.51051,0
1776881700000,4740.00,4740.00,4734.00,4734.17,1709.169,1776882599999,8094541.92355,4370,880.229,4168562.53372,0
1776882600000,4734.18,4743.10,4734.18,4743.10,2268.892,1776883499999,10752101.73711,4632,1390.704,6590374.69236,0
1776883500000,4743.10,4752.72,4742.60,4745.31,4307.148,1776884399999,20450027.86744,7856,2496.151,11851691.73113,0
1776884400000,4745.49,4746.43,4740.51,4741.92,2606.745,1776885299999,12365418.76679,5393,1251.740,5937399.61716,0
1776885300000,4741.91,4747.28,4741.27,4746.81,1664.745,1776886199999,7898406.96068,3568,1010.833,4795911.11551,0
1776886200000,4746.81,4746.81,4741.56,4742.21,1596.137,1776887099999,7572158.00217,3542,791.070,3752733.56686,0
1776887100000,4742.20,4743.96,4740.45,4742.54,1847.165,1776887999999,8759672.67071,4122,826.317,3918419.70995,0
1776888000000,4742.55,4743.27,4739.22,4740.06,1164.187,1776888899999,5519759.69308,2422,429.624,2036845.55827,0
1776888900000,4740.01,4740.92,4738.48,4740.61,845.175,1776889799999,4006178.85763,2197,396.171,1877825.46867,0
1776889800000,4740.62,4742.79,4740.00,4740.83,646.505,1776890699999,3065165.76346,2003,277.222,1314261.50201,0
1776890700000,4740.83,4743.86,4740.82,4742.63,498.259,1776891599999,2363004.89691,1723,245.803,1165651.87983,0
1776891600000,4742.60,4747.34,4742.59,4746.02,1080.834,1776892499999,5128329.49942,1271,844.565,4007088.07662,0
1776892500000,4746.01,4747.03,4745.33,4747.02,194.672,1776893399999,923862.41582,672,129.960,616759.57277,0
1776893400000,4747.02,4751.50,4747.00,4751.19,1093.527,1776894299999,5193045.47318,2210,772.271,3667526.68857,0
1776894300000,4751.18,4751.18,4746.66,4746.66,284.096,1776895199999,1349092.42207,1411,101.500,481962.68463,0
1776895200000,4746.66,4747.65,4738.44,4739.10,3365.068,1776896099999,15959328.92982,6294,1635.765,7757854.96025,0
1776896100000,4739.10,4741.00,4734.71,4734.71,1487.132,1776896999999,7046532.46716,3149,663.612,3144540.43098,0
1776897000000,4734.72,4737.10,4731.52,4731.96,1899.883,1776897899999,8994670.52271,3247,1082.937,5127086.84809,0
1776897900000,4731.96,4733.69,4729.31,4729.56,2258.656,1776898799999,10686175.56274,3618,1055.304,4992626.99567,0
1776898800000,4729.56,4729.88,4725.74,4727.34,2761.605,1776899699999,13055585.05377,4342,1462.774,6915098.88204,0
1776899700000,4727.34,4731.00,4727.34,4729.50,1088.959,1776900599999,5149900.86590,2811,618.389,2924363.86183,0
1776900600000,4729.49,4729.55,4726.41,4726.49,1118.720,1776901499999,5288996.61259,1966,418.872,1980310.91026,0
1776901500000,4726.50,4730.50,4726.50,4729.52,1915.631,1776902399999,9058657.85406,3633,1120.991,5300562.53486,0
1776902400000,4729.53,4729.72,4701.00,4701.48,11651.889,1776903299999,54942946.25834,15213,4734.847,22327078.82374,0
1776903300000,4701.48,4742.93,4696.68,4742.17,22897.712,1776904199999,108112393.99572,29904,11737.277,55423097.63181,0
1776904200000,4742.18,4752.96,4742.17,4745.60,5855.032,1776905099999,27796105.55354,13172,2973.445,14115913.12040,0
1776905100000,4745.59,4754.83,4744.65,4749.20,3925.682,1776905999999,18645166.34127,9034,2319.763,11017875.17539,0
1776906000000,4749.19,4751.01,4737.34,4738.57,3503.229,1776906899999,16621875.00870,9276,1540.715,7310709.07428,0
1776906900000,4738.57,4739.84,4730.77,4731.35,3951.944,1776907799999,18711920.92507,8033,1964.647,9303478.05016,0
1776907800000,4731.36,4737.78,4729.01,4735.96,2952.951,1776908699999,13979047.48712,7590,1664.764,7880857.21551,0
1776908700000,4735.97,4739.16,4725.00,4725.72,3575.330,1776909599999,16916776.03796,9920,1538.521,7281583.11970,0
1776909600000,4725.72,4726.37,4709.98,4710.94,6337.748,1776910499999,29906210.47889,12812,2970.879,14021056.59467,0
1776910500000,4710.94,4720.96,4708.48,4716.88,3137.866,1776911399999,14795766.70331,9913,1849.578,8720801.35478,0
1776911400000,4716.89,4718.60,4704.53,4705.14,3823.112,1776912299999,18014684.78106,11914,2006.476,9454734.56968,0
1776912300000,4705.14,4710.96,4701.90,4702.65,4212.666,1776913199999,19826116.49238,12896,2346.182,11041529.39534,0
1776913200000,4702.65,4711.00,4702.51,4705.65,3548.903,1776914099999,16700043.34734,10846,1864.451,8773193.11040,0
1776914100000,4705.65,4708.67,4702.20,4706.09,2711.986,1776914999999,12762450.65251,8788,1621.827,7632020.92566,0
1776915000000,4706.09,4709.72,4703.81,4707.88,2138.900,1776915899999,10067810.78343,6847,1004.883,4729886.72225,0
1776915900000,4707.88,4710.39,4706.17,4707.28,1453.100,1776916799999,6842057.38417,4492,731.756,3445553.70321,0
1776916800000,4707.27,4709.50,4704.36,4709.32,1571.058,1776917699999,7395041.00183,4246,879.594,4140475.54999,0
1776917700000,4709.32,4709.50,4706.00,4708.23,1059.054,1776918599999,4986066.41978,3686,510.997,2405737.62424,0
1776918600000,4708.25,4709.87,4705.07,4705.07,1131.125,1776919499999,5324516.17903,3767,477.008,2245549.51210,0
1776919500000,4705.07,4706.90,4702.56,4706.89,1427.307,1776920399999,6715261.61529,3643,853.652,4016214.10827,0
1776920400000,4706.85,4713.00,4706.27,4711.00,1993.778,1776921299999,9391691.23593,5112,1251.909,5896951.67594,0
1776921300000,4711.01,4712.50,4708.92,4709.63,1738.317,1776922199999,8188600.30249,4316,1019.764,4803736.14591,0
1776922200000,4709.64,4710.10,4695.51,4704.56,5351.896,1776923099999,25174109.22646,12623,2451.634,11530787.06473,0
1776923100000,4704.56,4717.23,4704.55,4715.83,2466.638,1776923999999,11625448.88394,7700,1492.286,7032770.62638,0
1776924000000,4715.86,4719.90,4714.59,4715.16,2254.044,1776924899999,10632978.28672,7608,1131.678,5338281.79954,0
1776924900000,4715.16,4717.40,4712.13,4715.99,1654.058,1776925799999,7798174.24193,6340,893.678,4213081.81768,0
1776925800000,4715.99,4719.59,4713.07,4717.86,1471.488,1776926699999,6940127.57172,5832,723.684,3413104.40599,0
1776926700000,4717.86,4723.87,4716.22,4716.76,2887.020,1776927599999,13626254.88285,8990,1554.713,7338041.58103,0
1776927600000,4716.76,4718.00,4711.12,4714.21,2484.014,1776928499999,11710823.08824,8728,1262.121,5950051.41282,0
1776928500000,4714.21,4716.77,4707.01,4709.10,3059.988,1776929399999,14420223.89533,9468,1687.549,7953078.91282,0
1776929400000,4709.09,4715.82,4707.30,4715.82,1604.353,1776930299999,7559181.36295,6898,812.188,3826842.58480,0
1776930300000,4715.86,4721.99,4715.85,4720.51,2673.515,1776931199999,12618294.70882,6561,1361.517,6425948.76074,0
1776931200000,4720.51,4726.41,4719.71,4720.02,3844.499,1776932099999,18156268.85907,9060,1969.167,9299957.69276,0
1776932100000,4720.03,4723.00,4717.44,4717.62,1839.000,1776932999999,8681678.36677,5907,761.653,3595584.77556,0
1776933000000,4717.62,4718.42,4706.64,4706.64,3514.981,1776933899999,16559843.67815,7846,1517.525,7149280.06319,0
1776933900000,4706.65,4710.12,4704.66,4706.52,1765.284,1776934799999,8309674.93613,5432,948.879,4466637.85582,0
1776934800000,4706.52,4706.52,4698.00,4700.86,4635.992,1776935699999,21797791.99512,10226,2134.833,10037722.51384,0
1776935700000,4700.86,4706.00,4699.24,4704.20,2860.649,1776936599999,13453197.27772,7019,1417.353,6665664.51600,0
1776936600000,4704.19,4705.86,4702.08,4703.71,2058.995,1776937499999,9685252.61848,5257,984.873,4632480.69926,0
1776937500000,4703.71,4704.69,4697.82,4699.67,3328.512,1776938399999,15647545.07876,5940,1608.187,7559758.41703,0
1776938400000,4699.66,4703.65,4687.76,4690.98,6212.090,1776939299999,29165727.30421,10158,2936.230,13786693.01354,0
1776939300000,4690.98,4694.58,4686.50,4689.59,4085.018,1776940199999,19163283.20652,8819,2110.826,9902120.48837,0
1776940200000,4689.59,4699.07,4687.04,4693.39,4125.903,1776941099999,19364664.18154,8535,2122.618,9961717.91879,0
1776941100000,4693.39,4698.76,4691.64,4698.49,2016.235,1776941999999,9465614.32794,5089,908.379,4264802.17529,0
1776942000000,4698.49,4702.32,4698.12,4700.40,2651.486,1776942899999,12462789.23237,6665,1263.663,5939513.54057,0
1776942900000,4700.40,4705.36,4699.06,4701.55,1670.601,1776943799999,7856970.89305,4734,862.267,4055084.75910,0
1776943800000,4701.56,4708.80,4698.61,4708.36,4860.892,1776944699999,22862897.55406,8050,2904.563,13662223.37756,0
1776944700000,4708.35,4722.68,4708.10,4722.38,5311.705,1776945599999,25047313.85959,10224,3079.168,14518719.88864,0
1776945600000,4722.37,4739.87,4721.84,4731.05,17159.093,1776946499999,81215140.20201,22566,8612.793,40762824.83071,0
1776946500000,4731.04,4736.28,4728.25,4735.09,7070.046,1776947399999,33462818.72160,11865,3145.318,14886438.49605,0
1776947400000,4735.10,4744.52,4735.09,4742.12,6162.709,1776948299999,29214034.64874,11468,2925.787,13868888.93625,0
1776948300000,4742.13,4744.21,4733.42,4741.69,9333.836,1776949199999,44227728.03573,15332,3778.189,17901936.06980,0
1776949200000,4741.70,4742.65,4725.88,4727.50,4909.310,1776950099999,23235055.17028,11746,1882.579,8910053.98158,0
1776950100000,4727.30,4731.95,4727.08,4729.21,2390.796,1776950999999,11307733.46159,6860,1170.255,5534880.46949,0
1776951000000,4729.20,4738.08,4726.56,4736.79,4501.669,1776951899999,21299225.19717,11144,2465.817,11666648.42667,0
1776951900000,4736.79,4742.34,4727.02,4727.02,4849.296,1776952799999,22963721.25072,11186,2030.506,9615583.17562,0
1776952800000,4727.02,4730.67,4719.76,4725.72,7004.903,1776953699999,33092605.77944,14856,3193.086,15083900.31220,0
1776953700000,4725.71,4737.29,4725.15,4733.66,3406.711,1776954599999,16115820.71969,9229,1696.993,8026991.47654,0
1776954600000,4733.64,4736.38,4728.58,4732.73,2824.729,1776955499999,13368164.98323,8285,1462.945,6923598.68713,0
1776955500000,4732.74,4739.04,4730.44,4736.25,3434.468,1776956399999,16263836.81071,8253,2172.931,10290432.95829,0
1776956400000,4736.25,4737.19,4729.37,4733.00,2773.701,1776957299999,13130142.60919,7180,1234.564,5843899.17587,0
1776957300000,4732.95,4742.99,4732.37,4735.20,3659.700,1776958199999,17344322.83416,7675,1750.552,8296075.66067,0
1776958200000,4735.19,4735.97,4730.39,4730.39,2690.465,1776959099999,12735793.26613,6663,1174.677,5560546.01976,0
1776959100000,4730.40,4730.40,4719.03,4723.55,4920.258,1776959999999,23244978.64977,11351,2380.275,11244138.92900,0
1776960000000,4723.56,4725.07,4719.18,4722.28,2942.285,1776960899999,13894833.46231,6571,1402.098,6621074.81726,0
1776960900000,4722.33,4727.55,4722.24,4725.94,1650.769,1776961799999,7800005.92563,4506,891.827,4213787.61316,0
1776961800000,4725.93,4736.90,4725.28,4735.88,1826.286,1776962699999,8639648.27277,5303,965.646,4567945.19798,0
1776962700000,4735.88,4738.70,4732.67,4734.70,2081.738,1776963599999,9859812.81056,5949,856.886,4058708.67691,0
1776963600000,4734.70,4735.86,4709.16,4719.29,8716.240,1776964499999,41147908.02729,17209,4400.372,20771890.29606,0
1776964500000,4719.12,4720.57,4708.28,4709.51,7288.178,1776965399999,34352923.86678,15520,3773.387,17785140.08405,0
1776965400000,4709.52,4716.45,4677.24,4681.32,13395.319,1776966299999,62908808.30940,22209,5473.506,25712872.06880,0
1776966300000,4681.32,4713.11,4669.33,4711.44,18213.665,1776967199999,85477632.34443,33917,9283.385,43569824.93960,0
1776967200000,4711.45,4723.95,4710.39,4715.52,8364.628,1776968099999,39455463.01012,16888,3543.888,16716310.95407,0
1776968100000,4715.52,4718.23,4713.05,4718.14,3036.416,1776968999999,14318790.21443,8702,1472.782,6945036.54417,0
1776969000000,4718.14,4722.30,4710.24,4713.60,2778.907,1776969899999,13108807.08371,8210,1203.192,5676291.38316,0
1776969900000,4713.51,4713.94,4702.14,4703.30,2895.547,1776970799999,13632815.15480,7771,1214.442,5718373.12501,0
1776970800000,4703.30,4706.54,4696.71,4699.39,3241.361,1776971699999,15236554.62277,8871,1739.299,8176005.34813,0
1776971700000,4699.56,4705.75,4699.08,4703.41,2230.496,1776972599999,10488684.48815,5926,1212.718,5702820.95275,0
1776972600000,4703.40,4704.33,4693.16,4695.93,2280.506,1776973499999,10713258.80875,6816,1123.603,5278217.66709,0
1776973500000,4695.91,4703.45,4695.62,4699.07,2294.368,1776974399999,10783943.91739,6911,1219.212,5730552.36453,0
1776974400000,4699.19,4701.69,4694.64,4694.76,2208.559,1776975299999,10377250.07186,5143,1259.448,5917908.03518,0
1776975300000,4694.77,4695.62,4690.44,4693.22,1285.314,1776976199999,6032132.06558,3873,517.071,2426872.73295,0
1776976200000,4693.22,4695.83,4692.26,4695.74,667.347,1776977099999,3132643.09495,2207,394.219,1850530.89659,0
1776977100000,4695.73,4699.01,4692.72,4697.97,1229.248,1776977999999,5772396.87877,3005,645.125,3029261.52817,0
1776978000000,4697.97,4701.45,4697.97,4699.99,739.699,1776978899999,3476207.13807,1796,406.196,1908934.08293,0
1776978900000,4700.00,4700.78,4698.63,4699.72,503.599,1776979799999,2366904.07551,1432,236.605,1112043.38689,0
1776979800000,4699.72,4708.52,4699.72,4706.24,715.535,1776980699999,3365929.82883,2119,585.839,2755830.89150,0
1776980700000,4706.24,4709.63,4705.13,4706.29,328.135,1776981599999,1544576.16450,1987,174.901,823318.67411,0
1776981600000,4706.30,4707.57,4698.51,4699.77,1895.881,1776982499999,8913873.91434,6239,824.663,3876902.87698,0
1776982500000,4699.78,4700.16,4695.66,4695.99,931.261,1776983399999,4374596.54059,3231,562.869,2643991.58921,0
1776983400000,4695.99,4699.32,4694.41,4696.29,857.927,1776984299999,4029623.09517,2968,534.894,2512368.28442,0
1776984300000,4696.29,4697.16,4693.08,4695.99,605.860,1776985199999,2844472.73546,2445,334.652,1571129.21651,0
1776985200000,4696.00,4697.88,4692.35,4692.35,928.889,1776986099999,4361159.87103,3437,440.734,2069257.07257,0
1776986100000,4692.35,4696.00,4690.01,4696.00,1373.052,1776986999999,6443249.63608,3325,847.414,3976906.26556,0
1776987000000,4696.00,4702.79,4696.00,4699.85,1232.545,1776987899999,5792304.87118,3509,782.544,3677514.97332,0
1776987900000,4699.85,4702.12,4695.42,4697.38,1099.544,1776988799999,5166926.73815,3421,569.648,2676912.47300,0
1776988800000,4697.38,4701.83,4694.00,4700.08,2171.925,1776989699999,10204086.37570,6610,1053.077,4947673.43509,0
1776989700000,4700.09,4708.94,4699.93,4708.80,1979.181,1776990599999,9307162.23439,5898,1189.943,5595864.54757,0
1776990600000,4708.80,4710.20,4703.40,4703.40,1952.943,1776991499999,9192572.87776,5192,977.435,4601081.76666,0
1776991500000,4703.40,4707.09,4699.52,4706.28,2124.745,1776992399999,9992328.71542,5451,1197.190,5630184.41357,0
1776992400000,4706.29,4711.26,4699.25,4711.02,4870.580,1776993299999,22915129.34358,8901,2537.027,11934733.89335,0
1776993300000,4711.03,4712.74,4700.88,4700.88,1975.578,1776994199999,9299322.99336,5238,879.367,4139670.21542,0
1776994200000,4700.87,4704.04,4693.36,4693.36,1777.617,1776995099999,8349606.66338,6484,811.951,3813637.45292,0
1776995100000,4693.36,4702.81,4693.20,4701.12,1058.359,1776995999999,4971916.86803,4984,589.036,2767156.38792,0
1776996000000,4701.13,4701.84,4693.04,4694.81,1493.976,1776996899999,7017897.55106,5261,820.307,3853373.75090,0
1776996900000,4694.81,4697.34,4685.35,4687.05,3707.642,1776997799999,17393296.32305,7646,1165.147,5465652.19770,0
1776997800000,4687.06,4693.40,4683.75,4686.47,2575.662,1776998699999,12076316.94503,6643,1401.560,6572083.39918,0
1776998700000,4686.47,4686.94,4675.51,4678.81,3067.777,1776999599999,14355861.33958,7781,1708.773,7995826.49297,0
1776999600000,4678.81,4679.96,4670.84,4672.49,3363.997,1777000499999,15723842.85512,7654,1990.285,9302475.27064,0
1777000500000,4672.49,4679.60,4672.33,4676.28,2388.480,1777001399999,11170593.68805,4958,1450.495,6783347.05073,0
1777001400000,4676.29,4680.88,4675.00,4678.10,1498.725,1777002299999,7011085.11897,4412,836.058,3911074.94948,0
1777002300000,4678.10,4679.47,4674.68,4675.66,1308.713,1777003199999,6121449.67772,3769,685.360,3205676.33072,0
1777003200000,4675.66,4676.72,4670.45,4673.68,1590.244,1777004099999,7432728.75400,4583,705.738,3298777.24781,0
1777004100000,4673.68,4673.88,4662.33,4662.53,3507.965,1777004999999,16375313.36662,7818,1388.335,6481454.26348,0
1777005000000,4662.53,4671.00,4661.01,4670.99,2441.726,1777005899999,11392916.48101,5203,1635.645,7632307.48670,0
1777005900000,4670.99,4678.60,4670.99,4676.50,1663.749,1777006799999,7779847.87826,4097,907.680,4243891.95698,0
1777006800000,4676.50,4678.50,4672.00,4675.58,1279.111,1777007699999,5979429.14078,3635,663.786,3102828.42403,0
1777007700000,4675.51,4680.60,4674.30,4678.26,1025.869,1777008599999,4798562.28333,3507,625.912,2927734.12365,0
1777008600000,4678.33,4688.94,4678.33,4684.32,2181.955,1777009499999,10221884.52018,6351,1252.787,5868590.60609,0
1777009500000,4684.31,4688.35,4682.67,4688.32,1244.782,1777010399999,5832238.02048,4107,624.320,2925218.71127,0
1777010400000,4688.32,4689.60,4683.03,4683.96,1537.826,1777011299999,7205345.34410,4775,468.929,2197084.34235,0
1777011300000,4683.96,4683.96,4673.33,4674.47,2088.532,1777012199999,9769678.59637,5035,748.939,3503074.00367,0
1777012200000,4674.47,4679.13,4674.00,4676.63,1209.532,1777013099999,5656530.72197,4855,772.580,3613038.59004,0
1777013100000,4676.81,4678.65,4670.22,4674.87,1906.238,1777013999999,8910305.21229,5367,969.143,4530383.09286,0
1777014000000,4675.00,4683.26,4673.97,4682.43,1966.143,1777014899999,9199235.14390,4778,1254.258,5867658.97462,0
1777014900000,4682.43,4686.67,4680.48,4686.37,1018.615,1777015799999,4771283.14342,3589,524.676,2457587.81951,0
1777015800000,4686.36,4687.42,4684.00,4686.89,1232.140,1777016699999,5773834.89848,3620,587.016,2750698.14754,0
1777016700000,4686.89,4696.61,4686.88,4696.27,2099.867,1777017599999,9854486.89553,5251,942.155,4420811.21806,0
1777017600000,4696.27,4696.60,4688.41,4689.34,2743.057,1777018499999,12868131.48725,6349,1245.502,5842681.43312,0
1777018500000,4689.19,4698.81,4689.19,4690.92,3428.102,1777019399999,16089842.93452,6438,1719.877,8072232.26052,0
1777019400000,4690.92,4692.79,4688.05,4691.00,1381.249,1777020299999,6478650.72533,4146,870.092,4081245.67616,0
1777020300000,4691.00,4695.54,4690.98,4693.12,912.531,1777021199999,4282910.83648,3813,565.426,2653726.75351,0
1777021200000,4693.12,4696.78,4692.15,4696.78,1764.951,1777022099999,8284942.05832,4893,918.674,4312273.41817,0
1777022100000,4696.77,4698.21,4685.40,4686.28,3181.305,1777022999999,14926929.61652,6734,1238.866,5811600.63507,0
1777023000000,4686.28,4690.09,4682.76,4687.89,2117.122,1777023899999,9919462.06890,5693,976.517,4575272.76393,0
1777023900000,4687.89,4688.59,4682.45,4685.04,1255.089,1777024799999,5880496.34238,3880,603.882,2829414.85368,0
1777024800000,4685.00,4686.90,4683.51,4684.46,1493.209,1777025699999,6995970.40325,3725,995.538,4664126.34030,0
1777025700000,4684.46,4688.04,4682.84,4685.28,1190.039,1777026599999,5576051.06247,3940,489.169,2291942.79652,0
1777026600000,4685.49,4685.49,4678.00,4681.67,2089.094,1777027499999,9779154.97973,5080,1067.841,4998489.19440,0
1777027500000,4681.65,4682.64,4679.72,4679.80,2187.239,1777028399999,10238736.43778,3623,1105.277,5173772.92730,0
1777028400000,4679.88,4704.93,4679.88,4699.39,10519.315,1777029299999,49411146.41665,16674,5057.244,23751092.85420,0
1777029300000,4699.52,4718.44,4694.80,4717.51,11604.641,1777030199999,54619714.39744,17424,5878.150,27666246.38419,0
1777030200000,4717.51,4719.03,4707.00,4707.10,5480.938,1777031099999,25827206.80316,9955,1988.416,9369463.48972,0
1777031100000,4707.09,4709.77,4704.47,4708.44,3679.382,1777031999999,17316529.83989,6573,1871.429,8807604.73541,0
1777032000000,4708.44,4711.34,4705.47,4710.57,2506.404,1777032899999,11802700.98656,7160,1059.654,4989610.35287,0
1777032900000,4710.57,4713.37,4703.59,4712.12,4405.822,1777033799999,20748549.31377,9422,2151.108,10130540.06194,0
1777033800000,4712.01,4713.23,4701.18,4701.19,2532.100,1777034699999,11918978.41492,7322,1302.602,6130937.16767,0
1777034700000,4701.19,4703.00,4692.72,4702.80,4086.789,1777035599999,19195233.10966,9270,2334.747,10966150.76016,0
1777035600000,4702.81,4707.22,4698.60,4704.84,3468.872,1777036499999,16314328.74995,9847,1967.589,9253612.87445,0
1777036500000,4704.91,4706.76,4695.68,4698.62,3154.298,1777037399999,14825468.80207,7957,1281.274,6021601.04714,0
1777037400000,4698.63,4711.36,4692.59,4710.11,6580.264,1777038299999,30934581.27833,13674,3022.432,14208235.09327,0
1777038300000,4710.12,4719.18,4707.24,4713.65,4157.789,1777039199999,19593802.16576,11352,2085.360,9827771.42986,0
1777039200000,4713.66,4740.23,4709.40,4733.28,11825.459,1777040099999,55889670.45759,22967,6413.108,30307298.62266,0
1777040100000,4733.21,4734.30,4723.14,4726.02,5211.928,1777040999999,24650602.89913,12761,2305.174,10902691.24657,0
1777041000000,4726.02,4732.87,4724.33,4730.65,3190.047,1777041899999,15085784.24161,10447,1369.031,6474440.80526,0
1777041900000,4730.65,4731.36,4726.00,4728.45,3158.058,1777042799999,14932196.15389,8338,1086.513,5136964.87386,0
1777042800000,4728.45,4729.30,4722.15,4724.69,3338.331,1777043699999,15775461.10088,8584,1848.042,8732321.32732,0
1777043700000,4724.70,4729.00,4721.69,4724.64,2682.467,1777044599999,12674298.44591,7274,1223.512,5781010.64941,0
1777044600000,4724.64,4732.76,4718.60,4731.21,4409.551,1777045499999,20832117.10874,8780,2282.310,10782806.17525,0
1777045500000,4731.09,4736.52,4727.51,4729.30,6947.544,1777046399999,32874911.62419,13382,3392.082,16049828.68820,0
1777046400000,4729.30,4731.50,4722.80,4722.82,1878.462,1777047299999,8879581.49902,6253,847.580,4006464.28697,0
1777047300000,4722.95,4727.60,4721.88,4725.66,1471.263,1777048199999,6950797.86870,4511,690.097,3260166.46541,0
1777048200000,4725.67,4728.99,4722.25,4724.90,1451.730,1777049099999,6861760.66126,4627,751.535,3552224.00319,0
1777049100000,4724.89,4729.68,4723.62,4728.96,1260.534,1777049999999,5957955.75064,3827,494.805,2338715.87470,0
1777050000000,4728.96,4731.57,4728.22,4729.71,1871.447,1777050899999,8852004.92658,5135,870.762,4118678.88342,0
1777050900000,4729.71,4730.69,4724.85,4725.12,1337.458,1777051799999,6323453.01549,4680,554.520,2621564.41230,0
1777051800000,4725.12,4727.56,4722.24,4724.81,1840.785,1777052699999,8696123.62814,5148,763.604,3607237.21623,0
1777052700000,4724.81,4729.69,4723.08,4726.05,1578.248,1777053599999,7459616.36512,4445,762.157,3602384.70461,0
1777053600000,4726.06,4727.27,4723.45,4725.95,625.925,1777054499999,2957782.89170,3005,309.111,1460658.78552,0
1777054500000,4725.95,4726.53,4720.02,4720.02,1159.162,1777055399999,5474583.33040,3459,498.453,2354258.84534,0
1777055400000,4720.03,4723.26,4720.02,4722.16,1058.828,1777056299999,5000058.76883,2903,550.199,2598091.34835,0
1777056300000,4722.17,4726.49,4721.68,4726.22,700.952,1777057199999,3310854.79504,2330,415.429,1962258.59075,0
1777057200000,4726.22,4729.20,4725.48,4726.85,1207.739,1777058099999,5709015.52143,3371,635.586,3004284.67075,0
1777058100000,4726.85,4727.69,4721.62,4722.83,686.981,1777058999999,3245214.20622,2689,316.093,1493145.17834,0
1777059000000,4722.83,4724.36,4720.33,4720.69,578.796,1777059899999,2732900.88478,2726,287.109,1355596.61162,0
1777059900000,4720.68,4722.23,4716.53,4718.95,1792.083,1777060799999,8457434.21170,4568,856.145,4040609.11040,0
1777060800000,4718.95,4719.95,4710.19,4710.99,1633.218,1777061699999,7700666.81405,4624,559.562,2638048.05384,0
1777061700000,4710.99,4713.86,4709.50,4712.69,1074.977,1777062599999,5064126.42608,3439,540.767,2547512.25193,0
1777062600000,4712.69,4713.12,4709.68,4712.73,1598.362,1777063499999,7531412.19870,3583,799.068,3764951.89322,0
1777063500000,4712.73,4716.60,4712.16,4715.64,1266.980,1777064399999,5972513.91111,3605,794.325,3744471.64878,0
1777064400000,4715.65,4716.42,4712.36,4712.36,1053.813,1777065299999,4968017.62360,1898,517.047,2437495.41536,0
1777065300000,4712.36,4713.17,4711.99,4711.99,461.781,1777066199999,2176161.19358,1283,341.272,1608256.64749,0
1777066200000,4711.99,4713.82,4711.99,4712.00,420.864,1777067099999,1983359.49618,908,176.412,831358.69058,0
1777067100000,4712.00,4714.00,4711.99,4712.02,535.003,1777067999999,2521666.51724,691,390.710,1841658.10162,0
1777068000000,4712.03,4713.72,4712.02,4713.30,472.954,1777068899999,2229090.13925,940,307.976,1451509.59279,0
1777068900000,4713.30,4714.23,4713.28,4714.02,358.360,1777069799999,1689256.73307,943,260.576,1228315.12690,0
1777069800000,4714.02,4714.02,4713.27,4713.99,281.203,1777070699999,1325509.44111,1018,149.002,702353.45356,0
1777070700000,4714.00,4714.00,4708.14,4708.86,1735.094,1777071599999,8174061.71981,1831,247.601,1166483.76902,0
1777071600000,4708.86,4709.09,4708.85,4708.88,234.908,1777072499999,1106178.13457,858,87.833,413599.90785,0
1777072500000,4708.88,4708.88,4708.87,4708.87,161.674,1777073399999,761302.76590,649,91.752,432049.15776,0
1777073400000,4708.87,4708.88,4708.87,4708.88,195.139,1777074299999,918885.56467,770,138.174,650644.78512,0
1777074300000,4708.88,4709.63,4708.87,4709.63,161.410,1777075199999,760099.10817,954,135.751,639265.10332,0
1777075200000,4709.62,4710.67,4709.62,4710.67,169.310,1777076099999,797475.26969,738,148.368,698834.29178,0
1777076100000,4710.67,4711.00,4710.66,4710.78,403.576,1777076999999,1901177.02009,676,230.962,1088014.12925,0
1777077000000,4710.78,4710.78,4710.77,4710.78,87.279,1777077899999,411151.75944,242,46.461,218867.54958,0
1777077900000,4710.78,4710.99,4710.77,4710.98,122.774,1777078799999,578371.15766,319,107.460,506227.49374,0
1777078800000,4710.99,4711.27,4710.98,4711.27,77.193,1777079699999,363667.24967,295,61.677,290568.81561,0
1777079700000,4711.26,4712.25,4711.26,4712.25,159.695,1777080599999,752482.05527,431,98.711,465111.83430,0
1777080600000,4712.25,4712.25,4712.24,4712.24,40.107,1777081499999,188994.10714,212,29.746,140170.58850,0
1777081500000,4712.25,4712.30,4712.24,4712.30,93.733,1777082399999,441694.54680,398,79.954,376764.40093,0
1777082400000,4712.30,4712.50,4712.29,4712.49,78.306,1777083299999,369005.13340,338,64.002,301600.47856,0
1777083300000,4712.50,4712.64,4712.49,4712.63,66.124,1777084199999,311615.67041,182,51.947,244804.73912,0
1777084200000,4712.64,4712.64,4712.63,4712.63,62.732,1777085099999,295633.18831,245,48.315,227691.20160,0
1777085100000,4712.63,4712.64,4712.63,4712.63,49.678,1777085999999,234114.22999,192,19.685,92768.31840,0
1777086000000,4712.64,4712.64,4712.63,4712.64,58.546,1777086899999,275905.98374,171,34.776,163886.76864,0
1777086900000,4712.63,4712.64,4712.63,4712.64,62.816,1777087799999,296028.77064,237,20.456,96401.76384,0
1777087800000,4712.63,4712.64,4712.63,4712.64,71.840,1777088699999,338555.47256,259,13.336,62847.76704,0
1777088700000,4712.63,4712.64,4711.80,4711.80,151.888,1777089599999,715762.11420,545,35.440,167009.95100,0
1777089600000,4711.80,4711.81,4711.80,4711.80,119.000,1777090499999,560704.74468,302,54.468,256642.86708,0
1777090500000,4711.80,4711.82,4711.68,4711.69,242.567,1777091399999,1142927.92746,447,109.522,516045.69897,0
1777091400000,4711.68,4711.69,4711.20,4711.67,313.227,1777092299999,1475756.22098,622,165.715,780752.75024,0
1777092300000,4711.68,4711.68,4711.67,4711.68,72.540,1777093199999,341785.05972,381,51.792,244027.33056,0
1777093200000,4711.68,4711.68,4711.67,4711.68,97.078,1777094099999,457400.32227,169,82.201,387304.80768,0
1777094100000,4711.67,4711.68,4711.67,4711.68,82.313,1777094999999,387832.00991,146,31.720,149454.48960,0
1777095000000,4711.68,4711.68,4711.67,4711.67,41.975,1777095899999,197772.41163,152,6.338,29862.62784,0
1777095900000,4711.67,4711.68,4711.67,4711.68,65.428,1777096799999,308275.61472,196,46.996,221430.11328,0
1777096800000,4711.68,4711.68,4711.67,4711.68,60.026,1777097699999,282823.09953,161,39.611,186634.35648,0
1777097700000,4711.68,4711.68,4711.67,4711.67,41.758,1777098599999,196750.12983,174,21.397,100815.81696,0
1777098600000,4711.68,4711.68,4711.67,4711.67,38.861,1777099499999,183100.34246,127,13.459,63414.50112,0
1777099500000,4711.68,4711.68,4711.67,4711.67,21.194,1777100399999,99859.27927,110,14.529,68455.99872,0
1777100400000,4711.68,4712.00,4711.67,4711.99,110.017,1777101299999,518371.63684,347,103.443,487396.86460,0
1777101300000,4712.00,4712.76,4711.99,4712.33,182.521,1777102199999,860122.05202,849,90.037,424284.05545,0
1777102200000,4712.33,4712.34,4712.33,4712.33,95.623,1777103099999,450607.42685,416,29.526,139136.55084,0
1777103100000,4712.33,4712.34,4712.14,4712.14,134.783,1777103999999,635130.94028,425,19.310,90994.58994,0
1777104000000,4712.14,4712.34,4712.14,4712.33,238.430,1777104899999,1123528.69080,936,213.845,1007678.66142,0
1777104900000,4712.34,4712.53,4712.33,4712.53,88.452,1777105799999,416821.63389,275,64.868,305684.08180,0
1777105800000,4712.53,4712.77,4712.52,4712.76,108.387,1777106699999,510790.61197,314,84.682,399076.26795,0
1777106700000,4712.77,4712.77,4712.76,4712.76,24.835,1777107599999,117041.59173,133,19.713,92902.83501,0
1777107600000,4712.77,4712.77,4712.76,4712.76,76.770,1777108499999,361799.01965,268,43.445,204746.29265,0
1777108500000,4712.77,4712.77,4712.76,4712.76,53.855,1777109399999,253805.93477,264,24.497,115448.72669,0
1777109400000,4712.77,4712.77,4712.76,4712.77,245.596,1777110299999,1157437.09261,597,208.765,983861.42905,0
1777110300000,4712.77,4712.77,4712.76,4712.77,106.658,1777111199999,502654.44620,359,89.012,419493.08324,0
1777111200000,4712.77,4712.77,4712.76,4712.77,282.347,1777112099999,1330634.75756,501,110.984,523042.06568,0
1777112100000,4712.76,4712.77,4712.52,4712.52,250.666,1777112999999,1181284.85490,575,123.100,580113.59068,0
1777113000000,4712.53,4712.53,4712.52,4712.52,53.051,1777113899999,250004.28964,361,39.112,184316.47336,0
1777113900000,4712.53,4712.53,4712.52,4712.53,32.060,1777114799999,151083.64357,159,25.237,118930.11961,0
1777114800000,4712.53,4712.53,4712.52,4712.52,131.443,1777115699999,619428.36083,292,59.447,280145.77091,0
1777115700000,4712.52,4712.53,4712.52,4712.52,87.019,1777116599999,410079.14856,424,37.068,174684.06204,0
1777116600000,4712.52,4712.53,4712.32,4712.32,90.218,1777117499999,425149.51888,457,20.449,96365.73906,0
1777117500000,4712.32,4712.33,4711.46,4711.46,313.609,1777118399999,1477618.25931,606,91.339,430365.04982,0
1777118400000,4711.46,4711.47,4711.35,4711.36,135.254,1777119299999,637235.03517,281,32.872,154873.09686,0
1777119300000,4711.35,4711.36,4711.35,4711.36,80.128,1777120199999,377511.58540,212,53.260,250927.03360,0
1777120200000,4711.35,4711.36,4711.35,4711.36,113.895,1777121099999,536600.05953,314,85.128,401068.65408,0
1777121100000,4711.36,4711.53,4711.35,4711.53,90.565,1777121999999,426697.63168,251,77.337,364373.89604,0
1777122000000,4711.53,4712.28,4711.52,4712.03,198.361,1777122899999,934676.54297,414,105.223,495788.78638,0
1777122900000,4712.03,4712.77,4712.02,4712.77,291.576,1777123799999,1374061.26912,550,252.417,1189518.02946,0
1777123800000,4712.77,4712.77,4712.76,4712.77,133.875,1777124699999,630921.86220,220,111.720,526510.66440,0
1777124700000,4712.77,4712.77,4712.76,4712.77,80.900,1777125599999,381262.61113,190,32.713,154168.84501,0
1777125600000,4712.76,4712.77,4712.41,4712.41,136.176,1777126499999,641744.84027,355,23.164,109161.96442,0
1777126500000,4712.42,4712.42,4712.00,4712.00,50.859,1777127399999,239655.72006,240,7.673,36156.03017,0
1777127400000,4712.01,4712.01,4711.78,4711.78,129.592,1777128299999,610614.97247,467,81.304,383087.43559,0
1777128300000,4711.79,4711.79,4711.78,4711.78,115.346,1777129199999,543485.33216,233,35.628,167871.65412,0
1777129200000,4711.79,4711.79,4711.76,4711.76,94.352,1777130099999,444565.15325,495,32.843,154749.03881,0
1777130100000,4711.77,4711.77,4711.76,4711.76,84.060,1777130999999,396070.92918,432,38.358,180734.07366,0
1777131000000,4711.77,4712.16,4711.76,4712.16,275.173,1777131899999,1296567.89332,924,211.452,996325.75976,0
1777131900000,4712.16,4712.16,4711.52,4711.53,417.312,1777132799999,1966391.96568,1073,64.531,304071.92797,0
1777132800000,4711.52,4711.53,4711.20,4711.20,198.714,1777133699999,936237.33239,825,36.145,170297.24196,0
1777133700000,4711.21,4711.21,4711.05,4711.05,166.309,1777134599999,783506.20946,614,54.984,259038.67120,0
1777134600000,4711.06,4711.06,4710.38,4710.38,450.763,1777135499999,2123369.89819,1455,254.414,1198426.84797,0
1777135500000,4710.39,4710.39,4709.92,4710.38,505.395,1777136399999,2380520.32586,924,272.555,1283769.13716,0
1777136400000,4710.39,4710.39,4710.38,4710.38,89.502,1777137299999,421588.90370,484,47.294,222773.18466,0
1777137300000,4710.39,4710.39,4710.38,4710.39,68.687,1777138199999,323542.33737,405,46.631,219650.19609,0
1777138200000,4710.38,4710.39,4710.38,4710.38,169.594,1777139099999,798853.11429,539,92.857,437392.68423,0
1777139100000,4710.39,4710.39,4710.38,4710.39,73.688,1777139999999,347098.78992,513,30.848,145306.11072,0
1777140000000,4710.39,4710.39,4710.38,4710.38,80.614,1777140899999,379723.18104,694,60.772,286259.82108,0
1777140900000,4710.39,4710.39,4710.38,4710.39,66.526,1777141799999,313362.96684,646,22.696,106907.01144,0
1777141800000,4710.38,4710.39,4710.38,4710.38,70.277,1777142699999,331031.89258,503,51.732,243677.89548,0
1777142700000,4710.39,4710.39,4710.38,4710.38,36.411,1777143599999,171509.87508,328,22.890,107820.82710,0
1777143600000,4710.39,4710.58,4710.38,4710.57,98.115,1777144499999,462170.56344,429,71.688,337686.74408,0
1777144500000,4710.58,4710.58,4710.57,4710.57,67.486,1777145399999,317897.76504,452,23.802,112121.22516,0
1777145400000,4710.58,4710.92,4710.57,4710.91,52.749,1777146299999,248487.23622,456,35.057,165145.96666,0
1777146300000,4710.92,4711.93,4710.91,4711.70,116.032,1777147199999,546678.76704,518,97.882,461165.65914,0
1777147200000,4711.70,4711.70,4711.69,4711.69,51.534,1777148099999,242812.55239,430,31.993,150741.41810,0
1777148100000,4711.70,4712.71,4711.69,4712.70,160.032,1777148999999,754148.25295,636,128.746,606707.97707,0
1777149000000,4712.70,4712.71,4712.70,4712.70,28.399,1777149899999,133836.11236,302,14.506,68362.57126,0
1777149900000,4712.71,4712.71,4712.70,4712.71,67.917,1777150799999,320072.61699,324,17.109,80629.75539,0
1777150800000,4712.71,4712.71,4712.70,4712.71,43.486,1777151699999,204936.66248,321,19.028,89673.44588,0
1777151700000,4712.70,4712.71,4712.70,4712.70,39.688,1777152599999,187037.76891,436,13.131,61882.59501,0
1777152600000,4712.70,4712.77,4712.41,4712.77,253.124,1777153499999,1192898.36109,767,181.342,854612.35707,0
1777153500000,4712.76,4712.77,4712.76,4712.76,43.573,1777154399999,205349.24502,357,15.354,72359.87058,0
1777154400000,4712.77,4712.77,4712.16,4712.21,208.833,1777155299999,984120.50380,606,150.473,709097.04780,0
1777155300000,4712.21,4712.77,4712.19,4712.46,370.853,1777156199999,1747698.78526,1020,252.199,1188527.53259,0
1777156200000,4712.46,4713.00,4712.41,4712.99,501.143,1777157099999,2361695.74296,1042,412.874,1945725.33361,0
1777157100000,4712.99,4714.57,4712.99,4714.56,174.960,1777157999999,824759.46389,463,147.174,693767.57038,0
1777158000000,4714.57,4714.57,4714.56,4714.56,114.296,1777158899999,538856.21897,314,86.921,409795.13897,0
1777158900000,4714.56,4714.57,4711.20,4711.21,541.148,1777159799999,2550365.06944,920,139.482,657380.34247,0
1777159800000,4711.21,4711.21,4710.05,4711.20,250.976,1777160699999,1182241.56351,540,167.951,791143.70053,0
1777160700000,4711.20,4711.94,4710.26,4710.27,771.021,1777161599999,3632416.61101,1264,371.266,1749109.45161,0
1777161600000,4710.27,4710.80,4709.20,4710.00,438.851,1777162499999,2066995.01980,897,207.462,977134.49155,0
1777162500000,4710.00,4710.01,4709.40,4709.41,157.626,1777163399999,742365.32346,477,60.286,283924.52550,0
1777163400000,4709.40,4709.41,4709.40,4709.41,73.570,1777164299999,346470.89318,236,33.518,157850.00438,0
1777164300000,4709.40,4711.17,4709.40,4711.16,201.365,1777165199999,948482.87657,495,167.870,790735.48935,0
1777165200000,4711.17,4711.17,4711.08,4711.09,73.933,1777166099999,348309.23163,290,30.545,143902.00157,0
1777166100000,4711.08,4712.49,4711.08,4712.48,315.622,1777166999999,1487193.21389,916,243.845,1148970.01321,0
1777167000000,4712.48,4713.00,4712.47,4712.86,153.956,1777167899999,725542.96020,486,111.064,523404.44070,0
1777167900000,4712.87,4712.87,4712.86,4712.86,88.235,1777168799999,415839.91822,242,71.612,337498.04644,0
1777168800000,4712.87,4713.00,4712.86,4712.99,174.456,1777169699999,822198.68772,461,121.480,572526.42799,0
1777169700000,4712.99,4713.00,4712.82,4712.84,152.570,1777170599999,719057.79835,368,118.214,557139.27500,0
1777170600000,4712.84,4712.85,4712.47,4712.58,162.024,1777171499999,763559.47550,457,86.873,409397.62472,0
1777171500000,4712.58,4712.93,4712.58,4712.76,314.270,1777172399999,1481056.31432,502,193.772,913173.76365,0
1777172400000,4712.75,4712.76,4712.40,4712.40,160.257,1777173299999,755236.18418,391,34.290,161595.32272,0
1777173300000,4712.40,4712.41,4712.35,4712.35,49.921,1777174199999,235246.25352,179,26.727,125947.27082,0
1777174200000,4712.36,4712.36,4712.03,4712.03,105.936,1777175099999,499190.85922,240,15.856,74718.56704,0
1777175100000,4712.04,4712.04,4711.61,4711.62,167.838,1777175999999,790824.08380,1057,67.619,318610.59237,0
1777176000000,4711.61,4712.52,4711.61,4712.52,150.813,1777176899999,710633.89181,686,116.129,547198.13284,0
1777176900000,4712.51,4712.52,4712.42,4712.44,152.684,1777177799999,719514.81987,656,63.498,299229.94826,0
1777177800000,4712.44,4712.75,4712.43,4712.54,222.491,1777178699999,1048511.43696,656,115.328,543486.95742,0
1777178700000,4712.54,4713.00,4712.53,4712.99,145.686,1777179599999,686596.90410,827,109.253,514888.96513,0
1777179600000,4712.99,4712.99,4712.97,4712.99,145.064,1777180499999,683684.47954,520,100.282,472627.83948,0
1777180500000,4712.99,4712.99,4712.98,4712.99,94.927,1777181399999,447389.92955,370,87.709,413371.63991,0
1777181400000,4712.99,4712.99,4712.98,4712.99,73.320,1777182299999,345556.17213,294,47.853,225530.71047,0
1777182300000,4712.99,4712.99,4712.98,4712.99,103.803,1777183199999,489221.77411,759,31.117,146654.10983,0
1777183200000,4712.99,4712.99,4712.98,4712.99,7.967,1777184099999,37548.36218,307,5.052,23810.02548,0
1777184100000,4712.98,4712.99,4712.98,4712.98,28.381,1777184999999,133759.10203,95,1.665,7847.12835,0
1777185000000,4712.98,4712.99,4712.97,4712.97,123.096,1777185899999,580148.77492,216,74.234,349863.35737,0
1777185900000,4712.98,4712.98,4712.56,4712.57,69.880,1777186799999,329331.51416,177,27.556,129864.47915,0
1777186800000,4712.57,4712.57,4712.49,4712.49,47.070,1777187699999,221818.90382,367,5.703,26875.68199,0
1777187700000,4712.50,4712.50,4712.49,4712.50,33.672,1777188599999,158679.14391,244,18.063,85121.88750,0
1777188600000,4712.50,4712.50,4712.48,4712.48,37.535,1777189499999,176883.51302,401,21.120,99527.99567,0
1777189500000,4712.49,4712.49,4712.04,4712.23,221.616,1777190399999,1044274.49339,735,170.865,805128.95065,0
1777190400000,4712.24,4712.98,4712.23,4712.97,181.659,1777191299999,856106.08035,748,150.436,708955.36236,0
1777191300000,4712.98,4712.98,4712.97,4712.97,91.975,1777192199999,433476.05326,615,63.751,300457.18798,0
1777192200000,4712.98,4713.00,4712.98,4712.99,468.745,1777193099999,2209193.69575,503,450.188,2121734.86625,0
1777193100000,4713.00,4713.60,4712.99,4713.59,582.950,1777193999999,2747501.95296,914,549.259,2588712.67877,0
1777194000000,4713.60,4713.60,4713.59,4713.59,56.697,1777194899999,267246.66704,353,25.481,120107.24160,0
1777194900000,4713.59,4713.60,4712.29,4712.59,374.100,1777195799999,1763162.01282,2512,88.790,418429.73318,0
1777195800000,4712.60,4712.88,4712.59,4712.87,134.476,1777196699999,633743.45291,509,65.773,309968.22196,0
1777196700000,4712.88,4712.88,4712.60,4712.60,94.232,1777197599999,444098.35066,468,34.707,163568.47221,0
1777197600000,4712.61,4712.61,4712.49,4712.49,295.396,1777198499999,1392076.87006,756,164.849,776864.87502,0
1777198500000,4712.50,4712.74,4712.49,4712.73,137.876,1777199399999,649745.53291,567,85.701,403869.11195,0
1777199400000,4712.73,4713.00,4712.73,4713.00,62.878,1777200299999,296336.25336,418,42.396,199806.41050,0
1777200300000,4713.00,4713.02,4712.99,4713.02,94.512,1777201199999,445435.07585,910,45.379,213871.38816,0
1777201200000,4713.02,4713.02,4713.01,4713.01,61.377,1777202099999,289270.62639,687,21.162,99736.92924,0
1777202100000,4713.02,4713.59,4713.01,4713.59,196.020,1777202999999,923868.70923,794,111.212,524158.18514,0
1777203000000,4713.58,4713.69,4713.32,4713.32,162.151,1777203899999,764314.50574,655,44.520,209851.53205,0
1777203900000,4713.32,4713.33,4712.91,4712.92,113.383,1777204799999,534373.06245,728,17.146,80808.33394,0
1777204800000,4712.91,4713.33,4712.91,4713.33,107.699,1777205699999,507579.71261,1006,61.418,289460.94068,0
1777205700000,4713.33,4713.51,4713.32,4713.51,132.388,1777206599999,624010.66829,875,86.271,406638.26677,0
1777206600000,4713.50,4713.51,4713.50,4713.50,84.651,1777207499999,399002.99793,553,50.943,240120.33993,0
1777207500000,4713.51,4713.51,4713.24,4713.25,132.569,1777208399999,624848.25775,671,53.243,250953.17104,0
1777208400000,4713.25,4713.25,4713.21,4713.22,164.352,1777209299999,774630.33837,726,45.351,213750.48639,0
1777209300000,4713.21,4713.22,4712.91,4712.91,106.550,1777210199999,502168.45634,619,54.734,257959.00261,0
1777210200000,4712.92,4712.92,4712.91,4712.92,82.964,1777211099999,391002.49830,653,63.306,298356.11352,0
1777211100000,4712.92,4713.22,4712.91,4713.22,94.757,1777211999999,446591.02955,505,72.707,342670.26197,0
1777212000000,4713.22,4713.80,4713.21,4713.79,110.267,1777212899999,519736.44704,530,79.669,375515.95133,0
1777212900000,4713.79,4714.36,4713.79,4714.35,188.475,1777213799999,888457.96178,1028,158.432,746836.40867,0
1777213800000,4714.35,4714.36,4713.55,4713.55,143.139,1777214699999,674765.98410,510,44.448,209533.19304,0
1777214700000,4713.55,4713.56,4712.99,4713.03,200.663,1777215599999,945748.51329,669,80.705,380367.66356,0
1777215600000,4713.04,4713.04,4712.33,4712.41,256.770,1777216499999,1210109.90550,1075,94.486,445291.41364,0
1777216500000,4712.41,4712.43,4712.04,4712.04,273.773,1777217399999,1290094.22135,820,109.593,516431.02230,0
1777217400000,4712.05,4712.05,4711.51,4711.75,250.413,1777218299999,1179892.41673,717,83.612,393950.07819,0
1777218300000,4711.76,4711.76,4711.44,4711.45,149.332,1777219199999,703607.61524,477,66.674,314149.18899,0
1777219200000,4711.44,4713.36,4711.44,4711.64,467.917,1777220099999,2205023.26886,1258,237.325,1118356.39273,0
1777220100000,4711.65,4712.76,4711.64,4712.75,215.494,1777220999999,1015475.57260,600,161.065,758979.11362,0
1777221000000,4712.76,4714.17,4712.75,4714.09,257.860,1777221899999,1215450.10812,727,143.801,677812.49453,0
1777221900000,4714.09,4714.50,4714.09,4714.49,162.784,1777222799999,767383.16926,529,58.775,277073.04904,0
1777222800000,4714.49,4717.92,4714.49,4715.82,561.178,1777223699999,2646761.15881,1514,415.664,1960512.86122,0
1777223700000,4715.83,4716.49,4715.82,4716.49,217.191,1777224599999,1024340.16923,596,162.289,765405.74186,0
1777224600000,4716.48,4720.95,4716.48,4720.94,582.164,1777225499999,2747228.49852,1336,469.551,2215721.10443,0
1777225500000,4720.95,4720.95,4717.83,4717.89,326.547,1777226399999,1540998.32616,1062,116.645,550384.39052,0
1777226400000,4717.89,4719.42,4717.88,4719.41,163.685,1777227299999,772336.89516,686,113.206,534162.04966,0
1777227300000,4719.42,4723.41,4719.41,4720.64,447.332,1777228199999,2112203.87324,1691,190.474,899242.58773,0
1777228200000,4720.64,4720.65,4717.50,4717.51,239.197,1777229099999,1128693.58005,898,67.524,318611.83083,0
1777229100000,4717.50,4717.51,4716.80,4716.80,150.014,1777229999999,707655.78044,613,66.727,314770.02907,0
1777230000000,4716.80,4717.00,4716.52,4716.60,191.872,1777230899999,905005.03895,1018,70.552,332771.31966,0
1777230900000,4716.59,4718.25,4713.85,4715.17,611.839,1777231799999,2885629.43132,1473,197.963,933604.89196,0
1777231800000,4715.17,4715.53,4714.55,4714.69,168.625,1777232699999,795051.23067,640,71.136,335394.70127,0
1777232700000,4714.68,4715.13,4713.85,4714.91,194.980,1777233599999,919174.32862,708,86.067,405728.95476,0
1777233600000,4714.89,4718.86,4714.89,4717.48,439.972,1777234499999,2075477.46910,1241,309.716,1460939.55944,0
1777234500000,4717.47,4718.29,4717.47,4718.28,66.201,1777235399999,312332.93138,550,34.885,164585.37206,0
1777235400000,4718.29,4718.99,4715.05,4715.41,192.215,1777236299999,906754.25452,1389,55.135,260076.05014,0
1777236300000,4715.41,4717.39,4715.41,4717.39,100.145,1777237199999,472315.53907,622,69.945,329881.12567,0
1777237200000,4717.39,4717.66,4716.07,4717.00,271.557,1777238099999,1280867.14435,856,130.507,615555.16283,0
1777238100000,4717.00,4717.01,4715.00,4715.64,268.300,1777238999999,1265378.93194,726,91.710,432496.98410,0
1777239000000,4715.65,4716.00,4710.62,4712.01,456.592,1777239899999,2152166.62054,1932,182.295,859252.26254,0
1777239900000,4712.00,4713.09,4709.32,4712.51,364.631,1777240799999,1717927.63050,2234,169.720,799619.29665,0
1777240800000,4712.50,4712.51,4683.13,4688.83,9552.204,1777241699999,44856503.83063,19801,4947.736,23231002.24838,0
1777241700000,4688.83,4691.64,4686.22,4689.99,3090.247,1777242599999,14489057.44856,6339,1632.836,7655610.88707,0
1777242600000,4689.98,4689.98,4684.49,4687.20,2688.442,1777243499999,12603941.04786,4723,1530.471,7175115.76166,0
1777243500000,4687.20,4688.67,4684.65,4687.38,1194.933,1777244399999,5601011.79017,2692,800.025,3750013.80212,0
1777244400000,4687.32,4688.28,4681.44,4687.01,2610.286,1777245299999,12230372.46925,4709,1579.492,7401331.66262,0
1777245300000,4687.01,4687.82,4680.50,4680.50,1845.363,1777246199999,8645955.70142,3280,750.612,3516891.87734,0
1777246200000,4680.50,4683.22,4677.14,4680.25,2000.850,1777247099999,9364905.78054,4864,936.349,4382728.35614,0
1777247100000,4680.24,4685.64,4680.24,4683.20,1386.242,1777247999999,6492167.69222,3044,844.448,3954529.29654,0
1777248000000,4683.21,4684.12,4676.16,4683.13,2623.753,1777248899999,12279999.55771,5335,1457.214,6820632.41276,0
1777248900000,4683.14,4685.04,4680.05,4684.09,1931.683,1777249799999,9045628.86228,3842,1187.442,5560974.73799,0
1777249800000,4684.09,4684.72,4680.36,4683.69,871.710,1777250699999,4081802.14303,2676,602.408,2820689.79297,0
1777250700000,4683.69,4700.88,4683.69,4700.76,2639.680,1777251599999,12388184.64891,5616,1949.792,9150394.67900,0
1777251600000,4700.76,4711.35,4695.31,4695.54,5460.673,1777252499999,25689962.46566,11792,2261.013,10635862.70127,0
1777252500000,4695.54,4701.74,4693.68,4700.63,1408.622,1777253399999,6618051.09454,5223,874.631,4109573.80930,0
1777253400000,4700.85,4703.36,4698.81,4699.86,1497.863,1777254299999,7041091.48672,4121,612.269,2878038.55322,0
1777254300000,4699.86,4708.19,4699.86,4704.84,1360.846,1777255199999,6401811.81247,4069,816.108,3839416.28895,0
1777255200000,4704.83,4708.29,4698.36,4701.84,1235.203,1777256099999,5808195.91651,3781,454.109,2135529.73781,0
1777256100000,4701.84,4709.99,4701.30,4707.64,1092.369,1777256999999,5142089.37847,3373,414.455,1950568.60158,0
1777257000000,4707.64,4716.36,4706.34,4715.18,1681.803,1777257899999,7925776.39577,5075,777.697,3664846.04393,0
1777257900000,4715.18,4725.25,4714.45,4720.68,3191.448,1777258799999,15065450.75801,6696,1748.893,8254966.91998,0
1777258800000,4720.67,4724.54,4718.67,4719.61,1950.067,1777259699999,9207877.58622,4882,647.692,3058466.43335,0
1777259700000,4719.61,4719.95,4716.50,4717.20,1140.614,1777260599999,5381909.88299,3176,213.771,1008634.56468,0
1777260600000,4717.16,4730.93,4717.16,4730.12,2645.869,1777261499999,12498594.01719,5267,1296.176,6121498.92060,0
1777261500000,4730.11,4730.72,4724.51,4726.19,1287.986,1777262399999,6088969.48835,3572,397.462,1878997.93609,0
1777262400000,4726.19,4729.45,4725.60,4729.44,931.291,1777263299999,4403204.10520,3174,465.390,2200441.33829,0
1777263300000,4729.45,4729.56,4726.62,4728.68,956.139,1777264199999,4520584.56712,2174,264.401,1250069.67619,0
1777264200000,4728.67,4731.55,4727.16,4727.93,1030.829,1777265099999,4874868.22971,2779,367.492,1737934.61705,0
1777265100000,4727.93,4727.94,4724.35,4726.56,1116.898,1777265999999,5278252.37289,2740,332.381,1570883.77309,0
1777266000000,4726.56,4727.00,4719.69,4719.70,1468.531,1777266899999,6935237.90109,3433,597.927,2823472.27095,0
1777266900000,4719.69,4722.15,4717.40,4720.52,1421.755,1777267799999,6710085.38195,3978,599.388,2828942.67238,0
1777267800000,4720.53,4720.54,4711.28,4714.02,2314.614,1777268699999,10911436.66640,5525,1044.243,4922796.31719,0
1777268700000,4714.03,4715.92,4711.64,4712.56,869.686,1777269599999,4099402.07305,3265,458.911,2163164.33545,0
1777269600000,4712.56,4717.48,4711.53,4717.21,1403.456,1777270499999,6617054.54949,4117,1004.561,4736352.08915,0
1777270500000,4717.21,4717.60,4713.64,4716.47,651.365,1777271399999,3071805.76667,3711,318.002,1499649.05296,0
1777271400000,4716.47,4716.47,4711.13,4712.76,1453.741,1777272299999,6852115.00962,4251,569.167,2682790.56234,0
1777272300000,4712.77,4717.62,4712.40,4714.79,1041.286,1777273199999,4910227.65317,3481,445.852,2102391.57764,0
1777273200000,4714.80,4719.72,4713.18,4718.64,1325.867,1777274099999,6255010.91638,4367,590.048,2783469.82134,0
1777274100000,4718.64,4719.90,4715.00,4718.15,831.547,1777274999999,3922861.04329,3339,420.084,1981797.46970,0
1777275000000,4718.16,4719.15,4715.76,4717.64,1394.039,1777275899999,6575937.49626,3504,875.210,4128283.76839,0
1777275900000,4717.64,4719.15,4713.20,4715.90,1778.954,1777276799999,8389725.82898,3236,989.145,4664924.00034,0
1777276800000,4715.90,4716.54,4712.64,4713.25,1695.740,1777277699999,7994041.61829,5417,940.529,4433692.25368,0
1777277700000,4713.31,4715.50,4711.78,4712.33,1512.750,1777278599999,7130379.30651,4787,713.159,3361466.73396,0
1777278600000,4712.33,4713.60,4708.00,4713.59,2192.170,1777279499999,10326352.70270,4885,753.933,3551405.48174,0
1777279500000,4713.60,4717.20,4708.83,4709.76,2422.479,1777280399999,11416375.80254,4282,1512.991,7130169.97498,0
1777280400000,4709.76,4710.90,4705.62,4707.89,1654.084,1777281299999,7788331.60087,4204,874.149,4116108.49027,0
1777281300000,4707.89,4709.13,4704.48,4704.94,1200.530,1777282199999,5651357.78745,2991,477.230,2246513.91781,0
1777282200000,4704.94,4707.91,4702.40,4707.14,1862.114,1777283099999,8762515.00032,4997,1013.332,4768339.05247,0
1777283100000,4707.15,4707.35,4702.51,4706.64,1888.124,1777283999999,8882992.48915,4107,1077.713,5070455.27658,0
1777284000000,4706.65,4709.52,4704.21,4704.41,1197.825,1777284899999,5638284.44311,3978,556.671,2620255.00999,0
1777284900000,4704.40,4707.98,4702.23,4707.65,909.839,1777285799999,4281350.34371,3458,448.193,2108968.06027,0
1777285800000,4707.66,4713.00,4707.39,4711.44,1801.462,1777286699999,8486877.37574,4485,1008.409,4750488.21501,0
1777286700000,4711.46,4712.80,4709.47,4710.64,1347.975,1777287599999,6350931.85553,4396,716.358,3375022.48997,0
1777287600000,4710.65,4710.99,4706.00,4706.00,1497.846,1777288499999,7052530.18078,4542,596.393,2808098.95327,0
1777288500000,4706.00,4708.99,4703.00,4707.64,1515.516,1777289399999,7131037.17849,5538,775.382,3648323.61629,0
1777289400000,4707.64,4709.83,4703.00,4704.79,1958.575,1777290299999,9218205.37186,5028,982.400,4623633.00360,0
1777290300000,4704.80,4707.30,4703.65,4706.87,820.011,1777291199999,3858564.67442,3668,443.998,2089076.54972,0
1777291200000,4706.88,4711.11,4705.20,4711.11,1593.759,1777292099999,7502886.61480,5572,729.531,3434282.03920,0
1777292100000,4711.10,4715.21,4705.14,4708.70,2950.750,1777292999999,13902856.81308,8090,1732.488,8162967.65682,0
1777293000000,4708.70,4709.88,4700.13,4701.73,2914.355,1777293899999,13708887.30691,7228,1373.208,6459022.39476,0
1777293900000,4701.72,4706.97,4700.15,4702.05,2614.616,1777294799999,12298351.76657,6897,1498.790,7049575.31077,0
1777294800000,4702.05,4703.60,4696.33,4698.24,4425.912,1777295699999,20797054.72041,11295,2359.470,11086293.57689,0
1777295700000,4698.24,4705.20,4698.04,4702.42,1877.868,1777296599999,8829462.81581,6112,1080.457,5080248.47900,0
1777296600000,4702.41,4704.89,4692.05,4695.63,3781.206,1777297499999,17760748.08938,12133,1601.514,7522499.34342,0
1777297500000,4695.63,4699.77,4692.50,4698.97,2851.258,1777298399999,13389477.61090,9722,1460.093,6856564.09799,0
1777298400000,4698.97,4699.27,4691.37,4695.58,2995.422,1777299299999,14064598.36754,9798,1409.913,6619640.30423,0
1777299300000,4695.58,4698.77,4690.00,4692.31,2626.102,1777300199999,12329248.11495,8531,1378.595,6472291.91375,0
1777300200000,4692.31,4699.69,4687.11,4696.69,5309.039,1777301099999,24914397.31784,11448,2627.756,12332700.40657,0
1777301100000,4696.69,4696.94,4680.21,4681.90,4764.403,1777301999999,22326443.82224,10466,2224.722,10425290.82752,0
1777302000000,4681.90,4682.85,4671.12,4678.07,7673.014,1777302899999,35883146.36434,14654,4130.989,19318785.27967,0
1777302900000,4678.07,4683.63,4675.00,4683.63,2880.071,1777303799999,13474200.96265,9750,1612.018,7541885.17021,0
1777303800000,4683.63,4685.30,4680.00,4681.08,3098.999,1777304699999,14510936.19394,7307,1687.153,7899898.74176,0
1777304700000,4681.01,4681.05,4670.92,4673.55,3114.376,1777305599999,14561430.73809,7734,1228.527,5744331.52479,0
1777305600000,4673.56,4677.78,4670.40,4677.07,2331.216,1777306499999,10896927.82902,7652,1267.405,5923831.06812,0
1777306500000,4677.06,4680.36,4676.95,4679.33,1791.458,1777307399999,8381962.15158,5227,934.741,4373249.55061,0
1777307400000,4679.33,4682.00,4677.72,4677.72,1179.811,1777308299999,5522007.70527,4748,472.376,2210913.79980,0
1777308300000,4677.73,4680.70,4677.73,4679.53,1211.476,1777309199999,5669007.13866,3722,606.762,2839201.07041,0
1777309200000,4679.53,4681.12,4674.57,4676.22,1967.295,1777310099999,9202585.55015,5950,887.205,4150156.15871,0
1777310100000,4676.22,4683.36,4671.89,4683.36,2247.065,1777310999999,10511305.98391,7237,1254.047,5866495.08711,0
1777311000000,4683.36,4688.40,4682.76,4686.28,2262.354,1777311899999,10601165.06790,6256,1156.313,5418000.53464,0
1777311900000,4686.28,4687.40,4684.89,4685.93,604.851,1777312799999,2834447.11607,3654,326.083,1528050.77304,0
1777312800000,4685.93,4686.23,4682.80,4685.49,802.786,1777313699999,3761035.04395,3772,385.778,1807291.02131,0
1777313700000,4685.47,4688.94,4684.60,4687.85,874.720,1777314599999,4099654.91352,3606,502.419,2354644.00098,0
1777314600000,4687.84,4688.80,4686.48,4686.67,565.364,1777315499999,2650187.68623,2780,319.623,1498241.64640,0
1777315500000,4686.68,4688.39,4685.05,4685.15,758.862,1777316399999,3556352.64656,2898,294.324,1379363.65028,0
1777316400000,4685.15,4685.15,4682.44,4684.37,541.335,1777317299999,2535589.26465,2916,295.868,1385765.86815,0
1777317300000,4684.38,4686.60,4684.24,4686.11,365.820,1777318199999,1714025.69225,2099,205.307,961930.26980,0
1777318200000,4686.11,4686.11,4680.66,4683.79,841.560,1777319099999,3940921.67606,3854,438.549,2053646.27004,0
1777319100000,4683.66,4685.22,4682.80,4684.45,871.684,1777319999999,4082884.76936,4023,473.737,2218862.58212,0
1777320000000,4684.46,4684.89,4681.38,4683.20,632.782,1777320899999,2963234.31096,2498,377.434,1767444.63831,0
1777320900000,4683.21,4684.17,4682.63,4683.72,328.025,1777321799999,1536282.81825,1294,228.743,1071294.66133,0
1777321800000,4683.72,4683.94,4682.28,4683.25,474.624,1777322699999,2222704.02682,1897,203.904,954866.13164,0
1777322700000,4683.24,4686.33,4682.58,4686.32,474.652,1777323599999,2223074.48528,2813,294.715,1380325.26086,0
1777323600000,4686.32,4686.93,4686.32,4686.51,233.266,1777324499999,1093233.85942,855,135.223,633733.23295,0
1777324500000,4686.50,4687.27,4686.29,4687.26,146.801,1777325399999,688009.95316,732,103.672,485880.29200,0
1777325400000,4687.26,4687.87,4686.56,4687.03,187.066,1777326299999,876823.89778,1290,121.004,567175.88456,0
1777326300000,4687.03,4690.00,4687.02,4687.90,264.911,1777327199999,1242109.37149,1982,175.384,822323.98086,0
1777327200000,4687.91,4692.93,4685.62,4691.83,2168.522,1777328099999,10168166.95662,6146,1293.375,6064340.01645,0
1777328100000,4691.84,4692.14,4690.28,4691.53,601.052,1777328999999,2819514.59339,2674,322.540,1513006.57404,0
1777329000000,4691.53,4692.11,4689.38,4689.53,466.824,1777329899999,2189738.12827,1836,267.577,1255140.54586,0
1777329900000,4689.52,4690.87,4688.90,4690.55,293.698,1777330799999,1377353.46212,1307,171.163,802675.13863,0
1777330800000,4690.55,4692.29,4689.68,4692.29,368.155,1777331699999,1726937.53983,1800,244.259,1145780.62209,0
1777331700000,4692.29,4694.21,4692.09,4693.37,499.112,1777332599999,2342481.67146,1879,332.742,1561648.53117,0
1777332600000,4693.32,4696.58,4693.32,4696.44,703.344,1777333499999,3302221.88392,2019,470.245,2207832.29045,0
1777333500000,4696.44,4697.91,4693.94,4693.94,866.652,1777334399999,4069929.71068,2172,343.981,1615476.17249,0
1777334400000,4693.94,4703.12,4693.94,4699.92,1681.012,1777335299999,7899516.90830,4438,676.220,3177584.18611,0
1777335300000,4699.92,4701.12,4694.20,4696.53,1720.161,1777336199999,8080569.20857,4134,535.006,2513418.67716,0
1777336200000,4696.53,4696.71,4694.00,4695.19,2101.139,1777337099999,9865147.92371,4352,582.207,2733500.89847,0
1777337100000,4695.19,4696.32,4692.31,4692.39,1200.769,1777337999999,5637291.77372,3261,599.886,2816436.40499,0
1777338000000,4692.39,4692.84,4685.96,4689.96,2532.528,1777338899999,11877843.78314,8578,1065.072,4995390.50595,0
1777338900000,4689.96,4692.42,4688.07,4690.15,1118.329,1777339799999,5245374.90437,4524,472.643,2216984.56452,0
1777339800000,4690.14,4693.92,4686.09,4690.44,2158.193,1777340699999,10122370.44146,6037,1224.071,5741336.37049,0
1777340700000,4690.44,4690.44,4670.89,4673.48,5020.254,1777341599999,23496374.08497,10236,1752.238,8199759.16763,0
1777341600000,4673.47,4680.49,4669.18,4680.00,5308.932,1777342499999,24811458.63632,10477,3419.354,15981619.42763,0
1777342500000,4680.00,4683.07,4676.70,4677.51,1837.640,1777343399999,8600511.19001,5680,945.559,4425530.99660,0
1777343400000,4677.52,4677.52,4672.43,4672.59,1975.142,1777344299999,9233062.87625,6539,830.327,3881397.54884,0
1777344300000,4672.58,4673.43,4669.20,4671.55,2753.956,1777345199999,12866033.63753,7486,1175.500,5491627.29335,0
1777345200000,4671.55,4676.44,4671.36,4675.14,1499.016,1777346099999,7006318.11278,5650,877.826,4102746.53472,0
1777346100000,4675.15,4678.44,4673.56,4677.73,1322.121,1777346999999,6182006.69823,4864,648.208,3031005.16605,0
1777347000000,4677.74,4678.38,4674.14,4674.15,1149.134,1777347899999,5373518.23188,3582,369.891,1729504.33588,0
1777347900000,4674.15,4674.36,4671.84,4673.18,938.440,1777348799999,4385762.98616,3227,402.290,1880013.47972,0
1777348800000,4673.18,4673.72,4669.20,4672.41,1828.454,1777349699999,8540011.42880,5292,957.458,4471910.46291,0
1777349700000,4672.46,4672.46,4668.61,4669.64,989.970,1777350599999,4623339.23374,3008,425.805,1988532.96157,0
1777350600000,4669.64,4671.99,4668.54,4671.98,1211.403,1777351499999,5657773.89142,4213,678.194,3167481.03874,0
1777351500000,4671.99,4672.26,4669.92,4670.00,678.634,1777352399999,3169934.06231,2701,250.811,1171531.59261,0
1777352400000,4670.01,4670.47,4651.39,4655.64,7594.902,1777353299999,35376884.67690,16975,3367.086,15679141.27659,0
1777353300000,4655.58,4661.86,4654.68,4660.99,2232.480,1777354199999,10400120.29801,6594,1246.455,5806490.86305,0
1777354200000,4660.99,4660.99,4628.56,4628.91,12972.431,1777355099999,60211317.49116,30538,5187.575,24081758.89539,0
1777355100000,4628.92,4637.79,4627.54,4635.85,7224.646,1777355999999,33469528.07088,17226,4250.067,19688446.62540,0
1777356000000,4635.85,4645.00,4630.22,4643.04,4107.150,1777356899999,19049822.06711,14215,2147.834,9962693.21622,0
1777356900000,4643.04,4643.28,4625.01,4634.76,5438.243,1777357799999,25193642.53547,14069,2002.319,9275831.70143,0
1777357800000,4634.76,4637.48,4628.52,4631.90,4948.574,1777358699999,22925353.63235,13941,2141.101,9919197.74466,0
1777358700000,4631.90,4634.96,4627.04,4632.32,4800.500,1777359599999,22231514.18391,14619,2465.999,11420006.61442,0
1777359600000,4632.32,4642.18,4631.02,4637.04,3806.061,1777360499999,17648827.48632,13396,2116.223,9812349.44650,0
1777360500000,4637.03,4637.52,4630.36,4632.77,2479.675,1777361399999,11490042.52446,10283,1110.695,5146437.10182,0
1777361400000,4632.78,4638.33,4629.74,4632.80,2543.461,1777362299999,11783887.92334,11698,1217.086,5638817.22032,0
1777362300000,4632.80,4635.90,4623.49,4635.68,3614.921,1777363199999,16737683.47881,14020,1727.315,7998288.48623,0
1777363200000,4635.68,4636.13,4618.00,4623.73,7896.804,1777364099999,36516141.56723,23710,3550.851,16419735.17278,0
1777364100000,4623.73,4630.64,4623.12,4630.64,3592.218,1777364999999,16615977.13450,11570,2113.535,9775847.57660,0
1777365000000,4630.64,4638.12,4630.02,4631.15,3848.413,1777365899999,17832390.72195,12614,2047.992,9489639.33920,0
1777365900000,4631.15,4633.49,4627.52,4632.91,3084.449,1777366799999,14281999.44199,9873,1246.970,5773786.32276,0
1777366800000,4632.91,4632.96,4625.16,4628.90,2347.718,1777367699999,10866906.47761,9399,1143.156,5291176.58303,0
1777367700000,4628.95,4629.52,4617.41,4621.68,4474.282,1777368599999,20679447.38050,12208,2309.188,10672912.18359,0
1777368600000,4621.67,4622.39,4612.01,4617.56,6311.633,1777369499999,29134238.87449,14830,3181.676,14686244.56108,0
1777369500000,4617.56,4618.73,4608.55,4608.77,4402.968,1777370399999,20312932.01056,12170,2215.128,10219718.61113,0
1777370400000,4608.77,4616.72,4608.36,4615.67,4027.225,1777371299999,18579474.18479,10176,2654.664,12247041.39695,0
1777371300000,4615.67,4619.60,4614.29,4615.37,3328.521,1777372199999,15365711.10157,8763,1690.922,7805460.24256,0
1777372200000,4615.37,4618.40,4614.84,4615.90,2762.666,1777373099999,12755085.41115,8171,1405.005,6486600.09491,0
1777373100000,4615.90,4618.16,4606.75,4606.91,3984.737,1777373999999,18377971.90752,11675,1803.797,8319656.06498,0
1777374000000,4606.90,4611.47,4600.96,4601.67,6697.817,1777374899999,30849920.19327,17992,2978.422,13718976.57097,0
1777374900000,4601.66,4607.00,4596.55,4601.91,9119.985,1777375799999,41960754.21229,19448,4052.598,18646524.12227,0
1777375800000,4601.91,4602.15,4571.04,4575.26,17214.238,1777376699999,78864297.15052,33616,7799.685,35725635.65534,0
1777376700000,4575.26,4576.99,4558.40,4566.73,15409.050,1777377599999,70351152.81414,33951,7435.253,33945201.98486,0
1777377600000,4566.73,4583.99,4558.92,4583.99,11244.797,1777378499999,51426600.11684,26905,6083.427,27821458.45833,0
1777378500000,4584.00,4599.66,4576.58,4583.29,13470.510,1777379399999,61779052.92771,30794,6294.813,28869681.17327,0
1777379400000,4583.29,4591.73,4574.10,4590.08,9523.873,1777380299999,43668399.88766,24050,5011.129,22976274.68181,0
1777380300000,4590.07,4602.24,4587.77,4596.52,10132.286,1777381199999,46588170.38616,24848,4758.729,21878832.35308,0
1777381200000,4596.52,4596.76,4574.68,4579.88,11435.511,1777382099999,52421722.75430,27887,5612.582,25724478.74949,0
1777382100000,4579.88,4587.30,4575.63,4584.92,8799.486,1777382999999,40309897.85937,22958,4308.901,19738787.26170,0
1777383000000,4584.84,4594.58,4574.00,4585.48,11221.906,1777383899999,51429621.92902,33417,5746.406,26337127.19660,0
1777383900000,4585.48,4595.55,4578.12,4583.75,9818.502,1777384799999,45037232.84802,27970,4996.128,22917439.36729,0
1777384800000,4583.74,4583.74,4568.44,4572.81,11654.398,1777385699999,53316685.36121,29636,5876.935,26884595.97404,0
1777385700000,4572.82,4581.55,4568.02,4575.48,7695.109,1777386599999,35198775.39822,21726,3786.831,17322618.31132,0
1777386600000,4575.48,4581.76,4561.80,4568.43,9244.118,1777387499999,42241051.39451,23295,4655.060,21271469.20921,0
1777387500000,4568.43,4578.32,4562.41,4578.17,9875.590,1777388399999,45120770.89201,23687,5608.271,25623992.68701,0
1777388400000,4578.27,4584.60,4573.68,4576.23,7007.592,1777389299999,32088647.48122,19047,3346.042,15321920.56470,0
1777389300000,4576.23,4580.28,4570.51,4580.04,3974.951,1777390199999,18188890.00395,12874,1859.259,8507936.00238,0
1777390200000,4580.03,4584.24,4573.83,4581.29,4818.444,1777391099999,22066106.96490,13983,2342.577,10728970.45611,0
1777391100000,4581.29,4589.20,4579.77,4589.20,4165.710,1777391999999,19101044.98234,12979,2408.964,11045228.97437,0
1777392000000,4589.21,4589.61,4585.25,4588.19,3277.164,1777392899999,15032962.04308,9619,1553.584,7126469.04246,0
1777392900000,4588.19,4588.49,4581.45,4585.88,4023.082,1777393799999,18445321.02983,10559,1475.967,6767467.66338,0
1777393800000,4585.87,4590.00,4583.51,4587.76,2635.903,1777394699999,12090205.91088,8375,1329.063,6096294.48683,0
1777394700000,4587.76,4597.30,4587.05,4595.18,4120.052,1777395599999,18925921.04011,11240,2238.757,10283127.44613,0
1777395600000,4595.19,4597.10,4591.65,4596.19,2207.018,1777396499999,10139763.30012,8919,950.588,4367247.83847,0
1777396500000,4596.19,4599.91,4590.09,4597.08,2971.833,1777397399999,13655038.46500,10186,1529.065,7026540.19049,0
1777397400000,4597.09,4604.63,4597.08,4602.08,4166.743,1777398299999,19171286.18660,9879,2287.020,10522755.87016,0
1777398300000,4602.08,4602.70,4597.20,4597.61,1723.697,1777399199999,7929379.58612,6553,685.868,3155017.79323,0
1777399200000,4597.61,4601.19,4595.17,4598.62,1347.871,1777400099999,6197887.44917,5878,779.966,3586466.63205,0
1777400100000,4598.62,4603.07,4598.61,4601.56,1419.091,1777400999999,6529410.29873,6608,737.360,3392687.04661,0
1777401000000,4601.56,4601.80,4596.32,4600.42,1026.186,1777401899999,4719401.97517,4624,474.060,2180108.19798,0
1777401900000,4600.31,4601.00,4596.18,4597.11,811.494,1777402799999,3732257.40694,3852,345.154,1587427.91654,0
1777402800000,4597.12,4600.99,4596.80,4598.77,1020.761,1777403699999,4694710.93124,4297,515.077,2368861.87361,0
1777403700000,4598.77,4599.83,4597.00,4599.25,918.477,1777404599999,4223474.41791,3922,472.607,2173186.07639,0
1777404600000,4599.25,4602.48,4597.80,4602.01,725.443,1777405499999,3337114.46890,3030,403.719,1857175.00231,0
1777405500000,4602.01,4602.74,4597.48,4599.43,3987.934,1777406399999,18349251.68492,5860,1694.499,7796183.42943,0
1777406400000,4599.44,4602.28,4598.80,4600.88,848.857,1777407299999,3905399.04512,3350,423.065,1946407.96136,0
1777407300000,4600.88,4601.35,4593.85,4596.63,1324.690,1777408199999,6089066.68376,4119,381.592,1754071.94809,0
1777408200000,4596.63,4599.70,4596.62,4598.23,755.178,1777409099999,3472684.64663,2666,436.928,2009143.70452,0
1777409100000,4598.23,4601.95,4596.73,4600.03,921.448,1777409999999,4238398.74823,3022,471.763,2169924.86895,0
1777410000000,4600.03,4601.02,4598.84,4600.31,895.928,1777410899999,4121132.14189,1479,678.013,3118746.04107,0
1777410900000,4600.30,4601.56,4599.99,4600.84,286.244,1777411799999,1316894.11656,1197,169.336,779016.36772,0
1777411800000,4600.84,4600.92,4598.22,4598.77,412.766,1777412699999,1898787.37690,1269,182.594,840022.20098,0
1777412700000,4598.77,4603.22,4598.77,4603.21,170.873,1777413599999,786266.90746,1360,129.581,596277.00398,0
1777413600000,4603.21,4603.21,4597.88,4599.95,1890.359,1777414499999,8696350.25461,5956,894.901,4117018.15166,0
1777414500000,4599.96,4600.32,4598.05,4598.52,664.897,1777415399999,3058205.67823,2275,355.906,1636989.17569,0
1777415400000,4598.52,4599.84,4595.52,4595.76,925.076,1777416299999,4252662.05004,2295,391.996,1801943.70752,0
1777416300000,4595.75,4597.87,4595.28,4596.79,648.414,1777417199999,2980373.43890,2351,311.311,1430917.69038,0
1777417200000,4596.79,4596.84,4591.68,4593.08,1264.429,1777418099999,5808716.96663,3159,388.966,1786695.73261,0
1777418100000,4593.07,4594.93,4592.76,4594.92,777.360,1777418999999,3571240.49038,2599,278.050,1277378.70056,0
1777419000000,4594.91,4595.88,4590.28,4592.25,980.328,1777419899999,4502069.06069,3132,412.097,1892522.18051,0
1777419900000,4592.24,4598.21,4591.91,4597.88,1375.237,1777420799999,6318994.31560,3145,774.869,3560558.47732,0
1777420800000,4597.87,4613.50,4597.24,4611.32,5508.827,1777421699999,25389725.83775,11088,3420.031,15761154.16912,0
1777421700000,4611.32,4611.32,4601.69,4603.26,1834.269,1777422599999,8447436.46319,6441,804.851,3706440.86412,0
1777422600000,4603.27,4608.12,4602.60,4607.24,1126.091,1777423499999,5185528.12854,4839,639.259,2943804.38415,0
1777423500000,4607.24,4607.54,4599.58,4602.71,1206.774,1777424399999,5554656.84290,5572,509.428,2344864.10206,0
1777424400000,4602.72,4602.72,4578.25,4585.21,7615.167,1777425299999,34935863.20842,20133,2963.553,13596233.03558,0
1777425300000,4585.20,4589.33,4582.33,4583.05,2089.184,1777426199999,9581792.71944,7500,1011.743,4640366.06356,0
1777426200000,4583.05,4593.87,4581.86,4593.04,2143.909,1777427099999,9837516.06338,8367,1107.088,5079721.63576,0
1777427100000,4592.97,4594.30,4583.76,4587.59,2417.925,1777427999999,11090552.67340,6848,1079.798,4952500.58974,0
1777428000000,4587.59,4604.85,4587.59,4603.83,2603.453,1777428899999,11974093.80085,7721,1454.430,6689477.36652,0
1777428900000,4603.84,4606.41,4601.12,4601.78,2282.160,1777429799999,10505489.78026,5911,955.078,4396382.20854,0
1777429800000,4601.78,4604.16,4597.20,4598.87,1723.998,1777430699999,7930858.39936,5678,645.400,2969323.25435,0
1777430700000,4598.88,4603.28,4594.24,4595.90,1424.963,1777431599999,6552409.27740,5136,632.416,2907918.10221,0
1777431600000,4595.89,4605.90,4595.36,4605.06,1952.562,1777432499999,8983927.91413,5744,1303.787,5998950.60345,0
1777432500000,4605.10,4606.25,4600.56,4601.80,909.475,1777433399999,4186657.51998,3956,432.952,1992927.93056,0
1777433400000,4601.79,4601.79,4596.00,4597.17,1455.933,1777434299999,6694957.01377,3386,736.235,3385099.38418,0
1777434300000,4597.18,4599.91,4595.26,4598.55,1358.246,1777435199999,6245132.73893,3852,808.503,3717547.17134,0
1777435200000,4598.56,4605.90,4598.56,4603.99,1039.278,1777436099999,4782898.13544,3552,676.981,3115271.22238,0
1777436100000,4604.00,4604.47,4600.40,4603.99,701.014,1777436999999,3226438.15738,3061,351.036,1615660.59834,0
1777437000000,4603.98,4608.75,4603.19,4605.43,1926.148,1777437899999,8871744.68921,4699,987.841,4549977.21838,0
1777437900000,4605.42,4609.01,4605.42,4608.05,1192.727,1777438799999,5495154.47034,3226,784.126,3612562.25981,0
1777438800000,4608.04,4610.95,4604.20,4604.33,1967.051,1777439699999,9063198.02362,4653,1037.031,4778828.57915,0
1777439700000,4604.34,4606.00,4602.20,4604.33,1144.101,1777440599999,5267110.49448,3391,483.411,2225466.15469,0
1777440600000,4604.34,4605.10,4597.50,4601.55,1649.446,1777441499999,7587955.00840,4790,703.216,3234916.13927,0
1777441500000,4601.55,4605.67,4594.66,4594.66,1763.014,1777442399999,8110250.45260,5798,707.286,3253942.36084,0
1777442400000,4594.66,4601.49,4590.60,4592.16,2476.596,1777443299999,11384024.43593,7714,1062.721,4884172.81949,0
1777443300000,4592.17,4592.28,4585.70,4588.11,3214.086,1777444199999,14750905.24658,7706,1229.333,5641720.40753,0
1777444200000,4588.09,4590.26,4584.37,4588.09,2516.097,1777445099999,11543843.77391,6360,952.604,4370365.14779,0
1777445100000,4588.09,4590.20,4585.24,4588.14,2023.838,1777445999999,9283945.05754,5110,976.078,4477548.42817,0
1777446000000,4588.14,4592.25,4581.84,4583.17,4531.630,1777446899999,20783603.23092,8513,2238.695,10267596.62430,0
1777446900000,4583.18,4584.84,4574.45,4580.01,2910.882,1777447799999,13332410.86017,8826,1345.090,6161328.67489,0
1777447800000,4580.01,4582.68,4574.07,4574.92,2994.556,1777448699999,13710591.74497,8190,1715.878,7856011.63117,0
1777448700000,4574.92,4576.42,4571.62,4571.90,3247.788,1777449599999,14854577.21082,7018,1396.795,6388844.47917,0
1777449600000,4571.91,4576.92,4568.08,4569.03,5059.814,1777450499999,23133416.45083,11960,2434.248,11129867.13719,0
1777450500000,4569.03,4574.93,4569.03,4570.13,2852.877,1777451399999,13043328.64550,9382,1268.487,5799294.45660,0
1777451400000,4570.12,4573.00,4562.00,4572.99,4333.116,1777452299999,19788357.21790,11448,1913.203,8737256.20534,0
1777452300000,4572.98,4580.69,4572.83,4577.44,3296.432,1777453199999,15088199.12511,8037,1899.500,8694073.29213,0
1777453200000,4577.44,4579.98,4574.57,4576.51,3604.995,1777454099999,16501197.56369,7222,1705.726,7807744.52959,0
1777454100000,4576.52,4584.30,4570.20,4570.21,3058.503,1777454999999,14002415.77926,8162,1459.040,6681184.73668,0
1777455000000,4570.20,4574.49,4564.05,4564.05,4264.551,1777455899999,19484675.25356,10148,2192.276,10017381.22430,0
1777455900000,4564.06,4566.70,4556.63,4560.94,7849.339,1777456799999,35796127.07262,14364,3496.768,15948261.80725,0
1777456800000,4560.77,4572.85,4560.23,4572.85,3880.639,1777457699999,17721548.88151,8378,2479.456,11321431.28619,0
1777457700000,4572.85,4577.10,4572.58,4575.83,3618.672,1777458599999,16556212.81067,7826,1746.922,7992344.88398,0
1777458600000,4575.84,4580.60,4568.98,4569.28,3533.770,1777459499999,16169757.73899,7678,1583.590,7247034.93041,0
1777459500000,4569.27,4573.69,4568.04,4573.03,2206.119,1777460399999,10082631.71751,6392,1141.155,5215545.70848,0
1777460400000,4573.03,4575.83,4569.33,4571.25,2724.591,1777461299999,12457526.38967,8035,1429.269,6534927.66719,0
1777461300000,4571.25,4573.36,4568.04,4568.58,1532.386,1777462199999,7004319.84923,5293,682.837,3120812.85890,0
1777462200000,4568.52,4574.90,4567.48,4570.29,1800.077,1777463099999,8228381.10975,5672,800.812,3660151.23087,0
1777463100000,4570.29,4570.38,4563.08,4565.53,2158.588,1777463999999,9855493.30905,5575,1267.523,5786884.75656,0
1777464000000,4565.53,4571.16,4563.92,4568.04,2626.902,1777464899999,11996808.51373,6206,1071.580,4893807.96157,0
1777464900000,4567.88,4572.40,4563.43,4564.29,2667.139,1777465799999,12186330.72666,6932,1260.004,5756886.99383,0
1777465800000,4564.29,4564.30,4555.65,4562.16,5651.290,1777466699999,25768011.55918,11740,2988.488,13626419.13487,0
1777466700000,4562.16,4564.14,4544.17,4548.32,10631.041,1777467599999,48391853.72060,16537,4141.753,18855558.40356,0
1777467600000,4548.32,4557.44,4548.32,4553.98,6178.636,1777468499999,28128515.79373,12638,3220.430,14661415.41333,0
1777468500000,4553.98,4555.54,4538.20,4541.25,10732.117,1777469399999,48753612.21865,17504,5021.737,22809733.27960,0
1777469400000,4541.24,4542.59,4518.53,4519.67,14606.126,1777470299999,66169016.58549,25808,7040.993,31891761.48107,0
1777470300000,4519.67,4534.96,4515.12,4526.31,12205.807,1777471199999,55221212.29987,21835,7391.510,33440438.89175,0
1777471200000,4526.31,4532.54,4522.65,4530.24,8207.217,1777472099999,37159871.06875,16578,4068.121,18419455.00199,0
1777472100000,4530.24,4541.02,4528.37,4536.72,9005.902,1777472999999,40858107.97932,14565,4524.070,20523327.36266,0
1777473000000,4536.73,4546.52,4535.02,4542.82,8048.654,1777473899999,36561576.40905,13951,4190.916,19037415.47036,0
1777473900000,4542.82,4543.82,4536.72,4542.47,5557.188,1777474799999,25232128.09143,9806,2653.174,12045629.84141,0
1777474800000,4542.48,4550.37,4539.05,4540.78,9334.986,1777475699999,42431119.20557,13802,4838.107,21992829.08018,0
1777475700000,4540.79,4548.88,4539.28,4546.42,5476.889,1777476599999,24888690.78204,10336,2390.553,10863074.14228,0
1777476600000,4546.41,4558.40,4543.27,4555.36,7100.503,1777477499999,32325928.84286,14322,3789.657,17253323.53990,0
1777477500000,4555.35,4561.00,4546.03,4550.26,9117.300,1777478399999,41514155.95861,17428,3955.991,18013571.15221,0
1777478400000,4550.26,4567.53,4549.71,4562.23,6662.197,1777479299999,30396408.27546,12071,3496.805,15953703.24873,0
1777479300000,4562.23,4567.00,4560.65,4563.78,2767.400,1777480199999,12628114.88137,7366,944.217,4308766.83844,0
1777480200000,4563.59,4563.59,4550.53,4554.76,4795.887,1777481099999,21846543.53146,9445,2330.345,10614683.49937,0
1777481100000,4554.77,4555.21,4547.43,4548.67,3130.303,1777481999999,14244493.07280,6753,1208.958,5501227.82483,0
1777482000000,4548.73,4555.68,4546.96,4554.50,3038.846,1777482899999,13828406.24904,6023,1515.762,6897966.04734,0
1777482900000,4554.49,4558.20,4550.24,4550.94,3283.794,1777483799999,14957077.70945,7268,1820.398,8291953.54689,0
1777483800000,4550.95,4552.92,4547.83,4549.27,1995.462,1777484699999,9079540.79995,5844,1026.696,4671502.06819,0
1777484700000,4549.27,4551.80,4546.38,4551.80,1831.539,1777485599999,8331629.68709,6498,971.811,4420827.10671,0
1777485600000,4551.79,4556.46,4530.16,4530.17,8072.509,1777486499999,36670180.85130,20644,3489.756,15854349.80795,0
1777486500000,4530.17,4543.39,4529.55,4538.42,4053.030,1777487399999,18389057.48827,11970,2465.030,11183465.72781,0
1777487400000,4538.42,4544.99,4525.14,4525.15,6968.196,1777488299999,31590456.99092,20818,3924.197,17791458.90887,0
1777488300000,4525.14,4545.42,4523.20,4542.42,4203.004,1777489199999,19064836.40494,13525,2314.412,10499423.60904,0
1777489200000,4542.42,4553.01,4537.33,4552.26,4699.785,1777490099999,21359456.72992,11708,2542.659,11555747.77670,0
1777490100000,4552.26,4554.76,4544.65,4546.41,3124.292,1777490999999,14214197.55704,8653,1551.214,7057550.62206,0
1777491000000,4546.41,4548.39,4541.02,4542.89,2943.425,1777491899999,13375411.70293,7191,1293.881,5879182.95069,0
1777491900000,4542.89,4553.08,4542.89,4550.12,2545.643,1777492799999,11581282.93180,6343,1290.781,5872027.08198,0
1777492800000,4550.13,4556.92,4546.34,4549.96,4638.458,1777493699999,21113816.78821,10172,2057.751,9366131.43202,0
1777493700000,4549.99,4551.44,4545.00,4547.42,1196.206,1777494599999,5440769.32748,5193,578.005,2628879.70658,0
1777494600000,4547.43,4551.00,4546.60,4548.61,711.190,1777495499999,3235016.87476,2366,398.931,1814556.46478,0
1777495500000,4548.52,4549.50,4546.20,4549.23,844.150,1777496399999,3839176.31292,2540,505.982,2301127.28533,0
1777496400000,4549.23,4550.75,4548.61,4550.50,506.221,1777497299999,2303287.79058,1298,215.217,979242.89580,0
1777497300000,4550.51,4550.74,4548.68,4549.74,242.645,1777498199999,1103996.47982,553,78.838,358695.31638,0
1777498200000,4549.75,4552.97,4549.74,4552.97,310.189,1777499099999,1411673.99268,743,224.013,1019530.32381,0
1777499100000,4552.97,4554.36,4551.16,4551.16,367.455,1777499999999,1673085.24544,729,176.906,805506.05581,0
1777500000000,4551.16,4551.16,4542.56,4548.84,2274.074,1777500899999,10338983.61330,4791,1028.373,4675132.64866,0
1777500900000,4548.94,4553.45,4548.94,4551.83,848.923,1777501799999,3864136.81017,2671,497.399,2264029.29337,0
1777501800000,4551.83,4554.00,4550.13,4550.54,1069.161,1777502699999,4866267.13575,2158,592.295,2695551.21839,0
1777502700000,4550.55,4554.53,4550.37,4554.38,856.281,1777503599999,3898843.46526,2113,481.058,2190316.92262,0
1777503600000,4554.39,4556.48,4553.10,4555.67,1011.106,1777504499999,4605323.95261,1666,569.934,2595982.66280,0
1777504500000,4555.68,4557.90,4553.21,4554.30,854.673,1777505399999,3892947.92288,2351,385.955,1757978.74481,0
1777505400000,4554.30,4557.71,4554.30,4557.41,593.039,1777506299999,2702199.63687,1603,418.474,1906785.30877,0
1777506300000,4557.50,4564.20,4557.22,4564.15,2790.973,1777507199999,12729130.44573,4466,1833.439,8361963.62867,0
1777507200000,4564.15,4571.49,4560.61,4561.27,3636.290,1777508099999,16599169.74743,7948,1782.507,8137629.50623,0
1777508100000,4561.28,4566.57,4559.34,4565.99,1938.202,1777508999999,8844202.03850,5919,718.522,3278851.93123,0
1777509000000,4565.99,4569.49,4565.22,4569.49,1357.146,1777509899999,6198850.71190,4602,661.074,3019539.91028,0
1777509900000,4569.50,4577.00,4569.50,4572.45,3367.468,1777510799999,15404191.61774,6269,2052.871,9390169.46331,0
1777510800000,4572.44,4573.95,4567.63,4571.17,2213.318,1777511699999,10115182.67238,7317,958.479,4380525.21832,0
1777511700000,4571.17,4582.90,4568.34,4581.84,2467.018,1777512599999,11290809.09873,5633,1419.035,6495930.13470,0
1777512600000,4581.84,4583.25,4573.31,4578.96,2434.287,1777513499999,11147930.20344,6408,795.326,3642150.83423,0
1777513500000,4578.96,4584.52,4577.05,4581.49,1986.762,1777514399999,9100263.06399,4581,1111.892,5092488.69834,0
1777514400000,4581.49,4583.81,4577.36,4582.07,1774.393,1777515299999,8126756.65722,4398,850.589,3895381.08498,0
1777515300000,4582.07,4582.86,4574.37,4575.66,1885.882,1777516199999,8634209.53156,4271,934.742,4279629.02706,0
1777516200000,4575.65,4576.48,4563.44,4565.21,4224.146,1777517099999,19299450.46726,8642,1778.319,8124577.79789,0
1777517100000,4565.21,4569.23,4563.09,4568.19,1345.566,1777517999999,6144160.34411,4875,835.198,3813772.01646,0
1777518000000,4568.18,4572.30,4566.11,4568.16,1323.179,1777518899999,6046220.31281,4331,812.799,3714112.41149,0
1777518900000,4568.17,4569.50,4565.91,4566.41,1276.016,1777519799999,5828085.93146,4381,577.606,2638268.32172,0
1777519800000,4566.42,4566.92,4560.32,4564.60,2555.312,1777520699999,11659335.99126,6473,1143.814,5219139.79200,0
1777520700000,4564.60,4564.60,4558.64,4558.74,1472.618,1777521599999,6716360.43814,4256,531.272,2423134.38400,0
1777521600000,4558.73,4558.86,4553.71,4558.18,1725.775,1777522499999,7863408.68459,4445,691.816,3152042.70170,0
1777522500000,4558.18,4559.12,4549.40,4550.85,1861.225,1777523399999,8473937.63945,4810,785.123,3574600.62953,0
1777523400000,4550.85,4551.09,4544.17,4547.81,2472.573,1777524299999,11241183.35772,5833,1281.172,5824409.90911,0
1777524300000,4547.81,4552.97,4544.76,4544.95,2373.687,1777525199999,10799057.80534,5796,1302.227,5924871.37605,0
1777525200000,4544.95,4556.99,4544.87,4556.46,3209.589,1777526099999,14612947.38523,6473,1889.582,8602809.82921,0
1777526100000,4556.48,4561.99,4554.82,4558.71,1438.720,1777526999999,6557786.32965,4842,750.352,3419989.69314,0
1777527000000,4558.71,4569.90,4556.89,4566.32,2600.487,1777527899999,11872563.37039,7875,1549.498,7073718.04213,0
1777527900000,4566.41,4572.67,4564.89,4565.00,2002.195,1777528799999,9147420.02033,4880,991.000,4527969.34270,0
1777528800000,4565.00,4569.99,4562.37,4569.13,3025.883,1777529699999,13816751.39648,7611,1084.259,4951215.31041,0
1777529700000,4569.08,4573.69,4566.89,4571.87,2123.523,1777530599999,9705592.52105,5648,1004.926,4593057.16416,0
1777530600000,4571.87,4580.96,4571.87,4577.08,4589.889,1777531499999,21009650.68137,8088,1984.211,9081766.45319,0
1777531500000,4577.08,4593.71,4577.04,4591.51,5712.712,1777532399999,26196525.96010,9038,3447.905,15809282.32458,0
1777532400000,4591.62,4597.87,4588.21,4594.26,5171.435,1777533299999,23751760.03795,8947,2138.606,9824068.00889,0
1777533300000,4594.15,4596.00,4586.97,4593.24,2982.662,1777534199999,13691894.99840,7060,1053.562,4836278.59601,0
1777534200000,4593.25,4599.18,4589.72,4598.33,3506.623,1777535099999,16108531.31536,7402,1705.260,7833857.77801,0
1777535100000,4598.33,4607.43,4596.04,4600.75,5223.856,1777535999999,24034287.55614,9636,2661.522,12245980.27489,0
1777536000000,4600.75,4630.97,4599.66,4621.09,14096.573,1777536899999,65118487.50550,21789,7138.011,32965427.12490,0
1777536900000,4621.09,4622.64,4614.56,4620.30,4739.502,1777537799999,21891266.48901,9523,2145.104,9907600.23749,0
1777537800000,4620.11,4623.19,4616.59,4617.63,4015.107,1777538699999,18547603.16767,8544,1838.576,8493055.57139,0
1777538700000,4617.63,4621.74,4617.24,4619.67,2278.961,1777539599999,10528163.56160,5548,1191.586,5504613.38277,0
1777539600000,4619.67,4622.50,4617.24,4621.53,3091.470,1777540499999,14283301.12711,6782,1529.985,7068750.18055,0
1777540500000,4621.53,4628.86,4618.48,4628.37,3420.147,1777541399999,15809880.45168,7488,1790.677,8277108.45601,0
1777541400000,4628.36,4634.48,4621.50,4622.20,6832.096,1777542299999,31622664.49062,13073,3197.334,14800112.97026,0
1777542300000,4622.12,4629.24,4621.17,4627.83,2731.859,1777543199999,12636770.13799,6825,1254.398,5802360.10703,0
1777543200000,4627.84,4631.55,4626.41,4629.01,2340.794,1777544099999,10836269.62907,5669,860.951,3985441.34587,0
1777544100000,4629.02,4645.74,4628.59,4645.55,6943.417,1777544999999,32190904.83738,9936,4038.455,18720124.35156,0
1777545000000,4645.55,4648.45,4636.62,4638.65,5775.694,1777545899999,26809617.62167,10934,2022.883,9389655.21935,0
1777545900000,4638.66,4642.00,4636.35,4642.00,3057.471,1777546799999,14182817.64630,6196,1354.499,6283083.01756,0
1777546800000,4642.00,4647.99,4638.80,4638.80,3286.375,1777547699999,15261233.11160,7975,1552.203,7208298.12556,0
1777547700000,4638.80,4646.07,4633.68,4640.12,6173.519,1777548599999,28638954.71785,10623,2649.663,12291173.51783,0
1777548600000,4640.12,4640.71,4630.00,4632.40,5124.633,1777549499999,23746732.76327,9360,2238.080,10369958.92481,0
1777549500000,4632.39,4637.82,4631.21,4633.12,2630.464,1777550399999,12189439.76691,5692,1131.369,5242596.09369,0
1777550400000,4633.12,4639.91,4632.90,4638.55,2591.775,1777551299999,12018734.20556,5602,1431.183,6636726.82068,0
1777551300000,4638.55,4640.35,4632.10,4633.61,3773.600,1777552199999,17493429.87547,7885,1976.116,9160737.71192,0
1777552200000,4633.61,4639.00,4628.14,4629.23,4850.029,1777553099999,22469233.62861,9082,2407.916,11155237.67865,0
1777553100000,4629.23,4642.55,4628.36,4641.92,3305.627,1777553999999,15321602.98105,7594,1679.655,7785959.30650,0
1777554000000,4641.92,4646.92,4637.22,4644.00,5571.483,1777554899999,25868462.20795,11593,2678.868,12438578.58824,0
1777554900000,4643.99,4648.62,4635.66,4636.09,3776.441,1777555799999,17527006.79167,8750,1799.336,8351359.91346,0
1777555800000,4636.21,4637.81,4623.00,4627.49,8048.708,1777556699999,37257069.78225,13785,3532.389,16353287.67763,0
1777556700000,4627.48,4627.48,4613.80,4614.10,9182.478,1777557599999,42406562.84135,15901,4633.656,21395718.23385,0
1777557600000,4614.04,4627.84,4612.53,4622.52,10587.154,1777558499999,48934003.43462,16630,5732.156,26493097.72680,0
1777558500000,4622.50,4627.56,4618.60,4624.80,4847.556,1777559399999,22414371.74079,11205,1938.080,8960849.90908,0
1777559400000,4624.80,4624.80,4613.28,4620.15,3764.609,1777560299999,17384973.30819,10789,1500.949,6931175.64887,0
1777560300000,4620.14,4626.00,4619.70,4622.16,3769.791,1777561199999,17427724.55832,9019,2044.660,9451914.87386,0
1777561200000,4622.16,4625.99,4617.31,4621.91,3313.838,1777562099999,15317101.88153,8840,1727.954,7986633.58841,0
1777562100000,4621.94,4626.91,4618.80,4626.03,3087.992,1777562999999,14274558.71137,7976,1577.729,7293113.81823,0
1777563000000,4625.84,4628.04,4616.66,4618.50,2913.400,1777563899999,13467849.00879,7722,1421.088,6569954.29122,0
1777563900000,4618.50,4620.17,4614.64,4618.21,2157.329,1777564799999,9960708.79668,6203,1209.881,5586374.76565,0
1777564800000,4618.21,4620.00,4613.40,4614.90,2664.664,1777565699999,12301895.62999,6415,1416.152,6538160.89375,0
1777565700000,4614.89,4614.90,4608.72,4611.00,4208.003,1777566599999,19404271.30666,7522,2030.002,9360682.63912,0
1777566600000,4610.99,4616.40,4610.28,4612.43,3924.514,1777567499999,18105506.23351,6144,2096.895,9673778.93941,0
1777567500000,4612.44,4620.76,4609.23,4611.03,5139.511,1777568399999,23716517.99807,8481,2733.897,12615920.32586,0
1777568400000,4611.04,4622.75,4611.04,4619.01,3578.597,1777569299999,16526368.54315,6799,1852.872,8556214.78793,0
1777569300000,4619.00,4623.50,4615.80,4620.93,2518.790,1777570199999,11637805.64474,5659,1333.537,6161098.79695,0
1777570200000,4620.93,4624.40,4617.50,4620.08,2318.412,1777571099999,10713436.67838,5623,1040.351,4807442.71528,0
1777571100000,4620.00,4622.00,4618.03,4619.38,1101.462,1777571999999,5088247.76485,3052,521.283,2408030.38415,0
1777572000000,4619.38,4626.83,4619.38,4623.60,2390.446,1777572899999,11055136.97091,5457,1338.974,6191917.93445,0
1777572900000,4623.61,4627.90,4623.20,4624.13,1632.355,1777573799999,7551909.85674,4145,1125.331,5206316.74164,0
1777573800000,4624.14,4627.00,4622.85,4624.20,1294.526,1777574699999,5986295.40254,3467,695.498,3216121.02089,0
1777574700000,4624.16,4627.71,4623.64,4625.53,1228.932,1777575599999,5684569.99986,2960,606.172,2803824.25052,0
1777575600000,4625.52,4631.73,4625.51,4627.80,1773.673,1777576499999,8210003.68794,4758,1100.898,5095894.11010,0
1777576500000,4627.79,4628.67,4619.60,4620.06,1720.029,1777577399999,7950474.76176,4306,602.885,2786668.81046,0
1777577400000,4620.07,4625.16,4618.48,4625.00,1505.791,1777578299999,6958822.63276,3335,693.131,3203144.96387,0
1777578300000,4624.99,4625.46,4617.85,4619.45,1669.497,1777579199999,7714767.61564,5028,827.038,3821694.92397,0
1777579200000,4619.45,4622.74,4619.00,4619.31,988.955,1777580099999,4569684.43596,3252,399.589,1846283.49718,0
1777580100000,4619.32,4622.09,4619.25,4619.64,374.453,1777580999999,1730071.69282,1503,190.229,878859.85114,0
1777581000000,4619.71,4621.45,4618.44,4619.82,408.571,1777581899999,1887544.14075,1737,199.231,920390.74826,0
1777581900000,4619.83,4625.20,4619.83,4625.20,666.017,1777582799999,3079208.52727,1841,333.913,1543684.08217,0
1777582800000,4625.22,4626.00,4623.03,4623.03,264.557,1777583699999,1223334.80048,799,90.992,420756.59907,0
1777583700000,4623.03,4624.33,4622.67,4623.33,164.928,1777584599999,762544.48726,730,82.106,379616.93167,0
1777584600000,4623.33,4624.76,4623.32,4624.69,202.357,1777585499999,935679.04510,631,114.008,527148.34105,0
1777585500000,4624.68,4624.69,4622.95,4623.26,118.184,1777586399999,546486.66382,575,40.080,185314.90975,0
1777586400000,4623.26,4636.53,4623.23,4633.56,3744.366,1777587299999,17342250.29023,8123,2019.319,9351793.93930,0
1777587300000,4633.55,4633.96,4631.24,4633.63,747.913,1777588199999,3464818.71987,2297,395.934,1834170.04933,0
1777588200000,4633.63,4634.29,4629.24,4633.92,606.091,1777589099999,2807183.56891,2406,277.326,1284452.23998,0
1777589100000,4633.91,4633.91,4631.00,4632.96,512.010,1777589999999,2372031.12446,2307,220.209,1020111.55457,0
1777590000000,4632.95,4633.90,4630.72,4632.30,331.058,1777590899999,1533577.81765,1792,165.009,764384.77024,0
1777590900000,4632.30,4634.58,4631.78,4633.11,353.934,1777591799999,1639868.10542,1269,210.535,975428.01960,0
1777591800000,4633.10,4636.64,4633.10,4634.08,1257.995,1777592699999,5831707.03473,2266,675.463,3131161.40171,0
1777592700000,4634.08,4635.96,4629.10,4629.11,498.914,1777593599999,2311311.35182,2460,217.684,1008510.54868,0
