open_time,open,high,low,close,volume,close_time,quote_volume,count,taker_buy_volume,taker_buy_quote_volume,ignore
1769904000000,4885.08,4885.08,4878.01,4881.80,841.892,1769904299999,4109567.20473,2745,585.626,2858644.88080,0
1769904300000,4881.90,4884.61,4881.55,4882.04,155.243,1769904599999,758052.98588,1594,120.200,586936.52643,0
1769904600000,4882.03,4885.10,4880.36,4884.45,168.953,1769904899999,825158.90767,1280,130.795,638824.87027,0
1769904900000,4884.61,4885.46,4880.05,4884.43,175.207,1769905199999,855544.19607,1213,85.782,418880.54302,0
1769905200000,4884.44,4885.69,4881.71,4884.05,116.795,1769905499999,570417.16348,827,62.067,303130.82094,0
1769905500000,4884.05,4887.95,4881.48,4885.45,297.115,1769905799999,1451516.31998,1407,191.873,937446.83219,0
1769905800000,4885.46,4886.48,4883.28,4884.74,201.835,1769906099999,986001.81049,748,140.970,688673.29615,0
1769906100000,4884.74,4888.75,4883.76,4888.45,248.742,1769906399999,1215380.61333,1231,178.781,873566.29566,0
1769906400000,4888.45,4891.00,4887.00,4889.05,447.905,1769906699999,2189882.63623,1203,333.618,1631247.80083,0
1769906700000,4889.06,4890.76,4887.00,4890.01,363.518,1769906999999,1777442.94901,1694,247.688,1211133.56319,0
1769907000000,4890.01,4893.01,4890.00,4892.15,379.888,1769907299999,1858198.40042,1948,262.713,1284989.84383,0
1769907300000,4892.14,4892.15,4886.37,4890.83,233.566,1769907599999,1142109.66463,1268,82.068,401300.02340,0
1769907600000,4890.79,4891.10,4889.88,4891.01,162.726,1769907899999,795857.16401,1445,105.491,515936.69463,0
1769907900000,4891.01,4891.10,4888.09,4889.30,298.041,1769908199999,1457377.29097,1409,133.971,655129.13761,0
1769908200000,4889.30,4889.59,4881.70,4882.39,228.353,1769908499999,1115501.35960,1484,103.779,506944.67535,0
1769908500000,4882.40,4885.23,4880.24,4881.53,344.503,1769908799999,1681905.69310,1568,108.496,529713.81534,0
1769908800000,4881.53,4884.43,4880.71,4884.02,135.513,1769909099999,661608.80268,1543,59.336,289725.39327,0
1769909100000,4884.02,4884.90,4883.59,4884.50,87.599,1769909399999,427871.21305,757,62.116,303401.42281,0
1769909400000,4884.50,4884.90,4880.56,4883.74,267.332,1769909699999,1305647.34833,1341,138.192,674999.67204,0
1769909700000,4883.73,4884.90,4881.73,4884.31,440.470,1769909999999,2151349.75781,3237,321.074,1568278.66034,0
1769910000000,4884.31,4890.20,4882.92,4889.20,537.421,1769910299999,2626413.08368,2003,396.661,1938498.97565,0
1769910300000,4889.20,4889.20,4884.46,4886.59,98.958,1769910599999,483555.35841,833,30.670,149861.00339,0
1769910600000,4886.58,4887.75,4885.00,4886.03,92.057,1769910899999,449834.38853,723,30.616,149612.17001,0
1769910900000,4885.68,4886.19,4882.10,4883.23,74.409,1769911199999,363365.77192,751,31.148,152106.44188,0
1769911200000,4883.23,4887.57,4881.63,4882.91,168.364,1769911499999,822159.80918,1875,69.967,341701.35733,0
1769911500000,4882.80,4887.60,4882.75,4885.29,113.617,1769911799999,555006.54886,1014,67.751,330959.66693,0
1769911800000,4885.30,4886.14,4883.43,4885.80,60.185,1769912099999,294013.86893,816,37.340,182407.71165,0
1769912100000,4885.80,4886.44,4882.05,4882.41,96.506,1769912399999,471276.58137,740,42.906,209523.86892,0
1769912400000,4882.41,4884.19,4881.46,4884.05,176.895,1769912699999,863645.70661,1968,93.074,454421.17313,0
1769912700000,4884.04,4886.47,4882.57,4884.73,62.934,1769912999999,307383.27075,777,39.021,190585.14704,0
1769913000000,4884.74,4886.32,4882.00,4882.78,88.895,1769913299999,434089.38783,636,58.078,283611.22798,0
1769913300000,4882.77,4884.40,4881.71,4883.60,125.083,1769913599999,610719.51031,871,78.659,384054.25493,0
1769913600000,4883.60,4884.44,4882.02,4882.08,81.693,1769913899999,398927.74405,926,49.127,239907.71902,0
1769913900000,4882.08,4885.43,4881.60,4884.40,94.221,1769914199999,460070.13022,654,61.791,301730.31517,0
1769914200000,4884.40,4885.16,4880.70,4884.08,258.118,1769914499999,1260089.57568,1144,70.224,342845.17488,0
1769914500000,4884.09,4885.00,4883.00,4883.07,63.232,1769914799999,308840.10952,787,25.779,125915.91587,0
1769914800000,4883.07,4883.37,4881.21,4881.22,159.056,1769915099999,776489.73247,688,10.662,52049.71548,0
1769915100000,4881.21,4882.61,4879.85,4882.15,315.922,1769915399999,1542037.92148,1993,85.928,419425.13104,0
1769915400000,4882.15,4884.99,4881.16,4883.26,115.402,1769915699999,563525.04095,1286,73.879,360786.21055,0
1769915700000,4883.26,4883.26,4880.39,4881.09,235.024,1769915999999,1147348.45288,1136,44.867,219038.20781,0
1769916000000,4881.09,4883.00,4881.09,4882.95,72.099,1769916299999,352010.14787,490,40.148,196007.53182,0
1769916300000,4882.95,4884.10,4882.77,4883.44,138.312,1769916599999,675404.35109,1066,95.683,467227.96474,0
1769916600000,4883.44,4883.89,4883.08,4883.47,36.445,1769916899999,177976.96456,400,12.875,62875.07591,0
1769916900000,4883.46,4884.58,4882.77,4882.77,129.476,1769917199999,632257.87108,607,33.858,165347.73047,0
1769917200000,4882.78,4884.90,4882.77,4882.77,252.440,1769917499999,1232833.08436,827,45.540,222414.03783,0
1769917500000,4882.78,4883.91,4881.05,4883.21,242.926,1769917799999,1186091.35628,1586,67.460,329378.85744,0
1769917800000,4883.21,4886.47,4882.32,4886.26,289.075,1769918099999,1411797.75263,1291,161.491,788716.11419,0
1769918100000,4886.26,4886.54,4885.43,4886.54,202.073,1769918399999,987376.80146,706,156.296,763711.47858,0
1769918400000,4886.54,4886.54,4882.55,4882.70,906.048,1769918699999,4426229.48389,753,66.235,323495.41091,0
1769918700000,4882.70,4884.44,4882.24,4882.86,112.421,1769918999999,548960.24438,466,64.931,317081.46015,0
1769919000000,4882.85,4884.50,4882.29,4883.50,246.246,1769919299999,1202570.22950,1554,107.377,524397.24357,0
1769919300000,4883.51,4884.35,4883.50,4883.51,124.004,1769919599999,605610.49134,1141,39.926,194993.59676,0
1769919600000,4883.51,4883.60,4880.87,4881.63,325.903,1769919899999,1591184.92472,1322,47.451,231648.61359,0
1769919900000,4881.62,4881.89,4880.33,4880.70,220.293,1769920199999,1075240.87994,1353,48.394,236205.85732,0
1769920200000,4880.70,4882.29,4880.20,4881.25,122.116,1769920499999,596064.52968,730,48.019,234394.08733,0
1769920500000,4881.24,4881.24,4880.20,4880.62,86.411,1769920799999,421747.56122,409,21.975,107254.30366,0
1769920800000,4880.61,4882.19,4880.09,4881.65,97.446,1769921099999,475598.86151,398,37.727,184137.33266,0
1769921100000,4881.70,4882.74,4879.65,4881.70,90.399,1769921399999,441248.28956,716,30.427,148523.67342,0
1769921400000,4881.71,4881.71,4880.58,4881.20,52.742,1769921699999,257445.13123,300,25.903,126435.53132,0
1769921700000,4881.32,4881.99,4880.71,4881.37,61.060,1769921999999,298043.47038,953,34.442,168114.52487,0
1769922000000,4881.38,4882.39,4880.00,4880.94,149.010,1769922299999,727320.38266,1149,59.407,289987.40506,0
1769922300000,4880.94,4881.02,4877.35,4879.91,294.100,1769922599999,1435178.86115,980,64.525,314881.55870,0
1769922600000,4879.91,4882.54,4879.42,4882.51,209.800,1769922899999,1024011.15100,833,125.676,613455.65833,0
1769922900000,4882.51,4884.02,4882.51,4882.86,190.469,1769923199999,930135.88957,644,144.517,705735.83432,0
1769923200000,4882.86,4884.75,4882.86,4883.65,150.604,1769923499999,735537.26399,981,87.306,426396.76191,0
1769923500000,4883.65,4886.00,4883.41,4885.70,218.865,1769923799999,1069161.90667,1468,182.793,892949.32462,0
1769923800000,4885.70,4886.00,4884.22,4885.67,126.730,1769924099999,619131.64145,607,32.112,156882.05651,0
1769924100000,4885.68,4887.90,4885.65,4886.85,222.573,1769924399999,1087597.76823,878,145.416,710573.05330,0
1769924400000,4886.80,4887.31,4883.26,4883.31,174.338,1769924699999,851693.98206,815,26.922,131543.40600,0
1769924700000,4883.32,4884.82,4883.00,4884.40,64.299,1769924999999,314034.58260,470,30.720,150035.57699,0
1769925000000,4884.40,4889.24,4883.76,4887.64,387.070,1769925299999,1891796.54631,1951,266.148,1300729.82090,0
1769925300000,4887.63,4888.55,4886.46,4887.69,36.482,1769925599999,178300.65559,342,24.342,118965.08944,0
1769925600000,4887.68,4889.35,4886.49,4886.94,187.074,1769925899999,914507.88366,780,89.258,436330.48199,0
1769925900000,4886.94,4889.92,4886.94,4889.04,155.848,1769926199999,761963.94082,1200,108.228,529134.34712,0
1769926200000,4889.03,4889.42,4887.26,4887.34,158.078,1769926499999,772736.90751,1259,78.274,382640.85356,0
1769926500000,4887.20,4888.50,4885.49,4888.15,122.838,1769926799999,600324.02887,729,52.092,254594.33034,0
1769926800000,4888.14,4889.10,4886.10,4888.16,139.254,1769927099999,680630.62165,956,70.323,343727.70460,0
1769927100000,4888.00,4888.37,4887.00,4887.25,134.583,1769927399999,657780.43072,953,48.774,238393.12560,0
1769927400000,4887.25,4887.45,4883.25,4883.25,138.637,1769927699999,677331.95580,932,18.523,90511.64186,0
1769927700000,4883.25,4886.26,4882.65,4883.19,170.134,1769927999999,830911.63134,1315,75.886,370606.05557,0
1769928000000,4883.18,4884.61,4882.00,4882.95,126.276,1769928299999,616642.81583,589,45.414,221783.66235,0
1769928300000,4882.94,4884.72,4882.23,4884.35,60.846,1769928599999,297152.83732,541,29.671,144897.78652,0
1769928600000,4884.35,4884.91,4883.43,4883.94,54.061,1769928899999,264033.29478,429,26.009,127028.27337,0
1769928900000,4883.94,4884.55,4882.34,4882.34,160.003,1769929199999,781323.33009,1000,37.692,184065.56499,0
1769929200000,4882.34,4883.00,4881.01,4881.05,214.535,1769929499999,1047266.65734,1939,61.297,299224.43177,0
1769929500000,4881.05,4882.30,4881.00,4881.24,267.949,1769929799999,1307897.47157,1559,60.653,296069.58641,0
1769929800000,4881.25,4883.94,4880.80,4882.91,278.325,1769930099999,1358618.81270,1379,91.125,444864.59938,0
1769930100000,4882.91,4883.42,4880.80,4881.52,189.817,1769930399999,926675.21601,1891,69.016,336925.62342,0
1769930400000,4881.51,4883.00,4881.51,4881.67,130.394,1769930699999,636572.45156,1191,25.974,126799.78631,0
1769930700000,4881.67,4883.09,4881.50,4882.43,294.460,1769930999999,1437508.12167,1041,118.898,580460.31084,0
1769931000000,4882.42,4883.04,4881.98,4882.42,126.561,1769931299999,617932.95922,1516,58.885,287508.66226,0
1769931300000,4882.42,4883.79,4881.60,4881.61,121.331,1769931599999,592367.87518,1039,45.565,222470.85162,0
1769931600000,4881.61,4887.00,4881.61,4885.64,216.912,1769931899999,1059672.47470,2191,153.112,747999.23302,0
1769931900000,4885.59,4885.80,4883.87,4885.05,146.998,1769932199999,718047.67399,1220,56.139,274228.46370,0
1769932200000,4885.16,4887.35,4885.11,4887.23,222.076,1769932499999,1085124.44771,900,168.756,824574.92936,0
1769932500000,4887.24,4888.09,4887.00,4888.09,245.624,1769932799999,1200440.59656,1145,116.301,568416.77722,0
1769932800000,4888.09,4888.09,4882.40,4884.60,330.201,1769933099999,1613019.10453,1257,114.566,559544.95652,0
1769933100000,4884.60,4885.29,4882.74,4883.09,55.125,1769933399999,269231.46982,382,27.957,136538.61978,0
1769933400000,4883.09,4884.97,4882.45,4882.45,71.814,1769933699999,350723.18744,836,29.496,144056.66257,0
1769933700000,4882.45,4884.54,4881.01,4883.20,238.264,1769933999999,1163224.80542,885,62.440,304846.66286,0
1769934000000,4883.19,4886.63,4881.56,4886.01,459.082,1769934299999,2242533.69065,2212,217.319,1061483.89533,0
1769934300000,4886.01,4886.20,4884.61,4885.78,212.183,1769934599999,1036713.36027,777,97.846,478072.75209,0
1769934600000,4885.78,4886.30,4884.00,4886.30,157.383,1769934899999,768826.91493,767,134.160,655391.02812,0
1769934900000,4886.30,4887.80,4885.40,4887.80,320.527,1769935199999,1566329.85356,1339,242.484,1184955.13646,0
1769935200000,4887.88,4888.56,4887.50,4888.52,201.258,1769935499999,983750.08939,775,144.761,707596.84701,0
1769935500000,4888.52,4888.75,4887.50,4887.54,266.031,1769935799999,1300412.40720,1218,67.112,328070.62947,0
1769935800000,4887.53,4888.25,4885.51,4886.50,203.796,1769936099999,996037.73328,1279,74.556,364385.47823,0
1769936100000,4886.49,4887.03,4884.48,4884.60,57.912,1769936399999,282952.42582,536,23.521,114922.47830,0
1769936400000,4884.61,4886.40,4884.00,4885.14,116.960,1769936699999,571343.35463,1130,52.365,255794.63852,0
1769936700000,4885.14,4886.04,4883.20,4883.94,138.107,1769936999999,674556.30096,997,67.713,330719.89368,0
1769937000000,4883.95,4884.05,4883.00,4883.37,89.196,1769937299999,435577.01132,781,45.723,223285.79349,0
1769937300000,4883.37,4883.55,4882.50,4882.91,90.666,1769937599999,442718.61642,737,23.876,116584.13393,0
1769937600000,4882.92,4884.14,4882.39,4883.13,42.902,1769937899999,209497.73955,375,31.243,152565.41447,0
1769937900000,4883.13,4884.60,4882.50,4883.93,103.628,1769938199999,506031.11410,731,70.019,341916.72283,0
1769938200000,4883.92,4883.92,4882.98,4883.80,30.685,1769938499999,149849.13615,383,22.958,112114.63053,0
1769938500000,4883.79,4885.05,4882.39,4884.30,245.721,1769938799999,1199991.43372,2151,111.137,542724.30360,0
1769938800000,4884.29,4886.78,4883.73,4885.21,171.354,1769939099999,837101.50289,1830,98.792,482605.99120,0
1769939100000,4885.21,4886.25,4884.01,4885.82,105.644,1769939399999,516092.35150,869,66.352,324129.23537,0
1769939400000,4885.83,4886.16,4883.65,4885.04,158.755,1769939699999,775483.73594,1754,86.108,420610.03149,0
1769939700000,4885.04,4886.01,4884.05,4884.69,123.407,1769939999999,602847.75852,1059,68.699,335586.58153,0
1769940000000,4884.70,4885.69,4883.32,4884.62,79.116,1769940299999,386462.82424,747,29.534,144252.49211,0
1769940300000,4884.60,4885.82,4884.00,4884.24,83.473,1769940599999,407753.43150,580,26.469,129290.83889,0
1769940600000,4884.24,4885.32,4883.61,4884.20,81.252,1769940899999,396854.24288,919,38.548,188270.00481,0
1769940900000,4884.20,4885.31,4883.75,4884.30,99.957,1769941199999,488214.07420,652,38.037,185776.36825,0
1769941200000,4884.31,4885.40,4883.86,4884.10,48.387,1769941499999,236338.27234,867,18.585,90776.70626,0
1769941500000,4884.10,4885.19,4883.83,4884.41,82.113,1769941799999,401075.25023,479,44.735,218500.22395,0
1769941800000,4884.41,4885.42,4883.90,4884.35,176.548,1769942099999,862410.88613,1630,77.932,380678.57403,0
1769942100000,4884.36,4884.90,4883.10,4883.87,282.509,1769942399999,1379750.55007,2185,144.893,707641.93229,0
1769942400000,4883.87,4884.71,4883.10,4884.42,243.432,1769942699999,1188924.78118,1387,116.769,570304.39000,0
1769942700000,4884.32,4884.89,4883.00,4883.92,351.604,1769942999999,1717133.26287,2105,153.216,748264.13100,0
1769943000000,4883.93,4884.88,4883.60,4883.93,173.729,1769943299999,848542.37315,1246,95.590,466883.67392,0
1769943300000,4883.94,4884.75,4883.56,4884.09,320.205,1769943599999,1563861.77796,2130,142.508,695992.39760,0
1769943600000,4884.08,4885.34,4883.33,4884.09,293.268,1769943899999,1432329.99792,1601,167.041,815828.94745,0
1769943900000,4884.09,4884.60,4883.66,4884.31,163.882,1769944199999,800406.38892,1138,81.254,396849.35897,0
1769944200000,4884.43,4884.50,4884.00,4884.00,120.457,1769944499999,588336.07932,593,42.365,206925.74871,0
1769944500000,4884.00,4884.25,4883.80,4883.82,229.062,1769944799999,1118720.60359,1043,60.632,296124.44607,0
1769944800000,4883.83,4884.40,4883.25,4884.24,285.837,1769945099999,1396007.09525,1628,152.841,746465.07570,0
1769945100000,4884.24,4884.70,4883.96,4884.26,191.939,1769945399999,937494.14384,991,130.613,637960.86951,0
1769945400000,4884.26,4884.70,4884.02,4884.24,106.520,1769945699999,520271.86298,1015,40.746,199016.95280,0
1769945700000,4884.23,4885.19,4884.23,4884.80,308.409,1769945999999,1506484.88057,2005,223.974,1094045.18290,0
1769946000000,4884.80,4885.00,4883.64,4883.95,420.772,1769946299999,2055285.00342,1607,110.765,541052.06287,0
1769946300000,4883.95,4883.96,4883.61,4883.81,166.645,1769946599999,813857.88198,849,88.782,433591.99542,0
1769946600000,4883.80,4884.37,4883.60,4884.05,99.118,1769946899999,484078.44811,1171,45.673,223063.57093,0
1769946900000,4884.06,4884.06,4883.86,4883.99,149.869,1769947199999,731954.44716,633,71.749,350419.32579,0
1769947200000,4884.00,4884.00,4882.10,4883.49,440.573,1769947499999,2151463.84454,1131,265.501,1296513.20278,0
1769947500000,4883.49,4883.49,4881.10,4881.56,201.404,1769947799999,983292.01560,600,55.331,270131.21012,0
1769947800000,4881.55,4881.84,4881.10,4881.29,155.298,1769948099999,758084.60269,556,97.319,475055.47698,0
1769948100000,4881.29,4881.30,4879.10,4880.07,247.580,1769948399999,1208260.84229,1267,66.779,325884.02052,0
1769948400000,4880.07,4880.59,4879.00,4879.05,359.843,1769948699999,1755779.10739,2659,165.367,806858.05034,0
1769948700000,4879.06,4879.65,4878.60,4879.52,379.050,1769948999999,1849421.99360,889,274.786,1340700.90058,0
1769949000000,4879.52,4879.60,4878.21,4878.89,191.708,1769949299999,935320.02514,1572,87.959,429147.35508,0
1769949300000,4878.89,4878.89,4877.72,4877.92,437.662,1769949599999,2135054.07695,1496,211.825,1033339.37856,0
1769949600000,4877.91,4878.17,4877.00,4877.89,266.621,1769949899999,1300517.52068,1038,167.582,817428.25900,0
1769949900000,4877.89,4878.42,4877.25,4877.50,386.924,1769950199999,1887315.19577,1383,156.238,762090.34769,0
1769950200000,4877.50,4877.90,4877.50,4877.62,116.441,1769950499999,567954.36902,577,75.094,366280.61580,0
1769950500000,4877.62,4877.90,4877.59,4877.90,66.029,1769950799999,322070.87805,884,33.736,164555.41345,0
1769950800000,4877.90,4878.74,4877.71,4878.73,132.615,1769951099999,646900.95938,839,89.583,436988.76399,0
1769951100000,4878.74,4881.10,4878.59,4879.04,192.145,1769951399999,937578.21523,1050,124.194,606012.65434,0
1769951400000,4879.15,4883.49,4879.14,4881.67,272.421,1769951699999,1330004.84896,1141,130.696,638047.54307,0
1769951700000,4881.67,4881.71,4877.59,4880.35,384.845,1769951999999,1877877.28014,1797,131.712,642702.34730,0
1769952000000,4880.35,4881.90,4877.75,4878.10,149.491,1769952299999,729476.13167,962,55.099,268855.95066,0
1769952300000,4878.10,4878.27,4877.21,4877.52,313.819,1769952599999,1530647.04169,1256,146.767,715846.60978,0
1769952600000,4877.51,4880.40,4877.13,4880.22,187.588,1769952899999,915103.63902,832,113.714,554782.66741,0
1769952900000,4880.23,4880.23,4877.55,4878.01,85.819,1769953199999,418689.91511,523,29.047,141710.51786,0
1769953200000,4878.00,4878.25,4877.30,4877.40,131.403,1769953499999,640927.06582,989,41.834,204046.09678,0
1769953500000,4877.41,4878.75,4876.95,4876.95,208.939,1769953799999,1019107.49300,769,64.296,313605.77565,0
1769953800000,4876.96,4877.06,4876.50,4876.62,231.417,1769954099999,1128599.56250,1187,90.415,440944.68003,0
1769954100000,4876.61,4877.06,4876.61,4876.78,258.333,1769954399999,1259860.77649,591,167.667,817693.96995,0
1769954400000,4876.79,4876.80,4875.90,4876.00,189.696,1769954699999,925004.11191,642,82.311,401356.46611,0
1769954700000,4876.00,4876.94,4875.98,4876.35,142.772,1769954999999,696167.16831,1030,73.315,357486.17592,0
1769955000000,4876.36,4876.77,4875.65,4875.89,361.025,1769955299999,1760371.92610,2227,181.031,882707.22343,0
1769955300000,4875.90,4875.90,4875.50,4875.69,183.003,1769955599999,892278.38940,786,81.385,396812.20934,0
1769955600000,4875.69,4876.04,4875.21,4876.04,225.660,1769955899999,1100239.76778,1227,123.978,604473.11728,0
1769955900000,4876.03,4876.04,4875.00,4875.06,337.366,1769956199999,1644800.62824,1863,89.439,436045.01158,0
1769956200000,4875.06,4875.20,4873.00,4873.72,577.436,1769956499999,2814549.69889,3009,299.149,1458088.65839,0
1769956500000,4873.72,4874.40,4871.60,4873.40,782.166,1769956799999,3811965.67267,6662,372.928,1817486.12999,0
1769956800000,4873.40,4874.00,4871.50,4872.30,861.528,1769957099999,4197876.91330,3769,537.791,2620400.58992,0
1769957100000,4872.30,4872.31,4855.08,4863.85,1097.897,1769957399999,5339730.19126,3939,325.268,1581810.72016,0
1769957400000,4864.00,4871.90,4863.99,4871.17,412.657,1769957699999,2009428.86951,1746,252.523,1229606.76399,0
1769957700000,4871.17,4872.00,4868.01,4868.01,188.999,1769957999999,920665.39980,904,115.895,564582.38940,0
1769958000000,4868.02,4868.02,4856.01,4864.04,483.156,1769958299999,2348788.22392,2360,219.842,1068471.60048,0
1769958300000,4864.19,4865.55,4850.00,4856.25,573.394,1769958599999,2784704.66314,2502,174.708,848241.95686,0
1769958600000,4856.24,4859.09,4850.65,4853.48,412.651,1769958899999,2003405.63469,1960,147.029,713840.55525,0
1769958900000,4853.48,4861.96,4852.00,4855.29,673.448,1769959199999,3270467.64502,2941,377.009,1830999.36973,0
1769959200000,4855.29,4859.09,4852.26,4854.00,328.868,1769959499999,1596549.04306,2333,147.397,715548.44184,0
1769959500000,4854.00,4856.55,4851.19,4856.00,362.554,1769959799999,1759670.66859,1797,134.510,652913.37755,0
1769959800000,4856.00,4856.18,4851.19,4856.15,391.512,1769960099999,1900416.61683,2364,164.221,797172.83873,0
1769960100000,4856.15,4863.00,4851.63,4861.08,486.133,1769960399999,2360445.23081,3012,253.704,1231976.69323,0
1769960400000,4860.90,4861.50,4857.76,4861.50,236.102,1769960699999,1147293.14049,1950,137.727,669270.87818,0
1769960700000,4861.50,4866.66,4861.49,4866.15,306.990,1769960999999,1493063.84587,1751,216.266,1051832.52423,0
1769961000000,4866.16,4868.75,4864.60,4866.45,394.751,1769961299999,1921107.92243,1608,180.147,876659.52909,0
1769961300000,4866.45,4873.80,4866.44,4872.11,490.267,1769961599999,2387456.20362,1434,378.487,1843140.35758,0
1769961600000,4872.10,4872.26,4850.42,4851.15,1113.651,1769961899999,5409112.26407,4497,447.774,2174075.02322,0
1769961900000,4851.14,4858.00,4850.23,4854.06,349.002,1769962199999,1694229.04391,1937,197.323,957901.76149,0
1769962200000,4854.05,4854.05,4851.01,4851.01,236.562,1769962499999,1147840.40470,1008,112.284,544800.29908,0
1769962500000,4851.01,4851.66,4845.00,4845.00,355.731,1769962799999,1724653.64777,1928,118.997,576907.71260,0
1769962800000,4845.00,4845.95,4835.49,4840.95,489.460,1769963099999,2368936.61953,3992,251.802,1218590.77510,0
1769963100000,4841.10,4852.66,4841.10,4846.00,375.086,1769963399999,1818211.06052,3340,258.099,1250937.00972,0
1769963400000,4846.00,4848.00,4840.22,4847.99,242.401,1769963699999,1173964.53986,1556,130.870,633877.53686,0
1769963700000,4848.00,4852.65,4847.70,4848.10,190.451,1769963999999,923598.05754,1303,103.129,500115.81724,0
1769964000000,4848.09,4853.12,4844.95,4848.28,459.887,1769964299999,2230308.96141,3181,234.123,1135381.32759,0
1769964300000,4848.75,4852.11,4844.30,4845.79,185.318,1769964599999,898370.46339,1515,87.138,422425.53480,0
1769964600000,4845.80,4847.00,4842.75,4844.43,247.848,1769964899999,1200802.13643,1616,110.361,534690.73190,0
1769964900000,4844.44,4847.84,4842.75,4847.84,248.123,1769965199999,1202007.63421,1598,127.186,616118.83511,0
1769965200000,4847.85,4852.10,4846.02,4850.60,405.633,1769965499999,1966920.11858,2347,189.530,919033.97810,0
1769965500000,4850.61,4854.00,4848.40,4851.00,373.449,1769965799999,1811672.23622,2231,181.203,879036.04226,0
1769965800000,4851.00,4863.00,4850.63,4858.50,555.335,1769966099999,2697782.21000,3066,298.967,1452183.62003,0
1769966100000,4858.49,4860.00,4857.35,4858.51,383.687,1769966399999,1864127.54780,1487,152.797,742382.80973,0
1769966400000,4858.50,4859.12,4856.00,4857.71,405.302,1769966699999,1968610.44311,2193,126.692,615407.11740,0
1769966700000,4857.72,4858.49,4856.01,4856.01,240.301,1769966999999,1167122.70195,1593,113.867,553050.73564,0
1769967000000,4856.02,4858.50,4855.34,4856.97,374.179,1769967299999,1817355.22835,2852,167.460,813338.24740,0
1769967300000,4856.96,4862.02,4855.48,4857.30,411.007,1769967599999,1996943.41191,3252,177.656,863155.58358,0
1769967600000,4857.30,4860.75,4856.40,4860.53,208.330,1769967899999,1012194.10519,1426,128.054,622152.09349,0
1769967900000,4860.54,4860.73,4858.30,4860.54,199.731,1769968199999,970596.96334,1053,127.153,617894.62658,0
1769968200000,4860.54,4867.92,4860.10,4866.61,347.112,1769968499999,1688288.03746,1459,244.292,1188193.31615,0
1769968500000,4866.62,4868.00,4863.75,4867.20,287.661,1769968799999,1399802.76377,2316,115.339,561275.51821,0
1769968800000,4867.19,4870.00,4866.60,4869.99,401.538,1769969099999,1954990.84503,1877,286.667,1395709.66082,0
1769969100000,4869.99,4872.35,4868.10,4868.22,447.141,1769969399999,2177564.85991,2444,307.747,1498691.38274,0
1769969400000,4868.21,4870.00,4867.66,4869.96,298.314,1769969699999,1452645.47834,1421,173.153,843179.76494,0
1769969700000,4869.96,4869.98,4868.55,4869.97,248.238,1769969999999,1208872.08412,1348,198.133,964879.14832,0
1769970000000,4869.97,4869.97,4859.77,4861.65,371.868,1769970299999,1809788.26696,2030,150.171,730963.79949,0
1769970300000,4861.79,4862.24,4855.69,4859.50,417.867,1769970599999,2030447.58457,2173,221.897,1078234.37193,0
1769970600000,4859.56,4863.53,4855.87,4856.24,622.182,1769970899999,3023062.54705,2442,316.969,1540108.03050,0
1769970900000,4856.24,4856.24,4852.80,4854.15,573.902,1769971199999,2785758.26849,1959,188.026,912652.62998,0
1769971200000,4854.17,4859.00,4854.17,4857.84,249.634,1769971499999,1212601.94998,2066,158.480,769825.09186,0
1769971500000,4858.05,4861.60,4857.61,4860.51,126.759,1769971799999,616057.84321,1184,86.216,419002.82418,0
1769971800000,4860.51,4860.51,4857.36,4859.50,226.671,1769972099999,1101369.88241,1497,119.010,578224.75128,0
1769972100000,4859.50,4859.61,4857.15,4859.00,251.365,1769972399999,1221274.68424,971,105.161,510925.68428,0
1769972400000,4859.00,4860.15,4857.38,4857.81,189.078,1769972699999,918725.47831,1068,82.894,402780.36789,0
1769972700000,4857.81,4857.89,4854.75,4857.31,279.007,1769972999999,1355083.85063,1050,132.311,642641.41666,0
1769973000000,4857.30,4857.86,4855.42,4856.11,296.405,1769973299999,1439591.56725,1092,156.109,758202.09298,0
1769973300000,4856.10,4856.98,4853.25,4856.01,267.457,1769973599999,1298510.13642,1406,114.004,553525.84357,0
1769973600000,4856.00,4856.00,4854.76,4855.27,180.702,1769973899999,877326.41059,769,80.857,392564.27363,0
1769973900000,4855.28,4855.35,4853.26,4854.05,284.903,1769974199999,1383005.14703,1146,98.533,478280.92862,0
1769974200000,4854.06,4857.28,4853.84,4855.78,306.859,1769974499999,1489945.79763,1343,154.434,749861.20849,0
1769974500000,4855.77,4857.13,4855.00,4856.91,181.756,1769974799999,882566.37241,1451,77.365,375671.81206,0
1769974800000,4856.91,4856.92,4855.00,4856.24,197.141,1769975099999,957253.29165,1860,50.156,243540.40553,0
1769975100000,4856.25,4856.75,4853.74,4855.18,289.629,1769975399999,1406272.46975,1521,76.664,372244.00962,0
1769975400000,4855.18,4855.24,4854.00,4854.11,178.287,1769975699999,865479.38835,907,84.217,408825.38376,0
1769975700000,4854.10,4854.11,4844.57,4852.06,644.039,1769975999999,3124968.18404,1961,215.362,1044769.78247,0
1769976000000,4852.05,4852.06,4820.00,4831.84,821.467,1769976299999,3974105.54242,7014,274.435,1327609.25003,0
1769976300000,4831.83,4835.21,4831.83,4833.09,168.908,1769976599999,816454.82190,833,76.792,371144.70459,0
1769976600000,4833.09,4837.49,4833.00,4835.01,387.214,1769976899999,1872122.87769,1596,248.641,1202203.98163,0
1769976900000,4835.01,4840.86,4834.06,4839.45,198.477,1769977199999,960170.55701,1070,100.461,486011.57640,0
1769977200000,4839.46,4841.75,4836.12,4836.15,162.451,1769977499999,786045.08769,1606,62.013,300047.92741,0
1769977500000,4836.16,4836.83,4825.19,4826.98,229.849,1769977799999,1110576.22726,1687,77.615,374947.40731,0
1769977800000,4826.97,4837.92,4826.97,4832.19,410.061,1769978099999,1981723.14022,2144,253.557,1225439.20419,0
1769978100000,4832.19,4834.20,4829.70,4833.86,218.858,1769978399999,1057482.84077,2169,85.860,414863.36205,0
1769978400000,4833.60,4835.39,4831.91,4833.91,166.698,1769978699999,805820.84175,966,51.780,250282.06383,0
1769978700000,4833.91,4837.79,4833.90,4835.39,215.888,1769978999999,1043940.42895,1215,92.544,447497.73783,0
1769979000000,4835.39,4836.78,4834.03,4835.34,97.026,1769979299999,469148.81118,1075,42.355,204798.36564,0
1769979300000,4835.34,4835.34,4826.30,4826.69,173.183,1769979599999,836475.11684,1146,45.963,221978.76241,0
1769979600000,4826.69,4830.99,4825.00,4825.65,206.266,1769979899999,995698.63157,1593,110.932,535513.37961,0
1769979900000,4825.65,4826.74,4820.00,4821.11,336.477,1769980199999,1622815.26561,1830,158.708,765501.64213,0
1769980200000,4820.89,4823.89,4816.97,4823.64,299.636,1769980499999,1444031.51921,1878,140.037,674901.84902,0
1769980500000,4823.63,4828.12,4823.29,4827.22,186.530,1769980799999,900215.51531,1697,108.699,524581.60848,0
1769980800000,4827.22,4833.00,4827.22,4833.00,97.427,1769981099999,470593.40315,979,61.666,297855.27898,0
1769981100000,4833.00,4833.33,4830.52,4831.65,96.296,1769981399999,465296.87322,747,36.641,177044.22521,0
1769981400000,4831.65,4831.69,4828.55,4831.49,196.386,1769981699999,948497.41484,1128,88.103,425497.10469,0
1769981700000,4831.50,4832.70,4830.43,4831.02,85.428,1769981999999,412750.69407,518,44.485,214934.46482,0
1769982000000,4831.01,4832.00,4828.96,4829.49,183.976,1769982299999,888801.91158,842,120.626,582764.19557,0
1769982300000,4829.49,4829.49,4822.95,4823.29,510.693,1769982599999,2464489.65715,2776,310.392,1497843.61709,0
1769982600000,4823.30,4826.29,4821.05,4821.05,247.035,1769982899999,1191809.69442,1308,128.378,619354.16757,0
1769982900000,4821.06,4824.15,4813.34,4824.15,487.966,1769983199999,2351747.49398,3346,238.023,1147197.17665,0
1769983200000,4824.14,4835.83,4824.01,4835.83,362.242,1769983499999,1749748.25786,3327,253.683,1225330.08197,0
1769983500000,4835.84,4839.43,4835.70,4836.99,298.519,1769983799999,1444009.69957,2362,177.991,860958.37441,0
1769983800000,4837.00,4838.16,4834.95,4838.16,219.556,1769984099999,1061934.34053,2077,146.034,706336.40494,0
1769984100000,4838.24,4853.39,4838.24,4853.39,352.054,1769984399999,1706210.21455,2160,255.343,1237384.49524,0
1769984400000,4853.40,4862.50,4848.23,4852.15,900.961,1769984699999,4375397.45198,5674,571.991,2778255.58326,0
1769984700000,4852.15,4862.49,4852.12,4859.36,469.533,1769984999999,2280359.73568,2976,339.889,1650718.70940,0
1769985000000,4859.35,4859.36,4855.08,4856.13,205.303,1769985299999,997079.46828,1396,100.141,486330.97210,0
1769985300000,4856.39,4860.64,4854.02,4858.27,154.776,1769985599999,751857.55562,1200,86.783,421574.73563,0
1769985600000,4858.26,4858.64,4849.72,4849.73,176.209,1769985899999,855512.58723,1674,69.896,339411.39577,0
1769985900000,4849.73,4854.71,4849.48,4852.80,195.297,1769986199999,947555.93623,1467,93.329,452743.11731,0
1769986200000,4852.80,4861.73,4852.79,4858.99,245.512,1769986499999,1192642.78502,2048,155.812,756872.67215,0
1769986500000,4858.97,4865.22,4848.24,4849.30,1098.204,1769986799999,5334709.42885,4705,541.814,2632259.30705,0
1769986800000,4849.30,4868.98,4703.34,4842.24,7781.817,1769987099999,37436587.18095,41127,3286.184,15828395.49551,0
1769987100000,4842.18,4842.18,4818.40,4827.01,2633.567,1769987399999,12717470.99373,13739,1202.977,5808937.30888,0
1769987400000,4827.03,4832.91,4732.52,4770.55,6336.892,1769987699999,30293363.79693,25663,2321.242,11094348.46273,0
1769987700000,4770.74,4785.76,4718.10,4739.70,3478.456,1769987999999,16522163.76856,18869,1462.038,6944814.98193,0
1769988000000,4739.72,4769.87,4735.59,4753.37,2713.838,1769988299999,12903662.93618,14408,1449.372,6891532.48198,0
1769988300000,4753.21,4775.00,4744.03,4756.61,2408.268,1769988599999,11464096.78471,12315,1110.134,5284570.36416,0
1769988600000,4756.60,4774.25,4737.18,4773.95,2043.401,1769988899999,9716787.52486,9996,955.356,4543712.39488,0
1769988900000,4773.96,4814.28,4771.28,4799.35,2844.329,1769989199999,13628271.75610,13720,1655.472,7931061.15261,0
1769989200000,4799.29,4808.78,4786.29,4796.46,2071.958,1769989499999,9934407.57645,9446,930.078,4459567.49371,0
1769989500000,4796.44,4799.80,4745.00,4766.80,4272.576,1769989799999,20361785.13378,14408,1971.206,9389858.78537,0
1769989800000,4766.81,4786.59,4759.51,4774.77,2174.408,1769990099999,10383409.88478,9482,1088.450,5197508.24377,0
1769990100000,4774.78,4785.26,4764.07,4768.50,2559.957,1769990399999,12221808.18197,8283,1407.029,6717631.86269,0
1769990400000,4769.10,4786.79,4757.99,4786.60,3117.196,1769990699999,14873851.51528,13186,1698.412,8104568.66647,0
1769990700000,4786.19,4825.20,4781.60,4822.66,2201.596,1769990999999,10568269.98456,10314,1278.321,6136322.62997,0
1769991000000,4822.70,4848.68,4816.58,4847.40,3918.447,1769991299999,18932578.35727,14935,2485.253,12009704.19433,0
1769991300000,4847.40,4873.70,4844.47,4865.55,5411.167,1769991599999,26284739.25692,17152,3143.005,15267996.46284,0
1769991600000,4866.26,4884.61,4853.58,4863.37,3994.023,1769991899999,19444796.92501,12173,1745.807,8502712.30413,0
1769991900000,4863.33,4863.91,4833.79,4851.90,2774.926,1769992199999,13453743.36669,10346,1259.107,6104297.49649,0
1769992200000,4851.73,4852.96,4820.00,4827.98,3086.601,1769992499999,14914135.25753,10753,1404.242,6785516.41211,0
1769992500000,4827.51,4849.88,4822.84,4842.37,1727.094,1769992799999,8358514.37721,7674,918.617,4446337.20751,0
1769992800000,4842.59,4851.00,4804.03,4814.66,2441.066,1769993099999,11784076.76645,9195,1396.681,6743349.61329,0
1769993100000,4815.43,4819.12,4782.60,4807.60,2889.109,1769993399999,13874069.02760,11216,1413.219,6786306.00550,0
1769993400000,4807.56,4810.11,4790.79,4798.94,1558.641,1769993699999,7482987.34717,7487,830.365,3986304.76772,0
1769993700000,4800.01,4803.34,4771.36,4778.29,2208.509,1769993999999,10567454.79305,9170,1066.983,5105142.50927,0
1769994000000,4778.28,4800.79,4748.77,4767.14,5284.945,1769994299999,25220149.39901,20090,2307.329,11010993.63309,0
1769994300000,4767.15,4779.83,4654.32,4666.62,8127.589,1769994599999,38309698.56984,26733,3173.005,14974772.77397,0
1769994600000,4666.61,4689.13,4623.05,4679.06,10158.177,1769994899999,47293648.68100,33693,4132.233,19243440.90015,0
1769994900000,4678.28,4723.60,4678.18,4708.81,4690.333,1769995199999,22053758.73014,15968,2346.106,11033240.99361,0
1769995200000,4708.81,4731.42,4681.71,4702.14,3896.029,1769995499999,18327537.24688,14002,1908.910,8979592.87556,0
1769995500000,4702.02,4729.59,4690.81,4721.20,2946.315,1769995799999,13886146.16763,11972,1462.259,6892314.09943,0
1769995800000,4721.28,4726.99,4692.82,4721.78,2308.913,1769996099999,10877091.48149,9400,1217.784,5737143.94605,0
1769996100000,4721.84,4759.10,4721.33,4734.32,2998.895,1769996399999,14218754.86690,11637,1550.532,7351988.35793,0
1769996400000,4734.00,4738.10,4706.03,4729.35,2004.084,1769996699999,9462082.25418,9100,1038.800,4904644.42637,0
1769996700000,4729.35,4743.68,4719.31,4733.49,1809.547,1769996999999,8565148.23440,8781,919.587,4352560.23989,0
1769997000000,4733.81,4760.00,4730.00,4747.42,2041.292,1769997299999,9695043.50902,8293,1173.259,5572909.76470,0
1769997300000,4747.29,4755.66,4733.46,4747.59,1809.546,1769997599999,8589508.10024,8014,838.059,3978377.79002,0
1769997600000,4747.76,4758.61,4721.55,4735.50,1910.869,1769997899999,9059494.35917,9064,926.864,4394568.04042,0
1769997900000,4735.89,4737.79,4720.70,4727.85,1715.757,1769998199999,8115679.02462,7370,894.713,4231965.53914,0
1769998200000,4727.56,4749.93,4710.00,4743.99,1983.744,1769998499999,9375988.37163,8711,988.039,4669688.99756,0
1769998500000,4743.77,4753.36,4730.84,4743.43,1620.588,1769998799999,7687310.25480,7441,828.533,3930280.32853,0
1769998800000,4743.44,4747.89,4721.73,4730.52,1439.745,1769999099999,6817565.67289,6192,736.457,3487414.47849,0
1769999100000,4731.04,4752.71,4729.34,4746.30,1339.558,1769999399999,6351158.07767,6453,763.547,3620290.16044,0
1769999400000,4746.88,4775.40,4671.32,4752.91,6042.125,1769999699999,28634604.73015,17775,2593.138,12307796.72701,0
1769999700000,4753.21,4766.65,4749.84,4754.29,1915.546,1769999999999,9110950.68216,7645,1019.082,4847093.44180,0
1770000000000,4753.92,4772.58,4749.64,4764.97,1379.820,1770000299999,6569390.38958,6221,692.444,3296885.69591,0
1770000300000,4765.08,4765.08,4723.11,4731.49,1558.154,1770000599999,7386992.28909,7576,802.542,3804293.83097,0
1770000600000,4731.67,4735.70,4721.85,4725.75,1197.686,1770000899999,5663313.04333,6351,569.480,2693097.26460,0
1770000900000,4725.51,4737.60,4694.12,4708.05,2240.031,1770001199999,10556351.26716,8647,1080.446,5090909.76240,0
1770001200000,4708.18,4729.00,4707.00,4709.68,1442.392,1770001499999,6803115.87810,7423,747.697,3526745.63489,0
1770001500000,4709.77,4720.00,4708.06,4719.39,1114.526,1770001799999,5256069.05080,6962,584.093,2754697.29823,0
1770001800000,4719.38,4721.06,4691.28,4693.82,1520.259,1770002099999,7159713.99957,7745,762.649,3592697.78349,0
1770002100000,4693.82,4717.04,4668.72,4714.75,2883.871,1770002399999,13528599.09258,11300,1445.913,6785425.26207,0
1770002400000,4714.77,4731.01,4710.48,4715.91,1751.354,1770002699999,8264296.74383,7965,858.632,4052013.87644,0
1770002700000,4715.66,4719.31,4687.29,4691.99,1716.633,1770002999999,8069160.52071,6978,993.749,4670796.65334,0
1770003000000,4692.17,4698.92,4666.62,4669.04,1771.964,1770003299999,8292998.24426,8377,885.787,4145898.66024,0
1770003300000,4668.95,4677.07,4647.01,4655.11,2389.520,1770003599999,11135816.13575,11122,1072.963,5000878.68566,0
1770003600000,4655.11,4670.26,4635.00,4663.96,2389.943,1770003899999,11115313.37616,10211,1263.683,5877603.67559,0
1770003900000,4662.83,4696.57,4662.11,4691.21,1688.112,1770004199999,7895507.55895,8295,917.174,4289850.98704,0
1770004200000,4691.20,4691.20,4662.15,4662.80,1529.958,1770004499999,7155690.99613,7934,695.110,3251158.68555,0
1770004500000,4662.84,4670.22,4645.41,4649.12,1457.523,1770004799999,6788269.23288,6709,680.573,3170273.22353,0
1770004800000,4649.12,4664.90,4616.00,4617.74,3514.057,1770005099999,16284129.80061,12429,1641.534,7608745.53302,0
1770005100000,4617.50,4664.62,4610.00,4663.56,2732.163,1770005399999,12669591.30626,11355,1498.351,6949372.29122,0
1770005400000,4663.57,4672.92,4643.04,4670.24,2128.440,1770005699999,9919180.22592,8692,1048.635,4887840.07954,0
1770005700000,4670.12,4702.56,4667.60,4701.08,2111.164,1770005999999,9889570.92890,8979,1226.621,5746995.08619,0
1770006000000,4701.20,4710.15,4680.59,4687.21,1548.127,1770006299999,7263518.46407,8103,640.099,3003464.11013,0
1770006300000,4687.21,4696.79,4680.00,4680.90,1297.504,1770006599999,6082741.07687,6611,761.629,3570781.09135,0
1770006600000,4680.95,4707.23,4678.96,4696.71,1482.847,1770006899999,6961449.93938,7303,703.918,3304740.43937,0
1770006900000,4696.71,4702.35,4674.94,4676.33,1065.627,1770007199999,4997850.82285,5674,496.307,2327852.73855,0
1770007200000,4676.30,4698.70,4668.01,4697.16,1172.434,1770007499999,5490121.83966,6338,582.533,2728172.12436,0
1770007500000,4697.16,4719.00,4690.56,4691.33,1453.704,1770007799999,6838906.19932,7044,664.925,3127981.15750,0
1770007800000,4691.04,4696.88,4681.00,4691.61,833.451,1770008099999,3909368.23632,5342,396.412,1859384.40577,0
1770008100000,4691.47,4694.71,4680.00,4682.76,803.154,1770008399999,3764007.13938,5210,341.068,1598430.60013,0
1770008400000,4682.73,4697.05,4675.32,4693.52,846.150,1770008699999,3965843.29858,5445,449.626,2107390.62639,0
1770008700000,4693.37,4698.82,4668.09,4675.56,1447.271,1770008999999,6773231.87133,6965,666.650,3119822.76053,0
1770009000000,4675.55,4679.51,4652.93,4664.12,1488.811,1770009299999,6944213.42359,6733,795.045,3709201.52410,0
1770009300000,4664.10,4677.87,4658.35,4667.35,1436.893,1770009599999,6707785.05641,7053,894.076,4173697.01349,0
1770009600000,4667.27,4676.33,4656.30,4673.62,853.399,1770009899999,3983459.91877,5472,482.324,2251617.24854,0
1770009900000,4673.62,4677.03,4659.00,4662.41,692.747,1770010199999,3234113.08154,4938,340.893,1591484.37190,0
1770010200000,4662.48,4662.84,4629.72,4641.80,2784.971,1770010499999,12927047.20930,12055,1360.880,6317235.56512,0
1770010500000,4642.05,4649.32,4615.46,4634.49,3518.075,1770010799999,16285163.85748,12953,1721.744,7970989.92406,0
1770010800000,4634.53,4635.89,4582.00,4588.35,4644.119,1770011099999,21392979.00284,15483,1890.504,8712836.48608,0
1770011100000,4588.31,4591.84,4545.46,4566.36,8215.687,1770011399999,37527965.31343,22473,3539.364,16172975.24793,0
1770011400000,4566.84,4583.96,4520.00,4556.62,10522.953,1770011699999,47827633.24367,25486,4333.987,19710428.35894,0
1770011700000,4556.49,4583.76,4539.07,4571.29,4190.169,1770011999999,19126254.87264,14711,2253.214,10285809.09177,0
1770012000000,4570.92,4587.48,4561.35,4578.14,2617.233,1770012299999,11976190.51084,10732,1274.889,5834551.02797,0
1770012300000,4578.14,4581.34,4540.62,4573.17,3072.020,1770012599999,14014464.07019,11545,1314.743,5999105.72619,0
1770012600000,4573.17,4581.50,4551.89,4554.56,1666.623,1770012899999,7612116.31918,7757,763.336,3486397.63656,0
1770012900000,4554.91,4567.49,4533.90,4552.13,2013.255,1770013199999,9157126.10910,9736,861.831,3920163.34342,0
1770013200000,4551.58,4553.22,4495.52,4500.45,6434.739,1770013499999,29068363.73992,21246,2383.215,10768561.19637,0
1770013500000,4501.46,4522.63,4471.00,4517.80,6704.354,1770013799999,30168808.28280,20757,2877.765,12957357.49238,0
1770013800000,4517.80,4532.28,4501.66,4502.98,3000.458,1770014099999,13557733.44747,13590,1405.308,6350865.03128,0
1770014100000,4502.99,4510.73,4444.00,4454.95,6168.444,1770014399999,27576160.81795,20940,2654.159,11870178.91730,0
1770014400000,4455.04,4501.38,4448.40,4499.09,4994.973,1770014699999,22375020.33617,16898,2339.221,10476489.19699,0
1770014700000,4498.88,4503.42,4463.00,4470.40,3801.672,1770014999999,17049208.36344,13524,1641.321,7361579.28773,0
1770015000000,4470.40,4517.85,4469.34,4511.88,3683.998,1770015299999,16597186.33683,14761,1976.173,8902894.58844,0
1770015300000,4512.32,4537.00,4507.19,4522.03,3879.535,1770015599999,17546340.78745,14646,2091.248,9458286.33889,0
1770015600000,4521.77,4567.00,4510.32,4565.06,6842.184,1770015899999,31098538.98499,19574,3155.666,14337888.51481,0
1770015900000,4565.00,4578.00,4555.00,4574.55,3466.123,1770016199999,15817129.42478,13649,1431.638,6535556.94193,0
1770016200000,4574.46,4574.46,4555.00,4559.26,2965.051,1770016499999,13524323.05541,11369,1257.126,5735547.50686,0
1770016500000,4558.94,4577.75,4548.14,4550.02,3299.902,1770016799999,15042683.28579,12523,1535.473,7001640.62112,0
1770016800000,4549.56,4575.00,4544.80,4566.24,2390.263,1770017099999,10893703.05848,10180,1272.312,5798988.48358,0
1770017100000,4566.81,4591.02,4565.02,4574.65,2929.680,1770017399999,13419014.58610,11587,1564.816,7168269.42681,0
1770017400000,4574.64,4581.71,4543.64,4550.73,2613.032,1770017699999,11906378.33609,12000,1120.546,5105758.65430,0
1770017700000,4550.54,4585.00,4544.12,4578.62,2679.423,1770017999999,12238350.75041,10202,1487.803,6797321.14775,0
1770018000000,4578.84,4602.52,4577.59,4589.75,3650.939,1770018299999,16754202.85567,12877,1886.912,8658139.26711,0
1770018300000,4589.75,4623.00,4589.74,4618.82,3758.282,1770018599999,17312618.47733,11784,1918.989,8839342.26835,0
1770018600000,4618.83,4618.97,4586.60,4600.00,3145.152,1770018899999,14460991.38997,10772,1631.845,7501171.43939,0
1770018900000,4600.00,4613.08,4586.85,4588.94,3826.078,1770019199999,17599807.65562,10510,2009.182,9241291.76174,0
1770019200000,4588.95,4601.03,4570.04,4581.04,3628.000,1770019499999,16632914.16285,12312,1289.471,5910078.01670,0
1770019500000,4581.01,4629.85,4575.92,4624.75,2197.751,1770019799999,10116755.55304,9693,1140.066,5249037.49057,0
1770019800000,4624.92,4634.99,4608.03,4615.83,2706.548,1770020099999,12512702.85705,9492,1048.503,4847520.41950,0
1770020100000,4615.83,4637.73,4606.33,4636.73,1279.086,1770020399999,5909576.41737,6577,659.230,3046299.22912,0
1770020400000,4636.35,4653.97,4634.04,4643.90,2307.883,1770020699999,10721657.98053,9345,1153.999,5361603.18596,0
1770020700000,4643.91,4653.63,4624.58,4650.75,1733.618,1770020999999,8040562.72949,7837,860.975,3994703.13029,0
1770021000000,4650.75,4657.69,4631.14,4634.76,1751.606,1770021299999,8139580.11247,7443,786.009,3653746.31703,0
1770021300000,4634.91,4638.14,4614.29,4632.80,1836.934,1770021599999,8496744.36057,7295,966.837,4471936.04697,0
1770021600000,4632.80,4652.75,4627.15,4643.69,1639.220,1770021899999,7607479.07452,6282,756.144,3509445.00929,0
1770021900000,4643.81,4651.00,4637.85,4645.52,1248.783,1770022199999,5799991.33003,4968,618.883,2874481.31127,0
1770022200000,4645.29,4654.58,4631.22,4649.22,1771.616,1770022499999,8227277.14977,6209,967.689,4493016.96129,0
1770022500000,4649.23,4649.79,4631.33,4643.10,1594.214,1770022799999,7398083.20295,6595,705.705,3275023.64164,0
1770022800000,4643.11,4647.15,4604.87,4632.62,2081.917,1770023099999,9628433.38283,8428,860.676,3981142.79255,0
1770023100000,4632.61,4638.54,4618.08,4636.50,1366.465,1770023399999,6326516.67702,6172,627.572,2905495.89987,0
1770023400000,4636.49,4659.67,4634.50,4648.71,1515.918,1770023699999,7046258.68418,6387,802.011,3727753.59892,0
1770023700000,4648.64,4655.30,4632.16,4645.20,1444.950,1770023999999,6710294.32472,5988,645.544,2998747.27427,0
1770024000000,4645.06,4652.45,4630.70,4652.00,1088.914,1770024299999,5056065.60319,4599,578.935,2687530.50330,0
1770024300000,4652.01,4712.86,4647.00,4692.82,4915.406,1770024599999,23021259.43332,14773,3015.205,14123045.90668,0
1770024600000,4693.15,4707.22,4687.05,4692.30,3454.772,1770024899999,16232504.70115,10994,1728.889,8124596.88226,0
1770024900000,4692.31,4708.50,4680.32,4705.25,2006.392,1770025199999,9421876.79921,8109,1072.684,5037594.20778,0
1770025200000,4705.26,4716.21,4689.15,4691.84,1970.539,1770025499999,9266130.05404,7844,1049.886,4938352.44020,0
1770025500000,4691.54,4719.92,4688.60,4719.44,1852.941,1770025799999,8726872.22337,6619,1183.254,5573111.41857,0
1770025800000,4719.28,4722.64,4702.40,4718.32,1880.899,1770026099999,8865481.11998,7385,958.186,4517107.36526,0
1770026100000,4718.23,4735.97,4710.00,4720.70,2247.496,1770026399999,10614376.23283,8370,1253.045,5918248.66512,0
1770026400000,4720.69,4734.75,4713.29,4716.71,1991.543,1770026699999,9410204.04105,6994,1166.541,5512398.07594,0
1770026700000,4716.71,4723.87,4706.65,4715.84,1215.079,1770026999999,5731048.80965,5357,677.170,3194082.97280,0
1770027000000,4715.84,4733.54,4714.20,4731.74,1155.278,1770027299999,5457235.97410,5351,657.302,3104970.27985,0
1770027300000,4731.58,4732.05,4714.55,4716.02,1141.611,1770027599999,5388368.38031,4899,494.097,2332361.35254,0
1770027600000,4716.04,4719.99,4686.01,4693.79,2669.893,1770027899999,12543304.21310,9040,1345.892,6322371.81992,0
1770027900000,4693.52,4694.24,4671.93,4686.80,1779.348,1770028199999,8330559.85178,7492,836.506,3916721.66531,0
1770028200000,4686.95,4694.54,4678.94,4689.14,1255.786,1770028499999,5886635.58915,5790,725.572,3401239.10061,0
1770028500000,4689.14,4692.12,4665.54,4691.01,1957.096,1770028799999,9156702.40469,6737,721.059,3375134.73950,0
1770028800000,4691.01,4704.81,4677.30,4678.21,989.358,1770029099999,4638872.79535,4663,553.934,2598018.86045,0
1770029100000,4678.20,4684.74,4662.00,4679.95,1519.709,1770029399999,7100841.78893,5533,706.358,3300196.52375,0
1770029400000,4679.55,4702.05,4675.00,4698.08,920.409,1770029699999,4320794.00411,4969,473.779,2223986.10706,0
1770029700000,4698.45,4716.43,4697.78,4710.13,1324.023,1770029999999,6235110.99022,5354,708.027,3334133.19906,0
1770030000000,4710.13,4721.41,4707.00,4718.00,1585.606,1770030299999,7478691.69774,6117,849.879,4008837.75189,0
1770030300000,4718.15,4728.15,4716.04,4725.78,2093.644,1770030599999,9886647.20826,5785,788.935,3725691.42738,0
1770030600000,4725.78,4750.00,4721.09,4749.94,2083.954,1770030899999,9873029.75186,7172,1225.747,5807521.89096,0
1770030900000,4749.94,4759.38,4736.98,4754.17,3750.943,1770031199999,17813162.64038,10199,1636.937,7774952.00154,0
1770031200000,4754.17,4763.00,4743.01,4760.44,2838.247,1770031499999,13493915.68367,8359,1245.081,5920048.11905,0
1770031500000,4760.44,4763.63,4745.00,4756.31,1709.293,1770031799999,8125289.30561,6089,752.203,3576505.16862,0
1770031800000,4756.31,4767.45,4750.05,4753.61,1703.509,1770032099999,8106340.71495,5914,776.501,3695160.25057,0
1770032100000,4753.73,4777.23,4753.73,4775.85,1697.598,1770032399999,8098457.42502,6023,966.213,4609178.83842,0
1770032400000,4775.97,4781.40,4772.00,4774.76,1577.217,1770032699999,7534416.34255,4884,673.874,3219395.02008,0
1770032700000,4774.77,4783.80,4773.75,4780.92,1403.389,1770032999999,6708628.15154,4680,909.005,4345785.90782,0
1770033000000,4780.92,4781.75,4760.26,4766.07,1282.188,1770033299999,6115789.71407,5322,609.382,2906763.76781,0
1770033300000,4766.08,4778.46,4762.10,4767.86,1265.183,1770033599999,6032761.56282,4686,693.099,3305306.47405,0
1770033600000,4767.95,4779.74,4753.92,4760.74,1707.997,1770033899999,8142315.30591,6348,822.923,3923593.91825,0
1770033900000,4760.51,4768.49,4748.25,4766.89,2042.666,1770034199999,9714016.96019,5663,923.201,4390686.61663,0
1770034200000,4766.89,4780.00,4759.64,4767.09,1199.401,1770034499999,5721006.87248,5090,621.238,2963650.20707,0
1770034500000,4767.18,4782.99,4764.50,4781.25,1052.311,1770034799999,5024954.98758,4297,592.876,2830777.74489,0
1770034800000,4781.44,4796.42,4774.32,4787.39,1244.884,1770035099999,5958407.19577,4825,764.813,3661231.75587,0
1770035100000,4787.39,4790.53,4775.02,4781.63,2718.267,1770035399999,12994715.86286,4963,1846.781,8828852.23691,0
1770035400000,4781.64,4791.12,4775.55,4779.57,1145.217,1770035699999,5477418.91983,4039,606.238,2899565.28236,0
1770035700000,4779.56,4787.00,4772.70,4783.28,1291.076,1770035999999,6172034.38179,4735,735.710,3517194.29576,0
1770036000000,4783.27,4802.76,4780.35,4802.07,1549.547,1770036299999,7431370.65679,5226,977.280,4687508.24824,0
1770036300000,4802.08,4815.36,4787.03,4790.70,2914.054,1770036599999,13993270.29981,8834,1465.898,7040583.12927,0
1770036600000,4790.67,4796.00,4779.35,4786.21,1324.387,1770036899999,6340719.34736,5197,690.830,3308160.08253,0
1770036900000,4786.20,4795.35,4773.10,4793.15,3262.378,1770037199999,15603023.47154,6931,2088.651,9987664.10962,0
1770037200000,4793.15,4795.11,4722.00,4751.66,8001.249,1770037499999,37987244.97888,18974,3738.696,17748284.81261,0
1770037500000,4752.00,4791.27,4738.67,4786.10,2932.925,1770037799999,13975479.65633,9721,1604.392,7644195.79069,0
1770037800000,4786.10,4805.89,4777.61,4786.19,3809.224,1770038099999,18251976.20420,9683,2253.120,10797636.18701,0
1770038100000,4785.82,4795.00,4751.43,4753.90,2690.726,1770038399999,12831741.66597,7861,1363.144,6501463.12474,0
1770038400000,4754.10,4764.43,4735.24,4742.39,2496.619,1770038699999,11856999.12176,8179,1375.023,6530421.05866,0
1770038700000,4742.36,4759.30,4731.80,4745.08,2215.498,1770038999999,10513818.29606,6884,1247.989,5923739.41086,0
1770039000000,4744.68,4745.66,4707.30,4717.67,4953.035,1770039299999,23393961.34165,11180,2710.540,12802378.54374,0
1770039300000,4717.52,4722.34,4691.55,4699.04,6764.299,1770039599999,31817652.77432,12388,3647.465,17158373.52055,0
1770039600000,4699.13,4702.00,4679.04,4696.77,3962.098,1770039899999,18574845.83540,8857,2227.655,10444381.30842,0
1770039900000,4696.78,4719.97,4694.51,4706.38,2551.642,1770040199999,12018007.35253,8369,1450.301,6830835.89908,0
1770040200000,4706.55,4731.70,4703.41,4727.01,1920.922,1770040499999,9059935.04198,6692,903.631,4261846.22371,0
1770040500000,4726.38,4726.66,4708.53,4715.20,1317.075,1770040799999,6213821.10849,5160,652.788,3079820.10720,0
1770040800000,4715.25,4739.05,4706.37,4711.98,2689.301,1770041099999,12704077.25000,7905,1130.765,5340707.37230,0
1770041100000,4712.30,4735.39,4712.30,4721.36,1939.433,1770041399999,9165063.98808,5727,968.513,4576715.61969,0
1770041400000,4721.61,4745.86,4713.84,4733.09,2103.300,1770041699999,9954847.48360,6455,1091.064,5164278.06478,0
1770041700000,4733.09,4736.20,4700.95,4702.30,1849.346,1770041999999,8735150.38363,6068,700.918,3311944.13244,0
1770042000000,4702.19,4711.18,4686.43,4708.79,2131.414,1770042299999,10013796.27912,7162,1055.842,4961356.85455,0
1770042300000,4708.79,4736.19,4699.76,4726.82,1695.985,1770042599999,8002576.54163,5897,839.171,3960113.81420,0
1770042600000,4726.83,4768.50,4718.05,4767.66,4867.542,1770042899999,23096421.81144,13723,2285.084,10840984.02126,0
1770042900000,4767.66,4798.47,4758.57,4785.20,4607.999,1770043199999,22020588.22595,12365,2080.427,9941513.75578,0
1770043200000,4785.19,4799.25,4760.08,4762.35,4450.775,1770043499999,21280921.56223,11971,1570.848,7508392.02713,0
1770043500000,4762.13,4770.70,4736.41,4741.16,4466.419,1770043799999,21224833.92752,12547,2152.442,10230216.79911,0
1770043800000,4741.29,4755.70,4725.66,4725.70,2706.165,1770044099999,12834073.41994,9313,1263.114,5991052.59236,0
1770044100000,4725.83,4736.68,4706.85,4726.73,4230.341,1770044399999,19971177.89303,11633,1852.514,8746831.85901,0
1770044400000,4726.73,4740.70,4697.36,4736.85,6172.514,1770044699999,29120040.94358,14375,2571.830,12133695.46386,0
1770044700000,4736.86,4749.75,4714.59,4737.77,3597.265,1770044999999,17033456.70059,10339,1722.527,8156871.31700,0
1770045000000,4737.78,4738.58,4700.97,4716.37,3131.659,1770045299999,14771838.43923,10570,1496.372,7057830.73377,0
1770045300000,4716.51,4731.30,4703.44,4714.23,2861.865,1770045599999,13502904.12018,8537,1448.540,6835171.02791,0
1770045600000,4713.95,4716.35,4691.11,4704.33,2456.071,1770045899999,11555416.90478,8366,1114.316,5243150.78463,0
1770045900000,4704.33,4722.68,4680.92,4688.70,3218.386,1770046199999,15129079.02042,8938,1435.888,6749007.42737,0
1770046200000,4688.70,4692.33,4655.28,4690.01,5742.995,1770046499999,26830075.66545,14465,2688.537,12563022.63973,0
1770046500000,4690.03,4707.70,4680.91,4707.45,3961.714,1770046799999,18588811.88364,11419,2014.692,9455306.05986,0
1770046800000,4707.26,4709.70,4673.57,4681.78,3631.363,1770047099999,17021867.19877,11661,1317.086,6174797.62959,0
1770047100000,4681.78,4684.02,4655.00,4667.28,2843.149,1770047399999,13263728.63418,11029,1280.684,5974101.93307,0
1770047400000,4667.39,4668.21,4633.00,4647.63,3269.966,1770047699999,15208712.49453,12734,1386.633,6450807.73204,0
1770047700000,4647.55,4649.68,4622.00,4625.29,2878.381,1770047999999,13345455.73021,11992,1226.873,5688632.28030,0
1770048000000,4625.30,4653.94,4604.50,4652.56,5504.330,1770048299999,25475060.50284,16139,2852.601,13204743.65984,0
1770048300000,4652.56,4685.19,4647.25,4682.60,3934.256,1770048599999,18366076.32059,12577,1889.234,8820629.20858,0
1770048600000,4682.60,4711.91,4675.33,4702.37,3709.660,1770048899999,17407813.08195,13315,1863.676,8748191.20213,0
1770048900000,4702.40,4705.83,4678.35,4693.34,3068.083,1770049199999,14396033.54526,11482,1422.835,6674924.07598,0
1770049200000,4693.34,4716.35,4690.48,4702.30,2702.171,1770049499999,12714886.50196,10243,1343.951,6324019.04612,0
1770049500000,4702.31,4703.07,4670.01,4677.14,3186.878,1770049799999,14926037.15471,12044,1484.726,6954371.53018,0
1770049800000,4677.00,4688.75,4652.37,4664.05,2777.447,1770050099999,12963369.57725,11247,1372.900,6409134.41052,0
1770050100000,4664.09,4684.05,4661.78,4683.47,2082.770,1770050399999,9731107.17589,9214,1010.118,4720072.24364,0
1770050400000,4683.29,4693.60,4673.95,4673.96,1970.595,1770050699999,9235820.49740,8245,936.664,4390488.10514,0
1770050700000,4673.86,4675.33,4660.00,4664.79,2255.650,1770050999999,10528482.83685,7367,1112.732,5193686.26132,0
1770051000000,4664.80,4675.00,4657.46,4673.01,1824.579,1770051299999,8513295.41911,7474,955.670,4458935.23878,0
1770051300000,4672.89,4682.62,4665.35,4670.96,1340.223,1770051599999,6264094.70594,6171,706.958,3304482.43301,0
1770051600000,4670.95,4687.24,4665.95,4680.27,1794.208,1770051899999,8396703.75243,7131,863.542,4041216.08817,0
1770051900000,4680.26,4718.51,4675.61,4717.17,2790.602,1770052199999,13121851.99773,9240,1435.854,6750608.51475,0
1770052200000,4717.29,4718.46,4701.90,4711.81,1563.124,1770052499999,7362082.85191,6544,667.375,3143043.80625,0
1770052500000,4712.05,4718.26,4680.20,4685.01,1799.014,1770052799999,8444759.06816,7073,856.057,4018035.90585,0
1770052800000,4685.00,4689.53,4672.97,4679.27,1935.416,1770053099999,9059092.56746,7313,1088.280,5093735.09478,0
1770053100000,4679.17,4684.40,4666.44,4674.30,1223.076,1770053399999,5718259.15824,5793,664.622,3107598.97072,0
1770053400000,4674.29,4694.22,4663.43,4680.24,1904.052,1770053699999,8907621.73191,8820,992.538,4643741.59435,0
1770053700000,4680.05,4684.54,4666.72,4673.65,1102.197,1770053999999,5152300.37709,5932,562.729,2630622.70150,0
1770054000000,4673.65,4682.68,4667.85,4679.08,1072.078,1770054299999,5012584.91278,4974,525.773,2458342.14790,0
1770054300000,4679.22,4685.53,4669.41,4685.19,1014.528,1770054599999,4743005.22590,5546,491.460,2297493.82554,0
1770054600000,4685.20,4691.00,4676.42,4679.05,1198.097,1770054899999,5612922.69708,5772,604.555,2832374.62085,0
1770054900000,4678.88,4692.84,4678.11,4680.02,935.338,1770055199999,4382793.30191,4868,462.088,2165069.11391,0
1770055200000,4679.69,4679.69,4654.22,4658.41,1539.042,1770055499999,7174396.65289,7022,769.216,3585945.13789,0
1770055500000,4658.73,4669.91,4654.49,4667.06,1099.855,1770055799999,5128536.94502,5330,575.828,2685296.08082,0
1770055800000,4667.18,4676.25,4637.55,4641.28,1556.576,1770056099999,7249506.94207,7387,616.960,2872998.92911,0
1770056100000,4641.26,4645.24,4624.50,4630.30,2040.364,1770056399999,9457965.61822,8156,1088.943,5048536.99519,0
1770056400000,4630.29,4652.29,4629.39,4645.01,1615.442,1770056699999,7499987.14640,7930,790.372,3669370.00573,0
1770056700000,4645.01,4647.98,4629.67,4637.16,1350.157,1770056999999,6263867.73358,7333,567.023,2630156.18177,0
1770057000000,4637.19,4662.65,4637.19,4661.57,1187.894,1770057299999,5526353.87714,5647,670.991,3121456.54168,0
1770057300000,4661.57,4679.03,4660.32,4666.48,1181.194,1770057599999,5514759.26451,5373,601.621,2809188.75704,0
1770057600000,4666.50,4675.71,4662.01,4662.14,664.781,1770057899999,3103885.53972,4365,276.139,1289254.72726,0
1770057900000,4662.14,4679.22,4654.30,4675.33,3180.801,1770058199999,14847865.67589,6385,1547.544,7222187.11530,0
1770058200000,4675.45,4680.09,4656.87,4658.45,1180.625,1770058499999,5508512.45974,4959,496.951,2318686.02660,0
1770058500000,4658.46,4666.78,4652.71,4663.72,989.511,1770058799999,4609775.41037,4955,359.876,1676772.02212,0
1770058800000,4663.71,4663.71,4647.65,4653.89,1253.590,1770059099999,5833464.66810,6032,586.033,2726907.28195,0
1770059100000,4653.89,4662.92,4645.53,4651.43,1095.363,1770059399999,5099086.01141,4918,500.905,2331699.73308,0
1770059400000,4651.41,4669.46,4651.41,4654.75,587.833,1770059699999,2739517.71357,4132,270.516,1260917.52871,0
1770059700000,4654.75,4658.78,4641.29,4642.00,590.641,1770059999999,2746027.16078,3861,291.027,1353344.93538,0
1770060000000,4642.11,4657.24,4638.40,4657.24,549.618,1770060299999,2552938.46584,3191,317.911,1476657.06483,0
1770060300000,4656.98,4659.70,4645.72,4649.73,527.335,1770060599999,2452754.22272,3542,246.710,1147438.54037,0
1770060600000,4649.63,4663.26,4642.90,4655.83,609.618,1770060899999,2837864.57027,3645,347.209,1616705.58557,0
1770060900000,4655.83,4671.43,4655.35,4666.69,678.310,1770061199999,3162992.57547,4122,331.115,1544216.14441,0
1770061200000,4666.84,4706.76,4666.35,4700.11,2621.333,1770061499999,12294759.93887,9744,1386.324,6500762.41136,0
1770061500000,4700.01,4715.79,4698.78,4711.10,1734.300,1770061799999,8165407.71035,7288,730.762,3440427.52197,0
1770061800000,4711.10,4717.64,4691.67,4696.24,1427.945,1770062099999,6718616.23710,6753,597.668,2811949.36397,0
1770062100000,4696.24,4697.38,4682.46,4690.52,1147.655,1770062399999,5381489.15209,6514,546.863,2563939.78750,0
1770062400000,4690.52,4699.28,4679.78,4681.34,871.650,1770062699999,4087948.15544,5179,368.331,1727468.68873,0
1770062700000,4681.32,4703.68,4675.03,4699.10,1042.163,1770062999999,4884981.53496,5056,548.832,2573238.45935,0
1770063000000,4699.25,4705.60,4691.20,4698.26,954.887,1770063299999,4487794.51647,5306,424.810,1996557.84325,0
1770063300000,4698.19,4698.19,4681.25,4682.98,933.677,1770063599999,4380683.23849,5175,489.915,2298817.73540,0
1770063600000,4683.02,4685.35,4658.17,4665.35,2177.869,1770063899999,10163811.48276,7486,951.581,4442116.07946,0
1770063900000,4665.17,4680.92,4660.50,4677.99,751.172,1770064199999,3509754.62543,4509,421.619,1969927.31054,0
1770064200000,4678.00,4679.74,4664.50,4672.51,518.504,1770064499999,2421935.30549,3806,229.265,1070664.06183,0
1770064500000,4672.54,4682.75,4668.86,4676.27,1117.874,1770064799999,5226708.48195,5377,603.405,2821394.06876,0
1770064800000,4676.23,4698.73,4673.86,4685.60,1604.839,1770065099999,7524011.84986,5048,941.880,4415733.31046,0
1770065100000,4685.58,4686.50,4668.72,4674.31,886.918,1770065399999,4149523.01076,4424,434.769,2034291.78885,0
1770065400000,4674.32,4683.58,4669.07,4671.11,603.640,1770065699999,2823523.61577,3951,325.707,1523475.56472,0
1770065700000,4671.11,4685.86,4656.26,4661.54,2023.918,1770065999999,9459736.81663,7320,986.477,4610643.89460,0
1770066000000,4661.45,4674.64,4652.71,4664.61,1036.152,1770066299999,4831451.73996,4971,519.037,2420351.44599,0
1770066300000,4664.60,4673.29,4662.71,4671.97,440.686,1770066599999,2056934.67253,2493,245.090,1144148.24455,0
1770066600000,4671.96,4683.83,4669.79,4681.80,400.530,1770066899999,1873701.88366,3038,191.381,895206.91796,0
1770066900000,4681.81,4687.05,4675.79,4677.40,450.896,1770067199999,2111143.39140,2933,231.658,1084511.03732,0
1770067200000,4677.53,4680.60,4667.78,4680.07,585.841,1770067499999,2738516.58007,3520,349.092,1631875.49102,0
1770067500000,4680.15,4694.19,4680.15,4689.00,657.514,1770067799999,3081610.87224,3827,314.321,1473305.56869,0
1770067800000,4688.80,4693.86,4677.74,4677.86,441.107,1770068099999,2066050.04271,2532,209.203,980057.80296,0
1770068100000,4677.80,4690.43,4677.80,4689.43,403.442,1770068399999,1891022.31292,2252,212.116,994230.08018,0
1770068400000,4689.43,4691.61,4676.65,4676.66,506.864,1770068699999,2373785.64520,2732,217.602,1018964.22998,0
1770068700000,4676.66,4682.22,4673.42,4674.51,378.154,1770068999999,1768971.49228,2597,174.014,813961.54847,0
1770069000000,4674.52,4677.47,4657.81,4675.89,765.755,1770069299999,3574996.22976,4959,445.861,2081558.18187,0
1770069300000,4675.89,4675.94,4663.14,4670.86,284.409,1770069599999,1327857.18579,2991,133.899,625093.55795,0
1770069600000,4670.85,4677.40,4668.60,4668.60,217.368,1770069899999,1016060.23013,2064,110.182,515031.57178,0
1770069900000,4668.60,4675.99,4667.36,4668.55,177.878,1770070199999,830893.52881,1041,72.724,339705.73399,0
1770070200000,4668.55,4675.86,4666.01,4669.97,148.672,1770070499999,694559.71419,1137,74.016,345739.24589,0
1770070500000,4669.74,4675.60,4667.65,4673.64,114.685,1770070799999,535787.75221,972,66.536,310845.81963,0
1770070800000,4673.64,4679.81,4671.26,4673.64,211.090,1770071099999,986921.63167,1416,96.711,452145.48008,0
1770071100000,4673.64,4676.55,4670.34,4671.52,233.250,1770071399999,1090004.18395,1171,107.500,502296.19768,0
1770071400000,4671.52,4675.35,4670.37,4670.38,105.058,1770071699999,490967.48489,686,48.469,226485.66340,0
1770071700000,4670.37,4675.32,4670.37,4672.99,73.701,1770071999999,344390.94863,553,38.570,180212.48498,0
1770072000000,4672.99,4677.68,4671.90,4672.99,142.654,1770072299999,666822.80429,1428,85.955,401766.75526,0
1770072300000,4672.97,4673.00,4667.45,4669.97,219.139,1770072599999,1023463.57268,1815,87.240,407534.42086,0
1770072600000,4670.11,4672.59,4667.15,4668.30,186.040,1770072899999,868739.39329,1297,72.514,338637.50396,0
1770072900000,4668.30,4673.00,4666.72,4672.74,237.477,1770073199999,1108986.47516,1737,113.887,531865.09153,0
1770073200000,4672.73,4714.85,4670.23,4701.21,3388.334,1770073499999,15909596.82626,15095,1914.315,8988133.39214,0
1770073500000,4701.37,4730.65,4701.37,4723.20,4081.571,1770073799999,19244070.24395,14258,2030.936,9574858.09745,0
1770073800000,4723.27,4728.57,4713.86,4726.02,1159.855,1770074099999,5476713.10959,6769,585.129,2762887.83754,0
1770074100000,4726.01,4748.46,4723.64,4747.79,1310.989,1770074399999,6209960.26433,7184,733.023,3471443.61003,0
1770074400000,4747.79,4762.92,4737.18,4761.37,2184.068,1770074699999,10376214.55897,9010,1268.101,6025219.15649,0
1770074700000,4761.37,4765.13,4741.27,4743.26,1408.827,1770074999999,6696935.48339,7794,654.804,3112676.62297,0
1770075000000,4743.27,4745.33,4724.16,4743.91,1824.249,1770075299999,8634314.23663,8081,801.811,3795738.45674,0
1770075300000,4743.90,4755.30,4733.40,4753.99,1186.263,1770075599999,5627557.34884,6610,573.443,2720535.02285,0
1770075600000,4753.98,4753.98,4733.85,4734.88,1057.546,1770075899999,5013239.12149,5683,495.558,2348856.71974,0
1770075900000,4735.06,4758.61,4733.05,4757.07,1162.303,1770076199999,5513643.91189,4990,704.567,3342338.93188,0
1770076200000,4757.07,4769.69,4751.07,4763.03,3736.521,1770076499999,17803645.69753,9421,2200.673,10486669.87414,0
1770076500000,4763.03,4774.42,4759.80,4773.15,2113.789,1770076799999,10075535.83938,7072,1224.846,5838872.22456,0
1770076800000,4773.16,4799.61,4772.46,4798.41,3862.750,1770077099999,18486898.94723,12317,1799.710,8614236.54436,0
1770077100000,4798.45,4799.46,4776.00,4779.80,2464.881,1770077399999,11799248.33173,9191,849.852,4067432.89849,0
1770077400000,4779.81,4788.98,4767.46,4788.18,1407.032,1770077699999,6721306.17009,6275,615.333,2939663.71386,0
1770077700000,4788.20,4810.77,4788.20,4810.15,2512.733,1770077999999,12063149.19662,10695,1311.163,6295135.57632,0
1770078000000,4810.14,4817.70,4802.01,4813.33,2662.193,1770078299999,12802892.56920,9354,1767.978,8502637.86698,0
1770078300000,4813.55,4826.95,4812.98,4818.00,2447.893,1770078599999,11798700.58415,8443,1089.591,5252376.83637,0
1770078600000,4818.00,4828.69,4813.09,4822.86,2541.693,1770078899999,12252935.43361,8683,1131.708,5455811.48370,0
1770078900000,4822.73,4828.69,4813.84,4819.39,2046.739,1770079199999,9869162.78064,7537,901.556,4347413.01789,0
1770079200000,4819.91,4826.05,4814.27,4820.06,1023.645,1770079499999,4933618.97596,4948,507.539,2446099.60385,0
1770079500000,4820.27,4826.83,4796.09,4804.35,1991.951,1770079799999,9580506.73049,7523,1047.772,5037398.89691,0
1770079800000,4804.35,4813.16,4799.77,4802.98,1258.872,1770080099999,6049894.10106,6007,701.129,3369584.87721,0
1770080100000,4802.99,4802.99,4776.03,4785.06,3364.512,1770080399999,16121357.51371,11205,1708.441,8186460.53031,0
1770080400000,4785.08,4819.77,4770.81,4813.80,3153.717,1770080699999,15121614.15956,14352,1566.502,7511671.79861,0
1770080700000,4813.95,4813.95,4793.09,4810.26,1946.043,1770080999999,9346666.88612,10103,932.697,4479353.51672,0
1770081000000,4810.08,4831.23,4808.41,4828.89,3386.672,1770081299999,16324223.09294,10819,1816.706,8757120.37257,0
1770081300000,4829.05,4845.50,4821.68,4837.52,3011.184,1770081599999,14561191.26774,10797,1633.604,7900301.96520,0
1770081600000,4837.59,4850.00,4833.84,4842.73,2622.967,1770081899999,12704725.07451,9908,1217.190,5895720.64172,0
1770081900000,4842.73,4854.76,4841.47,4851.25,2738.293,1770082199999,13277010.79761,9472,1535.246,7444107.09786,0
1770082200000,4851.18,4855.40,4836.85,4849.39,1949.192,1770082499999,9445375.45043,9451,971.174,4706402.90367,0
1770082500000,4849.39,4851.68,4830.51,4836.17,1411.597,1770082799999,6831710.48918,8130,689.160,3335342.75850,0
1770082800000,4836.17,4849.82,4831.66,4846.69,1109.666,1770083099999,5370422.95799,6234,653.643,3163408.80365,0
1770083100000,4846.69,4850.64,4826.04,4827.00,1360.960,1770083399999,6587583.10948,6964,655.717,3174967.41855,0
1770083400000,4826.99,4834.00,4821.06,4828.60,1018.079,1770083699999,4913656.15447,6236,476.981,2302221.35064,0
1770083700000,4828.49,4847.00,4828.13,4841.10,823.712,1770083999999,3987445.87531,5054,447.078,2164290.44135,0
1770084000000,4841.08,4841.98,4807.86,4813.15,1741.873,1770084299999,8405826.68685,7935,779.238,3760494.03911,0
1770084300000,4813.05,4823.70,4805.08,4813.98,1840.112,1770084599999,8858579.50088,8810,978.729,4711924.26825,0
1770084600000,4813.95,4814.68,4790.33,4800.75,2649.982,1770084899999,12724963.31459,10826,1395.989,6703659.52627,0
1770084900000,4800.75,4801.65,4772.31,4782.53,3173.896,1770085199999,15194423.21366,11743,1525.655,7304624.86682,0
1770085200000,4782.53,4800.23,4780.00,4793.67,1884.518,1770085499999,9029457.78950,8403,1060.455,5081644.82634,0
1770085500000,4793.65,4794.35,4765.18,4774.41,2338.097,1770085799999,11163774.86687,9279,1249.637,5966336.20964,0
1770085800000,4774.65,4779.55,4761.75,4777.02,2839.840,1770086099999,13549110.94690,13351,1548.280,7387074.01852,0
1770086100000,4777.01,4788.59,4766.82,4781.29,1905.655,1770086399999,9107662.33273,9050,1066.343,5096397.59469,0
1770086400000,4781.12,4783.66,4757.91,4758.00,1345.316,1770086699999,6419604.87413,8034,540.987,2582309.43629,0
1770086700000,4758.00,4768.58,4748.13,4764.34,3366.603,1770086999999,16015745.15165,11892,1687.681,8030183.02350,0
1770087000000,4764.44,4779.32,4754.36,4773.43,2155.999,1770087299999,10279464.51785,7993,849.359,4049368.55491,0
1770087300000,4773.42,4786.87,4768.40,4786.46,1231.932,1770087599999,5883831.20154,6206,625.577,2988335.79990,0
1770087600000,4786.07,4795.55,4783.44,4792.06,2050.404,1770087899999,9821058.56909,8109,807.692,3868604.77801,0
1770087900000,4792.04,4795.92,4775.40,4779.84,1161.482,1770088199999,5558598.79214,6255,475.144,2273965.79269,0
1770088200000,4779.46,4780.00,4767.05,4771.65,1062.304,1770088499999,5069418.88226,5702,385.789,1841053.64075,0
1770088500000,4771.12,4776.31,4761.14,4771.64,1112.069,1770088799999,5303486.43687,5467,474.450,2262523.18758,0
1770088800000,4771.08,4781.81,4763.06,4767.88,1236.226,1770089099999,5900148.17766,6341,602.860,2877322.12887,0
1770089100000,4768.06,4776.24,4756.75,4776.17,1159.811,1770089399999,5526763.10823,5664,508.020,2421212.45631,0
1770089400000,4776.17,4791.14,4773.20,4787.17,1650.804,1770089699999,7899678.88785,6512,944.295,4519040.38996,0
1770089700000,4787.43,4807.26,4783.78,4806.58,1352.687,1770089999999,6490787.10914,5368,849.099,4074747.17634,0
1770090000000,4806.54,4813.99,4803.55,4808.86,1163.354,1770090299999,5594895.58748,5076,525.485,2527144.08593,0
1770090300000,4808.73,4809.31,4796.13,4797.37,1117.274,1770090599999,5363880.67163,5404,441.756,2120996.25541,0
1770090600000,4797.38,4803.47,4790.11,4802.71,660.934,1770090899999,3171367.72340,3763,324.023,1554659.34391,0
1770090900000,4802.72,4814.72,4802.72,4810.96,743.932,1770091199999,3578057.04125,3507,424.556,2041973.88462,0
1770091200000,4811.00,4821.85,4810.18,4817.69,1011.309,1770091499999,4871188.19712,4577,612.305,2949472.60527,0
1770091500000,4817.96,4826.91,4814.68,4816.42,1076.820,1770091799999,5190306.98928,5002,515.158,2483149.07047,0
1770091800000,4816.42,4824.82,4815.72,4817.16,473.117,1770092099999,2280577.01959,2957,204.552,986121.02995,0
1770092100000,4817.16,4819.88,4809.28,4817.12,691.846,1770092399999,3330942.42058,3562,271.978,1309399.98888,0
1770092400000,4817.12,4820.00,4804.33,4806.88,765.906,1770092699999,3686976.41253,3725,314.090,1511893.69542,0
1770092700000,4806.88,4813.50,4804.52,4809.14,574.674,1770092999999,2763824.80568,3544,288.311,1386692.83590,0
1770093000000,4809.11,4818.77,4809.11,4817.03,588.121,1770093299999,2831991.98995,3086,318.916,1535647.40731,0
1770093300000,4817.03,4829.36,4809.32,4825.19,600.108,1770093599999,2892620.62317,3668,309.262,1490717.86393,0
1770093600000,4825.05,4826.13,4817.40,4822.45,584.975,1770093899999,2820348.23462,3249,332.033,1600896.57300,0
1770093900000,4822.46,4828.74,4820.90,4823.89,568.964,1770094199999,2745447.41136,2700,323.666,1561886.09131,0
1770094200000,4823.88,4825.00,4818.24,4822.59,437.563,1770094499999,2109687.56422,2487,160.471,773755.94230,0
1770094500000,4822.59,4823.00,4810.95,4812.29,454.404,1770094799999,2188820.46210,2908,209.556,1009381.35140,0
1770094800000,4812.13,4822.24,4812.13,4818.81,699.317,1770095099999,3369313.96041,3211,411.027,1980220.80056,0
1770095100000,4818.84,4821.88,4812.22,4821.76,387.960,1770095399999,1869185.97142,2290,214.182,1031908.57887,0
1770095400000,4821.77,4823.26,4812.98,4815.59,515.111,1770095699999,2481279.63098,2958,279.246,1344940.24829,0
1770095700000,4815.59,4826.45,4815.03,4823.73,505.028,1770095999999,2435208.56290,2066,226.498,1092219.28611,0
1770096000000,4823.73,4832.00,4823.00,4826.83,596.717,1770096299999,2880862.69944,3028,326.387,1575777.94240,0
1770096300000,4826.82,4844.34,4825.16,4843.33,987.268,1770096599999,4773977.21016,4067,560.013,2707823.18482,0
1770096600000,4843.14,4843.31,4825.70,4834.47,1359.624,1770096899999,6569530.83444,6512,737.187,3561872.32854,0
1770096900000,4834.47,4838.00,4822.75,4835.51,772.570,1770097199999,3733093.54061,4963,446.655,2158399.24581,0
1770097200000,4835.20,4840.00,4818.49,4824.03,907.127,1770097499999,4381232.16761,4113,383.368,1851851.56268,0
1770097500000,4824.03,4831.32,4815.42,4830.75,869.013,1770097799999,4191736.39107,4308,387.253,1868251.48119,0
1770097800000,4830.85,4833.40,4826.16,4827.43,461.061,1770098099999,2226996.85334,3167,236.428,1142000.54422,0
1770098100000,4827.44,4833.00,4823.07,4827.55,467.860,1770098399999,2258784.46630,3172,211.562,1021492.16149,0
1770098400000,4827.67,4832.41,4820.50,4824.31,523.251,1770098699999,2524533.29659,3455,276.065,1331918.45226,0
1770098700000,4824.25,4830.99,4820.95,4829.61,466.871,1770098999999,2252990.80673,3037,242.808,1171760.41893,0
1770099000000,4829.60,4852.67,4827.57,4845.85,1216.899,1770099299999,5893125.44118,5461,736.433,3566585.24015,0
1770099300000,4845.85,4857.70,4844.36,4857.70,1427.857,1770099599999,6927998.81775,6028,731.778,3550828.38106,0
1770099600000,4857.70,4861.94,4849.94,4860.00,3376.085,1770099899999,16399461.70825,8264,2055.602,9987131.47715,0
1770099900000,4860.00,4874.79,4859.60,4872.05,2935.471,1770100199999,14287627.27676,8219,1616.614,7867834.89461,0
1770100200000,4872.15,4876.58,4868.98,4874.85,1746.637,1770100499999,8509119.02828,6152,993.092,4838160.45355,0
1770100500000,4874.90,4878.73,4870.02,4876.00,1443.931,1770100799999,7039133.48734,6549,651.887,3178211.24132,0
1770100800000,4875.81,4894.00,4874.31,4889.32,3882.281,1770101099999,18974347.99409,11708,1834.859,8967430.62911,0
1770101100000,4889.30,4891.95,4872.46,4873.72,2934.209,1770101399999,14335428.88351,8859,1257.074,6141009.86173,0
1770101400000,4873.77,4880.43,4865.00,4870.03,3830.732,1770101699999,18667315.83113,10951,1735.970,8458297.31984,0
1770101700000,4870.03,4881.00,4870.03,4879.08,1258.165,1770101999999,6133782.19294,5236,656.252,3199522.95796,0
1770102000000,4879.07,4879.39,4868.89,4878.19,1376.107,1770102299999,6707957.16191,4987,712.992,3475663.34743,0
1770102300000,4878.19,4886.48,4877.60,4883.72,839.740,1770102599999,4100334.66941,4070,428.494,2092308.07351,0
1770102600000,4883.72,4895.00,4882.39,4894.50,1112.815,1770102899999,5439630.33063,4785,741.615,3625489.59471,0
1770102900000,4894.50,4895.00,4881.11,4883.63,2249.026,1770103199999,10990816.60177,5968,836.681,4088223.62501,0
1770103200000,4883.62,4894.83,4882.54,4892.29,1022.558,1770103499999,4999568.55423,4156,626.517,3063066.44486,0
1770103500000,4892.30,4904.99,4890.60,4900.82,1713.603,1770103799999,8396102.78788,6929,981.045,4807021.66996,0
1770103800000,4900.97,4922.00,4899.21,4916.42,3587.559,1770104099999,17620793.09725,10215,1804.056,8861452.15616,0
1770104100000,4916.42,4928.80,4915.02,4928.80,1919.961,1770104399999,9451081.54079,6893,1004.726,4945982.39537,0
1770104400000,4928.71,4931.70,4919.00,4922.00,2233.860,1770104699999,11001704.27493,7171,942.003,4639552.41294,0
1770104700000,4922.00,4926.49,4910.00,4920.18,3545.439,1770104999999,17438621.89164,7419,904.907,4451747.45542,0
1770105000000,4920.19,4923.00,4912.61,4921.55,1391.597,1770105299999,6844241.14000,4813,727.509,3578258.04699,0
1770105300000,4921.54,4926.77,4912.80,4914.91,1411.380,1770105599999,6942504.77470,5116,926.622,4557584.12578,0
1770105600000,4914.92,4918.84,4901.77,4908.90,2432.545,1770105899999,11946318.70783,8070,976.108,4794388.73762,0
1770105900000,4908.93,4919.70,4898.68,4918.99,1991.046,1770106199999,9768980.30834,6632,994.930,4882703.78648,0
1770106200000,4918.99,4930.20,4912.20,4926.90,1672.626,1770106499999,8234628.23009,6151,1007.974,4962645.03572,0
1770106500000,4926.93,4940.60,4925.19,4938.68,1938.366,1770106799999,9564554.73013,8126,1087.733,5367517.74611,0
1770106800000,4938.69,4941.00,4929.55,4934.57,1621.586,1770107099999,8001455.23386,6144,651.537,3215114.55323,0
1770107100000,4934.57,4941.00,4933.13,4936.62,975.783,1770107399999,4818781.90510,4451,486.763,2403826.96504,0
1770107400000,4936.63,4938.90,4930.00,4932.70,1215.482,1770107699999,5997231.14709,5029,523.197,2581681.35257,0
1770107700000,4932.69,4938.60,4930.00,4934.42,908.767,1770107999999,4483570.02786,4188,383.612,1892681.77009,0
1770108000000,4934.15,4949.33,4932.49,4937.05,1916.650,1770108299999,9472916.46217,6638,1083.998,5358407.75267,0
1770108300000,4937.03,4939.50,4930.35,4935.39,1121.891,1770108599999,5536133.72875,4896,563.591,2781150.43880,0
1770108600000,4935.29,4937.21,4928.64,4932.18,759.914,1770108899999,3748266.08823,3830,283.958,1400683.49761,0
1770108900000,4932.18,4933.57,4910.00,4912.58,2027.882,1770109199999,9981496.62707,6708,578.360,2847960.74891,0
1770109200000,4912.59,4932.00,4910.36,4913.29,2169.590,1770109499999,10672141.23670,7798,1255.060,6175666.53963,0
1770109500000,4913.61,4923.50,4913.61,4919.53,976.534,1770109799999,4804466.09408,4632,502.766,2473547.54116,0
1770109800000,4919.53,4920.58,4908.00,4914.90,1486.288,1770110099999,7301940.77140,5813,603.741,2966331.80835,0
1770110100000,4914.86,4917.00,4904.29,4907.00,2178.627,1770110399999,10695695.89982,7089,940.962,4619966.45389,0
1770110400000,4906.95,4910.22,4900.15,4904.10,1191.293,1770110699999,5843945.20092,5198,461.746,2265296.15459,0
1770110700000,4904.10,4904.64,4890.01,4890.89,2536.279,1770110999999,12418991.64868,9076,1014.453,4966909.99892,0
1770111000000,4890.89,4903.79,4885.70,4898.72,1742.745,1770111299999,8530326.46001,6387,900.576,4408351.83901,0
1770111300000,4898.73,4916.69,4897.57,4916.69,1065.602,1770111599999,5232365.69433,4631,729.332,3581028.31681,0
1770111600000,4916.69,4924.75,4914.10,4923.70,1349.820,1770111899999,6640720.86352,4666,782.451,3849496.28444,0
1770111900000,4923.70,4927.39,4919.38,4921.92,1452.835,1770112199999,7151763.92245,4663,671.012,3303288.94876,0
1770112200000,4921.92,4924.33,4917.64,4917.79,794.886,1770112499999,3911353.54149,2916,352.959,1736882.62337,0
1770112500000,4917.79,4919.40,4914.30,4916.83,692.971,1770112799999,3407347.82744,3247,348.354,1712935.69466,0
1770112800000,4916.84,4921.72,4915.15,4918.71,692.862,1770113099999,3407692.34610,3316,370.485,1822188.91623,0
1770113100000,4918.70,4923.73,4915.21,4923.73,561.230,1770113399999,2760528.92962,2612,278.796,1371396.28878,0
1770113400000,4923.65,4931.98,4922.11,4924.75,1052.636,1770113699999,5186111.17109,4240,567.098,2794059.88270,0
1770113700000,4924.75,4924.76,4914.09,4914.78,670.187,1770113999999,3295896.31014,3268,262.979,1293362.88946,0
1770114000000,4914.80,4918.49,4914.00,4916.31,556.767,1770114299999,2737100.65975,2786,270.361,1329154.60256,0
1770114300000,4916.32,4920.78,4915.49,4916.34,713.873,1770114599999,3510624.76224,2969,337.444,1659420.59604,0
1770114600000,4916.35,4924.50,4916.35,4921.02,882.618,1770114899999,4343646.90049,4486,460.881,2268075.63717,0
1770114900000,4921.01,4921.52,4915.77,4916.98,447.818,1770115199999,2202427.81817,2490,185.299,911286.48797,0
1770115200000,4916.98,4922.30,4914.35,4921.35,446.216,1770115499999,2194477.87524,2396,256.062,1259436.51452,0
1770115500000,4921.63,4924.67,4916.05,4921.04,407.344,1770115799999,2004262.98210,2429,174.945,860791.92170,0
1770115800000,4921.04,4921.37,4909.54,4916.18,791.211,1770116099999,3889142.42060,3175,223.430,1098413.38822,0
1770116100000,4916.40,4918.04,4900.40,4901.09,1046.873,1770116399999,5137254.09025,4103,389.750,1912912.89914,0
1770116400000,4901.22,4905.00,4890.08,4904.58,1672.134,1770116699999,8188557.00991,6033,901.463,4414294.56782,0
1770116700000,4904.75,4915.88,4903.82,4908.98,845.467,1770116999999,4151504.42491,3672,426.880,2096139.06570,0
1770117000000,4909.06,4913.60,4907.80,4908.24,652.014,1770117299999,3201594.41141,3250,327.342,1607486.24935,0
1770117300000,4908.25,4911.30,4898.90,4900.85,827.005,1770117599999,4055863.18154,3842,336.359,1649441.82860,0
1770117600000,4900.86,4901.36,4883.85,4886.06,1014.464,1770117899999,4962771.78681,4469,325.419,1592250.83739,0
1770117900000,4886.03,4905.34,4886.01,4900.75,1014.009,1770118199999,4967469.11679,4291,615.637,3015143.14230,0
1770118200000,4900.75,4916.49,4897.57,4914.87,1129.202,1770118499999,5538932.94054,4129,567.365,2783259.04730,0
1770118500000,4914.73,4920.84,4911.35,4915.63,736.508,1770118799999,3621442.45405,3105,340.667,1675238.29404,0
1770118800000,4915.57,4917.10,4909.17,4910.76,434.858,1770119099999,2136483.34639,2273,206.837,1016211.65683,0
1770119100000,4910.66,4915.87,4908.15,4908.15,459.300,1770119399999,2256212.39624,2418,247.316,1214935.95819,0
1770119400000,4908.08,4910.47,4899.28,4905.56,615.693,1770119699999,3020438.01129,3657,289.777,1421607.53416,0
1770119700000,4905.38,4918.44,4905.00,4917.90,643.113,1770119999999,3159609.13729,3416,401.069,1970004.97152,0
1770120000000,4917.90,4940.88,4913.05,4936.00,2595.095,1770120299999,12793026.94884,7593,1682.742,8296222.15556,0
1770120300000,4936.00,4938.10,4929.00,4932.30,1591.449,1770120599999,7850515.31593,4845,537.793,2652808.74656,0
1770120600000,4932.30,4934.55,4927.60,4928.55,1669.015,1770120899999,8228120.74784,4323,582.221,2870550.83421,0
1770120900000,4928.54,4929.00,4915.28,4916.81,1174.497,1770121199999,5780489.81930,4298,488.508,2404029.94857,0
1770121200000,4916.77,4916.78,4903.27,4903.56,1324.878,1770121499999,6504527.78775,4930,589.078,2892262.16257,0
1770121500000,4903.56,4909.17,4895.77,4906.05,1638.284,1770121799999,8032903.43332,6562,810.017,3971865.17225,0
1770121800000,4906.06,4920.65,4903.55,4918.94,990.869,1770122099999,4866906.24539,3975,575.024,2824476.33512,0
1770122100000,4918.93,4919.34,4912.66,4914.36,702.393,1770122399999,3453146.75793,3616,319.659,1571482.11802,0
1770122400000,4914.35,4922.22,4913.40,4915.83,662.125,1770122699999,3255544.26114,3711,363.615,1787816.57856,0
1770122700000,4915.84,4921.22,4915.84,4916.20,640.718,1770122999999,3152086.12663,3563,292.261,1437849.89897,0
1770123000000,4916.20,4922.13,4911.55,4914.06,786.890,1770123299999,3869253.26613,3896,377.867,1858082.32620,0
1770123300000,4914.17,4922.06,4914.16,4918.00,693.048,1770123599999,3408061.67892,3270,331.873,1631878.36804,0
1770123600000,4918.22,4928.86,4906.45,4925.49,1984.065,1770123899999,9757183.50302,8082,1107.492,5447510.86036,0
1770123900000,4925.49,4933.00,4925.49,4929.94,1486.468,1770124199999,7328652.87731,6703,779.868,3844915.44190,0
1770124200000,4929.94,4932.20,4921.11,4931.90,946.902,1770124499999,4665418.81127,5276,411.566,2027637.33244,0
1770124500000,4931.91,4932.63,4921.65,4922.84,1439.645,1770124799999,7093142.11608,6654,686.896,3384247.80766,0
1770124800000,4922.58,4928.75,4921.71,4925.21,1251.675,1770125099999,6164901.91768,5559,621.876,3062947.87853,0
1770125100000,4925.18,4942.00,4924.88,4937.85,2678.935,1770125399999,13218586.87912,7250,1695.186,8364512.74325,0
1770125400000,4937.91,4944.01,4934.16,4939.27,1550.150,1770125699999,7656353.78939,6221,610.278,3014454.46172,0
1770125700000,4939.28,4943.00,4933.21,4934.83,1188.848,1770125999999,5869940.66867,5011,642.421,3172173.57887,0
1770126000000,4934.84,4949.14,4934.02,4947.76,1565.770,1770126299999,7741909.20088,5251,1022.113,5054173.22991,0
1770126300000,4947.76,4959.33,4947.76,4952.38,3340.130,1770126599999,16546961.30828,8402,2076.818,10288540.20789,0
1770126600000,4952.37,4954.39,4926.82,4929.76,3114.820,1770126899999,15377985.07343,8656,1533.742,7570081.14139,0
1770126900000,4929.77,4938.59,4925.22,4935.01,1718.980,1770127199999,8478172.72645,6261,1080.011,5326676.34171,0
1770127200000,4935.31,4938.76,4920.66,4925.40,1598.648,1770127499999,7877892.25967,6764,734.493,3619450.34833,0
1770127500000,4925.31,4930.79,4922.25,4930.51,1108.288,1770127799999,5460447.52992,5355,510.121,2513387.17210,0
1770127800000,4930.50,4931.05,4923.16,4925.68,518.741,1770128099999,2555566.90259,3578,274.949,1354502.66080,0
1770128100000,4925.71,4925.71,4900.21,4918.95,1816.516,1770128399999,8923637.48175,7787,852.137,4186051.47029,0
1770128400000,4918.95,4918.95,4901.59,4910.18,2929.603,1770128699999,14377420.29462,6809,1865.496,9154988.15443,0
1770128700000,4910.31,4924.00,4908.01,4923.48,1173.508,1770128999999,5768362.88626,4967,650.697,3198389.65530,0
1770129000000,4923.54,4929.10,4899.02,4903.82,2666.825,1770129299999,13100217.23330,9665,1142.065,5610937.51490,0
1770129300000,4903.81,4920.73,4896.23,4917.62,2141.102,1770129599999,10508907.27544,8658,1067.981,5241298.92755,0
1770129600000,4917.80,4925.49,4913.40,4917.78,1489.233,1770129899999,7326633.46924,7094,717.840,3531587.42722,0
1770129900000,4917.78,4923.89,4910.18,4923.44,1638.003,1770130199999,8056313.56102,6946,971.673,4779126.08200,0
1770130200000,4923.43,4931.30,4917.82,4929.71,1714.138,1770130499999,8440379.45596,6518,905.965,4461349.54769,0
1770130500000,4929.71,4929.71,4912.70,4916.16,1741.608,1770130799999,8572062.28309,6670,629.829,3099385.99155,0
1770130800000,4916.15,4922.87,4905.06,4918.42,1749.499,1770131099999,8601288.21432,7602,892.347,4387157.67349,0
1770131100000,4918.76,4939.13,4918.11,4935.57,1512.866,1770131399999,7454936.42229,6505,869.692,4285906.72258,0
1770131400000,4935.60,4946.33,4932.60,4934.84,2568.952,1770131699999,12692101.92739,7972,1233.739,6095583.20633,0
1770131700000,4935.00,4942.00,4927.43,4927.78,1222.693,1770131999999,6034905.68921,5233,568.122,2804138.56210,0
1770132000000,4927.75,4928.77,4912.97,4915.05,2725.190,1770132299999,13410185.80752,8404,1599.207,7869813.28773,0
1770132300000,4915.06,4927.66,4910.41,4925.14,2297.667,1770132599999,11303196.69455,7098,1407.038,6922028.39076,0
1770132600000,4925.14,4928.00,4916.31,4916.36,1741.924,1770132899999,8571553.80093,5344,844.223,4154526.04940,0
1770132900000,4916.65,4922.55,4911.00,4920.12,2244.736,1770133199999,11038101.42192,6355,1409.205,6930605.05199,0
1770133200000,4920.13,4924.44,4919.40,4923.56,1216.225,1770133499999,5986271.16053,3856,646.246,3180895.18636,0
1770133500000,4923.56,4927.29,4919.80,4927.19,1134.883,1770133799999,5587763.10313,3949,642.453,3163287.48176,0
1770133800000,4927.19,4936.95,4924.79,4935.68,1175.600,1770134099999,5796195.68072,4448,782.703,3859075.99858,0
1770134100000,4935.73,4940.88,4928.17,4938.52,1266.789,1770134399999,6250984.07417,4572,751.589,3709172.12693,0
1770134400000,4938.70,4955.00,4933.78,4942.92,2825.275,1770134699999,13970598.06266,7085,1617.431,7999803.10264,0
1770134700000,4942.93,4945.45,4931.00,4937.64,1499.844,1770134999999,7406275.30432,5315,648.766,3204342.88893,0
1770135000000,4937.97,4947.72,4936.34,4946.09,936.797,1770135299999,4630552.37867,3776,533.835,2638765.43674,0
1770135300000,4946.09,4975.31,4943.66,4970.17,4859.886,1770135599999,24130762.20452,12407,3217.199,15972541.94431,0
1770135600000,4970.17,4976.00,4968.91,4969.82,2406.239,1770135899999,11964114.77355,7144,1252.510,6227654.99199,0
1770135900000,4969.82,4981.98,4969.27,4973.94,2194.936,1770136199999,10922215.20340,7771,1328.561,6611084.85920,0
1770136200000,4973.94,4979.56,4966.11,4976.91,1607.528,1770136499999,7992230.47285,6302,873.073,4341332.09076,0
1770136500000,4976.91,4996.18,4976.91,4995.67,3366.474,1770136799999,16793095.02854,10453,1779.387,8875260.98233,0
1770136800000,4995.67,4995.68,4983.55,4984.20,1573.000,1770137099999,7846646.95414,6376,671.748,3350707.87791,0
1770137100000,4984.59,4986.30,4970.02,4977.85,2150.563,1770137399999,10703969.91768,7378,1163.706,5792189.87504,0
1770137400000,4977.86,4977.86,4952.11,4956.30,3095.911,1770137699999,15365431.62660,9855,1371.278,6807199.43348,0
1770137700000,4956.30,4966.50,4948.97,4956.21,2404.988,1770137999999,11923467.54301,7186,981.095,4865760.51485,0
1770138000000,4956.20,4961.65,4947.68,4954.71,2812.777,1770138299999,13943883.14199,8018,1561.744,7743467.81548,0
1770138300000,4954.70,4957.50,4936.24,4940.62,2812.784,1770138599999,13910924.87035,9917,1201.472,5941702.19512,0
1770138600000,4940.61,4948.24,4922.28,4944.57,4006.317,1770138899999,19775128.09458,13688,1655.231,8171540.85870,0
1770138900000,4944.68,4968.44,4938.01,4967.42,2120.353,1770139199999,10507614.00465,9098,1219.071,6042429.95603,0
1770139200000,4967.55,4971.40,4953.16,4956.51,1916.105,1770139499999,9504784.02393,7700,693.879,3442388.98612,0
1770139500000,4956.51,4961.45,4945.80,4950.04,2278.827,1770139799999,11286310.35586,6507,915.554,4535037.32848,0
1770139800000,4950.04,4966.65,4949.58,4957.11,1010.376,1770140099999,5009837.72798,4832,568.402,2818123.95846,0
1770140100000,4956.91,4958.88,4947.77,4953.67,965.297,1770140399999,4782237.57252,4890,435.678,2158457.29792,0
1770140400000,4953.65,4953.65,4913.52,4922.95,3861.144,1770140699999,19024908.32941,12434,1446.369,7126293.17195,0
1770140700000,4923.14,4936.40,4908.91,4933.89,2614.863,1770140999999,12865592.03314,10588,1297.524,6385443.28103,0
1770141000000,4933.82,4949.55,4932.27,4940.40,1910.257,1770141299999,9440322.36259,7418,1073.860,5307351.94801,0
1770141300000,4940.41,4942.49,4926.82,4929.34,1364.465,1770141599999,6735451.27028,6836,530.289,2617941.01322,0
1770141600000,4929.28,4939.41,4926.36,4934.40,1531.091,1770141899999,7552116.84662,6374,894.340,4411013.65794,0
1770141900000,4934.68,4950.00,4929.01,4941.31,1441.697,1770142199999,7124575.38238,6699,892.766,4411825.96055,0
1770142200000,4941.33,4953.47,4939.49,4943.17,912.193,1770142499999,4512284.52139,5411,454.438,2248139.03151,0
1770142500000,4943.18,4948.20,4935.46,4941.49,911.363,1770142799999,4503813.42914,5334,388.205,1918557.93400,0
1770142800000,4941.49,4945.50,4921.10,4923.09,1399.116,1770143099999,6904391.86883,7009,659.287,3253713.54235,0
1770143100000,4923.12,4932.27,4906.00,4909.45,2342.952,1770143399999,11531709.53836,9859,1161.527,5717989.21569,0
1770143400000,4909.48,4919.85,4884.70,4894.56,4633.919,1770143699999,22693961.90316,14184,1664.864,8153794.71466,0
1770143700000,4894.69,4906.79,4893.68,4905.21,1825.355,1770143999999,8943745.38170,8012,868.580,4256318.89734,0
1770144000000,4905.09,4914.93,4899.91,4907.82,1514.594,1770144299999,7434289.19998,7144,816.092,4005940.58591,0
1770144300000,4907.81,4916.33,4900.81,4902.30,1814.120,1770144599999,8905781.20142,6468,926.967,4550706.87948,0
1770144600000,4902.31,4911.59,4890.60,4908.84,1247.883,1770144899999,6114669.67435,5264,623.154,3053805.74640,0
1770144900000,4909.08,4914.48,4902.88,4908.34,1070.993,1770145199999,5257663.31053,4510,501.229,2460599.78585,0
1770145200000,4908.41,4908.41,4884.53,4889.59,1753.158,1770145499999,8586128.70812,6636,735.121,3600605.03506,0
1770145500000,4889.58,4894.79,4880.00,4880.18,1869.834,1770145799999,9137266.61920,6787,810.907,3963394.75004,0
1770145800000,4880.18,4922.13,4880.16,4918.80,2329.890,1770146099999,11428951.48175,7196,1464.425,7184531.51809,0
1770146100000,4918.66,4932.87,4916.97,4928.28,1724.950,1770146399999,8494021.47694,5987,957.173,4713770.58654,0
1770146400000,4928.29,4931.05,4922.13,4923.54,1824.478,1770146699999,8988607.34109,6141,731.981,3606785.88523,0
1770146700000,4923.55,4934.78,4917.42,4931.65,1412.093,1770146999999,6955336.93920,5406,717.845,3535843.80161,0
1770147000000,4931.65,4933.58,4923.00,4927.80,1597.901,1770147299999,7874879.93773,5930,789.150,3889349.10660,0
1770147300000,4927.80,4944.72,4927.00,4941.28,1787.284,1770147599999,8825409.84868,6165,989.878,4887400.42295,0
1770147600000,4941.60,4951.95,4940.36,4943.20,1443.353,1770147899999,7139283.06046,5595,763.754,3778135.51250,0
1770147900000,4943.21,4945.04,4931.11,4936.21,1331.941,1770148199999,6576189.19318,6003,556.496,2747638.81810,0
1770148200000,4936.20,4938.59,4918.21,4924.37,1331.271,1770148499999,6560668.26196,5507,619.987,3055923.20602,0
1770148500000,4924.95,4930.52,4921.80,4929.01,959.005,1770148799999,4724025.60605,5006,492.530,2426253.51318,0
1770148800000,4929.00,4929.00,4905.81,4909.56,2269.231,1770149099999,11155917.10261,7875,816.425,4014972.34144,0
1770149100000,4909.61,4918.71,4904.11,4918.71,1025.120,1770149399999,5033892.89738,5181,530.287,2603740.35289,0
1770149400000,4918.63,4922.22,4904.23,4922.00,986.234,1770149699999,4844488.51602,4516,507.593,2493204.09552,0
1770149700000,4922.09,4935.27,4913.73,4932.52,926.672,1770149999999,4563593.18640,4429,527.480,2598115.28992,0
1770150000000,4932.52,4938.14,4925.65,4937.61,817.161,1770150299999,4030492.07615,4472,374.573,1847327.87827,0
1770150300000,4937.82,4945.65,4931.45,4942.97,1981.560,1770150599999,9789727.09899,5426,766.159,3784472.10715,0
1770150600000,4942.94,4960.77,4941.90,4960.47,3032.379,1770150899999,15017015.92554,8023,1633.935,8091614.01343,0
1770150900000,4960.47,4963.38,4954.70,4958.30,1772.205,1770151199999,8789462.33131,5610,844.094,4186243.11914,0
1770151200000,4958.21,4962.00,4953.72,4957.35,1021.296,1770151499999,5063856.45304,4456,438.929,2176292.53361,0
1770151500000,4957.44,4962.00,4942.94,4944.99,1427.945,1770151799999,7073106.99907,4913,615.792,3050446.82245,0
1770151800000,4944.99,4948.35,4938.61,4944.30,999.933,1770152099999,4943397.59831,4472,536.777,2653657.31212,0
1770152100000,4944.30,4953.70,4942.04,4950.89,744.928,1770152399999,3686092.29303,4370,359.700,1779940.12217,0
1770152400000,4950.90,4961.54,4944.18,4957.94,798.700,1770152699999,3955825.25355,3904,428.137,2121099.86824,0
1770152700000,4957.84,4960.65,4952.93,4954.81,420.544,1770152999999,2084067.12610,2639,181.983,901811.08747,0
1770153000000,4954.81,4968.99,4953.91,4961.73,822.815,1770153299999,4083085.00144,3499,401.303,1991236.20149,0
1770153300000,4961.74,4962.96,4949.40,4949.40,390.929,1770153599999,1937767.46207,2170,128.803,638344.03464,0
1770153600000,4949.78,4958.36,4947.91,4957.65,398.566,1770153899999,1974522.11661,2371,270.444,1339827.45068,0
1770153900000,4957.66,4961.48,4953.45,4955.71,384.130,1770154199999,1904372.01884,2094,158.042,783478.76985,0
1770154200000,4955.75,4962.15,4955.56,4956.69,335.174,1770154499999,1662083.32699,2139,174.256,864108.80857,0
1770154500000,4956.69,4958.90,4949.51,4949.51,434.233,1770154799999,2151782.31691,2428,155.515,770571.52564,0
1770154800000,4949.50,4949.86,4940.70,4944.90,703.312,1770155099999,3477449.75619,3205,381.334,1885519.03830,0
1770155100000,4945.04,4945.75,4939.50,4943.99,349.660,1770155399999,1728046.13625,2283,146.994,726506.99212,0
1770155400000,4943.98,4949.83,4938.52,4947.98,341.600,1770155699999,1688891.04585,1866,172.484,852716.23629,0
1770155700000,4947.99,4953.82,4944.82,4951.06,227.626,1770155999999,1126604.23826,1819,123.010,608837.55170,0
1770156000000,4950.94,4951.95,4941.50,4946.72,329.046,1770156299999,1627752.76655,1778,148.169,733036.51074,0
1770156300000,4946.72,4948.35,4939.05,4943.21,754.314,1770156599999,3728697.47287,2355,397.349,1964365.03086,0
1770156600000,4943.20,4951.75,4940.57,4948.28,391.574,1770156899999,1936576.93105,1771,187.871,929184.88139,0
1770156900000,4948.27,4948.95,4941.28,4945.20,390.999,1770157199999,1933168.26506,1748,166.385,822586.13370,0
1770157200000,4945.20,4950.00,4942.80,4944.45,283.442,1770157499999,1402239.99769,1392,153.405,758908.50951,0
1770157500000,4944.44,4946.40,4941.00,4944.60,138.341,1770157799999,683775.54208,1046,61.081,301934.53758,0
1770157800000,4944.60,4950.09,4944.60,4948.48,185.710,1770158099999,918863.73044,1230,113.931,563675.09843,0
1770158100000,4948.59,4952.32,4948.59,4950.55,159.345,1770158399999,788810.43984,1069,100.890,499420.41267,0
1770158400000,4950.54,4951.43,4946.68,4950.81,297.401,1770158699999,1471742.80687,1552,128.042,633622.93246,0
1770158700000,4950.80,4950.80,4942.20,4942.30,115.006,1770158999999,568717.46626,1496,53.675,265431.10430,0
1770159000000,4942.30,4946.81,4940.99,4945.81,213.497,1770159299999,1055303.03902,2054,107.186,529894.71337,0
1770159300000,4945.81,4955.45,4941.15,4943.84,395.123,1770159599999,1955486.81059,2524,206.741,1023234.72720,0
1770159600000,4943.85,4974.91,4943.85,4960.63,3611.566,1770159899999,17915634.86585,12111,1925.510,9549559.12425,0
1770159900000,4960.36,4960.36,4912.96,4929.04,7309.161,1770160199999,36031141.34744,20457,3187.066,15710592.43256,0
1770160200000,4928.75,4938.00,4925.01,4933.60,1682.186,1770160499999,8295439.46325,7105,757.934,3737743.21826,0
1770160500000,4933.61,4946.63,4932.39,4935.34,1934.469,1770160799999,9554695.00650,7312,894.299,4417290.38192,0
1770160800000,4935.60,4941.93,4928.76,4937.95,1023.301,1770161099999,5050648.47886,5535,468.333,2311442.28473,0
1770161100000,4937.85,4943.41,4921.86,4924.87,1224.541,1770161399999,6042410.82629,5686,580.196,2862913.91193,0
1770161400000,4924.87,4940.69,4921.60,4931.46,1102.173,1770161699999,5437950.11878,5278,571.616,2820099.73315,0
1770161700000,4931.46,4943.70,4930.58,4943.70,867.388,1770161999999,4281831.52113,4009,458.339,2262790.88145,0
1770162000000,4943.70,4952.50,4940.26,4950.57,1044.278,1770162299999,5166920.69786,5112,618.329,3059391.83752,0
1770162300000,4950.66,4957.16,4942.80,4942.80,949.624,1770162599999,4701021.01652,4697,456.953,2262123.39704,0
1770162600000,4942.68,4957.19,4942.31,4945.63,790.500,1770162899999,3911799.06098,4301,390.949,1934544.60190,0
1770162900000,4945.37,4953.37,4944.30,4949.56,505.787,1770163199999,2503535.93022,3208,226.773,1122489.05337,0
1770163200000,4949.55,4961.34,4948.75,4959.15,1098.094,1770163499999,5442074.31340,5433,523.269,2593218.57135,0
1770163500000,4959.24,4973.25,4959.24,4972.56,1409.936,1770163799999,7001640.52644,5224,820.607,4075105.25972,0
1770163800000,4972.74,4990.55,4967.25,4989.55,2194.743,1770164099999,10929245.93744,7904,1210.728,6031095.52281,0
1770164100000,4989.55,5004.23,4987.17,4998.44,3308.348,1770164399999,16530647.57449,11142,1780.747,8898739.03513,0
1770164400000,4998.44,5003.27,4988.47,4996.01,2342.428,1770164699999,11705002.78197,7795,949.144,4743379.62822,0
1770164700000,4996.01,4996.79,4980.76,4984.81,2127.534,1770164999999,10611283.77928,7838,1084.591,5409098.54053,0
1770165000000,4984.82,4988.52,4971.13,4982.26,2457.955,1770165299999,12242201.15196,7469,978.382,4871911.18780,0
1770165300000,4982.26,4997.54,4982.26,4986.40,1901.234,1770165599999,9491131.66900,6313,829.946,4143919.42325,0
1770165600000,4986.41,4993.40,4983.59,4990.58,1063.125,1770165899999,5303671.06674,4664,604.831,3017446.24503,0
1770165900000,4990.59,5008.72,4989.76,5007.90,2862.236,1770166199999,14313181.95663,7526,1276.527,6383564.05861,0
1770166200000,5007.90,5009.53,4995.92,5006.95,1823.883,1770166499999,9125874.86662,6676,618.069,3092294.20430,0
1770166500000,5006.95,5020.98,5006.20,5018.62,4408.302,1770166799999,22115631.76649,11668,1965.426,9859770.93884,0
1770166800000,5018.70,5022.97,4991.00,5019.44,5714.530,1770167099999,28628387.59561,15373,2825.142,14152068.92128,0
1770167100000,5019.45,5043.62,5018.02,5037.00,3918.921,1770167399999,19722995.76105,12716,2193.191,11036445.58498,0
1770167400000,5037.02,5057.08,5037.02,5055.50,3828.948,1770167699999,19330220.70999,11312,2059.894,10400527.82040,0
1770167700000,5055.49,5057.64,5046.74,5049.77,2337.024,1770167999999,11806014.81646,8249,1018.766,5146897.97115,0
1770168000000,5049.73,5057.87,5036.76,5054.31,2423.912,1770168299999,12233575.88653,8524,1199.310,6053552.70756,0
1770168300000,5054.30,5054.30,5036.66,5042.10,1888.619,1770168599999,9526354.77590,7924,798.238,4026743.39987,0
1770168600000,5042.09,5044.41,5027.95,5033.65,2259.896,1770168899999,11378353.94547,8883,997.290,5021455.89802,0
1770168900000,5033.60,5039.81,5012.06,5021.51,4652.901,1770169199999,23364066.31956,9817,2742.590,13771405.36977,0
1770169200000,5021.51,5038.70,5020.72,5033.61,1615.741,1770169499999,8127766.07094,5460,768.287,3864359.98599,0
1770169500000,5033.61,5050.99,5029.62,5048.64,1799.963,1770169799999,9077116.91569,5959,1016.105,5125144.05358,0
1770169800000,5048.65,5051.95,5036.80,5038.79,1038.568,1770170099999,5238718.71149,4608,371.265,1872949.67204,0
1770170100000,5038.53,5049.77,5037.03,5049.23,1017.430,1770170399999,5131961.86475,4223,555.751,2803183.86342,0
1770170400000,5049.24,5067.68,5049.24,5060.45,2244.768,1770170699999,11358550.86656,7271,1400.575,7086932.05601,0
1770170700000,5060.45,5068.87,5055.93,5062.57,1799.852,1770170999999,9112009.38628,6102,868.935,4399540.40080,0
1770171000000,5062.57,5065.95,5056.88,5060.70,1613.539,1770171299999,8165964.37575,4949,663.077,3356070.62826,0
1770171300000,5060.84,5066.80,5057.74,5062.48,1229.904,1770171599999,6226060.90252,4515,763.119,3862882.13958,0
1770171600000,5062.48,5066.20,5053.58,5057.40,1187.489,1770171899999,6008584.45815,4728,392.420,1985924.41750,0
1770171900000,5057.40,5063.66,5055.90,5058.44,997.428,1770172199999,5047268.74644,4315,431.231,2182293.15912,0
1770172200000,5058.44,5060.32,5044.81,5045.34,1561.731,1770172499999,7890249.46628,6480,666.847,3369344.65088,0
1770172500000,5045.35,5051.17,5039.53,5044.69,1148.797,1770172799999,5796296.08061,5110,512.061,2583750.82957,0
1770172800000,5044.75,5061.90,5041.93,5060.50,1488.799,1770173099999,7523445.59486,4892,836.955,4229577.71276,0
1770173100000,5060.50,5061.09,5050.81,5059.40,1107.535,1770173399999,5600254.69282,4091,506.661,2562153.50302,0
1770173400000,5059.39,5059.39,5037.26,5043.30,1727.607,1770173699999,8719519.41383,6127,698.563,3525087.44858,0
1770173700000,5043.30,5048.99,5036.89,5042.30,1103.266,1770173999999,5563184.00627,5380,533.698,2691225.06327,0
1770174000000,5041.95,5049.67,5036.25,5048.77,1793.125,1770174299999,9040415.83858,6113,779.098,3928369.81591,0
1770174300000,5048.71,5053.05,5042.70,5048.91,1382.425,1770174599999,6979621.18169,5070,686.136,3464359.39075,0
1770174600000,5048.90,5058.10,5047.06,5050.97,1073.069,1770174899999,5423250.55890,4312,567.090,2866178.67171,0
1770174900000,5050.96,5054.42,5040.79,5047.14,979.483,1770175199999,4943450.84392,4524,413.938,2089260.57702,0
1770175200000,5047.14,5048.69,5040.51,5044.35,797.602,1770175499999,4023574.56895,4173,357.999,1806033.65597,0
1770175500000,5044.46,5054.10,5040.92,5051.70,770.274,1770175799999,3890506.54932,3178,371.252,1875033.57944,0
1770175800000,5051.60,5064.15,5051.34,5064.00,1552.608,1770176099999,7852666.68112,4646,1026.466,5191700.79337,0
1770176100000,5064.00,5074.04,5063.37,5072.25,1811.872,1770176399999,9185813.72972,6058,1108.317,5619079.26154,0
1770176400000,5072.26,5074.80,5064.01,5064.40,1028.930,1770176699999,5217372.41138,4087,402.868,2043426.44829,0
1770176700000,5064.41,5071.23,5064.05,5066.11,931.542,1770176999999,4720763.13020,3239,506.292,2565904.63128,0
1770177000000,5066.12,5076.94,5066.12,5075.55,1101.409,1770177299999,5588602.65751,3533,680.006,3450278.19548,0
1770177300000,5075.68,5075.68,5068.35,5071.45,731.524,1770177599999,3709947.54297,2977,274.654,1392889.04262,0
1770177600000,5071.45,5072.34,5066.55,5067.48,707.312,1770177899999,3585275.24959,2959,281.583,1427330.55645,0
1770177900000,5067.84,5073.43,5064.50,5066.27,802.268,1770178199999,4067106.44969,3083,413.191,2094965.20882,0
1770178200000,5066.26,5075.00,5066.00,5074.06,521.122,1770178499999,2643477.41983,2961,273.420,1386915.42799,0
1770178500000,5074.05,5075.99,5066.33,5069.79,687.821,1770178799999,3487163.56506,2481,253.905,1287229.63400,0
1770178800000,5069.79,5070.14,5057.25,5063.05,586.207,1770179099999,2968410.91263,2967,210.023,1063621.90342,0
1770179100000,5063.09,5065.66,5060.15,5062.99,730.534,1770179399999,3698725.86122,2960,306.276,1550758.32908,0
1770179400000,5063.00,5071.16,5061.31,5066.70,587.348,1770179699999,2975833.31230,2388,371.026,1879731.41701,0
1770179700000,5066.69,5073.69,5065.72,5072.55,733.329,1770179999999,3717070.66782,2519,392.296,1988634.09911,0
1770180000000,5072.56,5074.65,5070.45,5074.02,335.063,1770180299999,1699668.01083,2019,194.455,986446.57823,0
1770180300000,5074.02,5080.31,5073.06,5077.83,999.788,1770180599999,5075856.65991,3461,731.802,3715311.26008,0
1770180600000,5077.85,5082.42,5077.84,5082.05,836.660,1770180899999,4250184.53222,3041,548.967,2788777.90467,0
1770180900000,5082.05,5084.19,5078.00,5082.62,1321.917,1770181199999,6717433.52536,3787,792.333,4026548.59294,0
1770181200000,5082.62,5083.04,5077.61,5080.59,894.658,1770181499999,4544885.55929,3170,422.290,2145310.91603,0
1770181500000,5080.59,5085.26,5079.03,5085.20,733.612,1770181799999,3728515.13701,2760,449.206,2283151.49017,0
1770181800000,5085.20,5086.49,5082.78,5085.31,663.482,1770182099999,3373740.19786,2430,319.298,1623587.27099,0
1770182100000,5085.32,5086.85,5081.39,5082.16,697.027,1770182399999,3543787.93199,2685,316.018,1606748.84903,0
1770182400000,5082.15,5083.56,5080.04,5081.31,580.205,1770182699999,2948261.71124,2210,230.424,1170896.07169,0
1770182700000,5081.30,5083.78,5080.00,5080.84,599.197,1770182999999,3045079.83785,2293,249.234,1266668.82419,0
1770183000000,5080.84,5086.78,5075.12,5076.09,1987.764,1770183299999,10097585.22663,7396,1040.926,5288078.81466,0
1770183300000,5076.09,5078.85,5068.06,5078.40,1713.774,1770183599999,8694796.31372,5300,721.453,3660558.78796,0
1770183600000,5078.40,5088.99,5077.66,5082.98,1103.554,1770183899999,5612402.32127,3939,595.706,3029488.00753,0
1770183900000,5082.99,5091.55,5082.99,5090.70,1081.944,1770184199999,5505809.15739,3518,674.497,3432381.08062,0
1770184200000,5090.85,5092.72,5084.85,5088.52,1068.328,1770184499999,5437522.35719,3585,543.764,2767793.31519,0
1770184500000,5088.54,5088.54,5079.10,5080.05,1322.653,1770184799999,6722188.49937,4558,540.942,2749176.59257,0
1770184800000,5080.13,5083.20,5075.63,5079.85,2344.052,1770185099999,11907817.64509,5757,1163.019,5908426.09803,0
1770185100000,5079.85,5079.85,5057.05,5064.75,2897.277,1770185399999,14675622.47343,7858,1308.538,6627648.20897,0
1770185400000,5064.94,5066.31,5057.29,5060.07,1866.629,1770185699999,9449291.49703,5786,966.141,4891001.44310,0
1770185700000,5060.08,5068.99,5052.00,5065.50,2581.335,1770185999999,13058655.46436,6920,1274.062,6446637.88317,0
1770186000000,5065.51,5066.56,5054.86,5058.18,2317.177,1770186299999,11725085.48181,5486,1327.890,6719308.28682,0
1770186300000,5058.18,5062.54,5053.59,5055.45,1323.259,1770186599999,6692695.42116,4239,589.507,2981653.17020,0
1770186600000,5055.45,5065.16,5054.56,5062.06,1429.376,1770186899999,7232354.02688,5077,687.310,3477565.52874,0
1770186900000,5062.05,5069.83,5061.65,5068.71,1707.911,1770187199999,8654408.94444,4325,730.160,3699258.56024,0
1770187200000,5068.75,5071.55,5064.45,5070.98,1059.275,1770187499999,5367655.99415,3487,525.331,2662243.50267,0
1770187500000,5070.97,5081.36,5068.94,5076.28,1561.606,1770187799999,7927458.77016,4975,860.954,4370782.55997,0
1770187800000,5076.18,5079.69,5074.19,5075.66,1063.162,1770188099999,5397044.97740,3633,521.807,2648996.74859,0
1770188100000,5075.65,5078.45,5074.54,5076.99,859.679,1770188399999,4364093.29582,2881,377.842,1918096.08533,0
1770188400000,5076.99,5084.40,5066.26,5070.34,2081.512,1770188699999,10562441.71328,5667,901.701,4577550.95800,0
1770188700000,5070.34,5071.06,5062.25,5064.84,1346.847,1770188999999,6824430.79924,4283,456.197,2311726.80253,0
1770189000000,5064.83,5069.01,5064.55,5064.57,748.527,1770189299999,3792664.81930,2335,458.288,2322111.32534,0
1770189300000,5064.56,5070.13,5063.10,5068.80,515.328,1770189599999,2611087.88316,2339,289.761,1468214.16842,0
1770189600000,5068.88,5083.00,5068.80,5083.00,929.554,1770189899999,4719942.55591,3092,633.918,3219242.04556,0
1770189900000,5083.00,5090.54,5081.12,5089.86,1836.579,1770190199999,9341628.14827,4998,956.005,4862708.19188,0
1770190200000,5089.87,5090.95,5075.96,5076.17,1369.980,1770190499999,6967465.31778,4758,431.094,2192296.06963,0
1770190500000,5076.17,5076.77,5069.50,5074.14,1507.932,1770190799999,7649891.27461,5035,895.671,4543938.67967,0
1770190800000,5074.18,5084.15,5074.14,5083.35,810.331,1770191099999,4116407.26972,3107,466.544,2369844.04828,0
1770191100000,5083.45,5088.88,5082.66,5084.90,712.120,1770191399999,3621951.41094,2669,340.901,1733827.86032,0
1770191400000,5084.90,5091.00,5081.56,5089.60,748.815,1770191699999,3809197.41344,3070,325.508,1655831.99155,0
1770191700000,5089.69,5094.00,5086.55,5086.55,1197.711,1770191999999,6096721.92091,3462,641.421,3265283.79185,0
1770192000000,5086.58,5094.80,5076.76,5080.77,1389.916,1770192299999,7069672.70667,4337,685.089,3485050.26074,0
1770192300000,5081.07,5089.79,5079.47,5087.80,1175.835,1770192599999,5977817.70806,3466,735.916,3740907.98833,0
1770192600000,5087.81,5088.45,5077.34,5079.24,865.315,1770192899999,4398565.67000,3086,376.213,1912501.67797,0
1770192900000,5079.24,5088.89,5078.44,5088.69,783.459,1770193199999,3983609.99013,2737,512.353,2605135.87492,0
1770193200000,5088.68,5088.85,5083.70,5084.58,736.605,1770193499999,3746586.08921,2313,399.254,2030658.79011,0
1770193500000,5084.58,5087.61,5083.35,5086.22,585.755,1770193799999,2978938.71173,1751,312.234,1587946.48960,0
1770193800000,5086.21,5086.88,5073.66,5075.10,1617.354,1770194099999,8214022.60727,3943,849.117,4312808.74289,0
1770194100000,5075.21,5080.50,5070.31,5080.32,930.124,1770194399999,4720508.88891,3004,533.980,2710318.07071,0
1770194400000,5080.33,5083.55,5079.01,5080.97,478.634,1770194699999,2431961.30458,1997,222.047,1128274.28709,0
1770194700000,5080.97,5082.47,5075.10,5082.36,624.128,1770194999999,3169546.77980,2249,297.806,1512385.10571,0
1770195000000,5082.44,5085.34,5073.23,5080.06,770.558,1770195299999,3913202.22853,2871,373.021,1894396.48300,0
1770195300000,5080.07,5087.57,5079.09,5085.56,734.066,1770195599999,3731514.38807,2661,420.951,2139836.14569,0
1770195600000,5085.56,5088.60,5077.36,5083.56,1616.206,1770195899999,8215301.21153,4250,791.216,4021568.22611,0
1770195900000,5083.55,5084.85,5076.15,5077.50,1000.227,1770196199999,5081348.52128,3329,489.294,2485706.24453,0
1770196200000,5077.49,5077.94,5070.86,5071.94,1234.717,1770196499999,6265295.08735,4031,644.829,3272033.92565,0
1770196500000,5071.93,5072.10,5062.80,5065.29,1548.092,1770196799999,7844162.46185,5186,730.968,3703719.44230,0
1770196800000,5065.29,5068.05,5056.43,5065.90,2171.112,1770197099999,10991451.82464,5737,1134.145,5741775.88514,0
1770197100000,5065.95,5067.15,5056.16,5057.70,949.735,1770197399999,4807083.13413,3681,353.135,1787769.00194,0
1770197400000,5057.70,5058.86,5045.76,5052.91,3368.011,1770197699999,17012645.66983,7906,1267.644,6403326.68536,0
1770197700000,5052.91,5061.45,5052.90,5060.25,1538.603,1770197999999,7782332.61153,4381,810.690,4100359.77605,0
1770198000000,5060.25,5067.95,5058.40,5060.16,1304.370,1770198299999,6604642.90725,4110,805.122,4076906.99788,0
1770198300000,5060.16,5061.76,5049.81,5056.29,1400.230,1770198599999,7078588.06110,4343,840.517,4249208.01492,0
1770198600000,5056.29,5065.20,5056.29,5063.59,1013.332,1770198899999,5129838.69109,3370,544.117,2754483.97386,0
1770198900000,5063.59,5064.24,5059.21,5061.14,856.085,1770199199999,4333029.56720,2721,395.706,2002909.39578,0
1770199200000,5061.15,5067.22,5053.65,5053.65,742.413,1770199499999,3757178.18317,3248,414.351,2097333.52262,0
1770199500000,5053.65,5057.14,5050.23,5055.41,991.545,1770199799999,5011414.67544,3269,588.661,2975323.25677,0
1770199800000,5055.43,5060.40,5054.40,5056.54,639.229,1770200099999,3232849.80058,2865,356.483,1802906.19724,0
1770200100000,5056.54,5059.19,5050.81,5051.85,1310.164,1770200399999,6624026.78049,3609,633.774,3204102.49508,0
1770200400000,5051.85,5058.21,5045.17,5045.70,1980.473,1770200699999,10003743.14901,3388,1049.868,5303037.21544,0
1770200700000,5045.65,5050.79,5044.01,5046.18,1197.625,1770200999999,6045201.62551,3448,608.310,3070909.01567,0
1770201000000,5046.19,5059.57,5046.19,5057.35,1151.645,1770201299999,5821711.55609,3880,587.660,2970665.10294,0
1770201300000,5057.34,5060.40,5050.65,5057.97,1299.282,1770201599999,6568117.78582,3838,586.531,2965190.62659,0
1770201600000,5057.96,5064.30,5055.70,5062.12,649.038,1770201899999,3284632.79345,2557,322.987,1634569.38235,0
1770201900000,5062.19,5063.10,5053.56,5054.56,599.210,1770202199999,3031582.16420,2095,247.261,1251120.75901,0
1770202200000,5054.56,5055.89,5050.92,5055.21,502.762,1770202499999,2540838.01686,2173,325.645,1645800.24468,0
1770202500000,5055.23,5056.89,5048.56,5051.35,755.060,1770202799999,3814148.53272,3088,407.735,2059604.26211,0
1770202800000,5051.35,5055.69,5050.96,5052.38,723.825,1770203099999,3657454.23917,2631,447.520,2261317.67933,0
1770203100000,5052.38,5052.38,5047.08,5050.70,947.970,1770203399999,4786612.68416,3160,479.653,2421915.07447,0
1770203400000,5050.70,5050.71,5043.46,5044.00,835.935,1770203699999,4218756.61830,2785,307.242,1550721.29790,0
1770203700000,5044.01,5045.98,5015.00,5031.78,5687.042,1770203999999,28584653.28586,12594,2298.321,11551569.27943,0
1770204000000,5031.77,5035.00,5026.05,5033.63,1349.367,1770204299999,6787470.27417,4388,714.700,3595143.17704,0
1770204300000,5033.61,5034.92,5022.30,5026.10,2063.468,1770204599999,10372723.65763,5817,1172.800,5895059.00270,0
1770204600000,5025.85,5038.80,5024.48,5036.91,1795.321,1770204899999,9032913.27658,5309,1127.231,5671703.04203,0
1770204900000,5036.71,5042.95,5036.42,5041.94,1296.572,1770205199999,6533782.71647,3049,729.071,3673984.28897,0
1770205200000,5041.94,5042.00,5032.85,5035.09,1458.387,1770205499999,7347937.43013,3462,480.136,2419068.87531,0
1770205500000,5035.12,5043.15,5032.81,5043.14,828.972,1770205799999,4174497.73223,3223,419.792,2114289.18912,0
1770205800000,5043.07,5049.97,5041.52,5048.20,728.665,1770206099999,3676501.98482,2754,462.329,2332566.04446,0
1770206100000,5048.20,5054.25,5047.88,5050.14,863.369,1770206399999,4361189.85299,3186,465.072,2349280.91896,0
1770206400000,5050.14,5059.28,5049.36,5051.25,1415.394,1770206699999,7153559.47510,4194,782.185,3953473.63219,0
1770206700000,5051.26,5054.24,5042.66,5043.04,1050.145,1770206999999,5302707.33392,3342,396.298,2001532.86903,0
1770207000000,5043.04,5048.10,5039.56,5047.25,576.334,1770207299999,2907313.81705,2771,282.489,1424989.02604,0
1770207300000,5047.26,5052.06,5042.55,5044.76,675.403,1770207599999,3409566.41369,2632,269.257,1359488.65386,0
1770207600000,5044.73,5050.30,5040.63,5048.90,580.479,1770207899999,2929467.91227,2021,248.208,1252757.03105,0
1770207900000,5048.89,5050.96,5046.98,5048.62,464.453,1770208199999,2345310.79456,1948,239.810,1210954.19788,0
1770208200000,5048.61,5064.84,5048.50,5064.30,1811.571,1770208499999,9164598.37525,4862,1224.084,6192866.60386,0
1770208500000,5064.30,5065.00,5052.15,5052.15,996.663,1770208799999,5042843.73219,3538,355.388,1798327.83461,0
1770208800000,5052.15,5059.00,5052.10,5058.54,562.059,1770209099999,2841928.81837,2330,350.601,1772671.73428,0
1770209100000,5058.55,5060.25,5051.14,5055.16,620.108,1770209399999,3135652.07643,2366,277.334,1402559.98034,0
1770209400000,5055.17,5056.08,5045.49,5048.81,887.145,1770209699999,4482210.79766,2870,349.118,1763831.02687,0
1770209700000,5048.81,5049.86,5039.11,5042.68,1023.484,1770209999999,5162911.68285,3812,477.906,2410812.11443,0
1770210000000,5043.01,5047.78,5033.41,5041.08,2364.490,1770210299999,11919280.85415,8412,1172.911,5912441.72082,0
1770210300000,5041.30,5042.85,5032.83,5032.83,1990.862,1770210599999,10030975.71908,6914,1029.948,5189607.12591,0
1770210600000,5032.82,5037.10,5025.17,5032.31,1432.685,1770210899999,7209921.67679,5774,729.082,3669446.30720,0
1770210900000,5032.37,5045.96,5032.37,5040.70,1739.133,1770211199999,8764488.07505,6619,901.745,4544470.33981,0
1770211200000,5040.95,5051.37,5039.11,5047.00,1360.457,1770211499999,6864435.53621,5157,797.960,4026296.96533,0
1770211500000,5046.99,5055.98,5043.88,5051.02,1152.441,1770211799999,5821827.95483,4350,595.660,3009083.31702,0
1770211800000,5051.05,5060.00,5050.45,5058.10,1224.549,1770212099999,6191674.84883,4414,697.874,3528770.07965,0
1770212100000,5058.10,5059.30,5048.40,5048.55,886.959,1770212399999,4482891.35134,3747,376.748,1904195.50950,0
1770212400000,5048.55,5052.59,5036.25,5039.70,1585.084,1770212699999,7993912.09043,5186,646.628,3261265.85260,0
1770212700000,5039.40,5052.41,5037.85,5052.41,1469.952,1770212999999,7414175.06653,4616,857.886,4327028.64968,0
1770213000000,5052.40,5065.95,5051.97,5064.15,1943.866,1770213299999,9829683.62098,5985,1091.956,5522593.58524,0
1770213300000,5064.16,5065.05,5054.15,5055.26,1510.195,1770213599999,7643298.92292,5583,602.869,3051192.16709,0
1770213600000,5055.27,5060.68,5050.00,5050.02,1204.082,1770213899999,6085954.01384,5242,663.764,3355080.31913,0
1770213900000,5050.12,5058.72,5038.50,5040.61,1920.149,1770214199999,9695521.04539,5485,1128.310,5697422.02016,0
1770214200000,5040.52,5051.70,5039.88,5050.96,1146.580,1770214499999,5785489.67652,3792,711.114,3587907.34451,0
1770214500000,5050.96,5053.48,5037.50,5046.45,1969.667,1770214799999,9938204.00149,5473,937.037,4728164.53957,0
1770214800000,5046.07,5049.14,5038.28,5038.81,948.031,1770215099999,4781886.91781,3703,526.558,2656018.69045,0
1770215100000,5038.81,5042.59,5031.60,5034.07,1402.418,1770215399999,7064303.21052,5677,689.596,3473738.41505,0
1770215400000,5034.06,5039.27,5005.40,5017.55,6641.956,1770215699999,33353780.01736,15813,3117.413,15656332.88629,0
1770215700000,5017.55,5025.86,4973.02,4987.15,9466.993,1770215999999,47302322.98618,22317,4532.342,22647087.56277,0
1770216000000,4987.13,5001.80,4971.45,4997.97,6620.806,1770216299999,33003849.00657,17245,3871.632,19301404.75835,0
1770216300000,4997.77,5001.78,4973.81,5000.80,4717.689,1770216599999,23539251.99273,13374,2388.164,11914990.51438,0
1770216600000,5000.79,5020.50,4993.82,5013.15,5299.770,1770216899999,26545794.80880,12854,2711.811,13583899.11487,0
1770216900000,5013.14,5014.68,4978.95,4989.91,3028.786,1770217199999,15132502.48077,9666,1256.483,6277061.20453,0
1770217200000,4989.91,5002.00,4975.43,4993.33,4886.373,1770217499999,24378624.74241,13084,2496.967,12458618.65686,0
1770217500000,4993.16,5010.89,4993.16,4999.99,2434.942,1770217799999,12182191.59814,8223,1297.992,6494757.12574,0
1770217800000,5000.10,5003.93,4985.65,4994.10,3277.671,1770218099999,16368467.09644,9257,1487.448,7428757.06935,0
1770218100000,4994.24,4996.28,4975.52,4980.54,3742.145,1770218399999,18646267.77801,9665,1729.423,8617531.73860,0
1770218400000,4980.54,4988.96,4952.50,4968.89,4304.536,1770218699999,21384611.36161,12922,2049.187,10181872.92306,0
1770218700000,4968.89,4979.34,4954.61,4961.70,2835.419,1770218999999,14084520.00850,10206,1241.352,6165883.66884,0
1770219000000,4961.70,4963.97,4908.00,4923.75,9563.789,1770219299999,47186604.10971,21269,3819.684,18852837.07322,0
1770219300000,4923.88,4929.86,4889.34,4917.50,8515.636,1770219599999,41811915.96006,20380,4198.208,20615764.65455,0
1770219600000,4917.40,4949.24,4910.36,4945.36,5431.858,1770219899999,26796736.82541,12973,3219.302,15879700.27235,0
1770219900000,4945.36,4955.00,4934.41,4939.95,4140.541,1770220199999,20461645.83764,11268,2079.844,10279700.35607,0
1770220200000,4939.84,4948.28,4932.37,4940.10,2420.569,1770220499999,11960404.40883,8376,1242.980,6141826.97317,0
1770220500000,4940.13,4952.20,4915.07,4925.01,3557.841,1770220799999,17537862.03108,9595,1541.605,7599884.10446,0
1770220800000,4924.86,4926.79,4898.18,4914.42,4832.549,1770221099999,23736229.24244,12869,2251.554,11059568.63814,0
1770221100000,4914.41,4929.41,4911.06,4924.35,3665.405,1770221399999,18042215.39851,10298,2057.589,10127804.05164,0
1770221400000,4924.32,4942.85,4917.93,4933.66,4575.705,1770221699999,22555677.30827,10618,2560.103,12619521.49902,0
1770221700000,4933.66,4938.24,4915.13,4916.14,3365.528,1770221999999,16580160.51951,9420,1746.796,8605970.52681,0
1770222000000,4916.15,4916.84,4893.52,4905.04,3785.448,1770222299999,18557126.76334,9833,1858.626,9111073.38093,0
1770222300000,4905.04,4927.57,4898.40,4926.54,2862.211,1770222599999,14066044.52173,7436,1460.320,7177767.62292,0
1770222600000,4926.59,4935.61,4915.70,4927.34,3518.087,1770222899999,17331221.84593,7730,1767.440,8707708.56476,0
1770222900000,4927.35,4930.00,4910.40,4912.26,2997.998,1770223199999,14755097.74065,7487,1478.519,7276983.75554,0
1770223200000,4911.77,4911.78,4898.28,4900.06,2580.781,1770223499999,12658409.36313,7243,1292.558,6339332.32120,0
1770223500000,4900.07,4904.11,4855.01,4875.33,9800.201,1770223799999,47827338.87516,20470,4150.122,20253302.41452,0
1770223800000,4875.31,4909.00,4874.10,4903.85,4009.020,1770224099999,19616397.15365,10952,2026.441,9915725.51347,0
1770224100000,4903.86,4912.29,4898.79,4906.67,3352.775,1770224399999,16447864.71471,8444,1687.057,8276512.69352,0
1770224400000,4906.66,4918.68,4895.34,4918.00,3817.531,1770224699999,18714594.97478,9394,1868.783,9162355.55287,0
1770224700000,4918.03,4920.23,4898.24,4907.14,2184.550,1770224999999,10720487.21154,6818,1117.293,5483061.64394,0
1770225000000,4907.13,4928.28,4900.81,4924.60,4326.807,1770225299999,21285080.01388,7646,2220.527,10923318.97758,0
1770225300000,4924.60,4928.20,4910.65,4911.01,2446.484,1770225599999,12038450.13885,6108,1163.691,5726186.24234,0
1770225600000,4911.01,4919.82,4901.08,4908.30,2117.132,1770225899999,10393492.96906,6566,983.218,4827293.52466,0
1770225900000,4908.31,4922.69,4879.00,4919.19,7329.568,1770226199999,35926802.36661,12237,3313.723,16249374.51385,0
1770226200000,4919.16,4931.99,4916.70,4923.04,3981.495,1770226499999,19606963.43004,9941,1960.757,9656476.73459,0
1770226500000,4922.89,4924.11,4905.60,4913.84,2268.178,1770226799999,11148025.39639,7487,1067.716,5247952.10743,0
1770226800000,4913.84,4923.20,4906.41,4910.90,2813.235,1770227099999,13823612.26224,6906,1460.539,7177400.76105,0
1770227100000,4910.86,4913.55,4899.59,4903.49,1462.358,1770227399999,7171854.07885,5887,688.177,3374886.58341,0
1770227400000,4903.49,4910.92,4900.21,4902.15,2824.896,1770227699999,13858693.17032,6663,1411.576,6925795.35314,0
1770227700000,4902.35,4912.97,4899.36,4902.58,1804.955,1770227999999,8855278.86916,4979,870.978,4273775.46280,0
1770228000000,4902.56,4904.53,4875.53,4899.68,3910.431,1770228299999,19116742.54047,9141,1731.963,8467737.52436,0
1770228300000,4899.67,4923.16,4899.16,4912.25,3129.088,1770228599999,15358753.29816,6913,1492.336,7324002.96786,0
1770228600000,4912.25,4915.17,4908.60,4912.03,1224.286,1770228899999,6013159.36948,4204,612.922,3010436.36364,0
1770228900000,4912.03,4920.49,4904.10,4904.41,2105.125,1770229199999,10347084.39225,5561,964.255,4739385.02248,0
1770229200000,4904.41,4914.84,4899.04,4910.20,2404.933,1770229499999,11802930.33322,7237,1217.117,5972985.29041,0
1770229500000,4910.49,4937.77,4909.95,4929.30,2904.120,1770229799999,14315517.93889,7433,1652.684,8146299.11270,0
1770229800000,4929.22,4932.29,4924.38,4928.10,1508.654,1770230099999,7434176.16267,4382,768.575,3787424.37125,0
1770230100000,4928.07,4931.15,4909.01,4910.26,2133.664,1770230399999,10500952.20117,4396,988.570,4865929.59140,0
1770230400000,4910.29,4927.91,4909.98,4924.46,1157.095,1770230699999,5691940.40449,3439,743.467,3656409.31675,0
1770230700000,4924.25,4924.37,4914.82,4921.19,1366.153,1770230999999,6721670.82710,3968,602.077,2962136.04656,0
1770231000000,4921.18,4923.18,4914.42,4919.81,1206.510,1770231299999,5935008.67319,3348,764.697,3761896.53836,0
1770231300000,4919.81,4934.91,4919.81,4929.58,878.395,1770231599999,4330573.28935,3147,472.130,2327244.84596,0
1770231600000,4929.57,4936.00,4919.31,4919.31,2113.094,1770231899999,10418304.87909,5659,1053.521,5194442.87953,0
1770231900000,4919.30,4943.31,4918.52,4941.00,1638.300,1770232199999,8084509.71174,4414,896.894,4425280.89490,0
1770232200000,4941.03,4948.74,4939.52,4948.68,1660.589,1770232499999,8211708.26543,4338,766.891,3792291.42431,0
1770232500000,4948.67,4951.85,4938.00,4939.28,1550.546,1770232799999,7667434.59078,4718,817.705,4044234.76364,0
1770232800000,4939.39,4940.84,4922.58,4933.19,2004.980,1770233099999,9886496.54216,5000,1155.971,5699269.46440,0
1770233100000,4933.15,4941.60,4933.15,4935.00,862.718,1770233399999,4259784.57248,2929,317.909,1569758.42346,0
1770233400000,4935.01,4939.95,4932.41,4934.79,1741.409,1770233699999,8595678.14289,3360,830.373,4098657.25493,0
1770233700000,4934.82,4945.27,4934.47,4941.30,651.678,1770233999999,3219450.89614,2403,348.977,1723886.97821,0
1770234000000,4941.31,4948.52,4937.60,4945.89,745.724,1770234299999,3687115.65234,2733,440.021,2175871.69522,0
1770234300000,4945.74,4955.92,4935.50,4941.87,2459.511,1770234599999,12161675.19003,5609,1147.872,5676290.21469,0
1770234600000,4941.87,4960.87,4941.48,4941.48,1854.691,1770234899999,9182805.69560,4592,903.630,4474718.67101,0
1770234900000,4941.46,4947.92,4935.09,4946.13,1314.679,1770235199999,6497651.86820,3217,802.507,3966812.08372,0
1770235200000,4946.13,4950.24,4940.55,4945.41,1157.966,1770235499999,5725830.01449,3077,546.039,2700148.40880,0
1770235500000,4945.41,4946.23,4936.50,4943.55,629.391,1770235799999,3109895.29114,2552,270.519,1336704.03682,0
1770235800000,4943.55,4944.84,4925.51,4936.70,1592.797,1770236099999,7854309.88054,4434,514.738,2538778.48313,0
1770236100000,4936.80,4939.49,4927.10,4929.75,790.656,1770236399999,3899019.84489,3199,329.343,1624171.31429,0
1770236400000,4929.75,4935.74,4922.24,4929.51,942.938,1770236699999,4648032.85866,3633,428.684,2113026.81072,0
1770236700000,4929.41,4932.42,4923.31,4925.05,676.457,1770236999999,3333883.16112,2994,324.252,1597983.35456,0
1770237000000,4925.05,4930.94,4917.41,4930.49,1264.729,1770237299999,6225594.43806,4482,664.610,3271750.01405,0
1770237300000,4930.50,4951.12,4929.31,4950.30,813.775,1770237599999,4021175.93170,2896,478.616,2364709.10516,0
1770237600000,4950.33,4954.54,4945.20,4945.40,937.166,1770237899999,4638860.57486,3115,312.319,1546203.08732,0
1770237900000,4945.40,4951.70,4941.46,4943.43,660.744,1770238199999,3267306.27583,2755,350.233,1731961.95037,0
1770238200000,4943.60,4952.00,4942.56,4946.26,563.740,1770238499999,2789459.74546,2592,276.131,1366335.70710,0
1770238500000,4946.26,4953.84,4938.19,4942.77,833.246,1770238799999,4122799.90996,2796,442.879,2191300.80454,0
1770238800000,4942.79,4951.50,4941.60,4946.51,449.874,1770239099999,2225316.95517,1704,291.595,1442529.26187,0
1770239100000,4946.51,4953.45,4946.10,4949.13,510.871,1770239399999,2528410.96486,1808,207.960,1029182.91287,0
1770239400000,4949.12,4956.60,4946.86,4956.38,480.426,1770239699999,2379193.21289,1385,304.005,1505714.10823,0
1770239700000,4956.37,4962.85,4955.40,4957.10,1033.346,1770239999999,5125156.59428,2934,593.587,2944216.38180,0
1770240000000,4957.09,4957.36,4952.25,4956.79,265.645,1770240299999,1316156.67920,1444,147.774,732193.62224,0
1770240300000,4956.79,4963.57,4955.86,4963.05,343.797,1770240599999,1705379.38411,1680,214.389,1063491.99104,0
1770240600000,4963.05,4963.05,4957.60,4960.44,397.938,1770240899999,1973749.48129,1618,161.811,802556.82594,0
1770240900000,4960.43,4972.60,4960.43,4970.54,870.134,1770241199999,4323013.11690,3267,533.145,2648462.03777,0
1770241200000,4970.54,4970.65,4963.19,4966.00,837.899,1770241499999,4161918.26753,2752,441.488,2192830.44392,0
1770241500000,4966.00,4967.40,4961.23,4964.84,485.686,1770241799999,2410823.96441,1761,212.563,1055047.70530,0
1770241800000,4964.85,4972.68,4964.56,4968.12,575.449,1770242099999,2859585.65302,1969,330.822,1643970.07577,0
1770242100000,4968.13,4970.64,4965.60,4968.22,467.472,1770242399999,2322617.07332,1582,315.539,1567805.33207,0
1770242400000,4968.15,4968.47,4958.85,4960.19,252.039,1770242699999,1250677.86082,1524,94.115,466974.00144,0
1770242700000,4960.04,4963.94,4958.40,4963.56,286.547,1770242999999,1421565.84639,1691,170.408,845397.45423,0
1770243000000,4963.57,4967.90,4963.19,4966.79,199.563,1770243299999,991050.29831,1177,87.866,436299.50723,0
1770243300000,4966.79,4971.00,4966.79,4969.64,166.429,1770243599999,827044.92362,976,83.345,414128.60811,0
1770243600000,4969.64,4977.00,4969.12,4976.99,372.067,1770243899999,1850613.95725,1710,227.143,1129801.58594,0
1770243900000,4977.00,4978.24,4976.53,4976.71,176.418,1770244199999,878096.19301,1201,88.327,439644.03056,0
1770244200000,4976.70,4980.99,4975.75,4980.71,322.325,1770244499999,1604910.60576,1877,228.030,1135389.71888,0
1770244500000,4980.71,4981.39,4975.01,4978.80,247.360,1770244799999,1231748.63882,1594,106.603,530808.98050,0
1770244800000,4978.87,4982.61,4975.87,4976.55,342.081,1770245099999,1703642.66768,1821,191.312,952826.99779,0
1770245100000,4976.55,4979.75,4975.01,4975.11,121.458,1770245399999,604568.36108,1052,56.508,281281.80401,0
1770245400000,4975.15,4975.61,4970.38,4971.46,244.082,1770245699999,1213831.54795,1656,83.282,414148.57715,0
1770245700000,4971.45,4971.63,4962.65,4966.30,823.841,1770245999999,4091944.77975,2692,406.988,2021246.86565,0
1770246000000,4966.13,4998.98,4966.13,4996.06,5567.133,1770246299999,27763960.77180,16168,2943.294,14679560.42435,0
1770246300000,4996.15,5001.63,4989.76,4999.75,2284.784,1770246599999,11416576.94329,6810,1425.778,7124799.58405,0
1770246600000,4999.75,5014.12,4995.95,5013.92,2328.814,1770246899999,11650790.81968,6549,1431.011,7158754.77166,0
1770246900000,5014.01,5020.00,5009.49,5011.31,1938.183,1770247199999,9720588.49103,6270,869.453,4361096.74309,0
1770247200000,5011.26,5021.76,5003.48,5017.22,1463.678,1770247499999,7339652.66837,5691,866.377,4344848.03617,0
1770247500000,5017.21,5024.72,5011.97,5022.59,972.396,1770247799999,4881141.01057,3917,468.416,2351594.17647,0
1770247800000,5022.45,5024.10,5011.91,5022.15,1167.420,1770248099999,5859863.52642,4352,514.451,2582540.42130,0
1770248100000,5022.06,5024.40,5016.31,5020.44,928.641,1770248399999,4662053.04762,3804,449.073,2254430.77696,0
1770248400000,5020.24,5026.00,5019.24,5024.82,607.796,1770248699999,3053121.05606,3022,308.447,1549421.79431,0
1770248700000,5024.84,5027.80,5018.85,5025.34,849.695,1770248999999,4268806.33334,3469,458.232,2302295.68986,0
1770249000000,5025.34,5026.65,5015.29,5019.60,605.198,1770249299999,3039090.88975,2379,265.213,1331984.65176,0
1770249300000,5019.65,5024.05,5008.48,5013.95,1429.102,1770249599999,7166927.04761,4772,631.718,3168428.86031,0
1770249600000,5013.96,5019.37,5006.34,5019.06,1251.918,1770249899999,6275665.41489,4496,640.688,3211869.31104,0
1770249900000,5019.06,5022.98,5005.71,5008.50,1128.691,1770250199999,5663186.73504,4122,586.371,2942733.38870,0
1770250200000,5008.50,5016.54,4998.74,5000.15,1494.376,1770250499999,7483856.27385,5546,684.721,3429748.46836,0
1770250500000,5000.32,5020.10,4999.51,5019.20,1062.282,1770250799999,5323431.71536,4075,593.629,2974748.84899,0
1770250800000,5019.25,5021.99,5010.30,5014.65,921.220,1770251099999,4621087.84622,4088,496.486,2490426.55254,0
1770251100000,5014.73,5021.40,5014.50,5018.72,690.543,1770251399999,3465862.79643,2452,356.656,1790039.02758,0
1770251400000,5018.74,5020.87,5013.34,5014.36,819.909,1770251699999,4114339.13796,2486,323.625,1623959.85822,0
1770251700000,5014.35,5022.43,5014.00,5019.94,752.669,1770251999999,3776565.67254,2246,439.313,2203838.50785,0
1770252000000,5020.04,5022.37,5018.10,5022.25,359.781,1770252299999,1806023.12072,1640,179.338,900221.01507,0
1770252300000,5022.25,5025.46,5020.00,5021.20,445.870,1770252599999,2239593.39405,1765,161.955,813529.80487,0
1770252600000,5021.20,5022.70,5014.61,5017.88,1056.589,1770252899999,5302421.39504,3441,433.601,2176160.23311,0
1770252900000,5018.10,5018.80,5007.21,5009.97,1193.292,1770253199999,5979426.40165,4643,540.191,2706564.76120,0
1770253200000,5009.98,5014.45,4992.18,5004.60,3129.613,1770253499999,15657479.37845,10648,1427.727,7143633.28011,0
1770253500000,5004.60,5007.88,4993.67,5002.17,1614.398,1770253799999,8075491.67651,6601,833.554,4169521.42134,0
1770253800000,5002.36,5004.00,4967.76,4969.70,3668.806,1770254099999,18285410.76859,11098,1416.552,7061302.35082,0
1770254100000,4969.82,4974.95,4943.99,4947.80,5754.313,1770254399999,28516965.23509,16639,2626.656,13018013.45664,0
1770254400000,4947.65,4961.92,4940.71,4950.05,3628.163,1770254699999,17963218.26398,11691,1837.309,9096429.94162,0
1770254700000,4950.00,4960.46,4938.30,4954.50,2291.491,1770254999999,11342327.66168,8405,1210.216,5991006.39195,0
1770255000000,4954.67,4973.28,4954.67,4972.54,2136.707,1770255299999,10615039.02919,7025,1130.349,5615128.18773,0
1770255300000,4972.53,4986.30,4972.53,4981.01,1462.507,1770255599999,7283021.98790,5358,767.127,3820160.03923,0
1770255600000,4980.81,4984.67,4966.02,4980.91,1752.745,1770255899999,8721520.32397,6487,741.560,3689969.32832,0
1770255900000,4980.96,4982.50,4969.72,4981.15,1400.276,1770256199999,6969311.11663,5250,658.270,3276476.31507,0
1770256200000,4981.12,4987.49,4977.62,4981.13,911.440,1770256499999,4540780.84703,4077,485.271,2417650.92657,0
1770256500000,4981.03,4983.62,4957.15,4959.06,1874.340,1770256799999,9313039.48566,6265,646.839,3214313.93366,0
1770256800000,4959.07,4962.16,4950.40,4951.21,3672.440,1770257099999,18198365.17922,9389,1823.776,9036899.94466,0
1770257100000,4951.63,4953.04,4930.02,4938.83,2998.961,1770257399999,14818298.22895,9690,1270.377,6277084.63751,0
1770257400000,4938.81,4946.67,4904.14,4915.64,5654.985,1770257699999,27856464.51649,15833,2460.906,12124539.12682,0
1770257700000,4915.54,4922.72,4896.25,4910.59,7678.242,1770257999999,37694836.85590,18348,3924.225,19265420.26450,0
1770258000000,4910.60,4934.40,4905.00,4933.20,3717.965,1770258299999,18297875.64002,10932,1903.520,9367979.81994,0
1770258300000,4933.22,4942.84,4927.50,4937.20,2494.809,1770258599999,12314067.67458,7447,1267.712,6257445.68934,0
1770258600000,4937.25,4941.30,4913.31,4923.04,3177.265,1770258899999,15654760.16894,10325,1492.378,7353563.84832,0
1770258900000,4923.16,4934.49,4910.44,4917.65,2983.146,1770259199999,14687457.84215,9310,1484.058,7307041.49001,0
1770259200000,4917.45,4917.93,4898.53,4899.65,4264.215,1770259499999,20930072.54204,11570,2004.798,9840580.17943,0
1770259500000,4899.81,4902.35,4833.65,4856.38,12816.825,1770259799999,62329549.32892,28966,5604.265,27254378.67208,0
1770259800000,4855.89,4857.02,4810.50,4846.95,12131.995,1770260099999,58608232.55343,25650,5660.055,27343227.06837,0
1770260100000,4847.26,4856.11,4810.91,4814.40,6044.624,1770260399999,29232804.07765,15253,2950.608,14270449.29263,0
1770260400000,4814.47,4846.95,4793.17,4839.90,10709.404,1770260699999,51554842.18903,22741,5405.384,26025780.38423,0
1770260700000,4840.29,4852.10,4828.02,4848.68,5915.358,1770260999999,28633251.09703,12719,2849.098,13791229.05421,0
1770261000000,4848.79,4861.79,4845.41,4848.89,4268.861,1770261299999,20722696.75985,11596,2060.626,10003489.53047,0
1770261300000,4848.65,4864.02,4835.02,4861.76,3310.565,1770261599999,16054989.98036,9609,1650.650,8005769.81228,0
1770261600000,4861.75,4889.87,4856.46,4872.15,4409.138,1770261899999,21491559.40824,10747,2210.203,10773452.37499,0
1770261900000,4872.00,4884.63,4859.69,4860.47,4007.988,1770262199999,19522836.54157,10465,1946.083,9478407.65880,0
1770262200000,4860.45,4872.04,4848.41,4861.18,2280.505,1770262499999,11081140.80057,8180,1144.505,5561482.34109,0
1770262500000,4861.67,4865.54,4841.70,4860.28,3395.827,1770262799999,16494930.63702,8811,1636.572,7948098.67863,0
1770262800000,4860.28,4879.29,4852.41,4867.25,3900.893,1770263099999,18982880.31421,8633,1701.071,8278223.74614,0
1770263100000,4867.24,4874.15,4858.70,4866.55,2929.603,1770263399999,14261435.75289,7022,1526.916,7433458.28025,0
1770263400000,4866.72,4881.75,4852.65,4874.96,2240.399,1770263699999,10900734.53393,6969,1226.426,5967886.49569,0
1770263700000,4874.97,4886.30,4872.00,4879.81,1765.966,1770263999999,8613373.09279,6196,873.174,4259089.67598,0
1770264000000,4879.83,4885.47,4865.85,4868.03,1477.989,1770264299999,7207607.00696,5451,701.399,3420564.26398,0
1770264300000,4868.02,4877.57,4862.71,4869.94,1680.339,1770264599999,8180820.78881,5113,801.766,3903853.63961,0
1770264600000,4869.97,4876.71,4864.20,4875.48,1376.024,1770264899999,6701473.01948,4619,685.304,3337671.56984,0
1770264900000,4875.48,4885.46,4872.03,4880.26,1393.854,1770265199999,6801506.32148,4244,655.772,3200199.49253,0
1770265200000,4880.26,4893.47,4879.65,4882.50,2300.384,1770265499999,11244587.64740,6034,1285.564,6284730.57279,0
1770265500000,4882.57,4888.72,4875.10,4886.85,1907.544,1770265799999,9312903.34270,4642,921.212,4497852.30531,0
1770265800000,4886.85,4888.73,4877.81,4885.10,1476.333,1770266099999,7210622.96328,4447,692.072,3380170.66880,0
1770266100000,4885.10,4888.47,4870.26,4870.80,1709.147,1770266399999,8338285.51709,4051,654.386,3192590.64773,0
1770266400000,4870.80,4885.74,4870.00,4885.39,889.505,1770266699999,4340642.53940,3369,527.071,2571989.36600,0
1770266700000,4885.39,4888.04,4877.84,4880.71,644.859,1770266999999,3149044.84798,2985,296.316,1446957.64771,0
1770267000000,4880.72,4886.99,4877.77,4880.70,1030.874,1770267299999,5034348.25426,3699,457.721,2235242.24687,0
1770267300000,4880.70,4881.90,4865.00,4865.01,1688.723,1770267599999,8224310.07864,4827,599.027,2917310.29762,0
1770267600000,4865.00,4875.77,4863.68,4872.51,1024.030,1770267899999,4988325.52003,4083,564.135,2747853.80482,0
1770267900000,4872.52,4874.77,4854.75,4860.64,2046.275,1770268199999,9949826.86410,5283,718.014,3490113.72585,0
1770268200000,4860.65,4866.41,4848.97,4852.44,1584.714,1770268499999,7699328.09612,4516,662.582,3219477.16400,0
1770268500000,4852.44,4859.54,4848.60,4851.85,1557.932,1770268799999,7561755.11346,4534,752.239,3651451.57631,0
1770268800000,4851.86,4857.80,4841.14,4850.77,2097.494,1770269099999,10171440.68696,5287,985.931,4781559.71478,0
1770269100000,4850.79,4870.30,4850.79,4868.25,1109.704,1770269399999,5395166.29207,3967,726.198,3530656.06510,0
1770269400000,4868.28,4868.70,4827.75,4842.40,4959.370,1770269699999,24011015.70750,11488,2406.559,11653024.06023,0
1770269700000,4842.38,4858.20,4833.77,4851.31,3463.745,1770269999999,16787929.81326,8410,1891.859,9168567.62875,0
1770270000000,4851.33,4886.30,4849.65,4883.91,2958.743,1770270299999,14418168.63590,8408,1794.192,8744413.76870,0
1770270300000,4883.91,4904.99,4883.41,4893.99,3826.399,1770270599999,18730870.71986,9172,2036.199,9967882.63851,0
1770270600000,4893.96,4904.48,4890.31,4904.29,2482.719,1770270899999,12159779.68407,6981,1204.821,5900822.91526,0
1770270900000,4904.29,4905.75,4884.91,4895.11,2970.510,1770271199999,14530703.73297,6258,1523.073,7449996.52016,0
1770271200000,4895.18,4895.99,4877.71,4889.82,2798.644,1770271499999,13681073.83027,5559,1328.105,6492806.26924,0
1770271500000,4889.82,4916.52,4888.75,4912.27,2599.139,1770271799999,12744816.44986,6739,1544.198,7572247.64761,0
1770271800000,4912.28,4918.25,4908.02,4910.40,3566.473,1770272099999,17518879.70877,7035,1327.390,6520154.98589,0
1770272100000,4910.19,4921.42,4899.88,4911.66,3036.677,1770272399999,14913531.77396,6287,1297.713,6373093.09327,0
1770272400000,4911.65,4921.49,4908.40,4912.39,2150.723,1770272699999,10569545.22045,5219,813.567,3998573.92578,0
1770272700000,4912.39,4928.70,4909.52,4928.30,2080.425,1770272999999,10240351.90927,5949,946.014,4656928.18419,0
1770273000000,4928.34,4928.59,4917.95,4924.17,1243.659,1770273299999,6122118.11305,4115,529.957,2608806.00350,0
1770273300000,4924.48,4925.71,4908.99,4924.21,1345.324,1770273599999,6614159.53325,4668,666.544,3276997.75774,0
1770273600000,4924.21,4930.42,4922.19,4929.23,1072.577,1770273899999,5283464.86339,3707,609.577,3003063.85199,0
1770273900000,4929.23,4932.83,4917.09,4924.14,1266.612,1770274199999,6237798.43918,4435,533.006,2624494.76803,0
1770274200000,4924.29,4925.61,4905.66,4907.90,1763.057,1770274499999,8663018.15299,5075,694.898,3414470.21183,0
1770274500000,4907.90,4921.31,4899.45,4920.15,1675.865,1770274799999,8230036.83971,4907,1085.435,5330827.49685,0
1770274800000,4920.35,4929.31,4915.42,4926.67,895.865,1770275099999,4411179.73337,3376,416.208,2049619.00443,0
1770275100000,4926.66,4929.59,4921.95,4927.08,865.230,1770275399999,4261960.91205,3174,354.122,1744380.68692,0
1770275400000,4927.08,4931.26,4922.07,4922.95,879.095,1770275699999,4331179.68614,3281,407.616,2008023.73894,0
1770275700000,4922.95,4927.79,4917.65,4921.34,1004.972,1770275999999,4946297.37752,3495,414.817,2041822.94392,0
1770276000000,4921.35,4929.00,4912.49,4926.09,944.945,1770276299999,4649080.51660,3265,545.207,2682939.63979,0
1770276300000,4926.44,4940.67,4925.63,4932.87,2633.979,1770276599999,12996098.51307,5984,1117.730,5516371.10089,0
1770276600000,4932.88,4933.79,4917.60,4919.91,1010.443,1770276899999,4976955.51101,3677,478.769,2358255.81799,0
1770276900000,4919.92,4921.85,4906.55,4908.05,1246.623,1770277199999,6125442.17686,4115,525.863,2584420.99887,0
1770277200000,4908.34,4911.17,4895.99,4910.30,1888.305,1770277499999,9258166.45463,4923,944.400,4630814.11863,0
1770277500000,4910.29,4914.75,4906.75,4908.42,906.740,1770277799999,4452770.67125,3044,343.462,1686726.69662,0
1770277800000,4908.17,4920.29,4908.00,4916.43,827.570,1770278099999,4067788.41843,2814,435.410,2140332.09870,0
1770278100000,4916.43,4918.80,4913.26,4915.18,582.986,1770278399999,2866232.28506,2228,245.535,1207145.23993,0
1770278400000,4914.98,4928.25,4914.30,4919.60,1180.343,1770278699999,5806523.40734,3644,572.956,2818633.34111,0
1770278700000,4919.71,4922.04,4911.63,4921.30,904.405,1770278999999,4447026.81356,2906,488.299,2400988.92561,0
1770279000000,4921.31,4942.47,4921.31,4940.66,2197.555,1770279299999,10846833.01385,4784,1010.807,4988365.57351,0
1770279300000,4940.65,4943.66,4931.68,4932.40,827.562,1770279599999,4086384.82303,3211,353.256,1744225.09411,0
1770279600000,4932.22,4942.05,4931.40,4935.60,2015.588,1770279899999,9955614.01926,4009,783.278,3868012.45994,0
1770279900000,4935.59,4936.05,4920.65,4922.48,1927.367,1770280199999,9495757.00534,4261,878.365,4327745.97518,0
1770280200000,4922.48,4930.18,4919.35,4928.10,1236.314,1770280499999,6087513.53862,3472,694.931,3421847.13084,0
1770280500000,4928.11,4929.60,4919.07,4922.40,1192.996,1770280799999,5872798.70207,3139,528.906,2603698.80305,0
1770280800000,4922.40,4925.39,4919.60,4922.44,1470.029,1770281099999,7234525.61657,3560,973.271,4789590.12848,0
1770281100000,4922.44,4922.90,4906.85,4908.71,2567.541,1770281399999,12617822.76772,4618,1247.797,6132709.16815,0
1770281400000,4908.54,4917.59,4901.71,4904.94,1487.654,1770281699999,7304696.30712,4270,718.565,3528646.97678,0
1770281700000,4904.95,4918.55,4903.62,4913.60,1053.673,1770281999999,5176371.03095,3395,617.698,3034429.39988,0
1770282000000,4913.44,4915.84,4883.73,4886.45,3849.975,1770282299999,18851236.09220,8963,2163.217,10591303.76818,0
1770282300000,4886.49,4890.90,4876.20,4881.97,3929.161,1770282599999,19183490.52940,8364,2326.589,11359730.93952,0
1770282600000,4881.98,4883.98,4865.85,4866.18,5585.001,1770282899999,27224945.22623,9353,2646.587,12899611.45122,0
1770282900000,4866.17,4877.31,4865.26,4867.57,3523.124,1770283199999,17157053.84607,8135,2091.013,10182759.91991,0
1770283200000,4867.32,4883.40,4856.40,4879.26,2983.810,1770283499999,14528806.65481,7703,1614.364,7861214.81807,0
1770283500000,4879.25,4889.00,4872.76,4876.09,1540.206,1770283799999,7517875.03769,4923,725.798,3543059.31437,0
1770283800000,4876.16,4887.60,4875.46,4884.62,1070.278,1770284099999,5225555.88556,3738,479.908,2343092.31801,0
1770284100000,4884.62,4891.28,4878.46,4888.26,1308.336,1770284399999,6391485.14609,4147,690.014,3371219.29872,0
1770284400000,4888.26,4891.80,4878.65,4890.31,1545.033,1770284699999,7549548.17329,4085,735.786,3595696.68155,0
1770284700000,4890.30,4894.62,4883.34,4883.85,1321.226,1770284999999,6461282.56877,4368,545.410,2667293.74523,0
1770285000000,4884.09,4885.05,4868.00,4872.16,1600.602,1770285299999,7800059.77803,5037,749.066,3649843.88500,0
1770285300000,4872.16,4872.71,4851.60,4857.67,1981.410,1770285599999,9628930.24200,6653,989.010,4805977.24436,0
1770285600000,4857.47,4871.43,4854.82,4862.65,2237.464,1770285899999,10879690.68612,6602,1126.834,5480016.36379,0
1770285900000,4862.64,4864.20,4853.80,4861.55,1863.893,1770286199999,9058104.18764,5768,800.103,3888512.95937,0
1770286200000,4861.55,4876.26,4861.20,4875.08,1058.443,1770286499999,5151647.39357,3918,593.835,2890496.03340,0
1770286500000,4875.08,4878.90,4866.00,4867.09,880.736,1770286799999,4291663.38898,3615,414.535,2019844.07067,0
1770286800000,4867.08,4868.99,4857.23,4865.28,1082.509,1770287099999,5264534.12084,3895,496.402,2414122.06855,0
1770287100000,4865.28,4868.30,4849.00,4863.60,1687.146,1770287399999,8195853.30154,5178,708.661,3443268.72347,0
1770287400000,4863.61,4865.92,4853.70,4865.21,1385.110,1770287699999,6729199.32616,4623,731.136,3552201.81621,0
1770287700000,4865.20,4874.47,4861.83,4866.20,1353.851,1770287999999,6591967.79294,4151,613.425,2986856.74760,0
1770288000000,4866.22,4879.84,4866.22,4876.95,1148.032,1770288299999,5597456.59376,3706,664.194,3238193.79872,0
1770288300000,4876.95,4887.90,4876.00,4883.14,1435.343,1770288599999,7008735.21110,3824,847.450,4137438.78696,0
1770288600000,4883.13,4883.54,4873.85,4875.86,865.960,1770288899999,4224853.01211,3233,381.277,1860334.18662,0
1770288900000,4875.86,4877.98,4866.27,4876.06,2741.508,1770289199999,13358553.08858,4666,648.134,3158294.23802,0
1770289200000,4876.20,4885.00,4876.00,4877.26,1155.557,1770289499999,5639915.70006,2727,528.776,2580821.63114,0
1770289500000,4877.26,4884.73,4877.25,4883.71,851.080,1770289799999,4154502.25073,2980,407.060,1986904.89633,0
1770289800000,4883.70,4890.00,4880.85,4888.12,858.023,1770290099999,4191230.85946,3414,448.785,2192286.14906,0
1770290100000,4888.12,4892.15,4879.75,4881.55,908.112,1770290399999,4437269.65983,3429,394.731,1929160.85433,0
1770290400000,4881.57,4896.33,4881.57,4890.80,1118.598,1770290699999,5470078.02343,3519,589.994,2885037.85546,0
1770290700000,4890.79,4894.46,4887.87,4892.69,787.498,1770290999999,3851651.32465,2879,398.091,1947101.49461,0
1770291000000,4892.70,4894.10,4881.60,4888.02,917.664,1770291299999,4484674.37880,3024,355.787,1738843.17537,0
1770291300000,4887.93,4888.50,4876.20,4877.91,1174.953,1770291599999,5733924.69912,3294,409.515,1998402.36863,0
1770291600000,4877.63,4881.17,4871.11,4872.55,1387.519,1770291899999,6766481.36204,3737,593.172,2892980.94154,0
1770291900000,4872.54,4886.84,4872.05,4873.44,1269.160,1770292199999,6191219.89529,4366,671.755,3276909.97020,0
1770292200000,4873.63,4876.97,4865.70,4869.86,1247.084,1770292499999,6073769.93104,3462,649.704,3164623.72756,0
1770292500000,4869.86,4873.51,4867.00,4868.33,1369.273,1770292799999,6669240.14222,3283,704.566,3432040.02769,0
1770292800000,4868.33,4879.49,4862.46,4864.90,2077.808,1770293099999,10119748.75285,5937,899.062,4379359.38346,0
1770293100000,4864.90,4866.45,4850.85,4852.25,2292.919,1770293399999,11134697.80875,5721,1027.100,4987867.13093,0
1770293400000,4852.10,4852.45,4836.61,4841.95,2547.563,1770293699999,12336768.59147,7540,1236.653,5988297.78108,0
1770293700000,4841.93,4846.64,4822.60,4823.00,2647.895,1770293999999,12802622.25038,7560,1201.056,5807172.28834,0
1770294000000,4823.00,4833.39,4820.00,4826.53,2268.172,1770294299999,10946263.83210,7171,1248.353,6024819.83050,0
1770294300000,4826.50,4849.80,4812.44,4849.46,3060.901,1770294599999,14788745.69350,8128,1553.244,7505695.10713,0
1770294600000,4849.45,4860.87,4843.00,4859.20,2675.208,1770294899999,12985316.77848,7036,1306.101,6339805.41393,0
1770294900000,4859.03,4870.00,4846.35,4862.02,2539.984,1770295199999,12348755.16065,6756,1327.077,6452238.54551,0
1770295200000,4862.02,4864.79,4845.90,4849.15,2027.684,1770295499999,9850021.38590,5967,929.415,4514962.68151,0
1770295500000,4849.17,4870.00,4849.00,4865.36,2520.508,1770295799999,12258629.45854,6542,1456.610,7084535.05305,0
1770295800000,4865.35,4866.74,4855.61,4859.93,1385.513,1770296099999,6736431.72878,4535,709.434,3449279.75744,0
1770296100000,4860.03,4862.70,4841.10,4855.01,2680.443,1770296399999,13005654.76165,6909,1381.940,6704798.68081,0
1770296400000,4855.01,4855.95,4816.79,4824.77,6418.298,1770296699999,31013567.97264,15304,3314.235,16013836.69364,0
1770296700000,4824.86,4829.29,4804.50,4829.10,4377.431,1770296999999,21097601.60550,11979,2289.202,11033824.71156,0
1770297000000,4829.19,4842.67,4821.24,4827.61,1575.880,1770297299999,7613803.60560,5498,881.888,4260414.71605,0
1770297300000,4827.61,4847.69,4826.55,4838.70,2446.918,1770297599999,11843104.38015,6653,1224.258,5924467.03058,0
1770297600000,4838.88,4861.25,4835.89,4857.55,2781.531,1770297899999,13490275.35711,7350,1356.033,6576920.28661,0
1770297900000,4857.58,4865.80,4851.45,4853.01,1642.550,1770298199999,7980666.86213,5411,691.883,3361649.37292,0
1770298200000,4853.05,4869.87,4844.07,4864.82,3117.470,1770298499999,15146406.36486,8090,1675.839,8142615.75851,0
1770298500000,4864.70,4867.20,4840.00,4840.68,2254.845,1770298799999,10949654.02953,7140,1155.117,5609756.62136,0
1770298800000,4840.88,4847.32,4825.10,4827.52,1919.146,1770299099999,9280603.34103,6107,955.264,4619638.50400,0
1770299100000,4827.51,4838.07,4823.41,4830.25,1659.547,1770299399999,8018090.28277,6141,932.028,4503201.11715,0
1770299400000,4830.25,4848.43,4830.25,4843.48,1639.258,1770299699999,7935087.29220,5166,920.026,4453719.31955,0
1770299700000,4843.39,4847.37,4828.80,4836.45,1047.679,1770299999999,5069363.32239,4397,534.878,2587934.49352,0
1770300000000,4836.46,4837.95,4817.23,4827.17,2055.288,1770300299999,9920918.01529,6864,987.102,4764269.13514,0
1770300300000,4827.17,4852.27,4825.11,4838.93,1905.333,1770300599999,9216165.76565,6298,1007.246,4870369.11926,0
1770300600000,4838.94,4845.29,4814.20,4816.27,1473.803,1770300899999,7120590.57772,5375,725.608,3506223.87111,0
1770300900000,4816.35,4826.04,4811.30,4817.39,2700.907,1770301199999,13014889.77527,7654,1424.136,6863258.10429,0
1770301200000,4817.26,4830.88,4812.55,4829.93,1657.038,1770301499999,7989020.12378,5845,764.918,3687444.04359,0
1770301500000,4829.90,4838.64,4829.48,4836.09,1224.145,1770301799999,5918469.07902,5135,533.344,2578434.78797,0
1770301800000,4835.99,4837.50,4808.00,4826.26,4301.155,1770302099999,20754606.57417,10645,2392.197,11544540.23240,0
1770302100000,4825.80,4857.16,4815.36,4853.77,4437.512,1770302399999,21437438.71450,10720,2357.105,11392416.06102,0
1770302400000,4853.56,4866.17,4852.50,4860.84,3031.973,1770302699999,14736583.45932,9116,1397.658,6793465.62767,0
1770302700000,4861.10,4867.57,4843.00,4852.98,2855.473,1770302999999,13863103.61271,9174,1399.503,6794234.46634,0
1770303000000,4852.99,4872.26,4851.78,4856.99,2934.781,1770303299999,14270586.29987,8371,1561.178,7592391.38627,0
1770303300000,4857.07,4860.78,4841.24,4847.22,2644.972,1770303599999,12827762.49849,7552,1297.388,6292184.28222,0
1770303600000,4847.24,4865.77,4825.59,4831.50,6477.838,1770303899999,31395859.22376,13864,3179.993,15411077.84648,0
1770303900000,4831.55,4858.20,4824.24,4852.08,3285.722,1770304199999,15897557.82867,9271,1765.196,8542100.05442,0
1770304200000,4852.08,4857.42,4828.14,4829.51,2851.278,1770304499999,13804510.24946,8523,1392.410,6741135.01263,0
1770304500000,4829.61,4846.80,4824.35,4845.46,2134.912,1770304799999,10330105.80298,6604,1110.473,5372442.97561,0
1770304800000,4845.45,4845.45,4827.30,4832.50,2498.787,1770305099999,12081294.08479,7005,1290.219,6237583.07609,0
1770305100000,4832.50,4842.34,4814.35,4820.37,2817.816,1770305399999,13594316.58972,6974,1362.458,6573373.72557,0
1770305400000,4820.26,4825.24,4810.16,4815.38,3050.659,1770305699999,14703278.32349,7856,1642.939,7918543.18226,0
1770305700000,4815.35,4839.80,4814.83,4836.55,1798.602,1770305999999,8679703.00525,6075,987.329,4764475.73602,0
1770306000000,4836.55,4837.50,4812.27,4814.49,2797.171,1770306299999,13502924.22072,6984,1392.301,6720553.67818,0
1770306300000,4814.50,4818.00,4800.00,4816.25,3884.930,1770306599999,18678364.90094,9025,1735.691,8346182.31141,0
1770306600000,4816.23,4827.42,4811.15,4813.13,2756.349,1770306899999,13287958.07877,7055,1208.748,5826850.65803,0
1770306900000,4813.13,4822.85,4809.50,4819.55,2225.718,1770307199999,10717619.63532,6709,1166.700,5618401.77203,0
1770307200000,4819.17,4831.22,4814.85,4819.85,1805.799,1770307499999,8709677.68460,6272,806.204,3888820.53526,0
1770307500000,4819.66,4837.59,4817.41,4828.50,2392.073,1770307799999,11558250.31001,6575,1043.548,5041580.14008,0
1770307800000,4828.36,4842.07,4823.00,4823.33,2274.927,1770308099999,10990655.96145,6845,1279.732,6182766.63796,0
1770308100000,4823.33,4839.43,4819.69,4839.18,2451.792,1770308399999,11846304.73701,6862,1187.139,5736470.20196,0
1770308400000,4839.14,4854.10,4838.14,4851.51,3656.152,1770308699999,17718978.35011,8942,1530.683,7418963.98286,0
1770308700000,4851.48,4858.31,4846.54,4852.03,2623.293,1770308999999,12727787.66767,6921,1109.721,5384465.27248,0
1770309000000,4852.32,4857.42,4848.30,4853.75,2018.197,1770309299999,9795188.64502,6469,961.531,4666805.97992,0
1770309300000,4854.09,4866.45,4847.50,4860.30,1947.626,1770309599999,9457301.77566,6116,1038.650,5043782.13219,0
1770309600000,4860.28,4882.59,4856.94,4879.75,2626.220,1770309899999,12788665.30596,7162,1432.607,6977293.28338,0
1770309900000,4879.75,4888.57,4865.90,4886.64,2244.367,1770310199999,10943900.35569,7214,963.586,4699192.05801,0
1770310200000,4886.63,4909.06,4886.63,4904.77,4321.529,1770310499999,21180358.40209,9678,2122.543,10402430.59069,0
1770310500000,4904.75,4904.75,4885.16,4889.91,2047.977,1770310799999,10021278.91581,5577,979.222,4790864.64510,0
1770310800000,4889.92,4892.16,4871.36,4873.77,1941.169,1770311099999,9473165.76509,5417,761.192,3714981.66040,0
1770311100000,4873.77,4884.08,4872.83,4883.05,1361.759,1770311399999,6644367.90290,5032,811.400,3958892.32118,0
1770311400000,4883.40,4884.75,4867.01,4876.67,1605.314,1770311699999,7824379.48944,5102,812.376,3959502.67658,0
1770311700000,4876.64,4881.48,4870.51,4872.64,1849.074,1770311999999,9015344.06899,5061,852.713,4157743.45377,0
1770312000000,4872.63,4878.00,4861.17,4876.50,2494.926,1770312299999,12152538.43472,6209,1291.764,6292266.82378,0
1770312300000,4876.60,4877.41,4866.99,4868.82,1769.877,1770312599999,8625587.00908,4874,809.789,3946712.21218,0
1770312600000,4868.82,4872.47,4860.00,4866.35,2028.851,1770312899999,9874769.96701,4760,1003.512,4884455.31788,0
1770312900000,4866.26,4874.80,4863.58,4865.29,1379.568,1770313199999,6715445.25601,3998,684.457,3331801.33904,0
1770313200000,4865.29,4880.00,4862.00,4871.70,1450.879,1770313499999,7067328.04457,4445,728.525,3548696.65259,0
1770313500000,4871.60,4886.70,4870.82,4875.45,1254.283,1770313799999,6120893.48261,4197,631.280,3080455.06016,0
1770313800000,4875.42,4888.26,4874.55,4882.34,1514.959,1770314099999,7395657.58001,4455,945.232,4614883.73025,0
1770314100000,4882.40,4882.40,4865.14,4870.19,1067.054,1770314399999,5199180.40418,4063,579.078,2821349.63591,0
1770314400000,4870.06,4877.44,4864.51,4874.96,878.565,1770314699999,4280156.93494,3628,471.881,2298601.68500,0
1770314700000,4874.97,4876.95,4862.87,4866.95,1297.710,1770314999999,6318285.83088,4265,523.253,2547806.62222,0
1770315000000,4866.94,4867.89,4856.69,4863.35,1165.134,1770315299999,5664392.17253,4367,576.906,2804600.64491,0
1770315300000,4863.32,4866.97,4851.58,4859.02,1945.227,1770315599999,9450921.91112,5213,1198.166,5821625.14760,0
1770315600000,4859.01,4874.94,4853.10,4867.35,2029.859,1770315899999,9870370.35933,6258,960.532,4670265.84877,0
1770315900000,4867.35,4876.00,4865.25,4870.51,1609.027,1770316199999,7837067.77564,5643,849.471,4137289.33553,0
1770316200000,4870.58,4873.03,4860.45,4870.27,947.892,1770316499999,4613658.09979,3820,496.271,2415369.86012,0
1770316500000,4870.50,4871.56,4859.10,4861.06,692.375,1770316799999,3367832.95390,2782,266.971,1298486.05289,0
1770316800000,4861.05,4874.90,4855.01,4871.60,738.465,1770317099999,3594121.80732,3075,410.761,1998579.50052,0
1770317100000,4871.43,4874.45,4861.78,4862.82,449.807,1770317399999,2189818.63971,2132,185.661,903911.62556,0
1770317400000,4862.82,4871.72,4860.00,4861.45,523.964,1770317699999,2549051.82362,2690,261.729,1273253.20527,0
1770317700000,4861.59,4861.75,4854.67,4860.95,1346.495,1770317999999,6541348.10152,3501,764.324,3713117.91907,0
1770318000000,4860.94,4864.72,4855.71,4858.07,1081.592,1770318299999,5257172.83156,3655,472.540,2296847.08063,0
1770318300000,4858.08,4866.86,4845.57,4861.11,1876.904,1770318599999,9115242.99526,5247,807.845,3922097.64267,0
1770318600000,4861.11,4863.44,4851.43,4853.16,1012.963,1770318899999,4921639.17595,3336,539.562,2621577.24209,0
1770318900000,4853.16,4855.87,4848.80,4854.60,713.211,1770319199999,3461189.45629,2939,377.856,1833748.97968,0
1770319200000,4854.73,4856.34,4850.01,4854.32,497.528,1770319499999,2414954.77013,2120,315.195,1529881.11811,0
1770319500000,4854.31,4861.20,4851.75,4853.06,740.696,1770319799999,3596703.41765,2632,390.640,1896891.00344,0
1770319800000,4853.07,4855.64,4831.20,4838.30,1689.934,1770320099999,8185057.59859,5600,835.647,4047385.56607,0
1770320100000,4838.30,4843.80,4834.65,4835.52,1086.296,1770320399999,5257183.84241,3201,561.444,2717187.00969,0
1770320400000,4835.49,4843.41,4830.00,4839.49,1493.205,1770320699999,7220199.26066,4630,661.873,3200645.25381,0
1770320700000,4839.48,4845.14,4839.10,4843.59,733.687,1770320999999,3552580.55336,2828,365.420,1769429.25120,0
1770321000000,4843.59,4843.59,4825.00,4830.60,1151.468,1770321299999,5564427.16958,3410,574.447,2775920.75788,0
1770321300000,4830.70,4835.28,4828.76,4832.45,887.043,1770321599999,4286743.65702,2322,322.181,1556938.42164,0
1770321600000,4832.46,4834.19,4816.79,4822.99,1848.470,1770321899999,8914605.26464,4453,808.019,3896609.06221,0
1770321900000,4822.99,4839.14,4817.45,4835.33,1484.760,1770322199999,7164192.25046,2938,619.237,2988294.29401,0
1770322200000,4835.89,4844.12,4828.46,4833.92,1075.530,1770322499999,5200379.50163,3179,487.569,2356974.37600,0
1770322500000,4833.92,4835.11,4821.67,4824.32,1234.881,1770322799999,5966094.80011,3040,565.917,2734484.43903,0
1770322800000,4824.32,4826.19,4812.00,4822.11,1990.425,1770323099999,9593109.53863,5462,979.678,4721452.25075,0
1770323100000,4822.11,4829.72,4817.67,4826.97,1172.212,1770323399999,5655106.87692,4244,631.797,3047769.86502,0
1770323400000,4826.97,4833.17,4817.85,4823.25,715.734,1770323699999,3453362.69141,3352,365.333,1762448.44824,0
1770323700000,4823.35,4824.10,4809.28,4811.71,1186.039,1770323999999,5712227.68889,4398,595.360,2867522.63944,0
1770324000000,4811.78,4819.16,4808.92,4814.42,810.743,1770324299999,3902489.50135,3303,460.235,2215457.36722,0
1770324300000,4814.42,4818.43,4803.18,4804.86,1551.919,1770324599999,7466302.58390,4616,699.763,3367137.38778,0
1770324600000,4804.86,4809.17,4801.70,4803.20,1215.961,1770324899999,5842618.10949,3801,487.304,2341657.39160,0
1770324900000,4802.96,4817.50,4793.87,4813.78,2419.863,1770325199999,11631851.81967,7047,1283.619,6172176.90245,0
1770325200000,4813.75,4828.91,4810.76,4825.54,2630.122,1770325499999,12676603.75708,6202,1737.383,8373758.34926,0
1770325500000,4825.40,4825.64,4810.08,4811.12,1294.444,1770325799999,6238345.44287,3409,609.876,2939025.91894,0
1770325800000,4811.13,4812.29,4806.90,4811.25,910.292,1770326099999,4379000.76714,2554,519.665,2499872.75750,0
1770326100000,4811.25,4813.94,4798.60,4804.66,1512.045,1770326399999,7267163.22086,3701,647.992,3114371.76799,0
1770326400000,4804.66,4810.68,4802.50,4805.00,1124.558,1770326699999,5405044.04233,3720,586.202,2817628.09299,0
1770326700000,4805.01,4809.32,4793.41,4802.91,1632.930,1770326999999,7841794.71285,3858,788.953,3789331.21201,0
1770327000000,4803.00,4805.47,4762.89,4771.89,4813.407,1770327299999,23025373.25401,9790,1991.948,9524443.73177,0
1770327300000,4771.84,4787.06,4763.15,4768.10,3889.254,1770327599999,18570493.67084,8548,1803.693,8611939.39084,0
1770327600000,4768.11,4779.00,4762.47,4765.91,3364.094,1770327899999,16045167.41699,8062,1622.287,7737124.36538,0
1770327900000,4765.90,4773.95,4763.35,4770.75,2208.212,1770328199999,10528964.97223,5096,1127.593,5376103.65687,0
1770328200000,4770.74,4779.50,4759.10,4776.40,2385.704,1770328499999,11376967.15116,5393,974.076,4645133.17630,0
1770328500000,4776.56,4782.08,4773.90,4778.17,1670.952,1770328799999,7983961.32243,4234,799.541,3820358.02931,0
1770328800000,4778.25,4784.40,4770.60,4779.77,714.560,1770329099999,3413857.63996,2862,390.313,1864871.51353,0
1770329100000,4779.77,4784.91,4768.15,4775.79,809.610,1770329399999,3867032.06733,3046,385.542,1841545.32953,0
1770329400000,4775.57,4780.52,4772.00,4779.22,322.891,1770329699999,1542228.19541,1946,166.331,794472.85991,0
1770329700000,4779.22,4781.25,4764.00,4768.46,506.374,1770329999999,2415287.66546,2609,189.296,902807.23643,0
1770330000000,4768.46,4770.47,4765.95,4769.07,334.603,1770330299999,1595485.80301,1767,164.188,782918.05833,0
1770330300000,4769.08,4780.00,4768.95,4778.72,434.745,1770330599999,2075824.36707,2264,285.640,1363924.62995,0
1770330600000,4778.73,4784.00,4776.46,4781.94,542.517,1770330899999,2593258.02957,2600,347.789,1662501.81660,0
1770330900000,4781.94,4782.60,4772.95,4777.37,271.804,1770331199999,1298852.44230,1607,91.737,438358.94661,0
1770331200000,4777.37,4778.70,4772.74,4778.42,303.078,1770331499999,1447439.93979,1707,119.906,572746.07897,0
1770331500000,4778.49,4779.90,4772.50,4775.74,216.860,1770331799999,1035616.52217,1877,98.607,470954.63914,0
1770331800000,4775.47,4783.60,4775.20,4782.63,283.785,1770332099999,1356855.68197,1888,145.083,693631.12842,0
1770332100000,4782.70,4783.56,4777.06,4778.55,385.109,1770332399999,1840713.40116,2243,193.089,922909.30561,0
1770332400000,4778.54,4793.36,4762.20,4783.80,5573.581,1770332699999,26615413.82252,15096,2899.175,13845464.16357,0
1770332700000,4783.81,4783.81,4766.57,4782.73,3098.567,1770332999999,14799632.30566,7595,1552.238,7414571.30898,0
1770333000000,4782.63,4785.17,4768.87,4771.28,1670.383,1770333299999,7982668.99518,4847,830.910,3971268.08975,0
1770333300000,4771.64,4775.53,4762.09,4764.68,1985.543,1770333599999,9468099.56819,5692,1111.864,5302702.03423,0
1770333600000,4764.42,4767.09,4751.98,4755.86,1759.459,1770333899999,8375128.27604,5266,581.313,2767716.46079,0
1770333900000,4755.85,4761.31,4748.40,4753.32,2085.981,1770334199999,9919213.10616,6181,1014.172,4823549.99582,0
1770334200000,4753.33,4757.91,4749.04,4753.40,1355.046,1770334499999,6440539.39572,5315,635.952,3022804.17346,0
1770334500000,4753.45,4754.20,4729.97,4737.54,4431.267,1770334799999,21009001.38478,9366,1578.394,7482824.46728,0
1770334800000,4737.54,4754.38,4736.82,4741.12,2708.226,1770335099999,12848588.02702,6932,1389.581,6592111.45684,0
1770335100000,4741.13,4742.84,4710.01,4714.78,3013.064,1770335399999,14234000.66166,8081,1224.859,5787677.71602,0
1770335400000,4714.42,4722.38,4700.00,4708.42,3912.076,1770335699999,18421112.71996,11286,1733.658,8165763.24589,0
1770335700000,4708.42,4718.80,4700.74,4702.29,1801.975,1770335999999,8483585.02843,7367,947.434,4460599.74886,0
1770336000000,4702.28,4704.93,4683.00,4683.90,2965.869,1770336299999,13923396.54066,10516,944.378,4434104.01125,0
1770336300000,4683.76,4699.21,4682.26,4686.81,3015.201,1770336599999,14139201.66719,10560,1606.478,7533577.35588,0
1770336600000,4686.81,4702.86,4678.05,4680.53,2866.372,1770336899999,13443327.44338,10347,1326.316,6222007.63212,0
1770336900000,4680.08,4681.02,4650.00,4665.79,4993.233,1770337199999,23285840.48811,15919,2370.277,11052564.88852,0
1770337200000,4665.91,4703.51,4665.67,4699.95,3950.030,1770337499999,18496242.02082,15855,2101.310,9839602.25721,0
1770337500000,4699.95,4729.50,4694.02,4725.00,5421.594,1770337799999,25539303.92550,18526,3005.757,14161711.55192,0
1770337800000,4724.93,4736.38,4710.06,4735.69,3514.295,1770338099999,16598768.09760,11435,1901.179,8981323.00836,0
1770338100000,4735.69,4757.89,4733.02,4741.09,3557.934,1770338399999,16872279.88415,11522,1938.167,9192469.98342,0
1770338400000,4740.70,4760.87,4740.70,4758.70,3219.705,1770338699999,15298140.81624,12343,1594.561,7576696.40450,0
1770338700000,4758.80,4759.18,4742.53,4756.86,2869.892,1770338999999,13630496.92243,9619,1568.903,7452051.24815,0
1770339000000,4757.13,4761.31,4741.02,4743.18,3202.497,1770339299999,15216208.43585,9158,1422.338,6757392.03345,0
1770339300000,4743.16,4767.77,4740.00,4763.16,2299.029,1770339599999,10932350.95755,7977,1341.618,6379716.25793,0
1770339600000,4763.15,4765.08,4694.00,4747.27,8286.351,1770339899999,39143432.98720,23484,4415.303,20845526.71410,0
1770339900000,4747.29,4758.58,4731.94,4738.36,4669.774,1770340199999,22159485.07959,13590,2101.204,9971417.28829,0
1770340200000,4738.39,4755.63,4736.03,4748.17,2696.652,1770340499999,12797267.95069,9004,1347.346,6394356.10878,0
1770340500000,4748.28,4762.85,4710.81,4720.25,4073.171,1770340799999,19276982.50248,10950,1930.342,9135239.21240,0
1770340800000,4720.21,4729.32,4705.68,4717.77,4148.471,1770341099999,19576538.35113,10791,2307.671,10890987.25203,0
1770341100000,4717.76,4731.81,4711.41,4713.35,2728.410,1770341399999,12876773.03159,8777,1249.911,5899069.50621,0
1770341400000,4713.45,4746.66,4706.68,4740.74,2414.454,1770341699999,11418390.11668,7511,1445.646,6836479.55453,0
1770341700000,4740.83,4747.64,4731.06,4732.89,1835.443,1770341999999,8701858.62607,6142,863.641,4095098.48864,0
1770342000000,4732.83,4744.89,4727.74,4743.08,2168.391,1770342299999,10271673.59045,6718,1105.784,5238317.18099,0
1770342300000,4743.44,4758.32,4738.65,4753.91,2372.980,1770342599999,11270093.62017,7114,1225.084,5818798.07937,0
1770342600000,4754.01,4771.65,4753.28,4771.59,1792.291,1770342899999,8532839.37343,5523,1059.060,5042657.14314,0
1770342900000,4771.58,4785.87,4764.76,4774.01,2793.783,1770343199999,13337563.78492,7724,1519.733,7254348.74503,0
1770343200000,4774.12,4781.60,4761.46,4770.00,2463.932,1770343499999,11758073.09065,7869,1233.290,5885244.87650,0
1770343500000,4770.64,4790.77,4770.64,4789.09,2069.569,1770343799999,9895500.42310,6624,1241.752,5937843.33059,0
1770343800000,4789.43,4794.86,4782.51,4786.53,2335.510,1770344099999,11187975.11161,6621,957.242,4585802.79527,0
1770344100000,4786.53,4798.24,4782.02,4798.23,2555.650,1770344399999,12244948.41136,6012,1386.698,6644660.09397,0
1770344400000,4798.19,4798.46,4788.15,4793.57,1826.647,1770344699999,8757211.89885,5656,845.032,4051094.25315,0
1770344700000,4793.72,4820.75,4789.67,4819.50,2655.761,1770344999999,12761982.78639,7526,1552.243,7458863.76556,0
1770345000000,4819.63,4838.35,4808.45,4836.40,3657.959,1770345299999,17646870.79987,9984,1819.783,8781222.28143,0
1770345300000,4836.05,4842.24,4822.41,4834.89,3792.105,1770345599999,18328382.97279,8492,1628.515,7870535.43738,0
1770345600000,4834.89,4846.70,4818.94,4825.93,2593.562,1770345899999,12531930.65273,7862,1220.678,5897307.25765,0
1770345900000,4826.17,4832.64,4819.20,4826.35,1551.915,1770346199999,7488131.66431,5401,756.005,3647954.98182,0
1770346200000,4826.36,4826.98,4809.25,4816.58,1621.668,1770346499999,7807578.72561,6064,722.305,3477540.21510,0
1770346500000,4816.58,4827.43,4813.56,4815.68,1265.620,1770346799999,6099036.50289,4588,667.139,3215006.83919,0
1770346800000,4815.69,4831.50,4806.71,4831.10,1696.480,1770347099999,8170547.37746,5592,816.979,3935941.97012,0
1770347100000,4830.96,4837.20,4825.64,4826.74,1756.442,1770347399999,8486473.15726,5258,801.352,3872427.98766,0
1770347400000,4826.65,4828.56,4812.03,4812.31,1495.566,1770347699999,7206198.68289,5347,604.926,2914817.74336,0
1770347700000,4812.37,4827.31,4812.31,4825.50,1347.201,1770347999999,6494572.30136,4627,743.550,3584531.84523,0
1770348000000,4825.50,4825.87,4801.41,4802.35,2000.672,1770348299999,9630321.31029,6250,758.034,3649194.45773,0
1770348300000,4802.56,4817.09,4801.63,4812.62,1869.336,1770348599999,8993295.81782,5901,1099.009,5287560.57934,0
1770348600000,4812.62,4826.01,4809.06,4818.74,1183.985,1770348899999,5705763.49200,4607,536.133,2583404.60713,0
1770348900000,4818.74,4820.23,4807.01,4814.63,1347.966,1770349199999,6489379.49801,4380,705.074,3394519.18748,0
1770349200000,4814.64,4814.84,4801.60,4805.76,1346.846,1770349499999,6475759.74921,4498,632.333,3040174.66904,0
1770349500000,4805.92,4822.40,4805.71,4820.40,1039.898,1770349799999,5006638.92856,3767,556.760,2680343.09918,0
1770349800000,4820.40,4827.35,4818.91,4825.01,1507.534,1770350099999,7272372.92533,4522,777.475,3750320.50623,0
1770350100000,4825.01,4828.32,4822.45,4825.10,1150.158,1770350399999,5549518.63352,3491,524.511,2530919.75716,0
1770350400000,4825.17,4828.19,4816.22,4824.08,1276.428,1770350699999,6157080.27634,4162,604.290,2914878.65798,0
1770350700000,4824.08,4827.89,4817.02,4823.02,899.948,1770350999999,4340632.95172,3076,466.451,2250125.18132,0
1770351000000,4823.01,4828.86,4820.27,4821.07,1243.879,1770351299999,6000457.08952,3136,703.977,3395686.50743,0
1770351300000,4821.06,4826.65,4819.89,4820.38,950.465,1770351599999,4584777.05393,2689,418.058,2016657.41478,0
1770351600000,4820.36,4820.76,4808.71,4817.00,1647.496,1770351899999,7933001.70695,3830,885.278,4262576.17219,0
1770351900000,4816.99,4829.00,4815.46,4827.37,1167.867,1770352199999,5633039.79644,3217,641.992,3096559.61460,0
1770352200000,4827.38,4833.56,4823.97,4825.93,1381.266,1770352499999,6669563.81230,3519,644.017,3109746.49897,0
1770352500000,4825.93,4827.59,4821.28,4827.32,1095.201,1770352799999,5284132.90503,2818,546.627,2637403.60636,0
1770352800000,4827.45,4827.57,4819.99,4821.99,1273.297,1770353099999,6140314.78945,2786,548.809,2646303.81454,0
1770353100000,4821.99,4823.24,4816.30,4821.70,885.435,1770353399999,4267749.54036,2652,452.057,2178984.55287,0
1770353400000,4821.70,4823.96,4810.77,4811.28,902.434,1770353699999,4347795.99907,2539,230.782,1112186.13673,0
1770353700000,4811.29,4818.37,4810.01,4813.82,814.210,1770353999999,3919569.43279,2831,343.404,1652798.55384,0
1770354000000,4813.82,4824.58,4807.31,4818.69,2661.597,1770354299999,12816296.74651,6569,1227.643,5911902.50918,0
1770354300000,4818.68,4824.50,4816.95,4823.37,1265.632,1770354599999,6100687.19991,3127,690.918,3330519.80808,0
1770354600000,4823.45,4827.52,4822.20,4824.32,1729.815,1770354899999,8346077.81142,3693,1027.340,4956813.50456,0
1770354900000,4824.32,4832.85,4818.61,4832.39,1374.471,1770355199999,6632097.87361,3354,844.061,4073293.04016,0
1770355200000,4832.40,4837.75,4828.90,4837.11,974.468,1770355499999,4709605.54123,2766,633.588,3062273.84782,0
1770355500000,4837.12,4853.58,4837.11,4852.47,3674.507,1770355799999,17811152.34990,7771,2322.064,11255375.70627,0
1770355800000,4852.46,4857.47,4838.98,4855.96,4470.092,1770356099999,21672846.28912,8368,2158.084,10463546.72757,0
1770356100000,4855.95,4864.44,4849.75,4859.56,3562.352,1770356399999,17299844.32129,7396,1809.654,8788700.76113,0
1770356400000,4859.56,4872.30,4859.56,4866.83,3026.416,1770356699999,14728089.21656,6999,1478.105,7193632.11678,0
1770356700000,4866.83,4876.00,4863.71,4873.39,2941.843,1770356999999,14328222.35726,6246,1528.080,7442695.87037,0
1770357000000,4873.39,4889.18,4871.74,4886.97,3593.864,1770357299999,17532742.00514,7379,1780.937,8688840.67072,0
1770357300000,4886.98,4897.95,4884.26,4897.64,2587.684,1770357599999,12657929.71805,6917,1346.862,6588005.66201,0
1770357600000,4897.65,4903.41,4882.96,4887.84,3053.013,1770357899999,14936620.31206,7647,1322.080,6467877.49548,0
1770357900000,4887.83,4892.40,4871.07,4874.10,3431.179,1770358199999,16745461.59936,7822,1533.198,7483186.65206,0
1770358200000,4874.10,4880.92,4865.90,4866.86,2075.871,1770358499999,10114747.13844,5615,976.446,4757696.14605,0
1770358500000,4866.54,4872.75,4860.05,4861.77,2513.589,1770358799999,12231609.31558,5535,1145.043,5572169.72769,0
1770358800000,4861.76,4869.89,4853.70,4854.41,2775.201,1770359099999,13497310.42813,5986,1459.993,7101294.97513,0
1770359100000,4854.40,4863.30,4848.91,4855.25,2552.660,1770359399999,12396713.57379,6771,1363.448,6621095.16993,0
1770359400000,4855.25,4866.25,4844.44,4848.99,1512.887,1770359699999,7349461.37382,5828,741.040,3599743.91804,0
1770359700000,4848.66,4849.00,4838.08,4842.36,1811.684,1770359999999,8775748.47521,6403,862.146,4176378.22807,0
1770360000000,4842.31,4849.99,4837.71,4847.47,1531.205,1770360299999,7414082.76800,5512,905.801,4386264.07599,0
1770360300000,4847.49,4856.23,4840.53,4854.67,1842.443,1770360599999,8934333.72128,4686,1071.513,5196468.50688,0
1770360600000,4854.67,4856.10,4845.91,4847.85,837.421,1770360899999,4061628.82116,3696,367.272,1781142.95796,0
1770360900000,4847.78,4850.27,4826.39,4845.97,2728.859,1770361199999,13195937.80844,7540,1275.417,6168558.73170,0
1770361200000,4845.86,4855.29,4837.53,4840.11,2431.531,1770361499999,11782103.62892,6207,992.282,4808415.66876,0
1770361500000,4840.05,4846.65,4838.71,4844.99,1110.966,1770361799999,5380394.51291,3854,573.877,2779433.07109,0
1770361800000,4845.00,4853.99,4843.98,4849.25,1312.143,1770362099999,6362278.91282,4522,670.523,3251216.53625,0
1770362100000,4849.26,4852.51,4843.88,4847.38,845.045,1770362399999,4097960.97379,3273,449.109,2177984.54706,0
1770362400000,4847.37,4852.67,4845.85,4852.00,722.188,1770362699999,3501667.63263,3092,449.913,2181532.80764,0
1770362700000,4852.00,4864.21,4851.83,4859.47,1059.670,1770362999999,5149726.07997,4037,623.766,3031321.74937,0
1770363000000,4859.46,4860.95,4848.45,4852.30,785.832,1770363299999,3814737.84336,3346,300.886,1460909.25309,0
1770363300000,4852.31,4857.39,4851.03,4855.47,959.948,1770363599999,4659203.43738,3810,500.989,2431696.94239,0
1770363600000,4855.48,4860.00,4851.30,4857.69,686.757,1770363899999,3334201.29840,2977,310.764,1508731.45766,0
1770363900000,4857.68,4857.68,4849.43,4852.94,1099.939,1770364199999,5338399.69228,3745,552.328,2680857.17884,0
1770364200000,4852.94,4856.24,4849.78,4850.95,705.315,1770364499999,3423071.12834,2966,263.672,1279699.58954,0
1770364500000,4850.94,4856.36,4841.61,4843.03,957.829,1770364799999,4644361.25840,3361,383.390,1859569.71222,0
1770364800000,4842.74,4845.89,4830.43,4838.52,2308.924,1770365099999,11167297.95726,7384,1180.515,5709968.99798,0
1770365100000,4838.51,4844.78,4835.22,4841.99,1327.302,1770365399999,6423847.25623,4638,718.857,3479060.28776,0
1770365400000,4842.00,4854.12,4842.00,4852.08,1334.168,1770365699999,6471166.28965,4798,649.166,3148787.07567,0
1770365700000,4851.95,4860.00,4847.85,4854.89,1541.552,1770365999999,7483011.79769,4770,622.974,3023992.44417,0
1770366000000,4854.89,4870.59,4854.88,4869.04,1918.536,1770366299999,9331210.01120,5439,957.168,4655478.21090,0
1770366300000,4868.71,4875.04,4865.76,4867.73,2539.338,1770366599999,12367337.26696,5732,1094.512,5331343.23308,0
1770366600000,4867.96,4880.63,4867.34,4879.35,1595.064,1770366899999,7775925.09815,4581,840.763,4098430.30052,0
1770366900000,4879.42,4881.74,4861.00,4863.93,1706.843,1770367199999,8314270.34965,5103,610.310,2972347.60493,0
1770367200000,4863.93,4864.29,4856.07,4861.22,2023.220,1770367499999,9833082.36285,5071,869.615,4226563.15993,0
1770367500000,4861.22,4861.23,4852.43,4860.27,1463.988,1770367799999,7110772.37609,4417,709.239,3445178.01935,0
1770367800000,4860.27,4864.83,4858.20,4861.91,896.107,1770368099999,4356510.50613,3801,320.655,1558916.09194,0
1770368100000,4861.91,4862.84,4854.40,4861.77,1071.826,1770368399999,5207902.90289,3665,353.330,1716739.94249,0
1770368400000,4861.77,4870.80,4844.00,4851.96,4053.765,1770368699999,19698173.01381,8855,1790.654,8703507.89164,0
1770368700000,4851.81,4855.55,4841.08,4848.52,1649.727,1770368999999,7998503.80352,4386,786.046,3811110.59228,0
1770369000000,4848.52,4854.30,4841.87,4842.30,1991.716,1770369299999,9655861.51494,4385,1039.985,5041743.46213,0
1770369300000,4842.05,4853.91,4840.58,4848.70,864.598,1770369599999,4191622.10105,3231,462.116,2240095.02658,0
1770369600000,4848.71,4868.00,4848.25,4861.28,1866.782,1770369899999,9066045.02728,5625,1006.723,4888503.91228,0
1770369900000,4861.04,4865.25,4856.69,4864.50,766.890,1770370199999,3727698.67149,2980,387.760,1885001.36086,0
1770370200000,4864.51,4866.85,4861.20,4865.90,1172.521,1770370499999,5702887.58538,3378,554.885,2698848.46355,0
1770370500000,4865.71,4874.96,4861.57,4863.05,1490.587,1770370799999,7255214.00292,4183,694.075,3378450.65338,0
1770370800000,4863.06,4863.27,4858.77,4858.77,887.505,1770371099999,4314679.09510,2736,302.996,1473053.72597,0
1770371100000,4858.69,4869.03,4856.08,4868.73,1080.837,1770371399999,5256535.74054,2516,664.736,3232827.93402,0
1770371400000,4868.72,4869.90,4862.40,4863.22,1094.461,1770371699999,5325411.14289,3032,473.415,2303138.04556,0
1770371700000,4863.22,4870.52,4859.44,4867.23,1291.123,1770371999999,6280030.19277,3056,627.325,3051126.56016,0
1770372000000,4867.24,4877.66,4863.34,4871.53,1242.234,1770372299999,6050937.60199,3808,617.282,3007367.16617,0
1770372300000,4871.52,4876.27,4869.53,4875.99,1557.002,1770372599999,7586042.69320,2974,724.541,3530140.89928,0
1770372600000,4875.99,4876.53,4870.29,4872.56,990.737,1770372899999,4829052.59296,2499,358.380,1746605.65098,0
1770372900000,4872.78,4877.29,4866.73,4867.43,1799.833,1770373199999,8770384.88027,3256,908.419,4426671.03907,0
1770373200000,4867.73,4867.77,4854.31,4858.96,1528.975,1770373499999,7432550.96158,4057,800.422,3891799.42434,0
1770373500000,4858.96,4860.00,4850.11,4855.35,683.688,1770373799999,3319220.14020,2669,287.178,1394297.67888,0
1770373800000,4855.34,4869.51,4854.00,4868.24,747.945,1770374099999,3635760.83132,2767,536.642,2608507.61372,0
1770374100000,4868.25,4872.27,4864.79,4872.27,564.618,1770374399999,2748679.30074,2197,228.859,1114220.72475,0
1770374400000,4872.27,4877.48,4870.86,4875.22,1070.418,1770374699999,5217134.41552,2814,394.541,1923005.32136,0
1770374700000,4875.22,4875.37,4867.83,4869.90,774.380,1770374999999,3772495.24211,2643,299.823,1460518.65426,0
1770375000000,4869.90,4882.59,4869.28,4876.76,909.420,1770375299999,4436194.98203,2881,476.027,2322194.19996,0
1770375300000,4876.76,4879.87,4873.58,4879.70,833.612,1770375599999,4065276.92984,2184,499.441,2435798.40359,0
1770375600000,4879.69,4888.85,4873.12,4873.12,1727.733,1770375899999,8437191.45746,4806,690.777,3373831.31980,0
1770375900000,4873.12,4875.26,4865.39,4872.70,1611.694,1770376199999,7848938.54940,4005,1086.184,5289588.75183,0
1770376200000,4872.70,4883.57,4872.34,4883.54,801.225,1770376499999,3908829.55054,2649,457.100,2230002.03850,0
1770376500000,4883.55,4887.56,4878.63,4883.08,1440.169,1770376799999,7031634.90054,3620,553.302,2702023.98046,0
1770376800000,4883.31,4893.72,4879.21,4888.95,770.838,1770377099999,3766672.23049,3385,464.419,2269311.75189,0
1770377100000,4888.95,4894.01,4883.51,4890.38,978.705,1770377399999,4784061.63332,3622,531.885,2600257.57073,0
1770377400000,4890.38,4891.73,4880.68,4882.81,1247.298,1770377699999,6092162.65899,3134,604.592,2952903.98035,0
1770377700000,4882.81,4890.06,4880.91,4887.49,501.022,1770377999999,2447910.28158,2286,267.478,1306671.53742,0
1770378000000,4887.49,4893.34,4884.33,4886.88,712.474,1770378299999,3482578.75757,2482,208.164,1017656.48698,0
1770378300000,4886.87,4888.88,4883.09,4884.51,442.943,1770378599999,2164267.83375,2234,217.472,1062587.06125,0
1770378600000,4884.51,4892.48,4883.00,4889.70,497.042,1770378899999,2429412.54001,2154,309.288,1511686.13334,0
1770378900000,4889.87,4896.30,4886.67,4886.86,930.040,1770379199999,4549584.83062,3519,338.821,1657698.32647,0
1770379200000,4886.86,4893.91,4884.00,4889.41,957.010,1770379499999,4678585.46837,4378,379.165,1853570.68196,0
1770379500000,4889.41,4902.85,4888.94,4897.45,1875.102,1770379799999,9184320.95433,4718,946.843,4637203.50782,0
1770379800000,4897.70,4898.19,4890.02,4895.63,1135.493,1770380099999,5558127.53666,3445,566.317,2772085.68943,0
1770380100000,4895.63,4896.92,4884.71,4884.71,872.746,1770380399999,4270020.85535,3069,252.030,1233128.32627,0
1770380400000,4884.80,4887.40,4875.00,4878.16,1696.229,1770380699999,8278233.46241,5177,790.503,3858326.81567,0
1770380700000,4878.17,4881.48,4871.43,4877.68,1535.133,1770380999999,7485992.14235,4199,601.664,2934266.99112,0
1770381000000,4877.63,4885.49,4876.38,4882.48,1215.849,1770381299999,5935295.85044,3353,642.016,3134056.83460,0
1770381300000,4882.48,4891.91,4880.40,4886.40,921.155,1770381599999,4500352.37914,2732,448.805,2192651.83895,0
1770381600000,4886.39,4893.96,4884.52,4892.77,681.462,1770381899999,3332151.52553,2664,338.983,1657729.06553,0
1770381900000,4892.76,4899.91,4892.07,4896.68,803.683,1770382199999,3935800.64964,2930,430.621,2108779.92466,0
1770382200000,4896.68,4903.46,4896.33,4898.92,958.636,1770382499999,4695932.08974,3184,469.247,2298805.69628,0
1770382500000,4898.93,4900.64,4894.73,4898.95,757.995,1770382799999,3712601.59026,2776,361.012,1768277.95261,0
1770382800000,4898.95,4925.73,4896.27,4924.12,5636.731,1770383099999,27693591.49372,14526,3005.309,14768215.80969,0
1770383100000,4923.95,4925.44,4909.88,4914.34,2382.884,1770383399999,11713765.50837,6858,1209.057,5942796.92776,0
1770383400000,4914.34,4917.33,4906.29,4910.52,2492.402,1770383699999,12242946.33713,5676,1200.159,5895561.61514,0
1770383700000,4910.52,4918.86,4906.10,4914.22,1397.979,1770383999999,6865734.09910,4663,599.206,2942910.73840,0
1770384000000,4914.34,4928.16,4912.80,4928.16,1110.700,1770384299999,5466276.34428,4518,657.665,3236638.02407,0
1770384300000,4928.17,4928.99,4904.56,4908.68,2302.285,1770384599999,11313033.22994,6754,1039.028,5104512.16593,0
1770384600000,4908.67,4926.53,4908.46,4922.98,2685.723,1770384899999,13211973.83249,5441,1269.905,6245083.96251,0
1770384900000,4922.97,4935.62,4919.36,4930.05,3293.155,1770385199999,16225927.33685,6830,1287.037,6341930.02763,0
1770385200000,4930.06,4937.79,4929.37,4931.82,2493.986,1770385499999,12305228.98480,6321,1541.705,7607202.67944,0
1770385500000,4931.82,4933.99,4926.90,4929.80,1354.594,1770385799999,6678966.59063,4200,670.124,3304313.47796,0
1770385800000,4929.79,4930.41,4921.16,4922.23,1316.909,1770386099999,6487167.44958,4800,613.576,3022660.17828,0
1770386100000,4922.24,4928.66,4921.25,4928.66,1307.248,1770386399999,6437552.88565,4079,796.104,3920430.81573,0
1770386400000,4928.66,4931.88,4920.62,4924.41,1691.071,1770386699999,8332209.70601,6068,794.672,3915771.72621,0
1770386700000,4924.33,4930.24,4912.45,4921.44,1278.869,1770386999999,6294230.62903,4641,551.207,2712697.39448,0
1770387000000,4921.45,4924.41,4908.76,4920.46,1976.187,1770387299999,9717911.32848,5755,991.633,4876109.94781,0
1770387300000,4920.80,4925.39,4916.22,4919.62,1495.660,1770387599999,7358052.11657,3464,370.646,1823697.36140,0
1770387600000,4919.66,4920.95,4901.92,4904.85,2726.323,1770387899999,13380050.09706,6342,1501.308,7367604.79087,0
1770387900000,4904.66,4908.06,4894.00,4904.74,2657.837,1770388199999,13029669.45710,6778,1387.390,6802202.20692,0
1770388200000,4904.73,4929.93,4896.91,4926.91,3692.159,1770388499999,18144903.69881,9902,1971.386,9688809.45344,0
1770388500000,4927.02,4946.94,4924.11,4936.69,4097.474,1770388799999,20229939.24391,10340,2244.434,11080307.85340,0
1770388800000,4936.68,4938.72,4922.41,4931.88,2853.484,1770389099999,14068253.57869,8140,1528.624,7537414.27450,0
1770389100000,4932.04,4939.00,4927.17,4937.54,1670.630,1770389399999,8239571.70834,5344,822.493,4057002.99788,0
1770389400000,4937.76,4943.00,4934.87,4936.94,1845.810,1770389699999,9117844.77844,5377,738.898,3650240.69704,0
1770389700000,4936.94,4948.74,4933.50,4946.64,2376.168,1770389999999,11743017.26488,7128,1308.602,6466917.81426,0
1770390000000,4946.34,4958.99,4938.00,4941.14,4612.778,1770390299999,22815243.70637,10849,2203.048,10898293.50274,0
1770390300000,4941.12,4964.42,4941.06,4957.46,2672.578,1770390599999,13244761.90560,7820,1375.753,6817387.36917,0
1770390600000,4957.46,4960.14,4945.50,4946.35,2057.683,1770390899999,10192749.40311,6849,1126.776,5582209.62951,0
1770390900000,4946.13,4951.24,4940.55,4945.65,1482.429,1770391199999,7331326.75292,5052,669.694,3312074.34474,0
1770391200000,4945.87,4954.45,4933.56,4943.72,2218.971,1770391499999,10971602.57611,6576,1243.851,6150157.72440,0
1770391500000,4943.61,4958.62,4943.60,4954.71,2231.391,1770391799999,11049614.84667,4757,1221.394,6047504.41005,0
1770391800000,4954.70,4959.19,4948.04,4954.18,1839.099,1770392099999,9107407.46172,5094,860.408,4261409.14585,0
1770392100000,4954.17,4955.58,4939.62,4944.05,1846.137,1770392399999,9131562.26031,4358,1070.963,5296300.10238,0
1770392400000,4944.15,4951.94,4938.29,4942.37,1417.132,1770392699999,7008167.89372,4776,709.377,3508160.90914,0
1770392700000,4942.36,4946.65,4925.80,4941.25,1755.351,1770392999999,8668290.95624,5240,902.937,4459466.78402,0
1770393000000,4941.24,4949.88,4937.39,4938.26,1520.736,1770393299999,7518630.71228,4628,740.084,3659401.91337,0
1770393300000,4938.01,4943.79,4934.75,4941.77,1062.233,1770393599999,5247330.12189,4119,541.558,2675373.63199,0
1770393600000,4941.85,4949.00,4935.07,4948.35,1126.048,1770393899999,5566067.15608,4330,584.590,2889843.18521,0
1770393900000,4948.35,4948.53,4941.42,4941.78,902.741,1770394199999,4464193.16468,3427,397.711,1966721.31450,0
1770394200000,4941.79,4948.88,4938.86,4939.79,1277.144,1770394499999,6314536.48459,3495,623.313,3081757.84572,0
1770394500000,4939.56,4943.85,4929.36,4941.48,1415.891,1770394799999,6991807.18475,4286,706.771,3490405.73863,0
1770394800000,4941.51,4942.46,4928.48,4934.10,1187.003,1770395099999,5857748.58965,3891,608.437,3002531.48372,0
1770395100000,4934.01,4939.20,4921.00,4937.91,1646.576,1770395399999,8116793.91333,5190,798.489,3936644.24465,0
1770395400000,4937.90,4939.80,4930.19,4931.83,694.092,1770395699999,3425129.07820,4310,336.928,1662803.87906,0
1770395700000,4931.83,4939.83,4928.07,4939.83,973.806,1770395999999,4804054.26970,4323,558.890,2757301.75467,0
1770396000000,4939.56,4947.02,4932.96,4938.95,1270.713,1770396299999,6277091.56428,4733,646.815,3194726.75984,0
1770396300000,4938.94,4947.08,4936.31,4946.08,651.352,1770396599999,3219314.94388,3695,363.815,1798267.35932,0
1770396600000,4946.17,4947.24,4940.95,4942.66,586.374,1770396899999,2898902.72362,3330,257.726,1274214.56824,0
1770396900000,4942.56,4951.79,4940.88,4949.96,1195.187,1770397199999,5914562.64694,3839,665.309,3292780.82105,0
1770397200000,4949.73,4957.31,4947.65,4957.31,886.495,1770397499999,4390948.77309,3788,402.998,1996328.45438,0
1770397500000,4957.30,4958.53,4950.46,4957.54,825.025,1770397799999,4087883.88635,3158,399.732,1980761.49678,0
1770397800000,4957.56,4959.31,4953.96,4956.15,853.328,1770398099999,4229685.08160,2813,317.981,1576338.95408,0
1770398100000,4956.16,4957.60,4950.51,4956.89,718.624,1770398399999,3559916.67486,2870,340.800,1688378.20127,0
1770398400000,4956.89,4957.91,4953.30,4955.71,436.937,1770398699999,2165336.96866,2235,207.288,1027319.60066,0
1770398700000,4955.74,4956.52,4950.55,4952.77,485.522,1770398999999,2405271.98265,1905,175.179,867786.26001,0
1770399000000,4952.77,4967.72,4952.77,4958.38,1829.737,1770399299999,9079379.77646,5258,1049.451,5207524.83377,0
1770399300000,4958.40,4958.40,4946.08,4947.80,1244.479,1770399599999,6161527.67299,4101,355.146,1758172.73380,0
1770399600000,4947.81,4953.15,4947.10,4951.35,611.050,1770399899999,3025163.03191,2759,327.198,1619823.19219,0
1770399900000,4951.37,4957.70,4951.11,4957.55,682.768,1770400199999,3382646.95002,2839,384.635,1905705.33687,0
1770400200000,4957.55,4959.75,4954.45,4956.04,405.298,1770400499999,2009082.86853,2142,242.017,1199734.60102,0
1770400500000,4956.15,4962.00,4953.12,4957.95,912.081,1770400799999,4522115.16799,3113,506.885,2513027.25317,0
1770400800000,4957.96,4961.22,4956.98,4961.07,496.928,1770401099999,2464298.41148,2001,205.175,1017437.35618,0
1770401100000,4961.07,4967.77,4959.27,4960.96,1381.082,1770401399999,6854412.50788,3673,813.429,4037667.21004,0
1770401400000,4962.04,4968.46,4960.17,4962.53,1026.332,1770401699999,5096189.62783,3126,607.859,3018751.27227,0
1770401700000,4962.58,4963.50,4959.60,4961.73,699.606,1770401999999,3471414.84174,1960,361.653,1794549.10765,0
1770402000000,4961.72,4962.00,4940.10,4945.89,1596.485,1770402299999,7904293.25148,4881,542.040,2684338.73063,0
1770402300000,4945.76,4955.00,4944.77,4953.58,1267.627,1770402599999,6273491.33168,4038,662.382,3278427.25969,0
1770402600000,4953.32,4957.96,4948.00,4957.75,1283.049,1770402899999,6353735.65636,3910,516.212,2556870.84064,0
1770402900000,4957.75,4962.79,4955.63,4962.14,530.308,1770403199999,2629914.81013,1965,329.382,1633518.41482,0
1770403200000,4962.14,4962.14,4959.00,4961.14,281.735,1770403499999,1397550.62910,1231,123.629,613269.87226,0
1770403500000,4961.14,4963.56,4958.85,4962.92,411.105,1770403799999,2039692.68445,1630,228.600,1134229.54054,0
1770403800000,4962.91,4964.89,4959.40,4962.74,515.289,1770404099999,2556831.18887,1773,343.695,1705426.41434,0
1770404100000,4962.47,4963.39,4955.90,4958.59,391.509,1770404399999,1941649.34573,1897,150.563,746667.26264,0
1770404400000,4958.60,4959.24,4955.88,4956.97,293.567,1770404699999,1455463.61564,1515,124.189,615699.78358,0
1770404700000,4956.97,4957.83,4953.00,4953.74,548.363,1770404999999,2717616.98711,1829,289.707,1435799.03790,0
1770405000000,4953.73,4956.29,4949.39,4955.70,550.642,1770405299999,2727106.91486,2091,307.432,1522623.15383,0
1770405300000,4955.26,4957.00,4952.64,4954.36,705.274,1770405599999,3494617.16213,2322,313.792,1554781.44499,0
1770405600000,4954.36,4957.82,4954.05,4955.66,320.004,1770405899999,1585926.66555,1483,196.133,972019.17810,0
1770405900000,4955.67,4957.50,4953.63,4953.69,287.339,1770406199999,1424008.93064,1457,124.376,616419.96140,0
1770406200000,4953.70,4954.82,4950.20,4952.09,462.937,1770406499999,2292553.05313,1694,235.355,1165546.77639,0
1770406500000,4952.09,4952.40,4945.00,4948.39,863.422,1770406799999,4273068.78817,2149,392.381,1941956.18938,0
1770406800000,4948.54,4949.14,4945.22,4947.98,433.046,1770407099999,2142375.83901,1385,257.025,1271578.14515,0
1770407100000,4947.98,4958.22,4947.98,4957.65,555.660,1770407399999,2752897.98047,1777,384.987,1907335.56428,0
1770407400000,4957.64,4958.23,4955.21,4956.44,426.178,1770407699999,2112507.93824,1538,221.345,1097214.43253,0
1770407700000,4956.44,4956.65,4951.99,4951.99,516.986,1770407999999,2561390.33306,1646,304.796,1510058.48094,0
1770408000000,4952.04,4953.13,4946.95,4950.21,481.946,1770408299999,2385575.27443,1817,241.451,1195152.08097,0
1770408300000,4950.20,4953.86,4949.54,4950.04,383.448,1770408599999,1898700.47326,1328,220.456,1091628.03945,0
1770408600000,4950.00,4950.04,4945.61,4947.25,441.794,1770408899999,2185730.33230,1347,229.574,1135771.75998,0
1770408900000,4947.25,4948.04,4941.70,4947.54,912.107,1770409199999,4510608.09018,2271,525.073,2596640.03963,0
1770409200000,4947.06,4951.96,4944.57,4946.84,683.634,1770409499999,3382478.98485,1823,391.992,1939561.59188,0
1770409500000,4946.83,4951.00,4946.83,4948.74,200.298,1770409799999,991242.41165,1052,98.507,487493.87247,0
1770409800000,4948.73,4948.73,4935.45,4938.73,1428.961,1770410099999,7059867.71275,3734,717.088,3542656.37090,0
1770410100000,4938.94,4938.94,4931.20,4938.38,1266.406,1770410399999,6250078.94693,3621,513.938,2536559.03735,0
1770410400000,4938.22,4944.93,4937.91,4938.27,645.701,1770410699999,3191073.44659,2220,319.935,1581160.25257,0
1770410700000,4938.27,4939.73,4934.89,4938.18,571.448,1770410999999,2821312.44895,1627,288.152,1422588.18792,0
1770411000000,4938.17,4947.13,4937.34,4944.48,563.284,1770411299999,2784668.90185,1793,320.538,1584493.61514,0
1770411300000,4944.48,4947.16,4940.18,4945.65,545.176,1770411599999,2695269.29188,2163,282.220,1395370.15142,0
1770411600000,4945.70,4947.03,4941.23,4943.98,309.572,1770411899999,1530261.02806,1193,152.142,752070.73396,0
1770411900000,4943.86,4951.63,4943.86,4944.80,319.357,1770412199999,1580135.06163,1286,186.301,921827.96588,0
1770412200000,4944.80,4946.65,4937.16,4942.01,503.070,1770412499999,2485812.78249,1721,283.128,1398917.01933,0
1770412500000,4942.00,4942.66,4939.07,4941.71,275.557,1770412799999,1361463.27022,1130,150.239,742293.76281,0
1770412800000,4941.70,4945.42,4941.70,4944.99,241.160,1770413099999,1192208.67003,1118,123.001,608055.69352,0
1770413100000,4945.13,4950.88,4945.13,4948.64,236.772,1770413399999,1171718.04279,914,156.171,772829.83319,0
1770413400000,4948.64,4953.36,4948.64,4949.50,185.325,1770413699999,917593.38356,1083,99.535,492839.97526,0
1770413700000,4949.50,4961.99,4948.68,4959.14,319.756,1770413999999,1585105.72677,1563,204.015,1011246.02387,0
1770414000000,4959.15,4959.95,4955.81,4956.91,316.622,1770414299999,1569753.10781,1567,175.780,871492.75269,0
1770414300000,4956.91,4957.78,4954.11,4957.76,182.620,1770414599999,905020.74756,917,125.653,622699.30421,0
1770414600000,4957.75,4960.99,4955.97,4960.39,325.074,1770414899999,1611881.39960,1221,190.679,945490.77455,0
1770414900000,4960.39,4963.89,4957.76,4961.26,466.386,1770415199999,2313399.72447,1934,278.013,1379065.96202,0
1770415200000,4961.25,4972.76,4960.38,4967.91,665.675,1770415499999,3306853.88024,3052,441.320,2192138.77614,0
1770415500000,4967.91,4970.83,4962.23,4962.23,272.500,1770415799999,1353742.99334,1318,123.842,615379.16051,0
1770415800000,4962.23,4967.35,4961.10,4962.09,305.743,1770416099999,1517705.38037,1686,171.583,851725.57657,0
1770416100000,4962.09,4966.79,4961.49,4964.79,137.277,1770416399999,681416.31623,862,85.832,426056.48974,0
1770416400000,4965.21,4969.06,4963.10,4967.52,139.936,1770416699999,695002.87946,1041,92.351,458677.73441,0
1770416700000,4967.52,4970.50,4964.82,4970.49,228.115,1770416999999,1133293.92650,1440,127.435,633147.82816,0
1770417000000,4970.46,4970.50,4967.36,4969.04,166.864,1770417299999,829143.60750,1129,80.382,399421.94596,0
1770417300000,4968.96,4972.10,4968.32,4971.32,211.137,1770417599999,1049454.19878,1235,135.049,671243.89570,0
1770417600000,4971.31,4971.73,4965.96,4966.46,139.387,1770417899999,692605.50534,2047,70.908,352359.16699,0
1770417900000,4966.46,4967.99,4966.41,4967.36,116.657,1770418199999,579475.78541,668,46.308,230019.59172,0
1770418200000,4967.37,4971.17,4966.76,4971.17,94.122,1770418499999,467611.60834,732,60.096,298567.77896,0
1770418500000,4971.18,4971.96,4968.92,4970.41,161.959,1770418799999,804984.79214,1051,100.754,500755.96566,0
1770418800000,4970.24,4973.45,4968.55,4972.46,318.039,1770419099999,1581186.67610,1524,213.361,1060778.88470,0
1770419100000,4972.45,4973.12,4966.22,4971.59,411.544,1770419399999,2045782.04159,2019,205.959,1023853.04370,0
1770419400000,4971.54,4972.09,4965.85,4966.26,266.395,1770419699999,1323499.16263,1482,87.294,433697.83087,0
1770419700000,4966.21,4966.26,4962.24,4962.95,175.703,1770419999999,872139.04834,1077,45.591,226307.94974,0
1770420000000,4962.94,4969.51,4961.29,4968.32,368.023,1770420299999,1827664.91894,1695,229.955,1142083.66560,0
1770420300000,4968.32,4968.85,4965.09,4966.34,128.182,1770420599999,636659.46353,976,51.331,254962.29993,0
1770420600000,4966.33,4968.48,4961.52,4963.35,324.920,1770420899999,1613430.29080,1470,130.854,649746.02973,0
1770420900000,4962.81,4964.46,4960.10,4962.99,258.344,1770421199999,1281846.03502,1169,125.201,621232.02039,0
1770421200000,4962.98,4964.97,4960.00,4960.11,116.308,1770421499999,577109.82516,898,45.020,223401.57578,0
1770421500000,4960.10,4960.49,4958.66,4958.97,120.797,1770421799999,599053.06772,1102,48.267,239365.94426,0
1770421800000,4958.97,4959.30,4957.84,4958.39,120.005,1770422099999,595051.73843,686,42.578,211125.42504,0
1770422100000,4958.38,4961.27,4958.38,4958.95,185.997,1770422399999,922461.08441,1050,93.929,465842.19998,0
1770422400000,4958.63,4959.07,4956.02,4956.02,177.533,1770422699999,880064.45581,1077,41.033,203421.48539,0
1770422700000,4956.02,4961.00,4955.00,4958.94,481.431,1770422999999,2386424.43411,1918,174.926,867293.23709,0
1770423000000,4959.05,4959.76,4953.15,4953.15,195.338,1770423299999,967983.38353,1226,64.792,321063.33984,0
1770423300000,4953.16,4953.61,4951.40,4951.70,162.235,1770423599999,803462.43638,1105,63.705,315499.22882,0
1770423600000,4951.71,4954.63,4951.42,4954.37,166.528,1770423899999,824679.94045,753,101.839,504326.43785,0
1770423900000,4954.37,4956.71,4952.74,4952.97,239.268,1770424199999,1185615.83050,1057,102.074,505821.45005,0
1770424200000,4952.97,4952.98,4950.90,4952.75,307.414,1770424499999,1522104.84531,1097,104.843,519120.50469,0
1770424500000,4952.75,4953.20,4951.50,4951.51,122.189,1770424799999,605087.98216,819,38.548,190884.86070,0
1770424800000,4951.51,4954.44,4951.51,4954.44,92.679,1770425099999,459035.32230,794,64.896,321430.46561,0
1770425100000,4954.43,4955.74,4953.72,4954.10,192.462,1770425399999,953557.76453,947,88.543,438694.64945,0
1770425400000,4954.10,4957.95,4954.10,4956.11,129.812,1770425699999,643407.45355,783,74.450,369004.24507,0
1770425700000,4956.10,4956.53,4954.76,4954.94,286.497,1770425999999,1419843.97686,972,67.049,332270.65779,0
1770426000000,4954.82,4955.95,4954.68,4955.78,92.434,1770426299999,458026.66408,707,67.343,333696.84901,0
1770426300000,4955.83,4956.58,4954.20,4954.58,317.920,1770426599999,1575501.19440,894,189.802,940576.13906,0
1770426600000,4954.58,4954.58,4952.67,4954.04,121.963,1770426899999,604160.37912,710,46.871,232175.88004,0
1770426900000,4954.04,4958.04,4954.04,4956.10,128.897,1770427199999,638808.24755,807,81.079,401816.49760,0
1770427200000,4956.11,4956.36,4953.30,4953.70,181.381,1770427499999,898598.02499,575,43.612,216047.30064,0
1770427500000,4953.70,4955.57,4953.69,4954.85,86.387,1770427799999,428043.19701,591,49.662,246070.23751,0
1770427800000,4954.85,4960.72,4954.85,4960.10,180.101,1770428099999,892967.87609,707,147.247,730089.78930,0
1770428100000,4960.11,4963.47,4959.57,4960.73,262.665,1770428399999,1303274.94211,1249,158.090,784386.32072,0
1770428400000,4960.73,4962.94,4959.76,4962.89,57.729,1770428699999,286428.54736,628,38.461,190828.34652,0
1770428700000,4962.90,4964.90,4962.89,4964.52,273.312,1770428999999,1356851.91478,682,177.955,883433.44365,0
1770429000000,4964.51,4964.52,4962.58,4964.51,152.588,1770429299999,757345.10542,605,114.448,568040.56961,0
1770429300000,4964.52,4964.90,4963.32,4963.32,148.626,1770429599999,737892.47819,534,104.551,519079.38150,0
1770429600000,4963.31,4963.31,4961.00,4962.21,93.118,1770429899999,462063.90819,602,45.713,226828.79213,0
1770429900000,4962.21,4964.76,4961.30,4964.59,86.839,1770430199999,431013.42576,579,64.519,320229.07447,0
1770430200000,4964.58,4964.90,4963.33,4963.83,139.581,1770430499999,692942.80595,574,76.330,378946.20789,0
1770430500000,4963.84,4963.84,4960.27,4961.59,69.087,1770430799999,342771.77772,595,36.380,180492.03249,0
1770430800000,4961.60,4964.90,4960.91,4964.88,121.039,1770431099999,600773.63927,704,94.057,466857.15720,0
1770431100000,4964.89,4967.84,4964.88,4966.88,149.419,1770431399999,742086.59598,792,89.357,443758.80627,0
1770431400000,4966.88,4966.93,4966.19,4966.39,83.731,1770431699999,415871.22071,479,56.469,280469.32111,0
1770431700000,4966.39,4966.68,4965.61,4966.45,44.238,1770431999999,219703.60894,363,30.717,152552.53628,0
1770432000000,4966.45,4966.68,4965.85,4966.44,72.721,1770432299999,361154.84095,458,35.502,176315.40697,0
1770432300000,4966.46,4966.68,4964.13,4965.79,165.429,1770432599999,821469.78603,728,88.228,438111.03003,0
1770432600000,4965.91,4966.68,4965.79,4966.65,87.573,1770432899999,434922.13258,524,64.650,321077.36782,0
1770432900000,4966.68,4966.82,4966.05,4966.10,97.091,1770433199999,482208.47645,573,41.844,207824.34457,0
1770433200000,4966.11,4966.50,4965.37,4966.06,57.519,1770433499999,285639.01950,709,34.658,172110.18928,0
1770433500000,4966.07,4968.30,4965.03,4967.77,189.057,1770433799999,938972.89049,842,129.101,641188.33604,0
1770433800000,4967.78,4968.60,4962.04,4963.28,352.424,1770434099999,1749788.45035,1329,136.773,679053.84907,0
1770434100000,4963.28,4965.37,4963.28,4964.89,76.183,1770434399999,378218.23756,863,50.357,250000.57928,0
1770434400000,4964.88,4966.36,4963.93,4966.30,157.089,1770434699999,779999.81220,797,75.469,374733.48982,0
1770434700000,4966.31,4967.93,4963.80,4964.59,101.812,1770434999999,505646.28388,676,31.110,154508.22861,0
1770435000000,4964.60,4964.60,4961.00,4962.63,113.423,1770435299999,562853.39198,771,37.896,188055.33875,0
1770435300000,4962.63,4963.37,4962.23,4962.23,50.492,1770435599999,250577.17822,584,24.446,121316.68757,0
1770435600000,4962.23,4962.25,4959.75,4961.49,135.697,1770435899999,673173.48294,1045,48.185,239046.58317,0
1770435900000,4961.50,4961.98,4959.41,4961.44,127.615,1770436199999,633072.18927,1027,74.483,369508.80192,0
1770436200000,4961.44,4965.69,4961.44,4964.17,146.899,1770436499999,729226.92666,802,82.413,409097.91839,0
1770436500000,4964.17,4964.50,4960.11,4963.23,109.051,1770436799999,541135.21750,679,52.323,259613.16865,0
1770436800000,4963.23,4965.00,4962.23,4964.90,138.510,1770437099999,687573.79024,905,72.163,358228.95966,0
1770437100000,4964.90,4964.99,4963.41,4963.41,73.431,1770437399999,364539.77195,514,33.450,166057.81922,0
1770437400000,4963.40,4965.80,4963.00,4965.00,187.130,1770437699999,929029.82797,782,119.349,592515.16594,0
1770437700000,4964.83,4967.74,4964.83,4967.60,122.383,1770437999999,607793.06488,640,84.848,421373.42867,0
1770438000000,4967.61,4969.80,4966.99,4967.91,192.498,1770438299999,956399.42458,885,135.371,672575.59526,0
1770438300000,4967.91,4967.91,4966.42,4966.95,107.368,1770438599999,533299.01752,658,73.958,367346.90805,0
1770438600000,4966.94,4968.60,4966.31,4967.49,117.389,1770438899999,583089.43768,595,75.395,374488.26415,0
1770438900000,4967.50,4967.60,4962.56,4962.65,128.748,1770439199999,639319.75135,941,40.817,202713.08980,0
1770439200000,4962.65,4963.03,4960.55,4960.96,146.252,1770439499999,725711.77273,921,37.027,183736.81365,0
1770439500000,4960.90,4963.94,4960.57,4962.36,85.381,1770439799999,423724.78211,804,48.420,240292.21179,0
1770439800000,4962.37,4962.37,4960.75,4961.32,129.905,1770440099999,644502.66622,785,42.452,210610.12612,0
1770440100000,4961.23,4961.87,4961.02,4961.55,111.762,1770440399999,554479.58676,672,38.059,188823.52184,0
1770440400000,4961.55,4962.58,4961.10,4962.55,177.555,1770440699999,880973.42579,791,80.550,399675.43838,0
1770440700000,4962.60,4963.62,4962.25,4963.24,120.543,1770440999999,598250.67976,666,98.824,490461.19611,0
1770441000000,4963.24,4963.46,4962.20,4962.60,70.742,1770441299999,351065.11362,618,23.281,115538.50682,0
1770441300000,4962.60,4963.29,4962.23,4962.90,51.495,1770441599999,255562.74599,646,30.939,153546.55840,0
1770441600000,4962.91,4963.40,4962.54,4962.73,51.372,1770441899999,254955.95498,770,28.178,139845.66622,0
1770441900000,4962.73,4962.80,4958.51,4959.15,163.781,1770442199999,812471.03454,1265,34.136,169324.77133,0
1770442200000,4959.16,4959.70,4957.40,4958.85,190.618,1770442499999,945173.20288,1027,79.848,395913.25321,0
1770442500000,4958.85,4960.51,4958.85,4958.94,79.974,1770442799999,396636.20202,573,35.285,174995.13363,0
1770442800000,4959.00,4960.52,4959.00,4959.75,78.236,1770443099999,388037.32105,806,31.026,153883.39372,0
1770443100000,4959.75,4960.15,4957.00,4957.23,106.335,1770443399999,527304.69505,588,18.790,93176.93242,0
1770443400000,4957.23,4957.86,4956.01,4956.08,110.662,1770443699999,548523.51149,716,26.954,133613.20097,0
1770443700000,4956.08,4961.02,4956.00,4958.86,159.084,1770443999999,788833.94129,933,93.811,465183.94788,0
1770444000000,4958.86,4959.08,4956.51,4957.29,101.462,1770444299999,503048.71558,539,22.609,112090.75960,0
1770444300000,4957.29,4959.45,4957.29,4957.99,72.206,1770444599999,358014.55861,547,22.649,112296.67097,0
1770444600000,4958.00,4959.24,4957.67,4959.24,94.198,1770444899999,467069.10697,603,32.661,161944.46027,0
1770444900000,4959.24,4959.50,4958.00,4959.17,86.181,1770445199999,427333.55496,672,29.692,147233.68998,0
1770445200000,4959.16,4960.88,4959.13,4959.99,79.169,1770445499999,392681.13380,552,39.719,197001.46251,0
1770445500000,4959.99,4964.70,4959.99,4963.73,121.879,1770445799999,604836.24367,670,86.898,431206.02448,0
1770445800000,4963.73,4970.03,4963.72,4967.18,611.402,1770446099999,3037035.83224,1511,471.918,2344046.56953,0
1770446100000,4967.19,4968.98,4966.90,4968.73,111.100,1770446399999,551943.45610,720,77.795,386485.12241,0
1770446400000,4968.75,4969.26,4966.52,4969.25,184.207,1770446699999,915180.29139,965,104.055,516976.12648,0
1770446700000,4969.25,4971.35,4967.18,4971.26,239.552,1770446999999,1190338.58993,1492,147.306,732006.26684,0
1770447000000,4971.25,4971.26,4964.50,4964.75,203.529,1770447299999,1011125.16620,1567,67.215,333937.00765,0
1770447300000,4964.75,4965.53,4963.30,4964.51,276.422,1770447599999,1372143.55568,1553,96.102,477074.57014,0
1770447600000,4964.51,4966.95,4961.00,4961.00,249.575,1770447899999,1238942.21289,1483,66.475,330042.99690,0
1770447900000,4961.01,4961.35,4959.00,4959.15,340.336,1770448199999,1688079.02513,1632,106.517,528348.75497,0
1770448200000,4959.15,4959.81,4956.98,4956.98,362.768,1770448499999,1798767.49824,1559,90.078,446667.00008,0
1770448500000,4956.99,4958.43,4955.90,4956.54,711.999,1770448799999,3529013.05687,2549,197.449,978684.79409,0
1770448800000,4956.71,4960.90,4956.47,4959.21,246.571,1770449099999,1222503.59010,1318,139.611,692184.24249,0
1770449100000,4959.35,4963.37,4959.35,4960.89,170.150,1770449399999,844158.20740,1085,101.483,503465.19201,0
1770449400000,4960.90,4963.20,4960.00,4960.70,113.391,1770449699999,562599.54335,1116,49.589,246032.08872,0
1770449700000,4960.71,4964.77,4960.71,4964.77,113.839,1770449999999,564970.31311,850,80.736,400687.29239,0
1770450000000,4964.77,4966.90,4964.32,4965.25,397.990,1770450299999,1976191.46214,1687,266.598,1323766.85921,0
1770450300000,4965.24,4965.25,4962.21,4963.30,157.730,1770450599999,782901.85331,1118,41.513,206060.08937,0
1770450600000,4963.29,4965.11,4963.29,4964.68,95.383,1770450899999,473477.26438,774,67.596,335538.42799,0
1770450900000,4964.68,4965.25,4963.40,4963.77,122.013,1770451199999,605706.79585,1034,59.495,295348.70184,0
1770451200000,4963.78,4964.63,4962.63,4964.45,76.615,1770451499999,380311.88405,776,41.708,207038.13078,0
1770451500000,4964.45,4965.46,4964.07,4964.37,117.112,1770451799999,581436.88189,860,70.780,351406.97937,0
1770451800000,4964.55,4965.08,4963.86,4964.65,132.245,1770452099999,656570.48469,722,90.960,451609.23527,0
1770452100000,4964.65,4964.71,4962.12,4963.50,82.489,1770452399999,409417.28240,776,43.356,215185.35311,0
1770452400000,4963.50,4965.20,4963.50,4965.20,56.881,1770452699999,282399.68052,563,36.215,179798.70093,0
1770452700000,4965.20,4965.95,4964.37,4965.69,138.373,1770452999999,687039.76122,799,99.036,491723.91357,0
1770453000000,4965.81,4966.67,4965.55,4966.22,162.640,1770453299999,807689.61116,846,112.703,559694.80380,0
1770453300000,4966.21,4966.22,4965.27,4965.46,48.260,1770453599999,239646.82579,656,25.979,129004.13661,0
1770453600000,4965.46,4965.73,4965.28,4965.70,43.615,1770453899999,216576.36601,447,29.263,145310.06051,0
1770453900000,4965.70,4966.05,4964.30,4964.31,108.162,1770454199999,537049.48172,666,37.038,183905.64702,0
1770454200000,4964.31,4965.34,4962.64,4963.50,148.597,1770454499999,737654.34526,827,69.171,343358.77943,0
1770454500000,4963.51,4965.00,4963.49,4963.58,80.382,1770454799999,399039.64984,673,38.487,191058.97176,0
1770454800000,4963.58,4965.00,4963.18,4964.08,55.576,1770455099999,275885.78727,663,31.589,156814.12173,0
1770455100000,4964.09,4965.00,4963.74,4964.44,46.149,1770455399999,229099.15618,510,24.991,124064.82842,0
1770455400000,4964.44,4965.65,4964.13,4964.89,77.520,1770455699999,384877.92156,691,36.741,182411.89313,0
1770455700000,4964.89,4965.67,4964.55,4965.67,58.183,1770455999999,288894.34808,446,34.277,170192.92792,0
1770456000000,4965.67,4966.45,4964.99,4966.18,91.514,1770456299999,454440.68841,558,66.144,328460.90783,0
1770456300000,4966.19,4966.87,4965.17,4965.70,169.917,1770456599999,843853.83502,1291,95.685,475210.52860,0
1770456600000,4965.69,4965.87,4963.56,4964.01,76.471,1770456899999,379625.74202,528,18.177,90235.09320,0
1770456900000,4964.01,4964.38,4963.52,4963.93,79.379,1770457199999,394035.82001,467,25.497,126565.89079,0
1770457200000,4963.93,4963.93,4962.60,4963.46,82.340,1770457499999,408668.56389,764,21.968,109028.41634,0
1770457500000,4963.46,4965.21,4963.46,4965.01,66.242,1770457799999,328859.84179,571,36.734,182363.39904,0
1770457800000,4965.01,4965.01,4962.80,4963.35,131.994,1770458099999,655178.93829,821,57.670,286239.32554,0
1770458100000,4963.35,4966.60,4963.35,4966.15,128.750,1770458399999,639316.12297,708,99.280,492972.16679,0
1770458400000,4966.16,4966.87,4965.86,4966.87,76.746,1770458699999,381158.32405,782,51.479,255668.86324,0
1770458700000,4966.86,4966.86,4965.25,4966.55,75.229,1770458999999,373599.91894,772,32.503,161413.24673,0
1770459000000,4966.55,4966.87,4965.75,4966.70,50.136,1770459299999,249003.81861,504,31.195,154932.89721,0
1770459300000,4966.69,4966.87,4965.30,4965.34,94.524,1770459599999,469445.73203,446,25.232,125312.63313,0
1770459600000,4965.35,4966.90,4965.34,4966.89,196.391,1770459899999,975400.81877,590,177.572,881941.57355,0
1770459900000,4966.90,4967.95,4966.88,4967.75,135.303,1770460199999,672057.53753,527,124.062,616223.25766,0
1770460200000,4967.75,4967.90,4965.84,4967.07,138.654,1770460499999,688668.42618,817,54.218,269293.02812,0
1770460500000,4967.07,4968.00,4966.85,4967.76,80.383,1770460799999,399299.93762,580,55.967,278011.51650,0
1770460800000,4967.76,4967.77,4967.04,4967.52,128.373,1770461099999,637699.54191,613,59.571,295915.18739,0
1770461100000,4967.52,4967.72,4966.10,4966.11,106.321,1770461399999,528130.86997,435,15.382,76407.87623,0
1770461400000,4966.11,4967.61,4965.75,4966.74,72.771,1770461699999,361437.91211,510,43.367,215392.20563,0
1770461700000,4966.74,4967.98,4966.50,4967.01,62.627,1770461999999,311094.83567,495,40.024,198817.07707,0
1770462000000,4967.01,4969.19,4967.00,4969.18,180.612,1770462299999,897368.99757,657,169.057,839954.46333,0
1770462300000,4969.19,4969.79,4966.90,4966.90,60.466,1770462599999,300448.78916,559,36.448,181115.13377,0
1770462600000,4966.90,4969.19,4966.90,4968.50,106.831,1770462899999,530767.44362,504,80.673,400801.44735,0
1770462900000,4968.51,4969.87,4968.25,4968.89,110.634,1770463199999,549753.26302,523,69.702,346363.28035,0
1770463200000,4968.94,4969.71,4968.42,4968.43,42.362,1770463499999,210506.87760,300,21.575,107212.71193,0
1770463500000,4968.42,4968.42,4966.65,4966.65,98.666,1770463799999,490120.75187,811,17.453,86698.93019,0
1770463800000,4966.66,4968.14,4966.65,4966.83,40.007,1770464099999,198727.44466,386,24.388,121143.31521,0
1770464100000,4966.83,4967.89,4966.44,4966.51,64.245,1770464399999,319102.75107,602,27.347,135831.24672,0
1770464400000,4966.50,4966.51,4964.02,4964.33,78.682,1770464699999,390663.30752,656,13.806,68542.14984,0
1770464700000,4964.33,4967.19,4964.33,4967.00,102.398,1770464999999,508431.66798,742,60.863,302209.40236,0
1770465000000,4967.01,4967.25,4964.80,4964.81,66.509,1770465299999,330274.96868,435,15.391,76430.24632,0
1770465300000,4964.80,4965.35,4964.00,4965.35,107.774,1770465599999,535051.00185,430,34.033,168962.85297,0
1770465600000,4965.34,4968.73,4965.27,4968.72,120.897,1770465899999,600558.81637,786,66.500,330329.62479,0
1770465900000,4968.73,4969.87,4967.62,4969.67,108.028,1770466199999,536741.95946,729,73.240,363897.60021,0
1770466200000,4969.68,4970.90,4968.21,4970.54,213.911,1770466499999,1063119.87644,821,172.508,857373.39051,0
1770466500000,4970.55,4970.84,4966.34,4968.54,691.096,1770466799999,3433335.45873,1980,152.365,757095.10414,0
1770466800000,4968.29,4968.85,4966.54,4968.65,111.372,1770467099999,553262.97390,783,70.507,350266.60062,0
1770467100000,4968.66,4970.40,4968.65,4969.35,124.131,1770467399999,616904.33859,516,40.024,198900.93834,0
1770467400000,4969.34,4971.15,4969.31,4970.51,196.687,1770467699999,977669.51773,901,151.058,750870.96429,0
1770467700000,4970.51,4971.50,4969.53,4969.78,81.979,1770467999999,407491.21434,472,41.780,207677.64273,0
1770468000000,4969.80,4971.90,4969.80,4970.03,115.331,1770468299999,573324.26832,580,69.567,345827.52313,0
1770468300000,4970.02,4971.88,4969.75,4971.88,64.817,1770468599999,322210.19037,465,42.525,211400.74801,0
1770468600000,4971.88,4972.90,4971.45,4971.66,247.725,1770468899999,1231739.46875,1143,143.522,713632.63355,0
1770468900000,4971.66,4973.00,4971.66,4971.86,66.267,1770469199999,329497.82518,564,40.580,201775.12944,0
1770469200000,4971.86,4971.92,4970.03,4971.45,122.358,1770469499999,608255.49814,929,50.423,250651.24084,0
1770469500000,4971.44,4971.98,4970.59,4970.65,95.247,1770469799999,473522.23824,504,42.009,208848.78323,0
1770469800000,4970.65,4971.50,4970.65,4971.20,64.495,1770470099999,320600.39911,344,53.015,263533.46728,0
1770470100000,4971.19,4971.70,4970.94,4971.47,74.399,1770470399999,369874.65794,380,57.772,287212.84853,0
1770470400000,4971.47,4971.47,4970.36,4970.93,129.297,1770470699999,642717.15119,377,43.860,218017.20915,0
1770470700000,4970.93,4971.23,4970.93,4971.10,47.763,1770470999999,237435.07630,376,26.898,133712.84182,0
1770471000000,4971.10,4971.47,4970.62,4971.23,109.010,1770471299999,541916.15041,733,61.744,306945.36432,0
1770471300000,4971.22,4971.45,4970.00,4970.05,126.317,1770471599999,627858.71971,615,48.233,239738.73053,0
1770471600000,4970.05,4970.08,4969.10,4969.11,148.880,1770471899999,739888.82658,488,88.273,438690.72544,0
1770471900000,4969.10,4969.24,4968.80,4968.87,85.659,1770472199999,425637.49203,495,29.843,148291.41494,0
1770472200000,4968.88,4969.37,4968.87,4969.01,41.697,1770472499999,207197.83499,343,29.297,145580.32374,0
1770472500000,4969.00,4969.15,4968.70,4968.71,39.190,1770472799999,194732.80332,340,14.944,74256.40273,0
1770472800000,4968.70,4969.84,4968.20,4969.14,100.179,1770473099999,497787.67932,701,59.548,295890.66520,0
1770473100000,4969.14,4969.90,4969.13,4969.51,126.929,1770473399999,630797.95439,933,73.272,364134.39294,0
1770473400000,4969.51,4969.69,4968.90,4969.30,70.217,1770473699999,348923.41782,490,24.514,121815.70689,0
1770473700000,4969.29,4969.60,4968.50,4969.51,129.016,1770473999999,641079.49251,595,75.246,373890.06358,0
1770474000000,4969.51,4970.00,4969.40,4969.54,96.053,1770474299999,477356.96383,565,40.147,199519.59991,0
1770474300000,4969.54,4970.17,4969.53,4969.81,132.703,1770474599999,659517.34422,627,86.684,430808.92769,0
1770474600000,4969.81,4969.82,4968.18,4968.18,103.129,1770474899999,512430.65063,433,58.063,288500.77848,0
1770474900000,4968.18,4968.19,4966.00,4966.01,179.345,1770475199999,890797.80172,616,20.588,102263.59572,0
1770475200000,4966.00,4967.20,4965.40,4965.54,274.760,1770475499999,1364463.60754,1031,90.436,449114.37391,0
1770475500000,4965.54,4965.96,4963.51,4963.81,387.735,1770475799999,1924981.56776,1074,111.798,555066.10083,0
1770475800000,4963.81,4964.46,4963.45,4964.08,143.641,1770476099999,713017.12488,846,62.412,309807.02663,0
1770476100000,4964.08,4964.55,4964.00,4964.02,102.893,1770476399999,510784.61024,584,32.518,161422.20359,0
1770476400000,4964.02,4964.94,4963.69,4964.22,136.328,1770476699999,676766.28753,974,65.674,326020.52165,0
1770476700000,4964.16,4964.79,4963.80,4964.30,107.350,1770476999999,532920.07033,758,41.930,208152.28393,0
1770477000000,4964.30,4966.00,4964.10,4965.96,197.307,1770477299999,979549.01204,844,70.464,349841.63894,0
1770477300000,4965.96,4966.95,4965.96,4966.94,37.596,1770477599999,186730.68094,301,22.812,113300.68582,0
1770477600000,4966.94,4967.95,4966.90,4966.90,125.047,1770477899999,621161.83809,601,52.450,260541.67857,0
1770477900000,4966.91,4966.91,4966.23,4966.24,41.819,1770478199999,207691.10161,273,8.619,42805.45569,0
1770478200000,4966.24,4966.56,4965.11,4965.44,119.666,1770478499999,594259.80958,772,50.403,250305.25684,0
1770478500000,4965.44,4966.00,4965.00,4965.99,82.602,1770478799999,410158.52606,261,37.332,185376.90100,0
1770478800000,4965.99,4966.75,4964.51,4964.70,134.952,1770479099999,670139.89957,485,36.599,181745.05203,0
1770479100000,4964.50,4964.70,4963.21,4964.61,82.865,1770479399999,411340.85222,478,38.158,189414.98135,0
1770479400000,4964.61,4964.63,4963.84,4963.85,87.349,1770479699999,433624.05148,513,33.982,168695.32424,0
1770479700000,4963.84,4965.59,4963.50,4965.58,61.067,1770479999999,303171.00993,406,41.847,207755.99329,0
1770480000000,4965.58,4967.94,4965.45,4965.65,137.847,1770480299999,684647.48703,803,74.647,370748.19227,0
1770480300000,4965.66,4969.50,4964.50,4966.67,825.610,1770480599999,4101020.75020,3409,466.658,2318048.02658,0
1770480600000,4966.90,4970.00,4966.34,4968.18,642.006,1770480899999,3189522.08563,2791,329.593,1637504.85191,0
1770480900000,4968.18,4969.65,4964.00,4964.30,626.161,1770481199999,3110336.65152,2724,261.507,1299011.64580,0
1770481200000,4964.30,4966.90,4963.82,4965.61,186.342,1770481499999,925202.66825,981,96.427,478773.98626,0
1770481500000,4965.62,4966.88,4965.62,4966.21,59.527,1770481799999,295623.02764,402,35.806,177815.90164,0
1770481800000,4966.20,4967.55,4966.03,4966.41,60.997,1770482099999,302943.18129,473,40.482,201052.32368,0
1770482100000,4966.41,4966.99,4965.86,4965.90,33.577,1770482399999,166759.58178,267,10.636,52823.85270,0
1770482400000,4965.96,4966.78,4965.31,4966.28,49.381,1770482699999,245220.03002,435,34.697,172300.43468,0
1770482700000,4966.29,4966.68,4964.51,4965.91,65.234,1770482999999,323930.06136,440,30.113,149529.89884,0
1770483000000,4965.90,4966.48,4965.50,4965.75,27.743,1770483299999,137774.14803,231,21.781,108166.91336,0
1770483300000,4965.75,4966.65,4965.15,4966.51,66.788,1770483599999,331674.62824,396,44.862,222796.18474,0
1770483600000,4966.51,4966.65,4965.90,4966.65,118.336,1770483899999,587722.81524,318,107.924,536013.53250,0
1770483900000,4966.65,4966.65,4965.15,4965.60,76.638,1770484199999,380582.24452,375,43.752,217274.24346,0
1770484200000,4965.59,4965.99,4965.00,4965.59,57.997,1770484499999,287982.35001,435,23.739,117875.01605,0
1770484500000,4965.59,4965.82,4964.70,4965.82,84.341,1770484799999,418774.05074,436,61.356,304648.41511,0
1770484800000,4965.81,4966.10,4965.75,4965.90,36.855,1770485099999,183019.62918,267,26.132,129769.77213,0
1770485100000,4965.88,4965.95,4965.63,4965.94,61.666,1770485399999,306221.02667,229,54.102,268659.80082,0
1770485400000,4965.95,4965.95,4965.10,4965.74,53.855,1770485699999,267426.96209,318,18.353,91135.66693,0
1770485700000,4965.75,4966.65,4965.60,4966.09,102.214,1770485999999,507602.02455,470,74.829,371605.73940,0
1770486000000,4966.15,4966.50,4966.09,4966.35,41.037,1770486299999,203803.71784,257,20.614,102376.15073,0
1770486300000,4966.36,4968.04,4966.35,4967.74,95.790,1770486599999,475805.89593,404,74.240,368753.11389,0
1770486600000,4967.75,4968.00,4967.55,4968.00,26.034,1770486899999,129328.18637,174,13.509,67107.89771,0
1770486900000,4967.99,4968.14,4967.44,4967.45,27.881,1770487199999,138507.21331,269,10.199,50665.54031,0
1770487200000,4967.44,4967.60,4966.81,4966.81,33.497,1770487499999,166386.38113,271,10.060,49970.66685,0
1770487500000,4966.82,4967.20,4966.66,4966.67,35.502,1770487799999,176333.46130,322,24.392,121150.98871,0
1770487800000,4966.67,4967.03,4966.35,4967.03,22.443,1770488099999,111466.11984,212,16.380,81353.49744,0
1770488100000,4967.03,4968.14,4967.03,4967.78,45.824,1770488399999,227642.71172,358,19.275,95753.60927,0
1770488400000,4967.78,4969.00,4967.77,4968.24,100.822,1770488699999,500931.42307,562,65.520,325531.83276,0
1770488700000,4968.24,4969.35,4968.23,4969.06,43.254,1770488999999,214925.10701,288,31.075,154407.86296,0
1770489000000,4969.05,4970.00,4968.76,4970.00,112.866,1770489299999,560882.49333,536,68.878,342289.47216,0
1770489300000,4969.99,4970.82,4969.64,4969.73,128.550,1770489599999,638897.15619,505,81.193,403532.54909,0
1770489600000,4969.88,4970.62,4969.35,4970.62,71.358,1770489899999,354643.85537,459,34.861,173259.88748,0
1770489900000,4970.63,4971.77,4970.63,4971.77,45.922,1770490199999,228282.13700,269,39.240,195065.85284,0
1770490200000,4971.85,4972.60,4969.95,4970.35,414.713,1770490499999,2061487.66171,1263,294.930,1466020.50254,0
1770490500000,4970.35,4970.74,4968.65,4969.64,66.976,1770490799999,332841.06760,376,39.312,195353.92604,0
1770490800000,4969.64,4970.70,4969.64,4970.32,50.757,1770491099999,252277.63083,354,25.744,127952.97714,0
1770491100000,4970.31,4972.15,4970.31,4971.75,59.490,1770491399999,295742.98188,522,34.701,172505.29839,0
1770491400000,4971.74,4972.01,4971.30,4971.60,64.893,1770491699999,322614.18593,356,27.878,138596.00205,0
1770491700000,4971.61,4972.23,4971.60,4972.23,66.594,1770491999999,331095.81355,385,38.709,192457.75839,0
1770492000000,4972.22,4974.68,4972.22,4974.67,168.160,1770492299999,836352.47315,929,150.960,750793.28358,0
1770492300000,4974.66,4974.67,4974.01,4974.05,57.418,1770492599999,285617.14239,576,29.924,148852.51859,0
1770492600000,4974.04,4974.21,4973.17,4974.20,48.392,1770492899999,240693.05594,574,19.970,99325.92247,0
1770492900000,4974.19,4974.35,4973.18,4973.92,73.809,1770493199999,367112.73854,520,28.677,142634.89504,0
1770493200000,4973.92,4974.14,4973.85,4973.86,25.500,1770493499999,126835.78415,278,16.908,84099.40440,0
1770493500000,4973.86,4975.70,4973.73,4975.42,173.179,1770493799999,861590.70409,891,154.412,768218.04840,0
1770493800000,4975.42,4975.70,4975.42,4975.68,121.685,1770494099999,605462.47692,466,96.894,482111.56743,0
1770494100000,4975.69,4975.70,4975.25,4975.70,126.444,1770494399999,629142.95439,361,106.376,529293.03943,0
1770494400000,4975.70,4980.70,4975.69,4979.22,348.604,1770494699999,1735606.16926,1364,256.483,1276837.74876,0
1770494700000,4979.22,4980.41,4978.05,4980.01,254.719,1770494999999,1268423.73840,979,177.826,885517.27761,0
1770495000000,4980.01,4980.36,4976.81,4979.49,131.884,1770495299999,656565.78000,592,49.600,246950.13562,0
1770495300000,4979.49,4980.00,4978.49,4978.51,89.647,1770495599999,446387.19727,490,39.800,198180.28313,0
1770495600000,4978.51,4980.41,4978.40,4980.41,124.541,1770495899999,620130.25914,661,107.888,537214.72274,0
1770495900000,4980.41,4980.70,4979.61,4979.71,197.077,1770496199999,981524.06268,530,165.308,823305.22178,0
1770496200000,4979.71,4979.83,4978.55,4979.52,93.412,1770496499999,465104.49857,1204,54.876,273227.00464,0
1770496500000,4979.52,4980.59,4979.06,4980.58,80.231,1770496799999,399543.80618,2023,61.997,308741.17633,0
1770496800000,4980.58,4980.70,4975.36,4975.79,232.178,1770497099999,1156008.38785,1160,98.317,489534.88663,0
1770497100000,4975.80,4978.65,4975.79,4978.64,94.608,1770497399999,470915.24010,642,54.388,270713.66821,0
1770497400000,4978.64,4979.32,4977.84,4978.24,89.640,1770497699999,446282.59551,565,47.307,235520.68506,0
1770497700000,4978.24,4980.00,4977.27,4977.72,40.146,1770497999999,199868.53869,545,17.226,85759.53125,0
1770498000000,4977.71,4979.73,4977.00,4979.00,47.510,1770498299999,236532.07444,606,31.116,154916.52605,0
1770498300000,4979.00,4979.30,4977.80,4978.66,74.535,1770498599999,371098.26464,464,40.746,202859.19429,0
1770498600000,4978.65,4978.94,4977.38,4978.36,49.583,1770498899999,246830.38457,530,36.603,182211.52442,0
1770498900000,4978.35,4979.40,4978.35,4979.05,58.956,1770499199999,293537.40758,317,45.126,224675.04160,0
1770499200000,4979.05,4980.39,4979.04,4980.10,80.433,1770499499999,400552.43801,522,58.312,290390.28641,0
1770499500000,4980.10,4980.49,4979.53,4980.16,67.163,1770499799999,334482.72881,526,33.907,168863.61323,0
1770499800000,4980.16,4980.67,4980.15,4980.22,63.479,1770500099999,316145.26769,448,42.641,212364.34014,0
1770500100000,4980.22,4980.22,4979.08,4979.60,36.878,1770500399999,183642.83271,463,12.467,62081.37371,0
1770500400000,4979.60,4980.00,4978.80,4979.04,49.160,1770500699999,244795.19642,449,30.959,154161.89880,0
1770500700000,4979.04,4979.04,4976.93,4977.05,56.112,1770500999999,279314.82349,591,14.560,72476.63041,0
1770501000000,4977.04,4978.85,4977.03,4978.84,65.576,1770501299999,326424.20075,349,53.003,263839.59602,0
1770501300000,4978.85,4980.00,4978.31,4979.25,159.768,1770501599999,795482.48575,567,117.303,584052.11781,0
1770501600000,4979.25,4980.00,4975.28,4976.46,266.010,1770501899999,1323970.02410,935,55.856,277998.64601,0
1770501900000,4976.45,4976.46,4972.76,4973.96,129.774,1770502199999,645534.52777,693,62.910,312934.04243,0
1770502200000,4974.00,4974.08,4973.55,4974.07,105.116,1770502499999,522829.54621,825,48.849,242965.20454,0
1770502500000,4974.07,4974.07,4972.92,4973.42,116.802,1770502799999,580891.91130,1065,31.368,156002.95695,0
1770502800000,4973.39,4977.29,4972.23,4976.89,105.757,1770503099999,526029.57031,924,66.292,329751.50613,0
1770503100000,4976.90,4977.44,4975.37,4975.44,41.010,1770503399999,204086.28526,561,18.047,89809.47312,0
1770503400000,4975.43,4975.44,4974.36,4974.52,19.393,1770503699999,96475.95571,349,10.038,49936.87161,0
1770503700000,4974.51,4974.77,4973.33,4974.01,25.485,1770503999999,126766.23427,384,12.381,61585.36251,0
1770504000000,4974.00,4978.55,4973.28,4977.91,88.872,1770504299999,442253.03845,1012,64.768,322291.38615,0
1770504300000,4977.90,4979.00,4976.55,4976.56,73.133,1770504599999,364047.16246,590,23.030,114650.57147,0
1770504600000,4976.55,4976.56,4976.10,4976.11,12.005,1770504899999,59742.66276,337,3.103,15442.11337,0
1770504900000,4976.10,4976.38,4972.48,4975.51,80.652,1770505199999,401227.30815,707,46.168,229669.10153,0
1770505200000,4975.65,4977.38,4971.60,4973.78,118.503,1770505499999,589413.82654,1019,50.290,250118.27747,0
1770505500000,4973.68,4974.25,4967.47,4970.93,273.127,1770505799999,1357556.85947,1788,156.249,776570.49581,0
1770505800000,4970.91,4973.25,4969.81,4972.83,80.562,1770506099999,400515.36326,770,41.279,205220.08100,0
1770506100000,4972.82,4974.80,4972.57,4974.42,63.607,1770506399999,316366.70564,706,37.846,188235.82581,0
1770506400000,4974.55,4974.56,4970.11,4972.21,93.311,1770506699999,463943.90489,889,50.381,250486.82363,0
1770506700000,4972.20,4972.99,4970.98,4971.70,33.270,1770506999999,165419.14152,484,12.526,62282.49631,0
1770507000000,4971.69,4972.60,4968.66,4972.18,109.893,1770507299999,546262.67346,1135,54.534,271079.89695,0
1770507300000,4972.20,4972.60,4970.88,4971.59,53.723,1770507599999,267094.79042,571,20.975,104282.76766,0
1770507600000,4971.59,4972.05,4969.81,4971.06,102.112,1770507899999,507549.26883,740,32.485,161471.19022,0
1770507900000,4971.05,4974.26,4970.11,4974.00,95.254,1770508199999,473605.71427,911,56.853,282684.55319,0
1770508200000,4974.00,4975.45,4971.01,4971.64,123.621,1770508499999,614790.27239,933,49.095,244155.32734,0
1770508500000,4971.64,4971.64,4969.67,4969.69,62.911,1770508799999,312701.16927,551,21.443,106590.21794,0
1770508800000,4969.69,4977.69,4969.69,4973.65,632.273,1770509099999,3145142.88912,1776,427.074,2124161.43307,0
1770509100000,4973.65,4976.81,4973.65,4976.68,91.852,1770509399999,456966.40274,712,70.083,348653.71954,0
1770509400000,4976.68,4977.00,4974.45,4975.49,39.765,1770509699999,197851.68411,448,16.437,81781.08622,0
1770509700000,4975.50,4976.10,4974.00,4975.42,100.771,1770509999999,501362.61377,507,75.553,375905.33949,0
1770510000000,4975.41,4975.41,4974.00,4974.25,60.553,1770510299999,301210.45039,456,40.218,200051.31612,0
1770510300000,4974.24,4975.77,4973.10,4973.55,90.811,1770510599999,451761.10275,690,43.838,218087.52892,0
1770510600000,4973.55,4973.91,4972.80,4973.03,19.040,1770510899999,94692.08093,294,10.732,53373.70466,0
1770510900000,4973.03,4973.15,4971.10,4973.11,154.046,1770511199999,765896.07446,626,48.168,239514.76994,0
1770511200000,4973.11,4973.39,4971.50,4972.80,149.613,1770511499999,743893.70508,898,82.554,410476.74832,0
1770511500000,4972.80,4973.81,4972.45,4973.08,36.190,1770511799999,179975.28885,317,16.030,79718.61323,0
1770511800000,4973.09,4978.63,4973.05,4975.99,578.471,1770512099999,2878815.05750,1512,458.115,2279878.01542,0
1770512100000,4975.99,4976.00,4972.38,4974.11,147.564,1770512399999,733952.49466,628,60.633,301577.78425,0
1770512400000,4974.11,4975.57,4974.07,4975.13,29.147,1770512699999,144994.78459,379,13.157,65451.32288,0
1770512700000,4975.13,4976.10,4974.55,4975.58,72.457,1770512999999,360523.95889,455,30.031,149425.52404,0
1770513000000,4975.58,4978.00,4975.09,4976.09,146.785,1770513299999,730507.85489,544,103.110,513158.93475,0
1770513300000,4976.10,4976.10,4974.50,4974.51,45.268,1770513599999,225220.44069,349,11.521,57320.48084,0
1770513600000,4974.51,4978.34,4974.50,4976.99,218.905,1770513899999,1089530.30124,768,86.388,429975.68705,0
1770513900000,4976.98,4977.85,4976.02,4976.10,48.275,1770514199999,240275.66759,389,17.745,88321.68870,0
1770514200000,4976.10,4976.10,4974.61,4975.34,55.004,1770514499999,273663.54283,453,26.435,131519.55167,0
1770514500000,4975.33,4976.70,4975.21,4976.54,42.202,1770514799999,209994.53586,332,20.352,101273.55868,0
1770514800000,4976.55,4977.28,4976.48,4976.80,35.253,1770515099999,175450.80487,332,15.910,79183.22588,0
1770515100000,4976.79,4977.05,4975.39,4976.51,49.017,1770515399999,243925.92218,688,25.749,128134.53671,0
1770515400000,4976.50,4977.00,4975.31,4976.50,65.574,1770515699999,326313.77651,417,32.913,163786.83773,0
1770515700000,4976.50,4976.80,4976.20,4976.50,40.093,1770515999999,199521.53730,309,20.621,102620.19919,0
1770516000000,4976.50,4976.54,4975.63,4975.94,53.632,1770516299999,266877.54289,501,23.837,118614.79334,0
1770516300000,4975.95,4976.32,4975.00,4976.32,60.020,1770516599999,298635.28768,628,17.451,86830.62145,0
1770516600000,4976.29,4976.29,4975.01,4975.44,93.521,1770516899999,465324.62466,683,44.110,219479.08210,0
1770516900000,4975.44,4975.44,4974.13,4974.13,77.587,1770517199999,385977.30526,412,9.739,48446.78888,0
1770517200000,4974.14,4974.60,4973.53,4973.53,50.818,1770517499999,252780.63976,536,29.288,145685.28284,0
1770517500000,4973.60,4974.00,4973.28,4973.79,34.786,1770517799999,173009.50889,395,17.036,84728.61915,0
1770517800000,4973.78,4974.00,4973.10,4973.10,169.234,1770518099999,841654.32643,594,28.867,143572.98151,0
1770518100000,4973.11,4974.74,4973.10,4974.65,117.928,1770518399999,586504.44551,453,35.809,178099.02429,0
1770518400000,4974.64,4974.73,4973.25,4973.61,75.609,1770518699999,376064.57164,381,30.523,151812.21918,0
1770518700000,4973.61,4973.61,4972.22,4972.40,167.898,1770518999999,834975.99344,466,17.192,85498.85242,0
1770519000000,4972.39,4973.37,4971.71,4971.76,95.537,1770519299999,475070.86972,489,49.518,246234.28479,0
1770519300000,4971.76,4974.00,4970.64,4974.00,146.617,1770519599999,728941.33775,804,65.154,323954.86342,0
1770519600000,4974.00,4975.00,4973.99,4974.28,65.987,1770519899999,328262.78117,765,33.720,167746.35070,0
1770519900000,4974.27,4974.27,4972.05,4972.09,80.891,1770520199999,402268.36856,576,30.511,151722.07345,0
1770520200000,4972.08,4972.10,4970.54,4970.54,71.584,1770520499999,355849.44374,656,38.912,193431.82086,0
1770520500000,4970.54,4970.54,4969.45,4970.09,155.728,1770520799999,773972.62898,644,37.397,185859.81261,0
1770520800000,4970.10,4970.72,4970.09,4970.22,78.570,1770521099999,390517.92229,447,51.217,254564.35427,0
1770521100000,4970.22,4974.27,4969.96,4974.13,436.101,1770521399999,2168003.85944,856,358.413,1781725.43157,0
1770521400000,4974.13,4975.00,4972.35,4972.95,212.009,1770521699999,1054530.82923,720,71.791,357084.11690,0
1770521700000,4972.95,4972.95,4970.00,4972.89,139.769,1770521999999,694819.55976,878,61.406,305260.51434,0
1770522000000,4972.89,4973.85,4972.45,4973.01,60.595,1770522299999,301342.84811,456,22.945,114107.26380,0
1770522300000,4973.01,4974.59,4973.01,4974.13,51.111,1770522599999,254227.79807,397,30.210,150262.81963,0
1770522600000,4974.30,4974.30,4972.00,4972.60,245.316,1770522899999,1219942.38329,1012,129.773,645347.45323,0
1770522900000,4972.60,4972.60,4970.02,4970.45,165.268,1770523199999,821562.85062,803,65.033,323283.22724,0
1770523200000,4970.45,4973.69,4970.45,4973.31,132.804,1770523499999,660319.26922,730,81.112,403267.72114,0
1770523500000,4973.42,4974.65,4973.31,4974.65,54.644,1770523799999,271798.81239,429,34.666,172426.98735,0
1770523800000,4974.65,4974.89,4974.00,4974.00,17.494,1770524099999,87025.50832,220,10.007,49781.51167,0
1770524100000,4974.00,4976.99,4973.43,4976.41,132.161,1770524399999,657515.33284,938,100.522,500105.58596,0
1770524400000,4976.41,4976.50,4975.40,4976.06,110.530,1770524699999,550005.41687,576,77.656,386422.43618,0
1770524700000,4976.06,4977.40,4976.00,4977.40,244.226,1770524999999,1215461.12301,1044,145.350,723386.89379,0
1770525000000,4977.40,4977.53,4976.44,4977.20,167.139,1770525299999,831885.37398,804,91.484,455335.24192,0
1770525300000,4977.19,4979.49,4976.85,4978.50,287.276,1770525599999,1430141.04931,992,208.413,1037534.83125,0
1770525600000,4978.49,4979.15,4977.82,4978.74,98.379,1770525899999,489769.65163,485,57.681,287155.95048,0
1770525900000,4978.74,4978.86,4976.52,4977.79,116.748,1770526199999,581137.10619,563,37.330,185804.65551,0
1770526200000,4977.80,4977.80,4976.55,4977.10,31.686,1770526499999,157701.75376,253,15.679,78030.92604,0
1770526500000,4977.10,4979.00,4977.09,4979.00,155.687,1770526799999,775027.33735,487,124.005,617307.17232,0
1770526800000,4979.00,4979.80,4977.14,4977.80,197.885,1770527099999,985199.61536,836,88.118,438713.52957,0
1770527100000,4977.79,4978.89,4976.29,4978.67,108.775,1770527399999,541425.22973,609,62.212,309662.98482,0
1770527400000,4978.68,4978.70,4977.90,4978.11,78.928,1770527699999,392920.91284,412,19.390,96526.35593,0
1770527700000,4978.11,4982.56,4977.20,4980.23,418.248,1770527999999,2082978.22403,1015,347.075,1728481.64009,0
1770528000000,4980.23,4980.92,4980.10,4980.54,131.054,1770528299999,652706.19720,653,62.455,311051.40010,0
1770528300000,4980.53,4980.57,4980.11,4980.57,64.713,1770528599999,322296.31941,258,46.986,234010.89451,0
1770528600000,4980.57,4983.95,4980.56,4983.49,223.529,1770528899999,1113660.23262,783,173.380,863795.72823,0
1770528900000,4983.49,4990.91,4983.35,4990.71,553.636,1770529199999,2760906.36644,1751,455.481,2271346.87993,0
1770529200000,4990.71,4990.71,4987.19,4989.11,296.102,1770529499999,1477141.65247,980,128.015,638580.31383,0
1770529500000,4989.12,4990.98,4988.89,4988.90,334.254,1770529799999,1667908.89268,1259,221.154,1103556.71944,0
1770529800000,4988.89,4989.44,4987.13,4987.88,174.943,1770530099999,872641.11014,1096,58.478,291704.92675,0
1770530100000,4987.89,4988.63,4987.05,4988.63,123.568,1770530399999,616327.26248,636,79.258,395323.36333,0
1770530400000,4988.63,4989.30,4985.59,4985.59,179.029,1770530699999,892875.54917,772,52.580,262264.07015,0
1770530700000,4985.60,4986.63,4984.33,4984.33,144.655,1770530999999,721219.07120,721,74.213,370011.96683,0
1770531000000,4984.34,4985.50,4983.70,4985.40,238.270,1770531299999,1187739.35292,757,185.812,926246.65657,0
1770531300000,4985.39,4988.09,4985.39,4986.89,250.921,1770531599999,1251154.28496,569,193.228,963423.75131,0
1770531600000,4986.89,4986.89,4982.33,4982.43,192.584,1770531899999,959818.28337,899,54.875,273481.23140,0
1770531900000,4982.43,4983.91,4978.60,4983.49,326.879,1770532199999,1627990.35968,1242,140.459,699555.67258,0
1770532200000,4983.48,4984.63,4981.71,4981.75,196.225,1770532499999,977894.28302,1097,82.014,408722.88226,0
1770532500000,4981.70,4985.13,4980.61,4984.70,99.258,1770532799999,494662.38492,609,47.514,236775.10259,0
1770532800000,4984.69,4986.58,4983.25,4986.58,98.396,1770533099999,490455.32088,801,48.701,242743.77364,0
1770533100000,4986.59,4987.50,4985.62,4987.26,121.632,1770533399999,606540.58770,861,59.093,294683.61339,0
1770533400000,4987.22,4987.50,4985.00,4985.39,97.915,1770533699999,488242.59460,705,30.339,151286.71457,0
1770533700000,4985.39,4985.40,4984.66,4985.10,34.100,1770533999999,169988.79479,364,18.468,92062.26818,0
1770534000000,4985.10,4985.81,4980.20,4980.20,100.650,1770534299999,501483.56207,801,40.158,200075.88455,0
1770534300000,4980.20,4981.04,4976.50,4977.05,212.666,1770534599999,1058853.32625,981,57.395,285766.55156,0
1770534600000,4977.05,4983.16,4975.70,4983.04,253.181,1770534899999,1260519.35433,1151,145.343,723688.79465,0
1770534900000,4983.04,4985.85,4980.29,4981.72,191.217,1770535199999,952821.78926,1097,93.130,464072.78385,0
1770535200000,4981.71,4981.71,4976.58,4976.61,118.521,1770535499999,590143.38697,747,46.752,232795.94254,0
1770535500000,4976.62,4979.43,4976.25,4978.86,104.360,1770535799999,519479.76315,659,76.173,379159.37811,0
1770535800000,4978.80,4979.24,4975.20,4975.79,161.696,1770536099999,804745.63251,941,41.147,204810.71470,0
1770536100000,4975.76,4975.79,4972.43,4975.24,645.096,1770536399999,3209162.46777,2360,199.771,993765.48462,0
1770536400000,4975.31,4975.76,4971.33,4973.84,190.459,1770536699999,947122.39932,878,49.164,244496.75391,0
1770536700000,4973.85,4975.13,4972.10,4972.91,144.120,1770536999999,716815.85197,762,79.776,396786.89575,0
1770537000000,4972.92,4975.46,4972.00,4973.59,164.220,1770537299999,816763.22674,667,73.639,366249.41966,0
1770537300000,4973.59,4973.59,4970.51,4971.00,349.460,1770537599999,1737270.99564,1013,147.419,732843.01514,0
1770537600000,4971.00,4979.24,4971.00,4978.35,648.704,1770537899999,3227876.66349,2137,469.552,2336115.98619,0
1770537900000,4978.35,4980.23,4975.57,4976.10,269.159,1770538199999,1340005.39401,1243,134.405,669166.77746,0
1770538200000,4976.10,4977.06,4976.09,4976.28,47.358,1770538499999,235676.43477,428,35.718,177752.06322,0
1770538500000,4976.28,4978.00,4976.28,4978.00,48.430,1770538799999,241026.91208,439,28.794,143302.41681,0
1770538800000,4977.99,4979.65,4977.76,4979.63,160.025,1770539099999,796640.11609,1009,47.889,238412.54490,0
1770539100000,4979.63,4979.99,4977.76,4977.80,307.815,1770539399999,1532530.34586,2181,101.376,504737.92708,0
1770539400000,4977.78,4980.41,4976.69,4978.86,264.468,1770539699999,1316626.22844,1200,103.632,515938.34351,0
1770539700000,4978.83,4982.82,4977.46,4982.13,397.657,1770539999999,1980365.81974,3846,227.683,1133929.10117,0
1770540000000,4982.13,4985.00,4980.23,4980.95,274.243,1770540299999,1366586.20580,2293,155.672,775745.81004,0
1770540300000,4980.96,4982.95,4980.95,4982.61,116.335,1770540599999,579580.61394,1007,62.459,311165.58321,0
1770540600000,4982.61,4983.31,4981.24,4981.58,120.850,1770540899999,602146.49571,612,29.665,147806.44890,0
1770540900000,4981.59,4982.02,4980.05,4980.05,105.470,1770541199999,525369.89418,465,24.383,121465.49646,0
1770541200000,4980.05,4980.05,4978.00,4979.33,156.090,1770541499999,777165.46732,799,41.190,205076.91680,0
1770541500000,4979.14,4979.59,4976.25,4976.31,116.455,1770541799999,579667.99347,648,41.504,206590.07008,0
1770541800000,4976.31,4977.15,4975.01,4976.18,116.220,1770542099999,578316.83158,875,60.307,300089.38857,0
1770542100000,4976.17,4978.04,4975.61,4976.59,69.010,1770542399999,343454.18043,571,27.831,138507.16807,0
1770542400000,4976.55,4977.16,4975.72,4976.73,89.659,1770542699999,446192.84760,567,44.082,219378.49730,0
1770542700000,4976.73,4978.23,4975.21,4975.22,72.156,1770542999999,359124.82160,556,22.003,109514.50305,0
1770543000000,4975.31,4976.59,4975.00,4976.40,147.358,1770543299999,733198.54671,742,70.130,348946.63583,0
1770543300000,4976.39,4978.02,4975.65,4977.86,109.222,1770543599999,543550.30752,499,74.823,372372.92145,0
1770543600000,4977.86,4977.86,4975.70,4975.84,93.163,1770543899999,463652.97218,613,27.360,136171.68307,0
1770543900000,4975.84,4976.40,4975.10,4976.37,73.480,1770544199999,365590.47169,526,33.521,166783.08454,0
1770544200000,4976.55,4976.65,4975.15,4975.35,50.536,1770544499999,251457.39047,310,15.479,77016.28253,0
1770544500000,4975.34,4975.79,4975.00,4975.50,115.728,1770544799999,575786.26403,701,46.748,232586.84140,0
1770544800000,4975.49,4976.88,4975.10,4975.12,90.859,1770545099999,452098.17343,589,58.100,289097.14789,0
1770545100000,4975.13,4976.85,4975.10,4976.85,61.232,1770545399999,304664.50901,463,29.413,146352.22548,0
1770545400000,4976.85,4976.85,4975.00,4975.75,74.448,1770545699999,370402.37880,364,25.477,126755.97425,0
1770545700000,4975.75,4975.75,4974.40,4974.49,294.330,1770545999999,1464319.39220,661,53.228,264822.50693,0
1770546000000,4974.49,4974.84,4972.01,4974.56,356.668,1770546299999,1773733.53738,1910,126.244,627830.63645,0
1770546300000,4974.42,4974.91,4973.25,4973.56,115.600,1770546599999,575000.80222,761,60.527,301065.75598,0
1770546600000,4973.70,4974.04,4972.00,4972.49,258.519,1770546899999,1285622.47793,608,43.200,214830.95329,0
1770546900000,4972.49,4975.75,4972.11,4974.91,336.194,1770547199999,1672149.07288,782,257.379,1280146.97976,0
1770547200000,4974.90,4975.40,4973.42,4973.58,110.026,1770547499999,547315.60101,696,41.789,207884.35092,0
1770547500000,4973.59,4973.59,4972.55,4973.01,99.181,1770547799999,493245.65001,561,41.163,204710.32568,0
1770547800000,4973.01,4973.01,4972.00,4972.01,82.235,1770548099999,408883.07164,363,12.906,64171.38929,0
1770548100000,4972.00,4972.64,4971.55,4972.21,138.425,1770548399999,688257.53112,522,63.542,315931.13971,0
1770548400000,4972.21,4974.33,4971.85,4973.86,89.698,1770548699999,446064.83943,689,52.994,263534.77849,0
1770548700000,4973.86,4973.86,4971.22,4971.22,301.494,1770548999999,1499022.83690,647,21.423,106522.05804,0
1770549000000,4971.23,4973.25,4971.23,4972.61,72.319,1770549299999,359592.69821,555,57.909,287935.64013,0
1770549300000,4972.61,4980.00,4971.61,4978.78,467.680,1770549599999,2327137.20190,1357,333.662,1660343.75640,0
1770549600000,4978.77,4978.77,4975.75,4976.71,140.248,1770549899999,698023.54505,751,47.916,238446.77088,0
1770549900000,4976.71,4977.30,4976.23,4976.84,105.953,1770550199999,527292.80964,655,60.852,302839.83161,0
1770550200000,4976.84,4977.18,4974.81,4975.10,203.257,1770550499999,1011416.86124,1120,64.067,318807.98737,0
1770550500000,4975.09,4976.45,4973.82,4975.54,131.172,1770550799999,652595.63950,834,61.668,306820.96583,0
1770550800000,4975.54,4976.00,4973.65,4974.01,432.167,1770551099999,2150023.67196,1156,217.306,1081164.26254,0
1770551100000,4974.00,4975.90,4973.85,4975.90,65.792,1770551399999,327332.18004,510,45.029,224030.86267,0
1770551400000,4975.90,4976.00,4974.60,4974.60,166.669,1770551699999,829289.82335,580,96.840,481854.71907,0
1770551700000,4974.60,4974.60,4971.10,4971.75,486.959,1770551999999,2421419.29127,1137,67.102,333692.35405,0
1770552000000,4971.79,4978.12,4971.75,4977.27,499.473,1770552299999,2485210.74967,1611,338.323,1683239.83991,0
1770552300000,4977.26,4977.30,4975.80,4976.37,57.028,1770552599999,283791.98046,543,27.466,136678.01148,0
1770552600000,4976.38,4977.39,4975.99,4977.29,110.270,1770552899999,548783.08276,444,47.975,238754.13192,0
1770552900000,4977.28,4978.50,4977.25,4978.18,67.058,1770553199999,333812.24960,439,48.608,241968.45238,0
1770553200000,4978.17,4978.17,4977.16,4977.38,72.630,1770553499999,361521.30936,381,45.842,228181.24344,0
1770553500000,4977.37,4977.90,4977.25,4977.47,62.460,1770553799999,310903.86595,298,35.824,178319.55080,0
1770553800000,4977.48,4978.50,4976.94,4978.01,63.262,1770554099999,314920.24361,305,33.655,167528.78244,0
1770554100000,4978.01,4978.01,4977.46,4977.90,62.335,1770554399999,310291.34956,275,40.739,202790.14083,0
1770554400000,4977.90,4978.35,4977.60,4977.81,46.302,1770554699999,230488.11739,322,23.444,116702.72903,0
1770554700000,4977.81,4978.93,4977.80,4977.99,64.019,1770554999999,318697.51334,509,39.811,198182.76647,0
1770555000000,4977.99,4978.97,4977.93,4978.85,62.740,1770555299999,312343.83958,520,46.370,230846.89694,0
1770555300000,4978.86,4978.86,4977.93,4977.94,43.787,1770555599999,217987.19068,389,17.255,85901.01166,0
1770555600000,4977.94,4978.80,4977.84,4978.18,52.331,1770555899999,260516.86182,411,23.365,116316.56390,0
1770555900000,4978.18,4978.88,4977.81,4978.87,28.120,1770556199999,139985.36014,397,20.626,102679.90852,0
1770556200000,4978.88,4979.41,4978.33,4979.40,92.987,1770556499999,462961.43118,429,63.261,314965.16761,0
1770556500000,4979.40,4979.74,4978.65,4978.70,93.411,1770556799999,465133.86349,507,46.642,232252.17964,0
1770556800000,4978.83,4979.67,4978.64,4979.54,75.996,1770557099999,378396.41444,492,47.299,235507.35070,0
1770557100000,4979.54,4980.00,4979.33,4979.58,121.077,1770557399999,602920.07272,532,83.778,417186.59879,0
1770557400000,4979.58,4979.58,4977.00,4977.16,195.310,1770557699999,972313.52398,899,42.842,213286.26366,0
1770557700000,4977.45,4977.45,4975.16,4976.44,89.866,1770557999999,447199.29685,428,26.360,131171.05286,0
1770558000000,4976.44,4978.12,4976.44,4977.07,84.838,1770558299999,422264.56967,571,56.304,280237.05016,0
1770558300000,4977.07,4977.40,4975.53,4975.55,70.918,1770558599999,352931.57008,337,31.888,158680.99203,0
1770558600000,4975.55,4976.99,4975.54,4976.73,48.175,1770558899999,239732.54343,351,30.021,149388.60585,0
1770558900000,4976.72,4977.23,4975.42,4975.43,68.657,1770559199999,341682.96050,422,24.316,121016.11507,0
1770559200000,4975.42,4976.34,4975.32,4976.26,67.741,1770559499999,337058.90345,437,35.742,177844.35571,0
1770559500000,4976.26,4976.32,4975.50,4975.50,31.000,1770559799999,154250.64085,235,8.891,44242.26473,0
1770559800000,4975.50,4976.37,4975.50,4976.37,64.667,1770560099999,321761.37505,309,55.183,274571.38860,0
1770560100000,4976.36,4977.62,4976.36,4977.11,80.977,1770560399999,403015.46182,399,48.114,239452.45024,0
1770560400000,4977.11,4977.12,4976.00,4976.69,223.425,1770560699999,1111875.50392,709,39.235,195258.71183,0
1770560700000,4976.69,4977.43,4976.00,4976.35,126.558,1770560999999,629844.78390,721,34.180,170097.87802,0
1770561000000,4976.35,4976.35,4975.10,4975.15,130.762,1770561299999,650656.23166,379,18.194,90532.47064,0
1770561300000,4975.15,4977.90,4975.00,4977.16,132.512,1770561599999,659370.23954,685,104.565,520294.88774,0
1770561600000,4977.16,4977.16,4975.20,4975.84,47.573,1770561899999,236722.31400,459,13.956,69440.35445,0
1770561900000,4975.89,4977.07,4975.63,4975.99,67.311,1770562199999,334947.24090,601,37.317,185692.41140,0
1770562200000,4975.99,4976.70,4975.00,4975.80,127.492,1770562499999,634404.17505,472,22.432,111617.11274,0
1770562500000,4975.80,4976.47,4975.80,4976.41,83.577,1770562799999,415892.71265,442,65.080,323848.29138,0
1770562800000,4976.41,4976.69,4975.38,4975.43,71.681,1770563099999,356690.85054,544,18.829,93693.92578,0
1770563100000,4975.44,4976.90,4975.06,4976.90,97.095,1770563399999,483111.95254,540,85.952,427666.84621,0
1770563400000,4976.90,4976.90,4975.28,4975.72,82.939,1770563699999,412709.72721,688,31.364,156071.60917,0
1770563700000,4975.73,4975.77,4975.00,4975.72,136.721,1770563999999,680259.46405,516,59.069,293889.80139,0
1770564000000,4975.71,4976.94,4974.15,4975.64,179.777,1770564299999,894467.29822,922,72.436,360407.63545,0
1770564300000,4975.65,4975.65,4973.19,4973.41,287.271,1770564599999,1429035.93139,1055,81.539,405566.43446,0
1770564600000,4973.41,4974.60,4973.40,4974.57,80.722,1770564899999,401532.89873,499,38.821,193101.49976,0
1770564900000,4974.57,4974.95,4973.26,4973.94,209.505,1770565199999,1042150.25762,415,141.774,705230.90157,0
1770565200000,4973.95,4975.00,4973.94,4974.99,51.870,1770565499999,258025.50969,303,40.381,200872.02887,0
1770565500000,4975.00,4975.00,4974.00,4974.10,109.911,1770565799999,546753.74687,413,57.673,286896.31830,0
1770565800000,4974.10,4974.60,4974.08,4974.60,49.625,1770566099999,246845.91725,302,11.126,55344.00499,0
1770566100000,4974.60,4974.60,4972.21,4974.38,392.187,1770566399999,1950514.86308,835,150.461,748282.95602,0
1770566400000,4974.44,4979.10,4974.38,4978.23,639.724,1770566699999,3184218.63216,1536,407.604,2028774.69465,0
1770566700000,4978.22,4979.00,4976.43,4977.44,243.108,1770566999999,1210098.99372,964,109.709,546110.27989,0
1770567000000,4977.44,4978.73,4974.38,4977.99,263.344,1770567299999,1310770.98142,928,114.710,571008.95605,0
1770567300000,4977.99,4978.00,4977.40,4977.68,88.516,1770567599999,440613.21160,351,58.952,293449.04303,0
1770567600000,4977.68,4978.47,4976.91,4977.80,152.531,1770567899999,759263.58849,443,114.246,568691.12658,0
1770567900000,4977.79,4979.00,4977.00,4977.89,140.828,1770568199999,701019.94882,594,71.967,358240.79537,0
1770568200000,4977.90,4979.00,4977.37,4978.93,123.051,1770568499999,612630.11686,401,110.422,549762.09830,0
1770568500000,4978.93,4979.00,4978.40,4978.40,51.395,1770568799999,255888.76758,312,28.489,141843.72180,0
1770568800000,4978.41,4981.00,4978.20,4980.03,227.134,1770569099999,1131027.98162,846,159.657,795015.35601,0
1770569100000,4979.95,4980.53,4978.28,4978.64,134.540,1770569399999,669980.80208,633,32.544,162060.99155,0
1770569400000,4978.64,4979.55,4976.02,4976.85,104.001,1770569699999,517706.74842,781,48.172,239785.31263,0
1770569700000,4976.84,4978.73,4976.58,4978.72,102.346,1770569999999,509442.55212,641,49.083,244324.09797,0
1770570000000,4978.73,4979.53,4976.85,4977.11,100.788,1770570299999,501742.12886,591,23.908,119027.87458,0
1770570300000,4977.11,4979.25,4976.70,4979.24,117.200,1770570599999,583377.03393,543,44.428,221151.97994,0
1770570600000,4979.25,4979.85,4975.00,4977.40,135.882,1770570899999,676319.19094,958,36.696,182659.43185,0
1770570900000,4977.40,4981.73,4977.00,4979.31,335.211,1770571199999,1668979.36151,1226,165.340,823286.63609,0
1770571200000,4979.30,4979.30,4977.38,4977.85,147.591,1770571499999,734725.48601,577,117.454,584701.28562,0
1770571500000,4977.86,4978.19,4977.00,4977.46,117.284,1770571799999,583799.63284,555,27.926,138998.44610,0
1770571800000,4977.46,4977.75,4976.65,4977.75,56.139,1770572099999,279415.45510,410,41.062,204373.60124,0
1770572100000,4977.75,4978.92,4977.74,4978.09,38.940,1770572399999,193863.42619,334,22.177,110405.61335,0
1770572400000,4978.09,4978.94,4977.78,4978.46,92.682,1770572699999,461411.77762,591,36.573,182068.46407,0
1770572700000,4978.46,4979.22,4977.64,4977.86,48.826,1770572999999,243079.46310,383,19.527,97214.39853,0
1770573000000,4977.86,4979.52,4977.85,4978.20,70.967,1770573299999,353309.92755,564,30.107,149886.83014,0
1770573300000,4978.20,4978.53,4977.65,4978.20,41.950,1770573599999,208839.18049,351,15.032,74832.39661,0
1770573600000,4978.20,4978.21,4977.50,4977.65,55.252,1770573899999,275030.74505,371,20.815,103611.85543,0
1770573900000,4977.65,4978.66,4977.46,4977.67,79.081,1770574199999,393658.04197,427,52.441,261047.52797,0
1770574200000,4977.66,4978.26,4977.00,4978.08,47.267,1770574499999,235268.15816,391,11.817,58820.42975,0
1770574500000,4977.90,4980.77,4977.89,4980.16,124.943,1770574799999,622150.28216,897,81.120,403925.06220,0
1770574800000,4980.15,4980.16,4977.75,4977.94,89.247,1770575099999,444376.13022,367,16.115,80230.94542,0
1770575100000,4977.94,4980.75,4977.93,4980.42,69.273,1770575399999,344980.46503,411,54.142,269618.99012,0
1770575400000,4980.43,4981.43,4978.65,4979.33,185.839,1770575699999,925502.70119,839,100.334,499681.89896,0
1770575700000,4979.33,4979.37,4975.60,4978.95,454.491,1770575999999,2262096.93537,1415,108.885,541880.05802,0
1770576000000,4978.97,4980.00,4978.93,4980.00,42.459,1770576299999,211426.26115,361,22.589,112482.19782,0
1770576300000,4980.00,4980.00,4977.30,4978.65,75.133,1770576599999,374065.01721,498,31.257,155608.36506,0
1770576600000,4978.65,4979.83,4978.05,4979.56,57.467,1770576899999,286126.26610,352,28.832,143554.41876,0
1770576900000,4979.56,4979.56,4976.37,4978.23,147.463,1770577199999,734091.80646,705,59.151,294461.94186,0
1770577200000,4978.23,4979.10,4977.75,4977.76,54.905,1770577499999,273352.97782,402,20.134,100239.26445,0
1770577500000,4977.76,4977.90,4976.75,4977.86,44.800,1770577799999,222978.70611,291,29.952,149075.55998,0
1770577800000,4977.87,4978.30,4977.62,4977.63,20.923,1770578099999,104156.17842,185,14.734,73346.75552,0
1770578100000,4977.63,4977.63,4976.40,4977.52,56.786,1770578399999,282633.56078,381,25.676,127793.05254,0
1770578400000,4977.52,4979.40,4977.52,4978.06,109.861,1770578699999,546950.68755,1133,70.005,348518.87180,0
1770578700000,4978.06,4979.56,4977.75,4979.56,233.816,1770578999999,1164046.74134,939,198.703,989231.58096,0
1770579000000,4979.56,4981.00,4977.80,4979.50,318.819,1770579299999,1587499.83898,1039,200.375,997724.44892,0
1770579300000,4979.50,4981.76,4979.50,4981.75,102.210,1770579599999,509081.32987,399,88.282,439710.99681,0
1770579600000,4981.75,4981.85,4979.59,4980.31,92.158,1770579899999,459049.05881,427,39.868,198589.25404,0
1770579900000,4980.31,4981.98,4980.31,4980.84,75.090,1770580199999,374062.43227,413,51.083,254470.20665,0
1770580200000,4980.83,4981.00,4979.62,4980.22,84.740,1770580499999,422033.47045,485,19.682,98026.41357,0
1770580500000,4980.21,4980.55,4978.53,4978.53,363.310,1770580799999,1809186.58308,456,24.729,123151.23028,0
1770580800000,4978.54,4996.67,4978.40,4992.35,1496.381,1770581099999,7463743.58809,6250,986.156,4918330.52475,0
1770581100000,4992.34,4992.34,4989.95,4990.36,162.318,1770581399999,810230.63056,623,40.546,202397.26726,0
1770581400000,4990.36,4992.00,4990.05,4991.18,113.048,1770581699999,564258.93668,638,52.552,262293.15112,0
1770581700000,4991.25,4993.79,4990.81,4992.75,274.306,1770581999999,1369433.51638,1361,173.080,864066.51950,0
1770582000000,4992.74,4998.00,4986.75,4997.34,484.319,1770582299999,2418408.43941,2651,306.208,1529188.59267,0
1770582300000,4997.34,4998.45,4994.17,4996.50,237.042,1770582599999,1184387.76643,1735,127.133,635246.87577,0
1770582600000,4996.49,4999.00,4995.95,4997.05,204.928,1770582899999,1024044.75304,1799,125.442,626851.83637,0
1770582900000,4997.05,4998.15,4993.23,4993.53,132.264,1770583199999,660705.28948,1783,32.922,164466.33844,0
1770583200000,4993.53,4998.00,4993.53,4998.00,285.724,1770583499999,1427553.03272,1224,262.425,1311165.15063,0
1770583500000,4997.99,4998.45,4994.00,4995.89,176.771,1770583799999,883285.52612,1148,77.241,385953.26806,0
1770583800000,4995.89,4995.89,4992.15,4992.74,84.249,1770584099999,420728.25565,665,23.410,116898.48348,0
1770584100000,4992.74,4994.95,4992.37,4994.44,34.697,1770584399999,173257.56156,340,25.737,128513.08546,0
1770584400000,4994.43,4996.20,4992.65,4994.72,95.131,1770584699999,475089.11467,790,50.908,254236.74831,0
1770584700000,4994.71,4997.34,4993.06,4995.46,83.005,1770584999999,414626.41877,883,37.571,187672.77909,0
1770585000000,4995.47,4996.97,4995.23,4996.95,66.536,1770585299999,332398.53670,553,35.513,177416.89961,0
1770585300000,4996.08,4997.11,4995.78,4996.44,42.746,1770585599999,213571.36266,283,32.545,162607.57395,0
1770585600000,4996.44,4999.00,4996.44,4998.11,146.244,1770585899999,730884.20492,864,110.654,552999.99529,0
1770585900000,4998.10,4998.10,4995.25,4996.27,96.481,1770586199999,482076.37405,821,23.288,116358.27892,0
1770586200000,4996.26,4997.40,4996.20,4997.10,62.275,1770586499999,311174.19291,712,46.621,232954.77619,0
1770586500000,4997.10,4997.10,4995.91,4996.34,44.717,1770586799999,223417.52419,475,27.657,138180.87755,0
1770586800000,4996.34,4996.65,4996.18,4996.18,29.897,1770587099999,149377.48546,502,11.015,55035.39375,0
1770587100000,4996.18,4997.44,4996.17,4997.18,50.589,1770587399999,252787.62573,820,33.542,167605.98886,0
1770587400000,4997.18,4997.18,4995.31,4996.21,81.929,1770587699999,409313.55822,876,33.581,167767.73307,0
1770587700000,4996.21,4996.79,4995.16,4996.00,63.480,1770587999999,317146.66699,708,22.482,112324.25558,0
1770588000000,4996.00,4998.21,4995.70,4998.21,111.926,1770588299999,559251.87794,1121,79.332,396381.31576,0
1770588300000,4998.21,4998.75,4997.36,4997.41,148.514,1770588599999,742275.10018,972,45.185,225835.46312,0
1770588600000,4997.40,4998.54,4997.40,4998.21,104.555,1770588899999,522555.27700,873,60.028,300011.99308,0
1770588900000,4998.20,5006.32,4998.20,5004.01,539.206,1770589199999,2696926.15243,2467,338.474,1692806.98324,0
1770589200000,5004.00,5012.60,5003.25,5011.46,359.509,1770589499999,1800269.78644,1964,222.930,1116467.41259,0
1770589500000,5011.45,5017.36,5008.07,5009.94,724.514,1770589799999,3631340.23078,3401,311.817,1562926.54663,0
1770589800000,5009.94,5012.00,5007.26,5007.50,411.797,1770590099999,2063056.90232,1837,193.504,969488.04370,0
1770590100000,5007.49,5013.63,5005.54,5009.12,423.596,1770590399999,2121869.10189,1982,191.822,960893.29996,0
1770590400000,5009.11,5009.11,5001.48,5003.08,271.239,1770590699999,1357321.44891,2033,118.204,591481.67319,0
1770590700000,5003.08,5003.31,4993.93,4995.02,578.673,1770590999999,2892629.75671,3350,192.130,960609.90008,0
1770591000000,4995.03,5000.67,4993.94,4998.13,530.807,1770591299999,2652556.17087,3337,238.759,1193138.38179,0
1770591300000,4998.13,4998.60,4989.10,4990.22,858.947,1770591599999,4288357.89983,3288,195.335,975085.66362,0
1770591600000,4990.22,4995.81,4972.00,4990.56,4780.517,1770591899999,23825739.41030,19928,2247.221,11201352.80260,0
1770591900000,4990.49,4992.30,4963.00,4974.83,4098.426,1770592199999,20411245.41088,10851,1870.250,9314945.38372,0
1770592200000,4974.83,4982.30,4963.75,4974.60,3592.362,1770592499999,17863686.06955,8936,1693.637,8421793.58841,0
1770592500000,4974.84,4986.04,4970.70,4983.40,2721.478,1770592799999,13549970.37549,8679,1310.410,6524137.48846,0
1770592800000,4983.39,4990.17,4982.44,4989.71,2005.075,1770593099999,9998739.08882,6475,936.686,4671062.70096,0
1770593100000,4989.71,5016.76,4989.62,5014.76,5182.267,1770593399999,25930149.30152,12542,2674.132,13375245.99241,0
1770593400000,5014.76,5034.76,5010.30,5026.60,4398.028,1770593699999,22089844.82781,12150,2169.797,10897755.76789,0
1770593700000,5026.61,5034.29,5016.16,5027.41,3022.456,1770593999999,15192316.60669,8039,1211.980,6092286.73787,0
1770594000000,5027.59,5033.71,5022.93,5031.88,1836.458,1770594299999,9236682.81509,5395,823.078,4139621.95420,0
1770594300000,5031.88,5037.41,5024.57,5035.46,1569.974,1770594599999,7896668.16039,5275,621.801,3127864.29687,0
1770594600000,5035.70,5035.99,5026.95,5032.07,2023.789,1770594899999,10182391.60299,5314,955.780,4808564.12671,0
1770594900000,5032.07,5038.35,5024.40,5028.31,2057.464,1770595199999,10350825.60309,5336,826.915,4160953.65266,0
1770595200000,5028.40,5034.67,5023.25,5026.10,3325.283,1770595499999,16727648.41236,6776,1386.967,6977308.12736,0
1770595500000,5026.10,5041.94,5023.26,5034.50,2346.681,1770595799999,11813194.73227,6476,1202.778,6053954.72058,0
1770595800000,5034.08,5035.46,5026.65,5027.25,2304.094,1770596099999,11590457.42901,7589,1180.350,5937900.75372,0
1770596100000,5027.23,5039.00,5020.62,5034.19,2581.537,1770596399999,12987249.05088,7534,1171.370,5893633.26898,0
1770596400000,5034.19,5036.56,5026.70,5032.51,1593.234,1770596699999,8017210.48820,5339,838.508,4219396.46181,0
1770596700000,5032.50,5033.20,5023.85,5031.81,1197.739,1770596999999,6021737.43448,4561,596.521,2998889.02806,0
1770597000000,5031.82,5034.21,5027.32,5029.95,1189.826,1770597299999,5986057.26129,3975,581.350,2924793.16727,0
1770597300000,5030.00,5030.51,5023.36,5025.85,1579.606,1770597599999,7941960.15180,3837,464.539,2335551.89350,0
1770597600000,5025.88,5028.56,5015.00,5026.39,1904.646,1770597899999,9564363.07760,4652,852.556,4282140.09647,0
1770597900000,5026.38,5026.50,5010.18,5012.13,1166.632,1770598199999,5852168.04965,3849,424.933,2131418.89431,0
1770598200000,5012.28,5020.20,5012.28,5017.46,848.239,1770598499999,4255568.35432,3483,411.122,2062492.08110,0
1770598500000,5017.73,5023.77,5016.49,5018.81,1194.782,1770598799999,5998626.88316,4259,585.368,2938923.77580,0
1770598800000,5018.82,5038.21,5016.76,5023.76,3824.103,1770599099999,19226871.41994,11300,1897.492,9538687.55254,0
1770599100000,5023.99,5025.00,5005.00,5012.79,2386.064,1770599399999,11964562.50884,7184,1176.332,5898975.66227,0
1770599400000,5012.57,5020.00,5007.16,5017.39,2633.762,1770599699999,13201686.30140,7160,1710.986,8575961.92748,0
1770599700000,5017.40,5031.60,5011.01,5027.95,1551.331,1770599999999,7791661.83059,6045,800.969,4022751.23062,0
1770600000000,5027.95,5028.45,5018.37,5019.32,1534.887,1770600299999,7710342.13321,4579,800.592,4021619.96863,0
1770600300000,5019.09,5019.09,5010.28,5016.39,1458.506,1770600599999,7314755.94383,4669,618.885,3103747.29450,0
1770600600000,5016.48,5021.13,4997.46,5001.43,2187.973,1770600899999,10957932.08101,6013,860.068,4307908.48269,0
1770600900000,5001.65,5001.65,4973.00,4982.44,4391.499,1770601199999,21898880.05926,12518,1945.426,9699651.27897,0
1770601200000,4982.44,5007.16,4981.81,5006.33,2843.268,1770601499999,14201351.97926,7706,1499.074,7486667.91683,0
1770601500000,5006.32,5009.45,4990.45,4994.91,1465.075,1770601799999,7322971.38707,6203,619.253,3094496.83979,0
1770601800000,4994.91,4998.60,4987.40,4992.19,1739.143,1770602099999,8685176.05460,5197,902.402,4506818.67524,0
1770602100000,4992.28,4998.75,4979.61,4981.76,1421.226,1770602399999,7087513.51425,4971,723.825,3609970.29646,0
1770602400000,4981.75,4981.76,4966.48,4974.72,2882.724,1770602699999,14340022.21401,9291,1398.060,6955522.13781,0
1770602700000,4974.72,4988.88,4974.05,4988.40,1567.490,1770602999999,7808233.31800,5306,903.023,4498392.67111,0
1770603000000,4988.26,4997.67,4987.32,4994.69,1301.874,1770603299999,6500012.76543,4261,719.205,3590904.45523,0
1770603300000,4994.54,4995.00,4985.98,4990.05,595.033,1770603599999,2969945.44790,3018,232.555,1160596.30800,0
1770603600000,4990.05,4997.64,4988.61,4994.56,636.794,1770603899999,3179910.90185,2884,335.856,1677174.59861,0
1770603900000,4994.56,4999.30,4991.45,4999.10,596.843,1770604199999,2982124.70944,2679,313.058,1564254.41186,0
1770604200000,4999.09,5004.64,4991.06,5002.88,1053.795,1770604499999,5266934.10588,5022,582.906,2913286.49657,0
1770604500000,5002.94,5005.70,4995.45,4998.49,855.399,1770604799999,4277154.20755,3819,450.915,2254834.30818,0
1770604800000,4998.47,4998.68,4988.45,4995.89,1240.564,1770605099999,6193487.93193,4999,633.792,3164096.86105,0
1770605100000,4995.46,4996.16,4984.69,4994.89,1378.265,1770605399999,6879111.17215,4561,628.550,3137174.23768,0
1770605400000,4994.89,5011.96,4994.88,5008.67,1317.263,1770605699999,6595059.14751,4520,660.638,3307473.13661,0
1770605700000,5008.67,5014.90,5002.15,5004.71,1684.946,1770605999999,8437478.15821,5327,838.279,4198327.38374,0
1770606000000,5004.70,5017.08,5003.25,5013.60,858.092,1770606299999,4300366.59977,4137,483.573,2423249.24311,0
1770606300000,5013.45,5017.25,5012.69,5015.83,707.475,1770606599999,3547641.32358,3289,298.693,1497837.53210,0
1770606600000,5015.83,5019.90,5015.21,5018.44,532.649,1770606899999,2672544.00891,3025,259.776,1303404.37063,0
1770606900000,5018.45,5019.37,5010.85,5013.60,854.619,1770607199999,4286041.22293,3584,314.608,1577803.07066,0
1770607200000,5013.59,5020.93,5010.95,5020.35,630.018,1770607499999,3159993.91178,3375,364.384,1827778.77146,0
1770607500000,5020.35,5023.85,5018.15,5022.14,612.989,1770607799999,3077990.39742,3602,292.481,1468635.60646,0
1770607800000,5022.14,5027.85,5019.46,5020.89,1027.099,1770608099999,5160245.06571,4422,482.872,2426032.96436,0
1770608100000,5020.82,5022.09,5016.89,5021.03,675.423,1770608399999,3390109.50569,2950,319.452,1603486.28115,0
1770608400000,5021.02,5022.75,5017.50,5022.55,611.265,1770608699999,3068313.12641,2555,250.408,1257033.29958,0
1770608700000,5022.55,5025.90,5014.50,5020.39,869.790,1770608999999,4366387.08528,3324,422.892,2122855.35695,0
1770609000000,5020.40,5021.25,5016.00,5018.56,290.882,1770609299999,1459808.65275,1767,95.568,479626.80741,0
1770609300000,5018.56,5018.56,5010.68,5014.04,542.760,1770609599999,2721244.03368,2539,248.872,1247723.08974,0
1770609600000,5013.94,5016.91,5010.20,5016.47,564.977,1770609899999,2831774.34235,2749,198.476,994928.08070,0
1770609900000,5016.48,5021.33,5016.48,5021.33,599.658,1770610199999,3009410.91942,2509,226.413,1136328.03521,0
1770610200000,5021.33,5021.33,5010.78,5010.78,494.381,1770610499999,2479963.49589,2462,138.349,693995.16266,0
1770610500000,5010.79,5023.45,5007.20,5017.44,832.683,1770610799999,4176516.13006,3902,389.632,1954374.32257,0
1770610800000,5017.44,5020.50,5014.05,5016.00,546.187,1770611099999,2740598.75519,2286,195.888,982867.14173,0
1770611100000,5016.00,5018.49,5011.32,5014.96,375.719,1770611399999,1884084.06562,2062,171.686,860983.22205,0
1770611400000,5014.96,5019.20,5012.62,5017.94,361.184,1770611699999,1811491.82701,1890,214.745,1077013.51936,0
1770611700000,5017.96,5020.60,5015.51,5020.36,369.332,1770611999999,1853416.83776,1608,114.977,576961.67425,0
1770612000000,5020.36,5020.79,5013.07,5016.70,563.684,1770612299999,2827586.68350,2277,259.899,1303759.24034,0
1770612300000,5016.49,5017.67,5010.71,5011.17,913.061,1770612599999,4577818.01042,2506,275.016,1378857.89482,0
1770612600000,5011.17,5013.67,5006.41,5011.55,458.779,1770612899999,2298555.71631,2496,223.819,1121335.95977,0
1770612900000,5011.56,5012.27,5003.92,5008.61,516.286,1770613199999,2585420.95385,2367,244.123,1222506.67529,0
1770613200000,5008.61,5012.65,5007.31,5012.64,342.131,1770613499999,1713834.12665,1759,126.903,635755.79348,0
1770613500000,5012.64,5016.11,5009.29,5015.64,676.652,1770613799999,3392384.88315,1875,406.095,2036118.21656,0
1770613800000,5015.65,5016.11,5010.31,5012.22,396.710,1770614099999,1988773.66834,1785,143.007,716864.63059,0
1770614100000,5012.22,5019.69,5012.22,5019.66,317.489,1770614399999,1593077.33473,1668,211.705,1062204.74529,0
1770614400000,5019.66,5021.97,5018.53,5021.10,418.557,1770614699999,2101142.22111,1981,219.621,1102510.60836,0
1770614700000,5021.09,5028.21,5020.59,5027.25,492.370,1770614999999,2474117.25169,2498,279.894,1406419.57733,0
1770615000000,5027.24,5029.20,5022.48,5028.60,772.694,1770615299999,3883686.21814,4548,379.010,1904976.48917,0
1770615300000,5028.60,5032.00,5025.75,5030.05,805.656,1770615599999,4052198.06222,3306,453.947,2283188.26981,0
1770615600000,5030.20,5038.10,5028.07,5032.00,1039.327,1770615899999,5232204.33318,3970,511.859,2576797.55892,0
1770615900000,5031.90,5031.91,5022.21,5028.65,1190.501,1770616199999,5984068.06521,4491,547.577,2752248.00279,0
1770616200000,5028.45,5033.70,5027.11,5033.27,541.478,1770616499999,2723789.64734,2695,337.744,1698867.58646,0
1770616500000,5033.27,5036.85,5031.97,5034.90,542.246,1770616799999,2730118.88182,2669,323.509,1628828.40977,0
1770616800000,5034.91,5043.73,5032.07,5041.35,1393.771,1770617099999,7022308.44178,5269,811.026,4086706.80770,0
1770617100000,5041.35,5042.40,5034.00,5035.23,692.328,1770617399999,3488674.57015,3502,282.095,1421465.26725,0
1770617400000,5035.23,5037.90,5029.04,5031.90,958.851,1770617699999,4825464.64496,3427,360.629,1815093.39595,0
1770617700000,5031.90,5035.23,5026.53,5026.53,1037.087,1770617999999,5216938.77157,4047,534.743,2689953.25125,0
1770618000000,5026.52,5026.58,5013.14,5019.99,1558.897,1770618299999,7825267.38318,5831,716.947,3598692.35357,0
1770618300000,5020.12,5026.79,5019.75,5023.81,814.032,1770618599999,4089745.11937,3294,528.570,2655582.01876,0
1770618600000,5023.80,5030.41,5017.88,5024.62,1006.609,1770618899999,5056895.96935,4297,466.050,2341247.74411,0
1770618900000,5024.84,5029.44,5021.40,5028.77,646.870,1770619199999,3250664.29803,2833,377.079,1894869.57633,0
1770619200000,5028.77,5033.50,5022.18,5032.66,772.683,1770619499999,3884866.96146,3257,429.195,2158176.28817,0
1770619500000,5032.66,5034.08,5027.71,5028.97,604.223,1770619799999,3040041.03481,3128,250.122,1258551.07424,0
1770619800000,5029.09,5033.67,5025.11,5033.26,1501.994,1770620099999,7553877.21153,4404,428.266,2153829.35293,0
1770620100000,5033.26,5036.03,5025.11,5027.20,878.648,1770620399999,4419994.11972,3511,350.243,1761903.40635,0
1770620400000,5027.40,5027.40,5018.45,5025.32,1178.046,1770620699999,5917541.51377,4220,532.992,2677499.65379,0
1770620700000,5025.31,5025.31,5016.00,5018.10,715.808,1770620999999,3593344.15540,3555,342.906,1721212.44316,0
1770621000000,5018.09,5020.02,5007.88,5011.30,1627.196,1770621299999,8157179.27615,4558,894.976,4486262.44269,0
1770621300000,5011.30,5013.57,5006.71,5012.25,905.941,1770621599999,4538791.28838,3897,582.735,2919547.36262,0
1770621600000,5012.24,5012.25,4995.90,5001.50,2818.519,1770621899999,14096749.77035,8881,1435.258,7178044.96973,0
1770621900000,5001.50,5007.74,4996.54,5005.96,1119.827,1770622199999,5600670.46056,4986,580.905,2905630.78418,0
1770622200000,5005.95,5012.99,5004.75,5007.90,815.664,1770622499999,4085695.27943,3997,496.177,2485455.57511,0
1770622500000,5007.90,5010.01,5005.14,5007.38,473.914,1770622799999,2373249.30232,2834,193.121,967142.46816,0
1770622800000,5007.34,5011.12,5005.81,5009.51,1072.008,1770623099999,5369275.09269,4096,440.859,2208127.80397,0
1770623100000,5009.51,5009.55,4999.05,5001.22,608.336,1770623399999,3043455.58441,2788,230.614,1153760.99311,0
1770623400000,5001.22,5005.66,4998.65,5002.86,772.701,1770623699999,3865022.22226,3325,408.899,2045306.29416,0
1770623700000,5002.86,5007.00,5002.22,5004.04,279.887,1770623999999,1400701.65571,1907,119.939,600233.37561,0
1770624000000,5003.85,5014.96,5001.01,5013.54,1025.002,1770624299999,5133992.91148,4403,595.548,2983040.26429,0
1770624300000,5013.80,5019.17,5010.81,5016.62,1998.621,1770624599999,10025762.85470,5879,1334.496,6694443.24624,0
1770624600000,5016.63,5019.05,5014.65,5018.76,694.953,1770624899999,3486211.22991,2554,434.048,2177397.01535,0
1770624900000,5018.77,5031.98,5018.77,5026.25,1884.575,1770625199999,9471424.17913,5201,1120.530,5631741.08929,0
1770625200000,5026.25,5029.52,5021.88,5025.11,1261.844,1770625499999,6342217.91597,4091,695.175,3494184.98850,0
1770625500000,5025.10,5028.99,5022.63,5024.81,793.642,1770625799999,3988429.55261,3232,353.626,1777161.29628,0
1770625800000,5024.82,5026.75,5020.52,5025.90,663.496,1770626099999,3332996.63500,3098,364.604,1831527.82956,0
1770626100000,5025.90,5027.44,5022.00,5025.81,770.016,1770626399999,3868886.04033,2802,446.363,2242767.94530,0
1770626400000,5025.91,5031.85,5023.30,5029.24,691.877,1770626699999,3478597.37570,2439,375.107,1885966.47783,0
1770626700000,5029.29,5033.51,5025.80,5026.20,740.686,1770626999999,3726052.11342,3240,375.703,1890032.34945,0
1770627000000,5026.20,5029.00,5022.20,5023.38,397.636,1770627299999,1998404.82471,2075,166.408,836404.04147,0
1770627300000,5023.38,5027.40,5023.24,5026.58,271.385,1770627599999,1363826.45261,1565,138.663,696835.30152,0
1770627600000,5026.59,5038.81,5024.26,5031.63,1608.564,1770627899999,8094336.79640,4859,1119.034,5631022.13222,0
1770627900000,5031.63,5035.16,5025.80,5026.46,870.270,1770628199999,4378109.11174,3623,449.220,2259931.35996,0
1770628200000,5026.45,5029.24,5021.80,5024.60,443.161,1770628499999,2226964.44209,2546,205.381,1032117.40301,0
1770628500000,5024.59,5025.00,5020.50,5025.00,334.962,1770628799999,1682368.10051,1992,140.141,703892.91852,0
1770628800000,5025.00,5026.61,5021.96,5022.95,218.955,1770629099999,1100103.43470,1348,131.790,662137.20853,0
1770629100000,5022.96,5025.19,5016.00,5023.38,1204.002,1770629399999,6043700.10839,3720,603.244,3027862.43748,0
1770629400000,5023.39,5026.39,5016.49,5017.05,622.089,1770629699999,3123409.95012,2384,226.360,1136621.03591,0
1770629700000,5017.05,5017.86,5011.81,5012.90,866.328,1770629999999,4344608.14129,3168,394.270,1977102.90607,0
1770630000000,5012.89,5016.30,5011.10,5014.28,444.340,1770630299999,2227841.72684,2133,200.959,1007576.15835,0
1770630300000,5014.27,5014.67,5007.53,5012.05,689.386,1770630599999,3454735.70979,2591,238.622,1195837.14594,0
1770630600000,5012.13,5014.39,5005.22,5006.25,942.380,1770630899999,4721095.04989,3438,535.412,2682309.36774,0
1770630900000,5006.25,5012.67,5002.40,5006.44,985.579,1770631199999,4935309.85003,4200,590.954,2959695.07896,0
1770631200000,5006.41,5006.77,4995.46,5004.65,1488.349,1770631499999,7442110.10654,6268,626.870,3134787.63656,0
1770631500000,5004.64,5013.85,5004.54,5008.57,869.268,1770631799999,4355381.34512,3461,466.654,2338138.84964,0
1770631800000,5008.37,5011.82,5007.42,5009.60,385.515,1770632099999,1931245.40001,2071,238.752,1196040.32798,0
1770632100000,5009.60,5014.00,5004.07,5005.99,535.396,1770632399999,2681726.75825,2754,224.781,1125999.78129,0
1770632400000,5006.20,5012.94,5004.46,5004.51,443.241,1770632699999,2220314.91022,2282,179.938,901378.45799,0
1770632700000,5004.51,5004.51,4985.00,4990.71,2381.257,1770632999999,11891842.37938,9059,1083.096,5409271.11540,0
1770633000000,4990.71,4992.60,4981.89,4992.10,2227.048,1770633299999,11109564.47028,8707,1099.522,5485122.79423,0
1770633300000,4992.09,4997.76,4988.17,4988.56,982.786,1770633599999,4908190.19207,3880,511.620,2555310.08594,0
1770633600000,4988.56,4994.84,4983.61,4985.46,1151.193,1770633899999,5743430.10382,6189,607.143,3029227.01837,0
1770633900000,4985.46,4997.35,4982.29,4991.20,1059.525,1770634199999,5288854.91710,4484,523.918,2615247.12431,0
1770634200000,4991.15,4998.00,4991.12,4994.77,412.494,1770634499999,2060381.80735,2510,233.860,1168092.41665,0
1770634500000,4994.77,4997.98,4987.37,4990.48,524.925,1770634799999,2620532.40933,3155,229.417,1145244.70532,0
1770634800000,4990.47,4998.41,4987.10,4998.07,715.597,1770635099999,3572530.80011,3601,408.908,2041372.31282,0
1770635100000,4998.07,4998.64,4990.74,4994.64,465.905,1770635399999,2327264.91890,3125,216.816,1083007.31912,0
1770635400000,4994.33,4996.80,4989.40,4992.25,509.765,1770635699999,2545169.89154,2978,292.240,1459141.15587,0
1770635700000,4992.24,4997.58,4990.31,4995.99,593.226,1770635999999,2962170.29212,3709,277.574,1386078.43960,0
1770636000000,4995.98,5003.13,4993.47,5002.04,388.923,1770636299999,1944183.42714,2385,249.136,1245557.89624,0
1770636300000,5002.05,5006.51,4999.49,5006.09,580.200,1770636599999,2902401.18867,2818,360.474,1803272.80630,0
1770636600000,5005.94,5007.25,5002.42,5003.18,399.611,1770636899999,2000096.76072,2379,158.106,791350.69374,0
1770636900000,5003.19,5007.99,5000.33,5004.88,296.368,1770637199999,1483108.35146,1915,145.768,729500.22295,0
1770637200000,5004.89,5011.77,5004.53,5008.52,637.439,1770637499999,3192710.23818,2577,270.350,1354227.27248,0
1770637500000,5008.51,5009.98,5006.16,5006.46,292.676,1770637799999,1465683.36203,1970,115.544,578661.31352,0
1770637800000,5006.71,5015.79,5006.44,5011.25,913.603,1770638099999,4579561.85769,3480,481.409,2413049.71279,0
1770638100000,5011.52,5014.00,5008.08,5010.22,291.081,1770638399999,1458797.15222,1919,129.533,649203.85740,0
1770638400000,5010.23,5014.54,5006.61,5011.35,587.114,1770638699999,2941716.98729,3189,319.382,1600317.66902,0
1770638700000,5011.35,5015.50,5010.22,5013.93,410.870,1770638999999,2059714.10940,2929,195.784,981470.34344,0
1770639000000,5013.93,5017.00,5013.80,5015.80,764.262,1770639299999,3833097.16234,2854,429.014,2151654.51301,0
1770639300000,5015.79,5017.18,5010.00,5012.91,465.237,1770639599999,2332127.31756,2577,170.124,852819.76914,0
1770639600000,5012.92,5015.10,5009.07,5013.16,286.351,1770639899999,1435314.86068,1577,123.474,618908.59177,0
1770639900000,5013.16,5013.76,5009.74,5012.64,310.853,1770640199999,1557895.14305,1918,128.376,643400.02787,0
1770640200000,5012.64,5017.10,5008.11,5013.48,904.035,1770640499999,4532228.19488,2926,358.379,1796918.06918,0
1770640500000,5013.40,5020.81,5013.13,5015.56,959.777,1770640799999,4815580.49996,3726,606.173,3041248.40318,0
1770640800000,5015.57,5019.24,5014.88,5014.88,339.899,1770641099999,1705223.70351,1555,249.843,1253388.13153,0
1770641100000,5014.89,5017.50,5010.33,5011.16,680.290,1770641399999,3410308.53199,2295,165.589,830404.91738,0
1770641400000,5011.15,5018.38,5009.31,5017.61,450.245,1770641699999,2257629.35920,2497,257.430,1290857.31027,0
1770641700000,5017.71,5017.71,5006.48,5012.09,786.083,1770641999999,3938912.80931,3008,411.284,2060713.92536,0
1770642000000,5012.10,5018.66,5006.94,5017.04,1364.324,1770642299999,6838323.67481,6914,652.916,3272769.69450,0
1770642300000,5017.05,5024.00,5016.24,5022.65,990.997,1770642599999,4975325.61599,4197,507.575,2548561.02130,0
1770642600000,5022.65,5024.17,5015.10,5021.74,1854.490,1770642899999,9309232.56658,4658,975.152,4895006.07908,0
1770642900000,5021.93,5024.34,5014.00,5017.08,712.884,1770643199999,3577391.13893,3506,358.724,1800038.66292,0
1770643200000,5016.93,5019.59,5006.05,5015.58,1319.468,1770643499999,6614402.91954,5740,704.411,3531386.42973,0
1770643500000,5015.38,5017.59,5002.65,5003.49,1301.049,1770643799999,6515702.33310,5980,502.181,2515185.79199,0
1770643800000,5003.49,5013.29,5003.20,5006.40,1133.072,1770644099999,5673967.28150,4874,623.438,3121841.12749,0
1770644100000,5006.40,5007.66,4999.34,5001.10,722.368,1770644399999,3614938.77892,3466,357.201,1787609.68582,0
1770644400000,5001.11,5003.15,4993.58,4997.21,1094.749,1770644699999,5471342.29320,5069,453.097,2264433.66515,0
1770644700000,4997.08,5003.98,4995.00,5003.01,693.934,1770644999999,3469001.39600,3700,339.598,1697830.54342,0
1770645000000,5003.01,5009.57,5002.31,5007.35,512.071,1770645299999,2563551.71591,2914,280.541,1404489.82048,0
1770645300000,5007.35,5009.73,5002.26,5005.20,679.399,1770645599999,3400601.19933,3232,401.678,2010470.10643,0
1770645600000,5005.11,5010.60,5001.26,5007.80,1049.982,1770645899999,5257574.36619,4191,619.687,3103007.46737,0
1770645900000,5007.80,5015.34,5006.91,5008.61,1253.266,1770646199999,6280515.74003,3511,487.293,2442362.72920,0
1770646200000,5008.62,5013.96,5007.80,5013.80,574.940,1770646499999,2881106.57897,2817,354.335,1775648.10009,0
1770646500000,5013.81,5018.90,5012.57,5014.40,524.810,1770646799999,2632256.76049,3200,272.770,1368209.49336,0
1770646800000,5014.39,5018.00,5007.55,5016.60,1015.169,1770647099999,5088348.92396,3777,449.277,2252110.02554,0
1770647100000,5016.61,5021.49,5013.30,5018.52,1029.225,1770647399999,5165529.12623,3438,592.537,2973671.44883,0
1770647400000,5018.60,5034.73,5013.45,5034.00,2822.896,1770647699999,14185072.12291,9452,1397.087,7020398.95791,0
1770647700000,5034.00,5034.14,5025.51,5029.80,1756.886,1770647999999,8836008.04630,7940,747.785,3760731.74058,0
1770648000000,5029.79,5036.06,5025.40,5035.00,1321.313,1770648299999,6648461.83022,6060,701.830,3531431.10895,0
1770648300000,5034.99,5037.86,5030.15,5031.55,1402.190,1770648599999,7059839.59071,5425,658.580,3315769.53536,0
1770648600000,5031.56,5038.51,5030.00,5038.21,1130.010,1770648899999,5689360.44335,4062,640.415,3224447.16111,0
1770648900000,5038.25,5039.98,5036.12,5037.00,1012.526,1770649199999,5100837.83243,3482,403.632,2033413.20412,0
1770649200000,5037.00,5040.84,5033.32,5036.06,1633.502,1770649499999,8227675.23691,4701,703.986,3546091.38312,0
1770649500000,5036.34,5038.86,5029.00,5032.95,1785.066,1770649799999,8985911.98746,4741,610.729,3074225.30899,0
1770649800000,5032.95,5034.95,5027.25,5028.91,905.136,1770650099999,4553761.32616,3456,314.768,1583528.78858,0
1770650100000,5028.91,5029.79,5022.80,5026.94,1293.264,1770650399999,6499929.68641,5374,639.132,3212289.57025,0
1770650400000,5026.93,5034.00,5025.88,5031.46,1063.695,1770650699999,5350515.30571,3847,742.911,3736990.48012,0
1770650700000,5031.46,5032.30,5028.98,5031.06,683.850,1770650999999,3440045.30607,2791,308.269,1550685.85657,0
1770651000000,5031.06,5054.70,5031.06,5052.11,4195.354,1770651299999,21163190.06241,11497,2392.191,12068247.27319,0
1770651300000,5052.29,5052.62,5046.16,5050.10,1598.310,1770651599999,8070734.59358,6606,807.290,4076429.66858,0
1770651600000,5050.09,5053.24,5045.51,5052.99,1422.767,1770651899999,7184961.30547,5092,524.825,2650182.90967,0
1770651900000,5052.96,5059.71,5051.82,5059.70,1108.658,1770652199999,5605368.15102,4702,718.431,3632495.88635,0
1770652200000,5059.40,5059.55,5053.36,5056.06,1083.873,1770652499999,5480220.42264,3647,344.458,1741575.16408,0
1770652500000,5056.06,5057.69,5053.05,5056.90,593.100,1770652799999,2998424.46402,3169,253.779,1282958.35648,0
1770652800000,5056.96,5068.25,5055.39,5066.14,2020.629,1770653099999,10230065.64825,6245,1348.386,6826880.50868,0
1770653100000,5066.13,5066.70,5062.23,5064.82,1042.528,1770653399999,5280317.50085,3446,470.015,2380597.65432,0
1770653400000,5064.82,5065.55,5061.74,5062.41,603.257,1770653699999,3054366.80533,2348,261.091,1321937.44117,0
1770653700000,5062.41,5069.58,5062.41,5066.29,900.004,1770653999999,4560456.26341,3465,512.252,2595652.87677,0
1770654000000,5066.33,5074.10,5065.90,5073.27,1211.045,1770654299999,6141405.00956,3617,828.875,4203341.74336,0
1770654300000,5073.27,5077.99,5069.65,5071.27,2075.456,1770654599999,10529125.34608,6411,892.424,4528077.06358,0
1770654600000,5071.26,5076.50,5065.49,5065.61,1147.717,1770654899999,5819155.22637,3550,497.855,2524259.61738,0
1770654900000,5065.60,5073.92,5065.60,5073.87,494.432,1770655199999,2506336.74262,2447,234.870,1190591.65067,0
1770655200000,5073.92,5078.50,5070.53,5077.52,702.956,1770655499999,3567341.14457,2943,389.272,1975592.82317,0
1770655500000,5077.53,5080.97,5074.31,5074.45,1507.453,1770655799999,7653316.73829,3835,688.689,3496677.17226,0
1770655800000,5074.82,5075.74,5071.71,5073.13,857.859,1770656099999,4352708.90667,2929,370.572,1880215.27503,0
1770656100000,5073.10,5076.18,5070.27,5071.40,529.877,1770656399999,2688285.55539,2631,245.299,1244614.95797,0
1770656400000,5071.40,5074.14,5063.30,5064.95,1439.074,1770656699999,7291895.12974,4222,407.589,2065296.23675,0
1770656700000,5065.09,5070.72,5059.72,5062.05,961.354,1770656999999,4869400.43166,3335,347.919,1762476.53517,0
1770657000000,5062.05,5066.45,5061.14,5062.55,1374.050,1770657299999,6958679.60801,2885,1091.499,5527836.13110,0
1770657300000,5062.55,5073.00,5062.54,5069.16,2364.792,1770657599999,11985912.93509,3256,2122.590,10758058.20958,0
1770657600000,5069.16,5071.80,5068.72,5070.40,310.960,1770657899999,1576543.55076,1402,149.619,758558.04405,0
1770657900000,5070.46,5070.55,5066.41,5067.69,705.118,1770658199999,3573150.41154,1643,379.791,1924520.02790,0
1770658200000,5067.49,5070.10,5066.10,5069.17,238.020,1770658499999,1206376.36095,1364,128.995,653818.35335,0
1770658500000,5069.17,5070.60,5066.32,5066.95,437.196,1770658799999,2215821.93732,1759,226.004,1145425.56130,0
1770658800000,5066.95,5067.50,5059.62,5061.05,675.745,1770659099999,3420859.01528,2327,289.220,1463907.39609,0
1770659100000,5061.10,5062.67,5056.80,5060.75,745.709,1770659399999,3772445.17998,3071,317.073,1604063.10631,0
1770659400000,5060.75,5060.75,5047.00,5054.76,1415.058,1770659699999,7149361.04061,5580,692.129,3496785.36540,0
1770659700000,5054.76,5055.13,5041.62,5046.53,1494.837,1770659999999,7545765.40304,5131,688.624,3476129.89702,0
1770660000000,5046.52,5055.12,5046.52,5053.69,872.961,1770660299999,4409002.32171,3088,608.868,3075116.48200,0
1770660300000,5053.69,5058.51,5052.44,5057.41,1030.997,1770660599999,5212033.49502,3523,670.585,3390022.17272,0
1770660600000,5057.56,5060.65,5056.70,5059.80,664.989,1770660899999,3363873.45661,2343,349.832,1769670.55569,0
1770660900000,5059.80,5061.59,5052.21,5053.15,680.805,1770661199999,3443339.96740,2673,278.850,1410520.27679,0
1770661200000,5053.14,5056.70,5047.12,5051.28,1967.332,1770661499999,9940045.78669,6036,1168.493,5903791.77456,0
1770661500000,5051.22,5056.93,5050.63,5054.74,599.765,1770661799999,3031217.81050,2952,258.867,1308318.98794,0
1770661800000,5054.63,5056.07,5048.82,5055.30,499.119,1770662099999,2521794.99320,2329,249.454,1260448.18687,0
1770662100000,5055.31,5059.12,5055.31,5058.21,217.737,1770662399999,1101181.37014,1376,126.335,638922.07536,0
1770662400000,5058.20,5060.16,5055.34,5057.37,234.397,1770662699999,1185672.11971,1399,122.632,620305.07497,0
1770662700000,5057.36,5060.09,5053.20,5056.83,436.509,1770662999999,2207204.23041,1691,227.908,1152525.84213,0
1770663000000,5056.84,5061.80,5056.10,5058.06,804.908,1770663299999,4072041.48288,1872,506.169,2560714.01996,0
1770663300000,5058.06,5066.62,5057.61,5064.84,677.008,1770663599999,3427589.13885,2324,472.328,2391413.03071,0
1770663600000,5064.84,5067.31,5064.58,5067.06,307.821,1770663899999,1559413.84326,1729,164.140,831514.28566,0
1770663900000,5067.06,5068.40,5065.24,5068.40,285.050,1770664199999,1444362.87247,1403,139.899,708872.06216,0
1770664200000,5068.40,5070.20,5066.50,5067.57,491.597,1770664499999,2491573.55005,1910,229.981,1165645.72706,0
1770664500000,5067.56,5070.57,5065.48,5066.29,637.636,1770664799999,3231152.32411,1711,180.259,913597.27106,0
1770664800000,5066.30,5068.04,5064.46,5067.60,110.487,1770665099999,559699.95386,691,49.581,251171.21611,0
1770665100000,5067.61,5072.96,5067.60,5072.72,141.007,1770665399999,715071.49418,1100,86.334,437837.78492,0
1770665400000,5072.73,5077.70,5072.40,5077.01,391.571,1770665699999,1987189.97880,1983,194.734,988231.43064,0
1770665700000,5077.00,5078.26,5073.99,5074.85,635.905,1770665999999,3227113.86604,1588,282.789,1435027.63578,0
1770666000000,5074.85,5075.00,5071.21,5074.13,349.547,1770666299999,1773124.65896,1129,224.232,1137442.54047,0
1770666300000,5074.08,5074.90,5071.87,5072.66,219.705,1770666599999,1114652.35516,1059,66.865,339219.46381,0
1770666600000,5072.65,5074.34,5071.42,5073.99,237.281,1770666899999,1203764.63664,1136,113.798,577334.03041,0
1770666900000,5073.99,5076.14,5072.71,5073.10,131.018,1770667199999,664811.33214,886,55.851,283373.37827,0
1770667200000,5073.10,5076.86,5071.97,5075.46,176.704,1770667499999,896676.96365,1215,93.024,472072.41299,0
1770667500000,5075.47,5076.88,5072.10,5074.59,155.897,1770667799999,791067.79780,1005,57.042,289461.47659,0
1770667800000,5074.60,5079.60,5074.59,5077.61,328.487,1770668099999,1668129.47377,1362,125.553,637585.70218,0
1770668100000,5077.61,5078.39,5074.13,5077.71,292.846,1770668399999,1486446.02848,1266,139.984,710569.80674,0
1770668400000,5077.72,5079.63,5075.58,5078.86,267.226,1770668699999,1357063.34544,1260,132.158,671138.46108,0
1770668700000,5078.86,5079.73,5078.14,5079.10,253.735,1770668999999,1288707.13983,894,103.823,527315.27715,0
1770669000000,5079.11,5086.58,5074.97,5077.35,1421.775,1770669299999,7224427.81345,3688,902.136,4584640.66501,0
1770669300000,5077.07,5079.06,5072.61,5077.36,360.912,1770669599999,1831808.86454,1737,160.669,815471.62584,0
1770669600000,5077.36,5081.59,5077.20,5078.20,274.120,1770669899999,1392399.05025,1320,92.529,469997.48541,0
1770669900000,5078.12,5078.12,5072.97,5076.00,262.320,1770670199999,1331373.30087,1593,124.396,631320.51151,0
1770670200000,5076.00,5082.08,5075.24,5081.26,242.798,1770670499999,1233042.54653,1262,148.716,755274.93742,0
1770670500000,5081.35,5081.35,5076.84,5077.97,423.448,1770670799999,2150622.58906,2187,180.090,914611.05092,0
1770670800000,5077.92,5081.40,5073.50,5073.81,286.749,1770671099999,1455758.67551,1521,132.678,673554.33943,0
1770671100000,5073.81,5075.38,5064.10,5068.76,828.810,1770671399999,4200652.86002,2958,306.650,1554281.20444,0
1770671400000,5068.83,5071.04,5062.08,5063.28,734.006,1770671699999,3719218.89090,2024,298.741,1513887.87431,0
1770671700000,5063.29,5066.07,5061.50,5064.40,410.044,1770671999999,2076337.21687,1684,262.013,1326719.09086,0
1770672000000,5064.39,5066.20,5063.14,5065.45,227.065,1770672299999,1150027.31819,1445,116.595,590518.47439,0
1770672300000,5065.45,5065.47,5049.25,5054.62,991.960,1770672599999,5014621.46185,3674,482.516,2438937.92638,0
1770672600000,5054.62,5060.10,5050.99,5056.40,637.240,1770672899999,3221401.87356,2339,205.563,1039208.34046,0
1770672900000,5056.39,5060.73,5053.59,5060.72,395.337,1770673199999,1998858.84128,1515,211.137,1067584.01811,0
1770673200000,5060.72,5065.59,5060.64,5061.62,280.127,1770673499999,1418395.64665,1621,156.563,792711.72469,0
1770673500000,5061.61,5065.40,5059.53,5064.51,281.732,1770673799999,1426244.14873,1488,157.568,797684.26060,0
1770673800000,5064.51,5065.52,5061.61,5062.66,265.783,1770674099999,1345813.49278,1340,144.176,730030.20433,0
1770674100000,5062.66,5063.60,5058.24,5061.43,418.743,1770674399999,2119316.83684,1906,206.072,1042979.20925,0
1770674400000,5061.43,5063.40,5059.64,5060.28,105.182,1770674699999,532412.89246,685,38.806,196430.65022,0
1770674700000,5060.28,5060.29,5055.69,5058.35,130.087,1770674999999,658023.81798,742,34.063,172287.34843,0
1770675000000,5058.36,5060.51,5055.44,5057.23,238.148,1770675299999,1204748.69801,1345,53.615,271230.07746,0
1770675300000,5057.23,5060.32,5055.27,5056.82,79.575,1770675599999,402481.10629,924,37.622,190296.70725,0
1770675600000,5056.82,5060.16,5055.43,5060.16,62.957,1770675899999,318379.58441,578,39.610,200299.90616,0
1770675900000,5060.15,5060.98,5058.23,5060.98,57.367,1770676199999,290265.89863,500,31.113,157424.11141,0
1770676200000,5060.97,5061.98,5057.66,5060.13,45.237,1770676499999,228910.33373,512,22.147,112069.11473,0
1770676500000,5060.12,5062.80,5059.80,5059.81,61.749,1770676799999,312545.42361,524,28.408,143793.90889,0
1770676800000,5059.80,5061.56,5054.71,5059.12,147.448,1770677099999,745671.93118,1209,60.394,305464.82725,0
1770677100000,5059.11,5059.90,5058.77,5059.46,40.784,1770677399999,206343.70306,554,25.835,130712.04748,0
1770677400000,5059.71,5059.82,5057.41,5057.45,30.373,1770677699999,153650.26780,324,12.680,64144.53366,0
1770677700000,5057.45,5059.90,5054.21,5055.21,185.309,1770677999999,937199.26392,1066,68.822,348068.39642,0
1770678000000,5055.22,5071.56,5053.02,5054.19,2045.983,1770678299999,10361201.81559,8347,1087.430,5507096.05404,0
1770678300000,5054.19,5063.44,5033.10,5034.29,3609.900,1770678599999,18227248.81756,12037,1218.498,6155809.01618,0
1770678600000,5034.46,5039.07,4986.60,5012.47,13425.745,1770678899999,67331725.23924,44577,6164.866,30915056.68540,0
1770678900000,5012.68,5024.47,5009.20,5011.12,3515.590,1770679199999,17639761.48526,11635,1744.695,8754049.93882,0
1770679200000,5011.05,5028.30,5000.42,5013.17,2953.685,1770679499999,14811048.92126,11675,1486.135,7450984.04687,0
1770679500000,5013.17,5026.62,5006.82,5021.66,2406.321,1770679799999,12068331.89497,10405,1248.277,6260538.69839,0
1770679800000,5021.66,5023.97,5011.80,5021.34,1830.118,1770680099999,9184276.41199,7314,979.468,4915160.57082,0
1770680100000,5021.34,5025.71,5014.42,5020.84,1453.272,1770680399999,7295440.64621,5477,684.396,3435709.33181,0
1770680400000,5020.80,5038.95,5018.52,5037.65,2313.819,1770680699999,11639309.55583,7496,1307.834,6578193.32542,0
1770680700000,5037.65,5040.00,5029.12,5033.52,2144.225,1770680999999,10795549.80082,6055,1006.868,5069717.27752,0
1770681000000,5033.52,5036.90,5028.36,5032.49,710.162,1770681299999,3573902.90471,3074,309.897,1559634.59415,0
1770681300000,5032.90,5035.20,5027.75,5030.50,917.649,1770681599999,4617010.81176,2955,357.305,1797520.67213,0
1770681600000,5030.42,5046.27,5030.42,5039.02,2640.787,1770681899999,13308283.80811,6885,1264.721,6372808.83622,0
1770681900000,5039.01,5044.53,5037.00,5040.31,973.890,1770682199999,4909112.75732,3459,395.489,1993517.69080,0
1770682200000,5040.30,5040.30,5030.12,5033.15,1006.403,1770682499999,5066007.26571,4101,484.336,2437815.68590,0
1770682500000,5033.15,5036.39,5031.59,5031.60,571.699,1770682799999,2878219.65895,2416,301.079,1515739.30490,0
1770682800000,5031.44,5042.65,5031.44,5042.65,512.976,1770683099999,2583661.06678,2587,319.809,1610849.29007,0
1770683100000,5042.39,5042.96,5029.72,5032.67,747.554,1770683399999,3765005.08095,2932,284.677,1433742.91814,0
1770683400000,5032.67,5038.69,5032.66,5036.14,920.860,1770683699999,4637375.64984,3548,505.559,2545881.81300,0
1770683700000,5036.13,5036.45,5014.02,5017.74,2836.567,1770683999999,14252868.93013,8403,1195.401,6007610.31239,0
1770684000000,5017.81,5026.34,5014.59,5023.20,924.020,1770684299999,4639810.16992,3507,515.892,2590432.39369,0
1770684300000,5023.19,5024.79,5007.42,5015.62,1905.307,1770684599999,9553907.03871,5730,843.756,4231006.64395,0
1770684600000,5015.63,5021.20,5013.00,5014.51,922.940,1770684899999,4630271.88234,3339,396.172,1987647.64180,0
1770684900000,5014.51,5019.77,5013.85,5017.69,747.895,1770685199999,3752143.69929,3037,405.848,2036143.76593,0
1770685200000,5017.69,5026.19,5011.81,5022.06,2130.002,1770685499999,10692628.69834,7987,999.170,5015772.35989,0
1770685500000,5022.06,5029.79,5011.83,5029.62,1229.006,1770685799999,6171773.93859,4950,632.454,3176158.87835,0
1770685800000,5029.57,5033.39,5023.67,5030.29,1099.301,1770686099999,5529526.91972,3900,550.128,2767155.79880,0
1770686100000,5030.11,5035.94,5026.50,5029.57,974.931,1770686399999,4906158.78990,2573,515.122,2592759.48913,0
1770686400000,5029.57,5031.58,5015.80,5021.29,1950.858,1770686699999,9794818.62185,4457,976.253,4901637.40959,0
1770686700000,5021.29,5022.31,5012.80,5016.32,1301.314,1770686999999,6528650.23291,4176,679.488,3408645.16690,0
1770687000000,5016.20,5024.40,5013.91,5023.21,1411.753,1770687299999,7085807.48137,4612,709.914,3563249.09169,0
1770687300000,5023.20,5024.39,5016.35,5023.01,708.017,1770687599999,3554897.73154,2941,424.524,2131513.93215,0
1770687600000,5022.95,5031.53,5021.67,5027.06,1308.832,1770687899999,6579241.09340,3992,668.173,3358791.98158,0
1770687900000,5026.97,5034.29,5024.52,5033.65,1269.047,1770688199999,6383393.08624,4518,687.513,3458411.38426,0
1770688200000,5033.35,5033.71,5027.00,5030.32,659.561,1770688499999,3317746.31820,2463,317.444,1596762.50158,0
1770688500000,5030.33,5034.00,5023.25,5031.49,1077.193,1770688799999,5417702.05984,4039,586.871,2951659.36841,0
1770688800000,5031.49,5037.70,5029.56,5034.58,776.932,1770689099999,3910220.98098,2950,483.089,2431505.56988,0
1770689100000,5034.92,5043.93,5033.93,5042.87,1217.966,1770689399999,6137953.07613,3788,538.208,2712344.68583,0
1770689400000,5042.99,5043.00,5039.21,5040.01,503.334,1770689699999,2537572.57043,2249,199.173,1004131.43440,0
1770689700000,5040.01,5043.79,5038.12,5039.68,461.838,1770689999999,2328192.69554,2336,238.592,1202786.53942,0
1770690000000,5039.36,5052.00,5039.35,5052.00,1459.868,1770690299999,7366062.55097,4790,859.238,4335392.78440,0
1770690300000,5052.00,5053.79,5043.22,5045.02,969.105,1770690599999,4892917.22208,3638,414.035,2090700.49411,0
1770690600000,5045.01,5048.70,5042.50,5045.19,454.934,1770690899999,2295426.19093,2615,215.664,1088223.41491,0
1770690900000,5045.19,5046.07,5040.08,5043.40,351.666,1770691199999,1773296.01568,2085,167.312,843733.15459,0
1770691200000,5043.40,5050.07,5043.40,5047.83,566.623,1770691499999,2859380.60401,1950,325.537,1642767.82862,0
1770691500000,5048.04,5049.90,5039.65,5039.65,496.137,1770691799999,2502944.24902,2117,135.352,682843.94433,0
1770691800000,5039.61,5044.95,5032.06,5041.20,1088.078,1770692099999,5481450.43692,3691,526.066,2650508.38368,0
1770692100000,5041.12,5046.39,5035.00,5036.56,568.050,1770692399999,2863282.88754,2721,266.629,1344067.78361,0
1770692400000,5036.40,5036.63,5031.02,5033.41,475.361,1770692699999,2393213.78375,2252,203.565,1024899.51191,0
1770692700000,5033.40,5036.15,5027.05,5027.89,1351.009,1770692999999,6796440.18587,3666,715.563,3599834.26357,0
1770693000000,5027.90,5031.61,5024.00,5025.42,435.537,1770693299999,2190199.38381,2238,218.136,1097058.05267,0
1770693300000,5025.42,5025.42,5015.27,5018.40,1283.818,1770693599999,6445164.57615,4874,611.737,3071337.11887,0
1770693600000,5018.49,5025.72,5017.72,5023.80,641.230,1770693899999,3220005.45444,3029,388.157,1949266.25637,0
1770693900000,5023.96,5027.32,5018.72,5019.58,761.893,1770694199999,3827102.77267,3221,301.161,1512861.52999,0
1770694200000,5019.58,5028.79,5017.72,5024.60,1109.017,1770694499999,5570966.20668,3845,461.205,2316384.64760,0
1770694500000,5024.60,5029.28,5023.60,5027.27,426.339,1770694799999,2143151.54056,2677,265.812,1336202.01185,0
1770694800000,5027.72,5028.00,5021.30,5023.85,526.975,1770695099999,2647840.16358,2209,214.155,1075982.00118,0
1770695100000,5023.63,5028.80,5022.43,5028.25,344.559,1770695399999,1731421.73322,1452,261.927,1316227.17961,0
1770695400000,5028.20,5029.25,5022.59,5025.01,638.889,1770695699999,3210723.65229,2054,325.898,1637956.30930,0
1770695700000,5025.01,5028.10,5015.00,5027.80,1032.615,1770695999999,5185623.54342,3094,607.920,3053183.24275,0
1770696000000,5027.80,5028.60,5019.90,5020.61,376.052,1770696299999,1889265.62694,1874,126.555,635768.63813,0
1770696300000,5020.62,5023.60,5016.87,5023.08,370.621,1770696599999,1860448.34242,1893,213.931,1073841.33032,0
1770696600000,5023.08,5024.97,5018.81,5022.37,442.018,1770696899999,2219966.64078,2160,214.385,1076725.26588,0
1770696900000,5022.38,5027.64,5021.30,5025.90,288.362,1770697199999,1448941.33205,1535,150.905,758216.74297,0
1770697200000,5025.89,5025.89,5022.00,5024.80,208.204,1770697499999,1045901.56281,1162,123.763,621710.95865,0
1770697500000,5024.90,5029.00,5024.76,5026.48,284.609,1770697799999,1430685.90852,1286,140.068,704101.81681,0
1770697800000,5026.48,5026.69,5022.20,5024.45,253.292,1770698099999,1272604.21899,1096,122.852,617230.17764,0
1770698100000,5024.45,5024.68,5021.10,5022.65,99.379,1770698399999,499129.58481,760,34.672,174138.36711,0
1770698400000,5022.64,5028.00,5020.82,5025.02,330.816,1770698699999,1661815.71084,1954,169.270,850318.08260,0
1770698700000,5025.01,5032.48,5023.70,5032.22,328.348,1770698999999,1651028.31678,1612,236.124,1187402.93658,0
1770699000000,5032.22,5032.77,5027.82,5030.36,519.900,1770699299999,2615279.67365,1835,235.404,1184175.98599,0
1770699300000,5030.36,5032.75,5029.20,5030.59,246.429,1770699599999,1239835.86537,1263,171.772,864241.40285,0
1770699600000,5030.59,5033.84,5027.98,5029.63,322.127,1770699899999,1620676.45180,1537,150.912,759265.11157,0
1770699900000,5029.64,5031.60,5026.40,5028.81,303.304,1770700199999,1525448.72197,1172,222.565,1119419.08897,0
1770700200000,5028.88,5030.00,5027.31,5028.00,121.344,1770700499999,610205.41897,858,54.492,274029.55018,0
1770700500000,5028.00,5028.01,5020.71,5022.06,658.614,1770700799999,3308396.34930,3015,264.823,1330238.69435,0
1770700800000,5022.06,5023.18,5015.90,5017.55,1010.143,1770701099999,5070564.70231,2924,235.140,1180487.48591,0
1770701100000,5017.56,5018.69,5010.00,5017.28,967.635,1770701399999,4851923.13647,3617,438.764,2200040.02618,0
1770701400000,5017.33,5023.11,5012.01,5019.28,581.823,1770701699999,2919857.01529,3542,287.733,1443925.09238,0
1770701700000,5019.27,5027.55,5018.75,5026.71,785.987,1770701999999,3948451.93060,2831,513.187,2578104.65785,0
1770702000000,5026.66,5029.52,5023.61,5029.52,350.198,1770702299999,1760166.24264,1897,167.021,839550.71546,0
1770702300000,5029.53,5034.25,5029.08,5031.76,670.189,1770702599999,3372024.90869,2365,220.025,1107171.45209,0
1770702600000,5031.76,5038.24,5028.77,5035.46,908.508,1770702899999,4573580.12861,2662,463.363,2332658.22835,0
1770702900000,5035.46,5038.00,5035.39,5036.82,358.279,1770703199999,1804516.31001,1631,159.402,802881.45914,0
1770703200000,5036.90,5038.40,5034.66,5036.29,560.644,1770703499999,2823841.54960,1903,271.920,1369687.28056,0
1770703500000,5036.29,5042.51,5036.29,5037.16,831.124,1770703799999,4188728.89318,2452,378.402,1906916.60682,0
1770703800000,5037.16,5037.90,5032.80,5035.20,678.311,1770704099999,3415604.41286,2458,356.362,1794499.39548,0
1770704100000,5035.20,5035.59,5031.75,5032.64,368.857,1770704399999,1856742.54160,1944,147.247,741227.04880,0
1770704400000,5032.63,5036.17,5029.81,5032.65,351.655,1770704699999,1770005.05865,1648,154.259,776515.87243,0
1770704700000,5032.65,5034.63,5028.48,5028.91,527.555,1770704999999,2654113.11025,2266,196.659,989415.07209,0
1770705000000,5028.92,5035.20,5026.01,5035.01,445.865,1770705299999,2242514.00552,2241,212.404,1068341.44612,0
1770705300000,5035.01,5036.40,5030.06,5031.60,364.210,1770705599999,1833269.18053,1724,146.082,735323.58663,0
1770705600000,5031.75,5031.75,5024.08,5025.78,325.270,1770705899999,1635194.47215,1555,91.529,460167.77003,0
1770705900000,5025.79,5033.18,5024.45,5027.74,580.972,1770706199999,2922176.15742,2343,204.357,1027786.80329,0
1770706200000,5027.73,5027.75,5018.16,5021.05,553.035,1770706499999,2777408.51476,2551,287.278,1442703.43445,0
1770706500000,5021.05,5025.99,5020.81,5022.68,537.797,1770706799999,2701499.34043,2752,241.982,1215467.87947,0
1770706800000,5022.67,5027.55,5016.84,5027.55,651.910,1770707099999,3274322.32213,3138,342.512,1720277.41636,0
1770707100000,5027.59,5028.59,5025.78,5027.04,195.207,1770707399999,981312.09917,1371,75.307,378568.84094,0
1770707400000,5027.00,5032.20,5026.48,5026.48,299.351,1770707699999,1505495.74167,1803,126.015,633763.09021,0
1770707700000,5026.48,5029.55,5024.80,5027.34,257.031,1770707999999,1292325.10633,1662,125.300,629994.74069,0
1770708000000,5027.34,5028.39,5019.44,5021.39,628.721,1770708299999,3157811.87354,2873,287.126,1441972.71426,0
1770708300000,5021.39,5024.79,5018.96,5023.09,590.826,1770708599999,2966567.80681,2271,324.129,1627360.41491,0
1770708600000,5023.09,5029.98,5022.79,5026.36,317.163,1770708899999,1594116.82262,1837,138.190,694564.30273,0
1770708900000,5026.51,5032.05,5023.79,5025.09,705.334,1770709199999,3546316.61229,2490,216.186,1086982.21154,0
1770709200000,5025.10,5029.35,5024.00,5026.52,366.572,1770709499999,1842655.99182,1613,186.804,939059.23354,0
1770709500000,5026.51,5028.14,5023.60,5027.70,343.311,1770709799999,1725309.93537,1759,145.129,729382.76281,0
1770709800000,5027.71,5033.55,5027.48,5029.41,485.819,1770710099999,2444009.32818,2750,210.331,1058020.36603,0
1770710100000,5029.41,5031.30,5027.91,5031.27,345.061,1770710399999,1735399.90140,1454,182.950,920036.52902,0
1770710400000,5031.26,5036.40,5026.56,5035.94,563.120,1770710699999,2833478.10330,2860,267.133,1344225.59815,0
1770710700000,5035.94,5038.56,5031.80,5034.27,537.968,1770710999999,2708505.87377,2543,323.613,1629267.73656,0
1770711000000,5034.27,5037.42,5030.40,5031.79,554.330,1770711299999,2790280.40788,2947,232.949,1172607.18314,0
1770711300000,5031.79,5038.38,5030.72,5037.79,347.802,1770711599999,1751201.08672,1923,177.095,891562.86463,0
1770711600000,5037.80,5038.49,5034.09,5036.65,530.568,1770711899999,2672322.78829,2822,197.728,995882.04382,0
1770711900000,5036.68,5038.20,5033.33,5033.97,379.279,1770712199999,1909883.30943,2536,178.571,899209.78809,0
1770712200000,5034.05,5038.27,5032.51,5036.43,359.350,1770712499999,1809493.43086,1893,175.882,885656.35415,0
1770712500000,5036.44,5042.44,5035.98,5041.30,403.257,1770712799999,2032233.98954,2133,204.528,1030750.35336,0
1770712800000,5041.34,5046.48,5040.76,5045.85,756.873,1770713099999,3817508.43216,2911,320.399,1616043.38653,0
1770713100000,5045.85,5052.60,5044.52,5048.56,1134.721,1770713399999,5729162.10849,4871,484.872,2448180.99039,0
1770713400000,5048.94,5048.95,5042.71,5044.81,560.400,1770713699999,2827805.72743,2377,153.998,777008.90894,0
1770713700000,5044.80,5044.80,5037.31,5039.80,685.465,1770713999999,3454846.97695,3041,248.885,1254380.63071,0
1770714000000,5040.24,5050.34,5039.39,5048.70,915.375,1770714299999,4619845.80608,3162,672.151,3392293.23684,0
1770714300000,5048.69,5062.42,5047.44,5056.25,1182.504,1770714599999,5978110.30064,3992,776.462,3925496.89607,0
1770714600000,5056.10,5057.57,5050.23,5050.65,725.252,1770714899999,3665996.25362,2449,308.895,1561298.05240,0
1770714900000,5050.51,5052.09,5044.26,5047.76,628.819,1770715199999,3174347.79909,2625,317.308,1601798.71552,0
1770715200000,5047.76,5054.39,5045.71,5052.40,640.530,1770715499999,3234905.14203,2339,400.701,2023501.21978,0
1770715500000,5052.32,5053.91,5050.36,5051.12,366.001,1770715799999,1849137.23176,1941,223.236,1127864.74189,0
1770715800000,5051.12,5051.90,5044.61,5044.81,738.444,1770716099999,3726850.45301,2679,294.699,1487164.13058,0
1770716100000,5044.96,5047.46,5043.43,5045.02,446.783,1770716399999,2254023.77860,2172,150.513,759348.70141,0
1770716400000,5045.03,5047.71,5043.05,5046.95,517.475,1770716699999,2611009.94551,2301,225.382,1137221.86826,0
1770716700000,5046.95,5048.27,5041.84,5044.79,284.085,1770716999999,1433104.71674,2139,158.596,800075.60239,0
1770717000000,5044.87,5047.19,5042.56,5043.00,411.645,1770717299999,2076683.05625,2571,187.279,944858.20104,0
1770717300000,5043.01,5045.64,5040.62,5045.45,264.544,1770717599999,1334169.82344,1511,176.182,888569.56776,0
1770717600000,5045.55,5051.72,5045.27,5048.66,447.093,1770717899999,2257503.50349,2426,232.285,1172796.11988,0
1770717900000,5048.68,5049.75,5047.12,5048.20,315.239,1770718199999,1591358.15334,1589,172.944,873023.54615,0
1770718200000,5048.20,5048.73,5040.16,5040.61,436.639,1770718499999,2202174.00026,2088,251.755,1269659.32345,0
1770718500000,5040.61,5040.90,5036.40,5039.76,646.342,1770718799999,3256763.82560,2617,337.909,1702658.65268,0
1770718800000,5039.82,5047.39,5037.92,5047.39,402.942,1770719099999,2031848.23059,2095,227.669,1147985.63588,0
1770719100000,5047.39,5048.85,5044.98,5045.77,436.158,1770719399999,2201318.79902,2038,175.900,887770.80773,0
1770719400000,5045.77,5053.60,5044.50,5050.36,1262.011,1770719699999,6371117.63612,4042,654.349,3303435.37676,0
1770719700000,5050.37,5055.18,5049.38,5053.45,350.960,1770719999999,1772949.02781,1861,213.291,1077556.94359,0
1770720000000,5053.45,5056.43,5051.96,5052.45,391.707,1770720299999,1979985.43810,2036,180.260,911217.37759,0
1770720300000,5052.45,5054.64,5052.31,5053.65,329.797,1770720599999,1666591.69466,1655,192.746,974027.69491,0
1770720600000,5053.64,5055.60,5047.16,5048.40,842.560,1770720899999,4257592.01058,2533,364.494,1842070.53736,0
1770720900000,5048.80,5049.25,5042.55,5046.44,829.374,1770721199999,4185522.99899,2598,486.784,2456817.72684,0
1770721200000,5046.45,5047.39,5043.90,5045.55,312.321,1770721499999,1575861.11072,1469,175.520,885622.73730,0
1770721500000,5045.69,5052.52,5045.55,5052.51,253.027,1770721799999,1277549.04468,1160,192.649,972693.94414,0
1770721800000,5052.52,5052.52,5048.22,5049.90,295.089,1770722099999,1490251.46408,1302,139.333,703694.60613,0
1770722100000,5049.89,5051.14,5045.40,5046.50,226.778,1770722399999,1144811.99532,1344,100.557,507618.53063,0
1770722400000,5046.47,5048.40,5044.93,5046.00,236.060,1770722699999,1191307.27260,1128,158.292,798882.26359,0
1770722700000,5045.99,5048.16,5045.10,5047.24,254.276,1770722999999,1283129.42467,1353,163.995,827544.72823,0
1770723000000,5047.25,5050.25,5047.07,5050.24,158.953,1770723299999,802397.93413,935,108.906,549752.00090,0
1770723300000,5050.25,5051.83,5046.51,5049.20,498.823,1770723599999,2518457.59913,2017,210.633,1063366.29092,0
1770723600000,5049.19,5051.24,5044.80,5045.67,502.648,1770723899999,2537157.16638,1989,248.630,1254964.04094,0
1770723900000,5045.67,5050.54,5043.45,5050.51,319.288,1770724199999,1611182.73406,1664,202.850,1023639.50381,0
1770724200000,5050.52,5054.45,5050.35,5052.91,479.952,1770724499999,2425196.42522,2126,206.204,1041949.43511,0
1770724500000,5052.91,5055.35,5050.50,5054.26,368.395,1770724799999,1861771.48270,1624,154.459,780547.91110,0
1770724800000,5054.27,5056.37,5050.18,5050.79,454.569,1770725099999,2297078.84264,2471,214.150,1082188.04591,0
1770725100000,5050.93,5051.21,5037.32,5045.85,1076.904,1770725399999,5431554.66528,3143,417.267,2104959.03753,0
1770725400000,5045.85,5045.98,5040.15,5043.00,701.438,1770725699999,3537271.87939,2222,325.283,1640425.41164,0
1770725700000,5043.00,5049.65,5042.40,5046.95,201.862,1770725999999,1018631.95951,1394,91.891,463678.93949,0
1770726000000,5046.95,5048.35,5041.79,5045.03,648.218,1770726299999,3269698.29956,2090,280.313,1413888.96945,0
1770726300000,5045.03,5045.94,5042.36,5045.50,265.266,1770726599999,1338022.00936,1243,163.415,824265.98626,0
1770726600000,5045.69,5046.61,5041.30,5043.28,550.587,1770726899999,2776940.59358,1656,239.802,1209549.05350,0
1770726900000,5043.29,5045.89,5043.25,5043.87,208.678,1770727199999,1052677.59220,1539,117.610,593276.96360,0
1770727200000,5043.86,5043.87,5023.46,5029.05,2221.386,1770727499999,11179086.41371,6306,744.774,3747576.47895,0
1770727500000,5029.04,5029.04,5020.20,5024.93,1856.441,1770727799999,9327798.72935,7075,994.570,4997513.12970,0
1770727800000,5024.93,5032.46,5018.71,5027.45,1353.952,1770728099999,6804735.13091,5431,718.995,3614154.73911,0
1770728100000,5027.45,5033.03,5026.85,5030.34,702.388,1770728399999,3533324.15170,2964,247.702,1246093.68075,0
1770728400000,5030.34,5033.14,5025.29,5028.46,950.763,1770728699999,4781426.46294,4768,432.733,2176290.05093,0
1770728700000,5028.57,5035.94,5028.39,5032.60,856.332,1770728999999,4309650.86237,3677,395.786,1991848.29297,0
1770729000000,5032.59,5040.90,5030.81,5040.75,741.007,1770729299999,3731810.82207,3492,394.375,1986411.85342,0
1770729300000,5040.74,5044.65,5037.95,5044.00,727.189,1770729599999,3665816.97593,3073,278.312,1403149.26480,0
1770729600000,5044.01,5044.72,5037.14,5037.78,793.493,1770729899999,3999616.30693,2606,259.907,1310057.06342,0
1770729900000,5037.78,5037.85,5032.42,5036.88,620.278,1770730199999,3123371.23048,2286,369.017,1858174.37100,0
1770730200000,5036.89,5056.87,5036.89,5051.40,2410.050,1770730499999,12169707.46749,7088,1070.669,5405098.41939,0
1770730500000,5051.54,5055.75,5046.15,5047.66,1189.231,1770730799999,6005594.08758,4313,759.166,3833693.55747,0
1770730800000,5047.65,5052.00,5047.24,5051.33,530.273,1770731099999,2677819.41386,2440,282.126,1424652.75582,0
1770731100000,5051.32,5055.74,5048.10,5053.75,571.970,1770731399999,2890369.15338,2778,292.032,1475738.79299,0
1770731400000,5053.75,5054.33,5050.33,5050.79,544.972,1770731699999,2753389.26212,2467,176.431,891413.76789,0
1770731700000,5050.95,5053.54,5047.80,5049.07,365.285,1770731999999,1845004.93303,2269,179.725,907822.73171,0
1770732000000,5049.07,5053.05,5045.01,5047.16,616.318,1770732299999,3111767.93420,3031,319.477,1613184.47785,0
1770732300000,5047.16,5056.20,5046.01,5054.87,642.796,1770732599999,3247636.86064,2856,393.976,1990640.72523,0
1770732600000,5055.03,5057.53,5051.04,5054.69,613.009,1770732899999,3098114.28896,2764,224.137,1132902.41347,0
1770732900000,5054.70,5072.58,5054.69,5069.49,3052.480,1770733199999,15467858.10555,7547,1383.280,7009228.02521,0
1770733200000,5069.46,5071.00,5066.56,5066.56,1070.783,1770733499999,5427892.92751,4594,513.201,2601496.99700,0
1770733500000,5066.56,5071.11,5065.41,5068.61,822.396,1770733799999,4167984.36780,3269,438.276,2221279.99446,0
1770733800000,5068.41,5076.93,5066.55,5073.92,1955.928,1770734099999,9921645.10730,6328,1087.763,5517962.11973,0
1770734100000,5073.83,5074.65,5056.80,5059.96,1642.120,1770734399999,8314743.38214,5577,811.368,4108036.92200,0
1770734400000,5060.05,5062.04,5051.00,5054.60,1712.189,1770734699999,8655864.77947,6298,788.912,3988339.74234,0
1770734700000,5054.60,5055.19,5020.00,5029.85,4458.056,1770734999999,22443520.80287,12180,2363.338,11896227.51669,0
1770735000000,5029.86,5039.97,5029.16,5039.40,1513.076,1770735299999,7618276.46607,5837,797.232,4014012.37880,0
1770735300000,5039.40,5044.33,5036.91,5038.39,964.860,1770735599999,4863263.11512,3925,405.929,2046167.90149,0
1770735600000,5038.38,5038.38,5027.35,5033.46,1617.998,1770735899999,8141305.02667,6472,766.235,3855251.24325,0
1770735900000,5033.37,5040.80,5031.97,5040.74,1206.180,1770736199999,6075395.93235,4784,714.008,3596367.95756,0
1770736200000,5040.79,5042.05,5035.69,5040.75,839.901,1770736499999,4232828.76141,3475,394.459,1988055.75790,0
1770736500000,5040.74,5041.10,5034.43,5040.39,654.637,1770736799999,3297809.84114,3347,375.597,1892087.20152,0
1770736800000,5040.39,5046.88,5039.00,5044.62,1042.531,1770737099999,5258282.66847,3489,589.879,2975196.21246,0
1770737100000,5044.62,5045.69,5031.84,5031.84,856.670,1770737399999,4315932.78349,3360,330.395,1664615.68169,0
1770737400000,5031.84,5035.34,5026.57,5030.93,1434.370,1770737699999,7216893.24652,4551,814.457,4098064.84128,0
1770737700000,5030.93,5031.52,4997.86,5007.52,4273.439,1770737999999,21413613.92730,13982,2092.814,10486976.80229,0
1770738000000,5007.51,5018.46,5007.32,5013.86,1444.525,1770738299999,7242639.85215,6155,793.035,3976039.31257,0
1770738300000,5013.85,5026.43,5011.66,5024.11,1122.510,1770738599999,5634864.71586,4699,675.103,3388520.75716,0
1770738600000,5024.10,5025.74,5016.70,5025.11,933.692,1770738899999,4689197.45691,3662,391.856,1967773.36500,0
1770738900000,5025.10,5027.65,5015.35,5018.89,771.728,1770739199999,3875346.89732,3573,361.023,1812781.74089,0
1770739200000,5018.89,5020.37,5010.98,5012.24,826.073,1770739499999,4142627.82611,3513,352.577,1768355.00816,0
1770739500000,5012.24,5015.69,5006.05,5012.47,1017.361,1770739799999,5098823.84142,4236,521.452,2613530.02804,0
1770739800000,5012.48,5021.48,5012.48,5019.43,468.093,1770740099999,2348768.30208,2621,277.941,1394605.13806,0
1770740100000,5019.43,5022.88,5015.00,5016.04,683.363,1770740399999,3430370.20317,3135,335.903,1686288.59402,0
1770740400000,5016.05,5016.10,5007.56,5011.59,1117.266,1770740699999,5599161.90668,3933,453.846,2274408.39498,0
1770740700000,5011.85,5017.15,5005.45,5009.26,934.641,1770740999999,4685148.76931,3396,441.532,2213528.89496,0
1770741000000,5009.39,5019.50,5008.00,5017.27,761.462,1770741299999,3818445.08390,2889,411.765,2064743.61648,0
1770741300000,5017.05,5021.50,5016.01,5017.80,481.039,1770741599999,2413911.63526,2004,280.948,1409835.93451,0
1770741600000,5017.80,5020.00,5012.47,5019.69,550.696,1770741899999,2761662.27175,2161,276.232,1385294.43384,0
1770741900000,5019.69,5024.55,5015.38,5015.69,908.485,1770742199999,4562122.13617,2784,441.401,2216769.10438,0
1770742200000,5015.70,5021.82,5014.35,5019.16,289.651,1770742499999,1453652.45870,2068,191.298,960105.75180,0
1770742500000,5019.15,5023.23,5017.86,5022.32,238.380,1770742799999,1196918.64379,1590,148.486,745574.32695,0
1770742800000,5022.35,5026.12,5021.57,5023.64,428.308,1770743099999,2151872.41115,2170,264.596,1329397.86935,0
1770743100000,5023.59,5024.85,5019.91,5021.57,230.250,1770743399999,1156471.78092,1300,81.865,411145.53557,0
1770743400000,5021.57,5025.36,5019.75,5023.19,266.245,1770743699999,1337277.78754,1467,151.590,761448.34885,0
1770743700000,5023.19,5033.29,5023.19,5031.59,594.839,1770743999999,2991814.84293,2573,354.308,1781966.09053,0
1770744000000,5031.59,5032.65,5028.44,5032.41,328.761,1770744299999,1653924.28557,1504,176.427,887540.80136,0
1770744300000,5032.41,5037.14,5031.15,5035.25,507.194,1770744599999,2553672.25716,1978,256.210,1290039.59434,0
1770744600000,5035.27,5036.16,5032.12,5036.06,367.332,1770744899999,1849333.84254,1598,131.298,660991.59658,0
1770744900000,5035.81,5035.92,5031.63,5032.82,249.703,1770745199999,1256927.77346,1251,161.999,815480.62386,0
1770745200000,5032.83,5040.00,5031.13,5036.51,529.002,1770745499999,2663616.17157,1472,389.729,1962441.91623,0
1770745500000,5036.50,5038.50,5027.30,5027.83,454.144,1770745799999,2285224.55975,1890,123.882,623354.02745,0
1770745800000,5027.84,5030.10,5025.00,5025.41,238.013,1770746099999,1196680.02299,1379,133.183,669653.72948,0
1770746100000,5025.31,5028.42,5023.82,5025.54,193.500,1770746399999,972425.70236,1355,104.750,526415.90596,0
1770746400000,5025.54,5026.95,5020.81,5021.72,562.542,1770746699999,2826083.06141,2083,290.066,1457327.98170,0
1770746700000,5021.70,5021.91,5014.27,5020.34,547.897,1770746999999,2749626.82562,2276,257.022,1289987.06965,0
1770747000000,5020.33,5020.50,5013.29,5015.95,555.106,1770747299999,2784412.30817,1902,198.738,996785.13240,0
1770747300000,5015.95,5017.47,5010.42,5010.76,628.804,1770747599999,3152347.20564,2406,263.088,1319106.91598,0
1770747600000,5010.86,5013.14,5003.93,5006.14,733.063,1770747899999,3671757.59103,2812,322.657,1616423.97684,0
1770747900000,5006.13,5010.05,5004.19,5007.59,816.250,1770748199999,4086835.86425,3336,511.790,2562397.61421,0
1770748200000,5007.60,5014.20,5004.61,5009.06,696.352,1770748499999,3487856.87355,3238,393.871,1972654.04147,0
1770748500000,5009.05,5014.30,5009.05,5013.45,223.854,1770748799999,1122042.97029,1820,128.280,642995.46556,0
1770748800000,5013.44,5014.80,5008.86,5014.09,445.779,1770749099999,2234018.85029,1861,160.956,806732.91768,0
1770749100000,5014.09,5015.58,5008.79,5010.55,292.620,1770749399999,1466512.70840,1604,118.541,594100.72214,0
1770749400000,5010.47,5012.10,5006.10,5006.31,291.567,1770749699999,1460578.68829,1560,106.275,532404.44231,0
1770749700000,5006.16,5013.24,5005.65,5011.28,234.340,1770749999999,1174080.02663,1293,158.160,792350.92885,0
1770750000000,5011.39,5013.09,5006.91,5009.06,246.981,1770750299999,1237432.88824,1483,94.779,474861.90655,0
1770750300000,5009.06,5011.58,5009.06,5010.30,208.032,1770750599999,1042314.06152,1266,131.249,657588.15972,0
1770750600000,5010.30,5011.88,5008.80,5011.30,128.259,1770750899999,642651.77423,1034,47.295,236970.59386,0
1770750900000,5011.30,5017.80,5011.30,5016.99,303.633,1770751199999,1522641.52004,1349,193.251,969072.48329,0
1770751200000,5016.98,5018.40,5016.63,5017.75,423.250,1770751499999,2123598.48997,1004,101.256,508045.77738,0
1770751500000,5017.76,5020.17,5017.04,5019.15,171.855,1770751799999,862453.14936,965,89.054,446898.43875,0
1770751800000,5019.16,5029.52,5019.16,5024.97,945.421,1770752099999,4751457.40970,2461,454.924,2286315.61945,0
1770752100000,5024.96,5028.74,5023.41,5025.29,210.128,1770752399999,1056086.17364,1305,115.460,580278.30927,0
1770752400000,5025.28,5025.50,5022.30,5023.02,219.188,1770752699999,1101252.40679,1136,74.707,375338.51467,0
1770752700000,5023.09,5026.19,5023.01,5024.71,99.094,1770752999999,497898.49152,766,46.133,231790.18354,0
1770753000000,5024.71,5029.00,5024.26,5025.97,183.502,1770753299999,922351.14227,985,96.968,487403.54454,0
1770753300000,5025.95,5027.53,5024.55,5026.15,609.957,1770753599999,3065278.37879,962,282.130,1417735.75152,0
1770753600000,5026.15,5028.00,5020.55,5020.71,301.305,1770753899999,1513943.77343,1502,83.702,420619.73295,0
1770753900000,5020.71,5023.54,5018.55,5023.13,120.808,1770754199999,606608.10995,913,53.354,267921.46294,0
1770754200000,5023.14,5024.39,5020.81,5024.15,111.826,1770754499999,561677.35269,758,30.411,152755.31054,0
1770754500000,5024.16,5031.65,5022.11,5031.07,249.051,1770754799999,1252377.73024,1218,122.533,616067.45129,0
1770754800000,5030.87,5031.54,5025.75,5025.75,258.148,1770755099999,1298264.03028,978,44.955,226147.44076,0
1770755100000,5025.60,5027.36,5021.85,5027.17,202.441,1770755399999,1017091.40255,1041,84.051,422350.16567,0
1770755400000,5027.34,5029.53,5026.40,5028.89,145.380,1770755699999,731000.36058,968,76.401,384147.60162,0
1770755700000,5028.89,5029.90,5026.62,5027.16,171.841,1770755999999,864036.03538,1032,56.652,284847.23450,0
1770756000000,5027.16,5034.54,5027.16,5034.43,186.121,1770756299999,936372.95019,1530,113.290,569943.55759,0
1770756300000,5034.43,5044.19,5032.65,5034.81,1130.007,1770756599999,5693587.36011,3252,588.789,2966739.77368,0
1770756600000,5034.81,5037.29,5031.08,5032.37,209.689,1770756899999,1055506.94945,1984,94.407,475215.12803,0
1770756900000,5032.38,5035.57,5026.89,5028.50,553.524,1770757199999,2784685.18240,2784,276.956,1393332.03067,0
1770757200000,5028.45,5030.83,5024.85,5026.46,256.558,1770757499999,1289912.19429,1538,125.511,631036.71082,0
1770757500000,5026.46,5026.91,5024.85,5024.95,101.779,1770757799999,511506.05519,881,33.155,166621.39802,0
1770757800000,5024.91,5028.14,5023.70,5027.96,179.283,1770758099999,900988.18777,832,114.330,574582.93195,0
1770758100000,5027.97,5028.30,5026.30,5026.38,92.286,1770758399999,463922.86950,655,49.170,247175.13396,0
1770758400000,5026.36,5027.10,5023.95,5024.14,187.374,1770758699999,941667.35600,920,80.688,405509.74768,0
1770758700000,5024.11,5024.72,5022.01,5024.72,113.387,1770758999999,569537.76016,804,60.977,306280.55668,0
1770759000000,5024.73,5026.91,5023.77,5024.03,97.580,1770759299999,490367.07564,789,42.644,214309.22208,0
1770759300000,5024.03,5025.03,5023.00,5023.00,70.454,1770759599999,353988.71017,511,45.705,229642.63003,0
1770759600000,5023.01,5024.35,5021.13,5021.90,170.136,1770759899999,854511.96666,964,53.794,270172.89572,0
1770759900000,5021.90,5022.90,5018.44,5022.75,222.858,1770760199999,1118950.06333,1029,117.687,590922.78051,0
1770760200000,5022.75,5026.35,5022.74,5024.34,186.242,1770760499999,935831.40543,821,141.187,709428.20175,0
1770760500000,5024.34,5024.40,5019.95,5024.24,166.955,1770760799999,838550.65486,729,89.624,450125.32205,0
1770760800000,5024.25,5025.54,5021.70,5022.65,113.827,1770761099999,571927.78108,516,36.285,182306.00177,0
1770761100000,5022.75,5024.26,5022.16,5023.11,26.389,1770761399999,132564.27414,309,9.160,46013.28334,0
1770761400000,5023.11,5025.99,5021.40,5022.91,103.524,1770761699999,520105.91319,589,62.758,315304.52929,0
1770761700000,5022.90,5025.80,5021.60,5022.45,98.775,1770761999999,496235.08668,495,57.450,288650.55390,0
1770762000000,5022.33,5023.80,5021.55,5023.72,35.540,1770762299999,178510.26931,306,25.853,129855.14489,0
1770762300000,5023.72,5024.98,5020.80,5024.98,24.109,1770762599999,121096.28804,339,13.143,66019.27156,0
1770762600000,5024.97,5026.90,5024.97,5026.89,34.960,1770762899999,175713.66781,252,27.445,137944.80155,0
1770762900000,5026.89,5028.55,5024.89,5028.15,231.752,1770763199999,1165026.91709,850,128.038,643661.42288,0
1770763200000,5028.15,5029.79,5026.18,5029.79,66.086,1770763499999,332275.98568,632,36.867,185361.56468,0
1770763500000,5029.73,5031.26,5028.11,5028.81,197.399,1770763799999,992828.29194,1083,82.486,414912.08355,0
1770763800000,5028.81,5030.35,5026.97,5027.38,143.391,1770764099999,721063.04148,1067,78.507,394817.86889,0
1770764100000,5027.37,5028.96,5027.18,5028.67,88.077,1770764399999,442859.21966,536,60.769,305553.33505,0
1770764400000,5028.67,5034.04,5027.53,5030.54,501.931,1770764699999,2524916.43579,2348,244.767,1231283.51788,0
1770764700000,5030.55,5036.69,5029.61,5033.32,956.510,1770764999999,4812954.75013,2531,451.491,2271858.84233,0
1770765000000,5033.17,5034.29,5030.85,5031.83,188.635,1770765299999,949363.72463,976,106.039,533706.32406,0
1770765300000,5032.11,5042.17,5031.83,5042.08,551.836,1770765599999,2780252.08456,2374,223.049,1123776.18845,0
1770765600000,5041.98,5052.00,5040.47,5045.62,1322.562,1770765899999,6675052.15910,5225,568.887,2871195.74488,0
1770765900000,5045.63,5047.18,5041.85,5044.66,247.379,1770766199999,1247876.31408,1874,121.163,611189.72411,0
1770766200000,5044.67,5046.49,5039.64,5039.64,324.169,1770766499999,1634862.50256,1542,108.043,544843.82911,0
1770766500000,5039.64,5043.55,5037.71,5042.11,252.339,1770766799999,1271875.26057,1770,151.063,761403.43301,0
1770766800000,5042.11,5042.87,5040.61,5041.52,98.463,1770767099999,496422.76842,688,68.322,344463.61997,0
1770767100000,5041.53,5046.45,5040.15,5040.15,503.904,1770767399999,2541344.48638,1573,275.671,1390368.26032,0
1770767400000,5040.16,5042.10,5038.60,5040.10,93.740,1770767699999,472476.88886,833,49.490,249451.28944,0
1770767700000,5040.10,5040.64,5033.95,5040.20,477.614,1770767999999,2406243.40124,1804,122.349,616422.38303,0
1770768000000,5040.22,5042.67,5036.11,5037.54,249.814,1770768299999,1259058.71972,1382,120.889,609304.91524,0
1770768300000,5037.84,5042.40,5033.52,5037.91,674.077,1770768599999,3395434.82548,2222,275.860,1389816.34545,0
1770768600000,5038.00,5039.94,5030.40,5033.82,673.389,1770768899999,3389912.94990,2085,286.695,1443291.65605,0
1770768900000,5033.82,5038.74,5025.80,5036.70,911.659,1770769199999,4587381.57201,2930,393.494,1980043.70211,0
1770769200000,5036.82,5038.12,5031.27,5037.92,387.168,1770769499999,1949189.72321,1921,166.305,837301.66849,0
1770769500000,5037.91,5039.30,5035.79,5038.59,175.496,1770769799999,884051.13156,1281,89.863,452677.86352,0
1770769800000,5038.59,5044.86,5038.35,5044.25,327.435,1770770099999,1650813.52465,1565,153.093,771784.93271,0
1770770100000,5044.26,5047.34,5042.61,5043.30,326.202,1770770399999,1645742.69895,1811,130.990,660855.01487,0
1770770400000,5043.31,5045.69,5038.71,5040.60,388.199,1770770699999,1956992.68503,1555,134.593,678537.64599,0
1770770700000,5040.59,5041.34,5034.05,5035.05,594.171,1770770999999,2993187.85726,2473,349.618,1761161.50876,0
1770771000000,5035.03,5038.25,5033.84,5037.62,336.184,1770771299999,1692997.99953,1728,205.896,1036886.17751,0
1770771300000,5037.63,5037.90,5034.47,5036.67,469.611,1770771599999,2364877.86567,1388,254.423,1281255.91417,0
1770771600000,5036.47,5045.49,5029.42,5043.00,1068.484,1770771899999,5384339.36608,4124,501.595,2527709.57112,0
1770771900000,5043.31,5043.74,5035.70,5039.69,432.278,1770772199999,2178477.18387,2241,231.355,1165840.70032,0
1770772200000,5039.70,5044.84,5035.85,5040.29,390.988,1770772499999,1971100.18920,1648,169.659,855290.67584,0
1770772500000,5039.56,5043.53,5035.65,5036.73,308.466,1770772799999,1554367.99162,1729,120.454,606948.78695,0
1770772800000,5036.61,5038.19,5034.34,5036.49,222.590,1770773099999,1121059.00445,1402,98.528,496239.60641,0
1770773100000,5036.49,5037.25,5033.10,5035.86,218.038,1770773399999,1097828.72197,1321,86.781,436942.19322,0
1770773400000,5035.86,5038.78,5031.59,5038.25,557.764,1770773699999,2809028.11075,1817,279.797,1409119.91978,0
1770773700000,5037.90,5040.37,5037.46,5039.85,265.212,1770773999999,1336385.98318,1301,96.384,485679.47854,0
1770774000000,5039.71,5043.37,5039.18,5042.01,393.856,1770774299999,1985814.92219,1446,175.886,886800.76011,0
1770774300000,5042.00,5045.15,5037.97,5045.15,2162.631,1770774599999,10902611.95993,3724,247.702,1248882.42681,0
1770774600000,5045.15,5046.21,5038.81,5045.78,806.036,1770774899999,4065187.58289,2016,396.321,1998871.65057,0
1770774900000,5045.78,5049.00,5044.05,5048.70,471.292,1770775199999,2378376.34515,1776,150.588,759964.55608,0
1770775200000,5048.70,5052.97,5040.92,5041.63,880.615,1770775499999,4444637.74816,3319,398.070,2009099.06023,0
1770775500000,5041.61,5042.59,5035.23,5039.47,419.907,1770775799999,2115933.08992,2080,268.927,1355141.65512,0
1770775800000,5039.47,5040.85,5034.16,5035.76,649.804,1770776099999,3273130.30840,2005,465.013,2342330.29976,0
1770776100000,5035.83,5044.36,5031.60,5041.79,717.859,1770776399999,3615578.11929,2360,340.634,1715803.89258,0
1770776400000,5041.79,5044.20,5040.11,5040.32,326.599,1770776699999,1646939.00165,1108,161.136,812563.57849,0
1770776700000,5040.32,5043.07,5039.45,5040.16,152.892,1770776999999,770819.42272,858,76.523,385791.11296,0
1770777000000,5040.16,5044.46,5039.56,5043.15,309.249,1770777299999,1559357.84072,1254,126.958,640196.24832,0
1770777300000,5043.30,5046.45,5043.15,5045.60,272.614,1770777599999,1375280.99305,1207,131.757,664684.88309,0
1770777600000,5045.59,5050.80,5045.59,5050.69,415.686,1770777899999,2098654.94887,1453,179.752,907444.28716,0
1770777900000,5050.69,5054.17,5048.29,5051.63,2450.516,1770778199999,12379419.23972,4111,1852.716,9359957.24045,0
1770778200000,5051.62,5054.84,5051.55,5053.73,395.469,1770778499999,1998413.50142,1695,133.704,675629.22845,0
1770778500000,5053.73,5055.50,5050.80,5052.67,402.844,1770778799999,2035530.26107,1831,144.888,732150.52370,0
1770778800000,5052.74,5054.09,5049.86,5050.92,338.037,1770779099999,1707707.53595,1649,155.075,783380.74488,0
1770779100000,5050.93,5051.39,5047.16,5051.09,353.081,1770779399999,1782826.52623,2022,137.826,695919.57837,0
1770779400000,5051.17,5051.17,5047.52,5047.53,329.088,1770779699999,1661735.15239,1379,115.913,585290.76482,0
1770779700000,5047.52,5047.88,5043.23,5047.06,551.205,1770779999999,2781235.86965,1921,278.312,1404284.60768,0
1770780000000,5047.06,5055.48,5046.02,5053.65,701.297,1770780299999,3542653.12914,2011,296.279,1496840.27619,0
1770780300000,5053.87,5055.38,5051.29,5054.22,529.202,1770780599999,2674652.09906,1422,221.798,1121020.91460,0
1770780600000,5054.22,5057.50,5051.55,5051.93,416.071,1770780899999,2103204.42448,1731,201.185,1017077.09443,0
1770780900000,5051.87,5054.27,5051.73,5053.25,167.534,1770781199999,846616.70426,903,81.738,413040.08779,0
1770781200000,5053.25,5057.35,5053.25,5056.94,387.412,1770781499999,1958715.61222,1411,222.348,1124158.22913,0
1770781500000,5056.95,5060.10,5055.90,5056.75,1002.175,1770781799999,5069695.37016,2207,645.831,3267077.57750,0
1770781800000,5056.75,5056.88,5053.09,5054.20,205.412,1770782099999,1038335.95790,921,84.056,424904.96455,0
1770782100000,5054.21,5054.55,5052.29,5053.39,145.430,1770782399999,734890.14519,655,89.312,451313.52150,0
1770782400000,5053.39,5057.40,5053.10,5054.98,265.490,1770782699999,1342054.36645,1073,151.193,764249.97300,0
1770782700000,5054.94,5055.74,5051.50,5053.15,413.223,1770782999999,2088176.06340,1403,219.845,1110923.44658,0
1770783000000,5053.23,5056.67,5051.45,5056.16,342.523,1770783299999,1730915.66087,1204,186.694,943488.17671,0
1770783300000,5056.15,5058.28,5055.83,5057.91,731.926,1770783599999,3701808.17702,1116,440.910,2229913.38531,0
1770783600000,5057.84,5058.27,5055.47,5055.90,242.204,1770783899999,1224810.94046,1137,144.157,729020.98852,0
1770783900000,5055.89,5057.47,5054.75,5056.94,311.827,1770784199999,1576774.08549,1428,170.839,863863.33560,0
1770784200000,5056.95,5058.00,5055.13,5055.15,417.931,1770784499999,2113452.95468,1094,183.343,927174.69059,0
1770784500000,5055.16,5057.85,5054.08,5054.08,244.692,1770784799999,1237089.43656,1058,110.269,557507.95626,0
1770784800000,5054.08,5054.20,5049.66,5049.94,641.776,1770785099999,3241781.09187,1728,156.080,788472.64385,0
1770785100000,5049.94,5053.95,5048.11,5048.22,332.682,1770785399999,1680358.50269,1308,133.867,676181.89774,0
1770785400000,5048.22,5049.48,5044.98,5047.51,667.014,1770785699999,3366122.48635,1789,372.155,1878028.51681,0
1770785700000,5047.51,5048.58,5045.30,5045.32,361.502,1770785999999,1824714.66603,911,194.976,984155.52720,0
1770786000000,5045.41,5046.66,5043.56,5045.84,411.320,1770786299999,2075281.90711,1440,189.407,955610.76024,0
1770786300000,5045.99,5047.61,5043.01,5046.49,500.666,1770786599999,2526066.21435,1110,390.547,1970515.27872,0
1770786600000,5046.49,5049.90,5046.32,5047.82,298.411,1770786899999,1506324.18323,1051,200.834,1013776.47538,0
1770786900000,5047.82,5049.92,5045.56,5049.88,300.043,1770787199999,1514453.39500,1007,192.528,971750.61529,0
1770787200000,5049.88,5050.75,5047.65,5047.95,220.320,1770787499999,1112560.35526,815,139.585,704887.43973,0
1770787500000,5047.96,5052.32,5047.96,5052.25,179.532,1770787799999,906810.34736,844,103.453,522521.35768,0
1770787800000,5052.25,5055.88,5051.95,5055.51,365.797,1770788099999,1848724.88723,1506,172.107,869813.00743,0
1770788100000,5055.52,5061.45,5055.51,5060.04,923.225,1770788399999,4670692.25519,2424,516.311,2612017.16962,0
1770788400000,5060.04,5061.57,5058.90,5060.26,287.249,1770788699999,1453649.47956,1218,119.711,605804.55727,0
1770788700000,5060.26,5060.84,5052.59,5052.59,472.865,1770788999999,2391486.81983,1580,184.628,933795.09918,0
1770789000000,5052.58,5052.59,5046.70,5046.82,754.415,1770789299999,3808886.72598,2282,381.689,1926954.54436,0
1770789300000,5046.82,5052.34,5045.80,5051.90,555.828,1770789599999,2806536.20340,1794,430.442,2173543.05169,0
1770789600000,5052.04,5053.37,5049.91,5050.08,475.134,1770789899999,2400189.78293,1482,235.515,1189705.30416,0
1770789900000,5050.09,5055.45,5048.33,5053.80,273.988,1770790199999,1384053.59169,1328,132.461,669135.62999,0
1770790200000,5053.80,5054.00,5050.96,5052.35,214.556,1770790499999,1084125.29333,1210,74.782,377850.29314,0
1770790500000,5052.30,5059.65,5051.68,5059.05,578.331,1770790799999,2924545.40809,2004,337.582,1707093.27719,0
1770790800000,5058.83,5059.25,5053.87,5054.71,458.015,1770791099999,2315842.02894,1511,148.129,749009.13653,0
1770791100000,5054.78,5056.34,5053.47,5055.81,148.897,1770791399999,752681.81585,958,93.607,473190.70294,0
1770791400000,5055.80,5057.69,5052.14,5055.38,442.833,1770791699999,2238553.14387,1368,230.674,1166040.75740,0
1770791700000,5055.39,5057.84,5052.09,5052.19,360.145,1770791999999,1820750.21540,1350,141.921,717515.26007,0
1770792000000,5052.09,5058.44,5051.60,5053.72,874.686,1770792299999,4422768.36182,1737,318.244,1609128.38433,0
1770792300000,5053.65,5059.70,5051.36,5057.51,529.320,1770792599999,2675751.00679,1646,354.297,1790921.41815,0
1770792600000,5057.45,5060.94,5056.37,5058.49,417.021,1770792899999,2109650.14772,1883,207.267,1048516.71641,0
1770792900000,5058.50,5062.80,5057.27,5062.12,577.983,1770793199999,2924498.27592,2051,363.473,1839222.82352,0
1770793200000,5062.12,5063.99,5058.13,5062.20,623.486,1770793499999,3155592.04514,2361,322.667,1633109.98663,0
1770793500000,5062.22,5065.00,5059.58,5062.55,498.709,1770793799999,2524661.99746,1997,231.869,1173827.51026,0
1770793800000,5062.55,5067.80,5056.80,5058.45,1255.944,1770794099999,6358826.64855,3704,658.040,3331304.47335,0
1770794100000,5058.44,5064.90,5057.66,5058.33,515.128,1770794399999,2607026.60953,2107,272.195,1377571.50457,0
1770794400000,5058.33,5062.10,5053.96,5055.53,708.253,1770794699999,3581617.80138,2358,414.748,2097309.34784,0
1770794700000,5055.59,5059.00,5052.27,5058.70,520.615,1770794999999,2631395.79361,2279,325.232,1643777.06310,0
1770795000000,5058.51,5060.00,5055.51,5057.10,382.394,1770795299999,1934321.67116,1862,156.271,790468.60092,0
1770795300000,5057.10,5059.49,5054.50,5055.80,219.513,1770795599999,1110146.80728,1318,137.415,694924.72482,0
1770795600000,5055.95,5057.03,5052.70,5054.10,513.481,1770795899999,2595825.27487,1724,314.842,1591647.42598,0
1770795900000,5054.11,5054.39,5048.63,5051.69,566.492,1770796199999,2861653.43033,1984,299.438,1512647.88667,0
1770796200000,5051.70,5055.30,5051.70,5054.32,182.178,1770796499999,920615.34921,1033,133.753,675890.28509,0
1770796500000,5054.31,5055.50,5053.57,5054.55,145.364,1770796799999,734747.26669,851,91.868,464340.27792,0
1770796800000,5054.54,5059.46,5054.10,5058.25,320.332,1770797099999,1620165.74208,1677,140.505,710629.88272,0
1770797100000,5058.25,5058.25,5051.55,5052.89,364.787,1770797399999,1843604.89037,1439,137.925,696989.98123,0
1770797400000,5052.79,5055.90,5051.41,5051.55,344.545,1770797699999,1741144.54603,1102,198.276,1001982.67471,0
1770797700000,5051.41,5051.91,5050.00,5051.09,251.132,1770797999999,1268415.48132,1245,123.843,625504.50057,0
1770798000000,5051.10,5054.88,5050.69,5053.59,158.487,1770798299999,800778.35504,1044,94.801,479007.77515,0
1770798300000,5053.60,5054.55,5049.76,5051.16,233.383,1770798599999,1179046.61536,1170,117.218,592180.08452,0
1770798600000,5051.17,5051.17,5045.91,5047.64,719.934,1770798899999,3633742.31688,2083,350.772,1770497.74646,0
1770798900000,5047.40,5051.80,5045.74,5049.92,306.808,1770799199999,1548940.58014,1562,178.265,899983.22082,0
1770799200000,5049.93,5052.29,5049.60,5051.50,138.785,1770799499999,700996.80389,945,61.415,310197.58316,0
1770799500000,5051.41,5053.43,5051.20,5052.75,261.910,1770799799999,1323259.47120,959,93.023,469985.53873,0
1770799800000,5052.75,5053.76,5049.60,5051.89,205.208,1770800099999,1036583.59267,992,102.828,519424.22701,0
1770800100000,5051.89,5052.67,5050.32,5052.09,187.710,1770800399999,948280.68939,981,104.786,529372.62342,0
1770800400000,5052.09,5053.80,5051.25,5051.53,215.311,1770800699999,1087919.53789,1075,71.560,361552.24255,0
1770800700000,5051.49,5051.85,5046.03,5050.52,264.690,1770800999999,1336260.62640,1344,140.875,711178.54731,0
1770801000000,5050.51,5053.33,5049.70,5050.40,176.081,1770801299999,889435.29495,888,86.070,434760.70484,0
1770801300000,5050.41,5053.81,5049.11,5053.63,180.434,1770801599999,911435.69292,904,110.566,558493.49720,0
1770801600000,5053.32,5053.32,5050.87,5051.55,130.808,1770801899999,660835.06242,747,61.716,311781.17300,0
1770801900000,5051.55,5053.79,5051.34,5053.52,192.854,1770802199999,974390.79785,917,100.097,505738.81832,0
1770802200000,5053.38,5059.61,5052.79,5057.32,438.726,1770802499999,2218418.13790,1841,273.045,1380583.58817,0
1770802500000,5057.31,5060.69,5056.91,5057.37,436.662,1770802799999,2208918.97449,1878,158.926,803962.62357,0
1770802800000,5057.37,5064.50,5055.56,5062.80,596.798,1770803099999,3019633.46657,2136,366.691,1855321.43743,0
1770803100000,5062.80,5071.13,5062.33,5063.99,1772.321,1770803399999,8981816.89450,4019,710.212,3599482.11847,0
1770803400000,5063.98,5063.99,5058.67,5060.34,689.738,1770803699999,3490996.83474,1957,319.858,1619042.47816,0
1770803700000,5060.34,5062.07,5058.68,5060.80,314.278,1770803999999,1590387.58457,1214,208.319,1054139.15602,0
1770804000000,5060.86,5064.58,5060.85,5063.57,471.679,1770804299999,2388236.78211,1494,298.010,1508922.15586,0
1770804300000,5063.52,5066.45,5063.31,5065.55,289.953,1770804599999,1468566.45617,1203,163.192,826558.36704,0
1770804600000,5065.54,5069.36,5064.84,5068.38,432.798,1770804899999,2192850.00643,1507,292.253,1480721.54401,0
1770804900000,5068.38,5072.86,5067.72,5070.57,1051.772,1770805199999,5333269.45860,3078,549.166,2784790.74679,0
1770805200000,5070.57,5075.65,5070.42,5074.38,945.929,1770805499999,4798772.46860,2736,539.682,2737821.40538,0
1770805500000,5074.13,5074.71,5067.75,5070.36,561.656,1770805799999,2847910.82972,1896,324.878,1647257.72964,0
1770805800000,5070.43,5072.20,5068.00,5068.19,823.157,1770806099999,4172984.67899,2044,416.553,2111708.34020,0
1770806100000,5068.43,5073.63,5068.00,5071.87,330.325,1770806399999,1674933.43459,1398,187.251,949435.85494,0
1770806400000,5071.86,5104.90,5071.48,5101.30,8037.730,1770806699999,40916466.81359,15172,5502.773,28014387.36155,0
1770806700000,5101.25,5102.63,5093.20,5099.26,2835.531,1770806999999,14453333.60511,7136,1280.718,6528423.25340,0
1770807000000,5099.26,5099.99,5092.38,5094.43,1184.059,1770807299999,6034269.13014,4241,582.483,2968752.33656,0
1770807300000,5094.43,5097.70,5092.31,5094.35,1457.157,1770807599999,7425423.92099,3160,573.378,2921694.23339,0
1770807600000,5094.41,5096.82,5081.98,5086.89,2131.541,1770807899999,10845983.22209,4288,816.748,4155979.69955,0
1770807900000,5086.89,5095.00,5084.39,5093.79,732.651,1770808199999,3729520.09965,2525,510.976,2600956.54965,0
1770808200000,5093.78,5095.11,5088.13,5089.21,832.425,1770808499999,4237936.03581,2104,344.351,1753262.94066,0
1770808500000,5089.50,5097.99,5089.20,5096.79,651.263,1770808799999,3317905.99578,2449,458.346,2334971.90892,0
1770808800000,5096.74,5104.87,5095.86,5099.22,1697.845,1770809099999,8659983.40333,3766,1128.736,5757585.86241,0
1770809100000,5099.23,5109.37,5098.25,5109.00,1338.089,1770809399999,6830562.14663,3894,991.169,5059630.17399,0
1770809400000,5108.48,5109.20,5102.82,5104.91,1072.173,1770809699999,5474183.15276,3224,590.038,3012603.56562,0
1770809700000,5104.80,5109.99,5103.77,5103.78,798.806,1770809999999,4079041.21510,2567,561.082,2865145.00952,0
1770810000000,5103.78,5112.24,5103.39,5110.50,1243.925,1770810299999,6353885.78283,3257,885.692,4523876.76217,0
1770810300000,5110.51,5119.13,5110.50,5117.04,2424.612,1770810599999,12402104.05045,5921,1440.251,7366975.51553,0
1770810600000,5117.04,5119.40,5114.97,5116.84,1778.161,1770810899999,9097649.98785,3897,659.743,3375727.89139,0
1770810900000,5116.74,5117.83,5112.97,5115.73,1527.277,1770811199999,7812374.79165,3225,672.526,3440168.68102,0
1770811200000,5116.08,5122.69,5107.85,5108.31,1783.802,1770811499999,9124575.84722,4628,821.571,4203266.31439,0
1770811500000,5108.47,5109.84,5102.07,5102.50,1629.744,1770811799999,8321239.28575,3883,637.873,3257083.74496,0
1770811800000,5102.50,5109.22,5102.50,5109.04,888.991,1770812099999,4539378.52855,2579,570.563,2913287.60285,0
1770812100000,5109.04,5110.20,5094.69,5095.89,1360.500,1770812399999,6938663.04354,4276,462.691,2359666.31182,0
1770812400000,5095.98,5101.10,5090.12,5098.88,1061.450,1770812699999,5410326.32672,4048,622.491,3173233.71261,0
1770812700000,5098.85,5102.46,5095.50,5098.32,987.894,1770812999999,5037322.22970,2885,434.461,2215203.62229,0
1770813000000,5098.50,5101.74,5086.67,5088.35,1306.147,1770813299999,6651089.46492,4066,391.183,1992405.89693,0
1770813300000,5088.36,5088.91,5080.00,5085.74,2279.854,1770813599999,11590995.63051,5535,774.788,3939821.69622,0
1770813600000,5085.73,5085.73,5053.31,5070.69,6841.521,1770813899999,34647146.82678,18605,3207.349,16240151.00108,0
1770813900000,5070.60,5077.14,5067.36,5072.02,1312.564,1770814199999,6657131.28810,6353,690.645,3503059.14613,0
1770814200000,5072.01,5081.41,5071.86,5079.94,1040.739,1770814499999,5285530.98096,4119,477.687,2425909.10916,0
1770814500000,5079.94,5086.62,5076.27,5086.32,762.788,1770814799999,3875729.03289,3247,395.323,2009027.29005,0
1770814800000,5085.92,5089.72,5080.44,5083.56,1242.119,1770815099999,6316459.43138,4782,480.774,2444830.07357,0
1770815100000,5083.55,5087.28,5082.46,5084.49,605.887,1770815399999,3080796.89512,2679,245.143,1246538.64158,0
1770815400000,5084.50,5084.78,5075.05,5084.13,906.552,1770815699999,4605808.95183,3554,363.454,1846694.16175,0
1770815700000,5084.13,5084.13,5066.48,5075.20,993.935,1770815999999,5042609.34593,4571,554.578,2813113.84182,0
1770816000000,5075.19,5086.61,5075.19,5085.92,863.739,1770816299999,4389823.24406,3882,515.149,2618049.00610,0
1770816300000,5086.00,5092.25,5081.50,5085.73,1176.740,1770816599999,5986768.31394,4685,548.431,2790487.53657,0
1770816600000,5085.74,5086.73,5022.00,5050.48,11638.047,1770816899999,58722058.58645,35778,4911.783,24780913.02089,0
1770816900000,5050.51,5067.71,5041.85,5064.88,3414.170,1770817199999,17249868.33240,11435,1834.904,9272016.43567,0
1770817200000,5064.88,5066.36,5054.07,5060.62,2082.356,1770817499999,10539332.87254,7925,810.410,4102059.46105,0
1770817500000,5060.62,5071.44,5055.90,5070.25,1740.900,1770817799999,8816624.72193,6377,970.389,4915102.32406,0
1770817800000,5070.25,5070.53,5060.25,5067.53,1287.746,1770818099999,6523900.60943,4939,640.519,3244928.24172,0
1770818100000,5067.54,5074.00,5066.17,5067.15,938.765,1770818399999,4758968.33361,4566,482.916,2448144.87126,0
1770818400000,5067.00,5075.10,5063.40,5074.34,1262.844,1770818699999,6401246.56976,4115,647.764,3283890.73246,0
1770818700000,5074.67,5078.39,5073.28,5076.16,1264.561,1770818999999,6418776.03542,4001,533.880,2709997.73456,0
1770819000000,5076.10,5078.53,5073.36,5075.51,961.402,1770819299999,4879763.13557,3262,336.115,1706302.25149,0
1770819300000,5075.64,5083.82,5073.29,5080.12,1231.467,1770819599999,6255441.59982,3900,780.929,3967269.39244,0
1770819600000,5080.11,5082.09,5067.27,5071.22,926.039,1770819899999,4699502.57306,3383,309.247,1569453.69452,0
1770819900000,5071.21,5073.94,5069.00,5071.50,562.740,1770820199999,2853605.35709,2803,256.726,1301854.75873,0
1770820200000,5071.59,5076.48,5061.79,5069.49,1636.002,1770820499999,8290603.76951,6478,763.911,3871559.99474,0
1770820500000,5069.50,5071.68,5046.38,5048.46,2192.458,1770820799999,11085717.53884,6345,969.333,4900833.08292,0
1770820800000,5048.69,5051.88,5039.01,5045.58,1962.458,1770821099999,9899284.97116,7106,1208.898,6098459.10027,0
1770821100000,5045.16,5053.13,5043.79,5048.92,1121.800,1770821399999,5664731.58340,4920,641.281,3238360.71562,0
1770821400000,5048.91,5059.75,5047.00,5059.52,935.914,1770821699999,4730063.27551,3775,516.164,2608499.95852,0
1770821700000,5059.51,5065.92,5057.46,5060.88,883.630,1770821999999,4473175.55008,3876,411.979,2085685.04117,0
1770822000000,5060.70,5067.00,5054.53,5065.54,1059.689,1770822299999,5361260.54939,4060,472.118,2388859.73804,0
1770822300000,5065.68,5081.74,5065.63,5080.50,1719.721,1770822599999,8729384.12924,4921,728.615,3697708.60504,0
1770822600000,5080.33,5081.69,5066.47,5068.01,2083.902,1770822899999,10573153.20524,5223,728.433,3696048.06206,0
1770822900000,5068.08,5074.73,5063.29,5065.72,899.860,1770823199999,4560844.41026,3847,476.706,2416214.51277,0
1770823200000,5065.73,5070.99,5048.66,5051.09,1380.920,1770823499999,6988366.69405,5472,565.210,2860513.49544,0
1770823500000,5051.04,5055.30,5045.41,5050.61,2551.856,1770823799999,12892337.32863,5759,1667.475,8424948.46305,0
1770823800000,5050.60,5055.11,5045.52,5055.11,1181.139,1770824099999,5964576.99785,4243,659.756,3331960.82723,0
1770824100000,5054.83,5058.67,5041.26,5047.03,1480.690,1770824399999,7474151.84605,4902,728.722,3678687.40188,0
1770824400000,5046.91,5053.14,5045.16,5049.80,635.960,1770824699999,3211563.83803,3200,272.061,1373876.46530,0
1770824700000,5049.81,5057.92,5046.51,5049.35,599.936,1770824999999,3031635.76727,3285,290.228,1466710.61536,0
1770825000000,5049.15,5061.66,5046.85,5061.07,1041.874,1770825299999,5266901.82556,3956,463.336,2342516.16843,0
1770825300000,5060.88,5063.29,5059.26,5061.05,764.434,1770825599999,3868971.59743,2590,221.605,1121654.57937,0
1770825600000,5060.64,5064.84,5055.25,5057.73,611.095,1770825899999,3091884.97246,3041,282.980,1431955.90318,0
1770825900000,5058.00,5060.19,5053.27,5054.32,497.203,1770826199999,2513713.82215,2532,142.310,719605.80640,0
1770826200000,5054.23,5064.66,5054.05,5056.81,446.156,1770826499999,2257558.25102,2626,270.754,1370011.09130,0
1770826500000,5056.60,5058.89,5043.21,5056.01,1203.456,1770826799999,6077773.60899,3880,583.337,2945995.10426,0
1770826800000,5056.01,5060.16,5052.14,5058.40,377.868,1770827099999,1910619.79174,2178,128.100,647678.78528,0
1770827100000,5058.39,5062.16,5056.97,5061.17,434.299,1770827399999,2197489.06104,1904,185.097,936545.91078,0
1770827400000,5061.17,5075.51,5057.28,5074.78,1896.865,1770827699999,9614398.55038,4513,858.930,4353493.68151,0
1770827700000,5074.78,5076.53,5070.10,5074.56,792.938,1770827999999,4022928.36635,2560,214.916,1090447.28477,0
1770828000000,5074.55,5077.69,5073.46,5073.60,435.386,1770828299999,2209865.26673,2150,153.291,778091.03081,0
1770828300000,5073.61,5076.56,5071.14,5072.57,506.285,1770828599999,2568676.45339,2028,182.342,925206.56386,0
1770828600000,5072.58,5076.79,5071.46,5074.06,325.122,1770828899999,1649762.94173,1560,151.103,766728.90187,0
1770828900000,5074.06,5075.90,5071.96,5075.57,245.953,1770829199999,1247832.78768,1314,100.233,508531.74968,0
1770829200000,5075.56,5077.19,5068.81,5073.66,392.067,1770829499999,1989243.05053,2041,157.404,798712.03577,0
1770829500000,5073.67,5083.74,5073.66,5081.74,847.133,1770829799999,4303582.12063,2790,534.208,2713979.75414,0
1770829800000,5081.74,5087.65,5081.70,5086.26,1032.346,1770830099999,5249935.40446,2952,753.564,3832178.56361,0
1770830100000,5086.26,5092.96,5082.56,5085.18,1098.689,1770830399999,5589935.77410,3572,624.803,3179202.88201,0
1770830400000,5085.19,5088.88,5082.13,5088.48,796.955,1770830699999,4053008.71616,2070,435.741,2215817.24131,0
1770830700000,5088.49,5090.76,5087.20,5088.84,380.581,1770830999999,1936880.86713,1766,146.649,746333.30369,0
1770831000000,5088.84,5089.59,5083.23,5083.86,272.307,1770831299999,1384834.08570,1935,102.332,520386.26824,0
1770831300000,5083.78,5086.71,5082.66,5084.50,239.781,1770831599999,1219189.27048,1525,150.545,765478.58108,0
1770831600000,5084.51,5099.93,5083.60,5096.65,1046.798,1770831899999,5331912.21148,3285,648.634,3303801.29037,0
1770831900000,5096.64,5097.55,5088.61,5090.00,548.526,1770832199999,2793871.95819,2387,184.814,941313.24179,0
1770832200000,5089.99,5093.63,5089.99,5092.81,234.664,1770832499999,1194817.70801,1432,127.647,649942.35640,0
1770832500000,5092.91,5094.43,5090.38,5091.83,358.942,1770832799999,1827692.05257,1524,119.870,610413.94861,0
1770832800000,5091.83,5093.38,5086.09,5089.87,432.997,1770833099999,2204072.27297,1956,184.233,937858.43524,0
1770833100000,5089.87,5089.87,5081.55,5081.55,506.410,1770833399999,2575069.27482,2102,178.630,908361.44825,0
1770833400000,5081.56,5081.56,5068.26,5074.72,1491.248,1770833699999,7568503.78111,4039,643.030,3262884.09520,0
1770833700000,5074.59,5080.50,5071.57,5078.88,440.424,1770833999999,2235728.32960,2192,296.042,1502865.11733,0
1770834000000,5078.88,5079.06,5071.52,5071.52,384.991,1770834299999,1953675.97403,1635,141.510,718253.90165,0
1770834300000,5071.50,5077.19,5069.94,5074.55,728.067,1770834599999,3693458.64413,2277,397.403,2016203.74988,0
1770834600000,5074.73,5079.33,5072.47,5076.20,842.037,1770834899999,4274397.28931,2492,449.602,2282338.17669,0
1770834900000,5076.09,5086.13,5075.28,5082.17,594.327,1770835199999,3020745.02603,2123,330.926,1682166.79393,0
1770835200000,5082.16,5086.28,5081.65,5083.68,276.999,1770835499999,1408249.19070,1328,148.704,755952.75705,0
1770835500000,5083.69,5085.12,5081.60,5084.65,144.609,1770835799999,735106.63795,1029,81.378,413688.22936,0
1770835800000,5084.65,5087.40,5081.01,5083.30,571.734,1770836099999,2906756.22932,1931,228.080,1159681.12026,0
1770836100000,5083.30,5084.99,5080.11,5082.50,193.285,1770836399999,982375.39439,1145,91.407,464613.15967,0
1770836400000,5082.50,5089.54,5082.42,5087.53,447.615,1770836699999,2277056.79851,1436,310.893,1581533.48061,0
1770836700000,5087.53,5087.76,5083.00,5086.58,429.677,1770836999999,2185065.27039,1414,194.609,989742.44720,0
1770837000000,5086.69,5091.90,5086.69,5089.03,471.885,1770837299999,2401692.72563,1833,221.137,1125433.77247,0
1770837300000,5089.35,5090.30,5087.52,5088.74,222.166,1770837599999,1130564.22648,1116,60.090,305786.80866,0
1770837600000,5088.75,5095.96,5088.75,5094.11,713.485,1770837899999,3634020.50171,2328,509.579,2595575.10297,0
1770837900000,5093.70,5095.31,5090.95,5091.89,234.240,1770838199999,1193002.67625,1108,96.077,489369.90169,0
1770838200000,5091.88,5092.20,5087.52,5088.64,351.460,1770838499999,1788669.61558,1460,151.263,769851.68117,0
1770838500000,5088.65,5088.65,5082.66,5083.01,208.663,1770838799999,1061342.77027,1129,82.374,419009.52562,0
1770838800000,5083.16,5088.41,5082.99,5086.96,215.789,1770839099999,1097559.19192,1045,157.238,799790.86703,0
1770839100000,5086.95,5089.19,5082.03,5086.08,542.635,1770839399999,2759397.31380,1420,328.282,1669416.10134,0
1770839400000,5086.07,5086.66,5082.31,5083.75,206.332,1770839699999,1049166.99605,1075,115.500,587321.23310,0
1770839700000,5083.74,5084.63,5078.18,5082.33,495.875,1770839999999,2519690.65996,1762,210.140,1067790.08244,0
1770840000000,5082.48,5086.06,5080.06,5080.87,357.982,1770840299999,1819925.07734,1512,218.491,1110861.75018,0
1770840300000,5080.87,5087.88,5079.78,5087.69,206.891,1770840599999,1052074.63311,1095,160.527,816396.29458,0
1770840600000,5087.55,5088.95,5085.91,5088.95,307.560,1770840899999,1564662.60081,1172,180.079,916130.47049,0
1770840900000,5088.94,5089.79,5086.98,5088.06,309.582,1770841199999,1575216.48127,1010,151.546,771138.09175,0
1770841200000,5088.06,5088.77,5083.56,5084.28,125.822,1770841499999,639946.22551,937,40.469,205839.38542,0
1770841500000,5084.28,5086.87,5083.69,5084.90,81.140,1770841799999,412599.42786,782,36.185,184011.24223,0
1770841800000,5084.84,5085.72,5079.23,5081.16,140.842,1770842099999,715730.61566,1013,62.763,318929.35783,0
1770842100000,5081.16,5085.55,5081.16,5085.55,154.068,1770842399999,783111.92779,661,126.042,640640.76459,0
1770842400000,5085.64,5087.60,5084.32,5086.76,140.793,1770842699999,716172.54275,822,89.606,455811.00981,0
1770842700000,5086.76,5089.14,5085.03,5088.24,128.841,1770842999999,655448.93567,867,71.356,363008.68270,0
1770843000000,5088.19,5089.54,5085.56,5089.16,135.053,1770843299999,687176.14179,867,101.755,517757.13119,0
1770843300000,5089.16,5089.99,5085.73,5086.08,235.330,1770843599999,1197283.96665,933,134.276,683148.38479,0
1770843600000,5086.08,5087.70,5085.00,5086.51,130.621,1770843899999,664384.41695,758,68.935,350624.03989,0
1770843900000,5086.52,5088.90,5086.37,5086.50,120.202,1770844199999,611569.89189,458,90.964,462820.86763,0
1770844200000,5086.45,5089.13,5085.77,5088.51,65.161,1770844499999,331498.73026,439,42.003,213696.03221,0
1770844500000,5088.60,5093.57,5088.51,5092.67,222.549,1770844799999,1133069.36830,712,185.207,942961.65181,0
1770844800000,5092.66,5093.60,5091.12,5092.10,234.506,1770845099999,1194169.93924,1020,134.077,682768.60220,0
1770845100000,5092.10,5092.50,5079.50,5083.04,842.394,1770845399999,4283619.65038,2427,244.926,1245454.66361,0
1770845400000,5083.03,5085.27,5070.98,5076.38,808.982,1770845699999,4106096.36880,2801,481.653,2444229.56159,0
1770845700000,5076.38,5080.88,5075.78,5078.88,254.873,1770845999999,1294287.64777,1282,173.904,883109.62420,0
1770846000000,5078.71,5080.50,5077.32,5080.50,155.659,1770846299999,790531.02965,701,47.753,242542.17727,0
1770846300000,5080.58,5081.05,5077.34,5078.41,286.309,1770846599999,1454118.71087,1224,94.993,482423.88712,0
1770846600000,5078.40,5083.51,5077.58,5081.39,196.918,1770846899999,1000370.81547,871,148.123,752412.28090,0
1770846900000,5081.39,5083.70,5079.60,5082.13,113.117,1770847199999,574813.05666,819,54.605,277508.14579,0
1770847200000,5082.12,5082.12,5077.00,5077.15,157.446,1770847499999,799760.39048,698,78.940,400931.82034,0
1770847500000,5077.15,5079.57,5077.09,5077.66,99.026,1770847799999,502844.21867,435,72.506,368175.51795,0
1770847800000,5077.66,5081.27,5075.28,5081.01,136.756,1770848099999,694478.83899,1167,101.980,517893.23519,0
1770848100000,5081.01,5081.56,5078.17,5080.07,72.710,1770848399999,369323.09291,524,55.287,280821.78843,0
1770848400000,5080.06,5081.93,5078.61,5080.32,32.311,1770848699999,164139.31354,332,19.367,98382.82744,0
1770848700000,5080.32,5085.75,5080.15,5085.75,80.813,1770848999999,410815.06512,580,59.762,303798.68249,0
1770849000000,5085.74,5085.96,5083.02,5085.00,83.942,1770849299999,426818.45055,747,32.896,167275.46631,0
1770849300000,5085.00,5085.00,5083.29,5084.40,75.491,1770849599999,383820.48439,655,32.451,164996.03738,0
1770849600000,5084.40,5085.99,5084.31,5085.79,52.981,1770849899999,269418.09078,579,28.024,142504.17659,0
1770849900000,5085.79,5087.99,5085.70,5087.77,26.896,1770850199999,136804.22828,444,19.673,100064.99728,0
1770850200000,5087.77,5087.99,5082.59,5083.18,113.286,1770850499999,576031.93625,693,24.041,122246.14523,0
1770850500000,5083.17,5083.17,5081.22,5081.91,70.143,1770850799999,356480.12735,529,44.935,228371.39685,0
1770850800000,5081.91,5097.83,5081.13,5091.83,1109.455,1770851099999,5649761.51791,4588,502.264,2557711.09835,0
1770851100000,5091.83,5093.52,5075.66,5081.75,1895.037,1770851399999,9633068.88059,4826,1020.997,5188185.00312,0
1770851400000,5081.76,5082.39,5056.17,5063.75,3115.379,1770851699999,15780239.05060,8481,1661.125,8412581.70098,0
1770851700000,5063.75,5068.35,5058.00,5065.75,1122.208,1770851999999,5682732.81219,4204,676.518,3425722.23886,0
1770852000000,5065.80,5071.49,5062.50,5068.01,682.669,1770852299999,3458901.97953,3028,367.751,1863315.54503,0
1770852300000,5067.89,5069.87,5066.11,5068.45,329.512,1770852599999,1669996.03775,1444,179.800,911189.98974,0
1770852600000,5068.44,5068.98,5059.82,5062.35,568.636,1770852899999,2879617.97054,2289,291.953,1478367.77884,0
1770852900000,5062.35,5065.15,5060.78,5063.94,307.245,1770853199999,1555440.77249,1442,188.533,954464.53574,0
1770853200000,5063.95,5065.74,5062.33,5062.33,165.760,1770853499999,839381.48904,1179,76.567,387721.87041,0
1770853500000,5062.33,5067.04,5062.33,5066.58,223.416,1770853799999,1131462.27215,1394,124.976,632964.69524,0
1770853800000,5066.58,5069.97,5063.06,5065.45,863.859,1770854099999,4376030.19200,2377,402.281,2037834.15977,0
1770854100000,5065.46,5066.26,5058.73,5059.48,565.660,1770854399999,2863502.35154,2078,238.003,1204779.04034,0
1770854400000,5059.48,5065.54,5054.06,5060.70,1405.886,1770854699999,7115155.24828,4719,712.549,3606197.73102,0
1770854700000,5060.83,5061.04,5052.94,5056.34,928.196,1770854999999,4693208.82627,3017,438.075,2215019.25266,0
1770855000000,5056.23,5058.55,5049.17,5056.24,1057.452,1770855299999,5343106.32232,2942,546.708,2762292.37594,0
1770855300000,5056.24,5065.49,5053.54,5055.70,691.368,1770855599999,3498238.18573,2746,342.720,1734224.70911,0
1770855600000,5055.67,5060.61,5053.10,5057.90,486.938,1770855899999,2462300.76583,2450,291.763,1475409.30802,0
1770855900000,5057.90,5060.32,5055.79,5059.54,336.103,1770856199999,1700123.25924,1676,173.469,877449.47671,0
1770856200000,5059.39,5063.93,5057.91,5062.77,359.777,1770856499999,1820780.31360,1815,166.900,844687.98023,0
1770856500000,5062.65,5063.77,5056.57,5059.54,315.782,1770856799999,1597954.21599,1671,172.352,872136.90411,0
1770856800000,5059.44,5059.44,5054.23,5058.29,300.995,1770857099999,1522040.84913,1428,119.561,604562.37586,0
1770857100000,5058.29,5061.87,5058.29,5061.87,195.069,1770857399999,987027.73976,1203,123.145,623083.43371,0
1770857400000,5061.87,5063.54,5057.97,5061.45,299.537,1770857699999,1515846.07355,1728,107.182,542438.91194,0
1770857700000,5061.43,5064.69,5058.66,5061.73,260.880,1770857999999,1320471.56171,1193,150.987,764272.99974,0
1770858000000,5061.73,5061.73,5046.92,5050.67,996.246,1770858299999,5035601.88858,4387,487.804,2465707.48301,0
1770858300000,5050.67,5055.58,5048.25,5053.17,748.537,1770858599999,3781149.90907,2955,413.837,2090514.37337,0
1770858600000,5053.17,5054.58,5044.28,5048.96,821.984,1770858899999,4149865.85883,3261,376.761,1902138.42627,0
1770858900000,5048.82,5057.70,5045.61,5056.92,875.777,1770859199999,4425840.30971,2792,438.871,2217719.48939,0
1770859200000,5057.03,5059.51,5051.61,5052.67,287.324,1770859499999,1452467.21164,1741,123.000,621800.16004,0
1770859500000,5052.88,5059.44,5052.88,5057.72,206.856,1770859799999,1046014.55115,1177,121.987,616877.66323,0
1770859800000,5057.71,5059.79,5054.32,5055.96,360.605,1770860099999,1823710.35695,1603,146.587,741315.82156,0
1770860100000,5055.85,5061.95,5055.12,5060.71,387.258,1770860399999,1959126.39686,1730,201.181,1017695.60580,0
1770860400000,5060.71,5063.16,5058.90,5059.83,278.951,1770860699999,1411754.37212,1384,185.697,939816.04411,0
1770860700000,5059.90,5061.41,5053.86,5056.60,285.065,1770860999999,1441408.20473,1516,147.074,743652.24415,0
1770861000000,5056.59,5059.07,5053.19,5057.54,241.562,1770861299999,1221382.10872,1675,144.222,729210.61037,0
1770861300000,5057.53,5062.13,5057.18,5062.13,254.142,1770861599999,1285942.49345,1496,172.137,870999.20792,0
1770861600000,5062.13,5071.82,5062.13,5068.31,889.356,1770861899999,4506712.07326,3091,440.739,2233193.54371,0
1770861900000,5068.36,5069.62,5065.34,5066.20,228.312,1770862199999,1157082.81388,1433,117.561,595797.62541,0
1770862200000,5066.19,5068.61,5063.94,5066.09,207.211,1770862499999,1049748.42053,1153,94.081,476644.11067,0
1770862500000,5066.42,5068.26,5064.39,5064.39,147.655,1770862799999,748136.37818,989,96.344,488167.79546,0
1770862800000,5064.30,5070.52,5063.84,5065.20,487.565,1770863099999,2470885.16918,1935,251.773,1275836.09178,0
1770863100000,5065.23,5065.38,5061.71,5065.37,244.797,1770863399999,1239621.13429,1279,181.932,921307.84835,0
1770863400000,5065.38,5068.29,5062.95,5064.60,317.861,1770863699999,1610171.51860,1911,118.067,598048.16411,0
1770863700000,5064.52,5064.52,5057.15,5058.66,488.356,1770863999999,2471089.09629,1610,221.414,1120395.43605,0
1770864000000,5058.66,5059.62,5054.50,5057.08,348.081,1770864299999,1760333.31943,1517,132.036,667781.67511,0
1770864300000,5057.00,5061.95,5054.14,5059.12,249.290,1770864599999,1260874.72284,1447,135.583,685822.69142,0
1770864600000,5059.12,5064.77,5056.21,5064.28,296.594,1770864899999,1501531.07567,1572,139.291,705164.44403,0
1770864900000,5063.98,5065.83,5062.45,5064.84,138.685,1770865199999,702281.20634,931,61.201,309925.35635,0
1770865200000,5064.71,5068.28,5061.50,5067.26,268.964,1770865499999,1362446.25151,1250,131.885,668018.24754,0
1770865500000,5067.26,5071.39,5065.64,5069.89,589.046,1770865799999,2985793.40455,1776,238.023,1206533.44366,0
1770865800000,5069.88,5073.48,5067.20,5067.57,290.837,1770866099999,1474817.47254,1627,135.004,684670.16352,0
1770866100000,5067.58,5069.69,5065.08,5066.86,216.972,1770866399999,1099519.03043,1012,155.108,786054.31924,0
1770866400000,5066.85,5069.99,5063.32,5064.03,335.750,1770866699999,1700789.89329,1216,175.231,887699.80227,0
1770866700000,5064.03,5065.01,5055.00,5058.54,1016.629,1770866999999,5142159.48688,2447,596.629,3017415.45954,0
1770867000000,5058.80,5064.15,5057.86,5063.87,276.308,1770867299999,1398507.73804,1354,124.390,629569.63471,0
1770867300000,5064.23,5065.19,5063.45,5064.13,126.713,1770867599999,641718.97723,819,53.054,268685.60776,0
1770867600000,5064.29,5065.82,5063.30,5064.80,92.549,1770867899999,468728.05268,753,62.927,318701.62881,0
1770867900000,5064.80,5064.80,5058.54,5058.55,187.486,1770868199999,948896.71973,997,72.637,367595.76661,0
1770868200000,5058.54,5060.09,5056.75,5057.57,233.191,1770868499999,1179606.91882,1066,148.908,753264.59133,0
1770868500000,5057.56,5058.54,5054.87,5056.79,331.334,1770868799999,1675338.60806,1238,185.878,939916.45245,0
1770868800000,5056.78,5057.67,5052.66,5057.60,384.744,1770869099999,1944898.54097,1297,209.600,1059692.91768,0
1770869100000,5057.60,5059.07,5055.79,5055.89,122.882,1770869399999,621450.95169,740,73.313,370779.89182,0
1770869400000,5056.17,5057.28,5054.87,5054.96,147.962,1770869699999,748120.37899,819,65.520,331284.37500,0
1770869700000,5054.96,5055.04,5050.01,5052.09,354.399,1770869999999,1790543.02865,1835,158.753,802142.59836,0
1770870000000,5052.09,5054.46,5050.00,5054.40,230.665,1770870299999,1165418.97980,1319,144.716,731180.72460,0
1770870300000,5054.54,5057.46,5053.76,5055.81,180.301,1770870599999,911551.68012,924,129.001,652192.86866,0
1770870600000,5055.80,5055.81,5053.88,5055.30,93.198,1770870899999,471087.32320,981,46.507,235075.89813,0
1770870900000,5055.30,5059.84,5055.30,5058.71,179.463,1770871199999,907821.93043,1214,111.045,561702.88009,0
1770871200000,5058.70,5058.71,5056.71,5057.09,134.105,1770871499999,678273.22877,778,79.905,404142.26126,0
1770871500000,5057.08,5058.54,5055.79,5056.01,147.174,1770871799999,744273.45192,858,80.827,408737.20311,0
1770871800000,5056.01,5062.68,5055.80,5061.84,295.513,1770872099999,1495359.34799,1263,151.569,767031.66663,0
1770872100000,5061.83,5067.94,5060.33,5067.71,524.571,1770872399999,2657495.84024,1644,161.248,816776.84005,0
1770872400000,5067.71,5069.33,5063.95,5068.08,398.104,1770872699999,2016959.36782,1530,141.753,718271.46264,0
1770872700000,5068.09,5075.81,5066.82,5075.81,1302.192,1770872999999,6604520.11655,2850,602.536,3055675.21206,0
1770873000000,5075.69,5076.48,5072.18,5072.90,374.156,1770873299999,1898510.80835,1480,113.177,574296.05428,0
1770873300000,5072.90,5075.10,5072.89,5074.09,173.199,1770873599999,878825.79200,912,95.287,483494.68965,0
1770873600000,5074.10,5075.97,5071.19,5073.85,335.315,1770873899999,1701259.89165,1199,135.910,689591.52175,0
1770873900000,5073.84,5073.85,5069.52,5070.49,147.790,1770874199999,749487.61814,893,34.992,177467.72211,0
1770874200000,5070.48,5070.72,5063.45,5064.31,598.608,1770874499999,3033006.87838,2054,322.137,1632158.51444,0
1770874500000,5064.30,5066.28,5063.75,5065.22,205.446,1770874799999,1040638.48173,1069,149.528,757383.46354,0
1770874800000,5065.21,5070.96,5065.21,5070.43,124.082,1770875099999,628874.10769,869,82.226,416743.32130,0
1770875100000,5070.42,5071.68,5068.98,5069.65,216.812,1770875399999,1099283.44120,1072,111.978,567756.90057,0
1770875400000,5069.71,5073.29,5067.04,5072.45,187.080,1770875699999,948493.78454,1087,84.521,428570.44683,0
1770875700000,5072.76,5074.92,5070.59,5074.16,123.118,1770875999999,624601.71881,940,63.485,322072.46371,0
1770876000000,5074.16,5074.99,5064.71,5068.43,622.840,1770876299999,3157336.19567,1751,297.510,1507938.47437,0
1770876300000,5068.26,5068.26,5061.65,5065.10,335.209,1770876599999,1697847.54028,1519,144.933,734092.05783,0
1770876600000,5065.10,5068.26,5063.58,5068.25,120.804,1770876899999,611974.98091,974,88.103,446329.88715,0
1770876900000,5068.26,5069.47,5064.88,5065.84,302.294,1770877199999,1531552.46371,1384,190.599,965618.69674,0
1770877200000,5065.84,5067.46,5059.20,5061.42,511.222,1770877499999,2588488.90635,1675,331.519,1678658.16923,0
1770877500000,5061.41,5062.90,5055.15,5055.15,803.350,1770877799999,4063216.34916,1667,419.053,2119707.96528,0
1770877800000,5055.16,5056.40,5049.22,5050.26,1417.366,1770878099999,7160634.65672,3005,869.902,4394991.95186,0
1770878100000,5050.26,5054.22,5048.18,5053.32,810.267,1770878399999,4092561.97174,2763,421.705,2130084.84027,0
1770878400000,5053.31,5057.70,5052.78,5057.70,249.995,1770878699999,1263979.03406,1520,160.488,811416.96894,0
1770878700000,5057.70,5058.14,5054.19,5055.40,469.730,1770878999999,2375116.24137,1864,265.408,1342019.36852,0
1770879000000,5055.40,5060.88,5055.40,5059.51,403.839,1770879299999,2043102.94473,1656,229.295,1159998.80449,0
1770879300000,5059.50,5060.63,5057.52,5058.07,168.132,1770879599999,850608.46935,853,54.825,277376.67684,0
1770879600000,5058.14,5058.90,5051.28,5058.59,571.777,1770879899999,2890012.98360,2148,209.178,1057238.41617,0
1770879900000,5058.58,5062.88,5057.46,5062.14,362.254,1770880199999,1833249.14854,1548,156.215,790518.46466,0
1770880200000,5062.39,5064.79,5060.11,5062.07,326.285,1770880499999,1651733.24457,1200,123.014,622714.75965,0
1770880500000,5062.06,5063.28,5059.19,5060.60,189.191,1770880799999,957586.63209,951,56.552,286239.81799,0
1770880800000,5060.59,5062.26,5056.30,5058.51,256.656,1770881099999,1298411.42709,1373,134.764,681734.96392,0
1770881100000,5058.70,5061.88,5056.30,5061.12,148.931,1770881399999,753441.43364,895,80.198,405733.14533,0
1770881400000,5061.12,5062.43,5059.81,5060.86,140.962,1770881699999,713422.81741,893,70.393,356258.73532,0
1770881700000,5060.91,5061.60,5059.73,5059.96,197.883,1770881999999,1001419.27374,789,76.210,385678.83394,0
1770882000000,5060.40,5060.48,5057.71,5058.18,175.325,1770882299999,886983.30046,969,117.057,592201.03991,0
1770882300000,5058.17,5060.55,5056.25,5060.55,196.997,1770882599999,996265.38264,978,106.558,538914.62790,0
1770882600000,5060.54,5060.55,5057.44,5059.07,135.288,1770882899999,684462.20714,874,55.792,282273.92602,0
1770882900000,5059.06,5064.00,5057.31,5062.57,354.413,1770883199999,1793918.24544,1273,149.369,756028.92876,0
1770883200000,5062.21,5067.18,5062.21,5067.17,739.775,1770883499999,3746542.87769,1833,330.380,1673169.77475,0
1770883500000,5067.00,5071.67,5066.46,5070.59,880.796,1770883799999,4465149.37846,2372,425.358,2156381.59232,0
1770883800000,5070.59,5071.57,5065.50,5066.50,543.661,1770884099999,2755859.59377,1449,173.579,879854.11792,0
1770884100000,5066.50,5068.00,5064.12,5064.36,219.311,1770884399999,1111053.52377,1210,92.434,468298.30746,0
1770884400000,5064.37,5066.66,5063.40,5065.56,267.203,1770884699999,1353361.37955,1351,116.745,591299.22920,0
1770884700000,5065.55,5065.55,5060.40,5060.40,371.970,1770884999999,1883143.70025,1511,216.384,1095488.82025,0
1770885000000,5060.40,5060.40,5052.00,5059.66,847.882,1770885299999,4286643.54332,2772,526.151,2659958.19427,0
1770885300000,5059.66,5061.80,5058.65,5059.43,255.332,1770885599999,1292007.67020,1329,128.720,651337.41338,0
1770885600000,5059.29,5062.90,5059.00,5062.26,120.444,1770885899999,609615.30489,854,52.211,264264.47811,0
1770885900000,5062.25,5064.67,5061.37,5061.37,311.943,1770886199999,1579287.23507,1236,86.302,436970.20029,0
1770886200000,5061.37,5066.77,5059.38,5065.41,528.608,1770886499999,2676732.82829,1734,282.289,1429393.19597,0
1770886500000,5065.49,5069.87,5064.05,5066.42,835.782,1770886799999,4235529.66671,1793,288.400,1461260.41122,0
1770886800000,5066.41,5070.72,5064.40,5070.71,702.860,1770887099999,3562628.68658,1915,406.680,2061338.67002,0
1770887100000,5070.72,5073.74,5070.08,5073.06,814.267,1770887399999,4129934.21552,2256,347.745,1763733.60821,0
1770887400000,5073.05,5073.06,5069.42,5071.83,532.888,1770887699999,2702475.85643,1887,237.815,1206014.35230,0
1770887700000,5071.83,5075.92,5070.22,5071.01,558.066,1770887999999,2830984.99073,2037,253.496,1286047.64505,0
1770888000000,5071.01,5072.66,5070.19,5071.70,242.810,1770888299999,1231418.46974,1173,126.084,639433.88011,0
1770888300000,5071.70,5073.61,5068.96,5069.18,241.970,1770888599999,1227084.23641,1123,95.550,484592.28809,0
1770888600000,5069.18,5071.48,5066.51,5067.73,318.832,1770888899999,1616224.92861,1553,178.681,905767.02705,0
1770888900000,5067.74,5072.10,5067.56,5069.85,231.907,1770889199999,1175667.98979,970,181.794,921604.45380,0
1770889200000,5069.74,5072.76,5069.20,5071.62,193.282,1770889499999,980085.42264,953,96.913,491398.27141,0
1770889500000,5071.61,5073.44,5070.01,5072.11,242.095,1770889799999,1227961.70711,1161,107.821,546892.87131,0
1770889800000,5072.11,5079.10,5072.11,5077.82,735.998,1770890099999,3736589.68072,2341,378.621,1922193.35182,0
1770890100000,5077.82,5078.44,5071.83,5071.92,306.653,1770890399999,1556159.00082,1488,127.020,644551.20073,0
1770890400000,5071.93,5076.15,5070.38,5071.48,397.589,1770890699999,2017014.07783,1795,213.310,1082189.09840,0
1770890700000,5071.37,5073.74,5067.50,5068.00,355.825,1770890999999,1804173.94271,1591,144.765,734036.20967,0
1770891000000,5068.00,5068.35,5063.70,5065.35,753.559,1770891299999,3816906.22356,2225,481.099,2436785.80303,0
1770891300000,5065.35,5065.80,5062.55,5063.25,343.726,1770891599999,1740762.77103,1307,197.488,1000199.78648,0
1770891600000,5063.14,5065.83,5063.00,5064.45,346.439,1770891899999,1754522.07754,1158,254.224,1287501.04087,0
1770891900000,5064.41,5065.50,5061.01,5061.29,546.446,1770892199999,2766531.29874,1256,324.067,1640672.86352,0
1770892200000,5061.30,5064.67,5060.70,5062.01,498.039,1770892499999,2521102.86773,1612,305.896,1548393.78396,0
1770892500000,5062.01,5065.50,5061.08,5061.88,291.306,1770892799999,1474897.97138,1239,213.397,1080407.82921,0
1770892800000,5061.89,5063.47,5061.13,5061.88,127.085,1770893099999,643323.28959,755,77.667,393145.65578,0
1770893100000,5061.87,5061.99,5056.19,5058.76,508.800,1770893399999,2573658.73772,1773,273.850,1385147.95469,0
1770893400000,5058.76,5060.23,5056.04,5060.01,460.430,1770893699999,2329007.96337,1793,313.731,1587020.74337,0
1770893700000,5060.01,5061.51,5058.46,5060.92,353.967,1770893999999,1791041.49208,1351,186.195,942132.99948,0
1770894000000,5060.92,5062.80,5057.55,5061.40,190.203,1770894299999,962515.96051,1253,94.856,480046.05017,0
1770894300000,5061.39,5064.99,5061.39,5062.78,147.793,1770894599999,748174.01502,899,78.854,399189.32494,0
1770894600000,5062.79,5063.70,5060.40,5060.74,217.893,1770894899999,1103054.98845,1057,123.466,625026.29585,0
1770894900000,5060.74,5063.85,5060.73,5062.25,306.918,1770895199999,1553808.09028,708,122.568,620473.67842,0
1770895200000,5062.25,5063.40,5061.11,5063.14,192.414,1770895499999,974054.12125,814,139.924,708328.54972,0
1770895500000,5063.14,5065.36,5062.27,5062.72,297.718,1770895799999,1507596.15050,1068,166.061,840903.15467,0
1770895800000,5062.72,5063.60,5060.89,5062.46,94.673,1770896099999,479231.17327,705,51.517,260770.51469,0
1770896100000,5062.45,5064.84,5062.45,5062.95,181.552,1770896399999,919309.73209,822,91.732,464505.94156,0
1770896400000,5062.95,5063.25,5061.31,5062.82,224.459,1770896699999,1136326.36124,980,95.922,485596.38625,0
1770896700000,5062.88,5064.44,5062.05,5063.70,118.825,1770896999999,601688.81395,882,57.244,289864.42600,0
1770897000000,5063.71,5067.53,5063.55,5067.12,274.797,1770897299999,1392046.70764,1284,176.922,896212.86198,0
1770897300000,5067.12,5067.12,5061.67,5063.30,458.220,1770897599999,2320265.13243,1544,195.868,991694.22458,0
1770897600000,5063.30,5065.84,5063.30,5063.90,187.827,1770897899999,951262.25413,1106,104.614,529827.92153,0
1770897900000,5063.89,5064.14,5057.25,5061.04,581.801,1770898199999,2943788.96795,1877,204.322,1033727.95488,0
1770898200000,5061.03,5062.01,5058.75,5061.78,214.279,1770898499999,1084270.32303,999,108.212,547580.43024,0
1770898500000,5061.78,5063.25,5059.50,5062.09,217.419,1770898799999,1100526.76864,1022,63.257,320181.63315,0
1770898800000,5062.09,5062.64,5059.20,5059.20,196.259,1770899099999,993302.23626,1120,83.036,420263.78104,0
1770899100000,5059.13,5061.58,5059.06,5061.24,118.486,1770899399999,599607.70143,665,49.624,251121.24655,0
1770899400000,5061.25,5064.73,5060.40,5064.69,228.894,1770899699999,1158745.12974,1011,115.871,586623.25151,0
1770899700000,5064.70,5067.12,5062.09,5062.57,283.198,1770899999999,1434371.94419,1207,104.910,531404.12520,0
1770900000000,5062.56,5062.56,5054.00,5056.95,504.879,1770900299999,2553461.60448,2220,247.486,1251695.80366,0
1770900300000,5057.07,5058.15,5052.66,5054.93,567.278,1770900599999,2867290.59848,1954,374.444,1892627.23757,0
1770900600000,5054.96,5054.96,5050.20,5051.52,580.825,1770900899999,2934446.21820,2019,351.187,1774236.31744,0
1770900900000,5051.62,5054.99,5049.16,5053.30,900.716,1770901199999,4549619.60087,2670,549.658,2776473.07478,0
1770901200000,5053.29,5057.67,5052.08,5054.71,357.942,1770901499999,1809244.51860,2182,202.124,1021646.27573,0
1770901500000,5054.70,5059.95,5053.83,5059.58,502.913,1770901799999,2543175.84497,2023,194.376,982978.49786,0
1770901800000,5059.59,5064.11,5059.59,5063.92,571.714,1770902099999,2894173.20744,1838,212.692,1076645.18205,0
1770902100000,5063.91,5070.00,5062.66,5068.10,1087.412,1770902399999,5509617.25045,2987,413.309,2094243.53185,0
1770902400000,5068.10,5072.31,5067.15,5069.29,848.269,1770902699999,4301187.28476,2399,269.135,1364594.47704,0
1770902700000,5069.30,5069.68,5061.45,5062.49,834.723,1770902999999,4228016.59375,2531,316.750,1604204.11647,0
1770903000000,5062.50,5073.05,5060.36,5071.10,1116.566,1770903299999,5658931.09193,3242,611.971,3101407.49076,0
1770903300000,5071.11,5074.50,5067.77,5073.06,954.884,1770903599999,4842648.89028,2500,442.465,2244097.74155,0
1770903600000,5073.06,5076.00,5072.68,5074.24,906.214,1770903899999,4598540.71765,2442,411.971,2090612.10611,0
1770903900000,5074.25,5079.63,5073.90,5076.72,703.489,1770904199999,3571297.57942,2580,360.249,1828765.68584,0
1770904200000,5076.61,5079.05,5076.11,5078.45,649.577,1770904499999,3298369.39129,1673,145.092,736739.36378,0
1770904500000,5078.18,5082.30,5072.19,5073.46,1432.744,1770904799999,7274375.83915,3464,539.678,2740656.51827,0
1770904800000,5073.47,5075.55,5067.66,5068.96,1420.493,1770905099999,7205164.38886,3159,720.546,3654311.12278,0
1770905100000,5068.96,5073.80,5066.78,5073.80,863.649,1770905399999,4378589.29141,2698,460.847,2336247.62651,0
1770905400000,5073.80,5076.40,5061.18,5064.75,1709.209,1770905699999,8664766.04609,3608,933.229,4729815.92515,0
1770905700000,5064.75,5067.22,5055.55,5057.56,2415.257,1770905999999,12221703.03368,5646,1441.924,7296049.63625,0
1770906000000,5057.55,5063.10,5055.90,5062.74,890.374,1770906299999,4506427.95125,2743,504.255,2552060.31817,0
1770906300000,5063.00,5064.99,5059.37,5059.84,677.309,1770906599999,3428923.74734,1917,299.593,1516568.42319,0
1770906600000,5059.85,5070.15,5058.25,5067.38,887.621,1770906899999,4495210.31585,3919,446.962,2263357.48251,0
1770906900000,5067.29,5068.15,5056.73,5058.86,1114.818,1770907199999,5641546.15730,4063,584.523,2957821.65781,0
1770907200000,5058.86,5062.00,5055.00,5056.35,1138.774,1770907499999,5760001.23205,3879,652.111,3298379.87039,0
1770907500000,5056.34,5060.40,5053.20,5055.14,884.021,1770907799999,4470005.54101,3555,469.452,2373652.12335,0
1770907800000,5055.18,5057.53,5052.12,5055.01,947.616,1770908099999,4789812.94022,3418,571.254,2887488.53811,0
1770908100000,5055.01,5056.00,5040.00,5046.27,3334.651,1770908399999,16827672.06654,7901,1338.566,6754051.47023,0
1770908400000,5046.27,5054.10,5041.86,5053.09,1948.160,1770908699999,9835279.39830,5981,1018.070,5139531.04221,0
1770908700000,5053.08,5057.56,5050.51,5056.65,1210.852,1770908999999,6121251.80260,3892,598.934,3028056.56602,0
1770909000000,5056.64,5064.39,5056.64,5063.26,1673.630,1770909299999,8470725.45134,3383,658.819,3334120.14725,0
1770909300000,5063.25,5068.20,5062.85,5064.51,1101.024,1770909599999,5577197.96871,2810,337.661,1710408.47789,0
1770909600000,5064.51,5064.96,5060.76,5061.86,506.267,1770909899999,2563409.72849,1963,197.302,999044.84932,0
1770909900000,5061.86,5065.11,5061.83,5064.65,296.399,1770910199999,1500782.39745,1454,114.914,581863.09404,0
1770910200000,5064.65,5070.45,5064.08,5068.08,1029.350,1770910499999,5217475.09812,2714,531.445,2693443.74478,0
1770910500000,5068.07,5070.79,5066.26,5067.29,553.272,1770910799999,2804368.04796,2199,260.923,1322512.85220,0
1770910800000,5067.30,5070.00,5065.88,5069.05,464.854,1770911099999,2356068.11651,1966,164.534,833942.75382,0
1770911100000,5069.06,5072.87,5069.05,5071.63,917.016,1770911399999,4650845.90243,2274,356.042,1805655.08088,0
1770911400000,5071.62,5072.26,5068.48,5068.86,733.125,1770911699999,3717017.86534,2183,238.442,1208928.15870,0
1770911700000,5068.86,5071.26,5059.81,5059.93,1392.379,1770911999999,7051522.41792,3038,468.532,2372574.07116,0
1770912000000,5059.93,5066.35,5057.80,5063.65,1011.242,1770912299999,5118232.97277,3483,518.056,2621939.33966,0
1770912300000,5063.65,5064.10,5049.83,5050.09,2179.231,1770912599999,11015674.33194,5424,993.452,5022188.98233,0
1770912600000,5050.08,5050.08,4946.20,4952.11,18245.596,1770912899999,91244592.58930,46073,8072.808,40380118.70071,0
1770912900000,4952.11,4966.85,4913.54,4936.02,11724.170,1770913199999,57917097.16859,43479,6188.257,30573268.88843,0
1770913200000,4936.02,4937.24,4909.24,4924.92,8577.119,1770913499999,42226849.52384,31891,4118.010,20274032.04841,0
1770913500000,4924.56,4925.32,4880.15,4898.02,8595.304,1770913799999,42088149.96530,29045,4161.045,20375701.13272,0
1770913800000,4897.83,4941.92,4896.18,4937.62,8194.932,1770914099999,40368458.52620,19390,3963.106,19514722.37918,0
1770914100000,4937.63,4956.87,4932.85,4956.27,5955.204,1770914399999,29439920.65807,14367,2972.721,14696525.38307,0
1770914400000,4956.28,4967.40,4947.81,4952.48,4736.347,1770914699999,23476646.37668,13799,2101.729,10418648.56116,0
1770914700000,4952.06,4955.85,4932.04,4934.45,3332.494,1770914999999,16468563.24707,10741,1467.011,7250180.16709,0
1770915000000,4934.44,4961.86,4930.36,4934.28,4255.737,1770915299999,21048635.49486,11268,2410.354,11920124.92800,0
1770915300000,4934.67,4955.16,4934.25,4953.09,2242.330,1770915599999,11092623.01428,7870,1020.636,5048408.18976,0
1770915600000,4953.09,4957.12,4941.49,4947.31,2298.701,1770915899999,11379788.86799,9016,896.120,4436525.51945,0
1770915900000,4947.21,4965.57,4938.89,4959.44,2457.493,1770916199999,12173813.24398,8341,1091.008,5404260.49287,0
1770916200000,4959.44,4961.62,4951.80,4957.80,1437.329,1770916499999,7124310.17395,5829,506.100,2508746.27874,0
1770916500000,4957.80,4963.08,4953.90,4959.19,1419.793,1770916799999,7039763.34125,5373,521.929,2588082.28671,0
1770916800000,4958.91,4978.76,4958.71,4970.76,3159.972,1770917099999,15701409.54633,7940,1470.637,7307026.48623,0
1770917100000,4970.76,4979.63,4962.92,4963.34,2191.222,1770917399999,10895348.08702,5952,848.651,4220192.38141,0
1770917400000,4963.33,4965.29,4955.39,4961.73,2413.006,1770917699999,11966822.25090,6543,1201.670,5959213.04465,0
1770917700000,4961.72,4969.57,4960.08,4965.47,1296.576,1770917999999,6435921.69375,4489,574.418,2851265.28866,0
1770918000000,4965.47,4974.14,4957.51,4967.55,2649.252,1770918299999,13161640.22547,4712,982.805,4882442.61373,0
1770918300000,4967.54,4969.34,4948.92,4949.77,1515.138,1770918599999,7507593.69919,5299,687.703,3407646.12465,0
1770918600000,4949.78,4955.83,4943.18,4945.31,2137.556,1770918899999,10575045.65678,5384,1048.890,5189307.04377,0
1770918900000,4945.32,4947.93,4938.60,4939.10,1675.518,1770919199999,8281465.60022,4777,868.123,4291096.67555,0
1770919200000,4939.10,4948.94,4929.61,4936.48,2413.692,1770919499999,11918032.48303,6178,1114.048,5501102.83730,0
1770919500000,4936.47,4937.63,4920.00,4924.09,2386.195,1770919799999,11762567.69648,6729,1258.768,6204502.89562,0
1770919800000,4924.09,4934.01,4921.59,4932.45,1923.668,1770920099999,9479246.44387,5453,1009.305,4973542.68280,0
1770920100000,4932.59,4933.64,4905.75,4906.22,2377.082,1770920399999,11692687.67044,6337,1105.670,5438733.89178,0
1770920400000,4906.16,4928.85,4905.01,4917.15,2142.073,1770920699999,10538082.43670,7242,1076.057,5293176.15857,0
1770920700000,4917.29,4931.93,4914.11,4926.75,1482.479,1770920999999,7300142.03898,5505,801.350,3945972.86927,0
1770921000000,4926.90,4934.01,4924.16,4931.69,1195.794,1770921299999,5894896.45472,5080,670.898,3307481.52288,0
1770921300000,4931.41,4940.00,4927.48,4939.07,1221.040,1770921599999,6022943.98414,4079,712.477,3514592.41647,0
1770921600000,4939.08,4944.14,4930.91,4939.06,1436.611,1770921899999,7096594.80117,4496,641.408,3168236.61825,0
1770921900000,4939.05,4940.69,4933.66,4936.75,778.913,1770922199999,3845589.87622,3583,355.690,1756007.18652,0
1770922200000,4936.74,4949.25,4936.24,4942.87,984.133,1770922499999,4867208.07320,3557,501.236,2478820.95649,0
1770922500000,4942.87,4944.54,4931.71,4933.71,971.906,1770922799999,4798411.32513,3808,522.301,2578581.10725,0
1770922800000,4933.71,4937.22,4926.01,4932.00,1114.719,1770923099999,5498365.74101,3840,547.218,2699154.53826,0
1770923100000,4932.00,4939.88,4930.63,4934.38,777.364,1770923399999,3836371.75390,2516,448.067,2211232.03250,0
1770923400000,4934.39,4937.26,4929.63,4932.21,633.617,1770923699999,3126061.62010,2572,397.697,1962074.94181,0
1770923700000,4932.18,4941.47,4928.53,4941.15,757.705,1770923999999,3738841.48407,2638,421.383,2079303.25981,0
1770924000000,4941.14,4942.68,4937.30,4938.59,627.181,1770924299999,3098255.21437,2302,375.823,1856495.10926,0
1770924300000,4938.59,4940.23,4930.36,4930.55,766.916,1770924599999,3784064.57260,2413,375.818,1854332.62596,0
1770924600000,4930.54,4946.24,4930.54,4943.39,631.335,1770924899999,3117357.11944,2104,338.238,1670025.66193,0
1770924900000,4943.40,4948.35,4942.31,4946.26,736.940,1770925199999,3645084.86534,2343,378.230,1870671.28483,0
1770925200000,4946.24,4947.45,4940.89,4945.09,372.763,1770925499999,1842905.81091,1914,203.228,1004737.14982,0
1770925500000,4944.85,4954.35,4944.24,4952.03,630.227,1770925799999,3119779.00683,2354,413.188,2045240.72375,0
1770925800000,4951.81,4956.90,4950.99,4953.78,984.241,1770926099999,4876396.22012,2904,515.239,2552811.27552,0
1770926100000,4953.31,4954.21,4941.88,4943.84,672.364,1770926399999,3326705.28611,2342,308.815,1527814.07750,0
1770926400000,4943.85,4947.07,4939.48,4944.60,394.276,1770926699999,1949367.74200,1831,226.296,1118786.97882,0
1770926700000,4944.59,4945.27,4937.55,4939.24,305.630,1770926999999,1510188.97982,1391,167.725,828784.50140,0
1770927000000,4939.23,4940.52,4931.86,4939.51,576.536,1770927299999,2846474.86923,2293,251.929,1243829.23061,0
1770927300000,4939.64,4939.64,4934.59,4936.63,296.197,1770927599999,1462109.03607,1583,152.761,754064.08660,0
1770927600000,4936.63,4936.63,4925.95,4927.50,591.470,1770927899999,2917265.61942,2182,334.417,1649465.27192,0
1770927900000,4927.50,4929.48,4920.67,4922.24,663.233,1770928199999,3266836.52116,2424,377.738,1860545.33914,0
1770928200000,4921.87,4921.87,4910.66,4918.74,1967.735,1770928499999,9671248.42929,4457,937.756,4608887.55767,0
1770928500000,4918.74,4926.50,4915.61,4918.77,800.717,1770928799999,3939983.72952,2465,490.976,2415757.62934,0
1770928800000,4919.16,4922.73,4914.50,4919.55,695.633,1770929099999,3422049.61506,2142,382.639,1882197.72083,0
1770929100000,4919.65,4921.30,4913.08,4921.04,558.948,1770929399999,2748452.74955,2171,316.551,1556393.83565,0
1770929400000,4921.04,4922.24,4911.15,4919.19,605.452,1770929699999,2976771.71602,2565,327.601,1610704.33450,0
1770929700000,4919.16,4922.95,4912.10,4914.39,667.734,1770929999999,3283205.74638,3197,338.871,1666070.30366,0
1770930000000,4914.31,4920.84,4912.00,4919.13,398.927,1770930299999,1961376.42046,2106,232.746,1144231.84158,0
1770930300000,4919.13,4919.13,4911.89,4911.95,453.419,1770930599999,2228892.31532,1507,193.779,952762.09612,0
1770930600000,4912.01,4922.58,4912.01,4916.18,426.499,1770930899999,2097136.58166,1459,265.497,1305257.61668,0
1770930900000,4916.18,4921.65,4912.52,4920.76,469.876,1770931199999,2310055.41085,1708,289.134,1421562.31017,0
1770931200000,4920.76,4923.01,4917.90,4921.95,230.070,1770931499999,1131976.88533,1266,139.138,684589.62963,0
1770931500000,4921.94,4922.90,4918.41,4918.50,242.428,1770931799999,1192768.26350,1109,75.078,369419.13053,0
1770931800000,4918.35,4925.13,4918.03,4922.86,405.247,1770932099999,1994429.13518,1835,164.863,811395.44356,0
1770932100000,4922.99,4922.99,4920.16,4920.52,124.707,1770932399999,613736.34837,782,70.150,345233.14811,0
1770932400000,4920.60,4920.75,4916.57,4917.98,94.732,1770932699999,465889.31134,741,34.811,171194.69795,0
1770932700000,4917.84,4919.77,4914.68,4919.62,128.762,1770932999999,633148.78560,859,88.154,433482.47079,0
1770933000000,4919.61,4925.99,4919.61,4925.39,304.386,1770933299999,1498310.65052,1292,166.556,819849.23171,0
1770933300000,4925.08,4925.70,4920.57,4921.80,243.109,1770933599999,1196602.37214,1085,112.567,554026.13041,0
1770933600000,4921.80,4922.74,4919.72,4922.74,99.440,1770933899999,489338.69197,606,48.184,237122.41261,0
1770933900000,4922.73,4923.92,4920.45,4922.40,146.620,1770934199999,721650.85452,538,93.070,458106.51103,0
1770934200000,4922.40,4924.33,4921.21,4923.75,57.649,1770934499999,283812.28457,419,39.830,196082.17408,0
1770934500000,4923.75,4924.39,4920.69,4922.19,114.104,1770934799999,561614.16907,469,68.098,335160.20052,0
1770934800000,4922.19,4923.57,4922.19,4923.50,85.579,1770935099999,421304.85542,367,57.104,281118.42249,0
1770935100000,4923.50,4924.33,4921.82,4923.98,148.890,1770935399999,733012.35770,543,77.206,380091.77361,0
1770935400000,4923.98,4929.25,4923.31,4926.46,278.935,1770935699999,1374023.34132,970,174.131,857825.06909,0
1770935700000,4926.45,4928.67,4926.45,4927.65,159.895,1770935999999,787899.10197,685,101.751,501377.84923,0
1770936000000,4927.66,4929.50,4924.67,4928.70,234.107,1770936299999,1153654.36269,1065,146.364,721304.30622,0
1770936300000,4928.66,4931.41,4926.01,4931.35,294.492,1770936599999,1451386.87219,1026,197.168,971783.75560,0
1770936600000,4931.34,4931.50,4928.17,4929.28,74.686,1770936899999,368165.77311,698,24.852,122507.69448,0
1770936900000,4929.18,4930.87,4927.23,4929.60,227.652,1770937199999,1122136.50978,1042,131.928,650325.18979,0
1770937200000,4929.60,4930.87,4887.00,4892.67,4838.538,1770937499999,23712823.16366,14845,2086.223,10224074.16548,0
1770937500000,4892.29,4910.24,4889.40,4906.51,1754.293,1770937799999,8591548.44989,6083,1100.914,5391111.97021,0
1770937800000,4906.40,4910.54,4902.75,4909.36,545.162,1770938099999,2674815.86657,2341,256.199,1257189.53168,0
1770938100000,4909.36,4925.60,4909.36,4918.99,822.391,1770938399999,4043620.81317,3599,345.156,1697127.11035,0
1770938400000,4918.99,4925.03,4916.26,4919.18,505.344,1770938699999,2486335.34528,2744,228.085,1122272.76663,0
1770938700000,4919.22,4926.59,4918.20,4918.58,479.189,1770938999999,2358891.93613,2463,237.124,1167295.03502,0
1770939000000,4918.35,4924.35,4910.59,4924.35,836.876,1770939299999,4116182.17119,3084,421.215,2071819.60066,0
1770939300000,4924.34,4924.34,4905.33,4908.30,1091.811,1770939599999,5365264.95690,3010,429.854,2112289.79466,0
1770939600000,4908.64,4915.89,4904.69,4911.76,738.177,1770939899999,3624684.28156,2960,365.622,1795371.70573,0
1770939900000,4911.75,4912.00,4904.51,4910.45,458.561,1770940199999,2250726.78768,2225,245.509,1204914.58686,0
1770940200000,4910.44,4916.21,4909.66,4914.42,275.964,1770940499999,1355721.72547,1703,163.084,801203.78659,0
1770940500000,4914.59,4919.14,4909.05,4918.87,344.832,1770940799999,1694849.52238,2178,195.873,962777.86551,0
1770940800000,4918.87,4926.35,4911.76,4925.97,777.243,1770941099999,3823442.62707,3653,398.118,1958563.23770,0
1770941100000,4924.98,4943.63,4923.11,4941.33,1434.717,1770941399999,7080591.79430,5218,708.859,3497358.71161,0
1770941400000,4941.33,4946.55,4935.61,4940.15,1343.781,1770941699999,6639105.01381,4540,626.232,3093865.91020,0
1770941700000,4940.15,4946.35,4935.17,4938.35,833.088,1770941999999,4115313.85558,3649,345.470,1706468.70866,0
1770942000000,4938.36,4942.58,4936.51,4938.44,446.971,1770942299999,2207780.25211,2359,236.638,1168896.18528,0
1770942300000,4938.38,4941.57,4932.00,4933.92,727.999,1770942599999,3594282.20638,2900,278.876,1377066.56632,0
1770942600000,4933.92,4943.67,4933.92,4937.68,595.405,1770942899999,2941553.29479,2562,288.049,1423030.18740,0
1770942900000,4937.60,4941.61,4936.17,4937.18,331.016,1770943199999,1634748.26050,1931,179.065,884328.43812,0
1770943200000,4937.18,4942.93,4931.59,4938.03,942.740,1770943499999,4653488.96923,3637,413.220,2039747.87572,0
1770943500000,4938.04,4942.00,4930.00,4933.96,694.175,1770943799999,3426244.31977,2944,283.883,1400995.03754,0
1770943800000,4933.95,4935.30,4927.91,4931.55,356.949,1770944099999,1760275.78924,2176,167.378,825470.25728,0
1770944100000,4931.55,4933.98,4926.19,4926.89,323.964,1770944399999,1597340.88951,2475,124.006,611351.86282,0
1770944400000,4926.89,4954.94,4925.60,4954.55,1827.387,1770944699999,9039035.55261,7249,850.440,4206306.13734,0
1770944700000,4954.54,4961.29,4951.05,4960.18,1195.361,1770944999999,5925399.45000,4740,442.652,2194267.09469,0
1770945000000,4960.19,4964.84,4959.77,4962.30,780.282,1770945299999,3872370.67719,3178,355.298,1763303.44041,0
1770945300000,4962.25,4970.63,4959.88,4968.89,825.734,1770945599999,4100448.12049,3662,411.546,2043642.67321,0
1770945600000,4968.68,4975.88,4968.01,4969.35,880.293,1770945899999,4375987.17389,3277,342.334,1701861.26878,0
1770945900000,4969.36,4970.69,4963.35,4966.87,533.816,1770946199999,2651178.79423,2694,278.052,1380947.33917,0
1770946200000,4966.94,4973.10,4962.94,4970.60,488.731,1770946499999,2428540.64401,2669,227.249,1129236.60197,0
1770946500000,4970.60,4971.59,4962.17,4967.12,590.506,1770946799999,2932860.08683,3209,271.224,1347063.48598,0
1770946800000,4967.13,4981.16,4967.13,4978.25,1542.533,1770947099999,7675519.31248,3720,615.382,3061707.62370,0
1770947100000,4978.26,4986.37,4973.55,4983.86,1068.726,1770947399999,5322773.15915,3971,530.918,2644625.30190,0
1770947400000,4983.85,4985.59,4975.09,4977.94,706.868,1770947699999,3521106.97124,3485,302.595,1507249.01413,0
1770947700000,4977.73,4981.05,4973.30,4978.25,686.838,1770947999999,3419452.24149,2831,342.024,1702939.15765,0
1770948000000,4978.25,4979.24,4972.00,4976.10,405.533,1770948299999,2017529.36856,2354,173.538,863377.03485,0
1770948300000,4976.25,4981.85,4973.02,4974.68,288.357,1770948599999,1435199.18899,1909,125.706,625609.84087,0
1770948600000,4974.75,4979.39,4970.86,4975.00,341.935,1770948899999,1701273.55178,2465,143.357,713355.42447,0
1770948900000,4975.01,4977.18,4972.19,4975.40,305.465,1770949199999,1519772.11529,2402,113.706,565647.00183,0
1770949200000,4975.41,4981.20,4975.00,4980.60,303.987,1770949499999,1513518.25672,1877,189.726,944626.40024,0
1770949500000,4980.59,4983.00,4977.15,4982.70,381.590,1770949799999,1900578.48663,1716,173.507,864190.67168,0
1770949800000,4982.69,4986.59,4976.40,4978.27,456.864,1770950099999,2276152.33966,2451,204.212,1017407.10658,0
1770950100000,4978.22,4980.30,4976.10,4978.38,216.142,1770950399999,1076070.52900,1318,128.342,638962.04610,0
1770950400000,4978.12,4984.31,4971.01,4981.27,998.881,1770950699999,4971750.33230,3206,504.134,2509549.47614,0
1770950700000,4981.34,4981.34,4970.03,4974.34,590.625,1770950999999,2938220.32767,3018,279.002,1388005.49032,0
1770951000000,4974.34,4982.50,4973.82,4982.50,435.778,1770951299999,2169534.92199,2779,259.011,1289549.62062,0
1770951300000,4982.49,4988.53,4981.87,4985.49,473.431,1770951599999,2360012.99549,3026,231.319,1153142.35690,0
1770951600000,4985.47,4986.22,4981.03,4981.68,169.786,1770951899999,846073.39908,1656,85.064,423880.75622,0
1770951900000,4981.79,4983.89,4978.66,4978.76,441.902,1770952199999,2201052.46974,1993,124.232,618832.30067,0
1770952200000,4978.93,4983.74,4978.21,4980.56,292.740,1770952499999,1458051.82165,2075,175.405,873658.51825,0
1770952500000,4980.55,4981.17,4975.00,4976.04,271.996,1770952799999,1353944.79171,2026,119.997,597344.13297,0
1770952800000,4976.04,4976.84,4971.76,4973.77,426.221,1770953099999,2119812.77106,1907,244.885,1217970.81854,0
1770953100000,4973.77,4977.90,4972.48,4976.34,305.202,1770953399999,1518685.92325,1520,162.670,809420.88548,0
1770953400000,4976.33,4981.21,4974.49,4975.66,281.947,1770953699999,1403590.50482,2015,121.851,606654.42136,0
1770953700000,4975.65,4976.39,4973.80,4976.09,160.744,1770953999999,799721.63731,1079,83.184,413865.50506,0
1770954000000,4976.09,4977.13,4972.53,4974.55,216.143,1770954299999,1075072.10482,1117,96.292,478920.24011,0
1770954300000,4974.49,4976.32,4973.71,4974.60,122.280,1770954599999,608332.79262,812,53.913,268216.11976,0
1770954600000,4974.58,4979.47,4972.84,4978.44,250.479,1770954899999,1246417.24913,1376,105.777,526375.36934,0
1770954900000,4978.44,4981.88,4977.91,4978.71,284.446,1770955199999,1416543.33896,1488,131.005,652429.96160,0
1770955200000,4978.71,4978.94,4975.15,4975.15,344.203,1770955499999,1712960.65996,1017,149.687,744847.32850,0
1770955500000,4975.15,4982.39,4974.16,4974.39,583.780,1770955799999,2905452.83827,2346,310.211,1543930.68936,0
1770955800000,4974.40,4984.25,4973.18,4983.13,489.687,1770956099999,2438518.19735,2560,264.062,1314928.66163,0
1770956100000,4983.04,4993.70,4983.01,4989.67,856.020,1770956399999,4271497.30499,3186,422.787,2109549.97759,0
1770956400000,4989.74,4991.49,4986.01,4986.10,300.721,1770956699999,1500012.57668,1415,108.859,543019.81080,0
1770956700000,4986.10,4989.74,4982.55,4982.75,290.556,1770956999999,1448649.33222,1388,140.668,701451.73737,0
1770957000000,4982.75,4984.01,4980.38,4981.05,181.629,1770957299999,904864.14627,1093,67.167,334637.94123,0
1770957300000,4981.05,4981.09,4976.61,4977.30,341.485,1770957599999,1700168.83830,1437,169.980,846294.86485,0
1770957600000,4977.30,4977.60,4971.12,4973.61,840.953,1770957899999,4183453.36402,1909,331.851,1651037.50804,0
1770957900000,4973.60,4975.47,4970.88,4971.06,442.980,1770958199999,2203001.38612,1283,275.284,1369016.13105,0
1770958200000,4971.05,4973.72,4970.10,4972.29,236.748,1770958499999,1177089.48555,1174,141.137,701725.37845,0
1770958500000,4972.29,4974.40,4971.56,4973.43,135.012,1770958799999,671415.43866,826,68.449,340413.06402,0
1770958800000,4973.43,4979.50,4973.43,4977.71,510.594,1770959099999,2540753.59171,1470,282.142,1403935.04399,0
1770959100000,4977.70,4977.70,4972.35,4974.56,404.536,1770959399999,2012498.82818,1158,197.351,981692.49022,0
1770959400000,4974.55,4975.75,4972.50,4974.62,283.919,1770959699999,1412184.53749,1008,153.748,764679.78341,0
1770959700000,4974.74,4976.09,4962.61,4969.14,703.229,1770959999999,3494080.38364,2448,231.108,1148248.50286,0
1770960000000,4969.15,4979.89,4969.15,4978.85,863.516,1770960299999,4296277.55531,2306,501.230,2493580.02022,0
1770960300000,4978.85,4983.39,4976.88,4977.25,665.156,1770960599999,3312625.98789,2237,284.480,1416739.55336,0
1770960600000,4977.46,4977.61,4965.38,4965.46,1100.439,1770960899999,5468950.03041,3399,538.222,2674784.20259,0
1770960900000,4965.46,4972.55,4965.46,4971.29,571.575,1770961199999,2840367.99684,2013,342.361,1701196.20835,0
1770961200000,4971.32,4972.23,4958.00,4962.38,985.493,1770961499999,4891623.70898,3268,428.263,2125648.70358,0
1770961500000,4962.39,4963.75,4955.35,4960.34,893.392,1770961799999,4429847.53525,3392,449.419,2228392.13707,0
1770961800000,4960.42,4960.89,4952.11,4952.55,867.563,1770962099999,4298141.29218,2451,567.135,2809492.02458,0
1770962100000,4952.55,4953.57,4943.83,4944.74,1249.399,1770962399999,6183216.77355,3822,588.928,2914664.39154,0
1770962400000,4944.75,4954.26,4944.39,4946.46,889.377,1770962699999,4402776.40104,2816,444.235,2198941.84652,0
1770962700000,4946.36,4957.58,4945.24,4957.58,1069.909,1770962999999,5295562.25573,2672,707.481,3501718.50018,0
1770963000000,4957.58,4959.18,4953.20,4956.49,517.213,1770963299999,2563783.08713,1832,168.177,833578.98855,0
1770963300000,4956.64,4959.66,4950.71,4951.79,830.753,1770963599999,4115209.14269,1702,379.656,1880542.27522,0
1770963600000,4951.80,4954.48,4949.50,4953.85,923.813,1770963899999,4574836.04975,1801,460.586,2280757.33783,0
1770963900000,4953.84,4956.00,4948.36,4951.82,538.783,1770964199999,2668153.23976,1590,264.461,1309641.53037,0
1770964200000,4951.81,4959.61,4949.45,4959.47,586.650,1770964499999,2906638.83956,1894,343.594,1702462.84787,0
1770964500000,4959.47,4959.47,4952.90,4953.03,281.701,1770964799999,1396070.75116,1440,98.586,488596.46895,0
1770964800000,4953.03,4958.77,4951.86,4953.49,341.828,1770965099999,1693657.23389,1576,219.523,1087588.41125,0
1770965100000,4953.64,4956.47,4949.07,4956.23,468.880,1770965399999,2321832.89053,1837,267.006,1322286.83770,0
1770965400000,4956.23,4958.51,4953.51,4954.73,225.481,1770965699999,1117523.07194,1445,112.818,559145.20214,0
1770965700000,4954.73,4966.34,4952.93,4965.32,894.639,1770965999999,4438974.76826,2808,513.554,2548084.30380,0
1770966000000,4965.31,4965.31,4954.22,4958.15,628.401,1770966299999,3115739.94141,2208,264.770,1312538.13402,0
1770966300000,4958.17,4965.42,4956.35,4956.97,471.203,1770966599999,2338108.47656,1977,191.844,952004.89483,0
1770966600000,4956.96,4959.15,4950.45,4957.86,711.768,1770966899999,3526336.01657,2794,381.345,1889296.02769,0
1770966900000,4957.90,4973.24,4956.97,4971.40,1012.609,1770967199999,5030472.27596,3116,486.458,2416319.36852,0
1770967200000,4971.41,4971.62,4963.49,4963.82,641.150,1770967499999,3184920.08696,2422,249.446,1239168.66103,0
1770967500000,4963.84,4969.00,4962.24,4966.95,300.615,1770967799999,1492802.36321,1289,180.961,898633.46164,0
1770967800000,4966.95,4972.64,4964.32,4970.30,486.795,1770968099999,2419082.86638,1781,293.711,1459624.86412,0
1770968100000,4970.29,4979.34,4970.29,4975.68,755.234,1770968399999,3758190.32628,2482,277.733,1381981.25355,0
1770968400000,4975.67,4978.62,4967.21,4969.23,665.158,1770968699999,3307015.88113,2188,273.603,1360384.30637,0
1770968700000,4969.32,4974.90,4967.46,4972.86,573.444,1770968999999,2850309.30920,1631,354.647,1762750.06854,0
1770969000000,4972.86,4979.28,4969.06,4979.14,420.209,1770969299999,2089847.45931,1824,256.516,1275949.91953,0
1770969300000,4979.15,4979.51,4969.86,4973.03,434.056,1770969599999,2158937.09252,1984,191.084,950332.00194,0
1770969600000,4973.04,4976.58,4970.50,4976.58,384.133,1770969899999,1910496.90226,1870,227.130,1129655.90441,0
1770969900000,4976.58,4984.79,4975.06,4982.93,1391.796,1770970199999,6932615.34699,4069,549.864,2738711.94133,0
1770970200000,4983.10,4986.45,4976.85,4977.13,698.678,1770970499999,3480558.99435,2678,337.136,1679576.75102,0
1770970500000,4977.05,4981.00,4974.00,4975.96,404.939,1770970799999,2015702.54260,1601,190.324,947409.25501,0
1770970800000,4975.96,4983.07,4975.20,4976.36,505.939,1770971099999,2519224.52746,1900,275.705,1372866.46565,0
1770971100000,4976.74,4982.58,4976.07,4979.75,432.735,1770971399999,2154706.40503,1806,232.552,1157875.82540,0
1770971400000,4979.74,4980.77,4975.71,4979.51,361.655,1770971699999,1800535.25262,1848,207.355,1032366.16570,0
1770971700000,4979.52,4982.48,4977.42,4979.15,488.285,1770971999999,2431763.14682,1848,256.849,1279155.04120,0
1770972000000,4979.15,4982.39,4978.00,4981.14,346.939,1770972299999,1727892.87653,1573,180.236,897694.62910,0
1770972300000,4981.20,4984.31,4977.57,4977.70,397.631,1770972599999,1980737.21790,2009,243.807,1214492.57139,0
1770972600000,4977.71,4981.14,4970.08,4978.66,1017.016,1770972899999,5060363.22886,2984,634.966,3159179.23815,0
1770972900000,4978.89,4981.49,4976.64,4980.43,644.660,1770973199999,3209868.58477,1994,373.594,1860186.50863,0
1770973200000,4980.43,4980.71,4974.52,4976.85,420.046,1770973499999,2091051.02130,1913,218.840,1089438.34049,0
1770973500000,4976.70,4978.03,4975.15,4976.17,386.393,1770973799999,1922865.28472,1802,189.190,941512.89849,0
1770973800000,4975.98,4980.24,4975.97,4976.01,592.483,1770974099999,2949077.75079,1896,352.671,1755431.97267,0
1770974100000,4976.01,4979.65,4971.80,4976.65,774.200,1770974399999,3852002.84970,2294,528.494,2629418.82263,0
1770974400000,4976.88,4979.76,4974.24,4976.64,385.346,1770974699999,1918046.02430,1613,276.341,1375514.38507,0
1770974700000,4976.58,4977.00,4963.40,4963.80,960.263,1770974999999,4772081.52936,3632,509.707,2533349.52532,0
1770975000000,4963.79,4970.38,4960.55,4967.34,1094.296,1770975299999,5433047.17947,3047,790.491,3924698.59522,0
1770975300000,4967.44,4968.59,4963.85,4964.80,319.586,1770975599999,1587045.67686,1559,169.777,843078.80434,0
1770975600000,4964.09,4972.86,4964.09,4969.96,658.250,1770975899999,3269800.91684,2500,463.300,2301291.45520,0
1770975900000,4969.85,4975.72,4969.14,4971.99,591.450,1770976199999,2940879.94336,2351,314.818,1565336.43613,0
1770976200000,4971.99,4974.30,4969.50,4970.80,422.050,1770976499999,2098356.85875,1794,253.890,1262346.28880,0
1770976500000,4970.80,4974.41,4967.88,4969.34,523.447,1770976799999,2602245.60098,1884,325.120,1616360.05073,0
1770976800000,4969.33,4970.35,4966.22,4970.35,345.713,1770977099999,1717447.44391,1515,196.625,976794.02017,0
1770977100000,4970.45,4975.29,4968.31,4970.87,505.174,1770977399999,2511614.27075,1873,296.377,1473434.39090,0
1770977400000,4970.71,4975.43,4968.58,4970.63,469.929,1770977699999,2336895.88436,2000,219.499,1091592.47619,0
1770977700000,4970.64,4973.93,4966.00,4966.13,394.162,1770977999999,1958952.49952,1898,189.038,939594.47572,0
1770978000000,4966.13,4971.58,4966.13,4969.61,306.504,1770978299999,1522983.84058,1361,229.407,1139824.30614,0
1770978300000,4969.63,4978.14,4969.61,4975.31,498.037,1770978599999,2477564.85299,2125,246.165,1224501.75471,0
1770978600000,4975.35,4976.14,4969.18,4970.16,596.549,1770978899999,2966124.91306,1974,334.425,1662740.76750,0
1770978900000,4970.16,4971.07,4968.50,4968.99,367.928,1770979199999,1828562.37205,1156,279.411,1388665.36753,0
1770979200000,4969.00,4970.44,4967.09,4968.59,313.355,1770979499999,1557012.13787,1366,154.207,766218.30916,0
1770979500000,4968.60,4969.62,4958.47,4962.24,1013.343,1770979799999,5029165.02131,2863,512.814,2545002.96405,0
1770979800000,4962.23,4967.19,4961.34,4961.35,678.335,1770980099999,3367421.57175,2350,407.834,2024523.35669,0
1770980100000,4961.35,4963.62,4947.88,4950.55,1708.740,1770980399999,8465414.23528,5497,886.048,4389471.97042,0
1770980400000,4950.52,4952.60,4945.33,4946.31,1623.667,1770980699999,8034664.38923,5979,928.960,4597017.46787,0
1770980700000,4946.31,4950.16,4941.52,4947.43,1317.630,1770980999999,6516855.03515,5007,735.812,3639322.62726,0
1770981000000,4947.44,4953.40,4944.30,4951.44,1197.404,1770981299999,5926122.25190,4551,693.497,3432267.11694,0
1770981300000,4951.43,4951.58,4945.86,4948.93,650.166,1770981599999,3217438.50985,2739,351.700,1740446.69770,0
1770981600000,4948.93,4952.99,4933.26,4939.44,1292.404,1770981899999,6388705.64165,4546,649.711,3212203.03750,0
1770981900000,4939.45,4945.60,4935.49,4945.00,1037.241,1770982199999,5124079.41823,3801,617.027,3048296.31595,0
1770982200000,4945.00,4945.44,4936.39,4941.55,844.234,1770982499999,4169751.83752,3448,486.716,2403835.77430,0
1770982500000,4941.54,4949.31,4940.68,4944.41,542.947,1770982799999,2685419.20378,2597,362.675,1793829.57695,0
1770982800000,4944.79,4948.93,4942.26,4944.40,396.554,1770983099999,1961375.73964,2183,160.808,795416.63616,0
1770983100000,4944.45,4945.67,4940.57,4944.21,458.076,1770983399999,2264602.00911,2383,319.627,1580159.88099,0
1770983400000,4944.21,4952.00,4941.72,4950.53,422.754,1770983699999,2091623.29659,2213,260.618,1289476.67595,0
1770983700000,4950.54,4954.75,4949.40,4953.32,419.016,1770983999999,2074819.21824,1937,259.792,1286402.79487,0
1770984000000,4953.25,4959.47,4952.24,4958.37,723.451,1770984299999,3584972.45052,3141,418.759,2075153.17740,0
1770984300000,4958.37,4963.72,4956.20,4956.65,787.801,1770984599999,3907657.16021,3008,385.082,1910297.80363,0
1770984600000,4956.66,4963.67,4953.82,4962.75,536.165,1770984899999,2658578.76387,2684,305.446,1514535.99510,0
1770984900000,4962.74,4968.50,4961.89,4966.07,787.848,1770985199999,3912218.99126,2772,385.006,1911817.52295,0
1770985200000,4966.08,4971.89,4965.49,4970.30,690.044,1770985499999,3429090.85173,2572,353.154,1754963.44921,0
1770985500000,4970.30,4971.59,4965.32,4965.85,622.534,1770985799999,3092932.46209,2159,257.691,1280353.30263,0
1770985800000,4965.85,4970.75,4962.42,4969.90,692.828,1770986099999,3440806.03801,2107,447.305,2221689.43560,0
1770986100000,4969.89,4972.00,4966.74,4968.00,553.001,1770986399999,2748193.86504,1853,287.968,1431086.62328,0
1770986400000,4968.02,4970.38,4965.00,4965.61,391.659,1770986699999,1945566.96750,1550,186.355,925769.35725,0
1770986700000,4965.84,4971.70,4964.64,4969.62,462.108,1770986999999,2295655.62806,1967,282.422,1403091.39908,0
1770987000000,4969.56,4971.77,4963.95,4969.91,703.681,1770987299999,3495941.87415,2272,462.776,2299030.31483,0
1770987300000,4969.90,4973.49,4965.92,4968.49,541.780,1770987599999,2692707.66110,2142,300.595,1494053.99556,0
1770987600000,4968.50,4974.94,4968.50,4970.71,486.724,1770987899999,2420048.96267,2175,185.491,922291.55706,0
1770987900000,4970.70,4971.22,4965.86,4968.08,462.633,1770988199999,2298575.85842,1953,252.563,1254843.70777,0
1770988200000,4968.27,4968.63,4965.55,4966.02,299.640,1770988499999,1488267.59306,1670,128.218,636871.67422,0
1770988500000,4966.03,4966.91,4960.06,4961.25,533.364,1770988799999,2647439.61018,2170,203.127,1008332.03067,0
1770988800000,4961.25,4969.85,4956.77,4968.18,915.635,1770989099999,4544216.88788,3289,579.652,2876911.54669,0
1770989100000,4968.18,4968.79,4963.47,4966.77,476.283,1770989399999,2365344.16321,2471,256.250,1272606.12483,0
1770989400000,4966.94,4998.00,4966.94,4992.95,6885.528,1770989699999,34351244.29480,18481,3591.787,17919458.82953,0
1770989700000,4992.80,4995.95,4983.30,4990.69,1888.442,1770989999999,9423630.97685,6871,829.184,4138057.27027,0
1770990000000,4991.04,4992.83,4983.37,4983.85,1441.730,1770990299999,7190296.16317,5124,624.484,3114658.40241,0
1770990300000,4983.85,4985.73,4973.15,4981.19,1640.536,1770990599999,8168828.58693,5342,938.043,4671018.38166,0
1770990600000,4981.20,4986.54,4975.26,4985.19,1178.896,1770990899999,5873932.20011,4025,582.058,2900001.85121,0
1770990900000,4985.18,4991.33,4984.00,4986.55,1089.214,1770991199999,5432962.42061,3707,605.639,3020903.92699,0
1770991200000,4986.54,4994.31,4985.32,4991.36,1181.375,1770991499999,5895518.94277,3916,565.555,2822150.09924,0
1770991500000,4991.33,4995.70,4985.01,4990.60,1043.810,1770991799999,5209234.23938,3740,459.662,2293929.21953,0
1770991800000,4990.60,4999.00,4989.43,4996.62,1127.593,1770992099999,5633002.77588,3718,597.508,2985003.28537,0
1770992100000,4996.75,5005.42,4994.60,5001.93,2093.327,1770992399999,10467787.11558,6478,1247.343,6237648.60803,0
1770992400000,5001.93,5007.91,4999.58,5001.83,1082.003,1770992699999,5413789.45077,3932,645.238,3228626.40566,0
1770992700000,5001.82,5006.33,5001.00,5002.31,746.659,1770992999999,3736193.03625,3042,379.752,1900210.33568,0
1770993000000,5002.38,5010.82,4995.21,5004.37,2175.374,1770993299999,10885868.50120,6914,1174.466,5877769.54612,0
1770993300000,5004.48,5009.78,4986.89,4987.97,1839.602,1770993599999,9197143.26397,7048,883.449,4417505.93843,0
1770993600000,4987.97,4992.00,4965.00,4990.26,4149.350,1770993899999,20653520.51031,13572,2235.191,11125050.54074,0
1770993900000,4990.44,5005.73,4989.73,4996.44,2178.308,1770994199999,10888295.90073,7874,1035.807,5177787.48624,0
1770994200000,4996.62,4998.53,4988.91,4991.45,1863.869,1770994499999,9306350.36030,6463,962.782,4807102.47930,0
1770994500000,4991.31,5003.76,4990.76,4994.61,2419.745,1770994799999,12091976.48879,6913,1371.404,6852949.66579,0
1770994800000,4994.66,5004.50,4991.76,4999.25,2617.707,1770995099999,13085330.53565,7502,1199.680,5996858.41249,0
1770995100000,4999.25,5009.83,4995.51,5008.79,1975.327,1770995399999,9882514.60033,5938,1022.974,5117926.41956,0
1770995400000,5008.80,5009.57,5000.01,5001.86,1789.729,1770995699999,8956474.53824,5345,816.033,4083593.32184,0
1770995700000,5001.77,5005.62,4995.00,4997.66,1021.818,1770995999999,5108647.83322,4764,513.597,2567727.38004,0
1770996000000,4997.66,5002.29,4995.19,5001.29,922.388,1770996299999,4610655.92882,3927,444.714,2223019.31772,0
1770996300000,5001.21,5009.86,4998.55,5007.87,1161.756,1770996599999,5814534.78438,4130,683.635,3421530.80216,0
1770996600000,5007.97,5009.90,5005.98,5006.69,916.952,1770996899999,4592123.63538,3588,392.567,1966048.21655,0
1770996900000,5006.69,5020.50,5005.90,5007.32,2368.872,1770997199999,11874960.94323,6984,1530.756,7673472.29401,0
1770997200000,5007.31,5012.33,5004.00,5006.50,1417.220,1770997499999,7096828.27207,5021,861.640,4315198.35466,0
1770997500000,5006.51,5009.66,4990.33,4995.33,2073.169,1770997799999,10364088.42967,5676,1097.112,5483985.30370,0
1770997800000,4995.33,5000.34,4985.37,4987.61,1396.202,1770998099999,6970735.81838,4257,749.442,3741557.77447,0
1770998100000,4987.65,4988.92,4974.50,4978.29,2472.112,1770998399999,12314355.12658,6076,1183.601,5896344.09514,0
1770998400000,4978.29,4995.00,4977.22,4991.36,1892.380,1770998699999,9434439.51125,5250,1151.735,5741436.90753,0
1770998700000,4991.39,4994.63,4988.33,4991.01,1104.048,1770998999999,5511024.70231,3461,445.344,2223057.01284,0
1770999000000,4991.01,4996.62,4987.43,4996.62,714.711,1770999299999,3566584.39740,3123,353.477,1763995.02417,0
1770999300000,4996.61,5005.97,4995.17,5005.14,1645.973,1770999599999,8232621.76350,5131,914.407,4573760.87283,0
1770999600000,5005.14,5009.00,5003.10,5008.10,1186.548,1770999899999,5939729.95481,4222,609.958,3053399.07481,0
1770999900000,5008.09,5032.00,5007.02,5025.23,3481.648,1771000199999,17485438.54367,9589,2053.748,10313741.37130,0
1771000200000,5025.24,5026.07,5016.49,5017.70,1254.446,1771000499999,6298448.44489,4513,549.741,2760099.54152,0
1771000500000,5017.97,5019.55,5014.06,5015.18,709.784,1771000799999,3560818.55298,2660,363.263,1822539.10367,0
1771000800000,5015.18,5018.45,5013.01,5016.00,718.605,1771001099999,3603851.84919,2419,419.517,2103952.16889,0
1771001100000,5016.20,5017.98,5011.95,5015.12,519.815,1771001399999,2606770.37136,2096,244.294,1225102.34194,0
1771001400000,5015.11,5015.14,5012.84,5013.79,461.264,1771001699999,2312616.10259,1576,263.494,1321054.68434,0
1771001700000,5013.79,5016.34,5006.15,5007.64,828.904,1771001999999,4153860.33309,3179,330.543,1656696.82750,0
1771002000000,5007.65,5013.18,5007.65,5011.54,718.156,1771002299999,3598544.18127,2880,323.755,1622216.27038,0
1771002300000,5011.54,5021.03,5011.19,5012.84,623.936,1771002599999,3129936.02878,2680,308.812,1549290.64729,0
1771002600000,5012.82,5015.15,5009.00,5014.63,503.080,1771002899999,2521357.47097,1989,236.729,1186335.49695,0
1771002900000,5014.68,5015.55,5005.43,5009.76,646.506,1771003199999,3238529.00613,2429,328.003,1643160.53292,0
1771003200000,5009.77,5015.77,5009.77,5012.73,402.739,1771003499999,2018873.81263,1576,211.474,1060026.89465,0
1771003500000,5012.73,5018.58,5011.61,5016.07,379.933,1771003799999,1905430.52205,1873,190.071,953228.60656,0
1771003800000,5016.07,5024.60,5015.06,5023.63,538.081,1771004099999,2701486.58866,2174,304.556,1529001.47904,0
1771004100000,5023.66,5027.00,5017.26,5018.71,822.530,1771004399999,4131949.99595,2644,284.281,1428130.18374,0
1771004400000,5018.71,5021.09,5016.80,5019.91,420.349,1771004699999,2109535.40901,1731,198.207,994727.07569,0
1771004700000,5020.20,5021.78,5018.40,5020.30,410.983,1771004999999,2063106.24205,1870,244.730,1228478.14624,0
1771005000000,5020.30,5023.15,5018.12,5018.81,522.442,1771005299999,2622829.45958,1730,282.399,1417848.02573,0
1771005300000,5018.82,5020.01,5015.52,5019.80,344.362,1771005599999,1727965.52050,1512,155.000,777763.44990,0
1771005600000,5019.81,5023.34,5015.35,5020.32,533.306,1771005899999,2676959.94290,2234,234.840,1178791.71119,0
1771005900000,5020.31,5022.35,5018.23,5020.50,302.618,1771006199999,1519267.66592,1539,128.163,643439.98760,0
1771006200000,5020.49,5028.52,5019.84,5028.01,410.323,1771006499999,2061904.83107,1825,219.482,1102908.58654,0
1771006500000,5028.00,5029.55,5021.53,5021.70,613.714,1771006799999,3084995.87965,2329,184.817,929073.41258,0
1771006800000,5021.87,5028.83,5021.87,5026.30,256.762,1771007099999,1290409.40385,1523,152.161,764661.92970,0
1771007100000,5026.30,5027.05,5019.71,5021.11,385.184,1771007399999,1935203.94194,2118,141.733,712052.17157,0
1771007400000,5021.27,5028.99,5019.66,5027.41,527.127,1771007699999,2648779.80530,2327,228.083,1146004.18454,0
1771007700000,5027.40,5030.00,5026.23,5028.32,465.899,1771007999999,2342669.68587,1798,150.358,756092.52897,0
1771008000000,5028.32,5029.17,5026.45,5028.39,251.898,1771008299999,1266530.45865,1420,93.556,470396.94722,0
1771008300000,5028.37,5030.00,5027.37,5027.76,280.956,1771008599999,1412928.56138,1304,138.660,697346.73761,0
1771008600000,5027.76,5033.52,5025.00,5031.47,865.514,1771008899999,4353814.34750,2476,585.590,2945953.81303,0
1771008900000,5031.46,5032.65,5028.41,5028.41,309.709,1771009199999,1558007.21040,1491,71.722,360767.09037,0
1771009200000,5028.40,5032.81,5028.01,5030.90,358.938,1771009499999,1805592.74299,1552,190.391,957722.66376,0
1771009500000,5030.79,5042.15,5030.79,5042.12,1765.162,1771009799999,8893514.22158,4433,1077.020,5426008.19304,0
1771009800000,5042.12,5042.65,5033.72,5036.21,453.094,1771010099999,2282544.08420,1987,177.118,892321.50850,0
1771010100000,5036.22,5038.45,5035.05,5038.01,326.141,1771010399999,1642570.71884,1617,206.961,1042344.79009,0
1771010400000,5038.19,5043.96,5038.19,5042.68,434.814,1771010699999,2191893.22362,1930,283.202,1427757.16438,0
1771010700000,5042.69,5043.20,5039.44,5040.55,521.413,1771010999999,2629088.26485,1765,130.176,656347.65169,0
1771011000000,5040.46,5041.99,5039.10,5039.39,262.999,1771011299999,1325717.09508,1298,153.760,775089.68709,0
1771011300000,5039.39,5039.70,5036.44,5037.11,255.565,1771011599999,1287529.20563,1442,112.749,568022.95143,0
1771011600000,5037.11,5037.44,5031.71,5033.45,498.433,1771011899999,2509062.93199,1990,210.946,1061796.89523,0
1771011900000,5033.48,5036.72,5032.77,5033.39,364.074,1771012199999,1832983.51526,1401,217.930,1097187.31237,0
1771012200000,5033.38,5033.99,5029.20,5030.47,357.099,1771012499999,1796425.12338,1369,174.244,876484.69354,0
1771012500000,5030.41,5032.08,5022.90,5022.90,571.264,1771012799999,2871872.85513,2018,178.652,898289.75507,0
1771012800000,5022.81,5031.87,5022.51,5029.74,670.781,1771013099999,3371976.37112,2457,372.531,1872522.49128,0
1771013100000,5029.73,5030.72,5026.37,5027.40,369.884,1771013399999,1859915.36361,1627,186.448,937535.78055,0
1771013400000,5027.42,5029.82,5026.15,5027.40,167.941,1771013699999,844380.15518,1088,84.214,423402.16874,0
1771013700000,5027.35,5030.37,5026.33,5029.69,245.004,1771013999999,1232063.49695,1294,153.932,774123.06054,0
1771014000000,5029.69,5030.49,5025.96,5029.85,219.803,1771014299999,1105207.11712,1114,122.595,616505.38450,0
1771014300000,5029.84,5031.40,5026.87,5027.29,187.606,1771014599999,943494.41355,1135,97.041,488021.06742,0
1771014600000,5027.20,5028.32,5022.33,5023.77,330.628,1771014899999,1661544.73601,1728,168.034,844483.43487,0
1771014900000,5023.71,5027.47,5023.55,5025.37,207.430,1771015199999,1042340.83283,1384,86.669,435531.90386,0
1771015200000,5025.38,5031.50,5024.01,5027.41,528.706,1771015499999,2658228.33839,1925,283.551,1425714.99433,0
1771015500000,5027.83,5028.32,5023.98,5025.96,189.960,1771015799999,954654.77862,1113,75.601,379953.27631,0
1771015800000,5025.93,5026.67,5020.13,5025.25,280.439,1771016099999,1408943.88206,1654,121.779,611825.70863,0
1771016100000,5025.39,5032.80,5021.54,5030.40,412.250,1771016399999,2072458.15201,1976,257.246,1293474.10742,0
1771016400000,5030.28,5032.36,5027.97,5030.41,212.737,1771016699999,1070172.47811,1208,83.271,418890.54205,0
1771016700000,5030.41,5032.35,5028.01,5028.87,257.010,1771016999999,1292902.90947,1005,126.198,634838.97286,0
1771017000000,5028.87,5030.00,5026.43,5029.86,163.040,1771017299999,819704.75687,818,119.368,600159.54879,0
1771017300000,5029.86,5031.17,5028.73,5028.73,101.233,1771017599999,509226.69378,560,35.599,179072.81598,0
1771017600000,5028.73,5028.73,5026.93,5027.57,118.463,1771017899999,595595.23914,596,62.088,312157.23905,0
1771017900000,5027.57,5029.09,5026.70,5028.47,103.126,1771018199999,518483.56913,614,54.213,272570.74946,0
1771018200000,5028.30,5030.64,5026.68,5030.28,111.095,1771018499999,558658.33403,622,65.436,329028.01421,0
1771018500000,5030.30,5030.68,5028.90,5029.74,78.896,1771018799999,396841.22635,555,26.228,131925.02556,0
1771018800000,5029.74,5035.00,5029.42,5034.50,211.262,1771019099999,1063367.70253,772,143.035,719910.73515,0
1771019100000,5034.49,5041.34,5033.46,5038.37,538.339,1771019399999,2711960.12101,1834,274.368,1381989.30653,0
1771019400000,5038.38,5038.85,5034.40,5038.74,283.318,1771019699999,1426872.82019,1213,167.258,842294.86513,0
1771019700000,5038.77,5038.77,5035.35,5035.81,349.869,1771019999999,1762368.26073,1212,203.049,1022798.59339,0
1771020000000,5035.81,5038.87,5035.81,5037.40,188.798,1771020299999,951034.33685,830,137.307,691647.34879,0
1771020300000,5037.37,5039.82,5037.36,5038.74,83.894,1771020599999,422706.80060,409,48.243,243077.64281,0
1771020600000,5038.75,5039.63,5035.68,5035.68,74.535,1771020899999,375472.88365,488,18.252,91951.30549,0
1771020900000,5035.69,5039.01,5035.60,5036.65,104.369,1771021199999,525733.37153,707,59.107,297724.27550,0
1771021200000,5036.59,5037.72,5036.39,5037.30,89.855,1771021499999,452623.30889,495,35.387,178252.56115,0
1771021500000,5037.31,5038.04,5036.00,5036.01,105.775,1771021799999,532767.51155,443,24.954,125704.50909,0
1771021800000,5036.01,5038.91,5036.01,5036.87,133.559,1771022099999,672788.65353,579,67.733,341199.04713,0
1771022100000,5036.88,5038.94,5036.79,5038.83,119.968,1771022399999,604374.17106,542,68.521,345216.26118,0
1771022400000,5038.83,5038.84,5035.10,5036.04,236.885,1771022699999,1193020.65872,1012,77.536,390513.72930,0
1771022700000,5036.01,5039.02,5036.01,5039.02,167.793,1771022999999,845319.15713,591,103.159,519735.21799,0
1771023000000,5039.02,5040.24,5038.11,5038.44,94.542,1771023299999,476404.33862,443,50.382,253881.55843,0
1771023300000,5038.44,5038.86,5035.10,5036.73,176.969,1771023599999,891246.96733,928,61.265,308539.70868,0
1771023600000,5036.73,5038.79,5036.73,5037.27,72.367,1771023899999,364567.55658,406,56.478,284525.97437,0
1771023900000,5037.26,5038.50,5036.40,5036.92,143.771,1771024199999,724204.18265,896,36.788,185313.07318,0
1771024200000,5036.91,5040.00,5036.91,5039.79,66.247,1771024499999,333822.60788,530,52.872,266427.16954,0
1771024500000,5039.80,5040.00,5038.32,5038.37,29.749,1771024799999,149916.40244,387,5.957,30018.63734,0
1771024800000,5038.38,5039.44,5038.33,5039.26,33.422,1771025099999,168413.68836,344,15.794,79585.58186,0
1771025100000,5039.30,5039.36,5037.00,5037.40,190.453,1771025399999,959570.86488,554,51.046,257224.86228,0
1771025400000,5037.33,5039.05,5037.17,5038.20,94.715,1771025699999,477184.19439,460,54.179,272954.61638,0
1771025700000,5038.21,5038.21,5037.23,5037.23,68.210,1771025999999,343625.64688,424,34.113,171849.55872,0
1771026000000,5037.22,5038.39,5036.19,5037.20,189.417,1771026299999,954147.59960,650,75.403,379847.57630,0
1771026300000,5037.20,5038.11,5036.50,5036.95,114.045,1771026599999,574465.03520,483,33.963,171089.99534,0
1771026600000,5036.96,5039.00,5036.95,5039.00,74.792,1771026899999,376786.38157,298,52.183,262883.32426,0
1771026900000,5039.00,5039.00,5037.31,5037.59,97.736,1771027199999,492385.28753,463,48.853,246109.04096,0
1771027200000,5037.60,5037.85,5036.33,5036.98,195.397,1771027499999,984260.83706,574,126.167,635535.06581,0
1771027500000,5036.99,5037.38,5036.50,5037.02,89.952,1771027799999,453086.93092,472,67.691,340961.10963,0
1771027800000,5037.03,5037.38,5037.02,5037.36,45.140,1771028099999,227383.22273,284,36.205,182374.56311,0
1771028100000,5037.36,5037.38,5036.68,5036.79,56.809,1771028399999,286155.27110,298,23.552,118639.16973,0
1771028400000,5036.80,5037.33,5036.79,5037.21,205.639,1771028699999,1035798.19897,413,99.259,499962.67693,0
1771028700000,5037.22,5037.49,5037.13,5037.49,296.879,1771028999999,1495491.67694,305,226.134,1139123.73505,0
1771029000000,5037.49,5039.99,5037.48,5038.52,278.157,1771029299999,1401598.50860,624,125.164,630648.09775,0
1771029300000,5038.53,5040.59,5038.30,5040.29,100.162,1771029599999,504718.82010,478,62.892,316928.46352,0
1771029600000,5040.29,5040.54,5039.10,5039.27,44.094,1771029899999,222226.29950,313,18.262,92037.95157,0
1771029900000,5039.27,5039.57,5038.12,5038.56,86.891,1771030199999,437824.82590,429,18.780,94627.80815,0
1771030200000,5038.56,5039.93,5038.55,5039.81,119.719,1771030499999,603325.99519,681,70.019,352851.11031,0
1771030500000,5039.82,5040.71,5039.00,5039.91,175.247,1771030799999,883194.33025,456,56.779,286164.57697,0
1771030800000,5039.90,5041.37,5039.49,5040.11,181.048,1771031099999,912599.95083,758,99.701,502556.91010,0
1771031100000,5040.11,5040.89,5039.00,5039.89,196.151,1771031399999,988637.97047,506,71.613,360934.18775,0
1771031400000,5040.00,5040.42,5040.00,5040.00,17.834,1771031699999,89889.84840,177,7.823,39430.63512,0
1771031700000,5040.01,5040.42,5039.65,5040.42,44.563,1771031999999,224592.58033,207,13.578,68433.07249,0
1771032000000,5040.42,5041.83,5040.41,5041.44,89.129,1771032299999,449308.31880,478,62.651,315828.19172,0
1771032300000,5041.44,5041.44,5040.30,5040.31,29.676,1771032599999,149588.27846,166,7.126,35921.13895,0
1771032600000,5040.31,5040.31,5040.13,5040.21,29.597,1771032899999,149176.30882,184,13.567,68381.04368,0
1771032900000,5040.21,5040.51,5040.20,5040.51,39.048,1771033199999,196814.90264,246,34.339,173080.00163,0
1771033200000,5040.51,5041.26,5040.51,5041.20,60.049,1771033499999,302707.04729,308,40.185,202574.57800,0
1771033500000,5041.20,5041.21,5040.71,5040.72,68.036,1771033799999,342975.36506,229,31.981,161220.53133,0
1771033800000,5040.72,5041.91,5040.71,5041.90,74.141,1771034099999,373777.95572,264,52.251,263416.15025,0
1771034100000,5041.89,5042.00,5040.91,5040.91,67.355,1771034399999,339580.86072,368,28.388,143126.43963,0
1771034400000,5040.92,5041.00,5040.24,5041.00,115.869,1771034699999,584055.67359,539,57.201,288335.44319,0
1771034700000,5040.99,5041.00,5040.99,5040.99,33.220,1771034999999,167461.85368,138,18.496,93238.31692,0
1771035000000,5041.00,5041.00,5040.27,5040.70,99.515,1771035299999,501604.62855,286,38.305,193072.07034,0
1771035300000,5040.71,5041.00,5040.25,5040.25,80.363,1771035599999,405086.95246,343,35.743,180173.13721,0
1771035600000,5040.25,5040.50,5040.24,5040.31,148.557,1771035899999,748766.94709,455,63.103,318056.88764,0
1771035900000,5040.32,5040.78,5040.24,5040.24,231.626,1771036199999,1167480.04137,467,108.177,545262.64568,0
1771036200000,5040.25,5040.25,5040.24,5040.25,83.355,1771036499999,420129.40392,467,19.872,100159.84800,0
1771036500000,5040.24,5040.25,5039.00,5039.78,197.530,1771036799999,995479.53641,854,45.071,227125.75617,0
1771036800000,5039.78,5040.51,5039.22,5039.22,277.965,1771037099999,1400877.86521,512,182.822,921388.21336,0
1771037100000,5039.21,5040.52,5039.11,5040.52,169.894,1771037399999,856264.97333,329,140.547,708364.77233,0
1771037400000,5040.52,5041.20,5039.41,5039.41,235.016,1771037699999,1184616.71955,537,131.770,664205.86228,0
1771037700000,5039.41,5039.94,5039.31,5039.70,129.135,1771037999999,650773.55268,1094,78.142,393794.19063,0
1771038000000,5039.70,5040.42,5039.70,5040.00,192.382,1771038299999,969635.94054,517,65.631,330786.23786,0
1771038300000,5040.01,5040.01,5039.52,5039.58,44.926,1771038599999,226411.30196,292,6.798,34259.81631,0
1771038600000,5039.58,5040.10,5038.50,5040.00,275.475,1771038899999,1388196.24320,656,160.793,810265.77627,0
1771038900000,5040.00,5040.01,5038.52,5038.52,84.645,1771039199999,426564.78244,374,27.511,138647.72273,0
1771039200000,5038.53,5038.81,5038.52,5038.75,43.427,1771039499999,218810.52231,207,26.871,135391.59956,0
1771039500000,5038.75,5039.30,5038.01,5038.29,195.681,1771039799999,985989.79379,696,80.770,406968.02817,0
1771039800000,5038.30,5039.11,5038.20,5039.07,155.593,1771040099999,783950.00026,1006,76.236,384118.42868,0
1771040100000,5039.07,5039.08,5038.52,5038.69,146.134,1771040399999,736323.19184,867,87.733,442056.41084,0
1771040400000,5038.69,5038.81,5038.47,5038.48,67.560,1771040699999,340409.23716,384,23.676,119294.95289,0
1771040700000,5038.47,5038.49,5038.30,5038.30,44.678,1771040999999,225103.87051,174,15.109,76124.87125,0
1771041000000,5038.31,5038.31,5038.27,5038.27,57.978,1771041299999,292109.07567,206,19.814,99828.50755,0
1771041300000,5038.28,5040.01,5038.28,5039.71,301.807,1771041599999,1520829.42057,829,202.590,1020869.34984,0
1771041600000,5039.72,5039.99,5038.41,5038.41,131.327,1771041899999,661769.32463,431,16.597,83642.15418,0
1771041900000,5038.42,5039.31,5038.41,5038.81,97.420,1771042199999,490879.88519,371,49.332,248572.16933,0
1771042200000,5038.81,5038.82,5038.38,5038.59,116.250,1771042499999,585733.23239,331,28.173,141951.39459,0
1771042500000,5038.59,5039.11,5038.59,5038.59,88.938,1771042799999,448142.98708,497,37.826,190597.68776,0
1771042800000,5038.60,5038.91,5038.59,5038.91,79.528,1771043099999,400716.19165,643,51.460,259290.14575,0
1771043100000,5038.90,5038.91,5037.51,5037.81,238.747,1771043399999,1202826.88010,677,34.654,174587.22722,0
1771043400000,5037.81,5038.39,5037.51,5037.65,217.437,1771043699999,1095428.36899,809,82.180,414014.42497,0
1771043700000,5037.51,5037.51,5036.50,5036.50,173.245,1771043999999,872651.46395,641,24.007,120925.11847,0
1771044000000,5036.50,5036.51,5035.70,5036.04,260.560,1771044299999,1312184.69937,714,91.311,459828.14177,0
1771044300000,5036.05,5036.05,5035.00,5035.81,569.285,1771044599999,2866485.50948,696,193.375,973683.35931,0
1771044600000,5035.81,5035.81,5034.01,5034.30,179.161,1771044899999,902060.47592,656,23.652,119072.67532,0
1771044900000,5034.31,5034.73,5034.00,5034.00,155.408,1771045199999,782388.08646,538,53.060,267126.06718,0
1771045200000,5034.00,5035.16,5033.21,5033.49,269.979,1771045499999,1359102.95598,826,167.309,842259.95072,0
1771045500000,5033.49,5034.90,5033.49,5034.25,85.619,1771045799999,431014.77045,569,29.657,149293.40585,0
1771045800000,5034.25,5036.00,5034.24,5035.99,102.086,1771046099999,514034.19400,562,75.862,381987.99918,0
1771046100000,5035.99,5036.74,5034.74,5035.03,476.561,1771046399999,2399721.46914,1047,109.084,549253.71499,0
1771046400000,5035.03,5037.61,5034.97,5037.61,219.173,1771046699999,1103664.18001,607,189.266,953041.04008,0
1771046700000,5037.60,5037.61,5035.80,5036.49,112.482,1771046999999,566547.30660,520,31.246,157373.10514,0
1771047000000,5036.50,5036.94,5036.49,5036.94,115.870,1771047299999,583616.79798,323,86.519,435780.09892,0
1771047300000,5036.94,5037.25,5035.99,5035.99,335.783,1771047599999,1691306.30413,568,52.508,264476.91439,0
1771047600000,5036.00,5036.00,5035.99,5035.99,37.384,1771047899999,188265.49624,137,4.608,23205.88800,0
1771047900000,5036.00,5036.00,5034.94,5034.94,161.362,1771048199999,812581.25045,295,51.630,260002.71999,0
1771048200000,5034.95,5036.55,5034.42,5035.91,110.926,1771048499999,558565.33968,376,45.703,230138.38279,0
1771048500000,5035.91,5035.91,5034.72,5035.37,76.993,1771048799999,387685.31246,275,23.138,116506.85852,0
1771048800000,5035.37,5035.56,5035.36,5035.37,75.833,1771049099999,381851.60236,297,19.055,95949.42398,0
1771049100000,5035.37,5035.38,5033.60,5033.61,285.008,1771049399999,1434805.66930,632,24.024,120952.74708,0
1771049400000,5033.61,5034.55,5033.52,5034.21,304.622,1771049699999,1533448.26318,670,158.658,798671.78260,0
1771049700000,5034.22,5034.32,5033.00,5033.35,287.629,1771049999999,1447770.99409,436,112.754,567536.03989,0
1771050000000,5033.35,5034.90,5033.12,5034.90,139.535,1771050299999,702419.33106,405,111.543,561516.43365,0
1771050300000,5034.90,5034.91,5033.56,5033.60,254.072,1771050599999,1279063.06520,335,28.657,144268.52664,0
1771050600000,5033.60,5034.68,5033.22,5034.35,172.342,1771050899999,867578.97835,384,55.944,281613.52062,0
1771050900000,5034.36,5035.14,5033.99,5033.99,125.830,1771051199999,633502.86629,391,44.515,224120.84246,0
1771051200000,5033.99,5034.48,5033.99,5034.00,94.926,1771051499999,477864.57388,229,54.372,273711.43313,0
1771051500000,5034.01,5034.68,5034.00,5034.67,143.169,1771051799999,720770.50316,332,76.416,384702.94203,0
1771051800000,5034.67,5034.68,5033.22,5033.24,136.305,1771052099999,686166.78924,364,26.756,134690.61559,0
1771052100000,5033.44,5034.45,5033.24,5034.21,291.378,1771052399999,1466742.30473,725,189.958,956215.10309,0
1771052400000,5034.22,5034.57,5033.58,5033.58,154.972,1771052699999,780157.99302,461,41.676,209810.96849,0
1771052700000,5033.58,5033.89,5033.23,5033.71,247.171,1771052999999,1244163.00857,409,124.083,624584.98897,0
1771053000000,5033.71,5033.75,5033.51,5033.59,118.551,1771053299999,596742.55164,387,39.649,199579.45796,0
1771053300000,5033.60,5033.89,5033.59,5033.77,99.403,1771053599999,500370.23665,319,57.922,291564.93974,0
1771053600000,5033.77,5034.67,5033.16,5034.67,633.167,1771053899999,3187331.54409,1488,217.765,1096257.88925,0
1771053900000,5034.67,5035.06,5034.42,5034.43,154.845,1771054199999,779596.35886,347,74.250,373823.93339,0
1771054200000,5034.43,5035.49,5034.43,5035.49,152.376,1771054499999,767198.18042,630,100.697,506997.89987,0
1771054500000,5035.50,5035.99,5035.36,5035.36,83.945,1771054799999,422725.20748,327,18.677,94053.08142,0
1771054800000,5035.36,5040.71,5035.36,5040.62,910.152,1771055099999,4585927.19490,1345,833.105,4197695.68635,0
1771055100000,5040.61,5040.62,5038.19,5038.19,330.475,1771055399999,1665329.77501,947,68.065,343017.28067,0
1771055400000,5038.20,5039.91,5038.19,5039.90,157.189,1771055699999,792140.60330,386,77.562,390842.67284,0
1771055700000,5039.91,5040.01,5039.21,5039.21,145.158,1771055999999,731580.36612,392,61.656,310741.46635,0
1771056000000,5039.22,5039.22,5037.91,5038.10,169.106,1771056299999,852019.76010,535,58.820,296343.34398,0
1771056300000,5038.11,5038.71,5037.91,5038.00,228.109,1771056599999,1149246.25301,704,156.453,788230.45658,0
1771056600000,5038.01,5038.60,5037.23,5037.23,176.020,1771056899999,886817.63863,573,81.725,411753.88688,0
1771056900000,5037.23,5037.24,5034.70,5034.71,215.843,1771057199999,1086947.35383,886,36.266,182628.24773,0
1771057200000,5034.71,5037.50,5034.71,5037.40,176.878,1771057499999,890903.61017,685,99.365,500460.58901,0
1771057500000,5037.40,5037.40,5035.67,5035.68,52.790,1771057799999,265883.61094,309,4.490,22615.14535,0
1771057800000,5035.68,5035.77,5034.55,5034.85,177.888,1771058099999,895682.74946,524,39.824,200509.77746,0
1771058100000,5034.85,5035.22,5034.85,5035.21,139.909,1771058399999,704445.38707,432,87.011,438104.18177,0
1771058400000,5035.22,5035.54,5034.87,5034.93,112.791,1771058699999,567914.58042,426,40.250,202665.04345,0
1771058700000,5034.94,5035.64,5034.94,5035.45,81.768,1771058999999,411732.07791,506,37.594,189299.47577,0
1771059000000,5035.46,5035.78,5034.79,5035.21,312.942,1771059299999,1575732.61264,1285,68.250,343658.52884,0
1771059300000,5035.22,5035.43,5035.21,5035.43,51.411,1771059599999,258869.78467,250,19.569,98535.66412,0
1771059600000,5035.42,5037.29,5035.42,5036.97,189.712,1771059899999,955475.60285,652,150.023,755576.26878,0
1771059900000,5036.77,5037.61,5036.76,5037.61,92.497,1771060199999,465937.32178,539,59.387,299148.20440,0
1771060200000,5037.60,5037.61,5035.87,5036.50,90.652,1771060499999,456596.11919,479,21.533,108457.65509,0
1771060500000,5036.50,5036.94,5035.68,5036.94,96.502,1771060799999,486002.12908,434,58.048,292335.01905,0
1771060800000,5036.97,5037.31,5036.12,5036.12,122.759,1771061099999,618357.95839,487,43.165,217429.21790,0
1771061100000,5036.09,5036.09,5035.61,5035.61,58.212,1771061399999,293151.41667,223,12.105,60960.62664,0
1771061400000,5035.61,5037.31,5035.61,5036.22,135.430,1771061699999,682139.20130,418,60.239,303402.29222,0
1771061700000,5036.19,5036.20,5035.04,5035.67,79.488,1771061999999,400261.69560,282,27.715,139555.39473,0
1771062000000,5035.68,5037.24,5035.67,5037.24,115.627,1771062299999,582345.54002,337,82.968,417869.52049,0
1771062300000,5036.80,5037.41,5035.92,5035.93,45.203,1771062599999,227681.98739,316,22.383,112746.07258,0
1771062600000,5035.92,5036.71,5035.36,5036.70,99.884,1771062899999,503009.86828,484,51.412,258909.55388,0
1771062900000,5036.70,5037.20,5035.00,5035.66,264.077,1771063199999,1329936.81624,743,106.622,536949.84165,0
1771063200000,5035.65,5035.66,5034.77,5034.77,81.690,1771063499999,411314.46972,346,4.477,22541.23170,0
1771063500000,5034.77,5035.27,5034.77,5035.26,33.700,1771063799999,169675.69417,223,19.858,99982.13513,0
1771063800000,5035.26,5035.27,5034.70,5034.70,41.091,1771064099999,206898.62684,326,15.926,80191.08625,0
1771064100000,5034.71,5035.56,5034.70,5035.01,48.607,1771064399999,244741.83473,385,27.163,136767.43047,0
1771064400000,5035.01,5035.02,5035.01,5035.01,28.636,1771064699999,144182.60024,182,5.388,27128.68776,0
1771064700000,5035.01,5035.02,5034.53,5034.53,56.625,1771064999999,285094.34746,241,4.791,24120.59597,0
1771065000000,5034.53,5035.25,5034.53,5035.20,40.121,1771065299999,202000.54029,310,25.132,126532.36338,0
1771065300000,5035.20,5035.21,5035.20,5035.20,42.439,1771065599999,213689.06806,162,21.526,108387.93046,0
1771065600000,5035.20,5035.21,5035.11,5035.12,18.840,1771065899999,94862.01757,119,7.244,36474.55516,0
1771065900000,5035.11,5035.34,5034.87,5035.34,111.245,1771066199999,560117.39770,340,72.218,363617.34801,0
1771066200000,5035.33,5035.84,5035.18,5035.78,62.646,1771066499999,315459.97808,311,39.733,200077.83388,0
1771066500000,5035.82,5036.00,5035.51,5035.89,77.262,1771066799999,389068.09564,326,53.330,268551.47672,0
1771066800000,5035.90,5036.09,5035.89,5036.04,51.807,1771067099999,260900.57052,275,26.523,133569.49336,0
1771067100000,5036.03,5036.63,5036.03,5036.50,114.717,1771067399999,577761.89629,316,56.921,286673.46257,0
1771067400000,5036.51,5036.51,5036.09,5036.21,103.943,1771067699999,523480.66726,325,71.814,361669.67652,0
1771067700000,5036.21,5036.30,5035.05,5035.05,114.446,1771067999999,576344.29391,369,40.459,203751.96774,0
1771068000000,5035.05,5037.80,5035.05,5036.90,181.306,1771068299999,913207.18189,666,106.166,534742.59188,0
1771068300000,5036.90,5036.90,5036.89,5036.90,67.895,1771068599999,341980.09448,209,44.793,225617.86170,0
1771068600000,5036.90,5037.20,5036.89,5037.06,187.532,1771068899999,944615.03939,345,60.548,304983.45795,0
1771068900000,5037.07,5037.70,5037.06,5037.70,175.175,1771069199999,882449.75654,317,164.625,829303.20878,0
1771069200000,5037.69,5037.70,5037.07,5037.07,96.308,1771069499999,485150.27980,238,35.067,176648.95151,0
1771069500000,5037.07,5037.97,5037.07,5037.97,200.440,1771069799999,1009721.36625,413,145.391,732397.71328,0
1771069800000,5037.97,5039.00,5037.97,5038.77,200.268,1771070099999,1009069.33880,694,146.644,738869.32602,0
1771070100000,5038.77,5039.31,5038.27,5038.28,303.536,1771070399999,1529454.12447,785,185.925,936841.23012,0
1771070400000,5038.28,5038.28,5036.37,5037.31,386.261,1771070699999,1945637.41876,874,98.338,495323.08615,0
1771070700000,5037.31,5037.31,5036.10,5036.31,309.303,1771070999999,1557898.41627,837,55.936,281716.25878,0
1771071000000,5036.31,5036.83,5035.56,5035.57,217.031,1771071299999,1093008.67821,601,93.811,472434.77508,0
1771071300000,5035.57,5035.96,5035.56,5035.95,110.145,1771071599999,554649.98026,264,75.481,380091.71892,0
1771071600000,5035.95,5036.00,5035.95,5036.00,124.739,1771071899999,628181.40316,193,84.813,427114.99314,0
1771071900000,5036.00,5037.00,5036.00,5036.18,111.215,1771072199999,560157.82729,312,53.441,269154.43431,0
1771072200000,5036.18,5037.00,5036.17,5036.85,118.078,1771072499999,594727.87897,352,88.717,446848.54756,0
1771072500000,5036.85,5037.00,5036.02,5036.17,108.809,1771072799999,548022.09700,379,48.207,242793.64147,0
1771072800000,5036.17,5036.17,5035.22,5035.90,154.673,1771073099999,778865.94490,633,39.510,198955.57160,0
1771073100000,5036.04,5037.00,5035.76,5037.00,127.924,1771073399999,644328.25675,311,84.029,423242.30508,0
1771073400000,5037.00,5037.00,5036.47,5036.55,98.930,1771073699999,498288.83403,272,53.725,270601.59343,0
1771073700000,5036.54,5037.00,5036.54,5036.54,120.836,1771073999999,608634.92247,342,42.847,215810.89181,0
1771074000000,5036.55,5037.62,5036.26,5037.23,245.323,1771074299999,1235726.78136,580,196.351,989040.65863,0
1771074300000,5037.24,5038.00,5037.23,5037.99,261.969,1771074599999,1319712.90728,390,227.289,1145001.02187,0
1771074600000,5038.00,5038.71,5037.99,5038.70,218.514,1771074899999,1100980.44156,505,124.930,629451.12294,0
1771074900000,5038.71,5038.86,5037.41,5037.41,145.462,1771075199999,732861.12667,425,48.540,244564.14540,0
1771075200000,5037.42,5037.59,5037.22,5037.58,61.233,1771075499999,308452.18068,207,21.471,108157.55620,0
1771075500000,5037.58,5037.59,5036.53,5036.54,75.150,1771075799999,378547.75140,218,8.833,44496.97000,0
1771075800000,5036.53,5037.03,5036.53,5037.02,48.617,1771076099999,244869.91610,213,26.727,134615.73618,0
1771076100000,5037.03,5037.03,5036.40,5036.95,45.082,1771076399999,227068.81166,226,18.826,94819.87768,0
1771076400000,5036.95,5037.30,5036.54,5036.54,39.558,1771076699999,199253.20073,224,11.966,60273.41003,0
1771076700000,5036.54,5037.31,5036.52,5037.30,69.805,1771076999999,351591.53705,206,56.132,282724.04829,0
1771077000000,5037.31,5037.31,5036.00,5036.39,71.974,1771077299999,362499.48641,266,18.971,95541.58720,0
1771077300000,5036.40,5036.87,5036.34,5036.86,42.564,1771077599999,214382.69356,249,30.225,152234.23583,0
1771077600000,5036.87,5036.87,5035.39,5035.40,77.709,1771077899999,391362.54609,447,10.816,54475.98110,0
1771077900000,5035.40,5036.80,5035.39,5036.79,95.343,1771078199999,480165.18945,282,69.546,350250.32953,0
1771078200000,5036.80,5036.80,5036.74,5036.80,29.178,1771078499999,146963.49529,377,8.317,41891.01910,0
1771078500000,5036.80,5037.12,5036.70,5036.70,98.150,1771078799999,494369.10101,1714,68.611,345583.62622,0
1771078800000,5036.71,5036.71,5036.10,5036.50,88.026,1771079099999,443321.03339,732,44.428,223749.35897,0
1771079100000,5036.50,5036.71,5036.45,5036.46,119.779,1771079399999,603287.25120,1468,40.980,206401.37567,0
1771079400000,5036.45,5036.46,5036.00,5036.11,168.531,1771079699999,848745.71182,1134,119.730,602971.28507,0
1771079700000,5036.18,5037.01,5036.11,5037.01,109.623,1771079999999,552130.93663,333,65.824,331522.74909,0
1771080000000,5037.00,5037.01,5036.08,5036.61,168.239,1771080299999,847366.54265,378,77.145,388536.99313,0
1771080300000,5036.62,5037.17,5036.61,5037.16,58.961,1771080599999,296977.12922,230,32.169,162030.80339,0
1771080600000,5037.16,5037.17,5036.62,5036.62,72.297,1771080899999,364165.84120,230,22.097,111305.21440,0
1771080900000,5036.62,5037.09,5036.31,5036.88,93.131,1771081199999,469080.64414,666,53.918,271575.45322,0
1771081200000,5036.88,5036.95,5036.52,5036.52,35.592,1771081499999,179271.01358,232,15.170,76408.62708,0
1771081500000,5036.53,5036.53,5036.52,5036.53,28.017,1771081799999,141108.28551,127,10.467,52717.35951,0
1771081800000,5036.53,5036.78,5036.51,5036.66,74.427,1771082099999,374858.91665,288,31.483,158566.10425,0
1771082100000,5036.66,5037.43,5036.66,5037.19,120.182,1771082399999,605375.83989,306,84.434,425306.39176,0
1771082400000,5037.19,5037.43,5037.12,5037.42,30.842,1771082699999,155359.54075,212,13.109,66033.70369,0
1771082700000,5037.43,5037.98,5037.42,5037.59,149.232,1771082999999,751781.79780,311,112.850,568497.13424,0
1771083000000,5037.58,5037.70,5037.01,5037.69,97.578,1771083299999,491541.06975,505,70.269,353973.51331,0
1771083300000,5037.69,5037.70,5037.69,5037.70,125.725,1771083599999,633363.90559,156,33.034,166415.38180,0
1771083600000,5037.69,5037.70,5036.63,5037.05,118.505,1771083899999,596919.69305,359,40.704,205022.08578,0
1771083900000,5037.04,5037.38,5037.04,5037.38,125.009,1771084199999,629684.74790,197,107.480,541386.56802,0
1771084200000,5037.37,5037.38,5037.37,5037.38,68.746,1771084499999,346299.09638,90,5.836,29398.14968,0
1771084500000,5037.37,5037.38,5037.21,5037.31,129.849,1771084799999,654093.49793,257,20.183,101668.15248,0
1771084800000,5037.32,5037.32,5036.00,5036.00,137.138,1771085099999,690699.67225,318,14.781,74446.58741,0
1771085100000,5036.00,5036.01,5035.30,5035.81,244.868,1771085399999,1233043.51376,503,132.090,665142.18759,0
1771085400000,5035.81,5036.39,5035.81,5036.39,104.777,1771085699999,527648.87788,278,79.399,399846.31896,0
1771085700000,5036.38,5036.50,5036.38,5036.49,44.370,1771085999999,223468.92160,191,22.762,114640.52257,0
1771086000000,5036.49,5036.50,5036.05,5036.16,74.700,1771086299999,376206.98370,254,22.526,113446.88689,0
1771086300000,5036.15,5036.16,5035.16,5036.13,330.491,1771086599999,1664323.09101,425,39.730,200067.29052,0
1771086600000,5036.13,5036.15,5035.50,5035.86,64.225,1771086899999,323423.80316,291,32.022,161251.10893,0
1771086900000,5035.86,5036.06,5035.85,5035.98,28.056,1771087199999,141289.59501,191,13.395,67456.82550,0
1771087200000,5035.98,5035.99,5035.16,5035.27,90.683,1771087499999,456618.14123,283,31.915,160700.71348,0
1771087500000,5035.27,5035.53,5034.70,5035.33,280.535,1771087799999,1412530.05954,467,42.417,213571.72842,0
1771087800000,5035.22,5035.36,5035.04,5035.04,56.885,1771088099999,286423.96877,234,37.807,190363.36893,0
1771088100000,5035.05,5035.14,5034.31,5034.31,51.808,1771088399999,260836.84013,332,24.754,124627.13497,0
1771088400000,5034.31,5034.37,5034.25,5034.26,52.692,1771088699999,265265.22974,213,17.777,89494.16583,0
1771088700000,5034.25,5034.74,5034.25,5034.50,93.511,1771088999999,470777.63804,399,56.296,283418.77433,0
1771089000000,5034.50,5034.65,5034.50,5034.65,70.748,1771089299999,356184.49624,178,59.670,300411.71217,0
1771089300000,5034.65,5035.09,5034.07,5034.08,124.142,1771089599999,625016.44800,400,32.279,162520.94927,0
1771089600000,5034.08,5034.82,5034.07,5034.30,84.854,1771089899999,427189.32264,435,35.694,179696.15922,0
1771089900000,5034.31,5035.88,5034.19,5035.21,142.555,1771090199999,717767.29593,659,100.407,505528.17707,0
1771090200000,5035.21,5036.12,5034.02,5036.11,116.644,1771090499999,587256.23734,496,68.134,343037.72025,0
1771090500000,5036.12,5036.49,5034.49,5034.50,96.133,1771090799999,484107.05148,410,23.527,118487.46383,0
1771090800000,5034.50,5035.80,5034.49,5035.50,78.741,1771091099999,396454.05749,363,62.888,316630.62415,0
1771091100000,5035.50,5036.45,5035.19,5035.50,121.022,1771091399999,609455.49864,437,95.737,482124.21335,0
1771091400000,5035.49,5036.34,5034.30,5035.32,371.039,1771091699999,1868212.97629,764,178.323,897845.36045,0
1771091700000,5035.32,5036.40,5035.30,5035.31,239.191,1771091999999,1204530.20752,433,22.612,113872.65598,0
1771092000000,5035.30,5035.98,5034.41,5035.10,328.004,1771092299999,1651531.42049,425,200.420,1009172.09486,0
1771092300000,5035.10,5036.82,5035.09,5036.82,123.587,1771092599999,622418.67352,361,82.346,414708.24699,0
1771092600000,5036.82,5036.82,5035.46,5036.41,235.268,1771092899999,1184779.43555,387,107.286,540265.77967,0
1771092900000,5036.40,5037.06,5035.41,5036.94,138.705,1771093199999,698568.47533,408,77.345,389548.12711,0
1771093200000,5036.95,5037.04,5036.90,5036.92,49.507,1771093499999,249362.73283,157,12.864,64795.02363,0
1771093500000,5036.92,5036.92,5036.43,5036.44,105.485,1771093799999,531315.69426,151,6.402,32246.03274,0
1771093800000,5036.44,5036.93,5036.43,5036.93,40.554,1771094099999,204258.28909,228,28.997,146049.56276,0
1771094100000,5036.94,5037.06,5036.40,5037.06,198.216,1771094399999,998383.64302,448,99.411,500719.93183,0
1771094400000,5036.96,5037.06,5036.59,5036.59,91.140,1771094699999,459070.53999,254,70.353,354369.33798,0
1771094700000,5036.60,5036.60,5035.69,5036.43,164.178,1771094999999,826811.92171,415,88.196,444147.89001,0
1771095000000,5036.43,5037.06,5036.43,5036.95,141.496,1771095299999,712668.96797,314,69.594,350520.37868,0
1771095300000,5036.95,5036.95,5035.85,5036.19,128.652,1771095599999,647914.72207,268,65.839,331561.53353,0
1771095600000,5036.19,5037.06,5036.19,5036.92,143.519,1771095899999,722901.56301,230,141.100,710716.96700,0
1771095900000,5036.92,5037.06,5036.65,5036.87,116.722,1771096199999,587921.80049,250,67.469,339835.89675,0
1771096200000,5036.82,5037.06,5035.99,5037.05,81.254,1771096499999,409245.41834,300,38.384,193326.91346,0
1771096500000,5037.05,5037.05,5036.49,5036.50,53.235,1771096799999,268138.50919,172,8.114,40868.48159,0
1771096800000,5036.50,5037.05,5036.49,5037.04,26.535,1771097099999,133649.99857,112,25.463,128250.53724,0
1771097100000,5037.04,5037.41,5036.90,5036.90,72.439,1771097399999,364886.12593,184,24.883,125339.08180,0
1771097400000,5036.90,5037.71,5036.89,5037.61,100.038,1771097699999,503928.96068,287,80.636,406190.77154,0
1771097700000,5037.61,5037.98,5037.42,5037.90,160.863,1771097999999,810376.31640,274,145.304,731995.90341,0
1771098000000,5037.90,5037.90,5036.79,5037.16,176.650,1771098299999,889816.78673,333,52.526,264569.67891,0
1771098300000,5037.16,5039.11,5037.15,5038.81,292.737,1771098599999,1474889.72013,530,246.548,1242179.37342,0
1771098600000,5038.81,5038.91,5038.61,5038.62,33.180,1771098899999,167187.12878,137,5.358,26998.10096,0
1771098900000,5038.62,5038.62,5038.00,5038.31,32.014,1771099199999,161290.75098,206,17.844,89899.42429,0
1771099200000,5038.31,5038.31,5036.71,5037.30,156.507,1771099499999,788392.77591,438,42.920,216199.02470,0
1771099500000,5037.30,5037.30,5035.92,5035.92,55.393,1771099799999,278996.01679,435,10.856,54679.64627,0
1771099800000,5035.92,5036.82,5034.70,5034.71,446.386,1771100099999,2247977.22556,724,94.748,477187.12517,0
1771100100000,5034.71,5034.92,5034.58,5034.91,54.741,1771100399999,275609.43504,276,26.520,133521.32943,0
1771100400000,5034.92,5035.46,5034.90,5035.39,55.276,1771100699999,278323.99453,269,37.725,189951.44444,0
1771100700000,5035.40,5035.83,5034.43,5034.70,198.805,1771100999999,1001014.73354,435,62.044,312417.56769,0
1771101000000,5034.69,5036.00,5034.69,5035.61,66.056,1771101299999,332633.87458,365,50.372,253651.18703,0
1771101300000,5035.61,5035.65,5035.51,5035.63,80.158,1771101599999,403643.88368,198,42.778,215412.57789,0
1771101600000,5035.63,5035.78,5035.62,5035.77,3.569,1771101899999,17972.28734,103,1.897,9552.69110,0
1771101900000,5035.78,5035.85,5035.77,5035.85,17.856,1771102199999,89918.84850,104,11.125,56023.07692,0
1771102200000,5035.84,5036.25,5035.84,5035.86,42.542,1771102499999,214240.07604,173,18.501,93170.41619,0
1771102500000,5035.87,5036.09,5035.72,5036.01,31.994,1771102799999,161116.51868,170,28.061,141310.65051,0
1771102800000,5036.01,5036.44,5035.21,5035.94,130.914,1771103099999,659264.96003,503,66.661,335702.21493,0
1771103100000,5035.94,5036.78,5035.61,5036.75,99.623,1771103399999,501705.07730,337,70.713,356117.68199,0
1771103400000,5036.79,5036.96,5036.79,5036.96,35.124,1771103699999,176916.92318,168,18.074,91036.93994,0
1771103700000,5036.95,5036.97,5036.80,5036.80,21.982,1771103999999,110722.26132,99,17.920,90262.23210,0
1771104000000,5036.80,5036.97,5035.81,5036.24,186.549,1771104299999,939556.44357,427,105.882,533289.03351,0
1771104300000,5036.23,5036.23,5035.10,5035.54,95.106,1771104599999,478908.77276,377,44.732,225247.19292,0
1771104600000,5035.39,5035.83,5034.72,5034.83,189.628,1771104899999,954849.05906,555,88.557,445929.33528,0
1771104900000,5034.83,5035.03,5034.80,5034.94,43.722,1771105199999,220134.14688,215,28.069,141323.73764,0
1771105200000,5035.03,5036.00,5034.94,5036.00,48.154,1771105499999,242469.47568,178,40.554,204202.96084,0
1771105500000,5036.00,5036.00,5035.99,5036.00,4.275,1771105799999,21528.87410,79,1.685,8485.66000,0
1771105800000,5036.00,5036.00,5035.70,5035.71,37.338,1771106099999,188032.69436,137,3.242,16326.71200,0
1771106100000,5035.72,5035.95,5035.71,5035.94,38.089,1771106399999,191807.91363,161,34.602,174247.66580,0
1771106400000,5035.94,5035.95,5035.94,5035.95,7.225,1771106699999,36384.69207,71,2.557,12876.92415,0
1771106700000,5035.95,5036.00,5035.70,5035.70,36.521,1771106999999,183918.24100,145,16.451,82846.54378,0
1771107000000,5035.70,5036.30,5035.16,5035.31,166.347,1771107299999,837674.29453,445,70.971,357396.87039,0
1771107300000,5035.30,5035.37,5035.20,5035.21,15.711,1771107599999,79108.32196,233,5.244,26404.66253,0
1771107600000,5035.21,5035.44,5035.20,5035.20,45.874,1771107899999,230991.24049,168,22.362,112599.61236,0
1771107900000,5035.21,5035.21,5035.20,5035.21,1.970,1771108199999,9919.35111,37,0.711,3580.03431,0
1771108200000,5035.20,5035.30,5035.03,5035.11,20.443,1771108499999,102934.23618,172,11.656,58690.21351,0
1771108500000,5035.10,5035.97,5035.10,5035.60,36.407,1771108799999,183329.25118,266,32.564,163978.56139,0
1771108800000,5035.59,5036.00,5035.59,5035.97,62.904,1771109099999,316770.31378,338,36.505,183832.52110,0
1771109100000,5035.99,5036.10,5035.71,5035.95,34.843,1771109399999,175466.69610,250,19.258,96981.42635,0
1771109400000,5035.95,5036.05,5035.80,5035.81,15.466,1771109699999,77886.15811,154,10.186,51296.52117,0
1771109700000,5035.80,5036.27,5035.74,5036.07,49.820,1771109999999,250895.91932,211,41.244,207707.73338,0
1771110000000,5036.08,5036.08,5036.00,5036.00,5.661,1771110299999,28508.85662,95,3.760,18935.40519,0
1771110300000,5036.00,5036.09,5035.00,5035.00,78.190,1771110599999,393741.29831,332,13.253,66738.68023,0
1771110600000,5035.00,5036.40,5035.00,5036.39,86.469,1771110899999,435450.12693,348,63.267,318602.40273,0
1771110900000,5036.40,5036.40,5035.30,5035.30,66.887,1771111199999,336832.19575,241,14.592,73490.18863,0
1771111200000,5035.30,5035.31,5034.55,5034.70,193.722,1771111499999,975386.85865,327,27.862,140278.82289,0
1771111500000,5034.78,5035.32,5034.78,5035.31,30.343,1771111799999,152781.38094,132,21.456,108032.72410,0
1771111800000,5035.32,5036.15,5035.31,5036.15,62.792,1771112099999,316218.01694,228,47.865,241044.78878,0
1771112100000,5036.19,5036.39,5036.05,5036.06,39.910,1771112399999,200997.61033,178,18.294,92133.69524,0
1771112400000,5036.07,5036.80,5036.06,5036.76,59.402,1771112699999,299181.68028,247,45.199,227646.11341,0
1771112700000,5036.75,5037.24,5036.23,5036.78,137.950,1771112999999,694820.07535,436,70.803,356612.33145,0
1771113000000,5036.78,5036.97,5036.77,5036.77,46.836,1771113299999,235903.30330,177,16.311,82155.36659,0
1771113300000,5036.77,5036.93,5036.77,5036.92,41.299,1771113599999,208017.90855,185,31.847,160408.96753,0
1771113600000,5036.93,5037.47,5035.60,5037.20,524.477,1771113899999,2641453.17287,1080,265.101,1335150.77414,0
1771113900000,5037.21,5037.50,5036.12,5036.29,169.646,1771114199999,854517.37634,477,80.272,404338.80135,0
1771114200000,5036.30,5036.30,5035.40,5035.69,31.170,1771114499999,156962.29369,210,15.236,76721.02682,0
1771114500000,5035.69,5035.98,5035.69,5035.98,15.540,1771114799999,78256.07351,128,8.497,42789.51704,0
1771114800000,5035.98,5036.20,5035.96,5036.20,26.025,1771115099999,131062.34132,126,18.530,93317.68177,0
1771115100000,5036.19,5036.50,5036.00,5036.01,39.012,1771115399999,196476.07405,183,10.394,52347.84182,0
1771115400000,5036.00,5036.00,5035.40,5035.89,50.314,1771115699999,253369.73642,281,29.444,148272.96655,0
1771115700000,5035.90,5035.90,5035.89,5035.89,9.216,1771115999999,46410.82084,62,5.860,29510.37400,0
1771116000000,5035.89,5035.89,5035.40,5035.86,29.981,1771116299999,150973.66699,168,12.921,65065.75163,0
1771116300000,5035.85,5036.60,5035.85,5035.94,86.251,1771116599999,434388.72060,267,31.448,158381.94554,0
1771116600000,5035.94,5036.70,5035.86,5036.69,62.478,1771116899999,314641.31000,234,31.513,158703.81383,0
1771116900000,5036.69,5036.70,5036.33,5036.33,31.093,1771117199999,156603.91481,146,2.143,10793.31814,0
1771117200000,5036.33,5036.34,5036.00,5036.01,12.999,1771117499999,65465.41515,121,1.796,9044.89853,0
1771117500000,5036.01,5036.76,5036.00,5036.75,26.118,1771117799999,131541.64819,136,24.950,125659.02665,0
1771117800000,5036.76,5037.00,5036.75,5037.00,171.800,1771118099999,865349.54265,224,159.387,802826.20904,0
1771118100000,5037.00,5037.00,5036.88,5036.88,60.502,1771118399999,304746.78199,102,42.304,213084.17483,0
1771118400000,5036.88,5036.89,5036.50,5036.56,30.857,1771118699999,155415.01693,132,20.640,103954.30471,0
1771118700000,5036.55,5036.56,5036.10,5036.10,47.236,1771118999999,237893.12972,192,10.639,53583.37539,0
1771119000000,5036.11,5036.25,5036.09,5036.25,55.675,1771119299999,280385.20871,164,36.725,184951.11699,0
1771119300000,5036.30,5037.16,5036.29,5037.15,45.497,1771119599999,229157.00378,195,37.017,186444.24135,0
1771119600000,5037.16,5037.30,5037.15,5037.30,38.424,1771119899999,193550.92669,205,24.995,125906.64251,0
1771119900000,5037.30,5037.60,5036.93,5036.93,68.427,1771120199999,344681.94744,176,36.752,185125.38371,0
1771120200000,5036.94,5037.69,5036.93,5037.31,92.910,1771120499999,468020.20580,300,46.529,234385.49841,0
1771120500000,5037.31,5037.70,5037.30,5037.41,66.010,1771120799999,332527.39761,218,47.210,237820.05540,0
1771120800000,5037.42,5037.42,5037.32,5037.38,33.913,1771121099999,170833.03687,122,15.167,76402.11817,0
1771121100000,5037.38,5037.90,5037.00,5037.00,181.014,1771121399999,911825.44390,444,79.303,399478.30844,0
1771121400000,5037.01,5037.92,5037.00,5037.91,40.284,1771121699999,202933.95703,158,36.838,185575.94295,0
1771121700000,5037.91,5037.92,5037.39,5037.50,106.709,1771121999999,537576.62139,221,65.737,331172.18760,0
1771122000000,5037.50,5037.92,5037.49,5037.91,36.605,1771122299999,184405.93679,136,26.077,131368.23739,0
1771122300000,5037.91,5037.92,5037.91,5037.92,15.922,1771122599999,80213.75051,64,14.749,74304.28208,0
1771122600000,5037.91,5037.92,5037.70,5037.92,48.295,1771122899999,243305.20469,139,20.923,105407.72228,0
1771122900000,5037.92,5037.92,5037.80,5037.85,29.544,1771123199999,148837.99816,107,3.971,20005.25733,0
1771123200000,5037.84,5037.85,5037.84,5037.85,46.724,1771123499999,235388.32272,567,28.656,144364.62960,0
1771123500000,5037.85,5037.85,5037.69,5037.69,87.683,1771123799999,441729.28945,514,32.649,164478.06602,0
1771123800000,5037.69,5037.92,5037.69,5037.92,59.847,1771124099999,301498.94675,110,48.955,246626.18899,0
1771124100000,5037.91,5037.92,5037.91,5037.91,30.233,1771124399999,152311.23625,95,10.322,52001.41024,0
1771124400000,5037.92,5038.61,5037.91,5038.55,224.812,1771124699999,1132629.73162,883,196.637,990671.66239,0
1771124700000,5038.55,5038.56,5038.45,5038.56,137.890,1771124999999,694759.66592,195,47.399,238818.96438,0
1771125000000,5038.56,5038.56,5038.33,5038.34,118.666,1771125299999,597892.56072,153,52.308,263547.27097,0
1771125300000,5038.33,5038.41,5038.33,5038.40,23.939,1771125599999,120612.82232,64,19.252,96998.14490,0
1771125600000,5038.41,5038.50,5038.34,5038.34,75.930,1771125899999,382569.56216,151,14.579,73455.21069,0
1771125900000,5038.34,5038.34,5037.80,5037.80,95.797,1771126199999,482632.96430,196,8.086,40738.59456,0
1771126200000,5037.80,5039.30,5037.80,5038.66,329.736,1771126499999,1661513.46924,682,222.846,1122903.77855,0
1771126500000,5038.65,5038.70,5038.20,5038.70,207.752,1771126799999,1046753.32101,322,189.174,953147.93167,0
1771126800000,5038.70,5039.78,5038.69,5039.20,155.881,1771127099999,785524.43402,713,112.712,567977.37753,0
1771127100000,5039.20,5039.27,5039.01,5039.27,64.393,1771127399999,324487.85833,236,37.784,190400.21249,0
1771127400000,5039.26,5039.36,5039.26,5039.36,51.507,1771127699999,259559.53891,170,37.487,188908.81274,0
1771127700000,5039.35,5039.71,5039.35,5039.63,113.261,1771127999999,570790.31745,501,88.878,447908.17749,0
1771128000000,5039.63,5039.63,5038.30,5038.31,272.884,1771128299999,1375022.34775,760,91.922,463171.77660,0
1771128300000,5038.30,5038.60,5038.11,5038.49,207.400,1771128599999,1044949.01358,772,125.611,632864.75024,0
1771128600000,5038.48,5038.57,5037.90,5037.99,117.248,1771128899999,590716.58062,571,45.092,227175.32865,0
1771128900000,5038.00,5038.47,5037.99,5038.10,93.055,1771129199999,468842.78632,451,57.891,291673.35332,0
1771129200000,5038.10,5039.18,5038.10,5038.83,136.324,1771129499999,686891.57214,699,97.114,489319.53400,0
1771129500000,5038.84,5039.08,5038.83,5039.08,102.619,1771129799999,517092.69144,241,56.815,286287.13856,0
1771129800000,5039.07,5039.13,5038.81,5038.81,159.778,1771130099999,805123.02942,464,67.965,342470.53972,0
1771130100000,5038.80,5038.81,5038.50,5038.51,107.320,1771130399999,540748.47835,203,54.822,276223.23037,0
1771130400000,5038.52,5039.15,5038.30,5039.15,173.772,1771130699999,875574.19386,421,134.726,678833.87094,0
1771130700000,5039.15,5039.15,5039.00,5039.15,59.697,1771130999999,300817.44965,285,35.930,181054.50109,0
1771131000000,5039.15,5039.15,5038.61,5039.06,107.500,1771131299999,541679.98490,204,75.356,379704.36689,0
1771131300000,5039.07,5039.10,5038.74,5038.74,142.482,1771131599999,717970.97582,224,35.877,180785.47536,0
1771131600000,5038.71,5039.10,5038.20,5038.71,136.705,1771131899999,688822.91048,489,83.003,418236.03720,0
1771131900000,5038.70,5039.00,5038.40,5038.99,33.973,1771132199999,171175.92576,229,17.121,86265.84922,0
1771132200000,5039.00,5039.10,5038.67,5038.67,102.703,1771132499999,517519.76437,306,38.606,194534.25830,0
1771132500000,5038.67,5038.68,5038.20,5038.60,67.206,1771132799999,338619.22143,224,31.228,157340.78486,0
1771132800000,5038.59,5038.90,5038.59,5038.60,95.677,1771133099999,482101.50658,202,61.695,310871.95668,0
1771133100000,5038.60,5038.61,5037.67,5037.75,103.440,1771133399999,521125.47097,281,25.196,126934.34985,0
1771133400000,5037.74,5038.30,5037.37,5037.37,445.401,1771133699999,2243946.02415,714,100.504,506324.73101,0
1771133700000,5037.38,5037.38,5037.10,5037.30,152.021,1771133999999,765763.00264,249,131.749,663649.07169,0
1771134000000,5037.30,5037.79,5037.19,5037.20,82.080,1771134299999,413476.16301,194,29.687,149544.61761,0
1771134300000,5037.20,5037.20,5037.18,5037.18,8.069,1771134599999,40645.11177,106,4.237,21342.60250,0
1771134600000,5037.18,5037.70,5037.18,5037.70,46.146,1771134899999,232461.21830,183,29.532,148767.50919,0
1771134900000,5037.70,5037.70,5037.05,5037.06,105.775,1771135199999,532817.40578,209,37.718,189994.14408,0
1771135200000,5037.05,5037.68,5037.05,5037.59,50.304,1771135499999,253396.25690,184,34.661,174595.71772,0
1771135500000,5037.59,5037.59,5037.09,5037.09,45.020,1771135799999,226777.39698,100,21.424,107915.60694,0
1771135800000,5037.09,5037.59,5037.09,5037.23,130.718,1771136099999,658478.60272,237,24.996,125912.49735,0
1771136100000,5037.23,5037.26,5037.22,5037.25,7.504,1771136399999,37799.40833,128,5.823,29331.82145,0
1771136400000,5037.26,5037.89,5037.25,5037.69,38.690,1771136699999,194905.51634,207,18.239,91879.30877,0
1771136700000,5037.69,5037.70,5037.50,5037.53,57.937,1771136999999,291863.82596,197,17.179,86540.06106,0
1771137000000,5037.52,5037.88,5037.52,5037.78,20.296,1771137299999,102243.38796,107,16.616,83704.91928,0
1771137300000,5037.78,5037.78,5037.40,5037.41,11.683,1771137599999,58854.16767,83,1.479,7450.33059,0
1771137600000,5037.41,5037.48,5037.40,5037.47,28.432,1771137899999,143224.78463,126,20.506,103297.80784,0
1771137900000,5037.48,5037.66,5037.10,5037.10,97.968,1771138199999,493493.76511,303,10.935,55085.38382,0
1771138200000,5037.11,5037.16,5037.10,5037.15,9.971,1771138499999,50225.11678,62,4.476,22546.14037,0
1771138500000,5037.16,5037.26,5037.15,5037.19,70.276,1771138799999,353992.60220,173,37.341,188092.71820,0
1771138800000,5037.19,5037.64,5037.12,5037.64,30.609,1771139099999,154188.20828,303,14.646,73778.50051,0
1771139100000,5037.63,5037.99,5037.41,5037.68,102.874,1771139399999,518238.63447,304,72.435,364897.39872,0
1771139400000,5037.77,5038.19,5037.67,5038.18,232.069,1771139699999,1169116.04821,225,213.625,1076195.63617,0
1771139700000,5038.18,5038.31,5038.18,5038.31,33.368,1771139999999,168115.82443,112,27.120,136637.20861,0
1771140000000,5038.31,5039.16,5038.30,5038.88,148.356,1771140299999,747533.85271,314,123.942,624517.59867,0
1771140300000,5038.88,5038.88,5038.02,5038.42,82.199,1771140599999,414139.97815,235,42.382,213525.28302,0
1771140600000,5038.42,5039.30,5038.30,5039.29,52.642,1771140899999,265248.90532,188,39.484,198953.15311,0
1771140900000,5039.29,5039.89,5039.29,5039.64,82.847,1771141199999,417512.28762,324,61.829,311590.91313,0
1771141200000,5039.64,5039.90,5039.64,5039.89,125.648,1771141499999,633239.67336,218,64.823,326690.37006,0
1771141500000,5039.89,5039.99,5039.58,5039.58,186.122,1771141799999,938043.14564,298,65.869,331976.79361,0
1771141800000,5039.64,5039.70,5039.08,5039.10,131.339,1771142099999,661861.76406,219,80.419,405261.48222,0
1771142100000,5039.10,5039.30,5038.90,5038.91,243.016,1771142399999,1224607.49725,336,53.214,268154.99655,0
1771142400000,5038.91,5038.91,5037.70,5037.70,185.960,1771142699999,936897.41654,672,75.268,379212.30223,0
1771142700000,5037.70,5037.85,5037.67,5037.78,93.502,1771142999999,471041.40998,256,22.990,115817.97847,0
1771143000000,5037.79,5037.79,5037.20,5037.50,131.775,1771143299999,663813.48958,392,42.351,213339.08596,0
1771143300000,5037.50,5038.09,5037.41,5038.09,98.009,1771143599999,493731.43146,358,71.639,360892.92949,0
1771143600000,5038.08,5038.09,5037.66,5037.79,70.911,1771143899999,357237.15195,211,22.551,113605.60598,0
1771143900000,5037.80,5038.03,5037.79,5037.89,66.747,1771144199999,336266.27512,204,31.235,157359.50675,0
1771144200000,5037.90,5037.90,5037.00,5037.20,178.916,1771144499999,901239.58277,456,31.601,159183.30677,0
1771144500000,5037.19,5037.50,5037.19,5037.50,37.341,1771144799999,188100.99826,188,26.645,134220.71122,0
1771144800000,5037.50,5037.50,5037.49,5037.49,52.117,1771145099999,262539.24959,211,38.326,193067.22500,0
1771145100000,5037.50,5039.50,5037.49,5039.50,210.212,1771145399999,1059126.27246,827,196.386,989460.82130,0
1771145400000,5039.49,5040.00,5038.71,5039.11,286.353,1771145699999,1443113.36210,814,135.414,682443.93769,0
1771145700000,5039.10,5042.96,5038.67,5041.84,790.368,1771145999999,3984539.71529,1169,688.627,3471564.91062,0
1771146000000,5041.85,5042.50,5041.84,5042.50,132.043,1771146299999,665776.22164,359,116.680,588314.85262,0
1771146300000,5042.50,5042.99,5042.21,5042.30,117.197,1771146599999,590976.05237,411,63.962,322535.86652,0
1771146600000,5042.40,5042.50,5041.90,5041.97,138.060,1771146899999,696122.25036,366,80.647,406636.67204,0
1771146900000,5041.98,5042.00,5041.96,5041.99,46.008,1771147199999,231972.01789,163,22.363,112754.16450,0
1771147200000,5041.99,5042.00,5041.99,5042.00,51.552,1771147499999,259925.00522,102,33.674,169784.30800,0
1771147500000,5042.00,5042.00,5041.99,5041.99,27.237,1771147799999,137328.75045,107,6.882,34699.04400,0
1771147800000,5042.00,5042.00,5041.94,5041.94,30.338,1771148099999,152963.85792,183,11.281,56878.77742,0
1771148100000,5041.93,5041.94,5041.29,5041.29,73.755,1771148399999,371836.18645,210,8.248,41580.92989,0
1771148400000,5041.29,5041.29,5039.90,5039.90,189.825,1771148699999,956830.00477,631,50.732,255715.08718,0
1771148700000,5039.87,5040.17,5039.06,5040.00,187.232,1771148999999,943626.16266,419,40.638,204802.68351,0
1771149000000,5040.00,5040.08,5037.50,5037.66,186.695,1771149299999,940656.50528,595,46.031,231926.73914,0
1771149300000,5037.65,5039.20,5037.65,5039.19,87.993,1771149599999,443336.41918,304,56.757,285962.20178,0
1771149600000,5039.20,5039.20,5037.67,5037.68,76.336,1771149899999,384600.29900,260,29.769,149979.66192,0
1771149900000,5037.68,5038.52,5037.10,5038.51,227.238,1771150199999,1144758.49914,668,93.242,469728.10035,0
1771150200000,5038.52,5038.59,5037.10,5037.10,258.496,1771150499999,1302372.91328,328,34.268,172659.62478,0
1771150500000,5037.10,5037.95,5036.80,5037.83,262.500,1771150799999,1322289.55617,608,178.893,901147.72384,0
1771150800000,5037.83,5038.40,5037.74,5038.10,63.639,1771151099999,320622.88192,267,40.568,204386.92774,0
1771151100000,5038.02,5038.02,5037.60,5037.60,25.321,1771151399999,127561.54877,158,10.365,52217.04702,0
1771151400000,5037.60,5038.60,5037.60,5038.60,194.689,1771151699999,980939.84454,234,188.730,950915.47941,0
1771151700000,5038.59,5038.74,5037.50,5037.57,129.648,1771151999999,653176.06009,291,33.698,169781.81246,0
1771152000000,5037.56,5038.49,5037.56,5038.49,36.941,1771152299999,186105.58671,144,32.349,162971.71484,0
1771152300000,5038.49,5038.49,5038.31,5038.35,22.721,1771152599999,114477.50296,102,12.030,60611.16496,0
1771152600000,5038.38,5038.70,5038.37,5038.69,22.605,1771152899999,113894.32335,101,19.316,97322.93274,0
1771152900000,5038.70,5038.90,5038.00,5038.40,63.909,1771153199999,322010.54541,203,20.711,104350.34851,0
1771153200000,5038.39,5038.75,5038.39,5038.65,17.906,1771153499999,90219.98529,119,11.630,58598.48104,0
1771153500000,5038.64,5038.99,5038.23,5038.99,47.289,1771153799999,238261.38479,190,26.069,131345.88766,0
1771153800000,5038.99,5039.90,5038.98,5039.05,114.936,1771154099999,579208.30714,249,53.230,268249.33299,0
1771154100000,5039.05,5039.40,5039.05,5039.40,16.947,1771154399999,85397.92367,86,16.601,83654.33289,0
1771154400000,5039.39,5039.60,5039.27,5039.27,41.186,1771154699999,207553.30329,156,23.679,119327.34352,0
1771154700000,5039.27,5039.28,5038.90,5039.00,24.333,1771154999999,122614.87968,139,9.414,47437.87363,0
1771155000000,5039.00,5039.40,5038.99,5039.01,20.717,1771155299999,104397.43172,126,11.883,59880.32056,0
1771155300000,5039.00,5039.01,5038.60,5038.60,15.529,1771155599999,78249.51998,102,3.994,20125.52589,0
1771155600000,5038.60,5038.83,5038.40,5038.83,31.210,1771155899999,157252.12244,131,19.756,99540.79788,0
1771155900000,5038.89,5039.19,5038.46,5038.78,57.259,1771156199999,288516.96126,371,31.361,158020.55457,0
1771156200000,5038.77,5038.78,5038.60,5038.61,10.023,1771156499999,50502.31468,92,6.242,31451.07109,0
1771156500000,5038.60,5038.79,5038.60,5038.79,47.562,1771156799999,239649.32397,236,40.361,203365.48016,0
1771156800000,5038.79,5038.87,5038.77,5038.87,67.279,1771157099999,339004.74253,264,44.836,225919.10692,0
1771157100000,5038.86,5038.86,5038.45,5038.45,59.414,1771157399999,299371.15685,195,18.271,92062.52252,0
1771157400000,5038.45,5038.46,5037.56,5037.57,48.745,1771157699999,245585.15162,198,5.026,25322.88216,0
1771157700000,5037.56,5038.40,5037.56,5038.01,59.324,1771157999999,298879.23245,236,39.378,198386.79956,0
1771158000000,5038.00,5039.49,5037.59,5039.49,100.615,1771158299999,506944.54911,319,92.555,466339.33255,0
1771158300000,5039.49,5039.49,5038.50,5038.50,76.147,1771158599999,383717.11951,203,21.705,109378.60049,0
1771158600000,5038.45,5039.08,5038.40,5039.05,102.402,1771158899999,515976.11578,238,90.872,457877.11078,0
1771158900000,5039.04,5039.05,5037.63,5038.51,228.224,1771159199999,1149830.01669,354,158.753,799799.45123,0
1771159200000,5038.51,5038.51,5037.79,5037.79,116.566,1771159499999,587303.09732,147,24.946,125684.91875,0
1771159500000,5037.79,5038.02,5037.79,5037.79,137.304,1771159799999,691714.26787,269,30.358,152939.15121,0
1771159800000,5037.79,5038.18,5037.20,5037.85,603.355,1771160099999,3039480.49611,931,237.062,1194209.67491,0
1771160100000,5037.85,5037.86,5037.06,5037.06,290.792,1771160399999,1464778.56890,512,59.345,298929.65744,0
1771160400000,5037.06,5037.91,5037.06,5037.13,123.228,1771160699999,620754.26802,442,56.236,283283.06303,0
1771160700000,5037.13,5037.73,5037.09,5037.18,379.454,1771160999999,1911404.66888,344,289.453,1458033.48647,0
1771161000000,5037.18,5037.71,5037.17,5037.70,52.778,1771161299999,265865.93458,177,48.829,245973.07488,0
1771161300000,5037.71,5038.01,5037.20,5037.21,65.176,1771161599999,328329.74354,169,27.179,136921.23141,0
1771161600000,5037.21,5038.06,5037.20,5038.06,143.193,1771161899999,721364.45352,332,91.833,462627.55384,0
1771161900000,5038.06,5038.06,5037.06,5037.07,194.393,1771162199999,979200.09203,383,63.365,319180.15507,0
1771162200000,5037.06,5037.54,5037.06,5037.40,201.624,1771162499999,1015655.84829,394,38.437,193617.29141,0
1771162500000,5037.41,5037.91,5037.21,5037.21,166.760,1771162799999,840087.14831,372,35.210,177376.16118,0
1771162800000,5037.21,5037.83,5037.06,5037.83,54.538,1771163099999,274731.29582,202,44.525,224293.67308,0
1771163100000,5037.83,5038.00,5037.06,5037.10,89.058,1771163399999,448632.18287,206,9.257,46634.40200,0
1771163400000,5037.07,5037.07,5036.00,5036.93,281.963,1771163699999,1420104.59492,703,113.850,573392.93134,0
1771163700000,5036.93,5037.03,5036.01,5036.02,215.865,1771163999999,1087243.26059,470,61.461,309558.74824,0
1771164000000,5036.02,5036.03,5035.52,5035.55,215.133,1771164299999,1083370.36361,313,48.829,245885.23964,0
1771164300000,5035.55,5036.00,5035.55,5035.99,40.680,1771164599999,204850.64647,202,27.114,136537.07524,0
1771164600000,5035.99,5036.31,5035.99,5036.30,171.191,1771164899999,862142.74351,534,74.564,375517.05239,0
1771164900000,5036.30,5036.31,5036.30,5036.30,31.517,1771165199999,158729.26300,107,19.590,98661.31290,0
1771165200000,5036.30,5036.60,5036.30,5036.60,54.784,1771165499999,275914.32031,157,50.588,254781.42768,0
1771165500000,5036.59,5036.66,5036.40,5036.40,74.893,1771165799999,377208.67408,144,2.974,14978.94164,0
1771165800000,5036.41,5037.12,5036.40,5037.09,138.117,1771166099999,695662.11334,308,113.123,569771.12954,0
1771166100000,5037.09,5037.10,5036.20,5036.22,112.212,1771166399999,565190.87012,271,21.172,106636.44792,0
1771166400000,5036.23,5036.98,5036.22,5036.98,86.328,1771166699999,434781.37656,284,83.100,418523.98559,0
1771166700000,5036.98,5037.40,5036.41,5036.45,170.940,1771166999999,861019.02174,375,52.931,266596.63427,0
1771167000000,5036.47,5037.60,5036.47,5037.60,212.966,1771167299999,1072659.15475,259,206.176,1038458.87259,0
1771167300000,5037.60,5037.99,5037.29,5037.29,192.371,1771167599999,969109.69281,401,96.778,487545.07092,0
1771167600000,5037.29,5037.30,5036.40,5036.91,299.391,1771167899999,1508019.74044,626,126.061,634949.17429,0
1771167900000,5036.90,5037.98,5036.90,5037.91,246.119,1771168199999,1239836.00231,342,198.899,1001951.92750,0
1771168200000,5037.91,5037.91,5037.20,5037.70,116.483,1771168499999,586790.85019,228,34.427,173418.95681,0
1771168500000,5037.72,5038.38,5037.40,5037.42,163.013,1771168799999,821267.86061,614,60.978,307201.03399,0
1771168800000,5037.41,5038.42,5037.41,5038.40,130.807,1771169099999,658983.19527,240,75.171,378695.17316,0
1771169100000,5038.40,5038.41,5037.66,5037.67,140.243,1771169399999,706595.31267,190,55.705,280664.57467,0
1771169400000,5037.67,5038.10,5036.67,5038.10,168.485,1771169699999,848716.24966,313,70.376,354507.11064,0
1771169700000,5038.09,5038.40,5038.09,5038.21,85.133,1771169999999,428918.33965,163,39.283,197916.27573,0
1771170000000,5038.21,5038.21,5037.40,5038.02,225.434,1771170299999,1135680.64404,296,133.761,673846.81989,0
1771170300000,5038.04,5038.51,5038.04,5038.50,130.241,1771170599999,656193.26610,330,116.520,587064.94140,0
1771170600000,5038.50,5038.51,5037.91,5038.17,141.002,1771170899999,710404.23948,324,62.950,317155.76804,0
1771170900000,5038.16,5038.50,5038.16,5038.48,49.431,1771171199999,249048.01111,191,35.273,177713.91511,0
1771171200000,5038.47,5038.48,5036.50,5036.58,268.410,1771171499999,1352043.55127,617,47.243,237954.45707,0
1771171500000,5036.50,5036.58,5035.52,5035.67,141.154,1771171799999,710831.81287,302,41.289,207924.68234,0
1771171800000,5035.66,5036.79,5035.66,5036.78,221.257,1771172099999,1114285.01796,508,104.006,523784.60059,0
1771172100000,5036.79,5037.29,5035.54,5037.29,134.647,1771172399999,678150.35189,530,100.892,508143.72656,0
1771172400000,5037.29,5037.61,5036.37,5036.38,410.464,1771172699999,2067541.59440,355,210.427,1059945.74932,0
1771172700000,5036.37,5037.80,5035.89,5037.80,155.633,1771172999999,783802.38221,417,89.208,449273.01157,0
1771173000000,5037.80,5037.80,5037.05,5037.16,165.515,1771173299999,833775.03778,344,68.552,345317.35236,0
1771173300000,5037.16,5037.40,5037.15,5037.27,73.138,1771173599999,368412.22279,169,43.291,218066.15228,0
1771173600000,5037.26,5037.27,5037.18,5037.25,71.715,1771173899999,361247.18451,105,21.040,105984.16080,0
1771173900000,5037.21,5037.22,5037.18,5037.18,113.070,1771174199999,569555.90682,136,53.277,268367.08017,0
1771174200000,5037.19,5038.00,5037.19,5038.00,78.314,1771174499999,394512.47254,279,56.386,284046.69762,0
1771174500000,5037.99,5038.50,5037.99,5038.49,334.733,1771174799999,1686411.40499,264,328.299,1653995.45839,0
1771174800000,5038.50,5039.16,5038.09,5038.09,495.844,1771175099999,2498551.32336,505,405.041,2041006.44248,0
1771175100000,5038.10,5039.02,5037.57,5038.84,93.919,1771175399999,473161.75213,327,36.065,181693.24951,0
1771175400000,5039.02,5040.00,5038.80,5039.34,173.966,1771175699999,876690.35630,345,96.787,487748.01328,0
1771175700000,5039.33,5039.37,5037.49,5037.50,166.758,1771175999999,840289.15967,275,25.255,127240.67092,0
1771176000000,5037.49,5037.50,5036.78,5037.14,131.502,1771176299999,662389.99227,212,17.588,88590.29708,0
1771176300000,5037.15,5038.01,5036.10,5038.00,350.909,1771176599999,1767587.15268,587,226.853,1142626.60716,0
1771176600000,5038.00,5039.00,5037.50,5037.50,234.377,1771176899999,1180869.10857,401,102.195,514877.29576,0
1771176900000,5037.50,5037.50,5035.80,5037.23,402.564,1771177199999,2027479.14312,494,158.406,797784.32844,0
1771177200000,5037.22,5037.22,5035.59,5036.06,202.583,1771177499999,1020205.94436,389,160.237,806939.79907,0
1771177500000,5036.05,5036.06,5031.02,5033.32,722.171,1771177799999,3635129.75614,1508,153.624,773208.68195,0
1771177800000,5033.31,5035.24,5033.11,5035.15,222.568,1771178099999,1120440.34491,547,173.867,875261.27028,0
1771178100000,5035.15,5035.15,5035.10,5035.11,83.767,1771178399999,421776.44713,293,40.378,203307.90465,0
1771178400000,5035.10,5035.11,5034.39,5034.39,47.886,1771178699999,241108.14036,212,2.625,13217.07219,0
1771178700000,5034.39,5035.08,5033.36,5034.48,114.324,1771178999999,575541.40220,462,16.302,82069.40500,0
1771179000000,5034.59,5035.52,5033.23,5033.24,87.521,1771179299999,440682.41450,313,35.119,176832.76997,0
1771179300000,5033.23,5034.18,5032.60,5032.98,121.035,1771179599999,609228.50189,518,24.677,124213.94294,0
1771179600000,5032.98,5034.40,5032.73,5033.87,133.768,1771179899999,673361.93084,550,46.462,233868.55182,0
1771179900000,5033.88,5034.32,5033.60,5033.64,64.146,1771180199999,322899.52875,277,41.625,209532.10117,0
1771180200000,5033.64,5033.65,5031.54,5031.54,76.936,1771180499999,387205.97495,368,13.841,69665.26936,0
1771180500000,5031.54,5034.36,5030.22,5034.36,117.008,1771180799999,588763.32507,585,61.876,311345.01814,0
1771180800000,5034.35,5034.50,5033.56,5033.71,57.835,1771181099999,291141.63216,231,32.093,161557.47176,0
1771181100000,5033.71,5033.88,5032.79,5033.66,29.565,1771181399999,148815.56467,224,14.719,74087.58772,0
1771181400000,5033.65,5033.66,5033.62,5033.65,5.572,1771181699999,28047.50671,69,1.831,9216.62206,0
1771181700000,5033.65,5033.66,5031.70,5031.70,18.180,1771181999999,91486.04377,135,1.528,7688.45904,0
1771182000000,5031.70,5031.70,5028.41,5028.42,229.577,1771182299999,1154784.04198,498,5.953,29945.26779,0
1771182300000,5028.41,5029.13,5027.10,5028.46,116.688,1771182599999,586725.52567,617,65.659,330145.82058,0
1771182600000,5028.56,5028.57,5025.00,5026.45,241.947,1771182899999,1216120.78744,709,70.890,356293.78970,0
1771182900000,5026.46,5028.00,5026.45,5027.90,54.129,1771183199999,272140.89783,255,40.191,202062.82880,0
1771183200000,5027.90,5029.65,5027.90,5029.65,92.785,1771183499999,466557.82420,445,72.061,362350.92330,0
1771183500000,5029.65,5029.91,5028.02,5029.90,64.038,1771183799999,322055.06949,368,45.954,231111.80046,0
1771183800000,5029.91,5031.04,5029.90,5030.51,65.498,1771184099999,329481.02366,250,36.403,183114.92477,0
1771184100000,5030.51,5030.51,5023.73,5025.32,372.837,1771184399999,1873798.43400,1294,123.631,621276.57131,0
1771184400000,5025.18,5025.99,5025.07,5025.16,41.348,1771184699999,207792.41361,276,27.756,139485.74047,0
1771184700000,5025.16,5028.30,5025.00,5028.29,118.644,1771184999999,596364.02007,625,87.091,437757.13206,0
1771185000000,5028.29,5028.65,5027.02,5028.05,121.152,1771185299999,609164.32610,683,87.523,440070.03678,0
1771185300000,5028.05,5030.23,5027.30,5030.14,233.111,1771185599999,1172271.69783,908,186.068,935703.50666,0
1771185600000,5030.13,5030.13,5025.80,5028.08,266.023,1771185899999,1337467.67559,847,76.494,384534.43373,0
1771185900000,5028.07,5028.67,5027.87,5028.32,26.070,1771186199999,131089.65328,218,14.342,72115.83047,0
1771186200000,5028.31,5029.46,5027.77,5029.46,80.598,1771186499999,405271.92930,250,68.467,344273.49994,0
1771186500000,5029.46,5029.74,5028.67,5029.74,38.530,1771186799999,193775.52201,380,22.625,113783.80389,0
1771186800000,5029.73,5029.93,5029.69,5029.75,40.673,1771187099999,204578.43499,224,8.525,42879.29809,0
1771187100000,5029.75,5030.15,5029.75,5030.15,15.931,1771187399999,80133.60054,346,15.329,77105.51765,0
1771187400000,5030.14,5031.06,5030.03,5030.96,57.946,1771187699999,291500.66657,332,39.376,198087.29633,0
1771187700000,5030.96,5031.35,5030.47,5031.35,64.670,1771187999999,325346.37063,258,40.506,203780.59537,0
1771188000000,5031.35,5033.90,5030.55,5033.22,116.583,1771188299999,586759.67468,618,64.521,324713.86725,0
1771188300000,5033.22,5033.52,5033.21,5033.52,15.869,1771188599999,79872.59933,88,8.069,40613.56133,0
1771188600000,5033.59,5034.80,5033.59,5034.80,27.546,1771188899999,138673.88054,193,21.871,110103.14695,0
1771188900000,5034.79,5034.80,5033.57,5034.78,55.799,1771189199999,280906.31504,266,32.483,163526.67539,0
1771189200000,5034.78,5034.78,5033.90,5033.91,22.973,1771189499999,115654.47630,258,7.422,37364.33263,0
1771189500000,5033.91,5035.51,5033.90,5035.49,87.134,1771189799999,438717.09491,389,65.703,330811.28034,0
1771189800000,5035.49,5035.49,5034.75,5034.91,37.496,1771190099999,188791.69555,189,20.991,105687.32930,0
1771190100000,5034.91,5034.91,5033.39,5033.67,69.015,1771190399999,347406.43267,335,29.857,150285.59206,0
1771190400000,5033.67,5034.68,5033.66,5034.60,40.866,1771190699999,205728.98483,241,33.815,170231.20038,0
1771190700000,5034.60,5034.99,5034.60,5034.98,11.613,1771190999999,58468.40619,101,8.744,44023.87224,0
1771191000000,5034.99,5035.65,5034.98,5035.61,30.400,1771191299999,153069.65539,194,26.591,133889.75640,0
1771191300000,5035.61,5035.61,5034.03,5034.37,65.805,1771191599999,331330.36563,343,23.582,118733.49089,0
1771191600000,5034.38,5035.01,5034.09,5034.28,60.544,1771191899999,304810.16538,242,37.140,186984.05628,0
1771191900000,5034.28,5034.83,5034.16,5034.16,31.373,1771192199999,157942.00988,176,7.944,39992.31630,0
1771192200000,5034.16,5034.84,5034.05,5034.84,67.193,1771192499999,338261.76843,304,46.082,231984.37364,0
1771192500000,5034.84,5035.49,5034.77,5034.78,62.452,1771192799999,314460.05672,303,26.344,132645.18272,0
1771192800000,5034.78,5036.00,5034.77,5036.00,76.916,1771193099999,387325.13193,366,66.685,335806.27705,0
1771193100000,5036.00,5036.90,5035.83,5036.77,158.095,1771193399999,796172.89691,343,154.086,775983.45539,0
1771193400000,5036.77,5036.77,5034.55,5034.77,48.080,1771193699999,242100.56395,311,14.401,72518.64835,0
1771193700000,5034.77,5034.77,5033.52,5033.52,38.264,1771193999999,192639.12934,179,2.888,14538.65995,0
1771194000000,5033.47,5035.20,5032.60,5035.01,58.423,1771194299999,294068.60051,357,36.721,184841.67895,0
1771194300000,5035.01,5036.26,5035.01,5035.66,120.946,1771194599999,609023.96569,592,89.154,448933.36901,0
1771194600000,5035.66,5038.00,5035.14,5036.01,369.725,1771194899999,1862409.15638,985,318.558,1604707.34403,0
1771194900000,5036.02,5036.24,5034.30,5035.22,114.363,1771195199999,575865.25507,830,48.762,245536.75861,0
1771195200000,5035.22,5036.82,5035.22,5036.63,52.082,1771195499999,262298.32179,533,32.601,164183.58577,0
1771195500000,5036.67,5037.98,5036.67,5037.58,45.451,1771195799999,228951.08467,463,24.677,124307.53198,0
1771195800000,5037.58,5037.98,5037.56,5037.96,60.192,1771196099999,303237.98514,415,28.690,144535.58974,0
1771196100000,5037.96,5038.00,5037.62,5037.84,142.062,1771196399999,715694.30038,514,73.111,368325.41075,0
1771196400000,5037.84,5040.00,5007.00,5016.07,4387.435,1771196699999,22049291.24211,14691,2141.564,10765767.04144,0
1771196700000,5016.07,5024.70,5009.06,5024.70,1796.139,1771196999999,9007792.61588,7794,935.621,4692548.39591,0
1771197000000,5024.73,5026.67,5015.16,5022.57,1330.617,1771197299999,6679911.39465,4790,577.598,2899637.62609,0
1771197300000,5022.56,5034.21,5021.79,5026.87,1839.685,1771197599999,9250826.03465,5915,952.109,4787572.37292,0
1771197600000,5027.33,5031.80,5023.45,5027.26,831.789,1771197899999,4181874.08958,3342,438.746,2205794.28774,0
1771197900000,5027.66,5032.47,5027.45,5029.80,340.081,1771198199999,1710619.36870,1899,193.481,973193.34936,0
1771198200000,5029.41,5032.24,5027.40,5031.33,339.946,1771198499999,1709746.26191,1644,152.784,768461.44107,0
1771198500000,5031.19,5031.66,5023.20,5026.76,260.613,1771198799999,1309895.93573,1572,113.372,569851.29042,0
1771198800000,5026.76,5032.07,5019.84,5021.55,570.003,1771199099999,2865097.86928,2348,239.859,1205580.62900,0
1771199100000,5021.55,5023.37,5015.51,5016.99,439.822,1771199399999,2207827.29422,2351,246.073,1235254.88338,0
1771199400000,5017.00,5021.32,5015.35,5021.25,425.589,1771199699999,2135765.93672,1970,276.848,1389366.88739,0
1771199700000,5021.17,5022.73,5018.60,5020.80,283.167,1771199999999,1421767.71289,1645,144.375,724926.80353,0
1771200000000,5020.80,5021.98,5002.00,5010.19,2173.557,1771200299999,10897682.73974,7046,1061.302,5321313.50528,0
1771200300000,5010.28,5017.00,5010.28,5016.69,849.176,1771200599999,4258123.44697,2977,456.811,2290556.72076,0
1771200600000,5015.89,5018.87,5013.75,5017.94,357.445,1771200899999,1793055.88167,1457,228.393,1145668.92124,0
1771200900000,5017.99,5021.28,5016.10,5017.68,373.996,1771201199999,1876940.37193,1699,181.229,909548.65995,0
1771201200000,5017.75,5018.84,5013.82,5016.13,314.901,1771201499999,1579491.07077,1840,173.389,869689.56089,0
1771201500000,5016.14,5016.59,5010.68,5013.98,435.214,1771201799999,2181511.98691,1535,246.568,1235856.73555,0
1771201800000,5014.34,5016.13,5011.51,5011.98,416.573,1771202099999,2088655.45645,1524,239.098,1198843.87910,0
1771202100000,5012.09,5014.61,5009.30,5013.19,774.385,1771202399999,3880830.44268,2008,243.172,1218621.58275,0
1771202400000,5013.19,5014.42,5013.00,5013.81,123.642,1771202699999,619912.76271,661,57.198,286774.52176,0
1771202700000,5013.81,5017.79,5010.49,5017.56,290.362,1771202999999,1455750.05075,1330,144.992,726968.08081,0
1771203000000,5017.55,5022.36,5016.50,5018.76,720.528,1771203299999,3616173.12196,1806,279.387,1402248.54955,0
1771203300000,5018.76,5020.30,5013.87,5015.30,269.475,1771203599999,1351968.73356,1211,77.643,389506.43459,0
1771203600000,5015.30,5017.21,5006.96,5015.70,631.962,1771203899999,3166889.83059,2407,369.802,1853253.69881,0
1771203900000,5015.70,5020.89,5015.70,5020.10,750.317,1771204199999,3765734.95311,1533,403.982,2027405.67956,0
1771204200000,5020.10,5022.18,5015.80,5021.70,347.559,1771204499999,1744851.39334,1302,135.722,681322.36564,0
1771204500000,5021.69,5027.87,5021.29,5027.41,322.310,1771204799999,1619315.89637,1351,175.608,882287.70675,0
1771204800000,5027.40,5029.00,5024.88,5026.39,1007.845,1771205099999,5067235.78777,1819,378.460,1902987.20089,0
1771205100000,5026.20,5029.94,5024.98,5027.87,415.431,1771205399999,2088378.60730,1480,225.766,1134969.88494,0
1771205400000,5027.87,5029.00,5025.49,5027.82,254.435,1771205699999,1279299.86584,1351,105.545,530675.43316,0
1771205700000,5027.81,5029.74,5026.01,5027.45,107.162,1771205999999,538818.62984,818,56.258,282871.39658,0
1771206000000,5027.45,5029.50,5026.51,5029.30,109.602,1771206299999,551124.37642,715,86.243,433667.66260,0
1771206300000,5029.29,5029.43,5027.32,5028.00,115.388,1771206599999,580205.17302,568,72.250,363275.05680,0
1771206600000,5028.01,5028.05,5025.10,5026.00,192.275,1771206899999,966474.75495,895,100.061,502965.43407,0
1771206900000,5025.91,5027.57,5025.37,5026.94,103.022,1771207199999,517841.65770,761,52.936,266068.47065,0
1771207200000,5026.94,5030.36,5026.94,5028.31,305.000,1771207499999,1533597.08468,1147,83.139,418084.53526,0
1771207500000,5028.31,5028.31,5022.18,5023.55,238.819,1771207799999,1199962.39327,1288,103.528,520172.15521,0
1771207800000,5023.44,5024.09,5020.11,5021.69,243.485,1771208099999,1222775.55498,1302,138.624,696145.33317,0
1771208100000,5021.59,5025.22,5021.59,5023.25,149.393,1771208399999,750433.38314,965,112.973,567480.79030,0
1771208400000,5023.20,5023.89,5022.30,5023.31,117.888,1771208699999,592168.47801,687,28.148,141386.12311,0
1771208700000,5023.31,5023.63,5018.09,5018.63,258.611,1771208999999,1298295.20366,1142,130.178,653432.96686,0
1771209000000,5018.64,5020.66,5017.55,5018.40,249.025,1771209299999,1249994.65697,1175,130.296,654029.18945,0
1771209300000,5018.40,5018.57,5002.83,5008.46,1765.707,1771209599999,8843892.29950,4291,896.486,4489841.30923,0
1771209600000,5008.46,5009.44,5002.62,5002.75,615.466,1771209899999,3080764.92353,2550,267.192,1337625.58208,0
1771209900000,5002.74,5002.75,4993.19,4997.88,1312.809,1771210199999,6562160.94607,4779,603.340,3016022.60280,0
1771210200000,4997.81,4998.23,4991.36,4993.15,691.865,1771210499999,3455308.78856,3426,332.196,1659087.02703,0
1771210500000,4993.05,4996.08,4992.13,4993.67,455.847,1771210799999,2276366.88813,2258,237.142,1184224.94516,0
1771210800000,4993.66,4997.45,4988.58,4995.11,902.721,1771211099999,4506799.14421,3177,495.427,2473349.71312,0
1771211100000,4995.10,4998.59,4988.20,4991.13,740.769,1771211399999,3698913.82071,2516,289.261,1444607.79981,0
1771211400000,4990.85,4997.03,4990.68,4997.02,228.584,1771211699999,1141576.49989,1376,168.654,842282.53228,0
1771211700000,4997.02,4997.86,4995.48,4996.73,371.311,1771211999999,1855313.80796,1728,215.851,1078534.58316,0
1771212000000,4996.73,4997.05,4994.21,4996.32,461.953,1771212299999,2307656.27657,1749,285.535,1426343.52794,0
1771212300000,4996.00,4997.03,4994.01,4994.66,233.694,1771212599999,1167331.56951,1010,119.593,597343.41759,0
1771212600000,4994.65,4995.95,4992.51,4994.76,192.616,1771212899999,962028.10730,1319,130.509,651817.05347,0
1771212900000,4994.76,4995.53,4986.32,4989.59,519.382,1771213199999,2591763.18209,2005,226.013,1127883.98507,0
1771213200000,4989.60,4993.08,4988.90,4989.99,318.209,1771213499999,1588057.80098,1352,179.513,895880.07313,0
1771213500000,4989.99,4992.28,4973.70,4983.23,1964.327,1771213799999,9783665.13835,4958,772.063,3845997.99129,0
1771213800000,4983.23,4993.59,4983.23,4990.72,926.952,1771214099999,4624372.78609,3107,512.801,2558664.79810,0
1771214100000,4990.72,4991.53,4986.55,4986.86,225.140,1771214399999,1123407.45362,1161,102.881,513397.90548,0
1771214400000,4986.86,4991.92,4985.65,4987.96,187.417,1771214699999,934956.22259,1274,106.459,531092.38180,0
1771214700000,4988.06,4988.06,4975.00,4977.13,1060.995,1771214999999,5283774.40177,3474,546.814,2722938.47665,0
1771215000000,4977.00,4980.81,4970.00,4976.41,1089.727,1771215299999,5421483.30272,3277,541.324,2693517.34653,0
1771215300000,4976.40,4978.84,4973.11,4975.01,615.210,1771215599999,3061208.70050,1661,455.482,2266497.20306,0
1771215600000,4975.11,4979.62,4973.23,4977.78,611.145,1771215899999,3041099.98111,1788,403.288,2006740.45385,0
1771215900000,4977.79,4979.87,4976.91,4976.91,353.927,1771216199999,1762028.23898,1212,205.299,1022062.80456,0
1771216200000,4976.91,4978.25,4973.87,4975.14,500.902,1771216499999,2492141.58243,1555,263.357,1310271.43621,0
1771216500000,4975.14,4976.68,4973.70,4975.36,207.728,1771216799999,1033416.21617,1209,110.198,548234.41658,0
1771216800000,4975.35,4977.87,4973.44,4976.32,242.111,1771217099999,1204493.90556,1157,134.209,667698.17653,0
1771217100000,4976.32,4979.63,4976.32,4979.16,234.319,1771217399999,1166533.72450,983,176.481,878594.90499,0
1771217400000,4979.16,4980.79,4977.66,4980.05,573.471,1771217699999,2855646.93011,1525,362.353,1804380.77818,0
1771217700000,4980.04,4980.40,4975.08,4978.24,265.617,1771217999999,1322179.11628,1088,140.622,699975.33972,0
1771218000000,4978.25,4978.29,4966.20,4976.83,884.825,1771218299999,4398617.33073,3140,391.161,1944455.87020,0
1771218300000,4976.83,4983.59,4976.40,4982.59,778.306,1771218599999,3876501.62559,2765,411.332,2048758.12813,0
1771218600000,4982.58,4986.00,4979.56,4983.66,281.136,1771218899999,1401106.83100,1389,183.262,913393.28525,0
1771218900000,4983.65,4987.78,4983.02,4986.95,322.983,1771219199999,1610130.01978,1404,184.130,917908.57530,0
1771219200000,4986.95,4987.66,4985.28,4987.62,143.058,1771219499999,713379.03996,903,58.921,293812.96512,0
1771219500000,4987.44,4989.78,4985.57,4987.11,299.321,1771219799999,1492998.99773,1343,208.131,1038164.03304,0
1771219800000,4987.10,4990.77,4984.63,4985.35,223.429,1771220099999,1114396.88242,1056,130.515,651032.22551,0
1771220100000,4985.35,4986.64,4984.02,4985.49,219.409,1771220399999,1093824.33400,974,132.404,660081.17278,0
1771220400000,4985.63,4986.90,4983.44,4986.78,119.403,1771220699999,595323.94999,801,62.776,312981.57965,0
1771220700000,4986.78,4989.75,4983.60,4986.62,419.893,1771220999999,2093874.89200,1258,178.731,891385.12993,0
1771221000000,4986.62,4988.99,4984.86,4988.26,144.116,1771221299999,718705.66841,1006,68.812,343157.14308,0
1771221300000,4988.41,4990.52,4987.97,4989.58,179.705,1771221599999,896589.84071,1102,102.264,510225.98370,0
1771221600000,4989.59,4991.40,4987.78,4987.79,215.796,1771221899999,1076841.41437,954,88.049,439373.30754,0
1771221900000,4987.79,4989.42,4987.48,4989.13,219.357,1771222199999,1094219.23935,768,56.604,282361.48371,0
1771222200000,4989.14,4989.93,4988.88,4989.93,83.195,1771222499999,415095.78016,575,28.382,141606.99092,0
1771222500000,4989.95,4990.78,4985.38,4986.22,286.240,1771222799999,1427627.28203,1071,137.828,687433.14679,0
1771222800000,4986.22,4990.74,4986.22,4990.09,170.906,1771223099999,852675.95104,810,71.990,359165.08189,0
1771223100000,4990.09,4994.34,4989.46,4992.89,232.752,1771223399999,1161911.98512,1185,137.854,688182.37240,0
1771223400000,4992.90,4992.90,4990.03,4992.39,159.775,1771223699999,797518.82636,947,98.870,493513.95061,0
1771223700000,4992.39,4997.00,4992.06,4996.89,484.228,1771223999999,2418568.61405,1831,339.915,1697773.30001,0
1771224000000,4996.89,5002.84,4995.37,5001.31,488.156,1771224299999,2440380.83186,2066,334.268,1671190.93039,0
1771224300000,5001.30,5001.70,4996.61,4996.61,346.909,1771224599999,1734253.52126,1459,151.503,757428.07383,0
1771224600000,4996.61,4997.51,4995.01,4995.94,216.873,1771224899999,1083539.73208,1093,92.788,463590.59556,0
1771224900000,4995.85,4996.60,4994.05,4994.43,159.222,1771225199999,795363.92280,955,49.353,246521.59491,0
1771225200000,4994.25,4994.82,4991.14,4991.23,412.663,1771225499999,2060526.55053,1779,196.033,978883.99941,0
1771225500000,4991.23,4996.43,4988.37,4996.35,241.239,1771225799999,1204264.56568,1395,140.405,700950.30696,0
1771225800000,4996.43,4996.61,4993.20,4995.67,209.260,1771226099999,1045217.93651,921,70.357,351420.91015,0
1771226100000,4995.67,4996.59,4993.05,4995.39,147.314,1771226399999,735851.80961,800,60.122,300315.04082,0
1771226400000,4995.39,4996.32,4995.04,4996.13,104.153,1771226699999,520315.49316,592,31.813,158929.27439,0
1771226700000,4996.13,4998.60,4996.05,4997.49,152.332,1771226999999,761250.57719,991,97.194,485704.22321,0
1771227000000,4997.49,4999.86,4996.75,4999.85,270.172,1771227299999,1350342.91237,1205,207.227,1035735.98881,0
1771227300000,4999.85,5000.40,4998.02,4999.82,389.614,1771227599999,1947752.06944,1606,242.988,1214751.85989,0
1771227600000,4999.82,5006.94,4999.10,5002.31,777.722,1771227899999,3891686.74191,2303,501.484,2509424.23022,0
1771227900000,5002.30,5009.96,5001.61,5008.10,498.934,1771228199999,2497357.99751,2049,349.098,1747249.61283,0
1771228200000,5008.10,5009.50,5006.41,5007.16,314.071,1771228499999,1572753.78604,1387,158.811,795271.70160,0
1771228500000,5007.16,5008.63,5004.12,5008.21,301.729,1771228799999,1510554.54953,1295,184.710,924728.79389,0
1771228800000,5008.21,5013.40,5008.20,5010.20,598.443,1771229099999,2998504.10838,2028,344.337,1725332.08185,0
1771229100000,5010.20,5012.28,5007.06,5007.51,323.881,1771229399999,1622529.58059,1514,177.142,887395.61400,0
1771229400000,5007.50,5007.51,4998.24,5000.20,834.123,1771229699999,4172348.91349,2525,448.429,2243102.06267,0
1771229700000,5000.08,5004.40,4997.35,5002.80,516.157,1771229999999,2581363.81529,1856,323.185,1616417.60506,0
1771230000000,5002.80,5006.51,5002.10,5004.35,239.810,1771230299999,1200065.04605,1113,149.919,750236.99373,0
1771230300000,5004.35,5007.63,5004.35,5007.13,248.197,1771230599999,1242431.72711,1117,122.905,615264.46788,0
1771230600000,5007.13,5008.65,5006.45,5006.73,172.766,1771230899999,865112.65852,1000,88.045,440881.53374,0
1771230900000,5006.73,5009.60,5006.71,5007.90,168.251,1771231199999,842589.67057,830,92.724,464349.61020,0
1771231200000,5007.91,5008.32,5005.55,5007.61,105.261,1771231499999,527057.41250,719,61.497,307929.05862,0
1771231500000,5007.61,5008.57,5004.72,5005.15,99.573,1771231799999,498535.12328,739,61.108,305953.67523,0
1771231800000,5005.16,5008.23,5004.91,5007.74,171.880,1771232099999,860535.32916,756,120.516,603382.01086,0
1771232100000,5007.74,5010.65,5007.07,5008.53,179.527,1771232399999,899207.49232,835,127.180,637014.30876,0
1771232400000,5008.47,5015.85,5008.10,5013.87,656.452,1771232699999,3290930.41626,1929,404.871,2029675.45050,0
1771232700000,5013.96,5013.97,5011.02,5012.10,146.075,1771232999999,732194.92063,729,81.368,407854.10705,0
1771233000000,5012.30,5013.23,5009.58,5011.77,222.027,1771233299999,1112702.79172,922,136.241,682773.28018,0
1771233300000,5011.70,5016.66,5011.70,5015.61,193.991,1771233599999,972863.43181,981,136.015,682086.88642,0
1771233600000,5015.61,5016.00,5011.89,5013.66,291.473,1771233899999,1461720.26173,1247,156.801,786339.10011,0
1771233900000,5013.59,5015.14,5013.30,5014.21,224.589,1771234199999,1126186.49139,823,136.669,685319.94582,0
1771234200000,5014.45,5014.63,5010.70,5011.19,194.435,1771234499999,974649.94020,869,54.664,274000.94280,0
1771234500000,5011.20,5014.65,5011.20,5014.15,171.447,1771234799999,859476.75374,705,89.850,450416.74636,0
1771234800000,5014.15,5014.62,5010.91,5011.37,161.628,1771235099999,810277.59438,827,84.387,423073.35120,0
1771235100000,5011.38,5015.00,5009.37,5014.26,271.229,1771235399999,1359405.27415,1176,171.894,861518.32604,0
1771235400000,5014.27,5016.85,5013.72,5015.44,213.791,1771235699999,1072277.69405,1215,114.021,571874.70831,0
1771235700000,5015.44,5016.76,5013.60,5013.61,218.805,1771235999999,1097397.04943,1283,131.144,657754.70263,0
1771236000000,5013.60,5017.40,5012.55,5012.69,266.036,1771236299999,1334083.78756,1180,128.932,646601.17935,0
1771236300000,5012.69,5012.69,5010.75,5012.16,221.902,1771236599999,1112151.64331,978,129.824,650654.90795,0
1771236600000,5012.16,5012.16,5006.76,5007.84,399.013,1771236899999,1998726.52088,1394,101.104,506406.25277,0
1771236900000,5007.83,5011.67,5007.24,5007.54,252.750,1771237199999,1266111.70133,1321,135.563,679084.83345,0
1771237200000,5007.55,5009.87,5004.33,5009.64,324.834,1771237499999,1626387.99680,1263,115.259,577088.58546,0
1771237500000,5009.64,5009.96,5005.60,5005.72,191.135,1771237799999,957144.47637,913,78.954,395387.21940,0
1771237800000,5005.72,5007.33,5002.47,5006.50,659.917,1771238099999,3302945.32095,2427,341.002,1706773.57561,0
1771238100000,5006.50,5009.55,5004.28,5004.63,249.783,1771238399999,1250494.25704,1237,135.073,676237.57908,0
1771238400000,5004.71,5009.22,5003.43,5008.74,279.535,1771238699999,1399642.77563,979,201.084,1006891.84827,0
1771238700000,5008.73,5010.79,5007.71,5008.79,326.179,1771238999999,1633879.21544,1150,163.862,820803.40720,0
1771239000000,5008.80,5009.82,5007.23,5008.69,92.870,1771239299999,465131.69433,567,57.446,287707.35316,0
1771239300000,5008.68,5008.93,5006.54,5007.19,312.020,1771239599999,1562555.27526,974,170.917,855937.76402,0
1771239600000,5007.19,5007.42,5004.06,5004.86,344.190,1771239899999,1723067.62068,1155,180.325,902759.62815,0
1771239900000,5004.86,5005.42,5001.76,5002.00,201.740,1771240199999,1009453.76265,1027,75.888,379725.06779,0
1771240200000,5002.00,5003.09,4998.71,5001.25,347.024,1771240499999,1735389.40865,1611,155.485,777613.52365,0
1771240500000,5001.25,5004.00,4999.46,5003.11,302.152,1771240799999,1511268.24868,1291,136.403,682276.06036,0
1771240800000,5003.11,5003.43,5001.40,5001.71,158.925,1771241099999,794975.80026,614,72.064,360489.70720,0
1771241100000,5001.71,5004.72,5001.34,5004.11,454.470,1771241399999,2273489.31567,904,334.122,1671452.80796,0
1771241400000,5004.09,5004.73,5002.10,5003.15,179.415,1771241699999,897711.20610,757,90.403,452339.99765,0
1771241700000,5003.14,5003.49,5001.84,5003.49,100.674,1771241999999,503635.85704,495,51.874,259514.83834,0
1771242000000,5003.48,5006.85,5002.97,5006.85,274.455,1771242299999,1373599.05624,1047,143.705,719216.42173,0
1771242300000,5006.85,5008.10,5002.24,5002.89,195.146,1771242599999,976740.69773,798,62.380,312246.23340,0
1771242600000,5002.90,5006.00,5002.20,5005.18,176.975,1771242899999,885613.84915,748,134.906,675091.49932,0
1771242900000,5005.19,5005.69,5004.25,5004.96,257.219,1771243199999,1287382.11889,661,117.150,586316.96568,0
1771243200000,5004.97,5005.79,5003.01,5004.36,146.207,1771243499999,731698.07527,828,79.995,400336.90378,0
1771243500000,5004.36,5005.40,5002.44,5003.45,157.605,1771243799999,788623.14944,776,104.973,525249.68938,0
1771243800000,5003.46,5003.46,4998.60,4998.66,497.903,1771244099999,2489568.71823,1274,146.996,735018.03010,0
1771244100000,4998.65,4999.23,4993.33,4998.75,542.501,1771244399999,2710605.82414,2209,220.106,1099873.99667,0
1771244400000,4998.79,4999.67,4997.85,4999.40,96.102,1771244699999,480399.48370,703,72.923,364531.99001,0
1771244700000,4999.40,4999.87,4996.50,4997.52,182.658,1771244999999,913017.12953,1071,116.867,584159.45665,0
1771245000000,4997.51,5006.53,4996.09,5005.48,545.178,1771245299999,2726654.52282,1856,361.689,1809075.81834,0
1771245300000,5005.48,5007.89,5003.59,5004.01,317.817,1771245599999,1590836.08477,1331,162.026,811025.48859,0
1771245600000,5004.01,5006.07,5002.45,5006.06,200.988,1771245899999,1005706.67417,974,137.567,688351.10885,0
1771245900000,5006.07,5006.85,5003.06,5004.53,195.223,1771246199999,976985.76778,870,130.052,650833.52786,0
1771246200000,5004.45,5004.45,5000.81,5001.90,217.917,1771246499999,1090136.14037,947,127.222,636437.19404,0
1771246500000,5001.91,5003.95,5001.12,5003.48,215.754,1771246799999,1079255.69482,789,141.080,705704.50946,0
1771246800000,5003.49,5004.96,5002.50,5003.73,227.944,1771247099999,1140599.52258,1008,148.446,742793.83592,0
1771247100000,5003.73,5004.65,5002.15,5003.64,180.959,1771247399999,905359.67540,897,118.116,590952.85044,0
1771247400000,5003.64,5003.85,4999.68,4999.73,153.562,1771247699999,768078.71017,912,66.146,330871.91773,0
1771247700000,4999.73,5001.69,4997.70,5000.06,419.412,1771247999999,2096755.44972,1620,264.154,1320593.18473,0
1771248000000,5000.09,5002.94,4998.40,5002.00,169.808,1771248299999,849148.69089,1039,100.447,502298.42573,0
1771248300000,5002.00,5002.92,4994.05,4995.53,300.829,1771248599999,1503459.98212,1458,136.900,684188.57100,0
1771248600000,4995.60,4999.27,4995.33,4997.59,358.664,1771248899999,1792395.52903,1502,237.548,1187129.65158,0
1771248900000,4997.60,4999.44,4993.69,4994.91,258.126,1771249199999,1289698.85290,1375,135.642,677756.94312,0
1771249200000,4994.91,4997.25,4993.53,4996.74,159.161,1771249499999,795160.76931,1192,103.109,515125.33060,0
1771249500000,4996.85,4997.36,4990.22,4993.80,567.685,1771249799999,2834419.21195,2166,192.155,959444.90417,0
1771249800000,4993.81,4998.12,4993.72,4995.21,302.340,1771250099999,1510716.09205,1234,115.325,576213.12598,0
1771250100000,4995.20,4998.85,4994.56,4997.62,125.014,1771250399999,624705.42169,1135,77.670,388127.34626,0
1771250400000,4997.62,4998.00,4994.72,4996.07,159.282,1771250699999,795880.00987,875,70.341,351466.02142,0
1771250700000,4996.06,4998.51,4995.68,4997.12,131.345,1771250999999,656386.65566,813,79.854,399056.45497,0
1771251000000,4997.08,4997.18,4995.20,4995.95,96.678,1771251299999,483038.77464,768,46.421,231933.35539,0
1771251300000,4995.94,4999.79,4995.25,4996.46,220.704,1771251599999,1102943.33035,1098,79.728,398433.88666,0
1771251600000,4996.46,4996.46,4992.03,4995.70,375.405,1771251899999,1874756.16458,1426,145.261,725421.79161,0
1771251900000,4995.70,4996.14,4991.37,4993.25,205.646,1771252199999,1026782.06118,980,102.986,514189.19928,0
1771252200000,4993.24,4995.58,4992.85,4994.47,186.576,1771252499999,931842.64238,1601,121.492,606786.43557,0
1771252500000,4994.47,4995.06,4988.70,4991.04,452.514,1771252799999,2258567.30187,2090,122.695,612414.08100,0
1771252800000,4991.04,4993.11,4985.06,4990.31,579.137,1771253099999,2889119.24943,2272,261.147,1302782.91736,0
1771253100000,4990.61,4990.61,4983.01,4988.40,578.399,1771253399999,2883722.14990,2484,261.299,1302768.11059,0
1771253400000,4988.40,4990.47,4986.82,4987.07,291.071,1771253699999,1452025.63924,1322,181.317,904500.84671,0
1771253700000,4987.06,4989.51,4986.48,4989.03,216.788,1771253999999,1081355.60083,1071,124.848,622753.95965,0
1771254000000,4989.27,4989.28,4974.63,4976.30,1638.633,1771254299999,8161372.61944,5350,777.219,3871213.93557,0
1771254300000,4976.26,4980.82,4971.53,4978.73,1199.882,1771254599999,5971519.68729,4152,742.106,3693365.94650,0
1771254600000,4978.72,4979.93,4976.53,4977.53,580.915,1771254899999,2892154.56477,2143,235.610,1172967.14368,0
1771254900000,4977.52,4980.00,4976.58,4979.71,377.934,1771255199999,1881707.36428,1369,289.445,1441151.25417,0
1771255200000,4979.70,4983.19,4979.07,4981.44,451.708,1771255499999,2250212.49176,1683,237.102,1181085.39054,0
1771255500000,4981.43,4983.37,4981.04,4982.81,197.642,1771255799999,984765.17057,921,101.092,503681.44124,0
1771255800000,4982.80,4983.01,4977.50,4978.74,397.636,1771256099999,1980184.74643,1833,137.601,685295.95256,0
1771256100000,4978.63,4979.70,4976.29,4978.53,303.048,1771256399999,1508575.40241,1802,131.354,653901.33223,0
1771256400000,4978.52,4981.40,4978.24,4981.01,327.785,1771256699999,1632119.18740,1538,168.448,838754.57819,0
1771256700000,4980.92,4981.90,4978.80,4979.00,151.563,1771256999999,754874.94262,983,71.213,354701.89892,0
1771257000000,4979.00,4983.83,4977.57,4983.21,314.107,1771257299999,1564536.26320,1314,216.864,1080328.04173,0
1771257300000,4983.21,4986.53,4981.44,4981.92,520.833,1771257599999,2595874.19024,1472,331.654,1653078.73555,0
1771257600000,4981.84,4981.84,4976.24,4979.00,547.224,1771257899999,2724500.04014,2135,315.642,1571453.25400,0
1771257900000,4978.99,4980.33,4977.44,4977.79,248.974,1771258199999,1239630.31198,1663,157.842,785892.81612,0
1771258200000,4977.79,4982.40,4977.18,4982.09,220.200,1771258499999,1096749.22476,1376,134.783,671299.61039,0
1771258500000,4982.08,4983.08,4978.52,4978.52,192.767,1771258799999,960186.24395,1092,47.551,236854.32166,0
1771258800000,4978.41,4981.70,4978.12,4981.63,271.000,1771259099999,1349464.91951,1536,209.033,1040903.34947,0
1771259100000,4981.76,4989.74,4981.76,4988.30,603.779,1771259399999,3010640.28750,2565,349.765,1744047.54248,0
1771259400000,4988.30,4990.80,4987.71,4989.26,495.180,1771259699999,2470680.88485,1730,250.079,1247733.58978,0
1771259700000,4989.37,4991.45,4988.91,4988.91,188.474,1771259999999,940550.77338,1217,118.479,591262.67790,0
1771260000000,4988.92,4992.99,4988.81,4991.84,494.993,1771260299999,2470531.34849,1302,378.362,1888462.22352,0
1771260300000,4991.67,4991.67,4988.05,4989.85,259.978,1771260599999,1297212.99420,1068,96.123,479595.62833,0
1771260600000,4989.85,4991.34,4989.44,4990.95,174.345,1771260899999,870022.41108,859,145.673,726945.45275,0
1771260900000,4990.89,4991.14,4990.13,4990.80,66.983,1771261199999,334300.03626,388,41.161,205424.79692,0
1771261200000,4990.81,4996.58,4990.62,4994.76,309.037,1771261499999,1543265.31740,1943,192.602,961803.90907,0
1771261500000,4994.75,4995.41,4993.04,4994.99,128.042,1771261799999,639524.06971,865,45.518,227349.25302,0
1771261800000,4995.00,4996.35,4992.61,4992.93,265.378,1771262099999,1325395.72117,1085,39.326,196449.07855,0
1771262100000,4992.93,4995.90,4992.55,4993.21,188.851,1771262399999,943220.56260,814,90.977,454366.92583,0
1771262400000,4993.22,4995.36,4993.22,4995.20,62.837,1771262699999,313832.61663,459,35.262,176101.95412,0
1771262700000,4995.21,4996.63,4994.45,4996.35,244.334,1771262999999,1220603.14555,794,167.325,835891.72587,0
1771263000000,4996.34,4997.34,4995.37,4995.97,168.972,1771263299999,844287.41460,803,71.769,358602.46843,0
1771263300000,4995.78,4995.78,4993.51,4993.76,104.591,1771263599999,522355.00932,603,21.495,107358.55042,0
1771263600000,4993.68,4995.52,4993.21,4994.61,72.720,1771263899999,363177.17116,530,45.936,229410.50299,0
1771263900000,4994.61,4994.88,4992.18,4992.78,141.325,1771264199999,705664.56108,595,23.322,116454.41920,0
1771264200000,4992.79,4994.47,4991.83,4994.47,102.266,1771264499999,510584.50428,471,31.473,157143.47942,0
1771264500000,4994.43,4994.82,4992.10,4992.84,138.956,1771264799999,693874.21398,614,61.630,307748.27002,0
1771264800000,4992.85,4993.71,4990.56,4990.93,157.625,1771265099999,786834.10179,663,42.449,211883.47213,0
1771265100000,4990.92,4994.00,4990.92,4993.44,182.345,1771265399999,910347.63233,660,125.567,626853.98482,0
1771265400000,4993.44,4996.01,4993.44,4995.27,230.916,1771265699999,1153425.10349,678,106.911,534034.82991,0
1771265700000,4995.28,4996.16,4994.28,4994.50,63.528,1771265999999,317334.59613,561,34.953,174597.90457,0
1771266000000,4994.64,4999.78,4994.50,4997.35,212.978,1771266299999,1064518.79459,1030,132.720,663390.46513,0
1771266300000,4997.36,4997.58,4995.68,4995.74,125.502,1771266599999,627103.37515,506,51.190,255783.53066,0
1771266600000,4995.74,4996.63,4993.14,4996.20,219.556,1771266899999,1096594.22738,987,85.810,428602.51289,0
1771266900000,4996.28,4997.00,4993.96,4994.73,199.166,1771267199999,994863.51727,774,70.165,350505.14672,0
1771267200000,4994.72,4996.86,4994.45,4996.86,55.300,1771267499999,276246.05486,345,34.274,171215.87414,0
1771267500000,4996.86,4999.32,4996.80,4998.95,201.820,1771267799999,1008701.50085,712,107.522,537410.94476,0
1771267800000,4998.95,4999.46,4997.05,4997.31,164.901,1771268099999,824266.39534,637,47.286,236376.34898,0
1771268100000,4997.30,4997.90,4995.28,4995.28,106.303,1771268399999,531241.61368,341,12.013,60035.35706,0
1771268400000,4995.28,4997.55,4995.27,4997.21,78.224,1771268699999,390835.82303,479,55.936,279462.38189,0
1771268700000,4997.21,4997.21,4995.86,4997.02,68.258,1771268999999,341065.13318,375,17.673,88304.91003,0
1771269000000,4997.02,4997.31,4992.45,4993.05,214.242,1771269299999,1069878.68400,809,104.571,522160.59227,0
1771269300000,4993.05,4997.92,4992.46,4993.72,203.277,1771269599999,1015315.12435,924,114.059,569675.75745,0
1771269600000,4993.70,4994.13,4993.12,4993.95,65.262,1771269899999,325887.50554,548,49.974,249545.62368,0
1771269900000,4994.12,4995.67,4992.48,4995.58,92.007,1771270199999,459440.34180,488,57.985,289550.84125,0
1771270200000,4995.56,4995.56,4994.30,4994.31,31.514,1771270499999,157411.01271,162,11.662,58252.09563,0
1771270500000,4994.31,4995.67,4994.05,4994.05,46.540,1771270799999,232470.60009,297,22.588,112827.95009,0
1771270800000,4994.05,4994.06,4991.84,4991.84,37.010,1771271099999,184794.74546,224,4.195,20948.87223,0
1771271100000,4991.84,4992.10,4991.53,4991.54,25.764,1771271399999,128610.56884,159,7.091,35395.97852,0
1771271400000,4991.53,4992.15,4991.23,4992.15,44.701,1771271699999,223135.83921,194,39.948,199409.26776,0
1771271700000,4992.15,4993.36,4991.26,4991.88,68.335,1771271999999,341147.80618,336,54.660,272875.73695,0
1771272000000,4991.88,4992.41,4991.71,4991.71,29.160,1771272299999,145567.84348,204,10.519,52512.33056,0
1771272300000,4991.72,4991.72,4991.04,4991.05,35.605,1771272599999,177711.31107,251,23.358,116584.09994,0
1771272600000,4991.05,4992.76,4991.00,4991.73,111.832,1771272899999,558209.98121,477,92.592,462175.71690,0
1771272900000,4991.96,4993.94,4991.89,4993.77,121.121,1771273199999,604744.99213,344,109.548,546960.60582,0
1771273200000,4993.77,4993.78,4993.69,4993.70,29.622,1771273499999,147924.87898,121,5.907,29498.18084,0
1771273500000,4993.70,4993.71,4993.70,4993.70,3.819,1771273799999,19070.96159,45,2.129,10631.60859,0
1771273800000,4993.70,4994.20,4992.76,4992.76,46.808,1771274099999,233751.20722,320,15.781,78808.36262,0
1771274100000,4992.70,4992.70,4992.46,4992.47,8.458,1771274399999,42226.29772,81,6.500,32451.05500,0
1771274400000,4992.46,4994.07,4992.46,4994.06,9.656,1771274699999,48216.53169,162,7.123,35568.05451,0
1771274700000,4994.06,4994.07,4994.06,4994.06,2.381,1771274999999,11890.85925,41,0.239,1193.58273,0
1771275000000,4994.06,4996.58,4994.06,4994.32,65.172,1771275299999,325539.78267,507,40.900,204295.32164,0
1771275300000,4994.33,4995.20,4993.76,4993.78,17.847,1771275599999,89139.89510,185,5.779,28864.71928,0
1771275600000,4993.76,4994.16,4993.76,4994.06,34.336,1771275899999,171467.97639,160,24.084,120271.81563,0
1771275900000,4994.07,4994.07,4993.82,4994.07,21.877,1771276199999,109254.11624,119,6.550,32710.70765,0
1771276200000,4994.07,4994.07,4994.06,4994.06,3.579,1771276499999,17873.75295,32,1.221,6097.75947,0
1771276500000,4994.07,4994.58,4991.60,4991.60,38.755,1771276799999,193531.70664,235,6.871,34314.31326,0
1771276800000,4991.60,4993.59,4991.60,4992.68,33.861,1771277099999,169047.44324,482,17.674,88228.54780,0
1771277100000,4992.68,4992.68,4992.67,4992.67,12.374,1771277399999,61779.34284,53,5.991,29911.13023,0
1771277400000,4992.68,4992.68,4991.58,4991.59,10.364,1771277699999,51738.47456,123,3.128,15615.13380,0
1771277700000,4991.59,4993.60,4991.59,4993.43,17.010,1771277999999,84924.77771,137,13.546,67627.59259,0
1771278000000,4993.28,4994.47,4993.27,4993.87,19.995,1771278299999,99854.99186,127,7.462,37262.94459,0
1771278300000,4993.76,4993.76,4992.64,4992.87,6.231,1771278599999,31112.35693,85,2.564,12801.94546,0
1771278600000,4992.88,4995.03,4990.64,4995.03,137.417,1771278899999,686159.23187,567,103.191,515285.07230,0
1771278900000,4995.02,4996.48,4994.47,4994.48,134.630,1771279199999,672526.94613,536,76.076,380027.64973,0
1771279200000,4994.47,4995.05,4993.92,4995.05,17.035,1771279499999,85079.32795,214,10.337,51626.69502,0
1771279500000,4995.04,4995.04,4992.86,4994.15,27.497,1771279799999,137315.45631,205,6.547,32691.06876,0
1771279800000,4994.15,4994.56,4992.64,4994.40,26.501,1771280099999,132336.14994,230,11.755,58691.54218,0
1771280100000,4994.39,4995.20,4993.96,4995.20,34.617,1771280399999,172892.67056,200,30.665,153155.38633,0
1771280400000,4995.19,4995.39,4994.92,4995.28,15.270,1771280699999,76277.15786,144,5.996,29950.45352,0
1771280700000,4995.28,4996.47,4995.28,4996.17,25.677,1771280999999,128288.81513,196,11.839,59149.56951,0
1771281000000,4996.16,4997.28,4996.16,4997.28,17.273,1771281299999,86308.76394,209,12.909,64501.62608,0
1771281300000,4997.27,4999.00,4997.14,4997.29,55.420,1771281599999,276984.79252,283,37.684,188341.57288,0
1771281600000,4997.28,4997.28,4995.10,4995.14,57.187,1771281899999,285719.69940,345,22.364,111730.10659,0
1771281900000,4995.11,4995.14,4993.28,4993.29,19.084,1771282199999,95316.14201,175,2.978,14872.37747,0
1771282200000,4993.28,4993.28,4991.31,4991.31,30.218,1771282499999,150861.71953,212,8.536,42616.77614,0
1771282500000,4991.30,4993.17,4990.87,4993.17,35.535,1771282799999,177363.52335,232,16.836,84035.15472,0
1771282800000,4993.18,4998.92,4991.09,4998.54,613.911,1771283099999,3066769.74522,2440,335.652,1676852.17964,0
1771283100000,4998.42,5000.00,4995.06,4997.63,515.378,1771283399999,2575887.12373,1759,230.184,1150424.20408,0
1771283400000,4997.64,4998.31,4987.43,4992.27,843.420,1771283699999,4210162.14180,2638,447.642,2234565.96319,0
1771283700000,4992.24,4992.65,4986.40,4990.53,377.284,1771283999999,1882406.24111,1751,200.721,1001485.73399,0
1771284000000,4990.53,4999.99,4989.44,4997.51,956.894,1771284299999,4780451.48988,2546,510.054,2548216.81127,0
1771284300000,4997.31,4999.91,4994.46,4994.76,339.609,1771284599999,1697298.65795,1430,163.484,817055.68218,0
1771284600000,4994.76,4996.10,4991.86,4992.39,298.453,1771284899999,1490514.19043,1174,211.462,1056059.23404,0
1771284900000,4992.34,4994.15,4991.05,4991.20,185.822,1771285199999,927714.91792,891,123.365,615901.52100,0
1771285200000,4991.18,4992.39,4988.33,4990.80,260.041,1771285499999,1297802.36025,1157,179.328,894981.97011,0
1771285500000,4990.80,4995.28,4990.05,4994.69,178.266,1771285799999,889939.40169,998,120.481,601466.55081,0
1771285800000,4994.60,4995.20,4992.31,4995.00,114.661,1771286099999,572639.80650,766,72.356,361358.43807,0
1771286100000,4995.00,4995.20,4990.56,4991.49,124.685,1771286399999,622508.26157,675,83.402,416393.05427,0
1771286400000,4991.48,4992.84,4983.73,4986.65,637.355,1771286699999,3179242.49157,2360,319.327,1592988.17538,0
1771286700000,4986.60,4987.48,4977.85,4979.94,917.056,1771286999999,4568917.27889,4291,438.121,2182819.32478,0
1771287000000,4979.94,4981.17,4977.23,4981.00,661.255,1771287299999,3292550.58111,2597,367.042,1827641.02921,0
1771287300000,4981.00,4982.36,4979.45,4980.63,375.236,1771287599999,1869062.43888,1492,180.064,896950.31230,0
1771287600000,4980.64,4980.95,4977.61,4978.99,330.232,1771287899999,1644173.00725,1481,203.531,1013331.48636,0
1771287900000,4979.03,4979.03,4974.00,4976.02,536.888,1771288199999,2671363.06428,1928,241.686,1202548.18286,0
1771288200000,4975.97,4979.10,4975.96,4978.42,347.250,1771288499999,1728526.95310,1609,214.355,1066966.68581,0
1771288500000,4978.42,4981.12,4974.41,4977.96,385.137,1771288799999,1917064.06599,1754,251.854,1253603.41554,0
1771288800000,4978.05,4978.06,4971.40,4972.64,438.151,1771289099999,2179127.17532,2163,207.371,1031330.11656,0
1771289100000,4972.68,4972.79,4970.48,4971.14,404.091,1771289399999,2008832.40735,1555,269.375,1339116.34190,0
1771289400000,4971.15,4971.99,4950.93,4953.04,3045.948,1771289699999,15102772.88510,8937,1209.537,5995713.07776,0
1771289700000,4953.05,4954.32,4934.28,4938.00,3335.985,1771289999999,16489231.23888,10147,1416.658,7002447.46442,0
1771290000000,4937.98,4945.99,4924.44,4936.16,3622.841,1771290299999,17877747.57187,11539,1635.070,8069149.73696,0
1771290300000,4935.94,4952.64,4935.94,4951.07,2115.806,1771290599999,10463914.29792,6517,1305.256,6454861.95979,0
1771290600000,4951.06,4953.60,4949.98,4952.87,902.218,1771290899999,4467471.70021,3386,508.596,2518393.31481,0
1771290900000,4952.81,4953.71,4947.56,4949.68,536.726,1771291199999,2657262.08620,2366,253.853,1256784.81210,0
1771291200000,4949.68,4955.84,4947.21,4955.84,575.591,1771291499999,2851030.82065,2640,358.812,1777261.90801,0
1771291500000,4955.84,4963.25,4954.87,4960.70,1708.955,1771291799999,8474693.95067,4108,1052.488,5219710.50448,0
1771291800000,4960.69,4961.97,4957.45,4959.95,785.303,1771292099999,3895016.63612,2474,359.271,1781983.31079,0
1771292100000,4959.95,4964.40,4959.95,4961.77,752.821,1771292399999,3735839.80106,2203,472.826,2346312.05148,0
1771292400000,4961.79,4965.96,4959.69,4965.44,631.599,1771292699999,3134469.31821,1971,433.150,2149598.05748,0
1771292700000,4965.44,4966.00,4961.30,4962.30,312.784,1771292999999,1552391.66866,1426,102.678,509643.00743,0
1771293000000,4962.30,4963.71,4958.24,4960.99,436.611,1771293299999,2165985.37447,1956,186.471,925166.14699,0
1771293300000,4960.87,4961.23,4958.88,4959.85,313.787,1771293599999,1556377.20031,1402,136.601,677524.80461,0
1771293600000,4959.84,4961.13,4958.24,4960.19,420.170,1771293899999,2083927.08794,1946,196.847,976311.42529,0
1771293900000,4960.18,4966.24,4958.25,4965.76,770.808,1771294199999,3824912.73604,2271,465.408,2309395.32760,0
1771294200000,4965.91,4967.92,4965.08,4967.92,290.149,1771294499999,1441140.64504,1350,160.845,798908.56954,0
1771294500000,4967.92,4970.56,4966.73,4970.09,383.980,1771294799999,1907732.17813,1429,224.225,1114020.57192,0
1771294800000,4970.10,4973.47,4969.45,4970.08,492.758,1771295099999,2449778.99928,1657,197.058,979666.54413,0
1771295100000,4970.07,4970.08,4967.04,4967.89,238.927,1771295399999,1187164.94736,1248,113.357,563226.17290,0
1771295400000,4967.88,4969.36,4964.49,4966.66,429.000,1771295699999,2130670.30095,1286,178.332,885778.43586,0
1771295700000,4966.65,4967.58,4965.41,4966.75,210.691,1771295999999,1046397.45093,887,126.491,628231.19927,0
1771296000000,4966.75,4967.03,4959.11,4963.46,643.077,1771296299999,3191614.80088,1902,229.347,1138401.57608,0
1771296300000,4963.54,4965.87,4962.81,4964.48,228.963,1771296599999,1136661.58846,1030,86.666,430243.57521,0
1771296600000,4964.49,4966.44,4963.18,4965.29,218.038,1771296899999,1082473.45500,979,131.996,655275.89363,0
1771296900000,4965.29,4968.96,4965.29,4968.64,212.423,1771297199999,1055150.19308,963,144.164,716080.56952,0
1771297200000,4968.64,4972.22,4964.80,4964.80,264.208,1771297499999,1312968.89468,1300,133.082,661409.26575,0
1771297500000,4964.81,4967.19,4962.61,4965.11,328.123,1771297799999,1629109.42050,1488,161.707,802860.60499,0
1771297800000,4965.10,4965.89,4962.00,4964.00,267.959,1771298099999,1330224.59559,1150,151.384,751472.61107,0
1771298100000,4963.68,4964.47,4959.45,4959.85,351.519,1771298399999,1744109.88040,1352,202.559,1005036.81369,0
1771298400000,4959.94,4963.59,4959.23,4960.23,292.871,1771298699999,1453103.13282,1183,140.871,698930.21438,0
1771298700000,4960.43,4961.25,4955.73,4957.40,614.567,1771298999999,3047130.30324,2271,266.843,1323009.67810,0
1771299000000,4957.40,4961.17,4956.48,4957.06,707.947,1771299299999,3510760.16479,1597,391.556,1941571.60835,0
1771299300000,4957.05,4957.52,4952.60,4953.74,500.541,1771299599999,2479939.38617,1805,320.000,1585382.68031,0
1771299600000,4953.84,4958.07,4952.72,4956.14,556.931,1771299899999,2759541.79254,1547,334.848,1659173.93199,0
1771299900000,4956.08,4959.36,4955.49,4959.00,333.365,1771300199999,1652628.65159,1403,201.832,1000591.62835,0
1771300200000,4959.01,4961.59,4959.00,4959.92,153.828,1771300499999,763056.34706,933,84.050,416918.09048,0
1771300500000,4959.92,4962.70,4959.45,4960.15,316.988,1771300799999,1572480.02835,1038,246.562,1223072.24252,0
1771300800000,4960.14,4960.14,4954.00,4954.20,629.039,1771301099999,3117010.53189,1413,311.483,1543444.91400,0
1771301100000,4954.21,4954.35,4950.04,4953.24,677.629,1771301399999,3355746.22329,1428,413.557,2047895.37462,0
1771301400000,4953.06,4956.31,4953.05,4954.69,229.082,1771301699999,1135031.07692,1160,99.674,493839.73942,0
1771301700000,4954.68,4958.04,4953.60,4957.11,238.984,1771301999999,1184493.56514,1030,157.814,782180.83023,0
1771302000000,4957.11,4961.03,4957.11,4960.01,275.040,1771302299999,1364008.23591,1331,173.015,858010.92001,0
1771302300000,4960.01,4963.00,4959.94,4962.77,190.634,1771302599999,945843.46894,949,128.449,637325.79433,0
1771302600000,4962.76,4963.20,4956.63,4957.14,534.543,1771302899999,2650727.60577,1639,269.189,1334824.10624,0
1771302900000,4957.14,4958.36,4953.93,4957.92,183.752,1771303199999,910661.39186,1041,141.603,701768.03586,0
1771303200000,4957.93,4958.78,4955.10,4955.48,132.986,1771303499999,659252.01792,749,54.692,271130.39383,0
1771303500000,4955.65,4957.00,4953.60,4954.95,302.630,1771303799999,1499717.14935,1081,163.420,809854.14325,0
1771303800000,4954.94,4956.05,4952.72,4954.59,226.964,1771304099999,1124419.42093,999,97.955,485317.81717,0
1771304100000,4954.59,4955.18,4953.26,4954.86,416.725,1771304399999,2064777.41007,1144,279.859,1386657.56578,0
1771304400000,4954.85,4955.17,4951.31,4951.97,407.120,1771304699999,2016982.34140,1235,190.221,942420.21728,0
1771304700000,4952.16,4952.16,4941.48,4947.52,1212.070,1771304999999,5995058.71202,3419,486.549,2405868.67819,0
1771305000000,4947.51,4947.69,4931.43,4932.16,923.919,1771305299999,4562690.08420,3491,450.360,2224034.16353,0
1771305300000,4932.15,4932.22,4900.60,4905.13,5967.382,1771305599999,29321354.23647,15587,2734.389,13433984.52936,0
1771305600000,4905.13,4910.18,4894.18,4902.82,3671.299,1771305899999,17998491.58619,11401,2097.986,10286674.36511,0
1771305900000,4902.79,4907.87,4893.87,4905.28,2874.959,1771306199999,14093180.56500,8538,1712.982,8397521.34881,0
1771306200000,4905.28,4906.72,4866.07,4889.11,6453.919,1771306499999,31504251.33558,20437,2648.890,12931506.91202,0
1771306500000,4889.12,4893.88,4880.32,4888.19,2511.562,1771306799999,12277593.06237,10023,1421.354,6948464.20337,0
1771306800000,4888.24,4890.79,4879.50,4884.50,2543.035,1771307099999,12423801.73359,7837,1360.174,6644298.23236,0
1771307100000,4884.50,4892.20,4880.00,4890.42,1570.756,1771307399999,7674357.45494,6987,914.138,4466278.07076,0
1771307400000,4890.42,4901.31,4889.19,4893.01,1868.788,1771307699999,9147500.72956,6009,1050.612,5142256.77802,0
1771307700000,4893.01,4895.05,4889.34,4893.15,741.455,1771307999999,3627451.45561,3270,351.372,1719119.27277,0
1771308000000,4893.15,4898.47,4892.74,4895.64,1107.461,1771308299999,5421828.82695,4338,626.980,3069497.27106,0
1771308300000,4895.64,4898.17,4893.79,4897.36,1161.317,1771308599999,5685713.06672,3189,673.120,3295404.53519,0
1771308600000,4897.36,4898.48,4892.12,4895.51,829.563,1771308899999,4060995.11067,2933,387.227,1895576.87513,0
1771308900000,4895.50,4904.44,4890.32,4902.50,1309.902,1771309199999,6414640.57038,4519,697.287,3414697.10134,0
1771309200000,4902.49,4903.73,4898.72,4899.04,418.421,1771309499999,2050928.48576,2167,152.711,748523.74922,0
1771309500000,4899.09,4899.55,4896.80,4897.78,673.165,1771309799999,3297096.92358,2541,336.738,1649334.69984,0
1771309800000,4897.81,4907.86,4895.32,4907.11,899.472,1771310099999,4408798.03786,2957,400.491,1963339.12486,0
1771310100000,4907.10,4913.73,4906.30,4913.24,856.819,1771310399999,4206231.17496,3094,533.893,2620894.61759,0
1771310400000,4913.25,4916.95,4909.79,4912.20,972.258,1771310699999,4776965.11294,3600,386.550,1899189.77305,0
1771310700000,4912.20,4913.45,4904.13,4912.25,1173.589,1771310999999,5761198.45996,3422,513.992,2523137.05844,0
1771311000000,4912.29,4918.12,4910.30,4916.70,448.755,1771311299999,2205151.98475,2006,271.562,1334487.63624,0
1771311300000,4916.57,4916.70,4912.53,4913.47,444.500,1771311599999,2184629.57775,1603,132.711,652247.92501,0
1771311600000,4913.61,4914.07,4907.68,4913.68,567.652,1771311899999,2787238.14346,2847,194.403,954602.94163,0
1771311900000,4913.69,4916.24,4911.25,4912.03,350.338,1771312199999,1721423.34712,1782,163.565,803677.96650,0
1771312200000,4912.03,4913.59,4909.10,4909.83,280.125,1771312499999,1375630.84955,1363,97.356,478095.89826,0
1771312500000,4909.92,4911.19,4908.14,4909.90,381.647,1771312799999,1873737.42277,1720,115.620,567653.67880,0
1771312800000,4909.82,4919.60,4909.81,4913.54,806.606,1771313099999,3964748.81156,2780,411.274,2021528.78814,0
1771313100000,4913.36,4915.23,4908.53,4910.56,392.997,1771313399999,1930149.50482,1705,113.479,557423.33894,0
1771313400000,4910.51,4912.50,4906.40,4911.77,522.123,1771313699999,2563277.34547,2011,237.424,1165659.26297,0
1771313700000,4911.78,4921.88,4911.40,4920.77,1411.159,1771313999999,6938004.31296,2800,870.074,4277358.15400,0
1771314000000,4920.77,4923.38,4919.51,4919.64,618.506,1771314299999,3043948.57049,2140,241.035,1186329.30173,0
1771314300000,4919.83,4920.64,4917.01,4917.63,259.486,1771314599999,1276426.27637,1503,121.541,597849.97324,0
1771314600000,4917.63,4924.49,4917.13,4922.61,306.196,1771314899999,1506832.61781,1420,187.146,921026.11339,0
1771314900000,4922.61,4922.99,4917.00,4920.44,868.564,1771315199999,4273530.67365,2449,356.051,1752059.30143,0
1771315200000,4920.44,4928.23,4919.47,4927.85,790.702,1771315499999,3893380.25735,3163,504.468,2483861.84196,0
1771315500000,4927.98,4927.98,4921.00,4923.88,637.181,1771315799999,3137196.92208,2201,210.983,1038884.47147,0
1771315800000,4923.89,4931.98,4923.89,4929.49,755.372,1771316099999,3722933.80674,2351,472.207,2327031.19151,0
1771316100000,4929.76,4931.68,4927.90,4928.00,665.203,1771316399999,3279050.97741,1796,133.690,659036.29072,0
1771316400000,4928.01,4932.65,4926.50,4930.00,585.078,1771316699999,2883950.87620,1627,273.258,1347012.41047,0
1771316700000,4930.01,4930.15,4924.40,4925.17,878.437,1771316999999,4328051.02838,2078,361.796,1782311.86462,0
1771317000000,4925.17,4928.40,4921.44,4922.85,640.926,1771317299999,3156359.43476,2271,284.762,1402382.19638,0
1771317300000,4922.80,4924.40,4919.12,4920.22,919.888,1771317599999,4527366.10524,2271,266.313,1310610.86781,0
1771317600000,4920.29,4922.39,4918.60,4919.92,448.614,1771317899999,2207432.12981,1460,165.542,814524.10239,0
1771317900000,4919.92,4925.91,4919.92,4924.71,447.110,1771318199999,2201459.22567,1796,195.471,962382.77885,0
1771318200000,4924.79,4927.04,4922.08,4924.35,311.221,1771318499999,1532602.91190,1443,141.417,696424.15139,0
1771318500000,4924.35,4925.74,4921.47,4923.18,325.894,1771318799999,1604543.44422,1716,145.449,716110.22298,0
1771318800000,4923.18,4930.54,4922.11,4930.34,610.200,1771319099999,3006963.06244,2384,330.644,1629201.77069,0
1771319100000,4930.33,4930.91,4923.89,4925.47,299.640,1771319399999,1476197.32103,1442,153.815,757728.16986,0
1771319400000,4925.48,4927.71,4922.77,4923.88,296.612,1771319699999,1460901.04805,1234,156.721,771895.33840,0
1771319700000,4923.88,4925.59,4920.03,4921.81,701.086,1771319999999,3451984.80348,1539,397.383,1956817.49040,0
1771320000000,4921.78,4923.66,4920.00,4922.54,255.294,1771320299999,1256477.41758,1201,105.974,521561.77118,0
1771320300000,4922.76,4923.14,4920.06,4921.05,349.958,1771320599999,1722329.40925,1345,91.086,448279.53273,0
1771320600000,4921.05,4922.41,4918.20,4921.36,479.948,1771320899999,2361643.61208,1771,189.158,930773.27974,0
1771320900000,4921.42,4925.85,4921.42,4923.61,696.888,1771321199999,3431525.37140,1682,411.798,2027683.72019,0
1771321200000,4923.60,4923.60,4920.78,4923.45,240.100,1771321499999,1181840.47612,1172,104.566,514689.38220,0
1771321500000,4923.45,4924.69,4913.83,4919.00,982.737,1771321799999,4833774.80475,2886,507.462,2496182.80818,0
1771321800000,4919.00,4935.00,4919.00,4929.79,1126.270,1771322099999,5550398.04825,3413,604.973,2982023.39251,0
1771322100000,4929.81,4930.54,4928.22,4928.54,225.259,1771322399999,1110333.88732,984,124.511,613721.44472,0
1771322400000,4928.54,4931.26,4926.50,4929.94,347.559,1771322699999,1712982.23081,1309,152.899,753579.93724,0
1771322700000,4929.93,4931.97,4928.85,4931.55,298.204,1771322999999,1470281.05901,1245,170.058,838477.01976,0
1771323000000,4931.54,4942.49,4930.80,4939.05,1184.129,1771323299999,5847744.24386,3813,727.282,3591432.03283,0
1771323300000,4939.06,4940.19,4933.80,4935.60,460.620,1771323599999,2273596.16599,1765,153.761,758973.27353,0
1771323600000,4935.59,4938.70,4935.00,4935.04,411.994,1771323899999,2033944.62974,1329,170.789,843156.68162,0
1771323900000,4935.04,4935.41,4931.07,4931.07,448.884,1771324199999,2214728.66338,1905,216.071,1066068.52499,0
1771324200000,4931.00,4931.00,4924.60,4928.10,783.543,1771324499999,3860510.46553,2645,411.522,2027478.15635,0
1771324500000,4928.10,4929.58,4922.71,4928.44,303.832,1771324799999,1496841.26154,1519,174.634,860313.36361,0
1771324800000,4928.43,4928.43,4923.31,4925.15,248.876,1771325099999,1225732.92981,1249,107.194,527918.68018,0
1771325100000,4925.14,4925.70,4918.61,4919.71,715.444,1771325399999,3521698.63752,1737,266.878,1313503.13222,0
1771325400000,4919.71,4921.94,4910.81,4914.70,1897.579,1771325699999,9327985.12831,4188,849.286,4174859.08689,0
1771325700000,4914.69,4916.54,4912.65,4915.66,378.797,1771325999999,1861673.40546,1759,197.994,973089.85156,0
1771326000000,4915.67,4922.00,4915.67,4920.89,529.736,1771326299999,2606221.76457,1723,240.036,1180962.50346,0
1771326300000,4920.89,4926.95,4920.66,4924.39,443.943,1771326599999,2185790.52414,1698,219.693,1081664.84262,0
1771326600000,4924.38,4929.42,4923.22,4928.58,583.030,1771326899999,2872027.56984,1760,326.742,1609552.33667,0
1771326900000,4928.40,4930.50,4927.95,4929.35,244.309,1771327199999,1204189.80256,1133,107.952,532084.46254,0
1771327200000,4929.34,4932.29,4927.13,4929.58,895.429,1771327499999,4414647.29986,1812,449.189,2214527.42818,0
1771327500000,4929.66,4931.84,4928.69,4930.52,242.905,1771327799999,1197482.17525,1109,116.638,574991.23639,0
1771327800000,4930.37,4931.02,4926.37,4926.75,247.877,1771328099999,1221661.12558,1234,103.938,512250.75245,0
1771328100000,4926.75,4928.99,4924.35,4928.93,235.519,1771328399999,1160178.02355,1163,102.208,503468.06128,0
1771328400000,4928.93,4931.84,4927.20,4930.04,401.657,1771328699999,1979980.82713,1364,200.891,990328.98703,0
1771328700000,4930.05,4932.14,4928.28,4931.83,182.164,1771328999999,898101.95359,942,94.777,467278.86270,0
1771329000000,4931.95,4932.40,4927.86,4928.75,268.388,1771329299999,1323017.40941,1311,113.213,558075.28816,0
1771329300000,4928.75,4933.95,4924.80,4932.02,472.686,1771329599999,2329956.79876,1925,287.692,1418140.50014,0
1771329600000,4932.01,4936.25,4930.96,4933.41,998.200,1771329899999,4924750.85694,2920,578.261,2853046.73938,0
1771329900000,4933.42,4939.97,4932.90,4939.35,552.990,1771330199999,2730535.63699,2096,285.086,1407554.24403,0
1771330200000,4939.35,4940.41,4936.00,4936.13,706.733,1771330499999,3490407.02670,2298,309.379,1528016.14943,0
1771330500000,4936.14,4945.79,4936.14,4940.61,1671.809,1771330799999,8262584.60662,3326,890.739,4401594.95927,0
1771330800000,4940.61,4944.74,4940.56,4943.41,326.111,1771331099999,1611829.50307,1200,195.237,964936.42091,0
1771331100000,4943.48,4946.22,4942.44,4945.10,896.155,1771331399999,4430448.82280,1982,398.143,1968442.63383,0
1771331400000,4945.09,4946.20,4940.67,4943.47,709.636,1771331699999,3507905.57146,1896,285.593,1411771.59778,0
1771331700000,4943.47,4945.64,4940.10,4941.10,614.094,1771331999999,3035340.48646,1959,226.618,1120133.06941,0
1771332000000,4941.10,4941.10,4936.93,4940.04,486.174,1771332299999,2401337.05177,1770,238.288,1176901.48611,0
1771332300000,4940.01,4940.23,4937.09,4937.13,525.083,1771332599999,2592839.50871,1396,212.575,1049641.12369,0
1771332600000,4937.14,4938.57,4935.56,4935.80,327.411,1771332899999,1616349.99505,1264,121.516,599916.02686,0
1771332900000,4935.80,4936.95,4931.83,4934.85,563.357,1771333199999,2779985.64003,2156,261.324,1289531.21450,0
1771333200000,4934.85,4936.35,4929.44,4930.95,860.572,1771333499999,4245235.57738,2247,336.181,1658250.83095,0
1771333500000,4930.96,4932.06,4925.75,4928.45,907.704,1771333799999,4473694.50160,2555,595.576,2935235.87497,0
1771333800000,4928.37,4928.57,4922.39,4926.00,1015.421,1771334099999,5001080.31484,2721,532.751,2623761.75951,0
1771334100000,4926.05,4927.19,4917.31,4917.44,2392.359,1771334399999,11771907.18503,4117,980.962,4826663.44489,0
1771334400000,4917.43,4926.57,4915.73,4921.44,1527.007,1771334699999,7514292.34837,4013,975.116,4798037.00298,0
1771334700000,4921.36,4925.85,4920.00,4924.45,900.950,1771334999999,4434966.09761,2746,512.367,2522135.01023,0
1771335000000,4924.44,4925.84,4911.76,4916.55,2011.823,1771335299999,9892474.32996,5385,1021.112,5020966.23344,0
1771335300000,4916.53,4922.04,4915.22,4919.29,1243.903,1771335599999,6118306.37357,3796,691.573,3401414.78802,0
1771335600000,4919.29,4925.36,4915.54,4925.26,1422.421,1771335899999,6999650.72931,3814,721.425,3550116.24910,0
1771335900000,4925.25,4927.59,4923.00,4923.09,624.632,1771336199999,3076286.69369,2172,307.921,1516479.79325,0
1771336200000,4923.09,4925.23,4913.00,4920.30,2998.999,1771336499999,14749791.88292,6917,1465.804,7209478.80323,0
1771336500000,4920.30,4920.54,4874.89,4875.97,8976.503,1771336799999,43915609.71064,17436,4027.972,19701969.40547,0
1771336800000,4875.96,4879.68,4845.33,4876.96,9568.424,1771337099999,46535310.45842,20935,4756.365,23136536.13135,0
1771337100000,4876.97,4904.53,4872.54,4896.93,5035.632,1771337399999,24626199.41315,12111,2535.077,12398420.97344,0
1771337400000,4896.75,4902.46,4889.25,4899.45,2601.471,1771337699999,12739522.47232,6478,1409.855,6904116.78662,0
1771337700000,4899.40,4903.35,4893.31,4896.14,2226.822,1771337999999,10907721.16680,5554,1035.671,5073232.78087,0
1771338000000,4896.15,4906.10,4894.23,4898.70,3437.990,1771338299999,16846759.56153,5076,2140.479,10488596.17297,0
1771338300000,4898.78,4902.74,4895.53,4900.59,1005.562,1771338599999,4926506.25440,2860,381.065,1866965.46040,0
1771338600000,4900.59,4908.63,4890.96,4899.99,3255.823,1771338899999,15952147.71758,9571,1183.357,5796383.30680,0
1771338900000,4900.18,4905.19,4878.00,4881.59,4065.126,1771339199999,19876354.67080,10206,1593.857,7795038.70324,0
1771339200000,4881.00,4890.16,4870.90,4873.66,4170.250,1771339499999,20356049.78865,9341,2284.782,11153542.72712,0
1771339500000,4874.00,4880.23,4865.43,4870.53,2333.691,1771339799999,11373251.59223,8445,1113.139,5424559.54829,0
1771339800000,4870.53,4884.26,4860.51,4878.30,2740.134,1771340099999,13352602.85266,8887,1704.594,8305762.71909,0
1771340100000,4878.45,4883.84,4865.84,4868.21,1734.853,1771340399999,8455151.75080,6621,868.397,4232551.64064,0
1771340400000,4867.95,4872.94,4853.44,4871.94,2436.975,1771340699999,11852488.33621,8774,1222.863,5947694.38692,0
1771340700000,4871.62,4877.48,4861.48,4862.63,1743.436,1771340999999,8487074.04127,5528,743.207,3618499.03464,0
1771341000000,4862.64,4869.23,4856.15,4861.81,1578.950,1771341299999,7677844.24441,5664,884.832,4302749.07026,0
1771341300000,4861.81,4877.84,4858.81,4877.40,1787.210,1771341599999,8699821.65346,5933,1157.154,5632069.31686,0
1771341600000,4877.41,4880.33,4866.47,4873.19,1701.064,1771341899999,8292602.28578,5208,780.268,3803701.23322,0
1771341900000,4873.20,4875.40,4866.16,4866.74,1145.702,1771342199999,5578848.62929,3853,408.301,1988580.99763,0
1771342200000,4866.16,4868.45,4857.68,4858.95,1482.579,1771342499999,7209564.26191,4845,835.711,4064096.12288,0
1771342500000,4858.95,4868.84,4857.08,4867.88,1376.370,1771342799999,6693648.55268,5112,838.021,4075685.73925,0
1771342800000,4867.89,4875.74,4865.71,4871.67,2085.324,1771343099999,10158778.02052,5167,1188.689,5790970.45344,0
1771343100000,4871.67,4877.10,4869.31,4870.98,1105.857,1771343399999,5389017.85713,4521,449.513,2190473.19629,0
1771343400000,4870.99,4874.11,4864.45,4868.25,1347.958,1771343699999,6562889.84495,4643,433.754,2112056.41273,0
1771343700000,4868.25,4884.48,4867.23,4881.58,1602.998,1771343999999,7819830.97169,4440,563.428,2747915.24444,0
1771344000000,4881.42,4889.62,4879.75,4880.62,3722.558,1771344299999,18186256.96590,5775,1894.572,9255855.66560,0
1771344300000,4880.55,4895.07,4879.02,4890.03,2800.151,1771344599999,13691573.40638,5162,1592.696,7786962.84729,0
1771344600000,4890.08,4892.47,4884.01,4886.19,1082.058,1771344899999,5289780.08759,3170,426.303,2084010.76412,0
1771344900000,4885.97,4891.99,4885.24,4888.10,733.288,1771345199999,3585655.64943,2953,405.581,1983242.74385,0
1771345200000,4887.90,4893.24,4886.31,4888.77,681.746,1771345499999,3333653.50407,3102,291.591,1425824.06485,0
1771345500000,4888.65,4889.82,4883.71,4886.28,362.006,1771345799999,1769008.08070,2466,168.453,823158.23831,0
1771345800000,4886.27,4887.78,4879.10,4882.72,1208.680,1771346099999,5902008.52965,3924,513.274,2506188.03006,0
1771346100000,4882.71,4885.44,4879.83,4880.72,339.017,1771346399999,1655170.03150,2434,158.236,772555.72555,0
1771346400000,4880.82,4888.79,4875.54,4879.26,1024.280,1771346699999,4999084.33155,3489,444.630,2170249.80244,0
1771346700000,4879.26,4883.50,4876.18,4878.98,389.305,1771346999999,1899643.57723,2651,173.843,848262.58873,0
1771347000000,4878.98,4884.90,4875.30,4877.65,562.756,1771347299999,2746289.13779,2737,251.367,1226631.77424,0
1771347300000,4877.65,4879.04,4871.25,4871.73,782.236,1771347599999,3812320.30588,2909,358.862,1748988.01060,0
1771347600000,4871.73,4873.00,4860.87,4868.84,1377.842,1771347899999,6706529.59430,4716,652.091,3173941.72341,0
1771347900000,4868.69,4874.25,4867.28,4867.95,543.751,1771348199999,2648316.54579,2593,256.247,1248193.33109,0
1771348200000,4868.03,4869.43,4853.24,4858.49,2072.801,1771348499999,10070076.75643,6302,1003.963,4876796.60644,0
1771348500000,4858.47,4867.65,4858.47,4866.76,546.741,1771348799999,2658341.14826,2738,317.237,1542451.12954,0
1771348800000,4866.76,4867.30,4862.31,4863.19,388.417,1771349099999,1889603.65764,2029,232.798,1132551.20970,0
1771349100000,4863.18,4868.63,4861.35,4868.63,293.410,1771349399999,1427635.37932,1788,171.600,834988.83802,0
1771349400000,4868.48,4871.22,4864.84,4867.74,409.483,1771349699999,1993280.39183,2533,208.719,1016050.04251,0
1771349700000,4867.73,4871.76,4865.33,4867.09,299.663,1771349999999,1458788.76817,1904,174.257,848285.40360,0
1771350000000,4867.04,4868.55,4862.14,4863.06,526.282,1771350299999,2560528.75520,2363,284.443,1383973.38840,0
1771350300000,4863.06,4866.59,4859.11,4865.39,545.960,1771350599999,2654766.88692,2878,332.062,1614755.73636,0
1771350600000,4865.39,4868.73,4857.28,4860.32,927.115,1771350899999,4506778.00566,3250,383.658,1865283.39542,0
1771350900000,4860.37,4869.59,4859.71,4867.95,905.384,1771351199999,4406025.04055,2813,566.104,2754875.97269,0
1771351200000,4867.90,4874.85,4866.40,4870.80,875.996,1771351499999,4267289.54582,2800,485.730,2366294.71484,0
1771351500000,4870.94,4871.40,4866.03,4868.49,381.693,1771351799999,1858354.84543,1839,151.735,738684.87632,0
1771351800000,4868.55,4870.90,4866.61,4869.63,169.451,1771352099999,825011.69037,1506,87.325,425171.21899,0
1771352100000,4869.63,4880.84,4869.60,4880.70,973.420,1771352399999,4746790.77240,3468,513.995,2506408.83694,0
1771352400000,4880.82,4888.90,4880.76,4888.16,743.009,1771352699999,3628879.49657,3664,319.821,1562125.78451,0
1771352700000,4888.16,4893.48,4883.71,4889.44,1423.680,1771352999999,6960337.68070,4253,593.149,2900055.29351,0
1771353000000,4889.69,4890.06,4882.73,4884.60,441.039,1771353299999,2154763.22068,2298,150.860,737039.10573,0
1771353300000,4884.60,4893.54,4883.03,4892.66,541.756,1771353599999,2649375.52447,2456,264.424,1293127.86599,0
1771353600000,4892.56,4901.39,4892.16,4892.85,969.282,1771353899999,4746256.58019,3465,544.266,2665415.95021,0
1771353900000,4892.86,4895.85,4888.80,4895.52,354.313,1771354199999,1733524.67503,1909,235.271,1151157.48135,0
1771354200000,4895.59,4900.38,4893.44,4897.23,313.708,1771354499999,1536256.17692,1749,144.145,705909.64855,0
1771354500000,4897.22,4917.50,4897.05,4901.98,2257.593,1771354799999,11079130.33325,5460,1252.118,6144961.50098,0
1771354800000,4902.10,4904.84,4898.31,4901.40,449.380,1771355099999,2202799.29791,1881,262.322,1285885.08156,0
1771355100000,4901.37,4903.64,4898.30,4901.58,580.427,1771355399999,2844716.65984,2041,291.410,1428220.15753,0
1771355400000,4901.58,4901.88,4896.56,4897.09,421.391,1771355699999,2064141.78813,1822,174.025,852432.49627,0
1771355700000,4897.21,4901.69,4893.24,4893.36,401.191,1771355999999,1964822.09069,1684,136.552,668820.69188,0
1771356000000,4893.35,4897.50,4890.29,4894.18,496.188,1771356299999,2428117.41851,1643,208.403,1019882.00107,0
1771356300000,4894.19,4894.34,4885.13,4886.45,934.473,1771356599999,4568459.60841,2484,361.984,1769412.10901,0
1771356600000,4886.64,4887.12,4880.00,4884.75,429.114,1771356899999,2095487.02197,2104,212.950,1039876.43527,0
1771356900000,4884.42,4890.76,4883.25,4887.90,387.925,1771357199999,1895970.25207,1463,246.812,1206285.62497,0
1771357200000,4888.00,4890.78,4885.82,4887.59,348.481,1771357499999,1703365.41763,1471,210.167,1027237.53325,0
1771357500000,4887.59,4888.55,4884.76,4887.93,201.352,1771357799999,984014.76082,1136,116.156,567684.44492,0
1771357800000,4887.90,4888.79,4884.91,4886.54,195.720,1771358099999,956409.57779,1033,101.465,495815.07406,0
1771358100000,4886.55,4888.19,4883.71,4884.06,176.994,1771358399999,864801.59136,1054,103.859,507464.29687,0
1771358400000,4884.05,4885.74,4877.41,4882.12,683.221,1771358699999,3334839.39318,2114,283.511,1384004.61450,0
1771358700000,4882.28,4882.83,4878.46,4879.84,171.515,1771358999999,837122.32201,1229,106.086,517772.15317,0
1771359000000,4879.84,4882.49,4878.03,4882.42,765.524,1771359299999,3736376.40030,3194,335.246,1636272.07571,0
1771359300000,4882.41,4883.23,4878.46,4878.46,291.623,1771359599999,1423443.19047,1386,155.772,760326.54580,0
1771359600000,4878.46,4881.12,4874.82,4877.25,443.135,1771359899999,2161195.41852,1870,137.284,669634.05800,0
1771359900000,4877.05,4881.72,4877.05,4879.35,277.218,1771360199999,1352722.36831,1366,96.353,470142.82332,0
1771360200000,4879.35,4881.29,4875.69,4878.48,259.302,1771360499999,1264949.03649,1581,129.576,632088.82428,0
1771360500000,4878.45,4881.11,4876.53,4880.72,158.883,1771360799999,775079.35183,1240,67.618,329882.99729,0
1771360800000,4880.72,4885.35,4879.35,4880.40,221.166,1771361099999,1079835.93407,1729,131.441,641774.51993,0
1771361100000,4880.40,4883.62,4880.40,4882.03,223.219,1771361399999,1089777.76391,1167,110.898,541412.14525,0
1771361400000,4882.03,4885.95,4881.76,4884.15,237.519,1771361699999,1160110.56454,1270,149.097,728249.27706,0
1771361700000,4884.26,4885.34,4878.66,4880.55,420.158,1771361999999,2051393.36700,2149,173.024,844768.70344,0
1771362000000,4880.55,4886.08,4878.45,4885.20,228.986,1771362299999,1118021.40665,1175,142.078,693656.23480,0
1771362300000,4885.20,4885.20,4877.40,4882.48,236.296,1771362599999,1153091.44042,1129,111.821,545628.48204,0
1771362600000,4882.27,4885.88,4881.44,4884.45,146.776,1771362899999,716740.36742,760,98.285,479968.27980,0
1771362900000,4884.44,4890.20,4883.43,4887.40,524.070,1771363199999,2561596.77574,1616,317.996,1554419.89929,0
1771363200000,4887.39,4887.40,4882.00,4883.64,162.126,1771363499999,791916.26735,859,76.148,371943.67525,0
1771363500000,4883.06,4886.86,4883.06,4884.34,273.936,1771363799999,1338237.86290,751,193.592,945723.98386,0
1771363800000,4884.33,4884.89,4883.68,4884.29,46.893,1771364099999,229037.53572,299,26.885,131309.35425,0
1771364100000,4884.28,4885.93,4882.81,4883.66,64.418,1771364399999,314643.59058,501,35.782,174764.58273,0
1771364400000,4883.40,4885.05,4882.73,4882.96,84.478,1771364699999,412544.00190,412,44.314,216400.41626,0
1771364700000,4882.96,4883.41,4880.85,4881.28,106.190,1771364999999,518440.76930,572,46.355,226321.56126,0
1771365000000,4881.27,4883.33,4880.71,4882.94,163.624,1771365299999,798824.29537,546,114.497,558986.01838,0
1771365300000,4882.55,4883.86,4880.79,4883.86,238.938,1771365599999,1166586.85361,789,103.982,507671.79799,0
1771365600000,4883.92,4886.32,4883.29,4883.98,68.453,1771365899999,334393.20396,463,26.778,130815.19085,0
1771365900000,4884.00,4886.98,4883.99,4886.98,23.630,1771366199999,115435.03570,266,16.978,82944.91338,0
1771366200000,4886.98,4887.53,4884.49,4886.50,312.577,1771366499999,1527373.06247,934,214.695,1049088.42772,0
1771366500000,4886.49,4888.89,4886.49,4887.61,27.033,1771366799999,132124.91303,258,11.707,57217.68031,0
1771366800000,4887.60,4887.61,4886.83,4887.00,26.276,1771367099999,128417.19081,128,15.518,75841.96534,0
1771367100000,4886.84,4887.50,4886.00,4887.49,34.911,1771367399999,170605.83054,228,24.338,118940.58921,0
1771367400000,4887.50,4887.83,4887.50,4887.82,9.659,1771367699999,47211.14603,125,6.379,31179.09643,0
1771367700000,4887.80,4891.00,4887.79,4889.69,162.685,1771367999999,795479.85467,572,115.547,564983.69435,0
1771368000000,4889.69,4890.72,4887.31,4890.31,75.654,1771368299999,369916.40782,583,40.336,197221.44153,0
1771368300000,4890.30,4890.69,4889.78,4890.24,73.315,1771368599999,358531.15927,433,23.322,114050.25739,0
1771368600000,4890.25,4890.40,4889.05,4889.05,40.952,1771368899999,200249.42990,458,14.101,68953.94382,0
1771368900000,4889.05,4889.23,4888.69,4889.23,72.376,1771369199999,353840.71761,444,37.607,183860.25497,0
1771369200000,4889.25,4890.14,4863.62,4874.04,4091.938,1771369499999,19940313.16279,10077,1710.954,8336749.85175,0
1771369500000,4873.84,4878.00,4868.72,4876.60,942.742,1771369799999,4594722.07183,2963,555.250,2705874.56432,0
1771369800000,4876.61,4885.33,4867.75,4884.15,1197.492,1771370099999,5836989.59597,3838,586.325,2857656.85334,0
1771370100000,4884.15,4885.52,4870.40,4876.74,819.212,1771370399999,3996808.15588,3291,390.225,1903139.39977,0
1771370400000,4876.75,4880.69,4870.85,4874.87,649.510,1771370699999,3167227.66929,2596,277.803,1354557.47551,0
1771370700000,4874.86,4880.67,4872.59,4879.42,405.894,1771370999999,1979434.60327,1726,275.540,1343695.26463,0
1771371000000,4879.42,4884.70,4871.49,4871.70,698.521,1771371299999,3407985.97883,2503,300.960,1468303.91882,0
1771371300000,4871.71,4876.33,4868.51,4868.96,994.275,1771371599999,4844698.65748,2623,675.397,3291180.66232,0
1771371600000,4868.90,4879.04,4868.52,4878.72,345.467,1771371899999,1683537.48830,1888,218.830,1066324.18602,0
1771371900000,4878.61,4879.19,4866.40,4867.63,430.430,1771372199999,2097092.25679,1975,169.952,827912.74612,0
1771372200000,4867.36,4868.39,4857.61,4860.72,1451.841,1771372499999,7059488.21556,4199,816.583,3970465.37358,0
1771372500000,4860.71,4864.64,4857.35,4861.25,493.846,1771372799999,2400327.85043,2572,252.879,1229094.65507,0
1771372800000,4861.26,4872.11,4860.70,4865.85,659.645,1771373099999,3210987.25998,3224,407.379,1983126.12871,0
1771373100000,4865.86,4870.82,4863.16,4869.54,425.142,1771373399999,2068998.03909,1984,277.117,1348546.17162,0
1771373400000,4869.54,4872.59,4865.07,4867.60,672.827,1771373699999,3275938.86700,2790,364.096,1772698.21293,0
1771373700000,4867.61,4873.07,4867.06,4868.25,481.706,1771373999999,2345761.11121,2044,256.710,1250121.20268,0
1771374000000,4868.25,4873.20,4861.65,4871.86,625.033,1771374299999,3041967.59449,2582,286.582,1394627.21746,0
1771374300000,4871.86,4874.69,4870.36,4872.49,385.723,1771374599999,1879510.09339,1841,169.148,824205.02734,0
1771374600000,4872.41,4881.56,4870.00,4877.75,614.252,1771374899999,2995438.61967,2306,324.149,1580502.78366,0
1771374900000,4877.76,4883.00,4877.14,4878.56,561.015,1771375199999,2738016.51302,1763,317.031,1547547.23210,0
1771375200000,4878.52,4883.98,4878.16,4880.55,616.642,1771375499999,3010103.51418,1600,316.790,1546555.06227,0
1771375500000,4880.55,4881.43,4878.00,4880.62,312.524,1771375799999,1525022.97991,1531,130.931,638883.52666,0
1771375800000,4880.63,4884.54,4879.81,4880.29,628.648,1771376099999,3069136.08007,2126,202.083,986573.80793,0
1771376100000,4880.28,4882.63,4874.31,4876.43,966.969,1771376399999,4717227.45499,2927,328.149,1600721.62439,0
1771376400000,4876.44,4889.58,4876.20,4884.82,1148.137,1771376699999,5607731.12889,3716,521.797,2548422.16723,0
1771376700000,4884.92,4890.61,4882.95,4888.48,785.539,1771376999999,3839319.77676,2620,334.672,1635713.60486,0
1771377000000,4888.27,4892.70,4883.81,4887.51,766.212,1771377299999,3745314.89539,2552,376.930,1842505.81614,0
1771377300000,4887.51,4892.54,4884.15,4886.37,614.936,1771377599999,3006428.64620,2007,298.116,1457607.75731,0
1771377600000,4886.40,4888.86,4884.49,4885.08,216.867,1771377899999,1059680.15377,1205,111.977,547132.14027,0
1771377900000,4885.19,4889.70,4882.58,4888.01,253.863,1771378199999,1240649.35233,1352,132.902,649505.47782,0
1771378200000,4888.01,4891.49,4884.72,4889.55,420.033,1771378499999,2053577.04509,1578,240.428,1175532.07747,0
1771378500000,4889.56,4894.70,4888.64,4888.86,399.768,1771378799999,1955342.98039,1607,189.595,927435.54606,0
1771378800000,4888.80,4890.45,4887.46,4887.46,481.753,1771379099999,2355194.03092,1486,105.491,515736.25174,0
1771379100000,4887.47,4889.16,4884.28,4888.19,498.353,1771379399999,2435094.17393,1644,351.009,1715135.13824,0
1771379400000,4888.01,4888.03,4883.81,4886.71,399.427,1771379699999,1951527.80574,1355,169.722,829228.29766,0
1771379700000,4886.70,4893.60,4886.25,4891.06,492.332,1771379999999,2407482.18689,1801,270.687,1323663.05349,0
1771380000000,4891.06,4897.61,4887.91,4896.31,546.515,1771380299999,2674046.17817,2483,294.765,1442252.93256,0
1771380300000,4896.30,4901.85,4896.30,4900.95,591.387,1771380599999,2897276.61025,2383,278.292,1363405.71687,0
1771380600000,4901.01,4902.40,4897.95,4899.99,515.536,1771380899999,2526100.32128,2065,216.731,1061946.04081,0
1771380900000,4899.99,4901.67,4897.27,4897.55,495.575,1771381199999,2427952.59897,1914,169.618,831001.60472,0
1771381200000,4897.55,4901.40,4896.60,4900.92,395.424,1771381499999,1937388.80085,1193,216.420,1060344.29089,0
1771381500000,4900.93,4904.80,4900.93,4901.86,786.060,1771381799999,3854135.60170,2608,278.541,1365691.03025,0
1771381800000,4901.86,4906.81,4901.85,4906.39,545.301,1771382099999,2674198.36546,1717,266.174,1305390.03742,0
1771382100000,4906.20,4907.25,4904.71,4906.14,423.391,1771382399999,2077292.45372,1374,194.904,956252.87007,0
1771382400000,4906.14,4906.60,4905.23,4906.14,196.695,1771382699999,964995.33045,714,94.547,463852.17080,0
1771382700000,4906.14,4907.55,4904.25,4904.73,201.395,1771382999999,987987.34354,679,94.593,464053.15294,0
1771383000000,4904.73,4908.30,4904.53,4907.30,332.195,1771383299999,1629945.15639,1091,173.957,853516.56176,0
1771383300000,4907.30,4907.30,4904.41,4906.03,292.610,1771383599999,1435490.93042,987,102.414,502404.40483,0
1771383600000,4906.36,4914.90,4905.88,4914.14,760.438,1771383899999,3733760.60223,2141,450.309,2211055.24744,0
1771383900000,4914.14,4917.00,4913.45,4915.24,1165.627,1771384199999,5729372.58045,2912,490.666,2411801.43403,0
1771384200000,4915.25,4915.84,4911.92,4912.80,333.618,1771384499999,1639285.22949,1278,104.202,512058.89983,0
1771384500000,4912.80,4917.15,4912.80,4915.95,256.273,1771384799999,1259598.81849,1302,141.822,697051.27242,0
1771384800000,4915.95,4921.07,4915.94,4919.95,616.323,1771385099999,3031917.05860,2282,322.627,1587120.87510,0
1771385100000,4919.95,4921.79,4919.21,4921.09,276.673,1771385399999,1361409.49657,1278,153.533,755484.52037,0
1771385400000,4921.09,4922.39,4918.12,4918.16,373.666,1771385699999,1838569.21920,1395,190.885,939288.06568,0
1771385700000,4918.15,4920.25,4917.63,4918.50,207.068,1771385999999,1018602.91616,1086,81.524,401034.69771,0
1771386000000,4918.50,4919.00,4917.47,4918.85,282.443,1771386299999,1389180.16361,947,86.223,424095.44127,0
1771386300000,4918.85,4920.43,4918.11,4920.37,224.900,1771386599999,1106320.43109,720,119.584,588279.38863,0
1771386600000,4920.37,4920.74,4917.86,4920.45,500.343,1771386899999,2461352.61739,1047,98.948,486781.56947,0
1771386900000,4920.47,4921.85,4919.68,4920.49,332.712,1771387199999,1637214.90886,1246,159.984,787244.31790,0
1771387200000,4920.50,4921.09,4917.98,4920.96,288.336,1771387499999,1418521.69929,1076,132.336,651073.86455,0
1771387500000,4920.97,4927.78,4920.97,4925.37,809.188,1771387799999,3985412.42710,2548,434.898,2141833.99070,0
1771387800000,4925.37,4930.92,4925.37,4929.23,652.525,1771388099999,3216253.38787,2416,317.857,1566619.19710,0
1771388100000,4929.38,4930.00,4925.48,4927.59,381.985,1771388399999,1882314.54821,1586,165.390,815064.43257,0
1771388400000,4927.59,4929.94,4927.21,4929.88,260.420,1771388699999,1283549.82323,1009,97.458,480342.80634,0
1771388700000,4929.88,4933.32,4929.68,4932.90,392.767,1771388999999,1936916.34398,1367,174.645,861292.82185,0
1771389000000,4932.89,4936.58,4932.89,4935.81,511.816,1771389299999,2525683.24457,1764,277.511,1369443.83159,0
1771389300000,4935.76,4936.05,4932.36,4933.40,429.853,1771389599999,2121179.82611,1533,144.218,711648.29167,0
1771389600000,4933.40,4933.99,4931.49,4932.54,335.434,1771389899999,1654598.13284,1281,130.769,645053.20684,0
1771389900000,4932.55,4937.39,4932.20,4937.24,449.252,1771390199999,2216892.88311,1516,237.270,1170916.57697,0
1771390200000,4937.25,4940.97,4936.23,4936.50,710.161,1771390499999,3507260.69173,2235,380.230,1877875.22531,0
1771390500000,4936.51,4936.51,4932.82,4934.37,623.521,1771390799999,3076562.85424,2020,218.371,1077465.55107,0
1771390800000,4934.37,4938.45,4933.21,4934.12,457.974,1771391099999,2260360.67001,1738,196.707,970856.06617,0
1771391100000,4934.12,4934.35,4930.20,4930.99,523.017,1771391399999,2579719.72257,1972,193.887,956405.04951,0
1771391400000,4931.00,4933.09,4929.25,4932.59,483.789,1771391699999,2385826.51820,1667,200.941,990971.45616,0
1771391700000,4932.51,4932.90,4931.12,4932.00,172.825,1771391999999,852365.40716,825,73.074,360402.52846,0
1771392000000,4932.00,4936.20,4931.99,4936.20,188.234,1771392299999,928712.69441,922,118.082,582605.80633,0
1771392300000,4936.19,4938.15,4934.21,4934.79,506.652,1771392599999,2500880.63523,1591,247.097,1219660.23498,0
1771392600000,4934.79,4935.96,4934.78,4935.25,226.669,1771392899999,1118680.07418,864,77.088,380446.82187,0
1771392900000,4935.25,4939.11,4934.80,4938.64,309.083,1771393199999,1525868.75357,1154,213.899,1055983.35902,0
1771393200000,4938.53,4939.47,4934.43,4934.43,516.031,1771393499999,2547852.11433,1613,245.114,1210305.73277,0
1771393500000,4934.42,4935.78,4933.70,4935.43,211.975,1771393799999,1045994.76771,920,87.659,432564.99901,0
1771393800000,4935.43,4939.89,4935.31,4936.60,459.933,1771394099999,2271085.88510,1257,322.546,1592803.28595,0
1771394100000,4936.60,4937.11,4933.30,4933.30,135.387,1771394399999,668164.76731,747,58.630,289358.35702,0
1771394400000,4933.21,4934.34,4929.86,4932.04,817.712,1771394699999,4032534.04689,2195,290.774,1434007.88279,0
1771394700000,4932.05,4932.26,4925.48,4927.99,900.852,1771394999999,4439426.01152,2765,343.429,1692378.65450,0
1771395000000,4927.99,4929.29,4926.15,4926.99,408.085,1771395299999,2010917.19351,1694,216.237,1065503.01198,0
1771395300000,4927.00,4927.80,4925.02,4927.58,285.812,1771395599999,1408040.12642,1358,122.012,601081.20260,0
1771395600000,4927.58,4932.32,4927.06,4931.41,402.674,1771395899999,1985300.65500,1472,288.220,1420943.48737,0
1771395900000,4931.41,4933.43,4930.35,4930.69,497.507,1771396199999,2453584.46351,1314,320.646,1581310.76178,0
1771396200000,4930.68,4932.70,4928.63,4928.70,463.678,1771396499999,2286200.36278,1637,280.307,1382096.16192,0
1771396500000,4928.71,4930.88,4928.15,4929.43,238.892,1771396799999,1177622.75360,1078,154.590,762033.73645,0
1771396800000,4929.44,4933.73,4929.25,4931.67,271.527,1771397099999,1339021.72989,1251,180.910,892159.64976,0
1771397100000,4931.51,4936.66,4931.51,4936.53,318.494,1771397399999,1571373.89539,1207,230.129,1135355.33389,0
1771397400000,4936.53,4936.80,4933.85,4935.84,177.253,1771397699999,874825.47850,956,81.644,402939.03576,0
1771397700000,4935.85,4936.20,4931.39,4931.39,271.726,1771397999999,1340655.61797,1105,85.567,422160.17220,0
1771398000000,4931.39,4935.45,4930.44,4935.45,203.877,1771398299999,1005780.01253,1014,133.313,657697.66078,0
1771398300000,4935.45,4938.61,4933.76,4938.14,488.869,1771398599999,2413668.03565,1583,254.750,1257801.01381,0
1771398600000,4938.15,4942.49,4935.36,4938.40,506.745,1771398899999,2503032.85704,2106,279.092,1378656.32710,0
1771398900000,4938.41,4939.54,4934.88,4934.89,402.071,1771399199999,1985191.19947,1328,145.387,717883.38500,0
1771399200000,4934.88,4936.94,4933.55,4936.41,197.432,1771399499999,974417.99753,1002,109.587,540864.41380,0
1771399500000,4936.40,4941.91,4934.59,4939.00,449.221,1771399799999,2218627.42119,1366,249.070,1230186.81184,0
1771399800000,4939.17,4941.52,4937.54,4939.81,275.673,1771400099999,1361752.54205,1228,160.306,791859.53230,0
1771400100000,4939.81,4942.50,4938.79,4938.79,309.915,1771400399999,1531337.90321,1447,188.017,929050.89774,0
1771400400000,4938.67,4938.67,4935.06,4936.46,240.713,1771400699999,1188274.22193,1013,84.344,416324.45307,0
1771400700000,4936.20,4937.51,4932.00,4933.45,596.948,1771400999999,2945920.29499,1674,276.236,1363137.19184,0
1771401000000,4933.46,4933.57,4931.50,4931.91,192.524,1771401299999,949628.05668,995,108.546,535410.91521,0
1771401300000,4931.92,4932.99,4930.75,4931.83,230.122,1771401599999,1134949.81560,1003,119.301,588390.44969,0
1771401600000,4931.84,4934.48,4931.65,4931.65,360.119,1771401899999,1776537.08558,1470,173.236,854634.25444,0
1771401900000,4931.65,4932.66,4928.40,4930.16,320.818,1771402199999,1581688.06334,1473,149.010,734643.94210,0
1771402200000,4930.15,4931.80,4928.93,4930.11,187.654,1771402499999,925210.90443,851,90.763,447494.93229,0
1771402500000,4930.11,4930.12,4925.57,4927.60,407.597,1771402799999,2008627.64298,1558,181.829,895991.00986,0
1771402800000,4927.50,4928.62,4925.55,4928.62,213.873,1771403099999,1053728.64162,1097,112.302,553308.09409,0
1771403100000,4928.62,4929.36,4923.28,4926.86,345.937,1771403399999,1704231.62077,1607,117.803,580412.57979,0
1771403400000,4926.87,4927.60,4923.28,4925.55,388.445,1771403699999,1913541.45273,1441,206.382,1016724.58200,0
1771403700000,4925.56,4928.21,4924.24,4926.70,253.329,1771403999999,1247974.52208,1251,133.230,656328.41601,0
1771404000000,4926.69,4928.47,4921.76,4923.50,643.054,1771404299999,3167130.50675,1650,288.511,1420846.49628,0
1771404300000,4923.50,4924.73,4921.76,4923.71,381.467,1771404599999,1878055.33704,1493,212.165,1044529.85963,0
1771404600000,4923.97,4923.98,4920.23,4923.08,408.686,1771404899999,2011428.87831,1439,177.390,873091.50516,0
1771404900000,4923.08,4923.60,4918.57,4919.13,379.470,1771405199999,1867410.62799,1473,123.960,609998.84914,0
1771405200000,4919.14,4921.69,4916.11,4916.61,425.193,1771405499999,2091785.42087,2001,203.863,1002995.35838,0
1771405500000,4916.61,4921.00,4914.13,4919.86,593.809,1771405799999,2919900.19609,2087,316.696,1557256.58537,0
1771405800000,4919.86,4920.71,4918.04,4919.17,201.473,1771406099999,991109.36587,933,121.780,599057.01388,0
1771406100000,4919.17,4919.32,4915.55,4917.90,378.110,1771406399999,1859502.21114,1561,222.833,1095831.51692,0
1771406400000,4917.91,4924.97,4917.36,4924.97,284.067,1771406699999,1397966.09676,1299,209.398,1030493.45004,0
1771406700000,4924.97,4925.40,4922.78,4924.05,325.712,1771406999999,1603896.01879,1321,200.493,987295.29122,0
1771407000000,4924.05,4925.86,4919.63,4919.88,516.138,1771407299999,2541263.89401,1491,229.170,1128413.82724,0
1771407300000,4919.93,4922.13,4919.63,4920.01,287.228,1771407599999,1413447.12297,1019,191.630,942996.30379,0
1771407600000,4920.01,4923.47,4920.00,4923.40,134.095,1771407899999,659987.83489,786,81.047,398875.23375,0
1771407900000,4923.41,4924.13,4922.30,4922.78,108.811,1771408199999,535671.44961,778,57.306,282113.52957,0
1771408200000,4922.79,4924.90,4920.57,4924.09,205.992,1771408499999,1013943.31131,881,121.222,596655.79075,0
1771408500000,4923.97,4924.72,4919.86,4920.96,199.397,1771408799999,981603.60013,977,116.483,573468.94859,0
1771408800000,4920.95,4924.36,4920.23,4924.36,187.499,1771409099999,922860.19360,975,136.080,669785.20377,0
1771409100000,4924.36,4926.59,4923.47,4925.38,287.497,1771409399999,1415970.42330,1332,149.913,738323.41783,0
1771409400000,4925.71,4927.25,4922.72,4923.18,259.325,1771409699999,1277336.92516,1262,128.647,633661.73147,0
1771409700000,4923.18,4924.68,4921.64,4923.00,175.673,1771409999999,864914.41244,1100,106.873,526186.73707,0
1771410000000,4922.99,4926.77,4921.57,4925.23,212.359,1771410299999,1045813.86989,1230,120.999,595898.63857,0
1771410300000,4925.22,4925.64,4923.12,4924.99,219.083,1771410599999,1078875.75444,1171,118.932,585677.74546,0
1771410600000,4924.99,4924.99,4919.67,4920.43,528.074,1771410899999,2598835.04858,2062,226.944,1116841.12928,0
1771410900000,4920.43,4920.43,4912.19,4917.06,579.925,1771411199999,2851410.92742,2400,225.147,1107044.53869,0
1771411200000,4917.16,4917.67,4913.60,4915.00,262.763,1771411499999,1291601.28491,1199,127.559,626992.88875,0
1771411500000,4915.00,4916.94,4914.99,4916.00,237.147,1771411799999,1165813.22889,832,106.324,522682.91728,0
1771411800000,4916.00,4916.82,4913.44,4915.50,262.432,1771412099999,1289880.92151,1126,141.397,694936.99712,0
1771412100000,4915.50,4919.56,4915.39,4917.44,201.717,1771412399999,991938.20039,1028,119.755,588868.31136,0
1771412400000,4917.43,4917.77,4915.33,4916.82,234.687,1771412699999,1153799.95156,1031,102.219,502549.59993,0
1771412700000,4916.81,4917.71,4915.36,4916.31,163.272,1771412999999,802716.97466,836,87.542,430393.60840,0
1771413000000,4916.31,4919.06,4916.02,4918.43,209.856,1771413299999,1031982.30647,936,100.859,495988.56672,0
1771413300000,4918.72,4920.55,4918.56,4919.77,196.653,1771413599999,967441.00674,1168,103.855,510918.13384,0
1771413600000,4919.77,4920.88,4918.24,4919.49,202.982,1771413899999,998599.13554,849,126.270,621213.58204,0
1771413900000,4919.49,4919.50,4917.77,4918.40,117.586,1771414199999,578365.20655,726,49.619,244053.99905,0
1771414200000,4918.40,4919.51,4916.00,4916.06,120.418,1771414499999,592204.51580,828,68.485,336798.84168,0
1771414500000,4916.01,4919.25,4915.83,4917.89,190.777,1771414799999,938142.57769,870,106.991,526167.86571,0
1771414800000,4917.89,4918.27,4914.66,4914.66,123.515,1771415099999,607359.14894,737,74.858,368115.01768,0
1771415100000,4914.66,4916.13,4909.32,4916.13,653.624,1771415399999,3210342.57698,2139,316.802,1556177.52376,0
1771415400000,4916.12,4918.15,4914.16,4916.73,291.449,1771415699999,1432936.37870,1358,136.869,672900.23328,0
1771415700000,4916.96,4917.16,4912.98,4915.86,169.560,1771415999999,833352.24818,863,112.113,551011.45195,0
1771416000000,4915.86,4923.00,4914.99,4922.51,765.338,1771416299999,3765781.09642,2438,409.984,2017365.71503,0
1771416300000,4922.51,4927.22,4921.87,4926.81,743.136,1771416599999,3659810.30840,2385,474.455,2336671.05460,0
1771416600000,4926.80,4929.86,4925.18,4925.57,565.277,1771416899999,2785677.18279,1792,350.805,1728783.97426,0
1771416900000,4925.57,4935.21,4925.57,4930.05,1213.491,1771417199999,5984425.52064,3196,876.391,4322185.41863,0
1771417200000,4930.24,4933.54,4928.36,4929.49,496.033,1771417499999,2445872.63227,1635,231.002,1139000.97022,0
1771417500000,4929.50,4929.50,4924.65,4924.65,309.593,1771417799999,1525256.94724,1152,96.028,473099.39720,0
1771417800000,4924.65,4925.11,4921.14,4924.59,524.098,1771418099999,2580289.56218,1722,216.698,1066902.22312,0
1771418100000,4924.59,4927.94,4923.85,4927.64,289.509,1771418399999,1425977.02038,1091,152.852,752880.21482,0
1771418400000,4927.71,4932.81,4927.71,4931.63,427.360,1771418699999,2107205.38077,1645,234.066,1154038.35403,0
1771418700000,4931.72,4932.82,4930.75,4932.82,395.072,1771418999999,1948342.19755,1259,114.636,565358.40240,0
1771419000000,4932.92,4935.63,4931.53,4935.58,339.010,1771419299999,1672515.87049,1492,197.293,973382.06626,0
1771419300000,4935.63,4948.40,4935.58,4944.72,2109.325,1771419599999,10425727.31099,5176,1256.518,6210353.67147,0
1771419600000,4944.73,4956.00,4944.72,4948.80,2537.357,1771419899999,12565524.75980,6094,1373.101,6799607.34458,0
1771419900000,4948.80,4962.67,4946.03,4957.16,1965.277,1771420199999,9742853.49227,4907,1146.161,5682561.66840,0
1771420200000,4957.16,4960.75,4955.18,4958.98,837.017,1771420499999,4150523.15319,2663,503.277,2495702.58438,0
1771420500000,4958.99,4960.82,4956.90,4957.40,588.980,1771420799999,2920624.20738,2270,171.892,852419.19162,0
1771420800000,4957.39,4960.30,4954.36,4956.72,730.156,1771421099999,3619402.36142,2666,228.115,1130711.20671,0
1771421100000,4956.71,4960.59,4955.77,4957.43,528.646,1771421399999,2621389.15084,2035,212.731,1054817.20828,0
1771421400000,4957.43,4960.46,4956.94,4958.39,727.788,1771421699999,3608891.44773,2629,350.682,1738929.14433,0
1771421700000,4958.40,4970.95,4958.40,4965.06,2482.212,1771421999999,12325826.24502,6437,1740.764,8644498.66712,0
1771422000000,4965.05,4965.66,4954.12,4957.75,1260.955,1771422299999,6253218.09007,3417,456.459,2263427.87972,0
1771422300000,4957.87,4958.23,4952.31,4954.35,625.647,1771422599999,3099884.14938,2167,259.752,1286964.75584,0
1771422600000,4954.36,4956.15,4950.91,4952.14,434.200,1771422899999,2150529.38276,2034,210.716,1043666.97965,0
1771422900000,4952.35,4956.90,4950.84,4954.82,678.106,1771423199999,3359356.33851,2286,367.409,1820226.12250,0
1771423200000,4954.83,4962.17,4954.83,4959.82,587.754,1771423499999,2914464.30627,2345,344.048,1705948.13098,0
1771423500000,4959.82,4959.86,4955.50,4956.10,423.756,1771423799999,2100867.56478,1746,187.089,927490.39352,0
1771423800000,4956.10,4960.75,4953.73,4959.35,355.612,1771424099999,1762803.07301,1624,171.277,848996.62919,0
1771424100000,4959.34,4962.30,4958.24,4961.03,552.574,1771424399999,2741224.28058,1820,374.049,1855603.49802,0
1771424400000,4961.03,4961.19,4957.43,4958.87,365.588,1771424699999,1812997.95410,1740,173.413,859958.99130,0
1771424700000,4958.98,4964.88,4958.25,4962.22,482.182,1771424999999,2392451.42001,2040,272.082,1349981.10862,0
1771425000000,4962.22,4979.00,4957.48,4971.19,3026.333,1771425299999,15046601.62800,8148,1862.749,9261877.02978,0
1771425300000,4971.19,4986.67,4970.78,4984.54,3175.023,1771425599999,15817002.06148,8497,1816.331,9048336.05524,0
1771425600000,4984.54,4987.00,4981.19,4984.03,2515.619,1771425899999,12538561.76996,6157,1089.430,5430168.39660,0
1771425900000,4984.02,4989.93,4982.97,4985.99,1836.873,1771426199999,9160724.35058,4960,844.815,4213233.06273,0
1771426200000,4986.09,4995.93,4986.09,4994.29,1856.772,1771426499999,9269197.03530,5015,1248.600,6233335.23368,0
1771426500000,4994.29,4995.24,4991.99,4992.94,837.616,1771426799999,4182743.93719,3123,412.697,2060862.79002,0
1771426800000,4992.85,5008.75,4992.73,5004.71,3658.102,1771427099999,18291790.21180,8155,2116.749,10585027.99533,0
1771427100000,5004.74,5006.22,4995.55,4998.87,2018.392,1771427399999,10093601.34345,4851,636.695,3184180.07102,0
1771427400000,4998.87,5004.53,4995.17,5003.92,1341.032,1771427699999,6704843.17075,3851,588.651,2943411.65050,0
1771427700000,5003.92,5008.50,5001.91,5005.46,1589.169,1771427999999,7954097.41075,3913,916.156,4585552.56672,0
1771428000000,5005.45,5007.90,5002.71,5005.80,499.356,1771428299999,2499315.63854,2236,239.744,1199903.90657,0
1771428300000,5005.84,5007.30,5003.36,5004.40,1037.308,1771428599999,5191424.52326,2300,552.304,2764058.01296,0
1771428600000,5004.41,5004.80,5001.22,5001.51,902.746,1771428899999,4516649.00115,2396,243.481,1218123.33776,0
1771428900000,5001.58,5003.99,4998.01,4999.53,796.266,1771429199999,3982075.84254,3029,353.244,1766582.73130,0
1771429200000,4999.53,5002.40,4999.28,5000.36,525.689,1771429499999,2629073.97777,2019,224.662,1123540.36048,0
1771429500000,5000.38,5000.38,4996.36,4997.99,687.625,1771429799999,3436710.96535,2431,263.980,1319321.20544,0
1771429800000,4997.99,4999.19,4995.51,4995.80,645.672,1771430099999,3226493.74712,1677,254.643,1272537.35764,0
1771430100000,4995.80,4998.05,4995.27,4998.04,596.643,1771430399999,2981094.53428,1862,300.697,1502512.96815,0
1771430400000,4998.05,5003.61,4997.38,5003.51,568.510,1771430699999,2842846.68155,2112,362.128,1810997.73854,0
1771430700000,5003.51,5003.56,4998.71,4999.09,489.475,1771430999999,2448030.41213,1586,193.764,969053.82593,0
1771431000000,4999.10,5001.18,4997.69,4999.60,490.001,1771431299999,2449378.19314,1455,162.350,811504.29274,0
1771431300000,4999.59,5000.00,4997.00,4997.55,449.580,1771431599999,2247256.38532,1437,236.659,1182905.29867,0
1771431600000,4997.55,4998.31,4992.44,4993.77,708.557,1771431899999,3539459.17410,2137,337.179,1684362.75788,0
1771431900000,4993.77,4997.10,4991.15,4996.67,791.966,1771432199999,3954158.30544,2187,257.134,1283941.72144,0
1771432200000,4996.67,5000.72,4994.73,5000.49,517.836,1771432499999,2588250.40144,1593,200.934,1004268.58342,0
1771432500000,5000.49,5004.20,4999.50,5001.50,631.655,1771432799999,3159667.27608,1779,295.737,1479372.33929,0
1771432800000,5001.51,5007.91,5001.26,5006.65,913.387,1771433099999,4572048.36327,2148,658.571,3296476.08949,0
1771433100000,5006.66,5012.91,5006.32,5007.10,1105.262,1771433399999,5537209.13901,2610,740.387,3709267.88775,0
1771433400000,5007.10,5009.09,5005.90,5005.90,1583.209,1771433699999,7928456.60544,1634,424.752,2126907.08202,0
1771433700000,5005.90,5006.41,5001.75,5002.30,630.060,1771433999999,3152721.97866,1446,346.665,1734732.09527,0
1771434000000,5002.31,5003.44,4998.11,5000.99,456.894,1771434299999,2284857.11043,1422,181.011,905259.36002,0
1771434300000,5001.00,5001.74,4999.19,5000.88,483.326,1771434599999,2416999.02977,1362,215.494,1077601.04873,0
1771434600000,5000.84,5000.84,4996.80,4999.82,280.740,1771434899999,1403261.83747,1112,113.954,569600.66104,0
1771434900000,4999.67,5000.71,4998.21,4999.01,230.286,1771435199999,1151274.22665,964,80.550,402701.78901,0
1771435200000,4999.01,5000.80,4998.71,5000.43,200.869,1771435499999,1004296.44710,831,96.275,481358.76437,0
1771435500000,5000.44,5000.44,4998.31,5000.16,201.168,1771435799999,1005749.15354,772,100.064,500266.85221,0
1771435800000,5000.16,5000.79,4995.12,4996.35,299.470,1771436099999,1496680.51152,1318,97.093,485310.45552,0
1771436100000,4996.39,5000.30,4995.38,4995.98,257.831,1771436399999,1288585.90488,1179,140.601,702699.77283,0
1771436400000,4995.98,4998.67,4994.76,4998.11,154.033,1771436699999,769697.31633,906,88.569,442608.28173,0
1771436700000,4998.11,5000.11,4997.76,4998.26,324.013,1771436999999,1619868.80630,867,195.957,979723.59586,0
1771437000000,4998.25,5000.08,4998.01,4999.81,101.542,1771437299999,507614.22277,566,52.893,264423.85076,0
1771437300000,4999.81,5001.12,4998.53,4999.46,296.853,1771437599999,1484223.33171,914,132.934,664651.60786,0
1771437600000,4999.47,5003.40,4999.46,5002.88,311.204,1771437899999,1556420.11669,1479,194.542,972955.79026,0
1771437900000,5002.87,5004.22,5001.12,5002.05,249.729,1771438199999,1249357.84662,1051,154.290,771894.74090,0
1771438200000,5002.05,5002.05,4999.00,4999.00,172.308,1771438499999,861658.82025,755,85.896,429552.14000,0
1771438500000,4999.00,5000.38,4995.01,4996.04,404.952,1771438799999,2023825.99911,1280,226.761,1133193.14506,0
1771438800000,4995.87,4997.08,4995.17,4995.70,354.876,1771439099999,1773010.73672,1168,127.000,634507.05432,0
1771439100000,4995.70,4995.70,4987.25,4988.41,1447.450,1771439399999,7224360.75894,3380,593.216,2960842.89884,0
1771439400000,4988.45,4993.56,4984.00,4992.16,1935.653,1771439699999,9655683.77164,3997,1065.925,5317744.93378,0
1771439700000,4992.16,4993.61,4984.66,4987.88,710.214,1771439999999,3542727.90308,2003,391.058,1950366.41703,0
1771440000000,4987.77,4989.00,4982.03,4984.46,517.949,1771440299999,2582005.86553,1846,218.152,1087497.88107,0
1771440300000,4984.43,4987.30,4983.71,4985.45,173.179,1771440599999,863494.84403,1124,96.231,479820.75084,0
1771440600000,4985.45,4987.92,4984.85,4986.41,397.008,1771440899999,1979674.31266,1310,274.697,1369785.24897,0
1771440900000,4986.33,4988.82,4985.64,4987.95,169.809,1771441199999,846765.94955,855,123.714,616902.07792,0
1771441200000,4987.95,4995.15,4985.64,4992.45,1032.094,1771441499999,5151684.60835,2722,672.059,3354580.88711,0
1771441500000,4992.44,4993.44,4988.33,4991.41,420.123,1771441799999,2096807.38189,1268,255.751,1276423.27859,0
1771441800000,4991.30,4995.50,4991.03,4993.47,386.519,1771442099999,1930176.75488,1442,214.419,1070717.61170,0
1771442100000,4993.47,4996.12,4992.10,4995.77,256.241,1771442399999,1279682.54997,1079,154.231,770265.89419,0
1771442400000,4995.77,4995.93,4993.44,4994.16,377.424,1771442699999,1885221.34640,1121,218.911,1093468.27060,0
1771442700000,4994.17,4996.25,4975.12,4980.14,1917.211,1771442999999,9552351.24826,4568,818.765,4079223.82273,0
1771443000000,4980.15,4984.17,4973.70,4983.72,1501.218,1771443299999,7472557.14686,3332,949.210,4724691.25063,0
1771443300000,4983.88,4984.79,4977.75,4983.30,649.747,1771443599999,3236742.91200,2169,310.828,1548369.48656,0
1771443600000,4983.31,4983.61,4980.91,4983.35,308.600,1771443899999,1537577.12646,1281,197.045,981756.16615,0
1771443900000,4983.35,4985.57,4980.94,4981.61,357.471,1771444199999,1781473.42908,1278,174.938,871842.26521,0
1771444200000,4981.62,4982.74,4979.72,4981.04,310.390,1771444499999,1546049.96825,1244,155.376,773948.90062,0
1771444500000,4981.04,4982.36,4979.53,4981.38,277.256,1771444799999,1381059.93860,1289,129.701,646064.93956,0
1771444800000,4981.16,4985.94,4980.35,4985.56,346.443,1771445099999,1726126.88647,1489,202.890,1010922.98391,0
1771445100000,4985.50,4985.51,4980.73,4981.08,289.591,1771445399999,1442977.60804,1207,115.621,576079.95332,0
1771445400000,4981.08,4981.73,4976.27,4979.40,318.116,1771445699999,1584198.34500,1267,160.177,797670.81197,0
1771445700000,4979.39,4981.70,4977.34,4979.54,130.286,1771445999999,648713.27303,964,68.690,342019.40564,0
1771446000000,4979.55,4981.01,4978.23,4979.08,119.937,1771446299999,597247.61608,765,52.888,263369.39445,0
1771446300000,4979.14,4981.10,4978.76,4978.76,116.443,1771446599999,579884.74370,703,74.829,372648.62481,0
1771446600000,4978.57,4984.08,4977.91,4983.42,217.866,1771446899999,1085248.31699,1003,130.550,650381.05800,0
1771446900000,4983.42,4986.99,4982.58,4985.61,197.987,1771447199999,986873.39490,853,130.306,649487.10946,0
1771447200000,4985.61,4989.40,4985.11,4987.31,128.430,1771447499999,640459.35299,872,65.704,327667.51543,0
1771447500000,4987.31,4987.88,4986.06,4987.05,257.800,1771447799999,1285661.88647,1038,128.770,642183.28441,0
1771447800000,4987.06,4987.49,4984.09,4984.09,116.210,1771448099999,579405.68837,667,37.729,188114.10074,0
1771448100000,4984.09,4986.99,4982.15,4986.35,371.252,1771448399999,1850464.11300,1275,196.262,978209.20833,0
1771448400000,4985.92,4987.38,4985.43,4985.99,134.159,1771448699999,668982.13883,670,74.092,369448.37620,0
1771448700000,4985.99,4985.99,4983.18,4984.95,191.069,1771448999999,952439.39814,795,68.537,341632.13670,0
1771449000000,4984.95,4985.60,4983.01,4983.01,69.788,1771449299999,347833.15536,626,25.527,127224.83084,0
1771449300000,4983.02,4985.47,4982.50,4985.06,112.982,1771449599999,563045.62352,367,91.315,455068.73434,0
1771449600000,4985.03,4986.09,4984.69,4985.50,97.515,1771449899999,486149.87042,331,40.376,201290.35605,0
1771449900000,4985.50,4986.16,4984.56,4984.56,126.069,1771450199999,628498.81540,309,20.160,100507.88852,0
1771450200000,4984.55,4985.02,4982.84,4983.40,118.184,1771450499999,588992.15763,502,32.557,162271.29675,0
1771450500000,4983.41,4984.09,4982.46,4983.69,84.937,1771450799999,423265.94446,363,47.260,235515.33267,0
1771450800000,4983.68,4984.26,4981.66,4982.36,80.346,1771451099999,400337.64001,308,50.024,249256.72465,0
1771451100000,4982.36,4983.13,4981.93,4981.93,43.907,1771451399999,218776.95088,296,31.075,154837.64382,0
1771451400000,4981.85,4981.85,4978.28,4978.35,277.121,1771451699999,1380126.21190,898,19.960,99411.37193,0
1771451700000,4978.34,4981.60,4977.27,4979.25,556.609,1771451999999,2771559.44515,1836,418.089,2081896.69725,0
1771452000000,4979.24,4982.37,4979.24,4982.16,75.981,1771452299999,378493.97075,445,58.903,293411.97661,0
1771452300000,4982.37,4983.85,4982.16,4983.68,35.533,1771452599999,177064.73678,253,21.526,107266.34411,0
1771452600000,4983.68,4985.71,4981.43,4981.43,261.914,1771452899999,1305352.16470,694,174.183,868053.36609,0
1771452900000,4981.43,4981.44,4981.43,4981.44,9.314,1771453199999,46397.07787,63,3.885,19352.89440,0
1771453200000,4981.44,4985.12,4981.44,4981.61,117.481,1771453499999,585450.78582,512,76.337,380402.97886,0
1771453500000,4981.61,4981.75,4981.61,4981.72,65.475,1771453799999,326177.18816,204,22.627,112720.79926,0
1771453800000,4981.72,4981.74,4981.30,4981.30,27.257,1771454099999,135783.17244,176,12.148,60516.06452,0
1771454100000,4981.31,4983.51,4981.30,4983.51,100.066,1771454399999,498566.86771,450,65.990,328777.30488,0
1771454400000,4983.50,4983.50,4981.00,4982.72,81.269,1771454699999,404878.22673,559,35.156,175136.16550,0
1771454700000,4982.72,4983.35,4982.72,4983.01,33.587,1771454999999,167364.44422,218,26.076,129936.87264,0
1771455000000,4983.16,4983.16,4982.07,4982.08,35.932,1771455299999,179033.12256,235,12.069,60131.19659,0
1771455300000,4982.08,4983.79,4981.85,4983.79,110.670,1771455599999,551370.35378,364,91.723,456976.94585,0
1771455600000,4983.79,4985.51,4964.10,4975.39,2884.699,1771455899999,14345824.87166,8176,1239.730,6165044.32202,0
1771455900000,4975.19,4979.51,4969.63,4978.77,1371.179,1771456199999,6820590.43453,4828,735.156,3656969.75585,0
1771456200000,4979.08,4982.64,4973.55,4978.93,1553.199,1771456499999,7732768.91396,4869,694.294,3456575.30790,0
1771456500000,4978.92,4980.94,4972.88,4977.75,793.034,1771456799999,3947346.78234,2969,311.017,1547906.77981,0
1771456800000,4977.58,4982.86,4975.72,4982.35,459.134,1771457099999,2285811.58047,1815,202.267,1007127.39096,0
1771457100000,4982.34,4985.28,4981.42,4983.23,518.792,1771457399999,2585199.41665,2025,232.487,1158534.40263,0
1771457400000,4983.22,4989.41,4982.65,4983.14,978.262,1771457699999,4878023.83311,3155,535.383,2669671.30736,0
1771457700000,4983.14,4985.24,4980.81,4983.22,256.961,1771457999999,1280532.13737,1243,119.430,595141.03715,0
1771458000000,4983.22,4984.20,4981.63,4983.25,202.968,1771458299999,1011403.64844,899,115.833,577203.70192,0
1771458300000,4983.24,4984.28,4977.24,4979.79,328.988,1771458599999,1638220.28976,1856,160.143,797443.35306,0
1771458600000,4979.99,4981.75,4976.12,4976.66,129.920,1771458899999,646819.10846,837,50.816,252995.79206,0
1771458900000,4976.67,4978.70,4970.12,4976.85,434.291,1771459199999,2160304.73887,1912,266.671,1326491.90620,0
1771459200000,4976.85,4976.85,4964.01,4965.17,1043.591,1771459499999,5184475.56969,3416,483.819,2403434.99613,0
1771459500000,4965.11,4970.33,4963.55,4967.35,583.669,1771459799999,2898835.81597,2299,372.150,1848374.15000,0
1771459800000,4967.35,4970.57,4966.97,4969.99,205.150,1771460099999,1019453.91811,1038,127.907,635617.11986,0
1771460100000,4969.99,4975.00,4969.98,4971.34,306.509,1771460399999,1523914.87850,1437,177.866,884348.12833,0
1771460400000,4971.44,4971.98,4967.18,4969.74,240.353,1771460699999,1194507.97991,1382,154.079,765741.14235,0
1771460700000,4969.73,4969.73,4965.93,4968.72,314.510,1771460999999,1562610.80840,1451,142.888,709902.71993,0
1771461000000,4968.75,4972.68,4967.70,4972.67,239.477,1771461299999,1190323.37874,1635,133.266,662388.13327,0
1771461300000,4972.67,4975.14,4967.43,4973.38,328.182,1771461599999,1631274.08983,1710,155.639,773610.22248,0
1771461600000,4973.30,4973.52,4968.50,4968.50,219.114,1771461899999,1089204.76424,824,100.903,501517.42826,0
1771461900000,4968.31,4968.43,4965.55,4965.91,326.823,1771462199999,1623328.89513,1230,169.853,843666.82019,0
1771462200000,4965.90,4966.74,4962.30,4965.15,651.120,1771462499999,3232880.87881,2013,209.738,1041322.49217,0
1771462500000,4965.16,4965.46,4962.83,4963.75,289.902,1771462799999,1438991.46507,1328,128.605,638359.86210,0
1771462800000,4963.57,4967.35,4963.10,4967.00,327.529,1771463099999,1626455.06452,1416,185.064,918934.88512,0
1771463100000,4966.99,4970.99,4966.57,4967.09,379.647,1771463399999,1886277.57862,1402,199.663,992017.56445,0
1771463400000,4967.50,4968.25,4963.57,4968.25,258.062,1771463699999,1281407.37996,1156,131.350,652286.59667,0
1771463700000,4968.30,4970.18,4966.68,4967.52,320.043,1771463999999,1590142.98666,1268,227.553,1130625.99033,0
1771464000000,4967.46,4967.90,4964.00,4964.01,153.062,1771464299999,760169.30988,842,63.535,315553.64843,0
1771464300000,4964.00,4966.73,4963.94,4966.05,210.721,1771464599999,1046230.82473,866,135.130,670901.05386,0
1771464600000,4966.05,4968.81,4964.23,4967.69,194.382,1771464899999,965374.57071,925,108.186,537309.14051,0
1771464900000,4967.70,4973.05,4967.70,4970.80,233.103,1771465199999,1158617.40911,1278,159.364,792090.96798,0
1771465200000,4970.80,4973.18,4970.07,4973.03,220.028,1771465499999,1093991.38548,1241,115.606,574789.04504,0
1771465500000,4973.18,4974.88,4972.51,4974.70,180.060,1771465799999,895535.42327,1005,111.717,555629.59698,0
1771465800000,4974.69,4977.71,4973.51,4976.55,353.925,1771466099999,1761043.14909,1447,189.620,943476.70793,0
1771466100000,4976.55,4978.53,4975.77,4976.14,299.570,1771466399999,1490911.92440,1121,203.364,1012113.89628,0
1771466400000,4976.28,4979.75,4974.40,4979.75,293.990,1771466699999,1463298.61520,1478,187.493,933214.78940,0
1771466700000,4979.75,4979.97,4976.51,4978.69,281.008,1771466999999,1398832.67005,1317,142.004,706878.77837,0
1771467000000,4978.69,4978.70,4975.59,4976.48,136.648,1771467299999,680103.00010,814,44.543,221696.57514,0
1771467300000,4976.49,4977.34,4969.38,4972.33,469.884,1771467599999,2336065.21905,1835,265.354,1319125.97839,0
1771467600000,4972.34,4973.66,4970.78,4971.75,246.534,1771467899999,1225871.54737,995,106.236,528248.61866,0
1771467900000,4971.76,4976.30,4971.76,4975.25,128.482,1771468199999,639112.98088,790,72.223,359244.63869,0
1771468200000,4975.25,4975.25,4972.00,4973.69,130.670,1771468499999,649900.83918,842,63.886,317732.19730,0
1771468500000,4973.76,4974.84,4971.69,4974.42,198.931,1771468799999,989386.01379,911,112.384,558941.27081,0
1771468800000,4974.45,4975.55,4974.01,4974.58,131.763,1771469099999,655500.30788,564,97.686,485975.57278,0
1771469100000,4974.58,4975.55,4974.21,4975.15,132.261,1771469399999,657995.62648,479,104.149,518141.70656,0
1771469400000,4975.15,4976.34,4973.49,4975.78,134.647,1771469699999,669852.20666,584,84.085,418316.19703,0
1771469700000,4975.75,4976.09,4971.03,4971.16,331.516,1771469999999,1648654.52062,1030,230.824,1147887.72393,0
1771470000000,4971.24,4971.75,4969.00,4970.83,322.116,1771470299999,1601021.86056,1127,214.230,1064778.75490,0
1771470300000,4970.83,4972.98,4970.22,4972.70,152.851,1771470599999,759873.46729,789,86.405,429549.21872,0
1771470600000,4972.70,4973.89,4971.81,4972.74,134.478,1771470899999,668704.71458,562,77.430,385033.27444,0
1771470900000,4972.69,4973.17,4971.36,4973.17,71.612,1771471199999,356054.52196,427,44.021,218867.93715,0
1771471200000,4973.24,4974.74,4970.32,4971.31,220.450,1771471499999,1096136.95040,939,88.983,442472.44880,0
1771471500000,4971.32,4972.70,4970.90,4972.12,56.293,1771471799999,279880.86605,521,18.562,92287.60657,0
1771471800000,4972.12,4981.66,4972.12,4979.03,532.210,1771472099999,2649439.84174,1988,299.834,1492653.37018,0
1771472100000,4979.00,4981.59,4978.70,4978.76,446.852,1771472399999,2225548.64045,1287,334.103,1664011.67370,0
1771472400000,4978.77,4980.70,4977.06,4980.49,229.576,1771472699999,1143026.05225,1049,138.847,691302.30148,0
1771472700000,4980.48,4985.53,4980.28,4985.53,321.027,1771472999999,1599649.37350,1562,244.426,1217918.57829,0
1771473000000,4985.52,4986.00,4983.93,4985.43,285.139,1771473299999,1421439.95680,1292,160.166,798448.63339,0
1771473300000,4985.43,4986.75,4984.65,4985.96,309.485,1771473599999,1542998.64752,1084,190.701,950780.92126,0
1771473600000,4985.95,4985.95,4981.84,4984.12,632.019,1771473899999,3149937.44678,1104,117.588,585994.18102,0
1771473900000,4984.12,4986.88,4984.00,4986.59,183.238,1771474199999,913571.67637,811,117.818,587414.46017,0
1771474200000,4986.58,4988.00,4985.61,4985.64,201.676,1771474499999,1005721.59964,725,126.729,631975.45636,0
1771474500000,4985.63,4985.64,4981.98,4983.25,368.036,1771474799999,1834080.38165,969,91.564,456328.09858,0
1771474800000,4983.30,4984.61,4981.34,4984.54,145.528,1771475099999,725132.76575,714,61.407,305980.40781,0
1771475100000,4984.54,4985.46,4982.23,4982.23,122.966,1771475399999,612880.04841,587,53.655,267422.53860,0
1771475400000,4982.23,4987.30,4982.23,4986.66,191.122,1771475699999,952903.92180,772,98.399,490539.32190,0
1771475700000,4986.65,4986.70,4983.99,4984.00,126.612,1771475999999,631190.75628,525,59.161,294943.18625,0
1771476000000,4983.99,4984.64,4982.54,4983.38,161.913,1771476299999,806912.39166,662,72.885,363224.16555,0
1771476300000,4983.37,4983.38,4980.59,4982.05,247.471,1771476599999,1232783.30101,917,141.871,706715.61468,0
1771476600000,4982.01,4984.72,4980.39,4984.72,191.045,1771476899999,951797.65910,702,121.265,604195.50447,0
1771476900000,4984.82,4986.71,4984.82,4986.09,284.077,1771477199999,1416374.75298,776,156.877,782130.07857,0
1771477200000,4986.09,4991.66,4986.09,4990.18,567.358,1771477499999,2831028.64685,1578,408.212,2036941.78328,0
1771477500000,4990.18,4993.00,4990.17,4993.00,297.233,1771477799999,1483647.94019,1088,183.333,915112.06872,0
1771477800000,4993.00,4995.75,4992.84,4993.27,383.123,1771478099999,1913482.02784,1486,150.818,753284.68880,0
1771478100000,4993.08,4993.28,4991.14,4991.89,193.553,1771478399999,966241.20202,942,110.244,550339.69041,0
1771478400000,4991.89,4992.36,4991.03,4991.86,171.751,1771478699999,857303.09344,777,69.640,347613.68522,0
1771478700000,4991.86,4992.94,4990.54,4991.94,234.527,1771478999999,1170705.34709,904,148.339,740475.56829,0
1771479000000,4991.95,4995.10,4991.94,4995.01,374.147,1771479299999,1868459.14664,1308,271.875,1357725.13204,0
1771479300000,4994.83,4998.10,4994.83,4996.56,238.372,1771479599999,1191068.06504,1157,128.153,640318.47359,0
1771479600000,4996.56,4999.69,4996.24,4999.55,380.508,1771479899999,1901838.11872,1342,237.390,1186529.63759,0
1771479900000,4999.54,5000.83,4998.70,4998.86,765.859,1771480199999,3829172.40724,1743,387.513,1937587.37098,0
1771480200000,4998.87,5000.48,4998.09,4998.77,299.196,1771480499999,1495627.73606,1022,119.088,595313.43692,0
1771480500000,4998.76,5000.35,4998.13,4999.34,219.126,1771480799999,1095441.99561,872,97.477,487323.51454,0
1771480800000,4999.34,5001.75,4999.10,5001.75,351.733,1771481099999,1758927.49542,1279,162.515,812719.21054,0
1771481100000,5001.72,5002.12,4999.19,5000.67,365.704,1771481399999,1828769.17804,1180,110.233,551274.16708,0
1771481400000,5000.67,5002.18,4999.80,5001.81,323.601,1771481699999,1618354.60734,1250,135.219,676239.96863,0
1771481700000,5001.81,5003.65,5001.45,5003.13,977.125,1771481999999,4888093.50243,1627,285.913,1430248.71470,0
1771482000000,5003.12,5003.12,5000.73,5001.86,166.754,1771482299999,834101.47885,796,77.374,387011.12238,0
1771482300000,5001.86,5004.92,5001.78,5004.44,472.075,1771482599999,2362193.89796,1487,296.528,1483766.78169,0
1771482600000,5004.40,5010.00,5004.40,5009.87,649.871,1771482899999,3254249.25750,2199,388.611,1945912.44793,0
1771482900000,5009.87,5010.70,5009.63,5009.91,442.049,1771483199999,2214732.33435,1382,165.263,827999.69957,0
1771483200000,5009.90,5012.58,5009.60,5011.69,578.872,1771483499999,2900927.20905,1684,279.818,1402256.08116,0
1771483500000,5011.68,5019.78,5011.68,5018.71,1336.364,1771483799999,6703342.06103,3523,840.574,4216498.26297,0
1771483800000,5018.71,5022.38,5017.57,5020.12,1205.276,1771484099999,6050380.69045,2866,664.728,3336866.97122,0
1771484100000,5020.12,5021.88,5019.36,5020.59,614.046,1771484399999,3082919.06367,2019,265.729,1334143.71466,0
1771484400000,5020.60,5023.28,5020.60,5023.14,1289.947,1771484699999,6478514.08744,2272,606.867,3047815.54620,0
1771484700000,5023.15,5023.88,5020.09,5022.85,1002.989,1771484999999,5037000.82194,2306,597.096,2998753.63224,0
1771485000000,5022.85,5023.59,5020.82,5020.82,537.923,1771485299999,2701658.39220,1444,244.558,1228216.39658,0
1771485300000,5020.82,5022.15,5017.50,5018.52,627.105,1771485599999,3147695.25766,1669,155.688,781492.55964,0
1771485600000,5018.52,5018.74,5016.80,5018.41,281.783,1771485899999,1413978.99226,918,94.620,474781.76707,0
1771485900000,5018.41,5021.40,5017.78,5019.80,433.681,1771486199999,2177042.38318,1303,134.343,674350.47867,0
1771486200000,5019.80,5021.29,5019.05,5019.95,518.664,1771486499999,2603831.92221,1195,238.118,1195437.04761,0
1771486500000,5019.96,5021.21,5018.58,5018.86,301.610,1771486799999,1513997.89117,923,140.981,707660.49973,0
1771486800000,5019.00,5019.15,5017.00,5017.11,261.327,1771487099999,1311346.21128,930,105.801,530894.29345,0
1771487100000,5017.11,5017.20,5015.26,5017.05,315.528,1771487399999,1582763.88999,1156,122.979,616903.70867,0
1771487400000,5017.04,5018.09,5016.20,5016.54,329.250,1771487699999,1651928.63900,875,144.203,723491.00979,0
1771487700000,5016.54,5016.55,5010.70,5012.24,835.504,1771487999999,4188482.14014,2147,290.166,1454487.83641,0
1771488000000,5012.15,5012.96,5008.85,5010.30,917.641,1771488299999,4597811.92566,2064,442.891,2219089.71541,0
1771488300000,5010.29,5012.80,5008.89,5011.86,889.379,1771488599999,4456683.04982,2028,542.418,2717986.22350,0
1771488600000,5011.86,5013.67,5011.07,5013.21,289.176,1771488899999,1449417.20289,1187,169.627,850200.68440,0
1771488900000,5013.25,5016.40,5012.12,5015.50,439.113,1771489199999,2201617.50095,1489,279.353,1400598.04719,0
1771489200000,5015.45,5016.85,5015.10,5016.10,436.737,1771489499999,2190728.29827,1315,259.418,1301239.87873,0
1771489500000,5016.11,5016.85,5014.19,5016.85,232.578,1771489799999,1166524.77390,912,135.323,678736.29539,0
1771489800000,5016.84,5017.35,5014.80,5014.81,446.479,1771490099999,2239622.64262,1286,242.209,1214980.41692,0
1771490100000,5014.80,5017.90,5013.22,5017.90,297.703,1771490399999,1493092.38856,1112,199.562,1000942.30727,0
1771490400000,5017.90,5021.40,5017.32,5021.39,437.185,1771490699999,2194437.32923,1418,284.251,1426858.57668,0
1771490700000,5021.39,5023.66,5020.54,5021.98,808.606,1771490999999,4060953.42376,2175,391.021,1963794.13782,0
1771491000000,5021.79,5022.53,5014.72,5018.51,713.596,1771491299999,3581396.86161,1774,250.731,1258401.50206,0
1771491300000,5018.67,5018.99,5016.45,5017.99,773.933,1771491599999,3883301.70179,1481,561.049,2815100.31611,0
1771491600000,5018.00,5018.96,5016.55,5017.50,723.549,1771491899999,3630322.79897,1819,241.183,1210103.72573,0
1771491900000,5017.51,5020.01,5017.27,5019.88,254.336,1771492199999,1276553.21648,1007,149.240,749047.87186,0
1771492200000,5019.90,5021.43,5019.17,5020.51,281.097,1771492499999,1411197.56364,1146,171.506,861022.31960,0
1771492500000,5020.51,5021.66,5016.03,5016.29,496.300,1771492799999,2491312.54949,1666,273.622,1373540.81927,0
1771492800000,5016.29,5016.94,5012.08,5013.08,666.905,1771493099999,3344764.95531,1969,278.766,1398142.51625,0
1771493100000,5013.08,5013.08,5002.46,5002.77,1727.338,1771493399999,8649721.21794,4163,773.046,3870953.73067,0
1771493400000,5002.78,5007.55,5002.00,5003.73,839.105,1771493699999,4199762.53686,2121,473.232,2368506.38260,0
1771493700000,5003.74,5003.91,4995.19,5001.14,1164.536,1771493999999,5821352.54625,3599,477.159,2385163.75736,0
1771494000000,5001.14,5005.19,4999.92,5005.19,540.232,1771494299999,2702211.82995,1725,277.879,1389956.14761,0
1771494300000,5005.18,5005.88,5003.27,5004.30,296.063,1771494599999,1481738.77695,1393,133.221,666739.65435,0
1771494600000,5004.30,5007.15,5004.29,5004.59,558.449,1771494899999,2795571.69548,1502,350.171,1752975.99660,0
1771494900000,5004.68,5004.68,4998.50,4998.60,485.291,1771495199999,2426604.23796,1403,197.964,989831.83584,0
1771495200000,4998.55,4998.81,4992.10,4994.09,1418.512,1771495499999,7085472.85981,2883,585.073,2922377.24153,0
1771495500000,4994.10,4996.62,4988.74,4992.83,890.249,1771495799999,4444757.35437,2709,321.307,1604285.60335,0
1771495800000,4992.94,4993.03,4986.45,4992.14,967.427,1771496099999,4827321.53774,2566,565.187,2820257.06361,0
1771496100000,4992.14,4994.99,4990.38,4993.01,645.958,1771496399999,3225432.95400,1597,425.538,2124854.52354,0
1771496400000,4993.02,4994.45,4992.16,4993.76,323.924,1771496699999,1617512.82929,1109,171.599,856871.02442,0
1771496700000,4993.76,4994.55,4988.46,4989.15,509.268,1771496999999,2541342.18537,1488,227.004,1132725.96295,0
1771497000000,4989.30,4994.64,4984.38,4994.04,934.681,1771497299999,4663447.55702,2623,475.919,2374650.96697,0
1771497300000,4994.26,4997.58,4992.76,4997.20,392.211,1771497599999,1958988.65812,1476,240.892,1203164.47124,0
1771497600000,4997.19,4997.19,4990.80,4991.44,453.111,1771497899999,2262592.27545,1435,273.596,1366176.48130,0
1771497900000,4991.43,4993.96,4990.65,4993.26,359.025,1771498199999,1792348.54087,1112,279.939,1397523.19208,0
1771498200000,4993.26,4994.63,4991.24,4992.64,247.875,1771498499999,1237614.71886,770,140.159,699775.77444,0
1771498500000,4992.65,4996.39,4992.00,4996.39,229.254,1771498799999,1144858.99030,974,149.194,745041.49377,0
1771498800000,4996.38,4996.38,4992.31,4995.09,232.608,1771499099999,1161717.84322,930,142.559,711949.75735,0
1771499100000,4995.06,4997.35,4993.21,4997.14,177.611,1771499399999,887157.49283,728,101.591,507416.51590,0
1771499400000,4997.05,5000.51,4996.57,4996.69,1230.636,1771499699999,6151274.73936,1622,795.837,3977999.54884,0
1771499700000,4996.69,4997.50,4982.19,4989.89,2543.359,1771499999999,12686268.66746,4457,1151.401,5743356.98257,0
1771500000000,4989.89,4993.05,4989.49,4989.84,440.559,1771500299999,2198892.48294,1560,256.073,1278108.51759,0
1771500300000,4989.68,4990.45,4986.51,4987.80,661.975,1771500599999,3302218.17788,1851,300.317,1498063.22561,0
1771500600000,4987.78,4989.59,4986.17,4988.85,332.907,1771500899999,1660399.81152,1244,151.314,754680.30165,0
1771500900000,4988.85,4989.39,4987.05,4988.31,344.729,1771501199999,1719704.76481,929,257.307,1283593.65748,0
1771501200000,4988.34,4989.33,4986.01,4986.41,850.488,1771501499999,4241844.10311,1739,535.963,2673135.41091,0
1771501500000,4986.47,4989.34,4985.02,4989.19,462.727,1771501799999,2307731.39270,1232,273.851,1365817.18099,0
1771501800000,4989.20,4989.44,4981.26,4986.49,1000.605,1771502099999,4988070.36360,2468,449.037,2238396.21487,0
1771502100000,4986.49,4989.25,4985.92,4987.48,564.215,1771502399999,2814437.89253,1313,388.101,1935964.57391,0
1771502400000,4987.48,4989.90,4983.75,4989.59,885.664,1771502699999,4417103.20125,1922,414.891,2069061.98090,0
1771502700000,4989.51,4993.44,4986.51,4986.91,503.029,1771502999999,2510203.09434,1553,266.760,1331159.86859,0
1771503000000,4987.05,4991.40,4984.81,4991.40,355.553,1771503299999,1773375.57453,1400,259.762,1295606.47111,0
1771503300000,4991.40,4991.90,4988.96,4988.96,299.260,1771503599999,1493320.63432,944,162.200,809366.38541,0
1771503600000,4988.96,4991.00,4988.25,4990.23,388.136,1771503899999,1936680.98593,1085,272.003,1357175.38880,0
1771503900000,4990.21,4994.75,4989.35,4994.74,375.671,1771504199999,1875254.19854,1346,228.493,1140557.31029,0
1771504200000,4994.75,4996.38,4991.64,4992.54,661.748,1771504499999,3304666.68090,1884,279.885,1397840.09830,0
1771504500000,4992.62,4992.68,4987.60,4988.87,639.760,1771504799999,3192023.19303,1830,333.287,1662823.46915,0
1771504800000,4988.80,4991.12,4988.35,4990.29,480.571,1771505099999,2397877.55333,1495,218.311,1089298.16025,0
1771505100000,4990.23,4991.10,4986.06,4986.06,358.791,1771505399999,1789899.53485,1177,199.379,994661.48347,0
1771505400000,4986.06,4989.16,4985.00,4987.23,300.542,1771505699999,1498896.77721,1232,105.317,525258.83055,0
1771505700000,4987.21,4989.49,4987.15,4988.49,131.225,1771505999999,654572.37299,644,77.914,388635.04265,0
1771506000000,4988.48,4988.85,4978.33,4986.00,1821.815,1771506299999,9078251.43275,3650,854.916,4260341.24702,0
1771506300000,4985.99,4988.90,4984.16,4986.25,593.761,1771506599999,2960833.26165,1673,250.815,1250740.84348,0
1771506600000,4986.25,4987.65,4983.86,4986.99,339.995,1771506899999,1695322.15025,1123,220.658,1100284.93692,0
1771506900000,4986.84,4988.54,4984.80,4986.60,273.810,1771507199999,1365405.06624,1101,103.166,514454.79336,0
1771507200000,4986.61,4989.28,4983.22,4986.66,679.107,1771507499999,3386568.67076,2585,378.783,1888993.62587,0
1771507500000,4986.63,4991.00,4985.70,4987.15,541.631,1771507799999,2701830.70882,1866,269.695,1345310.37390,0
1771507800000,4987.14,4994.10,4976.16,4992.01,2651.123,1771508099999,13217665.01624,6164,1466.416,7311511.86443,0
1771508100000,4992.01,4998.25,4990.80,4997.61,1280.678,1771508399999,6397295.56303,2868,933.038,4660780.90747,0
1771508400000,4997.61,5000.50,4995.32,4997.30,1155.006,1771508699999,5772926.05299,3178,606.580,3031910.78662,0
1771508700000,4997.30,4997.91,4994.92,4995.64,610.324,1771508999999,3049357.03925,1778,339.040,1693937.21342,0
1771509000000,4995.65,4999.95,4995.65,4998.96,664.109,1771509299999,3319345.87411,1958,376.099,1879760.23117,0
1771509300000,4999.05,5001.43,4998.13,5000.41,1102.525,1771509599999,5512712.39657,2655,561.226,2806167.54053,0
1771509600000,5000.41,5000.41,4989.19,4989.50,1683.331,1771509899999,8405308.91962,3738,727.790,3633862.23765,0
1771509900000,4989.50,4990.63,4982.35,4982.85,1014.308,1771510199999,5057452.40115,3110,484.604,2416281.92750,0
1771510200000,4982.84,4982.85,4975.00,4975.91,2111.297,1771510499999,10512245.90966,4723,815.636,4061381.73999,0
1771510500000,4975.94,4985.34,4975.39,4981.77,1011.664,1771510799999,5039770.28751,2765,659.636,3285736.78332,0
1771510800000,4981.76,4983.23,4980.01,4981.68,504.583,1771511099999,2513729.86632,1685,324.415,1616177.24962,0
1771511100000,4981.94,4982.67,4979.45,4981.78,526.409,1771511399999,2621908.28914,1604,252.885,1259534.23554,0
1771511400000,4981.76,4981.76,4966.28,4976.23,3765.842,1771511699999,18734977.14718,7583,1537.051,7647607.70120,0
1771511700000,4976.24,4987.75,4974.84,4987.60,2278.778,1771511999999,11350480.46528,4934,1206.063,6007160.74285,0
1771512000000,4987.60,4996.76,4984.07,4995.10,1992.706,1771512299999,9942517.71663,4617,1058.233,5279851.47739,0
1771512300000,4995.11,5001.83,4990.44,5001.52,2133.692,1771512599999,10661660.86181,4585,1098.900,5491233.05935,0
1771512600000,5001.51,5008.60,4996.95,5007.61,2648.314,1771512899999,13246665.23076,4705,1117.415,5589824.88061,0
1771512900000,5007.60,5011.99,5006.33,5007.74,1419.557,1771513199999,7111106.21702,3755,526.089,2635468.58509,0
1771513200000,5007.75,5011.50,5002.25,5006.08,2171.615,1771513499999,10874994.94266,5512,1034.484,5180276.46326,0
1771513500000,5006.08,5009.04,5001.33,5005.65,1512.476,1771513799999,7569777.99001,3892,590.636,2955951.51512,0
1771513800000,5005.61,5007.14,5001.60,5001.60,1156.101,1771514099999,5785523.31829,3231,495.511,2479679.24986,0
1771514100000,5001.61,5006.78,4998.36,5001.88,1351.598,1771514399999,6761294.45476,3892,604.448,3023620.64328,0
1771514400000,5002.19,5009.23,5002.11,5008.39,1319.657,1771514699999,6605704.33789,3087,640.327,3205136.62450,0
1771514700000,5008.39,5018.42,5004.95,5018.35,1905.651,1771514999999,9551984.98095,4273,993.845,4981898.81294,0
1771515000000,5018.24,5023.49,5016.21,5022.79,2407.277,1771515299999,12084432.36817,5221,1099.041,5517304.77973,0
1771515300000,5022.81,5024.54,5016.90,5017.79,1190.081,1771515599999,5975762.89726,3219,502.387,2522935.42511,0
1771515600000,5017.78,5018.10,5014.33,5016.80,672.884,1771515899999,3375416.40367,1962,245.062,1229315.98646,0
1771515900000,5016.85,5017.48,5014.56,5016.56,668.932,1771516199999,3355411.53787,1841,277.943,1394198.80143,0
1771516200000,5016.56,5016.74,5008.65,5011.02,1278.030,1771516499999,6404863.23439,2684,416.975,2089533.42270,0
1771516500000,5010.99,5015.67,5009.28,5015.33,722.216,1771516799999,3619700.59207,2255,370.865,1858705.29201,0
1771516800000,5015.34,5015.98,5012.76,5013.13,480.390,1771517099999,2408833.36116,1833,219.976,1103022.33110,0
1771517100000,5013.13,5013.29,5002.84,5009.77,1568.697,1771517399999,7854242.87016,3967,654.507,3276868.94495,0
1771517400000,5010.29,5010.76,5006.22,5006.84,424.990,1771517699999,2128511.52617,1543,188.877,945967.80569,0
1771517700000,5006.83,5007.59,5002.14,5003.66,688.455,1771517999999,3445548.73842,2320,313.974,1571400.66791,0
1771518000000,5003.48,5007.53,5000.78,5002.57,742.370,1771518299999,3714963.94979,2290,364.073,1822000.73273,0
1771518300000,5002.57,5004.20,4994.39,5000.38,1297.592,1771518599999,6486917.56879,3118,615.713,3078474.27930,0
1771518600000,5000.39,5005.77,5000.39,5005.77,507.720,1771518899999,2540087.32949,2200,318.038,1591100.59012,0
1771518900000,5005.77,5008.35,5002.95,5006.16,375.839,1771519199999,1881480.98573,1702,230.978,1156288.45730,0
1771519200000,5006.15,5011.49,5006.15,5009.41,623.060,1771519499999,3121185.85046,1864,376.510,1886110.22484,0
1771519500000,5009.45,5010.01,5001.90,5006.40,399.048,1771519799999,1997878.25109,1667,152.384,763012.36375,0
1771519800000,5006.40,5007.33,5000.31,5005.67,514.550,1771520099999,2574615.29595,2010,262.697,1314422.24041,0
1771520100000,5005.67,5005.67,4993.38,4998.36,1134.506,1771520399999,5669865.06507,2975,569.735,2847301.35300,0
1771520400000,4998.30,5000.53,4995.30,4997.86,590.130,1771520699999,2949182.18158,2128,277.176,1385229.59512,0
1771520700000,4997.86,5001.23,4995.26,4998.30,473.260,1771520999999,2365847.26191,1693,214.202,1070775.05854,0
1771521000000,4998.31,5001.74,4998.31,4999.35,190.613,1771521299999,953040.25852,1100,92.169,460829.99851,0
1771521300000,4999.32,5001.98,4995.87,5001.22,589.448,1771521599999,2946041.04978,1870,426.162,2129829.06793,0
1771521600000,5001.21,5004.19,5000.02,5002.39,306.820,1771521899999,1534988.77928,1259,186.822,934671.42600,0
1771521900000,5002.39,5004.30,4996.51,4996.91,378.976,1771522199999,1894779.89531,1467,139.679,698345.23740,0
1771522200000,4996.95,4998.59,4994.10,4995.89,449.566,1771522499999,2246121.24357,1700,247.340,1235788.87437,0
1771522500000,4995.89,4997.50,4988.82,4997.50,800.305,1771522799999,3995456.84458,2416,361.141,1803035.39501,0
1771522800000,4997.55,4997.80,4995.15,4995.69,326.207,1771523099999,1629901.14345,1334,118.195,590535.92544,0
1771523100000,4995.60,4996.51,4992.30,4994.25,333.894,1771523399999,1667545.02133,1283,171.905,858519.05802,0
1771523400000,4993.96,4995.57,4988.70,4990.03,545.051,1771523699999,2720500.46750,1674,212.635,1061251.52434,0
1771523700000,4990.00,4991.32,4986.45,4988.21,611.366,1771523999999,3049936.08665,1570,311.693,1554957.82080,0
1771524000000,4988.35,4989.92,4985.15,4989.44,610.032,1771524299999,3042695.76875,1898,362.598,1808564.09466,0
1771524300000,4989.36,4990.54,4983.36,4986.30,427.702,1771524599999,2132691.99630,1646,191.592,955264.94511,0
1771524600000,4986.26,4991.54,4984.92,4991.11,280.551,1771524899999,1399476.08043,1323,197.680,986128.57958,0
1771524900000,4991.10,4992.25,4986.16,4986.86,339.468,1771525199999,1693616.61279,1228,188.357,939690.68466,0
1771525200000,4986.88,4987.03,4982.00,4982.66,285.336,1771525499999,1422216.81927,1350,123.812,617091.32634,0
1771525500000,4982.74,4984.49,4980.00,4981.56,827.254,1771525799999,4121617.70814,2282,373.339,1860045.24687,0
1771525800000,4981.55,4986.30,4980.13,4983.74,378.920,1771526099999,1888608.94964,1428,228.425,1138518.55818,0
1771526100000,4983.74,4985.44,4982.40,4982.83,283.750,1771526399999,1414225.37083,924,159.050,792696.17609,0
1771526400000,4982.89,4982.93,4978.84,4979.08,415.080,1771526699999,2067426.01623,1195,222.006,1105771.52106,0
1771526700000,4979.08,4984.95,4979.07,4984.55,310.881,1771526999999,1548681.06691,1114,200.414,998320.83202,0
1771527000000,4984.54,4987.22,4982.50,4985.99,273.931,1771527299999,1365468.70074,1080,156.195,778558.01985,0
1771527300000,4985.99,4986.15,4982.85,4984.65,201.851,1771527599999,1006031.60109,909,112.644,561406.77696,0
1771527600000,4984.50,4987.00,4983.73,4987.00,130.138,1771527899999,648767.26673,845,76.941,383567.39981,0
1771527900000,4986.99,4991.40,4986.69,4990.73,333.779,1771528199999,1665377.45554,1111,194.568,970670.06315,0
1771528200000,4990.74,4992.32,4989.45,4990.20,230.469,1771528499999,1150258.66861,907,106.226,530168.12301,0
1771528500000,4990.17,4992.34,4989.61,4992.09,189.452,1771528799999,945520.84112,763,134.456,671062.58481,0
1771528800000,4992.09,4993.26,4991.80,4991.82,144.171,1771529099999,719805.53641,699,93.591,467276.68660,0
1771529100000,4991.79,4993.15,4991.12,4992.38,238.945,1771529399999,1192889.03576,910,135.073,674324.22553,0
1771529400000,4992.37,4992.73,4991.40,4991.77,130.691,1771529699999,652416.65890,640,52.963,264389.02678,0
1771529700000,4991.77,4991.78,4983.02,4984.20,458.460,1771529999999,2286396.47956,1479,222.200,1108030.23268,0
1771530000000,4984.20,4988.64,4982.15,4988.05,318.061,1771530299999,1585679.82556,1274,158.443,789909.12944,0
1771530300000,4988.04,4988.65,4985.49,4988.65,163.577,1771530599999,815765.68808,777,92.979,463674.35147,0
1771530600000,4988.65,4991.19,4988.65,4989.75,181.849,1771530899999,907344.61421,866,87.617,437175.15387,0
1771530900000,4989.74,4991.46,4989.74,4990.56,158.331,1771531199999,790127.29435,704,54.696,272951.16286,0
1771531200000,4990.57,4994.18,4990.56,4992.50,278.412,1771531499999,1390056.37342,1009,136.067,679302.27510,0
1771531500000,4992.50,4994.10,4991.41,4993.51,207.340,1771531799999,1035252.77589,792,124.659,622427.57639,0
1771531800000,4993.52,4994.50,4992.29,4993.45,148.189,1771532099999,739957.11537,607,63.942,319285.91898,0
1771532100000,4993.45,4996.46,4991.93,4996.46,191.673,1771532399999,957086.57394,741,115.120,574879.89708,0
1771532400000,4996.45,4997.65,4995.76,4996.94,239.262,1771532699999,1195548.66908,848,92.870,464048.27381,0
1771532700000,4996.94,4999.20,4996.84,4998.44,158.296,1771532999999,791199.99852,626,101.447,507066.85594,0
1771533000000,4998.44,5000.25,4997.81,4998.94,218.804,1771533299999,1093821.13355,918,99.119,495509.15768,0
1771533300000,4998.95,5000.06,4998.90,4999.83,142.258,1771533599999,711202.92221,606,75.239,376149.73954,0
1771533600000,4999.82,5003.00,4999.28,5002.10,307.004,1771533899999,1535356.28424,914,148.407,742232.50569,0
1771533900000,5002.07,5005.75,5001.42,5005.11,383.442,1771534199999,1918800.72846,961,192.037,960930.88247,0
1771534200000,5005.10,5005.20,5003.36,5004.15,217.007,1771534499999,1085957.34416,749,94.952,475148.32524,0
1771534500000,5004.16,5004.95,5002.36,5004.45,196.185,1771534799999,981674.31165,866,81.742,409011.90090,0
1771534800000,5004.59,5007.00,5001.90,5002.50,372.966,1771535099999,1866616.56524,1403,139.510,698185.40508,0
1771535100000,5002.53,5003.21,5000.40,5000.59,329.053,1771535399999,1645966.43378,856,55.879,279517.47633,0
1771535400000,5000.60,5002.05,5000.48,5002.04,77.448,1771535699999,387342.04602,341,21.160,105827.47522,0
1771535700000,5002.05,5002.51,5001.71,5002.39,106.010,1771535999999,530293.57027,266,45.700,228605.45350,0
1771536000000,5002.50,5003.19,4995.50,5000.84,702.599,1771536299999,3512709.71385,1693,288.659,1443118.97388,0
1771536300000,5000.85,5000.88,4995.83,4996.30,219.894,1771536599999,1099116.10439,672,67.309,336432.13869,0
1771536600000,4996.20,4998.42,4996.20,4998.06,177.374,1771536899999,886408.74332,536,94.922,474332.37872,0
1771536900000,4998.05,4999.57,4998.05,4999.48,84.840,1771537199999,424129.52939,397,48.931,244608.83959,0
1771537200000,4999.47,5001.15,4998.42,5001.15,188.814,1771537499999,943991.96893,475,105.695,528476.15900,0
1771537500000,5001.14,5001.51,4999.16,5001.49,189.631,1771537799999,948260.93174,459,69.878,349424.29495,0
1771537800000,5001.52,5002.21,4997.88,4997.88,186.388,1771538099999,931990.41310,668,52.238,261202.99529,0
1771538100000,4997.85,5000.13,4997.00,4999.04,255.197,1771538399999,1275733.66959,702,148.484,742241.95426,0
1771538400000,4999.11,4999.17,4999.10,4999.17,14.675,1771538699999,73362.65755,92,6.489,32439.60849,0
1771538700000,4999.16,4999.17,4996.50,4996.50,89.701,1771538999999,448280.69602,338,19.409,97001.30412,0
1771539000000,4996.69,5001.43,4996.00,5001.43,256.686,1771539299999,1283182.47626,609,212.610,1062934.36389,0
1771539300000,5001.45,5001.50,5000.00,5000.03,49.007,1771539599999,245090.18807,202,30.839,154231.55916,0
1771539600000,5000.01,5000.03,5000.00,5000.00,7.464,1771539899999,37320.07561,46,1.762,8810.01762,0
1771539900000,5000.00,5000.63,4999.00,4999.76,61.095,1771540199999,305453.63292,348,25.110,125538.38103,0
1771540200000,4999.76,4999.76,4999.34,4999.44,29.339,1771540499999,146678.09865,157,16.737,83674.72207,0
1771540500000,4999.44,5001.01,4999.43,5000.21,45.161,1771540799999,225829.83153,282,19.444,97230.28686,0
1771540800000,5000.22,5002.98,5000.22,5002.83,187.896,1771541099999,939868.41291,1013,115.880,579627.64786,0
1771541100000,5002.83,5004.89,5002.82,5004.69,69.483,1771541399999,347685.58961,469,48.544,242910.12559,0
1771541400000,5004.70,5004.94,5004.24,5004.25,62.470,1771541699999,312634.58342,361,17.231,86233.80857,0
1771541700000,5004.24,5004.30,5003.92,5003.94,56.238,1771541999999,281425.70099,260,16.281,81473.27461,0
1771542000000,5003.95,5006.75,4999.86,5003.92,1194.693,1771542299999,5977208.92318,3032,665.453,3329046.13482,0
1771542300000,5003.93,5010.68,5002.06,5006.86,775.007,1771542599999,3880558.46631,2236,413.413,2070004.10478,0
1771542600000,5006.85,5007.74,5000.55,5001.87,633.326,1771542899999,3169154.28945,2203,305.221,1527170.86333,0
1771542900000,5002.01,5005.46,4996.25,5003.28,704.208,1771543199999,3521544.11180,2235,320.992,1605418.70544,0
1771543200000,5003.28,5006.22,5001.49,5003.33,225.903,1771543499999,1130460.65443,1188,132.365,662391.96543,0
1771543500000,5003.33,5004.90,5000.33,5000.33,315.790,1771543799999,1580051.30072,1272,132.002,660494.58005,0
1771543800000,5000.26,5001.46,4998.29,5000.95,213.552,1771544099999,1067758.91420,929,122.856,614256.16640,0
1771544100000,5000.96,5004.12,5000.95,5002.35,267.862,1771544399999,1339999.44395,1086,148.762,744180.16785,0
1771544400000,5002.35,5003.33,4999.04,4999.04,222.537,1771544699999,1112935.28153,1053,80.544,402839.44894,0
1771544700000,4999.01,5003.39,4998.81,5000.69,192.422,1771544999999,962276.67458,1047,90.960,454860.82805,0
1771545000000,5000.69,5002.35,4995.00,4995.81,425.306,1771545299999,2125563.76749,1482,153.242,765970.95129,0
1771545300000,4995.82,4996.91,4989.24,4990.75,503.464,1771545599999,2513526.58688,2229,235.438,1175357.09869,0
1771545600000,4990.72,4996.78,4989.51,4996.19,462.241,1771545899999,2307819.96292,1930,247.998,1238105.04008,0
1771545900000,4996.19,4998.90,4994.90,4995.78,167.064,1771546199999,834762.10232,975,102.663,512967.14092,0
1771546200000,4995.77,4999.23,4995.60,4996.61,114.379,1771546499999,571578.29905,739,54.679,273240.84429,0
1771546500000,4996.74,4999.00,4996.74,4997.23,86.371,1771546799999,431710.37403,633,51.782,258825.29232,0
1771546800000,4997.17,4997.17,4992.03,4993.80,220.592,1771547099999,1101640.42247,999,99.078,494760.46044,0
1771547100000,4993.90,4993.90,4991.61,4993.88,142.962,1771547399999,713751.76419,654,89.464,446642.39839,0
1771547400000,4993.86,4995.71,4993.17,4993.69,192.077,1771547699999,959362.17308,821,81.726,408212.98706,0
1771547700000,4993.69,4995.78,4991.11,4995.69,212.503,1771547999999,1060888.53237,855,98.529,491899.51674,0
1771548000000,4995.70,4999.10,4995.61,4996.79,298.799,1771548299999,1493249.70408,975,148.055,739925.19146,0
1771548300000,4996.78,5001.54,4996.78,4999.02,211.762,1771548599999,1058804.93781,1082,107.918,539578.74144,0
1771548600000,4999.02,5003.55,4998.62,5003.28,215.012,1771548899999,1075286.18131,988,124.271,621478.51227,0
1771548900000,5003.30,5008.79,5002.91,5008.61,307.505,1771549199999,1539410.66060,1265,172.137,861696.81195,0
1771549200000,5008.62,5014.30,5008.05,5011.19,803.582,1771549499999,4026838.65016,3220,336.652,1686943.85603,0
1771549500000,5011.27,5015.66,5011.18,5013.31,596.366,1771549799999,2990292.79898,1932,388.410,1947537.01013,0
1771549800000,5013.44,5017.00,5013.12,5016.18,437.682,1771550099999,2195229.12382,1533,240.449,1205972.75508,0
1771550100000,5016.18,5016.18,5010.63,5012.10,904.376,1771550399999,4534764.87827,1597,266.926,1337962.12956,0
1771550400000,5012.10,5013.74,5005.94,5006.28,448.492,1771550699999,2246797.05455,1503,171.171,857448.41275,0
1771550700000,5006.29,5006.84,4999.84,5002.48,758.220,1771550999999,3793228.07844,2177,487.780,2440216.99122,0
1771551000000,5002.50,5006.48,5001.00,5002.90,401.006,1771551299999,2006510.00552,1487,228.387,1142729.74165,0
1771551300000,5002.89,5004.20,4998.91,5000.05,444.455,1771551599999,2222715.55262,1377,211.805,1059256.78665,0
1771551600000,5000.06,5002.41,4999.35,5001.15,409.434,1771551899999,2047441.20349,1028,242.816,1214270.52613,0
1771551900000,5001.31,5003.19,4999.30,5000.94,235.180,1771552199999,1176257.58709,763,150.886,754649.85708,0
1771552200000,5000.95,5002.61,5000.10,5002.54,183.676,1771552499999,918591.23414,876,112.055,560415.33298,0
1771552500000,5002.60,5003.78,5000.25,5000.83,285.827,1771552799999,1429781.04560,1023,132.623,663416.68611,0
1771552800000,5000.82,5008.45,4997.11,5007.08,559.056,1771553099999,2796644.14184,1859,321.006,1605743.05199,0
1771553100000,5007.08,5009.88,5003.91,5004.66,278.149,1771553399999,1392668.37351,1351,105.897,530222.94907,0
1771553400000,5004.65,5004.93,4997.48,4999.81,518.880,1771553699999,2594556.95433,1534,239.385,1196796.11173,0
1771553700000,4999.82,5002.34,4996.63,4998.04,383.366,1771553999999,1916641.00392,1472,187.695,938354.94345,0
1771554000000,4998.06,5000.39,4997.86,4999.91,194.382,1771554299999,971730.47517,886,114.142,570599.60281,0
1771554300000,4999.91,5001.70,4998.03,5000.53,371.672,1771554599999,1858376.24512,1103,222.925,1114595.29262,0
1771554600000,5000.70,5006.00,5000.70,5002.28,254.220,1771554899999,1272052.33653,1120,96.941,485052.34130,0
1771554900000,5002.29,5004.03,5001.89,5002.79,190.502,1771555199999,953036.26706,742,135.658,678656.26318,0
1771555200000,5002.80,5003.59,5001.76,5002.65,78.014,1771555499999,390284.59030,484,41.904,209634.45678,0
1771555500000,5002.71,5002.71,4998.05,4998.74,351.842,1771555799999,1758976.44877,1190,202.007,1009847.60825,0
1771555800000,4998.80,5000.94,4997.26,4997.40,251.919,1771556099999,1259329.14637,916,119.772,598761.27615,0
1771556100000,4997.31,4999.59,4996.42,4998.88,295.220,1771556399999,1475513.04537,1083,162.087,810094.73533,0
1771556400000,4998.87,4999.64,4996.54,4997.85,179.385,1771556699999,896610.37641,951,57.401,286896.01031,0
1771556700000,4997.77,4997.77,4993.22,4996.20,512.674,1771556999999,2560676.68699,1442,240.640,1201872.50729,0
1771557000000,4996.21,4999.17,4996.01,4997.28,138.412,1771557299999,691766.90236,647,59.233,296034.12525,0
1771557300000,4997.15,5000.98,4997.05,5000.56,119.399,1771557599999,596858.23857,531,77.980,389813.04830,0
1771557600000,5000.56,5001.15,4998.53,4998.93,158.134,1771557899999,790643.56905,694,54.300,271481.07012,0
1771557900000,4998.93,4999.35,4995.54,4995.54,97.033,1771558199999,484972.53136,450,40.093,200404.18353,0
1771558200000,4995.55,5000.78,4995.49,4998.68,297.270,1771558499999,1485782.17559,1129,181.460,906852.24221,0
1771558500000,4998.68,5002.00,4998.58,5000.10,233.393,1771558799999,1167178.73914,646,93.741,468758.03591,0
1771558800000,5000.15,5000.15,4985.60,4990.16,1173.122,1771559099999,5855494.21848,3243,579.266,2890838.10208,0
1771559100000,4990.19,4997.54,4989.26,4997.46,391.905,1771559399999,1957021.35552,1526,224.038,1118723.73606,0
1771559400000,4997.45,4998.59,4994.82,4995.12,235.380,1771559699999,1176150.48889,939,98.280,491086.47779,0
1771559700000,4995.12,4995.55,4990.61,4991.35,387.716,1771559999999,1935793.43797,1402,228.420,1140428.87824,0
1771560000000,4991.39,4995.45,4990.18,4994.60,348.884,1771560299999,1742038.90596,1081,247.191,1234196.60483,0
1771560300000,4994.70,4996.13,4994.31,4994.85,159.830,1771560599999,798350.54391,669,103.613,517543.12659,0
1771560600000,4994.86,4995.40,4992.93,4995.13,100.891,1771560899999,503879.13351,504,47.248,235966.73402,0
1771560900000,4995.13,4995.99,4993.43,4993.80,105.259,1771561199999,525744.29568,545,44.441,221969.98311,0
1771561200000,4993.80,4995.14,4993.47,4994.56,111.189,1771561499999,555299.42327,485,46.735,233412.77479,0
1771561500000,4994.56,4997.09,4994.56,4996.96,134.169,1771561799999,670315.66557,488,96.041,479808.31682,0
1771561800000,4996.95,4998.53,4996.16,4998.36,167.149,1771562099999,835262.42331,722,92.488,462184.44379,0
1771562100000,4998.35,4998.80,4998.00,4998.29,105.601,1771562399999,527848.05921,459,60.485,302337.11184,0
1771562400000,4998.29,5005.00,4998.29,5001.62,722.533,1771562699999,3614413.15853,1374,298.806,1494377.35601,0
1771562700000,5001.62,5002.73,5000.86,5000.86,122.292,1771562999999,611669.27353,526,83.270,416497.53132,0
1771563000000,5000.86,5001.07,4999.07,4999.91,108.717,1771563299999,543587.38449,518,63.748,318738.51133,0
1771563300000,4999.94,5002.90,4999.94,5002.38,102.965,1771563599999,514990.87048,500,49.549,247799.45117,0
1771563600000,5002.38,5008.28,5002.38,5008.17,565.801,1771563899999,2832442.24879,1620,243.962,1221237.50628,0
1771563900000,5008.20,5008.48,5003.78,5004.09,353.850,1771564199999,1771514.31843,971,103.946,520338.08030,0
1771564200000,5004.15,5006.20,5004.00,5004.01,179.147,1771564499999,896654.48096,850,95.667,478796.27465,0
1771564500000,5004.02,5004.90,5001.90,5002.35,183.021,1771564799999,915722.64926,648,90.081,450725.08295,0
1771564800000,5002.35,5004.93,5002.00,5004.65,195.210,1771565099999,976669.56425,773,138.480,692824.14861,0
1771565100000,5004.59,5005.02,5003.77,5004.42,192.710,1771565399999,964407.73208,744,66.616,333381.84398,0
1771565400000,5004.41,5005.80,5003.87,5005.14,146.192,1771565699999,731631.76483,700,72.977,365228.00857,0
1771565700000,5005.14,5007.28,5005.14,5006.35,282.086,1771565999999,1412335.48729,959,83.996,420538.50289,0
1771566000000,5006.35,5006.35,5001.65,5002.54,378.188,1771566299999,1892190.25728,1202,183.080,915957.31194,0
1771566300000,5002.53,5009.80,5001.43,5009.28,403.173,1771566599999,2018493.51660,1263,175.335,877648.52792,0
1771566600000,5009.21,5011.00,5009.21,5009.99,523.309,1771566899999,2621782.95935,1384,245.612,1230525.02553,0
1771566900000,5009.98,5013.50,5009.83,5013.40,590.244,1771567199999,2958331.85346,1190,389.197,1950695.58404,0
1771567200000,5013.40,5018.78,5013.40,5017.07,1471.415,1771567499999,7381374.20576,2689,595.796,2988822.02758,0
1771567500000,5017.07,5017.08,5014.32,5015.22,536.161,1771567799999,2689283.84775,1140,94.908,475986.90685,0
1771567800000,5015.23,5020.63,5015.23,5017.65,1195.667,1771568099999,6000672.04756,2158,571.206,2866661.84429,0
1771568100000,5017.65,5019.63,5017.60,5017.69,484.139,1771568399999,2429678.64701,1158,144.003,722710.69634,0
1771568400000,5017.68,5023.91,5017.49,5023.20,1044.425,1771568699999,5244681.87955,2212,644.330,3235730.69921,0
1771568700000,5023.21,5030.81,5022.51,5023.54,1787.018,1771568999999,8983321.66435,4007,1033.886,5197513.46209,0
1771569000000,5023.54,5026.18,5022.15,5025.50,606.333,1771569299999,3046535.86121,1569,306.441,1539715.12877,0
1771569300000,5025.49,5028.42,5022.85,5027.71,753.526,1771569599999,3787156.28135,1677,343.756,1727703.07632,0
1771569600000,5027.70,5027.85,5026.52,5027.18,445.606,1771569899999,2240102.50715,1149,194.137,975929.34060,0
1771569900000,5027.18,5030.23,5027.17,5030.23,822.831,1771570199999,4137923.82281,2019,486.919,2448707.17656,0
1771570200000,5030.19,5031.77,5026.83,5027.55,767.392,1771570499999,3859797.62680,1984,326.814,1643907.36420,0
1771570500000,5027.55,5027.55,5022.00,5022.66,849.175,1771570799999,4266756.57648,1942,368.673,1852495.37508,0
1771570800000,5022.62,5023.92,5017.87,5022.29,913.480,1771571099999,4586378.62276,2478,420.568,2111705.92871,0
1771571100000,5022.29,5026.68,5022.29,5026.27,437.453,1771571399999,2198169.66255,1556,233.319,1172399.37071,0
1771571400000,5026.30,5028.45,5023.07,5024.10,498.299,1771571699999,2504330.43016,1598,250.796,1260416.54733,0
1771571700000,5024.09,5025.00,5021.76,5021.76,300.715,1771571999999,1510778.48883,1034,122.940,617664.38067,0
1771572000000,5021.76,5021.87,5014.38,5014.82,1200.303,1771572299999,6021593.11270,2590,627.828,3149320.08928,0
1771572300000,5014.80,5018.10,5012.36,5016.72,520.868,1771572599999,2612234.95521,1624,303.044,1519856.33010,0
1771572600000,5016.71,5017.95,5015.35,5016.73,345.949,1771572899999,1735454.94281,1317,195.667,981546.79799,0
1771572900000,5016.74,5019.87,5016.61,5019.64,291.150,1771573199999,1461028.91806,1137,197.998,993580.90401,0
1771573200000,5019.70,5019.95,5016.26,5019.01,301.910,1771573499999,1514879.93635,1250,131.820,661393.67451,0
1771573500000,5019.00,5019.01,5015.61,5016.45,193.082,1771573799999,968718.49815,787,75.343,377997.64616,0
1771573800000,5016.59,5017.78,5013.50,5014.82,343.753,1771574099999,1723973.39154,1073,149.880,751694.91412,0
1771574100000,5014.81,5014.81,5009.09,5010.01,668.042,1771574399999,3348091.75163,1866,323.449,1621103.53360,0
1771574400000,5010.01,5017.75,5010.00,5017.17,708.807,1771574699999,3554057.07182,1981,447.161,2241957.59361,0
1771574700000,5017.16,5018.65,5009.72,5010.19,690.612,1771574999999,3462245.00665,2024,279.017,1398588.72451,0
1771575000000,5010.18,5015.25,5008.40,5014.64,489.945,1771575299999,2455286.08611,1722,304.503,1525992.43223,0
1771575300000,5014.64,5016.41,5013.66,5016.09,268.238,1771575599999,1345133.56249,984,101.603,509517.62440,0
1771575600000,5015.90,5018.56,5014.51,5017.79,352.296,1771575899999,1767297.75405,1036,175.831,882088.09945,0
1771575900000,5017.79,5022.42,5017.69,5021.02,419.498,1771576199999,2106223.69746,1776,242.909,1219595.02336,0
1771576200000,5021.01,5024.79,5020.36,5023.23,422.438,1771576499999,2121840.92338,1549,193.856,973720.66681,0
1771576500000,5023.23,5029.10,5023.23,5027.39,585.411,1771576799999,2942589.13589,1710,379.902,1909437.32039,0
1771576800000,5027.38,5028.43,5024.10,5025.10,416.855,1771577099999,2094920.51262,1293,168.947,849053.15788,0
1771577100000,5025.09,5027.58,5025.09,5027.15,324.944,1771577399999,1633360.02252,1097,140.759,707531.84004,0
1771577400000,5027.15,5031.58,5026.81,5031.58,802.452,1771577699999,4036328.72261,1573,388.658,1954895.11451,0
1771577700000,5031.57,5033.49,5030.60,5031.32,787.420,1771577999999,3961975.65632,1759,384.304,1933710.62618,0
1771578000000,5031.16,5036.46,5030.70,5035.93,1062.461,1771578299999,5347254.33703,2585,616.782,3104403.26356,0
1771578300000,5035.84,5040.54,5034.75,5040.40,1358.178,1771578599999,6842647.15762,3074,721.206,3633705.50980,0
1771578600000,5040.53,5043.12,5036.86,5041.20,1277.518,1771578899999,6439076.10787,3135,531.693,2679993.76478,0
1771578900000,5041.24,5044.78,5038.45,5040.20,902.219,1771579199999,4548378.64862,2631,472.570,2382537.82366,0
1771579200000,5040.29,5044.10,5039.25,5040.00,1082.473,1771579499999,5457852.90180,2402,499.908,2520703.50579,0
1771579500000,5040.01,5040.01,5035.28,5035.71,670.410,1771579799999,3376792.15708,1903,221.872,1117528.42582,0
1771579800000,5035.78,5036.95,5032.20,5036.68,884.731,1771580099999,4454625.20227,2221,422.863,2129106.39165,0
1771580100000,5036.72,5036.80,5031.80,5032.99,398.938,1771580399999,2008228.76254,1567,180.203,907076.18817,0
1771580400000,5032.99,5035.09,5032.99,5034.44,576.751,1771580699999,2903445.21847,1210,291.463,1467300.08362,0
1771580700000,5034.45,5035.00,5033.25,5035.00,217.353,1771580999999,1094195.57523,821,115.294,580400.77838,0
1771581000000,5035.08,5036.52,5032.78,5033.09,485.145,1771581299999,2442563.88573,1458,180.941,911020.53840,0
1771581300000,5033.10,5033.10,5029.32,5029.32,566.389,1771581599999,2849540.45178,1456,288.432,1451219.84195,0
1771581600000,5029.33,5029.94,5026.20,5026.68,737.145,1771581899999,3706844.65771,1793,296.339,1490175.65001,0
1771581900000,5026.67,5026.79,5024.40,5025.92,1065.305,1771582199999,5354060.44798,1829,771.736,3878666.95853,0
1771582200000,5025.92,5027.32,5022.53,5026.65,1216.684,1771582499999,6114510.38244,1928,827.983,4161318.74559,0
1771582500000,5026.65,5032.28,5026.38,5031.16,571.898,1771582799999,2876307.49591,1533,362.844,1824934.85628,0
1771582800000,5031.15,5031.30,5027.71,5028.52,394.622,1771583099999,1984720.21202,1490,223.980,1126441.98718,0
1771583100000,5028.52,5028.74,5026.00,5028.56,405.605,1771583399999,2039104.93679,1282,191.349,961979.17858,0
1771583400000,5028.57,5035.34,5028.57,5034.93,389.433,1771583699999,1959682.40730,1616,256.567,1291110.24586,0
1771583700000,5034.93,5039.59,5034.76,5038.19,478.577,1771583999999,2410808.24696,1549,320.643,1615202.75240,0
1771584000000,5038.20,5038.61,5034.46,5035.77,305.393,1771584299999,1538018.86388,1115,115.884,583555.87197,0
1771584300000,5035.78,5035.78,5028.43,5031.45,576.631,1771584599999,2901008.77125,1733,264.808,1332031.14549,0
1771584600000,5031.46,5038.72,5031.25,5038.55,596.705,1771584899999,3005311.70238,1916,389.118,1959806.33436,0
1771584900000,5038.56,5039.83,5036.34,5037.23,618.913,1771585199999,3118353.37109,1399,363.546,1831658.11155,0
1771585200000,5037.45,5037.45,5035.21,5035.90,295.433,1771585499999,1487966.45849,849,80.360,404715.95408,0
1771585500000,5035.91,5037.23,5035.63,5036.91,189.457,1771585799999,954181.20185,750,101.685,512121.42260,0
1771585800000,5036.91,5038.00,5034.05,5034.78,171.860,1771586099999,865565.80858,726,85.507,430672.93479,0
1771586100000,5034.77,5035.16,5032.57,5033.97,275.416,1771586399999,1386397.25669,988,125.777,633127.89048,0
1771586400000,5033.89,5034.35,5030.68,5031.86,341.673,1771586699999,1719539.83199,1009,163.776,824282.79055,0
1771586700000,5031.86,5032.34,5029.17,5031.30,306.443,1771586999999,1541531.04260,1098,149.338,751228.09205,0
1771587000000,5031.30,5035.71,5030.01,5034.41,240.464,1771587299999,1210178.34183,1070,129.026,649379.59082,0
1771587300000,5034.41,5035.55,5029.66,5029.81,380.403,1771587599999,1914432.64933,1102,198.341,998108.70621,0
1771587600000,5029.80,5030.16,5026.30,5030.16,550.602,1771587899999,2768393.95529,1478,331.207,1665219.54923,0
1771587900000,5030.15,5031.02,5020.17,5025.26,1102.510,1771588199999,5539813.10368,2924,493.678,2480329.76590,0
1771588200000,5025.30,5025.75,5022.09,5023.59,515.048,1771588499999,2587503.41500,1767,266.972,1341211.45821,0
1771588500000,5023.59,5023.59,5019.30,5021.21,698.601,1771588799999,3507832.11400,1850,370.299,1859467.99328,0
1771588800000,5021.21,5024.96,5017.87,5023.50,952.344,1771589099999,4781383.99417,2578,509.312,2557048.74888,0
1771589100000,5023.51,5026.50,5021.56,5025.81,476.896,1771589399999,2396127.96950,1657,317.613,1595893.42775,0
1771589400000,5025.81,5026.24,5023.20,5025.46,449.940,1771589699999,2260733.86741,1208,270.976,1361510.24008,0
1771589700000,5025.45,5026.35,5020.73,5022.39,382.695,1771589999999,1922196.95257,1310,203.262,1020927.52182,0
1771590000000,5022.40,5022.45,5017.88,5019.00,388.671,1771590299999,1951225.30524,1301,203.700,1022632.79822,0
1771590300000,5019.00,5020.96,5015.48,5015.48,488.279,1771590599999,2450363.13989,1559,291.010,1460408.93101,0
1771590600000,5015.48,5024.97,5011.16,5023.64,1422.772,1771590899999,7138714.32347,3787,668.300,3353067.74894,0
1771590900000,5023.71,5026.70,5023.20,5025.15,439.458,1771591199999,2208473.41982,1384,271.492,1364405.72546,0
1771591200000,5025.25,5028.40,5022.44,5027.89,570.440,1771591499999,2866421.16645,1629,228.633,1148967.54838,0
1771591500000,5027.72,5027.92,5024.98,5025.84,301.886,1771591799999,1517315.30880,1048,125.106,628768.74662,0
1771591800000,5025.82,5026.03,5024.43,5025.41,154.942,1771592099999,778636.66416,731,98.522,495111.48551,0
1771592100000,5025.40,5029.24,5024.70,5028.15,358.767,1771592399999,1803569.67761,1120,217.177,1091759.76442,0
1771592400000,5028.15,5031.63,5026.58,5031.63,461.265,1771592699999,2319846.44792,1559,292.543,1471381.69803,0
1771592700000,5031.62,5032.38,5030.01,5030.65,686.583,1771592999999,3454181.26945,1680,321.532,1617650.71697,0
1771593000000,5030.65,5031.44,5029.28,5029.29,246.116,1771593299999,1238059.41246,995,138.637,697396.85378,0
1771593300000,5029.29,5034.39,5029.22,5033.80,491.256,1771593599999,2472272.12793,1543,336.143,1691584.96979,0
1771593600000,5033.81,5035.70,5031.45,5034.35,481.855,1771593899999,2425258.74600,1642,290.935,1464315.39852,0
1771593900000,5034.36,5035.59,5032.29,5033.26,492.960,1771594199999,2481597.58205,1305,272.986,1374239.39303,0
1771594200000,5033.27,5035.80,5021.94,5027.70,1909.179,1771594499999,9599916.47769,5463,778.844,3916691.35219,0
1771594500000,5027.82,5032.60,5024.76,5032.36,760.721,1771594799999,3825678.67122,2519,310.143,1559758.80241,0
1771594800000,5032.36,5035.08,5029.65,5034.00,693.070,1771595099999,3487346.23695,2564,340.135,1711549.35711,0
1771595100000,5033.96,5046.11,5033.96,5044.34,1541.378,1771595399999,7769213.91879,4372,922.635,4650416.02893,0
1771595400000,5044.42,5051.07,5043.49,5048.42,1745.686,1771595699999,8811837.23003,5205,962.979,4861296.21103,0
1771595700000,5048.42,5050.80,5045.56,5045.62,1072.423,1771595999999,5413597.88906,2878,436.749,2204710.51839,0
1771596000000,5045.70,5047.65,5042.67,5043.15,1063.099,1771596299999,5363710.03437,3151,491.813,2481432.96630,0
1771596300000,5043.15,5048.80,5039.88,5047.41,926.119,1771596599999,4671278.46934,3075,430.327,2170596.37666,0
1771596600000,5047.41,5049.45,5043.40,5045.53,662.517,1771596899999,3343189.46663,2115,372.896,1881727.33174,0
1771596900000,5045.53,5047.37,5044.36,5045.11,549.904,1771597199999,2774625.80982,1652,189.824,957848.83326,0
1771597200000,5045.24,5046.49,5044.19,5044.19,332.106,1771597499999,1675520.81044,1374,163.297,823833.50573,0
1771597500000,5044.19,5044.59,5041.51,5043.79,570.519,1771597799999,2877120.86636,1937,196.236,989586.39791,0
1771597800000,5043.83,5054.70,5040.53,5050.52,2379.023,1771598099999,12013624.03150,5730,1376.268,6949916.31791,0
1771598100000,5050.53,5055.50,5045.40,5050.64,2337.684,1771598399999,11807818.56986,5692,1264.840,6388929.27810,0
1771598400000,5050.65,5058.26,5048.59,5056.06,2053.080,1771598699999,10376857.95611,5150,1045.768,5285679.34936,0
1771598700000,5055.91,5064.23,5055.91,5061.30,2395.518,1771598999999,12126005.30529,5457,1374.378,6957004.99707,0
1771599000000,5061.30,5063.50,5057.92,5062.50,1174.370,1771599299999,5943454.89142,3294,634.704,3212228.05508,0
1771599300000,5062.50,5062.66,5053.00,5057.71,1087.132,1771599599999,5497012.52712,3022,540.240,2731807.25697,0
1771599600000,5057.71,5067.68,5022.00,5032.81,8797.540,1771599899999,44365832.27865,17905,4115.868,20749053.16636,0
1771599900000,5032.95,5034.85,4994.61,5026.79,9723.926,1771600199999,48760512.21325,21407,4571.127,22920528.74853,0
1771600200000,5026.48,5031.10,5012.77,5026.05,3301.506,1771600499999,16584799.90633,9551,1586.640,7969958.84407,0
1771600500000,5026.07,5047.35,5024.49,5038.95,3418.939,1771600799999,17217900.33720,8491,1664.757,8382835.36686,0
1771600800000,5038.94,5040.67,5027.34,5028.27,2286.859,1771601099999,11515682.26939,5883,1187.809,5981319.37386,0
1771601100000,5028.27,5029.72,5016.54,5029.01,2810.343,1771601399999,14117007.09626,6867,1432.833,7198284.29264,0
1771601400000,5029.01,5033.09,5021.66,5029.35,1532.427,1771601699999,7704324.85662,5233,815.425,4099510.36071,0
1771601700000,5029.21,5041.05,5023.56,5039.50,1415.767,1771601999999,7126119.41750,4876,668.610,3365491.16444,0
1771602000000,5039.49,5048.45,5031.21,5048.09,1909.489,1771602299999,9624820.65002,5036,833.303,4200225.62319,0
1771602300000,5048.17,5055.46,5047.50,5050.65,2021.669,1771602599999,10213499.53432,4844,790.878,3995562.44041,0
1771602600000,5050.45,5051.67,5040.46,5047.36,1780.179,1771602899999,8980139.45896,3909,779.517,3931972.02342,0
1771602900000,5047.35,5047.81,5042.25,5046.29,1246.947,1771603199999,6291220.36405,2887,603.192,3043141.31386,0
1771603200000,5046.29,5051.99,5043.55,5046.18,1187.117,1771603499999,5992087.34896,3375,462.627,2335172.57103,0
1771603500000,5046.41,5056.49,5043.17,5051.88,1566.048,1771603799999,7911678.31263,3595,750.306,3790203.45458,0
1771603800000,5051.89,5058.75,5051.25,5057.30,1175.365,1771604099999,5942493.30026,2982,577.538,2919932.41565,0
1771604100000,5057.31,5059.39,5052.00,5053.12,790.151,1771604399999,3994215.79920,3082,303.461,1533901.36331,0
1771604400000,5053.15,5054.96,5049.07,5054.25,1338.782,1771604699999,6762859.84513,3193,555.578,2806499.28245,0
1771604700000,5054.10,5056.90,5051.25,5056.23,996.348,1771604999999,5036328.50308,2921,467.983,2365590.30749,0
1771605000000,5056.22,5072.17,5055.50,5069.49,2701.135,1771605299999,13680535.04724,6057,1375.720,6967591.60496,0
1771605300000,5069.50,5070.55,5062.34,5066.62,1318.437,1771605599999,6680562.11637,3230,523.435,2652210.25512,0
1771605600000,5066.63,5067.15,5061.75,5065.20,945.919,1771605899999,4790979.83542,2380,247.323,1252652.53885,0
1771605900000,5065.20,5069.79,5065.20,5066.70,544.974,1771606199999,2761890.82360,1900,264.479,1340355.53257,0
1771606200000,5066.69,5068.77,5063.84,5066.24,748.582,1771606499999,3792825.06230,2144,340.138,1723199.42733,0
1771606500000,5066.25,5069.24,5062.75,5068.55,751.637,1771606799999,3807582.32204,2127,248.630,1259500.76358,0
1771606800000,5068.50,5071.52,5066.55,5068.84,825.776,1771607099999,4186106.68558,2621,377.558,1913995.77568,0
1771607100000,5068.99,5074.30,5068.36,5072.43,1263.319,1771607399999,6407461.51962,2958,634.273,3216968.66014,0
1771607400000,5072.50,5075.83,5067.16,5068.81,1319.602,1771607699999,6691708.85297,3080,731.901,3711469.59944,0
1771607700000,5068.82,5069.94,5064.00,5064.00,1025.049,1771607999999,5194545.07186,2630,578.915,2933942.11947,0
1771608000000,5064.00,5064.48,5057.40,5058.12,1229.944,1771608299999,6224182.27828,3348,673.103,3406299.21059,0
1771608300000,5058.12,5067.15,5057.51,5066.79,772.872,1771608599999,3912177.65909,2647,388.316,1965831.97009,0
1771608600000,5066.78,5069.42,5064.82,5066.85,488.213,1771608899999,2473711.73113,1954,240.463,1218429.30634,0
1771608900000,5066.99,5070.45,5065.62,5069.40,340.874,1771609199999,1727570.42047,1443,197.483,1000860.71070,0
1771609200000,5069.40,5072.56,5068.21,5070.61,870.183,1771609499999,4412583.84715,2227,378.839,1921063.48767,0
1771609500000,5070.61,5076.10,5069.76,5076.00,595.300,1771609799999,3019817.18130,1755,342.240,1736130.20661,0
1771609800000,5075.99,5079.00,5074.21,5077.64,838.864,1771610099999,4258882.84007,2333,405.938,2060959.55139,0
1771610100000,5077.64,5078.67,5075.50,5075.54,744.778,1771610399999,3781093.63012,1906,296.524,1505366.13985,0
1771610400000,5075.54,5075.90,5073.77,5074.13,508.753,1771610699999,2581861.96223,1457,186.957,948771.98470,0
1771610700000,5074.01,5074.96,5069.70,5072.84,483.545,1771610999999,2452550.65266,1819,227.883,1155838.48481,0
1771611000000,5072.85,5074.30,5071.29,5072.03,394.188,1771611299999,1999745.52897,1329,200.615,1017692.09073,0
1771611300000,5072.03,5072.29,5067.52,5069.39,748.018,1771611599999,3792396.89063,1808,354.232,1795833.84081,0
1771611600000,5069.39,5072.13,5067.75,5072.13,769.684,1771611899999,3902048.45196,1821,403.059,2043311.34442,0
1771611900000,5072.13,5072.99,5058.70,5061.69,2198.726,1771612199999,11135173.70158,3958,896.359,4539756.74425,0
1771612200000,5061.68,5074.05,5060.62,5068.99,2230.440,1771612499999,11305394.53613,3906,1039.011,5266128.65733,0
1771612500000,5068.98,5077.20,5064.88,5073.60,3182.682,1771612799999,16140701.91614,5588,1616.083,8195348.81169,0
1771612800000,5073.59,5075.20,5068.48,5070.44,715.176,1771613099999,3627540.68116,2131,317.554,1610681.29658,0
1771613100000,5070.38,5076.30,5070.14,5075.21,720.359,1771613399999,3655189.32834,1918,381.693,1936647.20472,0
1771613400000,5075.21,5075.40,5071.20,5074.24,934.557,1771613699999,4740905.60626,2111,462.912,2348275.67062,0
1771613700000,5074.25,5074.94,5071.51,5073.74,328.402,1771613999999,1666157.77246,1268,133.577,677706.71945,0
1771614000000,5073.74,5077.39,5073.46,5075.06,434.320,1771614299999,2204301.92821,1472,218.297,1107902.48641,0
1771614300000,5075.06,5075.22,5072.85,5074.34,311.937,1771614599999,1582784.15103,1021,154.816,785542.79139,0
1771614600000,5074.34,5075.25,5071.79,5074.25,374.587,1771614899999,1900302.84771,1150,187.491,951098.13305,0
1771614900000,5074.24,5077.99,5071.81,5077.08,543.305,1771615199999,2757237.69218,1497,291.367,1478659.61498,0
1771615200000,5077.08,5077.09,5074.91,5076.54,265.283,1771615499999,1346631.70810,805,163.190,828387.42041,0
1771615500000,5076.54,5077.00,5073.00,5073.00,269.051,1771615799999,1365511.83454,955,105.498,535450.77527,0
1771615800000,5073.00,5075.76,5073.00,5074.28,463.454,1771616099999,2351591.90335,1344,241.243,1224073.58598,0
1771616100000,5074.28,5075.09,5073.60,5075.06,206.399,1771616399999,1047348.90481,871,77.989,395749.19444,0
1771616400000,5075.01,5076.43,5074.36,5076.30,344.697,1771616699999,1749480.58681,887,155.072,787053.88036,0
1771616700000,5076.22,5077.74,5075.01,5075.09,265.442,1771616999999,1347552.24415,778,117.876,598400.34728,0
1771617000000,5075.08,5078.56,5074.95,5078.55,512.747,1771617299999,2603309.19009,1225,366.219,1859374.83716,0
1771617300000,5078.55,5081.94,5077.55,5081.70,908.933,1771617599999,4617678.46312,1905,519.129,2637272.95494,0
1771617600000,5081.69,5082.30,5080.00,5081.36,470.251,1771617899999,2389461.75139,1314,297.865,1513565.51292,0
1771617900000,5081.35,5084.32,5080.09,5083.59,427.180,1771618199999,2170818.64391,1168,287.182,1459421.94107,0
1771618200000,5083.60,5084.17,5080.51,5082.87,388.000,1771618499999,1971873.69612,1036,167.328,850426.06440,0
1771618500000,5082.87,5087.44,5081.80,5085.46,533.919,1771618799999,2714808.93072,1462,324.157,1648206.54700,0
1771618800000,5085.47,5088.80,5085.46,5088.32,683.383,1771619099999,3477023.55317,1439,348.266,1771910.08036,0
1771619100000,5088.32,5088.39,5086.95,5087.81,150.973,1771619399999,768111.05471,762,60.615,308389.39539,0
1771619400000,5087.81,5090.79,5085.87,5087.55,453.224,1771619699999,2306524.77353,1629,244.965,1246738.26352,0
1771619700000,5087.63,5089.78,5087.25,5088.68,290.264,1771619999999,1476946.81236,1143,125.082,636460.19924,0
1771620000000,5088.68,5089.80,5086.34,5087.69,341.267,1771620299999,1736358.14530,1170,143.112,728164.43407,0
1771620300000,5087.69,5089.56,5086.74,5087.35,453.041,1771620599999,2305140.73747,1140,292.779,1489664.33500,0
1771620600000,5087.34,5091.45,5086.80,5091.06,246.425,1771620899999,1254116.86123,962,126.850,645600.02314,0
1771620900000,5091.05,5101.74,5090.54,5100.35,1619.176,1771621199999,8253783.77117,3494,1083.498,5522995.94522,0
1771621200000,5100.32,5103.07,5096.00,5099.06,739.276,1771621499999,3769931.58168,1739,403.452,2057597.13969,0
1771621500000,5099.01,5099.39,5095.35,5097.16,348.755,1771621799999,1777788.99272,886,152.915,779403.30379,0
1771621800000,5097.16,5098.07,5096.11,5096.15,221.674,1771622099999,1129871.56037,749,89.385,455586.76444,0
1771622100000,5096.15,5097.89,5095.17,5096.70,231.405,1771622399999,1179306.41116,759,165.385,842843.23046,0
1771622400000,5096.70,5098.95,5096.26,5098.07,232.585,1771622699999,1185684.23960,880,134.238,684300.01231,0
1771622700000,5098.08,5101.05,5096.46,5100.79,426.823,1771622999999,2176158.14412,994,315.368,1607911.35415,0
1771623000000,5100.79,5103.30,5100.79,5101.70,360.047,1771623299999,1836948.65450,1466,208.058,1061491.14225,0
1771623300000,5101.71,5103.45,5101.54,5103.20,327.478,1771623599999,1670946.99178,835,210.753,1075351.49030,0
1771623600000,5103.19,5103.77,5101.65,5103.24,341.127,1771623899999,1740594.65456,741,181.668,926934.00355,0
1771623900000,5103.23,5109.79,5103.02,5109.31,869.248,1771624199999,4437922.24393,1870,539.007,2751917.48556,0
1771624200000,5109.31,5110.94,5106.81,5107.72,549.458,1771624499999,2807119.71208,1399,297.108,1517890.06646,0
1771624500000,5107.72,5110.98,5107.46,5110.12,847.491,1771624799999,4330171.39700,1882,349.019,1783199.67008,0
1771624800000,5110.19,5110.59,5108.01,5109.16,256.775,1771625099999,1311923.65351,736,108.345,553556.08221,0
1771625100000,5109.16,5109.17,5106.34,5107.59,278.299,1771625399999,1421432.79623,792,92.344,471651.69447,0
1771625400000,5107.58,5108.55,5106.78,5107.41,280.329,1771625699999,1431842.08566,600,97.939,500249.91781,0
1771625700000,5107.42,5109.50,5107.24,5107.29,178.417,1771625999999,911403.90342,524,53.840,275031.81345,0
1771626000000,5107.29,5108.82,5107.29,5108.63,150.351,1771626299999,768022.92131,426,104.993,536309.03586,0
1771626300000,5108.63,5108.70,5107.60,5108.69,77.623,1771626599999,396536.08606,329,24.604,125686.87396,0
1771626600000,5108.70,5108.70,5105.56,5106.50,192.752,1771626899999,984436.19368,520,28.231,144171.83388,0
1771626900000,5106.51,5107.65,5105.70,5106.00,122.864,1771627199999,627410.13988,474,25.888,132211.84367,0
1771627200000,5106.00,5106.01,5104.56,5104.57,143.686,1771627499999,733528.10816,656,33.025,168596.71074,0
1771627500000,5104.57,5104.57,5102.74,5102.90,233.384,1771627799999,1190986.35598,854,94.009,479738.42869,0
1771627800000,5102.90,5102.90,5101.48,5101.48,181.243,1771628099999,924766.70554,852,56.331,287425.83013,0
1771628100000,5101.47,5104.60,5101.47,5103.80,164.957,1771628399999,841808.40561,704,111.209,567481.08531,0
1771628400000,5103.80,5105.30,5103.79,5105.19,125.547,1771628699999,640895.89898,571,76.037,388152.91507,0
1771628700000,5105.19,5105.55,5103.90,5104.26,183.916,1771628999999,938820.27526,637,99.908,509995.17180,0
1771629000000,5104.26,5104.82,5103.84,5103.91,154.049,1771629299999,786316.93287,487,105.008,535995.16790,0
1771629300000,5103.92,5104.10,5103.25,5103.41,224.350,1771629599999,1145054.39693,736,88.348,450915.55841,0
1771629600000,5103.42,5104.19,5103.41,5104.19,145.829,1771629899999,744291.70916,445,117.247,598414.59059,0
1771629900000,5104.19,5104.38,5103.83,5104.29,149.843,1771630199999,764805.69189,419,79.123,403849.38904,0
1771630200000,5104.29,5104.46,5103.90,5104.07,254.790,1771630499999,1300483.05356,646,89.498,456807.25546,0
1771630500000,5104.08,5105.21,5103.47,5105.21,221.484,1771630799999,1130525.45369,575,127.099,648780.18682,0
1771630800000,5105.20,5105.51,5105.20,5105.21,217.212,1771631099999,1108914.88197,265,163.273,833544.34779,0
1771631100000,5105.21,5105.55,5105.11,5105.55,204.622,1771631399999,1044655.86108,496,166.149,848238.86269,0
1771631400000,5105.54,5106.17,5105.54,5106.14,152.979,1771631699999,781077.30409,272,117.929,602112.60847,0
1771631700000,5106.13,5106.95,5106.13,5106.95,112.405,1771631999999,574001.71649,765,85.454,436370.74361,0
1771632000000,5106.95,5108.21,5106.94,5107.66,226.337,1771632299999,1156010.54366,785,171.989,878430.09515,0
1771632300000,5107.66,5108.87,5107.65,5108.81,162.141,1771632599999,828293.19547,513,130.433,666314.25777,0
1771632600000,5108.80,5109.39,5108.40,5109.08,119.847,1771632899999,612287.09611,378,64.228,328133.59385,0
1771632900000,5109.08,5109.50,5108.67,5109.48,150.588,1771633199999,769349.56196,270,98.693,504210.53986,0
1771633200000,5109.48,5109.57,5109.47,5109.56,125.530,1771633499999,641398.20558,329,103.356,528099.27368,0
1771633500000,5109.57,5109.87,5109.56,5109.77,91.755,1771633799999,468842.43688,454,54.964,280850.62725,0
1771633800000,5109.76,5110.00,5109.76,5109.98,208.631,1771634099999,1066084.89269,391,175.536,896974.45470,0
1771634100000,5109.99,5110.91,5109.98,5110.84,160.656,1771634399999,821022.13768,470,133.954,684562.79380,0
1771634400000,5110.92,5111.57,5110.17,5110.44,348.892,1771634699999,1783124.48977,781,255.887,1307808.19978,0
1771634700000,5110.44,5110.44,5109.87,5109.88,142.634,1771634999999,728877.48167,395,63.841,326232.25168,0
1771635000000,5109.88,5110.17,5109.87,5110.17,116.100,1771635299999,593276.75166,307,73.361,374878.52904,0
1771635300000,5110.16,5111.36,5110.03,5111.27,298.924,1771635599999,1527690.34710,541,221.683,1132941.04970,0
1771635600000,5111.27,5112.66,5111.01,5112.57,217.851,1771635899999,1113648.65422,759,168.996,863905.02981,0
1771635900000,5112.57,5113.97,5112.56,5113.96,229.983,1771636199999,1175920.22164,598,173.937,889350.67262,0
1771636200000,5113.97,5115.00,5113.90,5115.00,337.814,1771636499999,1727754.74309,855,243.920,1247535.07932,0
1771636500000,5115.00,5115.00,5113.98,5114.99,174.801,1771636799999,894060.67115,494,93.481,478136.11157,0
1771636800000,5115.00,5116.68,5115.00,5115.43,329.406,1771637099999,1685140.15950,738,277.774,1421000.35375,0
1771637100000,5115.44,5116.55,5111.60,5111.89,560.357,1771637399999,2865895.65868,1316,214.803,1098579.65886,0
1771637400000,5111.89,5113.30,5111.60,5113.21,420.443,1771637699999,2149391.68096,844,328.909,1681434.05114,0
1771637700000,5113.21,5114.45,5113.20,5114.44,121.227,1771637999999,619923.67786,390,109.876,561877.10832,0
1771638000000,5114.33,5114.87,5113.23,5113.23,208.732,1771638299999,1067541.53828,592,103.724,530501.03431,0
1771638300000,5113.24,5114.00,5113.04,5113.99,213.917,1771638599999,1093855.40463,624,151.539,774891.68675,0
1771638600000,5113.99,5114.17,5113.20,5113.22,132.662,1771638899999,678379.07132,532,73.212,374371.23756,0
1771638900000,5113.23,5113.35,5112.50,5112.50,96.145,1771639199999,491602.28860,515,54.962,281032.93438,0
1771639200000,5112.50,5113.33,5112.17,5113.31,243.752,1771639499999,1246241.76810,964,144.938,741041.47381,0
1771639500000,5113.32,5113.32,5112.15,5112.32,108.580,1771639799999,555119.19367,514,50.215,256723.27757,0
1771639800000,5112.32,5114.77,5112.32,5114.77,196.899,1771640099999,1006847.18620,584,181.103,926071.66705,0
1771640100000,5114.77,5114.80,5112.91,5113.65,256.718,1771640399999,1312907.44905,549,62.800,321155.08274,0
1771640400000,5113.64,5114.67,5112.51,5112.52,223.341,1771640699999,1142114.08671,602,132.526,677724.42292,0
1771640700000,5112.52,5112.91,5112.51,5112.91,170.539,1771640999999,871909.16651,373,147.792,755610.91608,0
1771641000000,5112.91,5112.99,5112.51,5112.51,114.860,1771641299999,587258.52890,434,42.960,219646.94463,0
1771641300000,5112.52,5112.52,5112.10,5112.20,256.513,1771641599999,1311375.89576,622,106.184,542851.44154,0
1771641600000,5112.20,5112.52,5112.00,5112.52,269.764,1771641899999,1379064.36911,511,159.736,816595.90294,0
1771641900000,5112.51,5112.90,5112.51,5112.61,248.590,1771642199999,1270976.77669,379,115.301,589498.37402,0
1771642200000,5112.60,5112.60,5111.50,5112.49,582.038,1771642499999,2975379.35868,755,281.830,1440736.71535,0
1771642500000,5112.49,5112.50,5112.18,5112.19,105.131,1771642799999,537475.33417,306,37.257,190473.53888,0
1771642800000,5112.18,5112.18,5111.60,5111.83,98.162,1771643099999,501788.73345,402,40.786,208491.66874,0
1771643100000,5111.82,5111.82,5111.51,5111.51,154.196,1771643399999,788193.20325,433,72.058,368336.81805,0
1771643400000,5111.51,5111.54,5111.51,5111.54,65.420,1771643699999,334395.67661,279,38.160,195055.81701,0
1771643700000,5111.54,5111.54,5110.60,5111.09,271.021,1771643999999,1385197.73309,839,76.109,388981.28623,0
1771644000000,5111.10,5111.39,5108.57,5109.55,349.475,1771644299999,1785757.08718,1116,116.599,595817.46676,0
1771644300000,5109.56,5109.56,5108.41,5108.85,326.143,1771644599999,1666211.76410,807,129.500,661599.23880,0
1771644600000,5108.89,5110.00,5108.71,5109.10,296.979,1771644899999,1517366.10757,740,180.608,922775.42611,0
1771644900000,5109.11,5109.85,5109.11,5109.14,130.692,1771645199999,667766.76397,435,87.619,447686.11972,0
1771645200000,5109.30,5109.71,5109.13,5109.41,267.561,1771645499999,1367079.88915,568,197.282,1007995.82007,0
1771645500000,5109.41,5110.20,5109.41,5110.19,181.877,1771645799999,929340.67200,456,162.986,832813.36894,0
1771645800000,5110.20,5110.59,5109.85,5109.86,130.816,1771646099999,668501.44469,431,62.341,318573.93145,0
1771646100000,5109.86,5110.88,5109.50,5110.21,147.626,1771646399999,754406.02868,488,71.633,366055.92936,0
1771646400000,5110.21,5111.40,5110.21,5111.39,116.446,1771646699999,595151.16256,323,92.584,473188.93859,0
1771646700000,5111.39,5111.80,5111.39,5111.75,167.380,1771646999999,855576.78369,286,132.931,679488.09570,0
1771647000000,5111.79,5111.79,5111.20,5111.20,103.878,1771647299999,530975.11298,250,41.224,210717.62764,0
1771647300000,5111.20,5111.68,5110.90,5111.62,144.608,1771647599999,739121.11249,489,65.740,336005.02710,0
1771647600000,5111.66,5112.10,5111.62,5112.10,88.624,1771647899999,453035.07838,312,78.649,402043.14658,0
1771647900000,5112.09,5112.10,5111.80,5112.00,86.027,1771648199999,439762.93601,372,45.811,234180.23418,0
1771648200000,5112.00,5112.39,5111.99,5112.03,74.878,1771648499999,382787.86338,320,52.535,268565.22415,0
1771648500000,5112.03,5112.03,5111.30,5111.30,202.633,1771648799999,1035799.28974,378,33.467,171075.09100,0
1771648800000,5111.31,5112.00,5111.02,5111.99,257.404,1771649099999,1315705.53493,728,82.792,423197.66759,0
1771649100000,5112.00,5112.00,5111.10,5111.10,115.543,1771649399999,590608.61544,411,27.759,141897.02033,0
1771649400000,5111.10,5111.62,5110.71,5111.31,141.049,1771649699999,720925.65297,443,77.411,395661.57363,0
1771649700000,5111.32,5111.32,5110.20,5110.21,178.706,1771649999999,913344.22237,587,29.816,152382.52048,0
1771650000000,5110.21,5111.70,5110.20,5111.69,73.023,1771650299999,373216.76643,392,60.464,309029.72897,0
1771650300000,5111.70,5112.08,5111.70,5111.91,45.544,1771650599999,232819.62278,261,26.439,135154.89686,0
1771650600000,5111.90,5111.91,5111.70,5111.70,33.504,1771650899999,171268.07635,189,17.168,87760.74060,0
1771650900000,5111.70,5111.71,5111.28,5111.35,78.021,1771651199999,398807.76676,214,12.276,62747.76593,0
1771651200000,5111.35,5111.66,5111.24,5111.32,34.454,1771651499999,176108.90202,321,19.316,98731.82055,0
1771651500000,5111.33,5111.59,5111.32,5111.38,31.935,1771651799999,163230.67861,164,27.894,142575.55883,0
1771651800000,5111.38,5111.66,5111.37,5111.66,37.789,1771652099999,193158.89060,199,30.546,156136.82715,0
1771652100000,5111.66,5111.66,5111.24,5111.24,103.051,1771652399999,526737.33802,357,21.363,109195.02687,0
1771652400000,5111.25,5111.64,5110.84,5111.20,96.065,1771652699999,491022.61754,517,41.912,214229.86433,0
1771652700000,5111.20,5111.57,5111.00,5111.00,94.340,1771652999999,482191.20124,523,59.825,305776.01680,0
1771653000000,5111.01,5111.01,5110.35,5110.46,85.751,1771653299999,438243.59370,360,10.966,56041.42931,0
1771653300000,5110.46,5110.70,5110.45,5110.70,26.121,1771653599999,133492.94517,202,21.338,109048.92674,0
1771653600000,5110.70,5110.90,5110.70,5110.90,31.966,1771653899999,163373.94720,230,17.363,88739.72223,0
1771653900000,5110.90,5110.90,5110.89,5110.90,15.867,1771654199999,81094.57946,166,8.783,44889.03470,0
1771654200000,5110.89,5110.90,5110.39,5110.49,66.677,1771654499999,340756.42263,396,16.068,82114.81162,0
1771654500000,5110.49,5110.70,5110.48,5110.69,44.532,1771654799999,227582.66278,253,24.542,125422.80657,0
1771654800000,5110.70,5110.85,5110.47,5110.84,57.565,1771655099999,294196.57331,293,26.484,135350.88966,0
1771655100000,5110.85,5110.85,5110.84,5110.85,19.556,1771655399999,99947.65898,143,7.194,36767.45490,0
1771655400000,5110.84,5110.85,5110.35,5110.36,35.683,1771655699999,182362.23723,249,5.729,29279.49223,0
1771655700000,5110.36,5110.80,5110.35,5110.72,73.946,1771655999999,377910.74619,324,47.010,240249.70553,0
1771656000000,5110.72,5110.80,5110.72,5110.80,18.355,1771656299999,93808.42147,202,12.277,62745.03985,0
1771656300000,5110.80,5110.80,5110.00,5110.54,219.580,1771656599999,1122124.00079,428,41.958,214417.90673,0
1771656600000,5110.53,5110.81,5110.53,5110.80,51.211,1771656899999,261721.34832,225,45.157,230781.28260,0
1771656900000,5110.80,5110.81,5110.80,5110.81,22.329,1771657199999,114119.19954,119,14.634,74791.59354,0
1771657200000,5110.81,5110.81,5110.68,5110.69,56.052,1771657499999,286469.33848,289,13.651,69767.50651,0
1771657500000,5110.69,5110.80,5110.68,5110.79,49.267,1771657799999,251790.87658,225,30.392,155325.05246,0
1771657800000,5110.80,5111.20,5110.79,5111.17,77.132,1771658099999,394216.03750,244,71.219,363995.47743,0
1771658100000,5111.17,5111.50,5111.16,5111.50,23.021,1771658399999,117669.66238,169,17.712,90532.76791,0
1771658400000,5111.50,5111.50,5111.49,5111.50,17.795,1771658699999,90959.11737,119,15.282,78113.94300,0
1771658700000,5111.50,5112.58,5111.49,5112.49,287.807,1771658999999,1471311.90122,373,223.307,1141566.75834,0
1771659000000,5112.49,5112.79,5111.94,5111.95,234.352,1771659299999,1198123.72293,709,132.580,677812.48442,0
1771659300000,5112.47,5112.47,5111.94,5112.19,76.627,1771659599999,391724.62244,283,64.289,328648.77350,0
1771659600000,5112.18,5112.60,5112.01,5112.60,122.864,1771659899999,628112.27260,290,57.372,293303.93480,0
1771659900000,5112.60,5112.60,5112.59,5112.59,35.477,1771660199999,181379.60865,171,25.322,129461.25720,0
1771660200000,5112.59,5112.60,5112.21,5112.22,86.636,1771660499999,442923.21505,300,12.966,66285.83269,0
1771660500000,5112.22,5112.40,5112.21,5112.40,39.566,1771660799999,202272.82734,199,28.849,147484.30923,0
1771660800000,5112.39,5112.40,5112.21,5112.21,25.455,1771661099999,130132.93765,148,9.215,47109.15608,0
1771661100000,5112.22,5112.22,5112.21,5112.21,55.993,1771661399999,286248.14537,191,17.084,87337.16648,0
1771661400000,5112.22,5112.22,5112.21,5112.21,48.317,1771661699999,247006.81920,178,16.863,86207.36586,0
1771661700000,5112.22,5112.48,5112.21,5112.23,58.341,1771661999999,298256.38306,179,44.593,227971.25557,0
1771662000000,5112.23,5112.58,5112.22,5112.31,59.255,1771662299999,302937.18008,162,17.860,91307.42840,0
1771662300000,5112.31,5112.38,5112.30,5112.30,34.329,1771662599999,175501.50385,136,14.434,73791.22732,0
1771662600000,5112.30,5112.31,5112.30,5112.31,51.213,1771662899999,261816.56235,155,34.245,175071.05595,0
1771662900000,5112.30,5112.31,5112.30,5112.30,25.889,1771663199999,132352.47492,92,14.022,71684.81082,0
1771663200000,5112.31,5112.70,5112.30,5112.70,80.306,1771663499999,410557.06554,248,77.450,395956.23322,0
1771663500000,5112.69,5113.00,5112.69,5113.00,126.928,1771663799999,648977.89278,304,124.853,638368.49952,0
1771663800000,5112.99,5113.40,5112.99,5113.31,77.470,1771664099999,396116.98743,240,65.940,337160.03392,0
1771664100000,5113.31,5113.75,5113.20,5113.41,126.600,1771664399999,647367.60034,353,69.738,356599.64669,0
1771664400000,5113.41,5113.57,5112.95,5112.95,124.791,1771664699999,638100.58560,311,38.293,195811.44473,0
1771664700000,5112.95,5112.96,5112.95,5112.95,53.931,1771664999999,275746.58291,123,7.646,39093.69216,0
1771665000000,5112.95,5112.96,5112.95,5112.96,17.956,1771665299999,91808.29341,185,16.321,83448.62016,0
1771665300000,5112.95,5112.96,5112.50,5112.51,95.438,1771665599999,487956.99824,238,28.914,147830.24696,0
1771665600000,5112.50,5112.96,5112.50,5112.57,85.494,1771665899999,437105.30610,271,56.542,289079.75891,0
1771665900000,5112.57,5112.57,5112.34,5112.52,61.848,1771666199999,316200.62273,247,13.570,69377.54578,0
1771666200000,5112.53,5112.80,5112.52,5112.79,80.171,1771666499999,409880.01078,245,57.934,296192.50848,0
1771666500000,5112.80,5112.96,5112.79,5112.80,127.440,1771666799999,651582.47550,245,81.011,414197.65581,0
1771666800000,5112.81,5112.81,5112.70,5112.77,61.508,1771667099999,314477.62409,206,41.099,210130.84756,0
1771667100000,5112.76,5112.81,5112.76,5112.81,139.676,1771667399999,714133.57855,254,103.290,528100.58340,0
1771667400000,5112.80,5112.81,5112.78,5112.79,61.460,1771667699999,314232.34559,160,30.431,155587.69277,0
1771667700000,5112.78,5112.79,5112.78,5112.78,52.829,1771667999999,270103.40666,153,35.204,179990.65916,0
1771668000000,5112.79,5112.79,5112.50,5112.51,99.822,1771668299999,510351.71470,418,66.039,337630.16339,0
1771668300000,5112.51,5112.51,5112.22,5112.22,92.315,1771668599999,471947.99771,278,29.652,151592.39108,0
1771668600000,5112.23,5112.23,5112.20,5112.20,74.323,1771668899999,379954.71460,324,32.135,164281.05219,0
1771668900000,5112.21,5112.22,5111.80,5112.16,145.054,1771669199999,741517.31657,747,67.461,344860.46125,0
1771669200000,5112.15,5112.40,5111.91,5112.17,140.070,1771669499999,716064.22799,281,117.727,601842.24050,0
1771669500000,5112.17,5112.40,5111.90,5112.28,230.569,1771669799999,1178707.22312,384,136.280,696694.26421,0
1771669800000,5112.29,5112.36,5112.19,5112.21,130.194,1771670099999,665591.69345,453,84.688,432950.59941,0
1771670100000,5112.20,5112.40,5112.20,5112.39,54.632,1771670399999,279294.23929,201,46.252,236453.38006,0
1771670400000,5112.39,5112.39,5112.37,5112.37,41.171,1771670699999,210481.69692,112,30.845,157691.36110,0
1771670700000,5112.38,5112.40,5112.37,5112.40,58.608,1771670999999,299626.46671,137,42.870,219167.89195,0
1771671000000,5112.39,5112.40,5112.38,5112.40,76.873,1771671299999,393004.98196,172,55.006,281212.37015,0
1771671300000,5112.39,5112.45,5112.39,5112.45,33.991,1771671599999,173776.50725,122,27.435,140259.50620,0
1771671600000,5112.44,5112.45,5112.44,5112.45,43.673,1771671899999,223275.92491,109,33.279,170137.22355,0
1771671900000,5112.44,5112.51,5112.10,5112.20,171.943,1771672199999,879037.34186,392,110.650,565689.19678,0
1771672200000,5112.20,5112.21,5112.20,5112.20,59.109,1771672499999,302177.51269,113,48.289,246863.50869,0
1771672500000,5112.20,5112.50,5112.20,5112.30,57.937,1771672799999,296191.45054,150,49.506,253089.06581,0
1771672800000,5112.31,5112.51,5112.30,5112.51,178.228,1771673099999,911190.09227,152,170.425,871297.38497,0
1771673100000,5112.51,5113.10,5112.49,5112.70,229.244,1771673399999,1172042.71462,715,161.273,824531.67968,0
1771673400000,5112.70,5112.90,5112.70,5112.90,101.167,1771673699999,517246.64254,376,83.840,428657.28175,0
1771673700000,5112.90,5113.35,5112.89,5113.35,119.412,1771673999999,610582.68344,330,96.394,492885.95247,0
1771674000000,5113.35,5113.35,5113.02,5113.10,140.951,1771674299999,720714.57679,310,47.638,243583.11088,0
1771674300000,5113.02,5113.03,5112.78,5112.79,198.626,1771674599999,1015545.84240,290,38.617,197443.50911,0
1771674600000,5112.78,5112.79,5112.49,5112.49,118.471,1771674899999,605694.57046,296,27.144,138777.63191,0
1771674900000,5112.49,5112.62,5112.49,5112.62,100.521,1771675199999,513918.12897,168,72.825,372319.55349,0
1771675200000,5112.62,5113.21,5112.62,5113.20,150.530,1771675499999,769662.61995,233,131.537,672550.16692,0
1771675500000,5113.21,5113.21,5113.01,5113.02,73.472,1771675799999,375670.17820,184,48.938,250224.27002,0
1771675800000,5113.01,5113.39,5112.90,5113.39,103.462,1771676099999,529022.70324,215,64.235,328444.84086,0
1771676100000,5113.39,5113.39,5113.38,5113.38,52.054,1771676399999,266172.36405,101,48.153,246225.06867,0
1771676400000,5113.39,5113.50,5113.38,5113.49,60.518,1771676699999,309453.86944,169,52.394,267912.40677,0
1771676700000,5113.50,5113.70,5113.49,5113.69,64.885,1771676999999,331791.63758,107,63.900,326754.84193,0
1771677000000,5113.69,5113.80,5113.49,5113.80,170.944,1771677299999,874143.20324,284,132.179,675915.15038,0
1771677300000,5113.79,5113.90,5113.61,5113.62,111.938,1771677599999,572429.13387,236,68.912,352402.54946,0
1771677600000,5113.61,5113.80,5113.61,5113.79,86.370,1771677899999,441670.68534,207,68.218,348846.43790,0
1771677900000,5113.80,5113.80,5113.40,5113.61,77.355,1771678199999,395557.12733,197,40.293,206039.29771,0
1771678200000,5113.61,5114.19,5113.60,5114.19,112.068,1771678499999,573106.80453,386,104.407,533927.72409,0
1771678500000,5114.19,5114.19,5113.54,5113.59,102.464,1771678799999,524000.43016,291,63.862,326590.96042,0
1771678800000,5113.59,5113.90,5113.58,5113.89,73.122,1771679099999,373929.08186,302,40.388,206533.36305,0
1771679100000,5113.89,5113.89,5113.70,5113.70,45.415,1771679399999,232239.18677,132,35.733,182728.19943,0
1771679400000,5113.70,5114.18,5113.70,5114.00,85.477,1771679699999,437122.38441,312,66.451,339824.84768,0
1771679700000,5113.99,5114.10,5113.80,5114.09,62.948,1771679999999,321915.02770,208,43.615,223046.11699,0
1771680000000,5114.10,5114.25,5114.07,5114.18,96.121,1771680299999,491578.45868,239,77.259,395114.72041,0
1771680300000,5114.11,5114.18,5114.10,5114.11,41.493,1771680599999,212199.78166,204,38.444,196606.84484,0
1771680600000,5114.11,5114.50,5114.10,5114.50,98.340,1771680899999,502932.00844,241,90.179,461195.78042,0
1771680900000,5114.49,5114.76,5114.49,5114.75,116.147,1771681199999,594036.82463,201,102.160,522499.57056,0
1771681200000,5114.75,5114.90,5114.70,5114.70,155.153,1771681499999,793584.23784,376,75.255,384916.11680,0
1771681500000,5114.71,5115.20,5114.70,5115.00,214.439,1771681799999,1096857.15811,534,164.905,843487.53289,0
1771681800000,5114.99,5115.70,5114.99,5115.70,507.379,1771682099999,2595362.38242,1064,398.479,2038316.28005,0
1771682100000,5115.69,5115.70,5115.40,5115.42,292.702,1771682399999,1497344.78832,669,176.332,902043.65620,0
1771682400000,5115.41,5115.42,5115.04,5115.40,108.411,1771682699999,554553.44525,301,69.562,355828.76955,0
1771682700000,5115.40,5115.42,5115.00,5115.01,191.640,1771682999999,980292.81073,448,127.717,653309.34572,0
1771683000000,5115.01,5115.30,5115.00,5115.01,161.871,1771683299999,827999.39885,411,87.426,447201.83503,0
1771683300000,5115.01,5115.30,5115.00,5115.29,133.608,1771683599999,683426.32202,277,107.659,550696.18438,0
1771683600000,5115.30,5116.30,5115.29,5116.30,519.295,1771683899999,2656567.53869,822,452.650,2315619.84626,0
1771683900000,5116.30,5117.60,5116.29,5117.60,231.909,1771684199999,1186661.59624,705,180.449,923343.16906,0
1771684200000,5117.60,5119.00,5117.59,5118.99,370.057,1771684499999,1894064.65680,916,282.605,1446448.76215,0
1771684500000,5118.99,5119.00,5118.30,5118.40,312.588,1771684799999,1600041.09095,833,101.276,518395.17350,0
1771684800000,5118.40,5119.00,5118.39,5119.00,227.172,1771685099999,1162884.35664,385,179.004,916313.07112,0
1771685100000,5119.00,5119.00,5117.15,5118.17,335.630,1771685399999,1717766.68878,1021,116.833,597978.38958,0
1771685400000,5118.16,5118.22,5117.57,5118.22,182.001,1771685699999,931483.10009,457,80.497,411989.96891,0
1771685700000,5118.22,5118.66,5117.68,5118.04,136.631,1771685999999,699287.59674,428,69.538,355895.79981,0
1771686000000,5117.69,5117.69,5117.24,5117.59,131.203,1771686299999,671441.86953,351,59.199,302955.29432,0
1771686300000,5117.60,5117.63,5117.10,5117.10,110.090,1771686599999,563354.32213,339,34.406,176063.76423,0
1771686600000,5117.11,5117.90,5117.00,5117.50,252.873,1771686899999,1294016.07565,786,148.325,759024.72560,0
1771686900000,5117.49,5117.90,5117.20,5117.89,178.532,1771687199999,913633.68533,517,145.440,744286.31098,0
1771687200000,5117.89,5118.90,5117.85,5118.89,106.471,1771687499999,544976.91402,299,87.110,445881.97465,0
1771687500000,5118.89,5119.00,5118.28,5118.34,264.116,1771687799999,1351895.45563,554,121.080,619745.56353,0
1771687800000,5118.34,5118.46,5117.50,5117.51,155.883,1771688099999,797822.90723,601,58.129,297515.54885,0
1771688100000,5117.50,5117.51,5117.26,5117.35,71.327,1771688399999,365004.93741,268,36.890,188776.38890,0
1771688400000,5117.35,5117.36,5116.88,5116.88,100.879,1771688699999,516208.12745,366,13.669,69945.45372,0
1771688700000,5116.88,5116.89,5115.23,5115.24,380.729,1771688999999,1947844.26998,676,70.288,359643.03409,0
1771689000000,5115.25,5115.25,5113.60,5113.60,237.128,1771689299999,1212790.67707,706,26.373,134884.18438,0
1771689300000,5113.60,5113.61,5110.23,5110.24,822.113,1771689599999,4201942.08171,1070,140.771,719406.29670,0
1771689600000,5110.24,5113.44,5110.24,5113.44,402.488,1771689899999,2057337.78294,876,364.846,1864884.57771,0
1771689900000,5113.44,5114.15,5113.21,5113.40,170.602,1771690199999,872406.38877,539,64.884,331797.56500,0
1771690200000,5113.39,5115.50,5113.21,5115.43,190.128,1771690499999,972377.31524,734,122.077,624358.82637,0
1771690500000,5115.43,5115.43,5114.81,5114.81,83.387,1771690799999,426533.01802,409,25.587,130880.83308,0
1771690800000,5114.80,5114.81,5113.20,5113.20,140.179,1771691099999,716867.39508,617,36.436,186337.71250,0
1771691100000,5113.21,5114.30,5113.21,5113.91,131.496,1771691399999,672447.89432,422,76.088,389090.32100,0
1771691400000,5113.90,5114.90,5113.90,5114.89,215.926,1771691699999,1104310.69577,602,166.151,849742.83389,0
1771691700000,5114.90,5115.60,5114.89,5115.60,97.834,1771691999999,500451.41485,361,74.211,379611.17371,0
1771692000000,5115.59,5117.01,5115.21,5116.40,437.843,1771692299999,2240130.48368,1128,307.640,1573963.62872,0
1771692300000,5116.41,5116.66,5116.30,5116.59,275.217,1771692599999,1408127.32958,651,150.130,768131.23202,0
1771692600000,5116.60,5117.55,5116.59,5117.54,218.342,1771692899999,1117255.04355,908,145.274,743364.27863,0
1771692900000,5117.54,5117.60,5116.62,5116.63,173.291,1771693199999,886750.06531,590,33.471,171274.97803,0
1771693200000,5116.63,5117.30,5116.62,5117.01,154.516,1771693499999,790648.09355,758,89.750,459252.63836,0
1771693500000,5117.01,5117.45,5116.26,5116.70,163.072,1771693799999,834420.41401,626,79.284,405688.35051,0
1771693800000,5116.69,5117.10,5116.50,5117.10,72.975,1771694099999,373404.34336,330,29.812,152544.38217,0
1771694100000,5117.10,5117.60,5117.09,5117.47,215.111,1771694399999,1100781.97782,702,114.010,583422.02809,0
1771694400000,5117.47,5117.60,5117.42,5117.59,85.733,1771694699999,438739.41169,301,47.385,242493.20904,0
1771694700000,5117.58,5118.00,5117.46,5117.47,337.160,1771694999999,1725511.77608,1244,244.228,1249904.88908,0
1771695000000,5117.47,5117.99,5117.46,5117.99,224.386,1771695299999,1148387.04101,550,155.146,794023.34033,0
1771695300000,5117.98,5118.00,5117.79,5117.99,228.701,1771695599999,1170479.50727,573,193.061,988075.97367,0
1771695600000,5117.99,5118.43,5117.99,5118.27,94.764,1771695899999,485009.72925,366,60.018,307175.99530,0
1771695900000,5118.27,5118.78,5118.04,5118.44,223.947,1771696199999,1146247.12034,813,168.628,863095.65758,0
1771696200000,5118.44,5118.44,5118.43,5118.44,88.109,1771696499999,450980.44923,261,70.036,358475.06384,0
1771696500000,5118.44,5118.66,5118.25,5118.40,80.333,1771696799999,411182.68705,355,51.072,261410.26605,0
1771696800000,5118.25,5118.67,5118.25,5118.65,151.090,1771697099999,773359.29474,338,108.616,555951.35158,0
1771697100000,5118.65,5118.66,5117.41,5117.42,116.692,1771697399999,597237.15002,347,38.257,195798.05352,0
1771697400000,5117.42,5117.93,5117.30,5117.69,169.352,1771697699999,866679.99691,535,55.696,285026.47264,0
1771697700000,5117.70,5118.09,5117.40,5118.09,114.675,1771697999999,586893.71450,296,64.027,327683.41314,0
1771698000000,5118.08,5118.09,5118.02,5118.04,59.814,1771698299999,306131.42948,165,32.685,167283.32089,0
1771698300000,5118.04,5119.05,5118.03,5118.46,95.361,1771698599999,488134.35642,425,59.670,305433.13204,0
1771698600000,5118.46,5119.93,5118.45,5119.07,145.333,1771698899999,744014.12543,386,102.749,526005.73667,0
1771698900000,5119.06,5119.74,5119.06,5119.73,64.771,1771699199999,331607.79661,265,45.580,233355.14837,0
1771699200000,5119.74,5119.74,5118.89,5118.89,61.127,1771699499999,312943.30124,338,15.576,79742.44212,0
1771699500000,5118.89,5118.90,5117.76,5118.89,146.067,1771699799999,747641.94027,564,59.033,302160.25930,0
1771699800000,5118.89,5118.90,5118.34,5118.34,48.710,1771700099999,249326.84894,243,2.105,10775.07184,0
1771700100000,5118.34,5118.60,5118.00,5118.00,72.100,1771700399999,369032.87801,259,34.364,175888.65192,0
1771700400000,5118.00,5118.01,5117.86,5117.86,65.221,1771700699999,333797.31168,332,5.325,27253.21468,0
1771700700000,5117.86,5117.87,5117.40,5117.41,68.724,1771700999999,351703.95465,246,10.142,51905.33018,0
1771701000000,5117.41,5117.41,5117.00,5117.00,45.793,1771701299999,234332.04421,294,8.186,41888.52174,0
1771701300000,5117.00,5117.00,5116.22,5116.65,73.329,1771701599999,375197.83844,310,11.798,60365.46747,0
1771701600000,5116.64,5116.65,5115.50,5116.00,315.638,1771701899999,1614859.82568,635,28.904,147883.36640,0
1771701900000,5116.00,5116.55,5115.90,5115.90,130.907,1771702199999,669737.63382,637,79.614,407312.54900,0
1771702200000,5115.90,5116.01,5115.80,5116.01,65.796,1771702499999,336607.14197,271,33.945,173659.19274,0
1771702500000,5116.00,5116.01,5115.80,5115.81,43.602,1771702799999,223066.63872,304,12.133,62072.52408,0
1771702800000,5115.80,5115.81,5115.50,5115.50,82.074,1771703099999,419863.32259,356,35.831,183299.50051,0
1771703100000,5115.50,5115.80,5115.01,5115.02,121.883,1771703399999,623489.30143,492,45.740,233983.92378,0
1771703400000,5115.04,5115.05,5114.42,5114.43,79.501,1771703699999,406624.57915,531,11.209,57330.21687,0
1771703700000,5114.43,5114.95,5114.15,5114.16,167.844,1771703999999,858439.57398,612,77.024,393947.47447,0
1771704000000,5114.16,5116.30,5114.16,5116.30,261.915,1771704299999,1339773.47716,589,243.505,1245597.24709,0
1771704300000,5116.30,5117.06,5116.29,5117.06,118.977,1771704599999,608764.25048,898,96.187,492161.46928,0
1771704600000,5117.06,5117.61,5117.05,5117.61,148.323,1771704899999,759021.79115,456,131.190,671344.54127,0
1771704900000,5117.60,5117.61,5117.56,5117.57,40.830,1771705199999,208951.54574,158,16.702,85474.15182,0
1771705200000,5117.56,5117.57,5117.56,5117.56,23.627,1771705499999,120912.78671,132,19.659,100606.30863,0
1771705500000,5117.57,5117.57,5117.41,5117.42,23.069,1771705799999,118055.75437,145,5.974,30572.34053,0
1771705800000,5117.41,5117.42,5117.41,5117.42,23.467,1771706099999,120090.40494,86,14.447,73931.36674,0
1771706100000,5117.42,5117.42,5117.40,5117.41,34.209,1771706399999,175061.44343,91,22.041,112792.83385,0
1771706400000,5117.41,5117.42,5117.10,5117.10,59.143,1771706699999,302648.35875,205,32.583,166736.38850,0
1771706700000,5117.10,5117.60,5117.10,5117.60,95.636,1771706999999,489412.07768,285,63.093,322872.85758,0
1771707000000,5117.59,5118.47,5117.59,5118.46,125.842,1771707299999,644071.55186,558,92.266,472226.41338,0
1771707300000,5118.46,5118.46,5117.96,5117.99,87.282,1771707599999,446721.99962,233,60.925,311820.74325,0
1771707600000,5117.98,5117.98,5117.16,5117.19,100.957,1771707899999,516651.26543,261,0.999,5112.33850,0
1771707900000,5117.19,5117.36,5117.19,5117.36,20.549,1771708199999,105155.18944,89,12.095,61893.20454,0
1771708200000,5117.36,5117.36,5117.15,5117.15,31.171,1771708499999,159510.03026,210,5.215,26686.06284,0
1771708500000,5117.16,5117.52,5117.15,5117.52,41.012,1771708799999,209871.39408,182,39.884,204099.02640,0
1771708800000,5117.52,5117.52,5117.51,5117.52,27.037,1771709099999,138362.19006,110,7.219,36943.37688,0
1771709100000,5117.52,5117.70,5117.52,5117.70,32.475,1771709399999,166194.16736,133,21.927,112212.82704,0
1771709400000,5117.70,5117.95,5117.69,5117.85,17.616,1771709699999,90153.95190,181,15.074,77144.66957,0
1771709700000,5117.95,5118.02,5117.85,5118.02,21.029,1771709999999,107626.08926,145,20.214,103454.92904,0
1771710000000,5118.02,5118.02,5118.01,5118.02,12.448,1771710299999,63709.02270,116,3.422,17513.86444,0
1771710300000,5118.01,5118.02,5117.63,5117.63,45.633,1771710599999,233539.89262,234,17.358,88832.32431,0
1771710600000,5117.63,5118.50,5117.63,5118.49,146.392,1771710899999,749256.93015,288,105.800,541492.97771,0
1771710900000,5118.49,5118.50,5118.00,5118.01,36.013,1771711199999,184322.07897,204,5.442,27853.37679,0
1771711200000,5118.01,5118.26,5118.00,5118.01,34.836,1771711499999,178291.31982,199,28.092,143775.27407,0
1771711500000,5118.26,5118.26,5118.01,5118.19,58.936,1771711799999,301647.33687,188,3.664,18753.09293,0
1771711800000,5118.19,5118.19,5117.40,5117.40,56.607,1771712099999,289703.31536,192,6.039,30906.17082,0
1771712100000,5117.40,5117.41,5116.80,5117.14,60.772,1771712399999,310979.28246,259,9.982,51079.02656,0
1771712400000,5117.13,5117.47,5117.13,5117.47,57.808,1771712699999,295818.31770,203,52.940,270907.66554,0
1771712700000,5117.47,5117.70,5117.22,5117.26,109.395,1771712999999,559828.38925,213,62.921,321996.87585,0
1771713000000,5117.26,5117.26,5116.80,5116.90,114.993,1771713299999,588423.04879,244,27.681,141639.76914,0
1771713300000,5116.89,5116.99,5116.01,5116.09,105.600,1771713599999,540323.89756,357,48.538,248362.92211,0
1771713600000,5116.09,5116.09,5113.81,5113.95,156.335,1771713899999,799611.56527,525,36.995,189221.72637,0
1771713900000,5113.96,5114.10,5113.95,5114.10,31.216,1771714199999,159640.52824,192,23.860,122021.44786,0
1771714200000,5114.10,5114.40,5114.09,5114.39,57.168,1771714499999,292375.14342,206,29.842,152620.07871,0
1771714500000,5114.39,5114.39,5114.12,5114.24,71.423,1771714799999,365272.05658,241,28.377,145125.96605,0
1771714800000,5114.24,5114.49,5114.20,5114.49,78.517,1771715099999,401557.57981,261,61.463,314339.29841,0
1771715100000,5114.49,5114.60,5113.50,5114.00,462.238,1771715399999,2363882.03996,653,184.428,943152.62501,0
1771715400000,5114.00,5114.20,5113.24,5113.26,309.467,1771715699999,1582450.42026,600,30.822,157606.33225,0
1771715700000,5113.26,5113.65,5113.20,5113.64,137.674,1771715999999,703964.53974,307,65.907,337004.03544,0
1771716000000,5113.65,5113.80,5113.65,5113.79,50.129,1771716299999,256347.58974,213,33.521,171418.18826,0
1771716300000,5113.80,5113.80,5113.79,5113.79,20.796,1771716599999,106346.47521,131,9.837,50304.45060,0
1771716600000,5113.80,5113.80,5112.20,5112.50,471.812,1771716899999,2412269.50319,866,138.622,708734.41984,0
1771716900000,5112.49,5112.50,5112.49,5112.50,17.904,1771717199999,91534.12310,107,10.214,52219.07500,0
1771717200000,5112.50,5112.70,5112.41,5112.42,56.289,1771717499999,287778.96843,247,22.360,114316.42316,0
1771717500000,5112.42,5112.63,5112.42,5112.63,40.969,1771717799999,209456.21340,246,33.772,172661.02829,0
1771717800000,5112.62,5112.89,5112.62,5112.89,45.435,1771718099999,232299.53866,291,32.667,167018.34064,0
1771718100000,5112.88,5113.77,5112.87,5113.40,265.027,1771718399999,1355149.60335,529,197.174,1008189.05150,0
1771718400000,5113.41,5115.60,5113.40,5115.59,343.755,1771718699999,1757981.09577,679,320.777,1640464.85726,0
1771718700000,5115.59,5115.60,5115.05,5115.05,125.310,1771718999999,641001.88069,295,3.654,18690.68414,0
1771719000000,5115.05,5115.06,5115.00,5115.01,46.099,1771719299999,235796.67400,130,0.931,4762.07706,0
1771719300000,5115.01,5115.01,5115.00,5115.00,46.185,1771719599999,236236.48142,117,20.642,105584.03642,0
1771719600000,5115.01,5115.01,5114.89,5115.00,54.995,1771719899999,281299.02060,166,3.684,18843.65405,0
1771719900000,5114.90,5115.80,5114.89,5115.76,67.968,1771720199999,347676.05993,203,61.586,315028.80051,0
1771720200000,5115.76,5115.89,5115.76,5115.89,31.362,1771720499999,160443.11349,239,16.574,84790.01563,0
1771720500000,5115.88,5115.89,5115.88,5115.88,50.798,1771720799999,259876.70235,136,23.011,117721.74479,0
1771720800000,5115.88,5115.89,5115.53,5115.63,34.334,1771721099999,175643.32071,235,1.360,6957.56800,0
1771721100000,5115.53,5115.63,5115.21,5115.21,40.789,1771721399999,208652.53839,163,5.282,27020.19236,0
1771721400000,5115.22,5115.22,5115.00,5115.01,18.217,1771721699999,93182.47582,130,7.456,38138.63575,0
1771721700000,5115.00,5115.21,5114.73,5114.73,65.000,1771721999999,332467.23856,176,10.383,53107.45890,0
1771722000000,5114.73,5114.74,5114.30,5114.66,101.403,1771722299999,518623.54976,314,25.819,132049.56691,0
1771722300000,5114.66,5114.66,5114.25,5114.25,79.664,1771722599999,407443.14834,177,8.473,43334.61050,0
1771722600000,5114.25,5114.26,5113.65,5113.66,108.899,1771722899999,556901.92295,448,33.008,168796.52843,0
1771722900000,5113.65,5113.66,5113.65,5113.65,24.521,1771723199999,125391.92411,199,11.246,57508.22036,0
1771723200000,5113.66,5113.66,5112.75,5112.75,100.445,1771723499999,513608.08942,454,20.113,102848.38403,0
1771723500000,5112.75,5113.10,5112.75,5113.09,57.696,1771723799999,294988.66642,303,38.668,197702.98300,0
1771723800000,5113.10,5113.10,5112.82,5113.10,41.319,1771724099999,211266.37326,257,23.995,122687.20210,0
1771724100000,5113.10,5113.19,5113.00,5113.18,137.311,1771724399999,702077.03497,270,27.929,142803.13523,0
1771724400000,5113.19,5113.77,5113.11,5113.72,128.519,1771724699999,657174.98075,366,95.772,489723.47696,0
1771724700000,5113.71,5113.72,5113.70,5113.71,59.742,1771724999999,305503.28150,168,23.504,120192.80848,0
1771725000000,5113.71,5114.55,5113.71,5114.26,194.956,1771725299999,997028.46658,405,133.424,682325.09553,0
1771725300000,5114.26,5114.26,5114.25,5114.26,33.835,1771725599999,173040.95372,129,30.497,155969.58722,0
1771725600000,5114.26,5114.26,5113.98,5113.98,108.770,1771725899999,556255.04404,290,33.370,170654.51764,0
1771725900000,5113.98,5113.99,5113.52,5113.72,85.038,1771726199999,434857.66775,278,11.235,57451.83971,0
1771726200000,5113.53,5114.77,5113.53,5114.51,54.520,1771726499999,278822.30229,307,49.541,253357.00719,0
1771726500000,5114.51,5115.20,5114.50,5114.83,108.515,1771726799999,555023.90576,317,87.895,449562.58530,0
1771726800000,5114.83,5114.89,5114.82,5114.88,52.589,1771727099999,268986.74086,213,38.014,194437.36546,0
1771727100000,5114.89,5115.00,5114.70,5114.71,108.466,1771727399999,554792.79561,278,69.336,354647.73272,0
1771727400000,5114.70,5114.80,5114.44,5114.60,31.395,1771727699999,160573.37471,258,17.512,89567.30366,0
1771727700000,5114.61,5114.61,5114.40,5114.50,36.243,1771727999999,185365.02230,196,24.735,126507.17296,0
1771728000000,5114.50,5114.50,5113.90,5113.91,73.399,1771728299999,375377.48309,240,5.160,26388.42998,0
1771728300000,5113.91,5113.91,5113.70,5113.71,40.403,1771728599999,206615.49682,169,7.163,36630.92933,0
1771728600000,5113.71,5113.71,5113.69,5113.70,38.362,1771728899999,196171.79022,220,14.270,72972.56529,0
1771728900000,5113.70,5113.70,5113.40,5113.40,32.450,1771729199999,165935.92207,385,6.619,33847.09065,0
1771729200000,5113.40,5113.41,5113.00,5113.01,159.248,1771729499999,814264.29825,409,10.791,55175.66231,0
1771729500000,5113.01,5113.01,5113.00,5113.00,34.870,1771729799999,178290.38226,257,7.226,36946.61026,0
1771729800000,5113.00,5113.01,5113.00,5113.01,149.335,1771730099999,763550.00840,239,15.340,78433.57340,0
1771730100000,5113.01,5113.01,5112.75,5112.75,62.671,1771730399999,320434.26367,397,13.822,70672.00942,0
1771730400000,5112.75,5112.75,5112.17,5112.59,220.300,1771730699999,1126277.53782,528,74.747,382138.00946,0
1771730700000,5112.59,5112.59,5112.30,5112.41,76.058,1771730999999,388844.51633,246,25.778,131787.58144,0
1771731000000,5112.44,5112.70,5112.41,5112.70,76.543,1771731299999,391328.80015,294,47.525,242974.89983,0
1771731300000,5112.69,5112.70,5111.80,5111.81,187.779,1771731599999,959986.90197,869,29.947,153098.54695,0
1771731600000,5111.84,5111.84,5111.60,5111.60,49.558,1771731899999,253327.51980,369,10.022,51229.62944,0
1771731900000,5111.61,5111.61,5111.01,5111.25,406.244,1771732199999,2076416.18864,1341,76.289,389928.10220,0
1771732200000,5111.25,5111.40,5111.24,5111.39,71.465,1771732499999,365278.37789,224,62.516,319537.07417,0
1771732500000,5111.40,5111.70,5110.90,5111.24,296.155,1771732799999,1513697.57669,555,147.852,755712.37107,0
1771732800000,5111.24,5114.09,5111.05,5114.09,448.208,1771733099999,2291342.19779,958,392.876,2008509.39855,0
1771733100000,5114.09,5114.30,5114.08,5114.30,71.151,1771733399999,363873.63498,314,40.348,206344.45952,0
1771733400000,5114.29,5114.30,5113.86,5113.86,94.635,1771733699999,483961.86772,209,30.493,155937.23949,0
1771733700000,5113.87,5113.99,5113.86,5113.86,55.594,1771733999999,284302.70505,177,40.317,206177.81107,0
1771734000000,5113.87,5113.88,5113.86,5113.87,43.911,1771734299999,224555.06540,151,30.462,155778.76206,0
1771734300000,5113.88,5114.69,5113.87,5114.45,166.512,1771734599999,851577.48025,373,138.699,709333.50707,0
1771734600000,5114.05,5114.45,5114.02,5114.02,24.243,1771734899999,123979.93200,133,14.516,74235.58114,0
1771734900000,5114.03,5114.03,5113.56,5113.56,90.335,1771735199999,461969.45983,198,28.953,148066.33466,0
1771735200000,5113.56,5114.00,5113.55,5114.00,77.439,1771735499999,396009.48905,261,70.597,361020.93201,0
1771735500000,5114.00,5114.00,5113.59,5113.66,41.361,1771735799999,211509.21795,215,22.218,113615.67398,0
1771735800000,5113.66,5113.66,5113.65,5113.66,23.526,1771736099999,120303.85283,82,12.293,62862.22238,0
1771736100000,5113.66,5113.92,5113.00,5113.09,115.739,1771736399999,591814.73726,523,45.813,234260.17352,0
1771736400000,5113.08,5113.30,5113.08,5113.29,40.290,1771736699999,206007.01281,309,17.782,90921.67538,0
1771736700000,5113.30,5113.60,5113.29,5113.60,35.291,1771736999999,180457.78755,155,24.743,126521.73911,0
1771737000000,5113.62,5113.68,5113.61,5113.68,23.815,1771737299999,121781.68927,84,4.438,22694.40406,0
1771737300000,5113.68,5113.68,5113.67,5113.68,10.594,1771737599999,54174.28775,68,6.777,34655.40936,0
1771737600000,5113.68,5115.85,5113.67,5115.85,218.574,1771737899999,1117965.54297,774,206.668,1057080.80314,0
1771737900000,5115.85,5115.90,5115.84,5115.89,87.504,1771738199999,447660.63506,266,75.400,385737.94432,0
1771738200000,5115.90,5115.95,5115.51,5115.62,117.852,1771738499999,602904.03964,460,42.850,219210.42872,0
1771738500000,5115.62,5115.85,5115.40,5115.84,167.091,1771738799999,854791.86555,457,118.962,608577.47834,0
1771738800000,5115.85,5116.26,5115.84,5116.03,148.816,1771739099999,761349.31283,323,128.066,655190.82917,0
1771739100000,5116.03,5116.03,5116.02,5116.03,34.944,1771739399999,178774.43799,189,23.511,120282.98133,0
1771739400000,5116.03,5116.03,5115.57,5115.61,98.036,1771739699999,501536.53378,425,34.933,178710.91714,0
1771739700000,5115.61,5115.70,5115.48,5115.70,95.536,1771739999999,488726.66600,266,78.516,401658.60153,0
1771740000000,5115.70,5115.70,5115.41,5115.42,28.799,1771740299999,147322.42711,249,9.285,47498.24053,0
1771740300000,5115.42,5115.83,5115.41,5115.61,89.593,1771740599999,458331.96956,329,63.819,326477.80266,0
1771740600000,5115.61,5115.75,5115.60,5115.61,49.007,1771740899999,250700.69708,221,43.118,220574.87198,0
1771740900000,5115.60,5115.61,5115.41,5115.42,45.898,1771741199999,234793.10367,231,7.853,40172.11619,0
1771741200000,5115.42,5115.85,5115.41,5115.54,88.359,1771741499999,452014.23559,344,59.303,303371.66348,0
1771741500000,5115.53,5115.70,5115.25,5115.70,61.389,1771741799999,314031.60221,266,39.048,199747.31021,0
1771741800000,5115.70,5115.70,5115.40,5115.70,58.220,1771742099999,297827.48068,232,27.291,139607.12853,0
1771742100000,5115.70,5115.70,5115.69,5115.70,16.393,1771742399999,83861.60870,135,10.253,52451.27210,0
1771742400000,5115.70,5115.70,5115.66,5115.70,43.740,1771742699999,223759.87041,190,38.676,197854.13278,0
1771742700000,5115.70,5115.70,5115.51,5115.51,25.399,1771742999999,129930.85168,183,7.984,40842.67492,0
1771743000000,5115.52,5115.52,5115.36,5115.41,54.000,1771743299999,276233.95681,199,5.634,28820.34006,0
1771743300000,5115.40,5115.41,5115.37,5115.38,25.936,1771743599999,132672.58373,185,3.683,18839.97536,0
1771743600000,5115.37,5115.37,5114.30,5114.32,128.104,1771743899999,655226.96297,458,4.723,24155.38793,0
1771743900000,5114.32,5114.33,5114.13,5114.13,24.598,1771744199999,125798.97169,320,3.872,19802.26902,0
1771744200000,5114.13,5114.14,5114.13,5114.14,16.206,1771744499999,82879.64391,179,5.313,27171.42582,0
1771744500000,5114.14,5114.50,5114.13,5114.50,44.977,1771744799999,230028.68365,244,25.220,128981.75188,0
1771744800000,5114.50,5114.51,5114.49,5114.51,35.195,1771745099999,180004.83299,156,21.351,109199.71511,0
1771745100000,5114.51,5114.51,5114.24,5114.28,57.409,1771745399999,293616.46602,198,8.964,45845.81688,0
1771745400000,5114.29,5114.29,5114.00,5114.01,66.245,1771745699999,338790.27591,278,9.661,49408.20621,0
1771745700000,5114.00,5114.01,5114.00,5114.01,20.658,1771745999999,105645.07934,140,6.734,34437.74334,0
1771746000000,5114.01,5114.29,5114.00,5114.29,43.636,1771746299999,223162.71619,201,24.380,124682.14471,0
1771746300000,5114.29,5114.29,5114.15,5114.16,35.608,1771746599999,182107.23489,183,7.131,36469.82829,0
1771746600000,5114.15,5114.16,5114.15,5114.16,48.536,1771746899999,248220.55475,176,17.035,87119.71560,0
1771746900000,5114.16,5114.16,5114.08,5114.08,80.566,1771747199999,412025.01465,173,7.921,40509.03925,0
1771747200000,5114.09,5115.80,5114.09,5115.79,239.860,1771747499999,1226875.02962,502,233.800,1195875.31195,0
1771747500000,5115.80,5115.80,5115.00,5115.01,122.167,1771747799999,624937.30755,360,4.822,24666.93381,0
1771747800000,5115.00,5115.50,5115.00,5115.49,62.805,1771748099999,321267.70875,227,37.174,190152.73693,0
1771748100000,5115.49,5115.50,5115.30,5115.41,21.898,1771748399999,112018.10820,157,3.531,18062.67674,0
1771748400000,5115.41,5115.70,5115.40,5115.69,44.068,1771748699999,225433.93361,180,27.523,140795.10040,0
1771748700000,5115.69,5115.70,5115.00,5115.01,55.219,1771748999999,282463.61742,252,22.772,116486.44348,0
1771749000000,5115.01,5115.01,5114.80,5114.80,51.845,1771749299999,265182.51556,177,13.619,69660.01808,0
1771749300000,5114.80,5115.18,5114.80,5115.18,43.166,1771749599999,220794.53357,197,38.996,199464.61527,0
1771749600000,5115.18,5115.18,5115.17,5115.17,16.975,1771749899999,86830.12190,88,11.115,56855.22570,0
1771749900000,5115.18,5115.18,5114.70,5114.70,60.703,1771750199999,310491.60394,203,10.979,56156.67380,0
1771750200000,5114.71,5114.92,5114.30,5114.40,135.634,1771750499999,693715.91401,383,37.203,190279.65506,0
1771750500000,5114.40,5114.41,5114.30,5114.31,16.604,1771750799999,84918.41655,120,1.455,7441.40245,0
1771750800000,5114.31,5114.31,5114.30,5114.30,40.351,1771751099999,206367.18405,151,6.475,33115.15725,0
1771751100000,5114.31,5114.39,5114.00,5114.00,140.378,1771751399999,717923.02258,416,34.680,177363.48447,0
1771751400000,5114.01,5114.01,5114.00,5114.00,18.384,1771751699999,94015.82777,99,5.177,26475.22977,0
1771751700000,5114.00,5114.07,5114.00,5114.07,37.323,1771751999999,190870.99875,210,11.488,58749.86134,0
1771752000000,5114.07,5114.09,5113.50,5113.50,71.212,1771752299999,364163.58285,277,11.599,59315.56361,0
1771752300000,5113.50,5113.51,5113.10,5113.19,65.277,1771752599999,333775.00441,357,18.096,92527.51445,0
1771752600000,5113.20,5113.40,5113.14,5113.20,68.545,1771752899999,350484.88793,413,53.258,272319.17961,0
1771752900000,5113.32,5113.40,5113.20,5113.39,58.383,1771753199999,298532.64278,331,47.600,243395.06624,0
1771753200000,5113.39,5113.40,5113.39,5113.40,47.071,1771753499999,240692.54671,175,24.550,125533.89052,0
1771753500000,5113.40,5113.40,5113.02,5113.03,81.248,1771753799999,415441.94522,339,13.356,68294.13461,0
1771753800000,5113.02,5113.02,5112.24,5112.30,187.042,1771754099999,956277.91864,336,27.676,141497.38335,0
1771754100000,5112.30,5112.39,5112.30,5112.39,23.627,1771754399999,120788.90333,161,17.825,91127.00329,0
1771754400000,5112.38,5112.89,5112.31,5112.83,115.603,1771754699999,591033.94703,337,99.613,509285.46263,0
1771754700000,5112.83,5113.52,5112.83,5113.21,134.757,1771754999999,689039.01941,388,108.496,554757.95996,0
1771755000000,5113.21,5113.71,5113.20,5113.71,29.237,1771755299999,149501.12040,188,26.477,135388.16793,0
1771755300000,5113.71,5114.82,5113.50,5114.82,235.632,1771755599999,1205109.04275,840,216.361,1106550.10758,0
1771755600000,5114.81,5115.30,5114.81,5115.30,55.930,1771755899999,286079.69777,231,53.099,271598.84475,0
1771755900000,5115.30,5115.46,5114.90,5115.00,81.485,1771756199999,416818.87391,248,50.641,259046.01662,0
1771756200000,5114.91,5115.00,5114.70,5114.71,44.630,1771756499999,228275.44745,184,7.467,38192.49217,0
1771756500000,5114.71,5114.71,5114.70,5114.71,42.790,1771756799999,218858.18786,205,17.486,89435.81906,0
1771756800000,5114.71,5115.45,5114.70,5115.39,74.531,1771757099999,381225.77910,321,51.667,264274.73715,0
1771757100000,5115.39,5115.44,5115.01,5115.02,49.103,1771757399999,251170.23355,229,37.191,190238.02711,0
1771757400000,5115.02,5115.02,5114.70,5114.71,49.118,1771757699999,251230.86443,209,9.954,50911.95509,0
1771757700000,5114.71,5114.71,5114.52,5114.53,36.441,1771757999999,186382.99449,181,4.235,21660.26639,0
1771758000000,5114.53,5114.53,5114.52,5114.53,12.148,1771758299999,62131.21823,184,2.927,14970.22931,0
1771758300000,5114.53,5114.53,5114.40,5114.41,23.807,1771758599999,121759.49031,206,11.716,59920.45504,0
1771758600000,5114.41,5114.69,5114.40,5114.56,42.971,1771758899999,219774.76477,191,37.731,192974.37475,0
1771758900000,5114.56,5114.56,5114.55,5114.55,18.649,1771759199999,95381.41306,147,17.011,87003.78016,0
1771759200000,5114.55,5114.56,5114.21,5114.39,111.299,1771759499999,569235.52648,298,38.628,197563.61683,0
1771759500000,5114.40,5114.40,5114.04,5114.04,50.920,1771759799999,260421.76388,193,34.542,176660.78195,0
1771759800000,5114.05,5114.30,5114.04,5114.30,33.577,1771760099999,171715.19851,182,18.534,94784.54879,0
1771760100000,5114.30,5114.39,5114.29,5114.39,16.755,1771760399999,85690.73495,211,13.196,67488.82312,0
1771760400000,5114.39,5114.40,5114.38,5114.40,25.507,1771760699999,130452.92837,194,24.776,126714.30996,0
1771760700000,5114.40,5114.40,5114.39,5114.40,31.415,1771760999999,160668.68070,174,11.885,60784.64400,0
1771761000000,5114.40,5115.20,5114.39,5115.13,122.117,1771761299999,624624.26736,553,90.254,461640.46754,0
1771761300000,5115.12,5115.12,5114.82,5114.91,103.802,1771761599999,530956.27513,379,25.517,130521.60444,0
1771761600000,5114.91,5115.99,5114.90,5115.95,195.749,1771761899999,1001376.87200,435,160.975,823475.68764,0
1771761900000,5115.95,5115.99,5115.63,5115.98,96.022,1771762199999,491236.58054,400,46.133,236009.22380,0
1771762200000,5115.98,5116.35,5115.98,5116.35,135.812,1771762499999,694832.83208,311,122.753,628021.22128,0
1771762500000,5116.35,5116.66,5116.17,5116.18,91.620,1771762799999,468768.86584,269,50.627,259030.48327,0
1771762800000,5116.18,5117.20,5116.17,5116.97,99.065,1771763099999,506898.12559,332,78.947,403955.34415,0
1771763100000,5116.97,5117.14,5116.96,5116.96,22.483,1771763399999,115045.11047,133,11.197,57294.71309,0
1771763400000,5116.96,5116.97,5116.71,5116.72,30.254,1771763699999,154804.13558,233,17.776,90955.73247,0
1771763700000,5116.72,5117.19,5116.71,5117.19,57.087,1771763999999,292103.40049,261,42.628,218120.02157,0
1771764000000,5117.19,5117.19,5116.76,5116.95,62.915,1771764299999,321934.35386,212,32.415,165864.90436,0
1771764300000,5117.00,5117.00,5116.72,5116.81,95.223,1771764599999,487246.33917,271,55.231,282611.01231,0
1771764600000,5116.81,5116.81,5116.59,5116.59,22.362,1771764899999,114420.61638,134,6.632,33934.28912,0
1771764900000,5116.60,5116.60,5116.48,5116.48,35.945,1771765199999,183913.30241,203,7.193,36803.31121,0
1771765200000,5116.48,5116.95,5116.48,5116.68,78.027,1771765499999,399232.00100,310,57.518,294296.70970,0
1771765500000,5116.70,5117.17,5116.52,5116.67,57.110,1771765799999,292224.03275,270,42.057,215199.58981,0
1771765800000,5116.67,5117.28,5116.67,5117.22,49.930,1771766099999,255497.34223,217,31.059,158932.43647,0
1771766100000,5117.23,5117.27,5116.82,5117.18,19.885,1771766399999,101751.77966,180,7.693,39365.00156,0
1771766400000,5117.19,5117.19,5116.99,5117.19,32.836,1771766699999,168025.57547,144,19.879,101723.13773,0
1771766700000,5117.19,5117.98,5117.19,5117.77,81.820,1771766999999,418719.54509,328,61.519,314825.31378,0
1771767000000,5117.77,5118.00,5117.76,5117.99,65.181,1771767299999,333588.19788,404,58.869,301284.23038,0
1771767300000,5118.00,5118.37,5117.99,5118.37,128.711,1771767599999,658745.95649,404,102.547,524838.75279,0
1771767600000,5118.38,5119.14,5118.37,5119.14,182.503,1771767899999,934213.01942,578,144.732,740867.03670,0
1771767900000,5119.14,5119.27,5118.42,5118.43,184.804,1771768199999,945975.14774,473,83.875,429331.00792,0
1771768200000,5118.43,5118.92,5118.43,5118.92,118.761,1771768499999,607910.40890,513,75.225,385058.33746,0
1771768500000,5118.92,5119.18,5118.63,5118.90,88.422,1771768799999,452628.74962,455,23.261,119070.35864,0
1771768800000,5118.90,5119.83,5118.89,5119.82,97.622,1771769099999,499771.68830,499,79.976,409432.63470,0
1771769100000,5119.82,5120.83,5119.82,5120.83,231.627,1771769399999,1185954.41830,753,157.001,803863.22357,0
1771769400000,5120.82,5120.86,5120.32,5120.85,161.105,1771769699999,824962.86694,617,68.892,352775.81768,0
1771769700000,5120.86,5122.39,5120.25,5122.39,448.114,1771769999999,2294918.26245,754,358.873,1837925.82528,0
1771770000000,5122.39,5122.95,5122.38,5122.91,179.343,1771770299999,918744.54953,438,107.824,552362.03621,0
1771770300000,5122.91,5130.00,5122.90,5130.00,860.215,1771770599999,4410134.01012,1862,710.139,3640804.20418,0
1771770600000,5130.00,5139.99,5129.45,5136.18,1528.774,1771770899999,7851727.77424,3558,867.547,4455342.36919,0
1771770900000,5136.60,5138.28,5135.08,5137.30,944.176,1771771199999,4850004.01461,2854,421.453,2164888.50096,0
1771771200000,5137.46,5138.30,5135.56,5136.05,235.343,1771771499999,1208903.20306,892,86.106,442314.92440,0
1771771500000,5136.05,5137.35,5132.13,5132.64,416.059,1771771799999,2136481.60632,1188,142.245,730496.31896,0
1771771800000,5132.64,5132.70,5130.50,5130.51,330.088,1771772099999,1693907.55634,871,177.221,909458.42364,0
1771772100000,5130.50,5131.64,5129.08,5131.64,318.205,1771772399999,1632364.20230,821,133.339,684060.24289,0
1771772400000,5131.64,5135.00,5130.05,5134.70,575.831,1771772699999,2955394.81335,1924,388.314,1993007.17502,0
1771772700000,5134.71,5136.00,5130.63,5130.69,754.601,1771772999999,3873880.48535,1793,264.539,1358139.44880,0
1771773000000,5130.70,5131.76,5125.92,5127.29,697.512,1771773299999,3577126.36187,1704,177.634,910918.51214,0
1771773300000,5127.28,5127.74,5123.36,5123.37,310.081,1771773599999,1589243.40307,956,72.454,371356.57949,0
1771773600000,5123.36,5123.74,5123.02,5123.10,296.837,1771773899999,1520763.35354,676,116.502,596863.40847,0
1771773900000,5123.10,5123.14,5120.00,5120.62,767.295,1771774199999,3929487.44613,1306,113.952,583583.53690,0
1771774200000,5120.61,5121.25,5120.30,5120.72,238.118,1771774499999,1219367.56978,632,193.156,989118.96843,0
1771774500000,5120.83,5120.89,5117.79,5117.99,453.494,1771774799999,2321211.39465,1017,119.909,613706.61986,0
1771774800000,5118.00,5119.61,5117.99,5119.60,289.181,1771775099999,1480179.61299,629,242.659,1242045.34163,0
1771775100000,5119.61,5120.50,5119.60,5120.50,204.131,1771775399999,1045169.74470,478,156.835,803004.78821,0
1771775400000,5120.49,5123.31,5120.49,5123.30,785.190,1771775699999,4022055.23414,1170,665.878,3410952.60329,0
1771775700000,5123.30,5125.00,5122.32,5123.00,752.065,1771775999999,3853479.53581,1193,342.359,1754219.72008,0
1771776000000,5123.00,5129.82,5122.99,5128.77,1257.378,1771776299999,6446653.30138,2365,822.762,4217874.09346,0
1771776300000,5128.77,5128.95,5128.00,5128.31,447.091,1771776599999,2292922.53203,1518,227.115,1164764.82181,0
1771776600000,5128.30,5128.95,5128.24,5128.86,154.912,1771776899999,794505.17737,461,96.585,495360.87460,0
1771776900000,5128.85,5128.86,5126.22,5126.51,190.610,1771777199999,977397.27724,659,41.109,210779.73166,0
1771777200000,5126.50,5127.93,5126.02,5126.10,449.170,1771777499999,2302761.42464,535,241.703,1239089.54049,0
1771777500000,5126.10,5129.38,5126.09,5128.33,542.970,1771777799999,2784096.51993,1000,377.475,1935529.16953,0
1771777800000,5128.32,5128.53,5127.12,5127.25,168.680,1771778099999,864977.38301,566,70.547,361772.58246,0
1771778100000,5127.25,5127.25,5125.51,5126.50,197.649,1771778399999,1013198.14701,613,63.415,325070.78296,0
1771778400000,5126.50,5126.55,5125.32,5125.32,65.843,1771778699999,337521.92776,247,20.143,103259.73945,0
1771778700000,5125.32,5126.56,5125.03,5126.56,94.564,1771778999999,484739.29290,383,48.526,248742.75731,0
1771779000000,5126.55,5126.59,5126.00,5126.59,150.824,1771779299999,773151.18345,372,77.645,398020.93196,0
1771779300000,5126.58,5128.87,5126.58,5127.31,221.231,1771779599999,1134354.78386,724,150.591,772137.73668,0
1771779600000,5127.31,5132.22,5127.31,5132.00,315.909,1771779899999,1620598.07052,1026,260.500,1336330.57092,0
1771779900000,5132.00,5133.00,5131.87,5132.54,304.556,1771780199999,1563183.63276,815,146.099,749857.21988,0
1771780200000,5132.53,5132.99,5131.49,5132.04,185.475,1771780499999,951928.66608,859,67.678,347358.50020,0
1771780500000,5132.03,5132.04,5129.60,5130.28,181.954,1771780799999,933567.85357,908,62.806,322246.91739,0
1771780800000,5130.28,5130.29,5128.04,5128.78,130.725,1771781099999,670459.74902,584,45.453,233113.29361,0
1771781100000,5128.77,5128.78,5127.33,5127.33,79.380,1771781399999,407058.39342,442,18.958,97217.84651,0
1771781400000,5127.33,5128.78,5127.00,5127.40,122.283,1771781699999,627016.04719,507,49.393,253273.06187,0
1771781700000,5127.40,5128.20,5126.34,5127.37,172.403,1771781999999,883956.72902,566,80.110,410736.23358,0
1771782000000,5127.37,5127.90,5127.00,5127.13,122.652,1771782299999,628890.09037,513,53.839,276047.99372,0
1771782300000,5127.13,5128.94,5126.65,5127.64,227.031,1771782599999,1164065.55961,1050,65.324,334960.62868,0
1771782600000,5127.65,5127.65,5126.31,5126.32,217.903,1771782899999,1117141.71684,799,27.368,140307.23513,0
1771782900000,5126.33,5126.99,5126.00,5126.08,246.011,1771783199999,1261137.20331,601,57.379,294142.34755,0
1771783200000,5126.07,5126.40,5124.16,5124.91,554.819,1771783499999,2843594.19175,1119,132.759,680393.43716,0
1771783500000,5124.90,5124.99,5124.15,5124.32,139.838,1771783799999,716621.01175,409,69.167,354459.14208,0
1771783800000,5124.32,5124.32,5123.55,5123.55,56.078,1771784099999,287345.04098,369,7.561,38742.32649,0
1771784100000,5123.56,5123.69,5123.55,5123.59,55.287,1771784399999,283267.24706,225,18.306,93791.96819,0
1771784400000,5123.59,5124.70,5123.50,5124.10,131.498,1771784699999,673746.92123,390,26.532,135944.09603,0
1771784700000,5124.10,5124.11,5123.71,5123.75,34.760,1771784999999,178102.60784,221,21.234,108798.16500,0
1771785000000,5123.75,5124.15,5123.67,5123.76,29.476,1771785299999,151031.49592,205,18.714,95888.13751,0
1771785300000,5123.76,5124.44,5123.75,5124.15,32.315,1771785599999,165592.41407,224,8.607,44103.36370,0
1771785600000,5124.15,5124.15,5123.50,5123.50,55.194,1771785899999,282801.77432,319,13.792,70667.46205,0
1771785900000,5123.51,5123.51,5123.40,5123.40,93.494,1771786199999,479016.31355,208,3.524,18055.24924,0
1771786200000,5123.41,5123.41,5123.20,5123.25,25.490,1771786499999,130593.38891,210,9.429,48307.32648,0
1771786500000,5123.26,5123.26,5122.39,5122.39,101.766,1771786799999,521332.22323,342,20.727,106183.97017,0
1771786800000,5122.40,5122.40,5122.27,5122.27,72.867,1771787099999,373249.78909,285,10.447,53513.11936,0
1771787100000,5122.27,5122.27,5122.21,5122.26,73.588,1771787399999,376935.68536,314,33.334,170744.78362,0
1771787400000,5122.26,5122.61,5122.26,5122.52,75.454,1771787699999,386501.80973,361,43.277,221680.10238,0
1771787700000,5122.51,5122.52,5122.30,5122.31,12.174,1771787999999,62359.22946,130,3.702,18962.93652,0
1771788000000,5122.30,5122.59,5122.20,5122.58,74.863,1771788299999,383475.01955,267,33.344,170801.29774,0
1771788300000,5122.59,5122.92,5122.35,5122.35,37.050,1771788599999,189791.77098,233,26.049,133437.27242,0
1771788600000,5122.36,5122.74,5122.35,5122.74,28.573,1771788899999,146369.10774,182,14.793,75778.68596,0
1771788900000,5122.74,5123.37,5122.74,5123.23,68.093,1771789199999,348836.08485,340,46.276,237066.72431,0
1771789200000,5123.28,5123.29,5123.10,5123.11,47.442,1771789499999,243052.48258,151,9.079,46513.51561,0
1771789500000,5123.10,5123.11,5123.10,5123.11,32.867,1771789799999,168381.04357,108,11.587,59361.47557,0
1771789800000,5123.11,5123.11,5122.20,5122.20,97.788,1771790099999,500969.11874,189,4.061,20803.61339,0
1771790100000,5122.21,5122.21,5122.00,5122.00,140.197,1771790399999,718108.17486,218,31.211,159865.24331,0
1771790400000,5122.01,5132.10,5122.01,5132.09,1238.310,1771790699999,6348869.71700,2116,1025.846,5259063.83675,0
1771790700000,5132.10,5132.80,5130.90,5131.61,322.166,1771790999999,1653286.41504,757,135.982,697828.10630,0
1771791000000,5131.61,5132.91,5131.60,5132.61,180.345,1771791299999,925545.67042,338,138.945,713058.28882,0
1771791300000,5132.60,5133.30,5132.60,5133.15,91.231,1771791599999,468289.70231,325,51.210,262859.79765,0
1771791600000,5133.15,5136.10,5133.15,5136.09,186.836,1771791899999,959370.72783,691,145.895,749147.49188,0
1771791900000,5136.09,5137.22,5132.60,5132.66,337.422,1771792199999,1733035.26011,993,111.438,572398.52888,0
1771792200000,5132.60,5132.85,5130.60,5130.92,244.265,1771792499999,1253416.56242,732,86.042,441499.41263,0
1771792500000,5130.94,5131.89,5130.57,5131.74,217.175,1771792799999,1114321.98414,600,157.964,810518.85013,0
1771792800000,5131.75,5132.00,5131.35,5131.35,64.840,1771793099999,332747.03918,416,43.856,225061.94150,0
1771793100000,5131.36,5131.36,5131.32,5131.35,21.510,1771793399999,110375.27993,131,5.140,26375.12946,0
1771793400000,5131.35,5133.79,5131.35,5131.81,313.854,1771793699999,1610937.81612,676,150.699,773491.46372,0
1771793700000,5131.81,5132.83,5129.46,5130.49,656.784,1771793999999,3369818.47793,1212,228.069,1170109.16691,0
1771794000000,5130.50,5131.57,5130.16,5131.01,166.704,1771794299999,855343.43589,672,75.760,388699.99896,0
1771794300000,5131.01,5131.50,5129.98,5130.75,402.460,1771794599999,2064810.06718,1045,213.371,1094680.62209,0
1771794600000,5130.75,5131.18,5130.75,5131.09,42.988,1771794899999,220567.48959,155,36.531,187436.97306,0
1771794900000,5131.09,5132.07,5131.09,5131.71,104.201,1771795199999,534722.19886,431,76.216,391109.31115,0
1771795200000,5131.71,5132.72,5131.70,5132.71,70.451,1771795499999,361566.76117,217,61.574,316008.95085,0
1771795500000,5132.72,5133.60,5132.71,5132.72,52.188,1771795799999,267873.99824,269,36.900,189400.11475,0
1771795800000,5132.72,5132.73,5131.63,5131.64,45.766,1771796099999,234876.29766,210,16.444,84389.69352,0
1771796100000,5131.63,5132.00,5131.09,5131.10,102.467,1771796399999,525822.74266,413,56.197,288382.49073,0
1771796400000,5131.10,5131.29,5130.00,5130.00,96.601,1771796699999,495639.92670,424,32.716,167857.99216,0
1771796700000,5130.01,5130.69,5129.82,5130.38,58.080,1771796999999,297948.59652,311,26.071,133744.03837,0
1771797000000,5130.38,5130.38,5129.68,5129.69,54.717,1771797299999,280694.81744,385,18.612,95479.86083,0
1771797300000,5129.69,5131.80,5129.68,5131.57,143.915,1771797599999,738332.64160,604,110.264,565693.14760,0
1771797600000,5131.56,5132.94,5131.56,5132.23,202.078,1771797899999,1037078.26040,528,154.202,791369.71096,0
1771797900000,5132.23,5136.19,5132.23,5134.43,358.170,1771798199999,1839146.12362,1054,261.212,1341243.48526,0
1771798200000,5134.43,5138.00,5134.43,5136.30,303.693,1771798499999,1559911.95236,931,234.277,1203346.08994,0
1771798500000,5136.30,5138.55,5136.17,5137.70,336.898,1771798799999,1730922.25043,910,217.495,1117432.58356,0
1771798800000,5137.69,5145.22,5137.07,5145.20,681.253,1771799099999,3501600.17829,1560,536.083,2755551.67161,0
1771799100000,5145.21,5148.87,5132.34,5139.75,1269.291,1771799399999,6527486.24599,3384,416.457,2142576.37708,0
1771799400000,5139.75,5140.69,5139.15,5139.15,101.768,1771799699999,523061.75776,670,52.197,268288.01176,0
1771799700000,5139.15,5140.19,5139.00,5139.87,127.131,1771799999999,653409.90968,566,69.134,355329.67943,0
1771800000000,5139.87,5140.93,5139.00,5139.23,239.821,1771800299999,1232588.18811,1023,182.246,936668.95874,0
1771800300000,5139.27,5140.20,5138.44,5139.46,147.516,1771800599999,758148.83627,738,66.055,339476.08387,0
1771800600000,5139.46,5140.57,5138.50,5140.52,215.378,1771800899999,1106971.24672,810,122.416,629173.71310,0
1771800900000,5140.52,5144.97,5139.40,5144.26,560.179,1771801199999,2880737.71469,1624,320.698,1649278.78754,0
1771801200000,5144.26,5144.27,5105.15,5116.03,10509.800,1771801499999,53796318.64265,17594,4624.351,23662408.82718,0
1771801500000,5116.04,5140.67,5115.38,5133.31,5006.165,1771801799999,25664924.59610,13248,2892.840,14828488.65067,0
1771801800000,5133.31,5141.36,5133.04,5140.83,2704.924,1771802099999,13896193.95922,6758,1421.090,7300884.31812,0
1771802100000,5140.83,5147.63,5136.77,5137.35,2260.209,1771802399999,11621891.60790,5490,1224.230,6295644.27869,0
1771802400000,5137.40,5142.99,5135.90,5141.69,905.250,1771802699999,4652868.21831,2881,478.821,2461019.75957,0
1771802700000,5141.69,5146.79,5138.85,5142.15,1282.186,1771802999999,6593614.80425,2890,676.431,3478570.00050,0
1771803000000,5142.15,5146.39,5139.75,5141.18,1399.819,1771803299999,7198643.65400,3383,671.591,3453627.91208,0
1771803300000,5141.45,5147.79,5141.22,5143.80,1448.396,1771803599999,7452050.36920,3482,716.115,3684422.19762,0
1771803600000,5143.79,5156.28,5143.64,5155.73,3144.369,1771803899999,16195612.43942,6622,1861.312,9587081.99279,0
1771803900000,5155.73,5158.60,5149.95,5156.14,2863.928,1771804199999,14761609.63312,5103,1628.674,8394669.03860,0
1771804200000,5156.15,5165.50,5154.37,5163.46,2491.300,1771804499999,12858916.44933,4978,1419.678,7327687.07698,0
1771804500000,5163.46,5168.88,5161.40,5161.71,1973.013,1771804799999,10189831.97540,4090,837.726,4326541.36418,0
1771804800000,5161.72,5166.93,5141.10,5150.91,8412.559,1771805099999,43340709.48220,13713,3996.624,20589474.32826,0
1771805100000,5150.91,5153.24,5141.21,5151.91,2808.966,1771805399999,14455004.20593,6744,1511.964,7780129.01026,0
1771805400000,5151.92,5152.79,5135.45,5140.41,2380.753,1771805699999,12240157.84670,6715,1255.494,6454479.75476,0
1771805700000,5140.42,5142.92,5133.04,5133.60,1688.345,1771805999999,8674865.33950,5392,805.522,4138779.75875,0
1771806000000,5133.60,5148.28,5132.02,5148.27,1909.367,1771806299999,9814564.59643,5931,1245.970,6405003.56898,0
1771806300000,5148.27,5154.38,5140.59,5154.38,1136.886,1771806599999,5851464.12024,3858,578.237,2976309.67960,0
1771806600000,5154.41,5162.29,5150.56,5152.06,2043.569,1771806899999,10538372.21133,5130,857.268,4420729.95736,0
1771806900000,5152.05,5154.45,5143.27,5146.68,1516.759,1771807199999,7808768.20239,4593,824.403,4244336.03226,0
1771807200000,5146.68,5151.89,5141.74,5143.44,510.346,1771807499999,2626025.88485,2423,233.834,1203213.70988,0
1771807500000,5143.20,5143.20,5137.53,5139.75,874.920,1771807799999,4497349.07721,3543,307.993,1583128.21971,0
1771807800000,5139.84,5147.31,5138.89,5146.35,678.382,1771808099999,3489063.94953,2561,441.168,2269035.39185,0
1771808100000,5146.36,5148.68,5145.01,5146.89,487.216,1771808399999,2507765.64765,1831,271.970,1399835.24322,0
1771808400000,5146.95,5151.78,5142.40,5151.46,1727.004,1771808699999,8888989.60437,4887,793.589,4084770.88643,0
1771808700000,5151.41,5159.90,5149.74,5157.21,1319.239,1771808999999,6800538.59789,4208,833.941,4299085.23143,0
1771809000000,5157.20,5157.21,5148.45,5149.94,618.775,1771809299999,3188451.31755,2448,302.361,1557989.31019,0
1771809300000,5149.95,5155.34,5148.70,5155.34,603.281,1771809599999,3108338.41570,2151,396.431,2042515.06740,0
1771809600000,5155.35,5161.72,5155.35,5158.62,818.107,1771809899999,4220980.96318,2854,465.005,2399100.96573,0
1771809900000,5158.62,5160.89,5155.43,5160.83,536.966,1771810199999,2769665.66535,1897,293.873,1515790.34945,0
1771810200000,5160.73,5162.69,5157.60,5159.99,693.654,1771810499999,3579519.64941,2104,291.471,1504188.03471,0
1771810500000,5159.99,5163.75,5159.49,5160.77,587.374,1771810799999,3031522.26344,1717,342.308,1766629.30911,0
1771810800000,5160.76,5170.50,5158.11,5169.16,1154.404,1771811099999,5963579.53472,3115,730.474,3773933.38072,0
1771811100000,5169.15,5170.15,5161.16,5166.26,1167.739,1771811399999,6031602.97571,2874,502.383,2595094.74554,0
1771811400000,5166.25,5169.99,5159.12,5159.45,744.110,1771811699999,3843477.15495,2382,362.275,1871641.78069,0
1771811700000,5159.44,5162.86,5159.43,5160.44,713.712,1771811999999,3683315.79487,2016,423.770,2186995.68559,0
1771812000000,5160.45,5165.26,5150.83,5164.97,1381.989,1771812299999,7131245.20800,3290,393.681,2032119.96714,0
1771812300000,5164.97,5168.68,5163.45,5168.00,400.953,1771812599999,2071205.25157,1461,211.347,1091728.84471,0
1771812600000,5167.99,5167.99,5161.55,5162.79,774.316,1771812899999,3998228.37334,2488,474.616,2450581.52805,0
1771812900000,5162.79,5170.45,5162.78,5163.36,1776.224,1771813199999,9178283.55833,3210,1250.538,6462091.08377,0
1771813200000,5163.35,5165.00,5161.48,5163.16,517.471,1771813499999,2671762.31764,1587,374.675,1934493.73304,0
1771813500000,5163.15,5166.06,5162.60,5164.11,349.734,1771813799999,1806231.56616,1309,197.904,1022045.40282,0
1771813800000,5164.11,5168.57,5164.10,5167.44,205.703,1771814099999,1062752.01658,1082,126.552,653785.09278,0
1771814100000,5167.44,5173.22,5167.12,5171.70,574.835,1771814399999,2972173.79583,2274,332.362,1718409.77361,0
1771814400000,5171.70,5178.44,5171.09,5176.86,806.077,1771814699999,4172459.66603,2561,513.927,2660209.80058,0
1771814700000,5176.86,5178.76,5173.91,5174.10,502.878,1771814999999,2603264.76489,1701,244.451,1265488.64656,0
1771815000000,5174.11,5176.35,5168.00,5176.35,726.688,1771815299999,3757685.45360,2076,380.802,1969138.13099,0
1771815300000,5176.36,5177.47,5175.16,5177.09,304.810,1771815599999,1577816.30092,1190,178.712,925088.79474,0
1771815600000,5177.10,5178.65,5175.94,5176.23,444.315,1771815899999,2300489.67764,1427,240.220,1243750.24028,0
1771815900000,5176.23,5178.30,5168.68,5169.44,1237.157,1771816199999,6400292.99486,2421,535.398,2769876.38228,0
1771816200000,5169.44,5169.45,5157.45,5162.49,1919.370,1771816499999,9909562.36896,4135,1059.527,5470463.06871,0
1771816500000,5162.40,5163.03,5157.72,5158.04,900.214,1771816799999,4644681.12292,3170,350.302,1807468.21022,0
1771816800000,5158.05,5164.70,5158.04,5164.16,582.223,1771817099999,3005292.63108,1350,278.194,1435886.89037,0
1771817100000,5164.17,5167.02,5164.07,5166.54,349.989,1771817399999,1807949.34627,1173,219.332,1133035.08158,0
1771817400000,5166.55,5171.54,5166.55,5168.80,559.944,1771817699999,2894643.31975,1578,218.851,1131271.11875,0
1771817700000,5168.80,5173.45,5167.71,5171.35,753.276,1771817999999,3895557.29252,1979,457.363,2365263.52372,0
1771818000000,5171.36,5172.82,5169.38,5170.50,402.801,1771818299999,2083107.63470,1269,184.971,956624.45266,0
1771818300000,5170.53,5172.39,5170.53,5172.24,241.763,1771818599999,1250358.75325,875,81.467,421318.37792,0
1771818600000,5172.25,5173.35,5170.80,5172.45,418.180,1771818899999,2162902.63263,1243,182.295,942865.53094,0
1771818900000,5172.45,5173.00,5166.78,5168.97,546.161,1771819199999,2823123.15867,1325,132.065,682716.44891,0
1771819200000,5168.97,5171.00,5165.00,5166.00,640.238,1771819499999,3308840.57961,1811,276.552,1429278.70453,0
1771819500000,5166.01,5167.29,5159.30,5159.31,877.907,1771819799999,4533069.52447,2318,293.024,1513376.26286,0
1771819800000,5159.31,5166.65,5159.31,5164.85,401.279,1771820099999,2071660.57430,1417,255.489,1318932.87887,0
1771820100000,5164.85,5166.15,5163.42,5166.14,140.003,1771820399999,723035.50136,854,55.292,285553.16704,0
1771820400000,5166.15,5166.17,5163.56,5164.09,239.144,1771820699999,1235227.06751,740,63.774,329376.06457,0
1771820700000,5164.08,5164.10,5161.65,5162.39,211.050,1771820999999,1089582.85662,862,83.907,433199.01192,0
1771821000000,5162.40,5165.99,5161.21,5161.40,240.130,1771821299999,1239887.34257,902,87.691,452806.37780,0
1771821300000,5161.44,5162.77,5158.35,5160.78,417.252,1771821599999,2153322.35842,1495,173.735,896593.65405,0
1771821600000,5160.78,5162.80,5160.69,5162.10,371.649,1771821899999,1918502.04609,885,73.681,380323.78271,0
1771821900000,5162.09,5164.37,5161.21,5163.66,219.967,1771822199999,1135609.32960,920,148.832,768353.21138,0
1771822200000,5163.66,5163.66,5161.11,5162.31,189.986,1771822499999,980803.03143,752,69.172,357101.66221,0
1771822500000,5162.26,5164.32,5161.88,5162.98,180.185,1771822799999,930315.85945,695,97.914,505536.56092,0
1771822800000,5162.98,5163.70,5157.70,5157.76,355.037,1771823099999,1832277.22759,1418,152.556,787419.66328,0
1771823100000,5157.75,5159.08,5155.25,5158.07,521.203,1771823399999,2687974.52870,1800,166.844,860444.04352,0
1771823400000,5158.14,5162.36,5157.11,5160.79,211.983,1771823699999,1093809.10745,1083,115.550,596191.02659,0
1771823700000,5160.80,5161.63,5157.08,5157.09,245.762,1771823999999,1268061.74396,995,75.405,389028.47140,0
1771824000000,5157.08,5159.54,5155.58,5157.06,510.111,1771824299999,2630866.02251,1139,242.027,1248266.42236,0
1771824300000,5157.06,5160.81,5155.94,5160.81,543.942,1771824599999,2805466.76820,1208,159.006,820092.43945,0
1771824600000,5160.66,5160.67,5157.46,5157.59,215.799,1771824899999,1113306.30828,721,79.253,408833.43750,0
1771824900000,5157.46,5158.97,5155.66,5155.66,322.316,1771825199999,1662356.42809,876,115.187,594129.01935,0
1771825200000,5155.67,5159.30,5155.67,5159.14,215.827,1771825499999,1113133.18751,741,161.451,832696.78588,0
1771825500000,5159.15,5161.99,5158.84,5160.91,286.390,1771825799999,1477834.10506,937,153.022,789634.98483,0
1771825800000,5160.91,5161.06,5159.10,5160.74,256.470,1771826099999,1323438.58456,852,142.552,735597.09751,0
1771826100000,5160.75,5161.50,5160.01,5160.64,285.618,1771826399999,1474026.67671,842,150.839,778447.15137,0
1771826400000,5160.63,5163.29,5160.20,5161.56,204.901,1771826699999,1057550.01935,931,132.470,683701.34961,0
1771826700000,5161.56,5163.37,5160.64,5161.08,260.715,1771826999999,1345845.79110,958,168.203,868280.19611,0
1771827000000,5161.07,5162.39,5161.07,5161.81,217.867,1771827299999,1124605.74321,871,104.785,540875.15278,0
1771827300000,5161.80,5163.15,5161.74,5163.15,183.713,1771827599999,948328.62998,554,77.731,401256.97566,0
1771827600000,5163.20,5163.94,5161.61,5161.86,251.517,1771827899999,1298473.66672,835,123.785,639043.60679,0
1771827900000,5161.86,5163.43,5155.89,5156.09,504.705,1771828199999,2603863.42364,1234,185.414,956701.76662,0
1771828200000,5156.25,5159.01,5155.55,5158.66,474.882,1771828499999,2449216.32477,1548,315.446,1626884.08305,0
1771828500000,5158.68,5159.61,5155.55,5157.03,424.409,1771828799999,2188831.67296,1293,170.410,878863.21620,0
1771828800000,5157.03,5157.38,5150.06,5150.75,877.393,1771829099999,4521595.94201,2576,288.845,1488403.45722,0
1771829100000,5150.75,5154.75,5148.34,5154.27,1188.910,1771829399999,6124338.44266,2468,528.205,2721165.80387,0
1771829400000,5154.28,5155.05,5150.43,5151.14,566.473,1771829699999,2918607.80937,1304,288.028,1483895.90417,0
1771829700000,5151.15,5151.15,5147.05,5148.20,764.508,1771829999999,3936238.70789,1810,220.668,1136129.60816,0
1771830000000,5148.20,5151.29,5142.64,5142.88,2183.723,1771830299999,11238506.09006,4321,997.989,5136143.99092,0
1771830300000,5142.89,5156.54,5141.00,5152.87,1455.821,1771830599999,7495470.45880,3358,656.431,3378968.09987,0
1771830600000,5152.87,5152.97,5149.35,5150.10,527.381,1771830899999,2716618.68705,1556,302.679,1559080.21496,0
1771830900000,5150.10,5152.24,5148.30,5148.30,872.040,1771831199999,4491339.97022,2005,599.519,3087769.03775,0
1771831200000,5148.31,5149.07,5140.36,5142.04,1570.375,1771831499999,8080010.36335,3153,1023.362,5265426.64918,0
1771831500000,5142.03,5143.69,5129.66,5138.69,2841.097,1771831799999,14588566.36376,5979,1177.454,6046380.45105,0
1771831800000,5138.68,5139.90,5131.89,5132.80,2071.687,1771832099999,10639408.85187,3716,723.237,3714114.01768,0
1771832100000,5132.75,5135.20,5127.45,5134.59,1733.698,1771832399999,8896022.56939,3791,703.050,3607466.18746,0
1771832400000,5134.58,5139.38,5133.86,5139.10,682.181,1771832699999,3504211.49835,2009,400.140,2055509.30740,0
1771832700000,5139.10,5140.45,5138.00,5139.75,551.099,1771832999999,2832210.07435,1857,333.020,1711481.93220,0
1771833000000,5139.74,5141.70,5138.59,5139.45,404.016,1771833299999,2076650.59530,1545,261.835,1345818.23695,0
1771833300000,5139.46,5142.50,5139.16,5140.12,455.273,1771833599999,2340505.64104,1512,308.368,1585346.51706,0
1771833600000,5139.89,5141.12,5133.95,5136.49,1036.132,1771833899999,5323140.58399,2824,492.421,2529935.10555,0
1771833900000,5136.50,5141.94,5135.27,5139.33,456.483,1771834199999,2346106.66051,1595,271.020,1392983.77779,0
1771834200000,5139.34,5141.23,5137.96,5141.23,352.812,1771834499999,1813349.20227,1331,222.540,1143799.60548,0
1771834500000,5141.23,5142.70,5138.29,5139.53,375.930,1771834799999,1932439.99856,1280,212.321,1091415.57784,0
1771834800000,5139.54,5141.00,5131.35,5131.35,628.605,1771835099999,3229079.89921,1796,301.655,1549650.46038,0
1771835100000,5131.20,5133.45,5125.53,5128.40,1413.528,1771835399999,7252251.37636,2839,601.545,3086413.32700,0
1771835400000,5128.31,5135.27,5125.67,5133.28,1152.274,1771835699999,5909956.39030,2687,709.930,3641221.78328,0
1771835700000,5133.29,5134.43,5130.01,5130.32,461.225,1771835999999,2367273.29436,1637,210.742,1081646.60131,0
1771836000000,5130.32,5131.20,5128.09,5131.00,455.124,1771836299999,2334643.23066,1414,257.510,1320962.88184,0
1771836300000,5130.99,5137.00,5130.75,5136.30,484.600,1771836599999,2488340.13012,1603,300.845,1544723.82209,0
1771836600000,5136.30,5140.41,5135.85,5140.41,333.885,1771836899999,1715518.05660,1376,201.391,1034770.98706,0
1771836900000,5140.41,5145.00,5140.40,5142.90,674.241,1771837199999,3467774.64562,1820,335.625,1726206.42923,0
1771837200000,5142.87,5145.75,5141.96,5145.00,805.235,1771837499999,4142431.37600,2027,520.604,2678123.34325,0
1771837500000,5144.99,5148.17,5143.73,5146.81,667.191,1771837799999,3433101.28230,1972,412.936,2124819.98961,0
1771837800000,5146.80,5149.66,5146.57,5148.74,387.341,1771838099999,1994166.47550,1444,195.255,1005213.95271,0
1771838100000,5148.75,5150.57,5148.43,5148.84,553.213,1771838399999,2848825.06956,1346,233.409,1201967.59346,0
1771838400000,5148.84,5150.80,5148.35,5149.36,654.459,1771838699999,3370165.24797,1450,175.959,906082.33675,0
1771838700000,5149.36,5151.51,5149.17,5151.38,462.560,1771838999999,2382425.82915,1239,181.924,936988.01264,0
1771839000000,5151.45,5153.78,5148.85,5150.24,753.686,1771839299999,3882660.30943,1457,402.819,2075322.67869,0
1771839300000,5150.25,5150.63,5146.20,5148.10,546.173,1771839599999,2811673.10302,1421,178.579,919341.74800,0
1771839600000,5148.21,5149.49,5146.06,5148.86,351.949,1771839899999,1811818.05543,1157,156.027,803230.85167,0
1771839900000,5148.94,5151.60,5146.95,5150.25,331.482,1771840199999,1706889.64515,997,130.367,671293.37640,0
1771840200000,5150.11,5150.40,5148.33,5149.82,186.096,1771840499999,958283.25529,832,93.997,484028.84935,0
1771840500000,5149.82,5151.76,5149.51,5151.75,349.133,1771840799999,1798198.38710,860,216.881,1117055.54128,0
1771840800000,5151.76,5155.50,5151.61,5154.30,499.387,1771841099999,2573835.88418,1635,284.017,1463840.45166,0
1771841100000,5154.31,5155.46,5149.90,5150.92,355.010,1771841399999,1829219.22376,1271,160.860,828802.79479,0
1771841400000,5150.96,5152.61,5150.00,5152.41,225.249,1771841699999,1160331.93055,934,129.959,669464.05761,0
1771841700000,5152.41,5155.55,5152.34,5155.07,531.205,1771841999999,2737920.72118,1289,227.551,1172744.86224,0
1771842000000,5155.07,5159.12,5153.51,5156.46,598.647,1771842299999,3086514.81793,1402,313.480,1616223.18530,0
1771842300000,5156.45,5158.50,5154.50,5158.20,541.086,1771842599999,2790227.53096,1820,188.108,970005.73692,0
1771842600000,5158.19,5159.66,5150.89,5152.05,865.627,1771842899999,4461650.93296,2451,367.665,1894843.09481,0
1771842900000,5152.05,5156.87,5148.64,5154.75,797.874,1771843199999,4112073.77307,1839,377.018,1942911.11508,0
1771843200000,5155.03,5156.79,5153.58,5154.31,237.236,1771843499999,1222969.78951,1005,85.972,443189.20818,0
1771843500000,5154.31,5157.40,5154.31,5157.39,243.657,1771843799999,1256248.15627,753,109.881,566510.51701,0
1771843800000,5157.40,5162.44,5156.01,5162.22,705.327,1771844099999,3639449.80965,1568,368.936,1903706.98981,0
1771844100000,5162.15,5165.63,5162.15,5165.10,564.869,1771844399999,2917119.32692,1577,218.069,1126161.79845,0
1771844400000,5165.10,5165.84,5163.25,5165.41,404.453,1771844699999,2088908.82326,1121,124.153,641236.98554,0
1771844700000,5165.41,5165.45,5161.30,5162.81,463.739,1771844999999,2394249.00470,1198,212.069,1094787.31944,0
1771845000000,5162.81,5163.30,5157.05,5157.06,528.933,1771845299999,2729435.29916,1286,216.279,1115965.69306,0
1771845300000,5157.06,5157.75,5151.08,5153.00,778.152,1771845599999,4010543.15070,1869,493.680,2544351.66153,0
1771845600000,5153.00,5153.25,5150.10,5151.44,337.074,1771845899999,1736440.85731,1364,187.020,963412.12804,0
1771845900000,5151.44,5155.63,5151.44,5153.26,286.969,1771846199999,1479082.14517,1074,112.999,582367.98314,0
1771846200000,5153.26,5155.00,5151.26,5153.40,331.679,1771846499999,1709253.09302,1028,144.960,747056.39005,0
1771846500000,5153.35,5156.00,5153.14,5154.14,248.709,1771846799999,1281942.42180,982,141.780,730748.14087,0
1771846800000,5154.13,5154.13,5152.08,5153.40,307.542,1771847099999,1584865.74169,905,140.908,726130.51233,0
1771847100000,5153.41,5156.81,5153.41,5156.41,311.303,1771847399999,1604871.03702,845,154.224,795065.33240,0
1771847400000,5156.41,5156.88,5155.40,5155.40,194.673,1771847699999,1003789.45101,769,72.934,376066.52190,0
1771847700000,5155.36,5155.45,5152.59,5152.95,297.173,1771847999999,1531498.11038,876,144.423,744261.41098,0
1771848000000,5152.89,5156.85,5152.00,5155.60,750.653,1771848299999,3869410.42387,1848,407.807,2102033.52087,0
1771848300000,5155.61,5155.61,5150.52,5152.05,312.150,1771848599999,1608408.78765,1131,173.715,895053.95585,0
1771848600000,5152.11,5153.38,5150.78,5151.79,360.850,1771848899999,1858995.66140,1211,182.929,942364.15259,0
1771848900000,5151.79,5153.78,5151.75,5152.06,350.673,1771849199999,1806902.91117,832,148.694,766143.84023,0
1771849200000,5152.06,5153.80,5151.10,5152.18,367.778,1771849499999,1894898.16878,929,161.528,832186.02706,0
1771849500000,5152.02,5152.32,5147.51,5151.52,555.323,1771849799999,2859995.18985,1220,178.000,916798.18675,0
1771849800000,5151.52,5155.70,5151.52,5154.15,392.062,1771850099999,2020655.07939,1375,217.220,1119512.38486,0
1771850100000,5154.15,5160.42,5152.35,5160.12,518.654,1771850399999,2674198.77881,1495,355.331,1832234.90592,0
1771850400000,5160.12,5166.48,5159.90,5166.48,562.916,1771850699999,2906410.54274,1796,311.845,1610118.66950,0
1771850700000,5166.48,5167.00,5162.70,5162.87,559.707,1771850999999,2890970.10709,1614,200.123,1033679.97691,0
1771851000000,5162.87,5167.56,5161.67,5166.02,803.206,1771851299999,4148015.03832,1704,318.198,1643428.84885,0
1771851300000,5166.02,5167.67,5165.00,5166.59,449.929,1771851599999,2324631.45737,1306,205.535,1061932.52547,0
1771851600000,5166.58,5167.97,5162.68,5162.76,532.034,1771851899999,2747939.17475,1700,219.413,1133294.18866,0
1771851900000,5162.80,5162.81,5157.00,5158.56,762.316,1771852199999,3933319.62730,1927,281.015,1450003.95117,0
1771852200000,5158.65,5159.82,5156.12,5157.64,569.348,1771852499999,2936535.38346,1386,354.938,1830616.94212,0
1771852500000,5157.60,5159.40,5154.61,5158.73,482.378,1771852799999,2487650.90926,1397,304.930,1572547.79738,0
1771852800000,5158.73,5158.79,5150.66,5151.49,1010.993,1771853099999,5210708.42763,2511,323.885,1669211.23421,0
1771853100000,5151.48,5152.97,5146.10,5151.91,1059.191,1771853399999,5454169.33437,2772,452.752,2331519.58812,0
1771853400000,5151.91,5155.82,5149.72,5155.35,1015.667,1771853699999,5233944.00292,2433,529.274,2727504.71949,0
1771853700000,5155.39,5155.69,5152.28,5152.65,304.062,1771853999999,1567100.61330,1220,143.117,737613.58347,0
1771854000000,5152.75,5154.95,5150.41,5154.95,388.586,1771854299999,2002151.39937,1471,187.267,964947.71671,0
1771854300000,5154.94,5155.20,5149.80,5152.67,586.815,1771854599999,3023220.29865,1866,251.603,1296240.13724,0
1771854600000,5152.80,5153.70,5151.31,5151.46,266.224,1771854899999,1371721.49434,922,96.682,498143.40138,0
1771854900000,5151.46,5152.64,5147.90,5148.54,502.627,1771855199999,2588583.67854,1916,245.811,1265947.63862,0
1771855200000,5148.45,5151.29,5144.02,5151.29,1211.213,1771855499999,6234321.32454,3055,494.378,2544759.82630,0
1771855500000,5151.29,5154.95,5150.43,5152.75,813.713,1771855799999,4193378.18914,1950,628.316,3238043.15150,0
1771855800000,5152.74,5159.81,5152.36,5159.60,1111.459,1771856099999,5728831.60020,2315,947.159,4881824.92553,0
1771856100000,5159.60,5163.39,5159.11,5163.31,566.224,1771856399999,2922482.89180,2247,381.293,1968000.30500,0
1771856400000,5163.38,5167.51,5162.70,5166.18,613.192,1771856699999,3167199.44805,2059,320.584,1655793.99602,0
1771856700000,5166.19,5167.35,5164.85,5166.75,550.943,1771856999999,2846235.86243,1919,261.713,1352049.58471,0
1771857000000,5166.74,5175.94,5166.74,5173.65,1945.045,1771857299999,10060581.33571,4537,894.181,4624873.80368,0
1771857300000,5173.36,5186.40,5173.14,5185.68,2270.152,1771857599999,11761443.59564,5679,1083.837,5615341.03706,0
1771857600000,5185.68,5193.37,5183.77,5193.15,1682.176,1771857899999,8726703.72744,4704,911.645,4729643.85369,0
1771857900000,5193.16,5201.44,5193.16,5196.15,3557.679,1771858199999,18490888.40508,7902,1637.212,8509729.71043,0
1771858200000,5196.16,5201.64,5194.25,5198.01,2143.078,1771858499999,11139684.46959,4625,963.174,5006969.35669,0
1771858500000,5198.00,5201.97,5190.15,5193.99,1355.973,1771858799999,7044662.18655,4241,571.394,2968704.20757,0
1771858800000,5193.99,5195.40,5183.89,5190.60,2463.388,1771859099999,12783839.03481,6295,1125.502,5840616.89640,0
1771859100000,5191.05,5200.43,5189.81,5199.80,1519.023,1771859399999,7893215.97573,3943,954.334,4958904.11563,0
1771859400000,5199.73,5200.20,5189.55,5200.19,1214.635,1771859699999,6311411.09796,3608,603.664,3136688.56725,0
1771859700000,5200.20,5201.00,5196.03,5200.80,1144.150,1771859999999,5948718.20697,3776,443.090,2303657.84157,0
1771860000000,5200.92,5204.92,5194.45,5196.20,987.631,1771860299999,5135973.82077,4056,500.729,2604269.21245,0
1771860300000,5196.20,5201.38,5193.91,5198.74,769.571,1771860599999,4000299.75926,2936,373.684,1942411.28540,0
1771860600000,5198.73,5199.93,5194.16,5194.61,1000.768,1771860899999,5201618.29880,2910,364.955,1896939.97932,0
1771860900000,5194.60,5201.08,5188.65,5200.21,1127.454,1771861199999,5857058.46844,3215,595.511,3093606.82099,0
1771861200000,5200.21,5203.50,5197.44,5202.31,801.648,1771861499999,4169937.32843,2635,376.107,1956423.47309,0
1771861500000,5202.30,5205.70,5198.06,5203.54,855.311,1771861799999,4449202.33741,2850,499.184,2596765.97611,0
1771861800000,5203.33,5204.94,5195.55,5197.69,1011.789,1771862099999,5261703.24115,3186,430.262,2237522.34447,0
1771862100000,5197.55,5200.86,5193.15,5197.50,1105.681,1771862399999,5746399.16183,3613,512.946,2665827.88062,0
1771862400000,5197.45,5197.45,5179.00,5182.80,2666.889,1771862699999,13833287.83275,6241,1180.071,6121006.35106,0
1771862700000,5182.80,5198.70,5181.85,5198.50,1311.027,1771862999999,6804104.30836,4002,885.554,4595839.85389,0
1771863000000,5198.50,5205.63,5198.30,5203.99,1328.795,1771863299999,6912111.84361,3295,697.252,3627116.94228,0
1771863300000,5203.99,5219.91,5203.03,5218.18,2614.387,1771863599999,13626190.34618,6429,1658.424,8643668.32114,0
1771863600000,5218.15,5220.99,5215.38,5219.03,1643.382,1771863899999,8575540.19663,4325,943.900,4925678.01961,0
1771863900000,5219.15,5220.50,5216.30,5216.35,1161.957,1771864199999,6064084.62135,2902,523.033,2729761.37501,0
1771864200000,5216.45,5217.22,5209.87,5212.80,1760.362,1771864499999,9177504.56032,3938,645.562,3365544.37208,0
1771864500000,5212.66,5216.48,5212.11,5213.32,665.690,1771864799999,3470880.84947,2203,403.231,2102367.53486,0
1771864800000,5213.39,5214.30,5211.58,5212.35,500.492,1771865099999,2609043.91320,1904,300.854,1568330.20254,0
1771865100000,5212.36,5213.51,5209.60,5212.00,611.402,1771865399999,3186318.27195,2077,314.940,1641335.12152,0
1771865400000,5212.00,5220.00,5211.35,5215.27,1029.975,1771865699999,5370863.81984,2557,731.623,3814853.79313,0
1771865700000,5215.20,5216.70,5211.61,5212.35,621.089,1771865999999,3238927.34837,2178,304.195,1586237.10621,0
1771866000000,5212.36,5214.60,5211.16,5213.85,674.024,1771866299999,3513766.38271,2149,326.190,1700479.52724,0
1771866300000,5213.89,5215.43,5210.00,5211.44,584.026,1771866599999,3044383.40148,2232,267.282,1393280.39691,0
1771866600000,5211.44,5212.19,5203.06,5206.31,1057.113,1771866899999,5504046.74992,3075,455.888,2373554.97545,0
1771866900000,5206.05,5212.14,5205.10,5208.81,857.432,1771867199999,4467052.77604,2410,487.466,2539510.35895,0
1771867200000,5208.80,5211.00,5206.44,5211.00,564.899,1771867499999,2942431.05185,1803,309.720,1613284.76809,0
1771867500000,5210.99,5214.85,5210.52,5212.18,561.865,1771867799999,2929077.99933,1666,344.616,1796546.19508,0
1771867800000,5212.19,5212.76,5209.51,5209.95,191.937,1771868099999,1000281.88364,1057,90.860,473501.24952,0
1771868100000,5209.94,5209.94,5193.68,5198.44,2031.066,1771868399999,10560048.83916,5304,884.448,4598078.25407,0
1771868400000,5198.65,5205.92,5197.81,5201.07,926.865,1771868699999,4821186.65429,2712,454.230,2362411.76346,0
1771868700000,5201.39,5203.19,5198.41,5201.01,724.276,1771868999999,3766593.24105,1986,257.141,1337191.19290,0
1771869000000,5201.01,5208.86,5200.81,5206.80,471.704,1771869299999,2455601.10871,1680,220.697,1148887.46210,0
1771869300000,5206.79,5209.00,5206.16,5208.59,653.386,1771869599999,3402555.51997,2031,246.382,1283039.37949,0
1771869600000,5208.59,5212.00,5208.17,5211.44,591.268,1771869899999,3080505.20492,1523,225.650,1175657.43247,0
1771869900000,5211.40,5216.40,5211.40,5216.32,459.492,1771870199999,2395845.40074,1600,323.177,1685046.58946,0
1771870200000,5216.31,5217.38,5215.01,5215.22,359.421,1771870499999,1874861.62795,1285,175.508,915527.02825,0
1771870500000,5215.05,5215.05,5209.04,5209.50,536.598,1771870799999,2796482.16235,1775,215.916,1125290.30936,0
1771870800000,5209.51,5214.57,5208.53,5209.15,496.225,1771871099999,2585857.58867,1583,231.574,1206722.77438,0
1771871100000,5209.06,5210.14,5203.71,5208.76,814.048,1771871399999,4238582.70553,2527,470.964,2452198.47767,0
1771871400000,5208.76,5212.82,5208.55,5211.02,277.793,1771871699999,1447421.64747,1162,123.357,642716.71846,0
1771871700000,5210.93,5215.54,5210.11,5211.16,588.256,1771871999999,3066243.62482,1440,310.185,1616784.22312,0
1771872000000,5211.16,5212.95,5208.60,5209.39,223.251,1771872299999,1163273.00182,927,86.897,452819.09827,0
1771872300000,5209.39,5212.29,5208.76,5211.61,237.441,1771872599999,1237274.52408,876,123.979,646042.10196,0
1771872600000,5211.61,5214.43,5211.23,5212.93,192.547,1771872899999,1003665.11139,867,98.272,512245.37082,0
1771872900000,5212.93,5213.66,5211.23,5212.29,140.350,1771873199999,731569.49598,603,47.997,250173.40753,0
1771873200000,5212.28,5212.50,5209.80,5211.60,215.843,1771873499999,1124839.17706,1051,86.297,449702.87065,0
1771873500000,5211.61,5212.29,5209.33,5211.91,231.054,1771873799999,1203901.70563,911,102.020,531588.26917,0
1771873800000,5211.91,5214.29,5211.30,5213.51,215.081,1771874099999,1121215.68219,787,158.382,825654.59282,0
1771874100000,5213.80,5216.20,5213.79,5214.54,167.585,1771874399999,873981.02559,715,78.954,411741.66089,0
1771874400000,5214.54,5217.25,5213.25,5213.56,490.816,1771874699999,2559524.01150,1296,160.310,836082.79103,0
1771874700000,5213.25,5214.67,5209.16,5210.83,224.212,1771874999999,1168697.70928,1045,94.862,494462.98125,0
1771875000000,5210.84,5213.60,5210.20,5213.59,204.630,1771875299999,1066439.31006,831,130.162,678365.74315,0
1771875300000,5213.59,5216.50,5211.60,5216.49,315.851,1771875599999,1646824.27720,1196,192.182,1002040.65588,0
1771875600000,5216.49,5218.30,5213.27,5218.30,461.466,1771875899999,2406880.69014,1441,222.601,1161033.34679,0
1771875900000,5218.30,5219.40,5216.85,5217.95,331.532,1771876199999,1729959.39060,1151,150.614,785903.59425,0
1771876200000,5217.94,5218.49,5215.51,5217.61,238.896,1771876499999,1246390.34843,920,93.132,485883.37054,0
1771876500000,5217.60,5217.60,5215.72,5215.75,242.826,1771876799999,1266717.24925,702,71.060,370693.11071,0
1771876800000,5215.75,5223.88,5215.75,5223.05,861.801,1771877099999,4499576.19321,2092,482.648,2519882.38852,0
1771877100000,5223.06,5224.36,5220.36,5224.36,439.792,1771877399999,2296821.54835,1241,281.091,1468010.36453,0
1771877400000,5224.35,5225.81,5222.85,5224.20,452.464,1771877699999,2363914.89815,1334,225.600,1178650.03526,0
1771877700000,5224.18,5225.88,5223.10,5225.71,257.650,1771877999999,1346079.21081,933,151.552,791730.75377,0
1771878000000,5225.70,5228.60,5225.65,5227.32,494.004,1771878299999,2582114.46529,1147,351.978,1839754.79262,0
1771878300000,5227.36,5228.85,5226.95,5228.17,403.238,1771878599999,2108146.45517,1035,237.922,1243878.92604,0
1771878600000,5228.15,5232.60,5227.70,5230.80,828.358,1771878899999,4332679.06907,1880,515.595,2696894.80748,0
1771878900000,5230.80,5232.87,5230.80,5231.99,160.223,1771879199999,838236.47895,712,116.412,609029.82284,0
1771879200000,5232.00,5232.20,5230.50,5230.81,278.112,1771879499999,1454934.48547,790,103.544,541679.32691,0
1771879500000,5230.80,5231.76,5227.75,5230.73,258.758,1771879799999,1353249.51671,1101,117.376,613876.90138,0
1771879800000,5230.74,5237.82,5230.74,5236.13,538.144,1771880099999,2817122.80127,1748,372.255,1948627.67053,0
1771880100000,5236.13,5239.24,5232.91,5238.03,668.381,1771880399999,3499887.28359,1768,345.597,1809700.15403,0
1771880400000,5238.02,5239.32,5236.50,5236.94,460.467,1771880699999,2411703.48941,1157,187.569,982412.62517,0
1771880700000,5236.94,5236.94,5234.08,5235.67,402.594,1771880999999,2107776.03828,1062,174.568,913932.38258,0
1771881000000,5235.48,5235.83,5231.22,5232.53,300.564,1771881299999,1573159.91642,757,139.918,732237.89539,0
1771881300000,5232.52,5233.29,5230.65,5232.70,339.369,1771881599999,1775526.76525,1030,153.552,803345.39563,0
1771881600000,5232.70,5233.80,5232.32,5232.45,162.963,1771881899999,852777.92219,544,63.514,332366.13299,0
1771881900000,5232.45,5233.49,5231.80,5232.25,151.051,1771882199999,790410.09967,509,75.303,394045.09625,0
1771882200000,5232.25,5233.52,5228.70,5233.51,299.650,1771882499999,1567436.32592,1122,177.415,928028.56910,0
1771882500000,5233.51,5235.30,5231.55,5231.99,156.649,1771882799999,819834.31166,623,68.761,359839.63338,0
1771882800000,5231.99,5232.36,5230.37,5230.66,264.826,1771883099999,1385387.84606,761,142.999,748056.54662,0
1771883100000,5230.65,5232.03,5228.27,5231.95,301.150,1771883399999,1575026.35779,796,170.897,893811.67366,0
1771883400000,5232.09,5232.74,5229.33,5231.07,287.917,1771883699999,1506108.04280,724,123.810,647626.13387,0
1771883700000,5230.98,5231.63,5228.89,5229.71,145.346,1771883999999,760192.26340,676,65.784,344050.11086,0
1771884000000,5229.70,5229.71,5226.30,5226.30,157.783,1771884299999,824918.33497,527,75.063,392422.45607,0
1771884300000,5226.31,5229.97,5226.30,5229.90,172.893,1771884599999,903886.64216,544,117.700,615328.43011,0
1771884600000,5229.89,5231.55,5229.30,5229.30,75.579,1771884899999,395317.59021,487,28.489,149012.00466,0
1771884900000,5229.30,5231.40,5229.04,5230.97,159.817,1771885199999,835912.86283,502,45.609,238541.97313,0
1771885200000,5230.96,5232.00,5230.66,5230.66,97.422,1771885499999,509671.77486,542,48.637,254448.81649,0
1771885500000,5230.65,5232.26,5230.65,5232.26,84.375,1771885799999,441398.53399,280,61.042,319337.41788,0
1771885800000,5232.26,5232.66,5232.25,5232.66,29.396,1771886099999,153809.48813,175,25.912,135580.26771,0
1771886100000,5232.66,5233.80,5232.66,5233.59,96.688,1771886399999,505987.14339,323,73.139,382752.30084,0
1771886400000,5233.59,5234.34,5232.60,5233.91,158.838,1771886699999,831272.58573,747,76.752,401683.02929,0
1771886700000,5233.91,5234.02,5233.78,5233.78,44.682,1771886999999,233861.55078,272,12.106,63361.23449,0
1771887000000,5233.78,5234.89,5233.66,5234.89,96.208,1771887299999,503559.16270,803,61.201,320333.01402,0
1771887300000,5234.89,5235.00,5234.44,5234.50,85.811,1771887599999,449195.25599,439,46.560,243728.40751,0
1771887600000,5234.51,5249.99,5228.00,5245.21,3250.952,1771887899999,17038738.60740,7412,1907.052,9995356.58936,0
1771887900000,5245.07,5248.49,5237.00,5244.47,2468.444,1771888199999,12943776.36922,5062,1214.700,6369534.64385,0
1771888200000,5244.36,5253.40,5243.47,5247.70,2898.595,1771888499999,15213702.87323,5195,1877.734,9855913.43385,0
1771888500000,5247.14,5253.15,5246.85,5249.01,1063.784,1771888799999,5584854.93842,2874,489.649,2570633.50546,0
1771888800000,5249.01,5250.60,5240.77,5242.33,699.464,1771889099999,3669710.95916,2230,306.415,1607553.16026,0
1771889100000,5243.05,5246.97,5237.01,5239.21,1024.073,1771889399999,5367094.97486,2485,446.765,2341494.77391,0
1771889400000,5239.26,5249.88,5239.25,5248.33,981.093,1771889699999,5145569.49812,2582,609.252,3195016.30566,0
1771889700000,5248.31,5250.00,5241.65,5243.96,740.257,1771889999999,3883086.13627,1996,383.601,2012094.44313,0
1771890000000,5243.91,5245.62,5240.81,5245.61,588.346,1771890299999,3084958.82235,1791,406.757,2132804.85992,0
1771890300000,5245.61,5246.09,5242.66,5244.51,600.368,1771890599999,3148425.20430,1959,267.306,1401801.22601,0
1771890600000,5244.45,5244.45,5237.93,5238.24,871.625,1771890899999,4567575.49630,2421,366.694,1921578.03302,0
1771890900000,5238.37,5242.12,5237.68,5238.39,613.012,1771891199999,3212030.91838,1961,240.234,1258738.90825,0
1771891200000,5238.30,5238.38,5221.27,5232.44,3567.664,1771891499999,18651475.27804,8255,1439.105,7521912.32290,0
1771891500000,5232.45,5235.61,5225.75,5229.44,1911.887,1771891799999,10000374.36572,4627,823.085,4304901.58330,0
1771891800000,5229.45,5234.29,5228.70,5232.09,945.843,1771892099999,4948305.18829,2682,442.356,2314211.10001,0
1771892100000,5232.14,5237.99,5231.95,5234.11,589.097,1771892399999,3083867.88869,2126,304.610,1594590.34811,0
1771892400000,5234.15,5240.00,5232.75,5238.01,767.409,1771892699999,4018852.52639,2579,418.328,2190627.15904,0
1771892700000,5238.01,5238.72,5228.00,5229.00,737.600,1771892999999,3859308.35797,2462,420.540,2200429.03621,0
1771893000000,5229.11,5233.64,5228.70,5231.40,1143.533,1771893299999,5982954.16397,2759,662.720,3467411.23970,0
1771893300000,5231.31,5234.57,5228.11,5230.19,843.354,1771893599999,4411132.61590,2481,418.255,2187622.01388,0
1771893600000,5230.19,5232.80,5229.21,5232.80,385.368,1771893899999,2015779.14293,1480,241.455,1262969.48561,0
1771893900000,5232.79,5233.80,5231.15,5231.89,290.997,1771894199999,1522532.23408,1059,94.553,494697.08668,0
1771894200000,5231.89,5233.61,5229.40,5229.60,585.108,1771894499999,3060817.63649,1821,258.036,1349742.47791,0
1771894500000,5229.55,5229.55,5223.40,5226.66,1761.281,1771894799999,9203895.88981,4596,675.345,3529123.59900,0
1771894800000,5226.65,5226.65,5202.13,5214.65,7349.752,1771895099999,38317927.33926,20336,3271.692,17057580.45728,0
1771895100000,5214.54,5214.66,5197.05,5208.14,4044.413,1771895399999,21049449.24869,14341,1889.086,9832288.87880,0
1771895400000,5207.90,5211.59,5186.34,5188.65,4375.794,1771895699999,22737805.59296,12474,2095.258,10888580.84313,0
1771895700000,5188.50,5191.95,5148.46,5164.22,11240.197,1771895999999,58056457.72621,20084,5459.795,28193472.73703,0
1771896000000,5164.22,5175.35,5155.41,5155.96,5499.797,1771896299999,28414760.64667,11466,2747.111,14192583.02527,0
1771896300000,5155.95,5173.81,5153.28,5169.70,5424.868,1771896599999,28015174.34246,10371,3087.756,15944042.16794,0
1771896600000,5169.69,5179.93,5166.28,5175.64,3529.649,1771896899999,18260408.22033,8708,2234.955,11562983.59752,0
1771896900000,5175.65,5181.14,5167.50,5169.49,2124.016,1771897199999,10989658.06441,6442,1112.886,5758972.31171,0
1771897200000,5169.40,5179.64,5168.51,5176.95,856.766,1771897499999,4432692.37249,3897,538.305,2785118.90721,0
1771897500000,5177.00,5182.72,5176.46,5181.95,758.023,1771897799999,3926587.11857,3167,396.903,2055971.36519,0
1771897800000,5181.95,5182.65,5168.93,5169.79,1346.946,1771898099999,6970108.04079,4672,641.495,3319848.13657,0
1771898100000,5169.80,5179.72,5167.20,5179.71,1352.268,1771898399999,6994934.45364,4041,788.318,4077984.32750,0
1771898400000,5179.72,5184.31,5174.13,5174.69,1552.765,1771898699999,8043904.53356,4396,575.287,2980152.50638,0
1771898700000,5174.69,5179.17,5170.10,5175.63,862.240,1771898999999,4462516.04154,2842,448.463,2320960.07170,0
1771899000000,5175.66,5177.54,5170.36,5175.43,586.317,1771899299999,3033618.59295,2151,297.520,1539367.89269,0
1771899300000,5175.44,5177.49,5168.89,5175.26,581.209,1771899599999,3006920.47882,2259,243.593,1260233.07866,0
1771899600000,5175.26,5176.95,5170.04,5171.75,373.015,1771899899999,1929778.00200,1520,219.558,1135877.24785,0
1771899900000,5171.69,5175.96,5169.50,5175.60,597.454,1771900199999,3090749.28539,1709,261.410,1352237.85981,0
1771900200000,5175.73,5188.00,5175.37,5187.10,1745.842,1771900499999,9049627.63178,3406,987.490,5118668.85757,0
1771900500000,5187.05,5191.97,5183.96,5191.31,964.716,1771900799999,5005342.65413,2368,566.092,2937280.05888,0
1771900800000,5191.31,5191.96,5186.71,5187.01,857.514,1771901099999,4449758.37968,2351,375.073,1946296.99954,0
1771901100000,5186.95,5190.62,5186.73,5189.55,526.233,1771901399999,2730540.81686,2017,260.508,1351725.00027,0
1771901400000,5189.54,5193.31,5187.45,5187.95,790.346,1771901699999,4102568.30849,2121,401.549,2084395.01882,0
1771901700000,5187.94,5193.24,5186.56,5192.30,674.818,1771901999999,3502284.90545,1637,391.389,2031315.61010,0
1771902000000,5192.29,5192.66,5189.35,5189.57,562.213,1771902299999,2918603.56536,1535,195.047,1012526.33303,0
1771902300000,5189.58,5195.34,5189.20,5191.05,617.869,1771902599999,3207746.20419,1685,348.328,1808309.59210,0
1771902600000,5190.91,5191.55,5189.11,5191.55,477.566,1771902899999,2478701.97224,1359,249.161,1293210.18468,0
1771902900000,5191.55,5192.73,5189.42,5190.19,392.208,1771903199999,2035886.55575,1135,177.283,920226.92237,0
1771903200000,5190.24,5191.86,5186.16,5189.81,505.606,1771903499999,2623476.16728,1493,218.799,1135218.39788,0
1771903500000,5189.81,5189.82,5184.45,5185.09,447.276,1771903799999,2319694.93264,1395,166.320,862571.53563,0
1771903800000,5185.09,5188.11,5184.56,5188.11,377.025,1771904099999,1955162.53939,1281,198.325,1028519.92766,0
1771904100000,5188.04,5190.99,5187.50,5187.59,516.012,1771904399999,2677819.94703,1242,214.579,1113537.55724,0
1771904400000,5187.58,5188.70,5179.27,5182.56,724.613,1771904699999,3756019.18309,1683,316.182,1638861.79242,0
1771904700000,5182.64,5183.06,5177.25,5178.90,936.582,1771904999999,4851286.43737,2091,210.940,1092549.98181,0
1771905000000,5178.90,5180.00,5176.15,5178.19,446.584,1771905299999,2312364.40526,1331,152.713,790720.78008,0
1771905300000,5178.20,5179.19,5173.66,5174.55,699.262,1771905599999,3619121.48954,1619,291.085,1506538.70756,0
1771905600000,5174.70,5174.70,5165.30,5168.01,1775.645,1771905899999,9177756.73800,4035,818.370,4229638.32936,0
1771905900000,5168.01,5173.94,5166.22,5171.70,1039.568,1771906199999,5374849.93063,2258,649.764,3359221.42268,0
1771906200000,5171.54,5172.90,5169.55,5170.35,448.297,1771906499999,2318091.57508,1112,176.314,911707.13689,0
1771906500000,5170.35,5175.70,5170.35,5173.80,454.265,1771906799999,2350151.53120,1178,291.890,1510026.15983,0
1771906800000,5173.79,5177.45,5173.79,5174.68,355.818,1771907099999,1841516.27534,1195,209.800,1085780.57920,0
1771907100000,5174.68,5176.00,5172.60,5175.14,320.381,1771907399999,1657799.97468,1198,160.154,828716.84094,0
1771907400000,5175.14,5175.84,5167.93,5170.25,993.788,1771907699999,5138293.80932,1784,229.728,1187875.16451,0
1771907700000,5170.24,5171.95,5168.01,5171.95,572.696,1771907999999,2961039.90688,1243,431.624,2231783.80730,0
1771908000000,5171.95,5173.79,5167.06,5167.06,371.309,1771908299999,1919913.14523,1421,122.074,631270.61038,0
1771908300000,5167.06,5172.80,5166.11,5172.45,555.719,1771908599999,2872859.38246,1463,291.798,1508439.04240,0
1771908600000,5172.45,5172.49,5169.51,5170.57,300.684,1771908899999,1554932.68760,870,118.973,615224.11877,0
1771908900000,5170.57,5171.40,5169.86,5170.68,202.719,1771909199999,1048186.47106,699,116.694,603371.20236,0
1771909200000,5170.68,5174.00,5166.73,5172.61,440.883,1771909499999,2279433.83665,1645,186.536,964394.18106,0
1771909500000,5172.60,5173.95,5169.66,5173.64,691.065,1771909799999,3574682.29880,1693,401.233,2075533.02390,0
1771909800000,5173.64,5177.64,5173.30,5175.54,1169.140,1771910099999,6050882.46741,1987,913.931,4729926.37170,0
1771910100000,5175.55,5176.84,5173.66,5176.07,791.621,1771910399999,4096968.99275,1708,572.052,2960626.45446,0
1771910400000,5175.90,5178.74,5175.51,5176.21,576.887,1771910699999,2986438.94507,1242,397.904,2059847.54159,0
1771910700000,5176.21,5176.70,5170.04,5170.50,332.363,1771910999999,1719361.44173,1295,106.003,548331.64073,0
1771911000000,5170.50,5175.30,5168.31,5175.07,738.483,1771911299999,3819032.04215,2536,409.963,2120074.00906,0
1771911300000,5175.03,5176.90,5171.40,5173.95,824.674,1771911599999,4266468.35112,2006,498.150,2577029.39277,0
1771911600000,5174.00,5176.93,5172.45,5176.36,554.715,1771911899999,2870711.49488,1621,294.174,1522325.27802,0
1771911900000,5176.36,5179.60,5176.02,5177.70,627.624,1771912199999,3249302.12737,1485,296.822,1536730.34138,0
1771912200000,5177.57,5184.47,5176.56,5184.14,692.892,1771912499999,3589689.73045,1862,427.141,2212926.32072,0
1771912500000,5184.14,5187.54,5182.11,5184.58,1791.587,1771912799999,9289474.87885,2807,367.513,1905461.53066,0
1771912800000,5184.60,5184.99,5180.30,5182.90,603.339,1771913099999,3126834.52937,1903,276.064,1430636.96880,0
1771913100000,5182.93,5186.94,5181.01,5185.66,597.436,1771913399999,3097458.22492,1414,269.313,1396248.60486,0
1771913400000,5185.66,5187.45,5185.25,5186.46,561.723,1771913699999,2913161.00666,1600,293.176,1520430.89228,0
1771913700000,5186.47,5187.28,5183.34,5183.69,576.947,1771913999999,2991624.13248,1417,204.268,1059146.94168,0
1771914000000,5183.69,5183.70,5179.25,5180.95,375.487,1771914299999,1945339.07596,1248,157.064,813702.33413,0
1771914300000,5180.95,5180.96,5171.80,5172.66,1166.445,1771914599999,6037113.44715,2420,654.573,3387570.63436,0
1771914600000,5172.65,5174.65,5168.17,5169.34,830.602,1771914899999,4295472.64330,2299,397.903,2057739.00628,0
1771914900000,5169.34,5175.60,5158.41,5175.45,2884.971,1771915199999,14902753.81540,5209,1238.603,6398741.00162,0
1771915200000,5175.45,5175.82,5171.62,5172.35,343.344,1771915499999,1776312.99704,1205,140.785,728319.78685,0
1771915500000,5172.36,5177.12,5172.35,5176.42,514.093,1771915799999,2660397.77741,1450,340.869,1763971.23365,0
1771915800000,5176.41,5176.41,5171.47,5171.47,376.713,1771916099999,1949032.22505,1198,176.291,912091.81433,0
1771916100000,5171.47,5178.12,5171.47,5176.49,384.121,1771916399999,1987627.55653,1043,206.532,1068713.31247,0
1771916400000,5176.48,5176.48,5172.22,5173.59,302.573,1771916699999,1565539.96813,1313,139.303,720743.65199,0
1771916700000,5173.58,5176.16,5168.85,5170.51,847.039,1771916999999,4381254.21940,2578,367.569,1901152.53630,0
1771917000000,5170.51,5174.10,5168.00,5174.10,629.537,1771917299999,3255080.08054,2074,379.631,1962917.19426,0
1771917300000,5174.10,5182.20,5173.91,5182.20,679.573,1771917599999,3519676.49149,1765,469.144,2429890.19086,0
1771917600000,5182.20,5182.56,5173.63,5177.71,593.841,1771917899999,3074313.05657,2127,298.917,1547190.30435,0
1771917900000,5177.71,5185.70,5175.61,5185.70,636.634,1771918199999,3298516.51208,1914,378.996,1963599.38835,0
1771918200000,5185.75,5186.29,5177.74,5182.14,941.694,1771918499999,4880393.74513,2275,392.323,2033038.66551,0
1771918500000,5182.20,5184.23,5180.01,5181.12,711.719,1771918799999,3688670.09243,1772,293.307,1520100.46269,0
1771918800000,5181.12,5185.57,5180.33,5182.65,526.637,1771919099999,2729400.09101,1336,205.965,1067427.06856,0
1771919100000,5182.65,5182.65,5177.71,5180.00,416.289,1771919399999,2156382.13509,1434,208.589,1080536.95058,0
1771919400000,5180.00,5182.84,5179.78,5182.79,564.275,1771919699999,2924036.33974,1038,303.909,1574807.73657,0
1771919700000,5182.80,5184.89,5181.08,5181.89,329.739,1771919999999,1709080.59153,892,126.205,654106.65571,0
1771920000000,5181.89,5181.89,5175.00,5175.88,556.821,1771920299999,2883614.82546,1965,269.886,1397678.71422,0
1771920300000,5175.73,5177.89,5172.46,5177.62,769.665,1771920599999,3982947.72769,2160,479.840,2483093.65734,0
1771920600000,5177.64,5177.90,5172.67,5173.95,640.058,1771920899999,3312200.45766,1789,313.169,1620641.50969,0
1771920900000,5173.91,5175.98,5168.40,5170.76,705.278,1771921199999,3647927.59009,1860,347.813,1798891.93604,0
1771921200000,5170.79,5175.70,5166.35,5175.46,956.226,1771921499999,4943667.37332,2089,345.315,1785305.35860,0
1771921500000,5175.46,5176.49,5172.66,5173.00,563.940,1771921799999,2918476.82506,1428,312.598,1617689.74302,0
1771921800000,5172.98,5182.80,5172.50,5182.08,868.299,1771922099999,4497167.79480,1735,566.707,2935143.03631,0
1771922100000,5182.09,5183.70,5180.26,5181.47,726.916,1771922399999,3766909.30379,1600,297.852,1543461.94115,0
1771922400000,5181.47,5182.67,5177.56,5177.62,424.659,1771922699999,2199459.42401,1158,187.080,969036.80027,0
1771922700000,5177.61,5177.62,5172.46,5175.08,525.569,1771922999999,2719787.70389,1563,314.819,1629092.36034,0
1771923000000,5175.08,5176.79,5173.35,5174.65,169.609,1771923299999,877687.16671,1031,76.628,396514.84732,0
1771923300000,5174.64,5178.65,5173.55,5176.19,302.276,1771923599999,1564645.71774,1213,117.610,608733.66257,0
1771923600000,5176.19,5180.49,5175.00,5178.86,260.182,1771923899999,1347179.83844,1260,150.161,777510.54053,0
1771923900000,5178.84,5182.36,5178.33,5180.05,331.726,1771924199999,1718467.31679,1451,155.220,804068.14922,0
1771924200000,5180.05,5180.05,5174.79,5175.70,485.695,1771924499999,2514486.69253,1406,258.707,1339298.32583,0
1771924500000,5175.71,5177.40,5174.21,5175.01,247.981,1771924799999,1283431.66102,1008,143.648,743457.52637,0
1771924800000,5175.00,5176.41,5171.51,5173.76,253.535,1771925099999,1311813.74401,1144,108.857,563230.23664,0
1771925100000,5173.71,5175.19,5170.80,5171.05,425.007,1771925399999,2198273.57804,1187,236.993,1225780.26092,0
1771925400000,5171.05,5175.79,5171.05,5175.38,208.761,1771925699999,1080091.25209,982,154.389,798758.70781,0
1771925700000,5175.31,5175.74,5169.57,5173.42,416.760,1771925999999,2155251.70503,1646,217.072,1122557.58180,0
1771926000000,5173.42,5174.85,5172.17,5172.93,175.805,1771926299999,909481.05099,868,109.489,566396.24459,0
1771926300000,5172.92,5173.45,5170.62,5172.81,325.443,1771926599999,1683054.77592,1156,168.562,871695.14334,0
1771926600000,5172.80,5174.59,5172.80,5173.21,158.596,1771926899999,820522.17699,811,80.736,417706.44837,0
1771926900000,5173.21,5175.95,5172.85,5174.62,192.627,1771927199999,996759.63607,983,114.426,592098.13052,0
1771927200000,5174.61,5178.75,5174.19,5178.75,400.585,1771927499999,2073454.48728,1353,182.226,943276.83819,0
1771927500000,5178.74,5178.80,5175.18,5175.80,244.237,1771927799999,1264314.48460,1013,95.247,493040.80912,0
1771927800000,5175.80,5177.40,5175.45,5176.86,140.966,1771928099999,729673.80707,670,99.678,515953.85745,0
1771928100000,5176.86,5177.30,5174.72,5175.77,263.710,1771928399999,1364981.84096,993,85.630,443240.22754,0
1771928400000,5175.76,5183.50,5175.76,5183.01,768.632,1771928699999,3981960.36927,1770,508.614,2634997.78772,0
1771928700000,5182.97,5183.24,5178.60,5178.89,356.336,1771928999999,1846187.86849,1186,221.639,1148306.99737,0
1771929000000,5178.89,5179.90,5169.42,5170.53,1317.695,1771929299999,6816646.62728,2841,663.580,3432797.77724,0
1771929300000,5170.51,5174.13,5166.67,5169.90,789.400,1771929599999,4081066.54308,2592,422.302,2183155.75148,0
1771929600000,5169.75,5174.32,5168.48,5173.13,417.900,1771929899999,2160739.62259,1453,252.512,1305533.61233,0
1771929900000,5172.96,5173.77,5171.67,5172.67,143.583,1771930199999,742723.06539,826,50.313,260253.99603,0
1771930200000,5172.69,5175.56,5171.97,5175.40,286.282,1771930499999,1481106.66103,1056,136.471,706126.66977,0
1771930500000,5175.39,5176.50,5174.00,5175.20,222.000,1771930799999,1148889.80004,892,104.237,539428.06509,0
1771930800000,5175.19,5178.28,5175.19,5178.00,255.207,1771931099999,1321172.83563,1048,141.264,731322.37309,0
1771931100000,5178.00,5178.76,5174.90,5175.93,218.158,1771931399999,1129344.57093,748,58.657,303621.31723,0
1771931400000,5176.07,5179.15,5176.07,5178.23,363.875,1771931699999,1884226.04554,872,110.603,572701.70493,0
1771931700000,5178.29,5178.69,5175.87,5176.45,203.015,1771931999999,1051034.18022,733,71.015,367629.86419,0
1771932000000,5176.31,5176.57,5173.85,5174.35,127.784,1771932299999,661255.86145,638,74.975,387969.12053,0
1771932300000,5174.35,5176.93,5174.35,5176.50,183.845,1771932599999,951623.49252,696,100.077,518007.25393,0
1771932600000,5176.50,5177.13,5175.66,5175.95,113.318,1771932899999,586571.21742,444,27.538,142543.14757,0
1771932900000,5175.95,5178.50,5175.09,5178.49,121.928,1771933199999,631093.85295,576,90.463,468236.90663,0
1771933200000,5178.50,5180.25,5177.89,5180.25,327.534,1771933499999,1696291.71351,906,156.959,812916.03877,0
1771933500000,5180.25,5180.50,5175.75,5176.14,442.328,1771933799999,2290377.25585,1014,183.593,950659.78049,0
1771933800000,5176.15,5177.43,5174.64,5177.30,312.807,1771934099999,1619121.90801,960,113.264,586261.31668,0
1771934100000,5177.30,5179.02,5175.00,5175.00,207.524,1771934399999,1074435.95027,817,92.057,476631.18871,0
1771934400000,5175.01,5175.60,5171.67,5171.67,378.605,1771934699999,1958555.85404,1480,196.675,1017395.24626,0
1771934700000,5171.67,5175.15,5170.80,5173.15,340.350,1771934999999,1760681.88672,1178,217.104,1123128.04717,0
1771935000000,5173.15,5173.41,5168.37,5170.16,452.739,1771935299999,2340735.80669,1422,230.393,1191157.20160,0
1771935300000,5170.26,5171.24,5150.00,5154.01,2800.691,1771935599999,14446643.54995,6501,897.457,4628717.08223,0
1771935600000,5154.01,5164.20,5153.53,5161.14,1213.096,1771935899999,6259298.16873,3256,632.389,3262706.87458,0
1771935900000,5161.15,5165.49,5160.00,5164.31,919.868,1771936199999,4748562.36828,2302,431.468,2227246.95784,0
1771936200000,5164.21,5167.04,5160.13,5162.00,1086.606,1771936499999,5610522.30107,3081,549.994,2839749.39162,0
1771936500000,5162.11,5162.90,5156.89,5158.85,1169.526,1771936799999,6033889.49254,2890,564.480,2912141.15926,0
1771936800000,5158.84,5161.64,5157.31,5160.36,986.721,1771937099999,5091300.82634,2041,418.053,2157024.76927,0
1771937100000,5160.35,5160.90,5156.60,5156.60,519.236,1771937399999,2678639.26264,1489,237.067,1222922.30495,0
1771937400000,5156.57,5157.33,5146.99,5149.65,1822.589,1771937699999,9391643.01856,3869,708.941,3653571.60841,0
1771937700000,5149.66,5156.39,5149.65,5153.41,1250.866,1771937999999,6446708.71211,3306,754.563,3888689.24211,0
1771938000000,5153.41,5163.24,5153.41,5157.72,1766.881,1771938299999,9115479.76871,4508,973.765,5023613.39706,0
1771938300000,5157.72,5161.95,5155.65,5161.31,1206.739,1771938599999,6224493.84766,2581,746.822,3852033.76500,0
1771938600000,5161.32,5163.66,5160.24,5161.81,557.774,1771938899999,2879121.93514,1481,294.835,1521840.38207,0
1771938900000,5161.81,5161.81,5155.35,5155.70,1038.383,1771939199999,5355696.71749,2434,380.347,1961610.18462,0
1771939200000,5155.70,5160.40,5155.01,5159.40,1158.924,1771939499999,5977256.42816,3001,674.579,3479138.07972,0
1771939500000,5159.40,5160.95,5157.46,5158.99,400.949,1771939799999,2068660.00231,1659,201.271,1038416.56241,0
1771939800000,5159.00,5160.89,5153.18,5156.80,1060.252,1771940099999,5466834.92028,2806,575.024,2964807.95413,0
1771940100000,5156.79,5157.98,5136.70,5141.55,2580.726,1771940399999,13278471.46144,5531,994.211,5115901.38582,0
1771940400000,5141.55,5151.09,5139.90,5149.11,2194.227,1771940699999,11293871.70512,4932,1213.495,6245694.75370,0
1771940700000,5149.10,5149.20,5127.00,5129.86,3857.201,1771940999999,19813501.96439,7653,1431.879,7355820.40018,0
1771941000000,5129.85,5137.33,5122.60,5136.41,2853.043,1771941299999,14636934.84343,7158,1341.378,6882659.65020,0
1771941300000,5136.41,5137.68,5113.09,5117.99,5013.160,1771941599999,25685088.43220,8583,1892.511,9699235.61628,0
1771941600000,5117.99,5128.00,5113.00,5122.65,4343.704,1771941899999,22244830.16588,9245,2281.051,11681282.61310,0
1771941900000,5122.65,5130.74,5121.52,5125.61,1893.816,1771942199999,9709305.21994,5288,1138.118,5834608.58116,0
1771942200000,5125.31,5126.39,5101.20,5109.59,6024.443,1771942499999,30781353.73009,9996,2561.263,13086434.95882,0
1771942500000,5109.58,5113.55,5104.95,5106.30,3411.532,1771942799999,17427751.12140,6931,1658.288,8471274.65200,0
1771942800000,5106.48,5124.45,5106.16,5123.25,2943.042,1771943099999,15064601.77059,6430,1776.184,9091563.44299,0
1771943100000,5123.26,5123.59,5116.80,5120.31,2001.639,1771943399999,10249188.29986,3865,786.392,4026426.45829,0
1771943400000,5120.31,5128.90,5115.15,5122.77,3274.688,1771943699999,16776623.06333,7332,1631.449,8356936.50270,0
1771943700000,5122.50,5138.42,5120.45,5138.37,2606.381,1771943999999,13373374.44338,6573,1190.643,6109548.97627,0
1771944000000,5138.37,5143.48,5133.98,5140.62,1803.996,1771944299999,9269611.54051,4978,842.253,4328517.56614,0
1771944300000,5140.61,5142.45,5131.04,5136.09,2395.811,1771944599999,12309767.26893,5173,1139.906,5857763.37556,0
1771944600000,5136.10,5142.30,5130.00,5133.61,1616.803,1771944899999,8302941.77129,4761,877.518,4507315.44911,0
1771944900000,5133.60,5135.89,5130.45,5131.51,652.139,1771945199999,3347342.58715,2985,272.989,1401246.75431,0
1771945200000,5131.51,5132.99,5122.00,5129.16,2575.174,1771945499999,13204553.71361,6440,1322.400,6780619.96092,0
1771945500000,5129.10,5140.91,5129.10,5139.30,1339.689,1771945799999,6881375.43106,3965,893.324,4588363.35246,0
1771945800000,5139.36,5140.89,5136.61,5140.66,942.535,1771946099999,4843272.02343,2836,488.149,2508393.06721,0
1771946100000,5140.65,5144.09,5138.11,5143.85,957.087,1771946399999,4921017.24570,2952,512.578,2635513.85259,0
1771946400000,5143.80,5147.65,5141.13,5146.89,767.440,1771946699999,3947875.48766,2633,464.910,2391652.60227,0
1771946700000,5146.89,5149.35,5141.40,5141.75,1345.393,1771946999999,6923625.53858,3398,782.555,4027221.39901,0
1771947000000,5141.74,5143.92,5137.01,5143.66,1446.731,1771947299999,7436932.12675,3909,553.755,2846539.17538,0
1771947300000,5143.66,5149.20,5143.36,5147.73,1016.257,1771947599999,5230402.21450,2764,515.327,2652063.64667,0
1771947600000,5147.74,5152.79,5147.74,5152.35,823.662,1771947899999,4242334.46512,2652,515.094,2653000.84439,0
1771947900000,5152.35,5157.95,5152.35,5155.00,1815.655,1771948199999,9360637.63396,2978,732.431,3775918.20412,0
1771948200000,5155.00,5155.00,5148.24,5148.71,861.578,1771948499999,4437946.84685,2117,349.742,1801467.71708,0
1771948500000,5148.71,5153.79,5148.70,5152.87,676.548,1771948799999,3485658.32001,1591,491.714,2533341.93931,0
1771948800000,5152.87,5155.81,5151.65,5151.87,1075.291,1771949099999,5541285.50993,2397,372.117,1917700.90383,0
1771949100000,5151.86,5151.86,5144.00,5147.04,1016.005,1771949399999,5230982.14740,2626,414.369,2133408.67375,0
1771949400000,5147.04,5150.80,5143.95,5150.26,524.406,1771949699999,2699498.53067,1720,222.480,1145280.70363,0
1771949700000,5150.25,5153.25,5148.96,5151.04,724.176,1771949999999,3730352.73512,1819,400.262,2061750.30375,0
1771950000000,5150.74,5150.74,5145.21,5145.86,595.619,1771950299999,3065532.83306,1829,182.880,941225.75139,0
1771950300000,5145.86,5146.63,5144.15,5146.21,385.852,1771950599999,1985433.66665,1216,147.780,760407.93509,0
1771950600000,5146.21,5146.21,5138.20,5139.40,1013.420,1771950899999,5210932.36776,2711,340.346,1750023.20769,0
1771950900000,5139.40,5148.73,5138.80,5147.45,1044.325,1771951199999,5373680.63075,2234,452.280,2327011.65588,0
1771951200000,5147.70,5153.10,5144.82,5147.74,603.151,1771951499999,3105811.69783,2013,313.990,1616893.99915,0
1771951500000,5147.74,5148.10,5138.10,5139.35,1026.590,1771951799999,5278639.94050,2541,446.468,2295731.95521,0
1771951800000,5139.35,5141.25,5133.95,5139.95,983.518,1771952099999,5052333.84167,2731,413.661,2125289.12508,0
1771952100000,5140.00,5144.40,5139.81,5144.39,328.462,1771952399999,1688974.09293,1317,173.038,889796.55857,0
1771952400000,5144.39,5151.93,5144.39,5151.75,486.549,1771952699999,2504981.09188,1678,263.613,1357298.54112,0
1771952700000,5151.74,5155.33,5150.72,5155.18,620.777,1771952999999,3198646.28062,1740,301.376,1552873.83789,0
1771953000000,5155.19,5160.19,5155.19,5159.15,826.738,1771953299999,4264802.55023,2353,410.366,2116851.82630,0
1771953300000,5159.15,5163.89,5158.04,5163.05,573.657,1771953599999,2960865.32607,1861,307.347,1586476.07009,0
1771953600000,5163.05,5165.59,5161.21,5162.71,959.505,1771953899999,4954636.96871,2162,438.044,2261971.04348,0
1771953900000,5162.70,5162.70,5158.83,5161.58,588.437,1771954199999,3036370.23141,1732,268.450,1385205.39564,0
1771954200000,5161.58,5161.93,5159.32,5160.66,341.351,1771954499999,1761590.12965,1169,136.733,705632.78957,0
1771954500000,5160.67,5161.95,5159.92,5161.41,450.437,1771954799999,2324647.15038,1220,182.564,942183.57448,0
1771954800000,5161.40,5163.93,5161.40,5162.74,253.413,1771955099999,1308330.64079,996,148.413,766215.14667,0
1771955100000,5162.75,5164.08,5161.05,5162.33,304.028,1771955399999,1569578.12326,1020,79.664,411267.03248,0
1771955400000,5162.29,5162.29,5159.92,5161.07,172.398,1771955699999,889682.58292,711,64.949,335174.13053,0
1771955700000,5161.10,5165.74,5160.99,5165.74,363.991,1771955999999,1879460.35635,1199,198.758,1026319.16230,0
1771956000000,5165.74,5170.71,5165.74,5169.51,706.957,1771956299999,3654126.22925,2080,390.075,2016194.01959,0
1771956300000,5169.52,5172.36,5169.35,5170.56,398.572,1771956599999,2060985.32293,1333,136.716,706951.45623,0
1771956600000,5170.55,5170.95,5166.06,5166.40,440.226,1771956899999,2275212.91361,1326,138.353,715100.99939,0
1771956900000,5166.40,5167.00,5162.11,5162.29,430.025,1771957199999,2221220.09063,1229,99.482,513892.36935,0
1771957200000,5162.30,5164.34,5160.00,5161.03,461.255,1771957499999,2381127.02787,1476,221.251,1142119.36572,0
1771957500000,5161.04,5162.02,5158.35,5160.31,281.869,1771957799999,1454511.81745,1307,147.282,760008.55111,0
1771957800000,5160.32,5163.44,5157.77,5158.79,273.451,1771958099999,1411394.64446,1197,130.264,672363.49370,0
1771958100000,5158.80,5161.45,5156.50,5159.80,351.195,1771958399999,1811722.45338,1370,167.966,866456.38071,0
1771958400000,5159.78,5162.41,5159.78,5161.34,206.638,1771958699999,1066504.61426,864,104.310,538379.44188,0
1771958700000,5161.34,5162.85,5158.45,5161.19,304.342,1771958999999,1570419.37333,908,156.707,808574.34143,0
1771959000000,5161.20,5163.90,5161.19,5161.89,362.336,1771959299999,1870557.70313,898,178.792,923012.32821,0
1771959300000,5161.90,5164.75,5161.89,5162.68,106.879,1771959599999,551824.04975,670,62.091,320574.56896,0
1771959600000,5162.67,5162.67,5157.34,5158.47,357.488,1771959899999,1844468.19941,1161,171.929,887038.80500,0
1771959900000,5158.40,5159.25,5154.34,5155.00,301.616,1771960199999,1555569.99055,1078,121.204,625146.90363,0
1771960200000,5155.00,5159.39,5152.62,5158.78,836.811,1771960499999,4313853.29858,2012,469.929,2422554.73839,0
1771960500000,5158.79,5159.92,5151.66,5151.70,399.586,1771960799999,2060425.51163,1339,150.823,777655.69949,0
1771960800000,5151.92,5153.99,5149.12,5150.34,498.479,1771961099999,2567737.92253,1671,184.417,949990.44259,0
1771961100000,5150.35,5155.33,5150.09,5154.56,236.697,1771961399999,1219690.65322,1068,138.175,711985.70743,0
1771961400000,5154.57,5156.64,5151.79,5156.11,241.630,1771961699999,1245238.30952,934,115.864,597113.23067,0
1771961700000,5156.10,5158.73,5155.43,5157.84,183.192,1771961999999,944719.01603,631,88.908,458480.55111,0
1771962000000,5157.92,5159.12,5154.53,5154.89,225.131,1771962299999,1161113.89851,747,84.799,437341.17677,0
1771962300000,5154.81,5157.15,5154.20,5156.99,115.126,1771962599999,593530.46360,510,75.665,390090.64351,0
1771962600000,5156.99,5157.67,5154.60,5155.04,178.540,1771962899999,920703.64649,606,60.749,313261.34687,0
1771962900000,5155.05,5157.34,5155.05,5155.90,218.336,1771963199999,1125792.17901,689,119.666,616998.36149,0
1771963200000,5155.90,5157.84,5154.16,5155.35,156.580,1771963499999,807300.47521,624,75.294,388206.77088,0
1771963500000,5155.34,5155.48,5150.33,5151.60,358.767,1771963799999,1848286.86505,1017,81.390,419318.63567,0
1771963800000,5151.74,5151.90,5149.18,5151.30,283.530,1771964099999,1460310.87886,871,153.583,790992.77437,0
1771964100000,5151.30,5158.15,5150.86,5157.80,413.825,1771964399999,2132849.04639,914,322.640,1662861.70744,0
1771964400000,5157.76,5168.09,5157.76,5167.75,460.653,1771964699999,2378538.60844,1556,323.867,1672283.98657,0
1771964700000,5167.75,5171.69,5166.46,5169.99,438.119,1771964999999,2264886.33020,1274,222.625,1150899.63657,0
1771965000000,5169.99,5172.74,5167.36,5172.62,298.601,1771965299999,1543886.31484,1045,149.289,771885.93218,0
1771965300000,5172.74,5175.24,5171.10,5171.38,400.733,1771965599999,2073063.08480,1316,210.382,1088359.88354,0
1771965600000,5171.41,5175.00,5171.06,5174.36,212.246,1771965899999,1098000.96898,766,149.422,772953.24688,0
1771965900000,5174.25,5174.25,5170.46,5170.56,273.702,1771966199999,1415680.64926,831,97.595,504782.71824,0
1771966200000,5170.70,5172.40,5164.35,5166.55,555.608,1771966499999,2871247.78892,1432,234.595,1212302.75497,0
1771966500000,5166.54,5167.49,5161.51,5166.45,287.117,1771966799999,1482764.58950,1286,149.093,769952.01550,0
1771966800000,5166.46,5168.40,5161.59,5161.89,377.859,1771967099999,1951896.59745,1057,218.417,1128222.78996,0
1771967100000,5161.90,5162.50,5159.70,5160.71,326.996,1771967399999,1687640.45030,886,188.987,975354.85615,0
1771967400000,5160.71,5164.78,5160.15,5164.63,159.559,1771967699999,823718.48709,441,134.770,695764.31617,0
1771967700000,5164.63,5165.80,5161.07,5161.08,228.851,1771967999999,1181642.76182,727,97.937,505661.60866,0
1771968000000,5161.08,5161.08,5157.31,5157.91,159.743,1771968299999,824136.66957,630,49.583,255816.29340,0
1771968300000,5157.90,5159.40,5157.81,5158.68,244.556,1771968599999,1261598.53315,519,103.723,535080.51024,0
1771968600000,5158.64,5158.94,5151.75,5152.52,551.192,1771968899999,2841175.58046,1403,135.066,696129.33632,0
1771968900000,5152.52,5153.09,5148.29,5151.97,329.168,1771969199999,1695520.34494,1116,93.922,483776.64683,0
1771969200000,5151.89,5152.30,5148.16,5152.10,344.286,1771969499999,1773169.14239,1062,153.060,788279.31927,0
1771969500000,5152.13,5152.20,5148.45,5149.50,241.801,1771969799999,1245254.46692,606,121.992,628235.94961,0
1771969800000,5149.50,5149.50,5142.25,5146.59,469.691,1771970099999,2416812.25928,1324,183.232,942730.28343,0
1771970100000,5146.58,5146.78,5143.60,5143.65,149.866,1771970399999,771199.17317,688,55.958,287944.92330,0
1771970400000,5143.73,5147.14,5142.99,5147.14,216.146,1771970699999,1112128.78662,612,134.803,693681.02531,0
1771970700000,5147.13,5149.64,5147.10,5148.61,119.659,1771970999999,616025.24313,436,56.890,292869.85790,0
1771971000000,5148.60,5148.60,5145.32,5146.47,166.913,1771971299999,859045.76575,590,70.915,364951.89787,0
1771971300000,5146.49,5147.83,5145.61,5145.61,52.493,1771971599999,270178.83111,268,28.017,144213.65339,0
1771971600000,5145.68,5146.60,5145.60,5145.76,37.429,1771971899999,192611.70678,212,13.526,69603.40420,0
1771971900000,5145.75,5145.76,5145.50,5145.51,26.050,1771972199999,134041.94773,228,13.266,68261.46466,0
1771972200000,5145.51,5146.73,5144.41,5146.72,85.209,1771972499999,438456.86636,350,47.055,242140.71218,0
1771972500000,5146.73,5146.73,5141.51,5141.69,248.805,1771972799999,1279624.47122,622,79.793,410344.62608,0
1771972800000,5141.69,5143.20,5140.00,5140.58,181.115,1771973099999,931003.39485,837,40.339,207361.91562,0
1771973100000,5140.52,5140.52,5140.01,5140.03,37.282,1771973399999,191633.65990,241,14.923,76706.00170,0
1771973400000,5140.03,5140.34,5140.00,5140.01,80.685,1771973699999,414727.56662,304,22.682,116587.71087,0
1771973700000,5140.00,5140.04,5135.01,5139.05,369.485,1771973999999,1898077.87555,1152,181.171,930616.99728,0
1771974000000,5139.00,5141.35,5125.26,5138.16,3420.361,1771974299999,17554389.71961,8194,1426.535,7320885.93020,0
1771974300000,5138.16,5139.83,5130.61,5135.99,1130.193,1771974599999,5803845.78190,3037,481.626,2473372.76073,0
1771974600000,5135.91,5138.46,5132.47,5138.04,716.604,1771974899999,3680139.71775,2050,381.182,1957532.69402,0
1771974900000,5137.90,5140.19,5134.20,5135.06,282.798,1771975199999,1452754.18435,1137,143.225,735726.82523,0
1771975200000,5135.07,5136.04,5132.56,5135.24,327.599,1771975499999,1682052.93168,1266,176.137,904358.16670,0
1771975500000,5135.40,5135.73,5131.50,5133.30,230.053,1771975799999,1181121.99096,784,104.898,538554.43636,0
1771975800000,5133.44,5138.34,5132.64,5134.71,606.703,1771976099999,3115619.28378,1463,366.795,1883594.60480,0
1771976100000,5134.77,5141.80,5134.71,5141.80,362.160,1771976399999,1860937.32727,1173,266.068,1367197.45404,0
1771976400000,5141.82,5151.45,5140.35,5149.04,780.943,1771976699999,4019668.66802,2320,357.318,1839324.16181,0
1771976700000,5148.93,5152.70,5146.78,5150.70,548.207,1771976999999,2823427.11057,1760,219.503,1130536.58755,0
1771977000000,5150.72,5153.63,5150.30,5152.40,286.396,1771977299999,1475605.70890,1180,124.345,640659.28992,0
1771977300000,5152.39,5152.39,5147.86,5148.45,215.210,1771977599999,1108340.53586,794,62.413,321419.44340,0
1771977600000,5148.46,5151.00,5141.85,5142.47,420.687,1771977899999,2165091.40929,1378,136.819,704082.81972,0
1771977900000,5142.47,5145.79,5139.14,5145.42,440.421,1771978199999,2264781.34344,1643,255.953,1316140.61144,0
1771978200000,5145.42,5145.42,5140.96,5142.62,448.020,1771978499999,2303985.65293,1338,243.078,1250012.48839,0
1771978500000,5142.61,5146.49,5140.85,5145.20,418.473,1771978799999,2152591.43711,1253,229.999,1183104.00783,0
1771978800000,5145.28,5148.43,5145.00,5145.49,262.122,1771979099999,1349073.97529,987,112.779,580443.30001,0
1771979100000,5145.51,5145.75,5139.68,5142.15,282.460,1771979399999,1452681.97707,1010,106.703,548762.50493,0
1771979400000,5142.28,5152.84,5142.28,5149.49,748.622,1771979699999,3854733.02558,1990,432.909,2228840.49875,0
1771979700000,5149.50,5157.32,5147.59,5154.80,708.414,1771979999999,3650710.38813,2075,472.616,2435654.41302,0
1771980000000,5154.76,5158.42,5150.36,5150.83,741.604,1771980299999,3823125.33635,2158,344.950,1778339.04707,0
1771980300000,5150.83,5150.84,5145.21,5146.97,679.716,1771980599999,3498786.91441,1835,254.594,1310488.19889,0
1771980600000,5146.99,5150.30,5145.60,5149.79,218.406,1771980899999,1124357.23754,834,129.550,666913.85615,0
1771980900000,5149.79,5158.55,5149.53,5155.23,747.856,1771981199999,3855086.59171,1803,474.182,2444243.60072,0
1771981200000,5155.04,5163.71,5147.74,5161.19,1893.917,1771981499999,9763325.73279,4986,1054.829,5437615.30187,0
1771981500000,5161.19,5173.60,5160.56,5171.24,1788.207,1771981799999,9241983.02305,4862,856.312,4425454.58249,0
1771981800000,5171.24,5178.00,5166.45,5176.05,1807.661,1771982099999,9348034.51076,4470,774.431,4005191.29924,0
1771982100000,5176.05,5185.79,5174.80,5184.73,2300.445,1771982399999,11915189.89722,4635,1076.981,5578956.81326,0
1771982400000,5184.73,5187.60,5178.46,5178.85,1225.400,1771982699999,6350770.22572,3104,333.982,1731118.92593,0
1771982700000,5178.85,5188.33,5178.84,5185.64,985.149,1771982999999,5106990.50274,2640,441.584,2288979.67555,0
1771983000000,5185.64,5186.84,5182.05,5185.70,915.995,1771983299999,4749001.23895,2178,321.142,1665007.34619,0
1771983300000,5185.70,5190.42,5179.95,5182.90,883.804,1771983599999,4582885.03780,2554,435.836,2260148.63251,0
1771983600000,5182.89,5185.93,5178.24,5180.55,580.275,1771983899999,3007362.34561,1701,193.287,1001834.86334,0
1771983900000,5180.56,5186.03,5180.55,5184.21,500.867,1771984199999,2596156.53738,1534,174.790,905968.70914,0
1771984200000,5184.15,5184.80,5180.75,5183.10,747.867,1771984499999,3875626.56587,1544,317.590,1645892.94662,0
1771984500000,5183.11,5183.46,5174.19,5176.30,954.875,1771984799999,4945015.54282,2219,346.009,1791950.94198,0
1771984800000,5176.30,5183.77,5175.83,5183.40,879.397,1771985099999,4555353.61089,2302,486.232,2518803.33510,0
1771985100000,5183.45,5185.75,5181.97,5185.75,365.555,1771985399999,1895079.13185,1329,170.114,881872.51852,0
1771985400000,5185.74,5188.80,5182.66,5188.57,573.678,1771985699999,2975055.72262,1584,259.338,1344906.17688,0
1771985700000,5188.44,5193.55,5188.44,5190.20,1248.545,1771985999999,6481085.10428,2521,811.350,4211806.64581,0
1771986000000,5190.20,5190.20,5185.08,5187.64,535.066,1771986299999,2775809.77839,1612,253.790,1316557.97406,0
1771986300000,5187.64,5190.23,5185.78,5189.55,305.398,1771986599999,1584515.22788,1102,189.313,982204.05734,0
1771986600000,5189.55,5190.22,5187.75,5188.09,606.372,1771986899999,3146422.74982,1591,195.547,1014681.57253,0
1771986900000,5188.10,5188.10,5183.18,5186.25,575.358,1771987199999,2983384.40113,1669,262.498,1361057.40739,0
1771987200000,5186.25,5187.85,5182.65,5185.65,538.053,1771987499999,2789838.35261,1258,185.414,961397.98445,0
1771987500000,5185.65,5186.70,5183.62,5184.54,536.211,1771987799999,2780435.98864,1335,261.310,1355030.61161,0
1771987800000,5184.55,5184.65,5168.61,5175.90,1823.173,1771988099999,9435763.54090,4172,727.296,3763332.89690,0
1771988100000,5175.89,5182.64,5175.15,5180.44,657.378,1771988399999,3404655.16122,1910,391.556,2027857.21616,0
1771988400000,5180.43,5189.50,5180.43,5184.16,954.929,1771988699999,4952881.96867,2479,518.583,2689517.59569,0
1771988700000,5184.15,5186.23,5182.20,5184.71,349.276,1771988999999,1810622.09470,1353,208.367,1080147.66459,0
1771989000000,5184.72,5186.29,5183.25,5185.80,448.206,1771989299999,2323847.25425,1558,191.409,992386.84102,0
1771989300000,5185.85,5187.07,5181.35,5185.42,497.707,1771989599999,2580326.73926,1420,266.487,1381543.10163,0
1771989600000,5185.42,5186.58,5177.38,5179.70,813.113,1771989899999,4212682.81353,1563,177.977,922228.41611,0
1771989900000,5179.69,5186.00,5179.64,5185.85,425.133,1771990199999,2203475.33469,1333,249.315,1292164.65526,0
1771990200000,5185.80,5187.86,5180.38,5187.01,708.840,1771990499999,3674915.00013,1805,297.769,1543716.20734,0
1771990500000,5187.00,5188.00,5183.44,5184.16,362.498,1771990799999,1879749.67621,1338,180.945,938245.23253,0
1771990800000,5183.95,5184.64,5179.84,5183.85,464.705,1771991099999,2408243.82106,1428,281.288,1457747.59284,0
1771991100000,5183.85,5187.00,5182.81,5184.91,445.021,1771991399999,2307498.36750,1304,179.488,930738.04377,0
1771991400000,5184.91,5186.00,5180.26,5180.59,1041.648,1771991699999,5400330.19508,1716,615.904,3193059.37004,0
1771991700000,5180.58,5185.48,5179.60,5183.30,371.151,1771991999999,1923503.54164,1197,208.834,1082278.44089,0
1771992000000,5183.29,5184.73,5181.45,5184.00,284.102,1771992299999,1472410.15842,1117,178.276,923930.96944,0
1771992300000,5184.00,5184.00,5176.05,5176.32,562.780,1771992599999,2914603.50428,1506,273.422,1415864.22828,0
1771992600000,5176.32,5183.62,5173.63,5182.56,1030.060,1771992899999,5334288.39956,2209,700.009,3625139.77399,0
1771992900000,5182.56,5186.00,5182.36,5184.64,245.513,1771993199999,1272697.48702,978,148.482,769678.57356,0
1771993200000,5184.56,5186.20,5182.60,5183.55,304.832,1771993499999,1580310.98352,1174,170.404,883372.97160,0
1771993500000,5183.69,5186.61,5183.50,5184.46,250.467,1771993799999,1298753.99383,931,116.751,605399.88077,0
1771993800000,5184.46,5185.40,5183.56,5183.56,250.495,1771994099999,1298675.60473,785,98.886,512675.85793,0
1771994100000,5183.55,5185.39,5182.08,5185.05,160.388,1771994399999,831366.70332,701,108.078,560218.15751,0
1771994400000,5185.05,5186.55,5184.42,5186.55,190.712,1771994699999,988920.92181,713,115.681,599852.20449,0
1771994700000,5186.54,5186.98,5182.95,5183.74,330.133,1771994999999,1711429.15253,876,171.544,889275.00213,0
1771995000000,5183.70,5184.15,5182.69,5183.24,190.914,1771995299999,989574.05359,557,134.943,699461.21551,0
1771995300000,5183.24,5185.28,5182.00,5184.55,201.977,1771995599999,1047056.20962,629,119.072,617251.52783,0
1771995600000,5184.55,5189.48,5184.44,5188.30,418.279,1771995899999,2169686.22588,1342,203.642,1056319.23653,0
1771995900000,5188.30,5192.53,5188.29,5189.25,538.215,1771996199999,2793638.39044,1737,252.830,1312373.93076,0
1771996200000,5189.24,5190.75,5187.81,5189.10,285.016,1771996499999,1479068.18274,822,143.345,743892.48475,0
1771996500000,5189.10,5196.74,5189.10,5193.91,985.081,1771996799999,5116871.08720,2195,803.627,4174381.73560,0
1771996800000,5193.91,5194.49,5190.30,5190.62,430.983,1771997099999,2237564.29989,1291,209.857,1089480.30836,0
1771997100000,5190.61,5197.42,5190.06,5197.30,862.982,1771997399999,4483444.15546,2000,551.196,2863586.47011,0
1771997400000,5197.30,5202.63,5194.84,5199.49,1975.866,1771997699999,10274562.16894,4092,1173.585,6102605.19413,0
1771997700000,5199.50,5200.47,5196.80,5200.25,906.160,1771997999999,4711091.76118,2034,464.794,2416442.65242,0
1771998000000,5200.25,5205.70,5199.34,5205.19,948.159,1771998299999,4932791.03658,2448,516.630,2687851.33298,0
1771998300000,5205.16,5211.22,5203.90,5210.29,1293.756,1771998599999,6735771.30242,2808,817.708,4257411.14826,0
1771998600000,5210.29,5211.46,5204.60,5209.19,961.016,1771998899999,5005336.75971,2661,566.142,2948743.99829,0
1771998900000,5209.20,5209.20,5203.00,5203.20,527.846,1771999199999,2747492.42759,1880,225.631,1174392.62740,0
1771999200000,5203.21,5203.21,5196.00,5196.43,1066.580,1771999499999,5545145.00274,2823,553.958,2879883.89074,0
1771999500000,5196.44,5196.89,5186.01,5189.57,1817.974,1771999799999,9436267.79336,3507,891.038,4624484.84259,0
1771999800000,5189.51,5194.45,5188.32,5194.05,1088.258,1772000099999,5649232.78569,2551,596.883,3098602.52608,0
1772000100000,5194.20,5197.20,5193.05,5196.14,861.935,1772000399999,4477959.04609,2155,470.766,2445747.26655,0
1772000400000,5196.14,5197.50,5192.69,5192.97,552.412,1772000699999,2870226.49476,1606,284.486,1478169.62298,0
1772000700000,5192.97,5194.78,5191.04,5191.70,687.958,1772000999999,3572377.20402,1635,267.358,1388316.55857,0
1772001000000,5191.70,5194.94,5190.49,5194.86,588.743,1772001299999,3057438.04843,1567,294.759,1530700.66914,0
1772001300000,5194.85,5196.45,5193.45,5195.26,386.826,1772001599999,2009513.93726,1068,163.261,848097.42960,0
1772001600000,5195.25,5195.25,5190.98,5193.32,289.783,1772001899999,1504858.20999,928,117.215,608680.97398,0
1772001900000,5193.32,5194.28,5191.00,5193.89,891.650,1772002199999,4630081.60819,1276,454.428,2359643.31656,0
1772002200000,5193.89,5195.58,5192.73,5194.16,276.486,1772002499999,1436113.81600,816,127.696,663254.66962,0
1772002500000,5194.16,5196.39,5193.66,5196.39,230.712,1772002799999,1198518.07559,839,148.658,772251.63956,0
1772002800000,5196.40,5196.85,5189.30,5189.81,509.684,1772003099999,2646457.82244,1646,204.171,1060015.69895,0
1772003100000,5189.82,5195.64,5189.82,5194.20,430.644,1772003399999,2236168.19581,1263,216.309,1123191.08648,0
1772003400000,5194.20,5194.82,5188.78,5190.30,480.205,1772003699999,2492968.73405,1423,182.932,949653.95076,0
1772003700000,5190.29,5192.09,5186.70,5188.09,602.258,1772003999999,3125350.13194,1711,280.318,1454676.29838,0
1772004000000,5188.09,5190.26,5185.56,5187.51,537.448,1772004299999,2787979.42929,1501,284.677,1476779.33342,0
1772004300000,5187.51,5190.62,5184.13,5190.10,609.678,1772004599999,3162632.00833,1769,325.177,1686885.89269,0
1772004600000,5190.04,5191.20,5187.75,5189.24,399.292,1772004899999,2072114.93911,1306,189.576,983825.69324,0
1772004900000,5189.25,5190.34,5187.00,5188.00,195.532,1772005199999,1014524.82852,1016,87.407,453506.28488,0
1772005200000,5187.99,5188.63,5187.00,5187.03,209.679,1772005499999,1087754.08796,835,100.606,521909.97717,0
1772005500000,5187.02,5190.00,5186.29,5188.44,243.560,1772005799999,1263611.17091,1034,129.533,672011.03478,0
1772005800000,5188.44,5189.54,5182.20,5183.55,560.854,1772006099999,2908129.52356,1473,236.379,1225678.77361,0
1772006100000,5183.75,5187.60,5183.55,5186.02,206.537,1772006399999,1071145.25782,959,112.956,585800.74004,0
1772006400000,5186.02,5191.20,5185.96,5189.10,564.370,1772006699999,2928705.45343,1622,254.375,1320028.23017,0
1772006700000,5189.15,5189.70,5187.40,5188.20,200.271,1772006999999,1039083.35762,798,90.412,469077.69248,0
1772007000000,5188.19,5190.95,5187.93,5189.32,286.674,1772007299999,1487645.60621,1190,182.027,944574.94057,0
1772007300000,5189.32,5193.75,5188.89,5193.74,559.355,1772007599999,2903475.20875,1328,462.418,2400352.43925,0
1772007600000,5193.75,5196.16,5192.41,5195.29,524.982,1772007899999,2726885.53543,1534,319.951,1661911.71901,0
1772007900000,5195.28,5195.29,5192.40,5195.24,368.521,1772008199999,1914034.67944,1050,189.424,983831.45164,0
1772008200000,5195.24,5197.33,5194.52,5196.91,518.665,1772008499999,2694802.73067,1624,272.371,1415138.21795,0
1772008500000,5196.91,5199.58,5196.50,5196.51,964.801,1772008799999,5014998.54573,2761,653.942,3399143.26999,0
1772008800000,5196.51,5197.59,5193.91,5194.40,497.196,1772009099999,2582983.13450,1327,282.954,1469982.32407,0
1772009100000,5194.34,5194.40,5192.70,5194.00,237.347,1772009399999,1232707.80157,987,113.380,588847.07101,0
1772009400000,5194.22,5194.22,5189.86,5190.00,478.701,1772009699999,2485146.98696,1466,177.672,922356.89658,0
1772009700000,5190.00,5191.99,5187.01,5188.14,552.623,1772009999999,2867815.56080,1442,227.696,1181664.17298,0
1772010000000,5188.14,5188.64,5179.52,5183.65,1426.563,1772010299999,7394901.21164,3177,694.128,3598121.90525,0
1772010300000,5183.70,5187.90,5181.29,5186.12,760.427,1772010599999,3942599.03242,2195,394.287,2044212.60462,0
1772010600000,5186.31,5190.36,5186.31,5186.41,645.819,1772010899999,3351101.56917,1607,298.773,1550197.29621,0
1772010900000,5186.40,5188.24,5184.90,5188.10,562.988,1772011199999,2919954.29082,1622,379.667,1969137.63913,0
1772011200000,5188.11,5190.62,5187.80,5189.33,430.229,1772011499999,2232754.00235,1174,266.681,1383984.99595,0
1772011500000,5189.33,5190.65,5188.65,5189.48,204.976,1772011799999,1063755.72212,919,121.932,632779.27527,0
1772011800000,5189.48,5191.87,5188.25,5191.60,226.710,1772012099999,1176594.04034,837,142.471,739413.43092,0
1772012100000,5191.60,5195.52,5191.60,5192.67,711.636,1772012399999,3695858.99714,1390,380.777,1977505.23282,0
1772012400000,5192.66,5194.90,5192.53,5192.65,383.871,1772012699999,1993767.85888,1221,173.002,898544.89771,0
1772012700000,5192.65,5193.79,5192.27,5192.44,218.274,1772012999999,1133507.34981,920,107.276,557081.73549,0
1772013000000,5192.44,5196.27,5191.30,5192.68,447.266,1772013299999,2323051.23652,1348,194.117,1008252.11762,0
1772013300000,5192.65,5195.80,5190.71,5195.50,377.884,1772013599999,1962336.95612,1239,202.869,1053473.25213,0
1772013600000,5195.49,5197.28,5191.48,5191.90,372.505,1772013899999,1935072.34402,1380,182.993,950580.05727,0
1772013900000,5191.89,5192.44,5187.63,5187.64,845.061,1772014199999,4386228.57249,1475,384.588,1996104.22787,0
1772014200000,5187.63,5188.80,5185.98,5187.50,655.069,1772014499999,3398176.85608,1615,323.307,1677168.65812,0
1772014500000,5187.50,5188.00,5180.46,5181.13,1168.330,1772014799999,6056934.65415,2570,711.801,3689930.96581,0
1772014800000,5181.12,5183.51,5177.55,5177.55,950.103,1772015099999,4921946.11740,2849,440.822,2283717.07979,0
1772015100000,5177.56,5182.30,5175.85,5178.11,672.396,1772015399999,3482576.76027,2129,362.327,1876580.65103,0
1772015400000,5178.12,5178.90,5173.50,5176.14,1359.311,1772015699999,7036058.14607,3266,562.967,2913975.32366,0
1772015700000,5176.14,5182.13,5176.14,5181.99,589.006,1772015999999,3050867.32361,1467,330.202,1710359.93792,0
1772016000000,5181.99,5183.68,5179.02,5179.95,593.944,1772016299999,3077532.79282,1613,316.541,1640138.70418,0
1772016300000,5179.79,5180.27,5178.13,5178.35,338.237,1772016599999,1751828.44402,1091,143.044,740854.69733,0
1772016600000,5178.35,5178.64,5175.84,5177.29,315.660,1772016899999,1634285.86838,1069,143.846,744733.78613,0
1772016900000,5177.30,5179.20,5176.56,5178.27,267.615,1772017199999,1385614.30927,951,164.828,853398.92530,0
1772017200000,5178.27,5178.27,5175.00,5175.00,374.987,1772017499999,1941038.35279,1099,152.033,786970.27809,0
1772017500000,5175.00,5178.35,5172.51,5172.89,691.730,1772017799999,3579523.37202,1742,339.374,1756143.79417,0
1772017800000,5172.88,5172.88,5165.88,5166.47,1926.928,1772018099999,9959928.87434,4211,708.270,3660732.97418,0
1772018100000,5166.47,5168.43,5159.01,5162.33,1833.355,1772018399999,9464520.78405,4255,860.807,4443835.45955,0
1772018400000,5162.33,5167.65,5160.70,5167.65,1045.863,1772018699999,5401404.59809,2224,550.823,2844728.06619,0
1772018700000,5167.65,5172.40,5167.21,5171.68,908.445,1772018999999,4696970.22294,2111,609.741,3152597.36165,0
1772019000000,5171.68,5175.00,5171.16,5172.19,847.717,1772019299999,4385177.60662,1876,375.777,1943867.99644,0
1772019300000,5172.19,5172.90,5170.10,5170.25,397.559,1772019599999,2056046.14445,1449,140.330,725738.61238,0
1772019600000,5170.24,5176.00,5169.50,5175.10,550.314,1772019899999,2847215.96728,1671,416.740,2156161.74813,0
1772019900000,5175.10,5176.97,5175.10,5176.25,411.897,1772020199999,2132076.57329,1317,247.164,1279381.73696,0
1772020200000,5176.25,5178.95,5175.53,5176.97,736.074,1772020499999,3810704.50351,1676,439.420,2274947.23381,0
1772020500000,5176.97,5185.40,5176.97,5184.19,930.392,1772020799999,4821525.81546,2079,645.821,3346663.09193,0
1772020800000,5184.19,5185.61,5180.83,5182.34,457.468,1772021099999,2371448.72209,1848,210.736,1092448.87229,0
1772021100000,5182.33,5184.50,5182.33,5184.06,547.124,1772021399999,2836116.60868,1492,401.933,2083530.66519,0
1772021400000,5184.06,5185.70,5183.69,5184.40,339.376,1772021699999,1759576.85407,1215,214.136,1110234.62044,0
1772021700000,5184.41,5187.75,5184.40,5186.51,436.769,1772021999999,2265212.48061,1412,286.986,1488348.91489,0
1772022000000,5186.51,5189.57,5185.32,5189.32,633.796,1772022299999,3288231.68300,1658,359.076,1862952.06042,0
1772022300000,5189.32,5189.60,5186.04,5186.05,464.033,1772022599999,2407679.84833,1361,186.561,968032.43623,0
1772022600000,5186.05,5187.35,5181.54,5181.85,651.014,1772022899999,3374796.37125,1911,169.658,879613.22190,0
1772022900000,5181.90,5185.62,5180.01,5185.39,672.886,1772023199999,3487357.95481,1642,309.562,1604392.23278,0
1772023200000,5185.39,5188.16,5184.83,5186.61,485.478,1772023499999,2517805.32876,1073,151.648,786501.74955,0
1772023500000,5186.61,5187.19,5184.21,5184.21,254.258,1772023799999,1318646.50710,883,124.508,645755.05988,0
1772023800000,5184.21,5186.34,5183.13,5183.86,382.340,1772024099999,1982189.21935,1355,179.893,932630.32345,0
1772024100000,5183.86,5185.15,5180.90,5184.74,329.622,1772024399999,1708352.06384,1306,178.152,923292.52098,0
1772024400000,5184.74,5188.31,5183.85,5188.10,534.645,1772024699999,2772577.13604,2308,270.685,1403710.49531,0
1772024700000,5188.10,5191.80,5187.01,5190.94,679.851,1772024999999,3528597.57337,2122,381.103,1978064.89742,0
1772025000000,5190.94,5191.67,5187.70,5189.00,628.270,1772025299999,3260725.76462,1703,202.000,1048384.61187,0
1772025300000,5189.00,5191.71,5188.27,5189.07,479.586,1772025599999,2489207.71634,1566,260.999,1354625.78982,0
1772025600000,5189.01,5192.95,5188.29,5192.65,652.473,1772025899999,3387003.79870,1822,428.115,2222355.13515,0
1772025900000,5192.75,5193.00,5189.12,5190.17,510.859,1772026199999,2652078.34387,1479,175.114,909081.74621,0
1772026200000,5189.98,5192.16,5188.54,5189.76,517.321,1772026499999,2685039.79622,1577,252.519,1310670.48774,0
1772026500000,5189.87,5192.15,5189.60,5191.50,426.410,1772026799999,2213496.82293,1449,232.960,1209296.12040,0
1772026800000,5191.37,5192.83,5184.81,5189.40,806.049,1772027099999,4183162.17691,2300,381.215,1978457.76106,0
1772027100000,5189.27,5192.90,5188.11,5189.44,596.317,1772027399999,3094953.72249,1892,287.378,1491543.93480,0
1772027400000,5189.44,5189.70,5185.69,5187.81,724.879,1772027699999,3760144.34392,1893,303.967,1576793.53859,0
1772027700000,5187.81,5189.90,5186.72,5186.99,486.015,1772027999999,2521742.16057,1334,222.474,1154322.05077,0
1772028000000,5186.99,5189.37,5185.92,5189.11,594.235,1772028299999,3082694.36974,1901,315.108,1634687.70307,0
1772028300000,5189.12,5193.11,5188.80,5191.88,884.660,1772028599999,4592633.13776,2305,559.082,2902392.59530,0
1772028600000,5191.79,5192.10,5186.56,5188.00,419.212,1772028899999,2175583.08690,1499,202.283,1049710.18695,0
1772028900000,5188.00,5188.16,5185.00,5185.21,547.292,1772029199999,2838500.12703,1749,264.577,1372180.25762,0
1772029200000,5185.20,5187.20,5182.08,5183.15,611.137,1772029499999,3168476.76471,1999,223.321,1157821.94267,0
1772029500000,5183.15,5183.80,5177.72,5180.16,1203.139,1772029799999,6233148.48107,3415,495.821,2568645.82341,0
1772029800000,5180.04,5183.40,5175.45,5177.21,1520.211,1772030099999,7873938.20285,4082,707.643,3665226.78775,0
1772030100000,5177.21,5178.56,5162.68,5163.14,2503.270,1772030399999,12940281.37222,7091,1237.762,6398423.70843,0
1772030400000,5163.15,5178.26,5162.91,5177.36,1494.640,1772030699999,7728488.01452,4586,856.170,4427085.81960,0
1772030700000,5177.36,5185.55,5177.15,5185.54,1027.834,1772030999999,5325585.10500,3066,638.953,3310678.34806,0
1772031000000,5185.60,5190.97,5183.41,5190.46,1566.478,1772031299999,8127107.33183,3462,777.791,4035520.68386,0
1772031300000,5190.45,5195.13,5189.80,5192.32,1452.551,1772031599999,7542746.12596,3198,721.896,3748637.73678,0
1772031600000,5192.40,5204.22,5192.25,5201.36,2445.247,1772031899999,12708036.72813,4451,1563.826,8128018.85361,0
1772031900000,5201.35,5204.05,5196.43,5196.95,1338.010,1772032199999,6957707.26451,3468,534.245,2778271.10193,0
1772032200000,5196.96,5197.05,5191.36,5194.79,1367.053,1772032499999,7100458.96096,3270,558.514,2900858.27113,0
1772032500000,5194.80,5197.92,5191.04,5191.59,1212.161,1772032799999,6296887.72828,2753,591.226,3071276.24812,0
1772032800000,5191.65,5193.75,5187.20,5188.24,986.768,1772033099999,5121838.13247,2835,477.608,2479073.95028,0
1772033100000,5188.24,5189.20,5177.59,5183.97,1684.787,1772033399999,8732388.91372,4191,796.503,4128326.17974,0
1772033400000,5183.97,5184.45,5175.54,5183.84,1655.064,1772033699999,8571518.06752,3947,895.388,4636998.70553,0
1772033700000,5183.85,5191.76,5183.43,5190.88,724.000,1772033999999,3756243.18085,2425,384.795,1996445.30876,0
1772034000000,5190.69,5195.00,5189.98,5192.95,496.843,1772034299999,2580167.94962,1649,241.035,1251719.27306,0
1772034300000,5192.96,5199.91,5188.55,5199.64,974.223,1772034599999,5062049.65977,2483,517.673,2689811.53380,0
1772034600000,5199.65,5199.65,5194.35,5196.79,618.398,1772034899999,3213665.60895,2044,283.434,1472901.54139,0
1772034900000,5196.79,5198.39,5194.73,5196.00,899.010,1772035199999,4671536.25021,2040,418.907,2176677.78849,0
1772035200000,5196.10,5199.67,5194.75,5196.31,727.728,1772035499999,3781845.14199,2183,406.553,2112822.37120,0
1772035500000,5196.32,5196.55,5191.60,5192.16,789.100,1772035799999,4098758.62860,2274,282.239,1466058.67052,0
1772035800000,5192.17,5197.12,5190.95,5194.04,519.801,1772036099999,2699804.50280,1754,247.915,1287644.04468,0
1772036100000,5194.04,5198.62,5193.28,5198.20,492.533,1772036399999,2559423.35786,1498,315.913,1641592.56662,0
1772036400000,5198.20,5206.68,5198.20,5206.45,1237.114,1772036699999,6437609.38321,2968,793.155,4127176.31631,0
1772036700000,5206.45,5207.60,5202.51,5204.08,788.496,1772036999999,4104244.32919,1874,236.027,1228663.42855,0
1772037000000,5204.08,5207.71,5200.49,5207.70,632.006,1772037299999,3288439.96242,1597,269.745,1403658.84698,0
1772037300000,5207.70,5208.64,5203.98,5204.48,573.048,1772037599999,2983646.94483,1922,284.478,1481203.19038,0
1772037600000,5204.48,5208.94,5204.48,5208.75,424.677,1772037899999,2211271.11857,1394,282.146,1469043.74264,0
1772037900000,5208.76,5215.69,5207.82,5208.96,1059.974,1772038199999,5523888.58474,3388,536.905,2798090.19768,0
1772038200000,5208.96,5213.60,5208.68,5212.80,645.009,1772038499999,3361331.69644,1497,416.177,2168944.67815,0
1772038500000,5212.79,5213.45,5211.24,5213.39,460.641,1772038799999,2401047.50633,1216,199.225,1038441.12190,0
1772038800000,5213.39,5213.45,5209.58,5211.10,646.095,1772039099999,3367149.47903,1647,216.402,1127878.98158,0
1772039100000,5211.10,5215.47,5209.44,5215.35,1042.402,1772039399999,5433299.30797,1913,552.425,2879718.27483,0
1772039400000,5215.34,5218.80,5215.15,5215.85,688.488,1772039699999,3591933.15793,2075,376.576,1964690.44772,0
1772039700000,5215.94,5215.99,5213.28,5215.75,496.239,1772039999999,2587599.99399,1584,238.665,1244493.66889,0
1772040000000,5215.75,5216.40,5212.18,5214.23,370.213,1772040299999,1930543.48797,1266,161.762,843580.30198,0
1772040300000,5214.24,5216.80,5213.45,5213.92,478.045,1772040599999,2493349.50486,1225,200.643,1046506.50241,0
1772040600000,5213.99,5215.07,5212.15,5212.49,468.671,1772040899999,2443548.41255,1295,140.405,732018.56679,0
1772040900000,5212.48,5213.75,5210.88,5213.61,482.422,1772041199999,2514539.97887,1254,212.410,1107118.92534,0
1772041200000,5213.62,5214.37,5208.66,5208.75,586.620,1772041499999,3056464.59593,1389,223.469,1164325.15416,0
1772041500000,5208.76,5209.27,5205.41,5207.45,619.935,1772041799999,3228148.18360,1521,240.240,1250904.42617,0
1772041800000,5207.45,5211.68,5205.56,5207.20,507.040,1772042099999,2640963.71181,1603,219.007,1140667.76050,0
1772042100000,5207.21,5208.91,5205.12,5208.35,550.162,1772042399999,2864934.29559,1318,336.110,1750273.34132,0
1772042400000,5208.36,5209.70,5208.17,5209.69,326.804,1772042699999,1702356.15070,977,171.821,895062.73987,0
1772042700000,5209.69,5210.07,5209.29,5209.29,193.037,1772042999999,1005653.85914,443,83.570,435380.28049,0
1772043000000,5209.29,5209.30,5208.55,5208.61,73.844,1772043299999,384637.28777,274,12.020,62608.12333,0
1772043300000,5208.61,5208.62,5208.12,5208.41,106.569,1772043599999,555058.66159,537,30.871,160788.58645,0
1772043600000,5208.41,5208.42,5207.87,5207.87,83.749,1772043899999,436181.43625,511,20.990,109319.40296,0
1772043900000,5207.87,5208.00,5206.22,5207.99,361.356,1772044199999,1881607.48234,722,69.441,361603.51033,0
1772044200000,5208.00,5208.00,5207.59,5207.60,104.023,1772044499999,541734.52444,346,43.910,228677.20080,0
1772044500000,5207.60,5207.60,5205.28,5205.94,226.877,1772044799999,1181226.90174,622,44.474,231540.65356,0
1772044800000,5205.94,5207.30,5205.00,5205.35,233.565,1772045099999,1215931.11711,638,63.089,328427.07906,0
1772045100000,5205.35,5205.35,5201.34,5201.34,260.256,1772045399999,1354333.60097,662,87.615,455929.01377,0
1772045400000,5201.34,5203.99,5201.34,5201.67,196.007,1772045699999,1019772.97762,724,74.017,385083.93609,0
1772045700000,5201.66,5203.40,5201.56,5202.12,183.660,1772045999999,955517.47305,605,81.552,424259.93473,0
1772046000000,5202.12,5203.04,5201.28,5201.46,192.953,1772046299999,1003762.75735,525,98.932,514641.87393,0
1772046300000,5201.59,5201.60,5195.87,5195.87,390.520,1772046599999,2030254.00786,1332,117.823,612507.19513,0
1772046600000,5195.87,5207.27,5193.33,5207.26,679.863,1772046899999,3534994.98457,1995,491.999,2558697.18026,0
1772046900000,5207.27,5207.93,5203.57,5203.57,153.108,1772047199999,797038.20949,689,65.054,338638.99417,0
1772047200000,5203.57,5203.57,5197.47,5200.30,289.602,1772047499999,1505840.34108,862,115.330,599579.33772,0
1772047500000,5200.24,5201.43,5196.09,5201.43,231.286,1772047799999,1202369.55572,885,122.936,639143.07653,0
1772047800000,5201.43,5203.85,5201.43,5203.20,243.444,1772048099999,1266587.69695,695,105.545,549083.14240,0
1772048100000,5203.19,5205.60,5203.19,5203.39,171.075,1772048399999,890377.74237,617,66.180,344417.67120,0
1772048400000,5203.40,5205.00,5203.20,5205.00,61.445,1772048699999,319738.83726,374,38.211,198838.22287,0
1772048700000,5205.00,5209.55,5201.20,5207.45,2744.007,1772048999999,14282594.23776,4668,1298.735,6759835.94045,0
1772049000000,5207.20,5210.49,5202.57,5207.04,598.956,1772049299999,3118895.52064,2368,312.666,1628062.33050,0
1772049300000,5207.19,5209.76,5205.32,5206.24,553.337,1772049599999,2881628.48780,1551,304.248,1584451.78304,0
1772049600000,5206.39,5206.82,5199.06,5203.75,429.484,1772049899999,2234774.00958,1847,224.645,1168869.95001,0
1772049900000,5203.71,5208.00,5202.72,5205.12,275.424,1772050199999,1433648.19444,1263,135.303,704279.86313,0
1772050200000,5205.12,5208.34,5198.26,5198.26,434.770,1772050499999,2262163.14285,1335,196.837,1024086.44198,0
1772050500000,5198.26,5198.87,5186.56,5187.52,2071.173,1772050799999,10751212.48750,3563,1105.236,5737101.28223,0
1772050800000,5187.52,5191.29,5185.86,5191.29,441.351,1772051099999,2289911.50049,1754,254.366,1319768.69537,0
1772051100000,5191.36,5195.52,5188.48,5188.85,575.594,1772051399999,2987820.85008,1764,299.039,1552260.21191,0
1772051400000,5188.85,5193.10,5182.35,5190.27,1038.754,1772051699999,5388790.29163,2740,567.135,2942040.46843,0
1772051700000,5190.28,5191.03,5183.84,5186.11,540.290,1772051999999,2802715.95860,1758,279.497,1449855.02390,0
1772052000000,5186.11,5186.79,5177.19,5184.16,1511.114,1772052299999,7830144.47487,3157,662.693,3433898.07529,0
1772052300000,5184.31,5184.31,5169.26,5175.09,2149.037,1772052599999,11119285.60662,4959,993.925,5142004.55427,0
1772052600000,5175.34,5182.59,5174.24,5180.20,779.845,1772052899999,4038976.49644,2696,474.547,2457727.37504,0
1772052900000,5180.21,5180.70,5147.40,5154.57,4087.997,1772053199999,21087719.78146,9578,1773.123,9146072.46738,0
1772053200000,5154.78,5163.47,5152.90,5159.33,1616.325,1772053499999,8337549.70225,5025,1044.308,5386663.69463,0
1772053500000,5159.35,5166.62,5159.35,5166.31,909.513,1772053799999,4695110.35245,2652,575.692,2972072.98820,0
1772053800000,5166.31,5168.95,5162.09,5165.43,816.202,1772054099999,4215724.28968,2545,427.642,2208829.30508,0
1772054100000,5165.23,5174.99,5164.06,5167.41,912.257,1772054399999,4716227.77053,3027,445.328,2301778.27604,0
1772054400000,5167.41,5172.14,5167.26,5170.90,299.783,1772054699999,1549768.81210,1152,167.116,863958.48650,0
1772054700000,5170.90,5172.00,5168.68,5170.66,235.561,1772054999999,1218015.99049,1026,91.733,474326.77039,0
1772055000000,5170.66,5173.92,5168.32,5170.99,386.439,1772055299999,1998318.46096,1364,200.227,1035381.35916,0
1772055300000,5171.00,5176.18,5170.99,5171.66,543.037,1772055599999,2809239.03270,1532,263.392,1362526.97642,0
1772055600000,5171.65,5172.77,5169.46,5171.68,339.011,1772055899999,1753013.67601,1288,163.661,846340.60008,0
1772055900000,5171.67,5173.04,5169.92,5172.35,252.627,1772056199999,1306438.85278,953,97.291,503130.97786,0
1772056200000,5172.35,5172.64,5164.01,5164.91,355.474,1772056499999,1837246.40072,1359,121.679,628791.17123,0
1772056500000,5164.96,5172.35,5164.96,5167.56,971.689,1772056799999,5021277.21061,2678,494.916,2557590.85008,0
1772056800000,5167.70,5169.56,5167.68,5169.55,107.987,1772057099999,558110.31056,488,59.903,309605.09607,0
1772057100000,5169.55,5170.41,5167.05,5168.17,163.971,1772057399999,847574.51187,487,107.909,557798.62989,0
1772057400000,5168.16,5169.92,5168.16,5168.48,78.878,1772057699999,407740.11023,382,41.605,215060.07362,0
1772057700000,5168.33,5168.33,5165.86,5167.31,146.189,1772057999999,755367.87386,801,96.541,498817.65727,0
1772058000000,5167.32,5168.48,5164.40,5165.55,175.536,1772058299999,906977.77681,788,68.457,353754.57278,0
1772058300000,5165.55,5166.01,5160.00,5160.21,240.730,1772058599999,1242885.65269,782,35.381,182740.97783,0
1772058600000,5160.21,5163.35,5160.06,5162.11,90.434,1772058899999,466821.65725,451,59.589,307584.63582,0
1772058900000,5162.12,5162.71,5160.00,5162.15,229.974,1772059199999,1186862.27114,759,92.109,475378.90854,0
1772059200000,5162.15,5162.15,5160.41,5160.97,138.970,1772059499999,717284.05449,781,61.391,316858.48640,0
1772059500000,5160.96,5160.97,5155.93,5156.78,191.499,1772059799999,987841.60016,825,47.349,244199.50340,0
1772059800000,5156.78,5156.96,5153.36,5156.96,243.965,1772060099999,1257695.21295,1097,148.607,766096.37918,0
1772060100000,5156.96,5167.56,5156.95,5167.09,422.785,1772060399999,2183271.31472,1111,285.862,1475870.12749,0
1772060400000,5167.09,5178.70,5165.67,5175.94,1896.442,1772060699999,9810727.22071,4763,835.879,4324153.75910,0
1772060700000,5175.69,5183.22,5173.49,5180.85,967.790,1772060999999,5012565.55402,2632,531.059,2750662.72479,0
1772061000000,5180.81,5180.81,5168.65,5170.70,670.731,1772061299999,3470775.73890,2416,246.120,1273581.34497,0
1772061300000,5170.69,5175.13,5166.41,5174.24,648.868,1772061599999,3355240.17891,2589,373.283,1930150.90660,0
1772061600000,5174.31,5180.41,5171.25,5171.65,536.749,1772061899999,2778594.99374,2328,187.599,971185.20927,0
1772061900000,5171.64,5173.81,5168.80,5172.84,442.510,1772062199999,2288645.49797,1526,233.977,1210122.38360,0
1772062200000,5172.80,5172.80,5167.43,5170.51,505.999,1772062499999,2615977.35766,1597,267.608,1383504.80310,0
1772062500000,5170.66,5171.36,5166.01,5171.10,690.596,1772062799999,3569524.29464,1740,383.127,1980185.75273,0
1772062800000,5171.09,5175.51,5170.09,5174.67,448.559,1772063099999,2320549.17946,1707,225.827,1168326.71996,0
1772063100000,5174.63,5180.54,5168.35,5169.20,1042.422,1772063399999,5395072.56614,3114,552.459,2859233.22023,0
1772063400000,5169.20,5172.47,5167.20,5170.89,778.402,1772063699999,4024169.16848,2217,378.889,1958769.84833,0
1772063700000,5170.88,5172.07,5163.39,5165.29,1385.008,1772063999999,7156493.84855,3580,581.680,3005693.98380,0
1772064000000,5165.29,5169.44,5158.00,5161.75,1748.316,1772064299999,9025361.70191,4639,950.442,4906298.66328,0
1772064300000,5161.95,5168.60,5157.71,5163.20,1125.092,1772064599999,5807974.18637,3535,581.978,3004251.72859,0
1772064600000,5163.32,5170.35,5161.61,5168.01,499.084,1772064899999,2578015.06336,1899,258.353,1334422.00490,0
1772064900000,5168.01,5175.37,5168.01,5171.21,695.440,1772065199999,3597286.78684,2271,331.792,1716293.68890,0
1772065200000,5171.57,5183.18,5170.89,5181.35,1200.599,1772065499999,6215539.80568,2952,714.608,3699616.25608,0
1772065500000,5181.35,5187.03,5179.36,5185.96,1060.911,1772065799999,5498117.71048,2716,525.949,2725795.01228,0
1772065800000,5185.96,5189.79,5182.94,5183.20,1083.250,1772066099999,5618616.53990,3277,467.290,2423796.67062,0
1772066100000,5183.15,5185.24,5181.70,5182.63,813.081,1772066399999,4214539.37455,2010,266.809,1382953.58177,0
1772066400000,5182.63,5188.35,5181.28,5188.00,516.493,1772066699999,2678207.61817,1585,265.702,1377775.09560,0
1772066700000,5188.00,5189.54,5185.16,5185.81,514.119,1772066999999,2666868.39734,1483,179.123,929108.59789,0
1772067000000,5185.90,5191.27,5185.19,5189.58,559.874,1772067299999,2904631.98332,1572,246.643,1279595.70073,0
1772067300000,5189.58,5191.51,5185.53,5188.01,859.571,1772067599999,4460414.38441,2691,387.383,2010147.48363,0
1772067600000,5188.00,5197.05,5187.39,5194.50,1825.041,1772067899999,9477354.66264,5604,890.725,4625426.17065,0
1772067900000,5194.50,5194.50,5183.53,5184.49,841.262,1772068199999,4365632.47689,3000,376.556,1954192.47231,0
1772068200000,5184.64,5189.79,5183.43,5188.22,672.739,1772068499999,3489553.88472,2342,376.976,1955391.45634,0
1772068500000,5188.12,5192.87,5188.01,5189.29,511.092,1772068799999,2652825.44528,1738,264.042,1370479.81750,0
1772068800000,5189.29,5194.86,5184.54,5186.63,540.157,1772069099999,2803151.29497,2083,242.562,1258736.07083,0
1772069100000,5186.58,5186.99,5180.17,5181.12,770.100,1772069399999,3991498.80553,2351,280.817,1455519.37674,0
1772069400000,5181.11,5187.94,5179.52,5187.62,664.131,1772069699999,3442080.08207,2318,341.490,1770030.24840,0
1772069700000,5187.62,5190.70,5185.01,5185.01,492.045,1772069999999,2553009.86938,2089,224.046,1162452.90618,0
1772070000000,5185.26,5191.67,5185.17,5188.80,580.874,1772070299999,3014524.46276,1846,177.634,921725.07263,0
1772070300000,5188.74,5191.25,5187.27,5189.56,658.047,1772070599999,3414954.36672,2061,358.079,1858284.08957,0
1772070600000,5189.32,5192.15,5185.32,5190.07,762.275,1772070899999,3955459.62920,2308,397.841,2064537.45948,0
1772070900000,5190.15,5193.12,5189.44,5190.88,451.185,1772071199999,2342255.37672,1584,241.880,1255694.24730,0
1772071200000,5191.03,5194.92,5187.88,5189.76,605.735,1772071499999,3144263.91748,2208,274.245,1423569.31503,0
1772071500000,5189.91,5189.92,5184.89,5186.99,387.850,1772071799999,2011834.22569,1234,162.040,840554.07806,0
1772071800000,5186.99,5190.00,5182.47,5183.03,489.877,1772072099999,2540816.21580,1610,203.228,1054165.95860,0
1772072100000,5182.88,5188.92,5182.24,5187.49,450.161,1772072399999,2334446.88342,1402,242.968,1259894.46942,0
1772072400000,5187.48,5188.62,5181.80,5183.36,292.233,1772072699999,1515187.27015,1093,117.009,606589.53373,0
1772072700000,5183.37,5184.30,5181.17,5181.17,498.595,1772072999999,2584153.62463,1689,312.356,1618889.85143,0
1772073000000,5181.18,5183.52,5178.88,5179.67,712.356,1772073299999,3690615.90435,2219,296.486,1536085.74562,0
1772073300000,5179.66,5183.89,5175.64,5180.64,953.350,1772073599999,4938234.25698,2420,463.120,2398847.24531,0
1772073600000,5180.48,5180.56,5175.10,5176.49,750.940,1772073899999,3887567.72453,2334,353.168,1828340.45659,0
1772073900000,5176.48,5182.91,5176.48,5180.78,458.671,1772074199999,2376157.22909,1530,202.529,1049185.04102,0
1772074200000,5180.81,5183.93,5180.78,5183.70,597.039,1772074499999,3094378.44923,1346,223.952,1160708.32608,0
1772074500000,5183.70,5185.54,5182.88,5183.12,494.120,1772074799999,2561679.82331,1463,261.863,1357592.95603,0
1772074800000,5183.12,5186.80,5182.41,5186.79,518.919,1772075099999,2690406.77734,1421,238.679,1237459.29248,0
1772075100000,5186.79,5186.79,5183.84,5185.13,347.112,1772075399999,1799831.12420,1289,169.761,880236.05876,0
1772075400000,5185.13,5187.17,5183.98,5186.31,274.206,1772075699999,1421932.91671,1045,154.421,800767.16298,0
1772075700000,5186.30,5192.96,5184.56,5189.85,913.847,1772075999999,4742169.50639,2703,556.698,2888867.43274,0
1772076000000,5189.64,5190.53,5187.21,5190.00,429.628,1772076299999,2229214.01488,1418,268.457,1392929.83304,0
1772076300000,5190.00,5190.00,5186.86,5187.75,286.664,1772076599999,1487285.61327,982,57.472,298155.50398,0
1772076600000,5187.75,5188.95,5187.12,5187.89,198.504,1772076899999,1029880.79213,886,83.699,434235.00359,0
1772076900000,5187.89,5187.89,5185.01,5185.66,177.753,1772077199999,921901.15320,676,42.020,217914.05409,0
1772077200000,5185.67,5187.58,5185.12,5185.30,224.943,1772077499999,1166660.62285,714,71.792,372318.90222,0
1772077500000,5185.35,5187.81,5183.85,5187.80,297.264,1772077799999,1541490.45430,997,134.858,699296.58638,0
1772077800000,5187.80,5190.00,5186.73,5190.00,652.086,1772078099999,3383723.30565,1419,272.576,1414426.20922,0
1772078100000,5190.00,5191.00,5189.04,5190.95,504.496,1772078399999,2618417.42073,926,229.556,1191432.37385,0
1772078400000,5190.95,5194.00,5190.95,5193.21,759.155,1772078699999,3942178.05902,1316,409.348,2125725.38693,0
1772078700000,5193.21,5194.96,5192.32,5194.50,436.619,1772078999999,2267781.52858,1039,158.140,821379.47110,0
1772079000000,5194.50,5197.40,5194.08,5195.35,500.420,1772079299999,2599899.06373,1344,230.979,1200011.34614,0
1772079300000,5195.35,5195.52,5191.00,5192.64,477.531,1772079599999,2480058.17983,1053,134.291,697381.43173,0
1772079600000,5192.65,5193.92,5190.40,5192.79,147.150,1772079899999,764076.97110,914,75.719,393174.96117,0
1772079900000,5192.66,5193.15,5190.77,5192.80,228.188,1772080199999,1184783.20908,811,115.655,600470.48272,0
1772080200000,5192.80,5193.27,5191.58,5192.99,169.699,1772080499999,881206.02313,666,64.589,335390.51590,0
1772080500000,5192.99,5193.70,5192.52,5193.69,178.473,1772080799999,926823.25661,441,99.199,515135.88546,0
1772080800000,5193.70,5194.56,5193.15,5193.15,148.901,1772081099999,773382.83597,637,82.628,429171.76782,0
1772081100000,5193.16,5193.53,5189.50,5190.08,199.086,1772081399999,1033590.96706,897,67.763,351802.09274,0
1772081400000,5190.24,5191.39,5189.52,5191.39,108.316,1772081699999,562215.03584,445,57.446,298165.47331,0
1772081700000,5191.39,5192.00,5191.02,5191.37,114.350,1772081999999,593652.77606,582,45.262,234976.06139,0
1772082000000,5191.37,5193.44,5189.12,5191.83,312.875,1772082299999,1624156.26616,931,118.245,613827.59592,0
1772082300000,5191.83,5192.78,5191.23,5192.68,220.143,1772082599999,1142948.61255,672,79.362,412031.00821,0
1772082600000,5192.74,5197.96,5192.31,5196.80,401.638,1772082899999,2086849.30146,1233,228.883,1189287.88154,0
1772082900000,5196.68,5201.00,5194.70,5197.87,1056.840,1772083199999,5494318.34248,2451,579.511,3012798.46270,0
1772083200000,5197.87,5201.12,5196.81,5200.82,358.574,1772083499999,1864054.24740,1095,127.867,664692.28761,0
1772083500000,5200.82,5203.50,5198.64,5199.21,692.447,1772083799999,3601983.51466,1347,323.461,1682605.74094,0
1772083800000,5199.20,5200.47,5197.60,5199.58,366.016,1772084099999,1902914.53104,1230,190.804,991999.60606,0
1772084100000,5199.58,5201.39,5195.46,5197.78,454.147,1772084399999,2360826.57805,1433,207.642,1079382.81929,0
1772084400000,5197.78,5199.90,5197.72,5197.72,388.783,1772084699999,2021167.87547,1032,193.534,1006128.11779,0
1772084700000,5197.71,5198.23,5190.77,5192.64,631.426,1772084999999,3279300.08221,1725,350.323,1819282.34268,0
1772085000000,5192.64,5194.69,5191.90,5193.02,295.650,1772085299999,1535427.89081,867,89.658,465621.05249,0
1772085300000,5193.02,5196.53,5193.02,5196.22,270.738,1772085599999,1406557.13958,729,175.788,913267.52417,0
1772085600000,5196.23,5197.67,5192.52,5192.52,260.798,1772085899999,1355036.35272,1052,122.351,635730.55317,0
1772085900000,5192.52,5197.97,5192.52,5196.64,364.625,1772086199999,1894727.64561,1116,248.922,1293505.93612,0
1772086200000,5196.64,5196.79,5194.49,5196.79,128.934,1772086499999,669919.41694,690,69.076,358903.42957,0
1772086500000,5196.79,5197.07,5193.56,5195.16,220.557,1772086799999,1145881.04731,929,120.439,625703.91752,0
1772086800000,5195.16,5196.00,5192.30,5194.73,202.080,1772087099999,1049704.28656,877,108.453,563353.62544,0
1772087100000,5194.73,5196.31,5192.80,5193.01,281.600,1772087399999,1462816.28532,889,148.385,770786.74106,0
1772087400000,5193.06,5196.08,5192.81,5195.99,226.677,1772087699999,1177638.62381,942,135.275,702778.00230,0
1772087700000,5195.86,5197.16,5193.48,5196.00,272.947,1772087999999,1418088.26472,920,138.880,721560.33621,0
1772088000000,5196.01,5196.31,5193.60,5195.39,163.784,1772088299999,850921.75546,705,59.567,309466.83095,0
1772088300000,5195.39,5196.24,5191.20,5192.17,385.796,1772088599999,2003535.24710,1002,165.713,860627.15776,0
1772088600000,5192.16,5195.36,5190.88,5192.35,462.141,1772088899999,2400232.82047,1192,232.187,1205946.53852,0
1772088900000,5192.35,5192.35,5190.08,5192.00,238.234,1772089199999,1236692.63335,935,115.790,601048.14767,0
1772089200000,5192.00,5193.34,5185.38,5189.73,540.275,1772089499999,2803219.23570,2014,240.979,1250243.30180,0
1772089500000,5189.70,5189.70,5182.52,5184.31,585.492,1772089799999,3035994.63794,1693,263.720,1367407.11163,0
1772089800000,5184.32,5187.04,5182.18,5186.98,568.031,1772090099999,2944511.94591,1488,283.411,1469127.88024,0
1772090100000,5187.04,5189.92,5185.00,5188.00,281.284,1772090399999,1459107.95377,1060,118.675,615634.07638,0
1772090400000,5188.00,5188.66,5182.64,5185.46,368.225,1772090699999,1909359.54647,1193,185.658,962598.73629,0
1772090700000,5185.45,5186.80,5184.01,5184.40,158.408,1772090999999,821447.44739,797,78.512,407120.99912,0
1772091000000,5184.64,5188.00,5184.46,5185.97,362.426,1772091299999,1879512.79213,1142,176.652,916077.86668,0
1772091300000,5185.76,5187.44,5184.46,5186.94,380.359,1772091599999,1972391.02077,1356,127.903,663224.77914,0
1772091600000,5186.94,5188.39,5184.96,5184.97,197.508,1772091899999,1024457.61845,730,65.179,338090.40734,0
1772091900000,5185.14,5185.39,5181.24,5181.24,347.535,1772092199999,1801347.71812,1226,100.713,522070.38531,0
1772092200000,5181.24,5184.10,5179.25,5183.68,1508.600,1772092499999,7815923.77023,2430,507.932,2631769.10910,0
1772092500000,5183.67,5187.84,5183.67,5186.05,348.068,1772092799999,1805110.14121,1089,191.961,995515.28840,0
1772092800000,5186.05,5186.59,5179.70,5181.23,818.646,1772093099999,4242571.49286,2237,445.311,2307591.21557,0
1772093100000,5181.23,5184.32,5179.16,5182.90,512.226,1772093399999,2653843.25013,1662,278.731,1444080.69036,0
1772093400000,5182.88,5189.33,5182.88,5188.64,540.469,1772093699999,2803229.81108,1949,283.612,1470988.41130,0
1772093700000,5188.63,5189.86,5184.77,5186.54,566.193,1772093999999,2937185.71189,1794,269.380,1397557.12497,0
1772094000000,5186.54,5186.83,5184.14,5185.92,328.469,1772094299999,1703316.28671,1280,156.091,809422.69975,0
1772094300000,5185.91,5186.69,5175.70,5177.33,1190.724,1772094599999,6167818.51038,3531,467.281,2420426.07184,0
1772094600000,5177.16,5179.84,5170.89,5174.51,1349.636,1772094899999,6983883.66590,3955,719.019,3720520.84248,0
1772094900000,5174.51,5176.64,5172.20,5174.57,663.524,1772095199999,3433392.06382,2233,314.828,1629014.41771,0
1772095200000,5174.56,5175.83,5172.23,5174.40,640.591,1772095499999,3314429.81307,2019,321.262,1662210.28943,0
1772095500000,5174.33,5178.94,5168.29,5178.94,1131.671,1772095799999,5853197.36270,2854,588.594,3044533.89725,0
1772095800000,5178.93,5181.70,5177.41,5177.96,524.961,1772096099999,2719178.60935,1915,261.126,1352534.59583,0
1772096100000,5177.95,5180.42,5175.81,5179.20,619.132,1772096399999,3206162.84585,1804,376.147,1947863.56303,0
1772096400000,5179.19,5180.07,5174.36,5174.36,541.519,1772096699999,2803857.49054,1472,177.647,919822.23254,0
1772096700000,5174.36,5178.50,5173.95,5178.06,271.469,1772096999999,1405290.41823,1182,176.360,912952.16209,0
1772097000000,5177.92,5182.70,5177.81,5181.27,449.085,1772097299999,2326497.94136,1454,231.277,1198107.48122,0
1772097300000,5181.28,5181.51,5176.41,5177.33,292.495,1772097599999,1515011.69956,988,142.006,735508.25020,0
1772097600000,5177.35,5177.59,5175.40,5177.01,371.603,1772097899999,1923674.69376,1023,278.830,1443439.30694,0
1772097900000,5177.01,5181.60,5177.01,5180.64,315.967,1772098199999,1636618.27353,971,189.071,979283.38912,0
1772098200000,5180.64,5182.90,5179.52,5181.25,857.500,1772098499999,4443489.89547,1199,650.460,3370640.69422,0
1772098500000,5181.25,5183.13,5180.16,5182.54,224.692,1772098799999,1164321.67331,800,94.872,491608.62280,0
1772098800000,5182.55,5182.62,5180.31,5181.24,170.159,1772099099999,881701.51200,635,88.471,458428.80289,0
1772099100000,5181.24,5184.30,5181.24,5183.86,184.567,1772099399999,956618.59300,758,97.487,505273.02460,0
1772099400000,5183.86,5186.50,5183.60,5186.39,471.713,1772099699999,2445943.64803,1349,274.445,1423044.43125,0
1772099700000,5186.15,5188.60,5185.56,5185.79,418.336,1772099999999,2169916.34311,1173,178.583,926290.74832,0
1772100000000,5185.79,5188.16,5185.00,5188.15,234.487,1772100299999,1215985.15390,872,87.852,455594.09021,0
1772100300000,5188.16,5189.34,5187.58,5187.58,291.255,1772100599999,1511153.42877,888,105.198,545834.48647,0
1772100600000,5187.58,5187.72,5186.42,5186.76,168.433,1772100899999,873646.63220,582,68.843,357080.98388,0
1772100900000,5186.76,5187.23,5181.18,5181.89,472.018,1772101199999,2446880.59781,1201,186.161,965002.79502,0
1772101200000,5181.90,5183.65,5180.82,5182.81,254.361,1772101499999,1318119.93544,919,145.242,752661.22183,0
1772101500000,5182.81,5184.23,5178.90,5179.15,411.827,1772101799999,2133949.99977,1347,172.841,895623.11967,0
1772101800000,5179.15,5179.23,5175.00,5176.96,808.762,1772102099999,4186885.66550,2060,426.491,2207820.67850,0
1772102100000,5176.92,5177.33,5172.53,5176.61,743.044,1772102399999,3845092.53875,1641,346.311,1792087.89940,0
1772102400000,5176.62,5178.51,5172.71,5172.85,546.965,1772102699999,2831450.90496,1800,336.223,1740616.35009,0
1772102700000,5172.70,5175.20,5171.24,5171.79,790.053,1772102999999,4086846.84570,1709,414.084,2142058.12344,0
1772103000000,5171.76,5173.95,5170.50,5173.88,789.390,1772103299999,4082455.37771,1777,450.516,2329905.31482,0
1772103300000,5173.92,5173.92,5167.36,5171.15,922.099,1772103599999,4767321.75966,2334,419.194,2167169.50542,0
1772103600000,5171.14,5175.81,5170.00,5174.54,543.423,1772103899999,2811309.88654,1954,272.458,1409500.20891,0
1772103900000,5174.54,5179.15,5173.81,5177.79,470.602,1772104199999,2436325.29561,1491,283.510,1467719.21732,0
1772104200000,5177.79,5177.79,5176.20,5177.17,279.180,1772104499999,1445290.32380,859,125.601,650212.90248,0
1772104500000,5177.09,5177.09,5171.88,5175.97,350.953,1772104799999,1815989.45561,1127,197.211,1020480.93184,0
1772104800000,5175.96,5176.00,5171.57,5172.32,229.973,1772105099999,1189951.64034,881,97.006,501939.07925,0
1772105100000,5172.31,5176.00,5172.14,5172.81,214.790,1772105399999,1111302.23688,771,132.753,686827.08544,0
1772105400000,5172.81,5174.72,5172.80,5173.60,298.756,1772105699999,1545761.63761,1112,116.346,601945.12622,0
1772105700000,5173.61,5175.29,5172.96,5173.62,223.596,1772105999999,1156874.93128,759,137.126,709465.69019,0
1772106000000,5173.63,5175.03,5173.44,5174.48,116.026,1772106299999,600340.76561,525,68.940,356705.64691,0
1772106300000,5174.47,5174.48,5171.36,5171.84,196.350,1772106599999,1015596.09498,647,60.114,310926.50197,0
1772106600000,5171.86,5171.86,5161.23,5164.32,965.957,1772106899999,4989991.92160,2736,379.551,1960525.26600,0
1772106900000,5164.17,5166.64,5162.45,5165.26,552.905,1772107199999,2855439.30068,1635,382.385,1974834.44682,0
1772107200000,5165.26,5168.12,5159.14,5166.20,1565.730,1772107499999,8084313.06047,3574,631.774,3261992.89872,0
1772107500000,5166.20,5169.58,5164.01,5169.34,488.896,1772107799999,2525881.23828,1887,299.407,1546926.09065,0
1772107800000,5169.34,5170.52,5167.33,5168.99,575.950,1772108099999,2976942.03840,1669,241.277,1247122.68645,0
1772108100000,5168.92,5173.76,5166.91,5172.64,444.195,1772108399999,2296594.52431,1561,273.313,1413067.94835,0
1772108400000,5172.65,5176.80,5171.04,5176.80,485.958,1772108699999,2514320.96445,1717,259.052,1340319.35196,0
1772108700000,5176.80,5181.00,5176.59,5179.26,726.539,1772108999999,3762809.74557,1864,450.603,2333734.58815,0
1772109000000,5179.26,5184.21,5178.79,5183.39,653.511,1772109299999,3385901.32599,1791,298.721,1547742.97545,0
1772109300000,5183.39,5184.61,5179.55,5181.64,436.165,1772109599999,2260175.39176,1345,182.412,945216.95471,0
1772109600000,5181.64,5186.98,5181.64,5186.97,636.788,1772109899999,3301392.71639,1500,297.015,1539808.46989,0
1772109900000,5186.98,5187.16,5181.33,5181.34,575.963,1772110199999,2985937.87004,1228,82.802,429292.10318,0
1772110200000,5181.34,5181.59,5179.82,5180.96,275.320,1772110499999,1426358.43263,1005,119.959,621462.15655,0
1772110500000,5180.96,5183.98,5179.86,5183.48,402.456,1772110799999,2085455.03062,1064,240.843,1248056.40877,0
1772110800000,5183.48,5185.08,5176.00,5176.46,1000.304,1772111099999,5184455.05521,2656,656.789,3404194.47169,0
1772111100000,5176.46,5180.34,5172.50,5173.04,811.257,1772111399999,4199019.01741,2399,385.382,1994779.72471,0
1772111400000,5173.04,5175.25,5169.46,5174.88,905.981,1772111699999,4685540.61370,2364,544.157,2814149.31941,0
1772111700000,5174.87,5178.44,5172.48,5172.48,588.658,1772111999999,3046814.59622,1954,277.755,1437618.72379,0
1772112000000,5172.48,5179.00,5172.48,5178.23,400.177,1772112299999,2071458.88438,1690,185.561,960466.64508,0
1772112300000,5178.23,5178.23,5175.41,5175.69,309.098,1772112599999,1600107.38446,1254,147.405,763053.89469,0
1772112600000,5175.69,5175.84,5167.45,5175.04,979.889,1772112899999,5068155.36560,3177,569.942,2947715.25929,0
1772112900000,5175.03,5177.28,5171.13,5174.55,631.500,1772113199999,3267621.37327,1803,355.929,1841662.19799,0
1772113200000,5174.54,5175.04,5166.08,5166.51,705.107,1772113499999,3645252.58375,1838,331.534,1713976.72700,0
1772113500000,5166.51,5170.63,5166.51,5169.91,599.853,1772113799999,3099993.34231,1679,309.255,1598198.40547,0
1772113800000,5169.90,5171.64,5169.01,5171.21,242.856,1772114099999,1255680.05986,1058,131.751,681215.92001,0
1772114100000,5171.34,5172.37,5168.08,5168.08,314.609,1772114399999,1626741.93477,1285,135.333,699730.81570,0
1772114400000,5168.00,5170.88,5164.00,5167.52,1200.623,1772114699999,6203427.54382,2967,735.156,3798416.86129,0
1772114700000,5167.41,5168.32,5162.59,5164.80,689.387,1772114999999,3560337.82054,2075,322.368,1664764.97082,0
1772115000000,5164.79,5167.85,5163.76,5167.08,442.915,1772115299999,2288199.30963,1413,241.511,1247644.62728,0
1772115300000,5167.13,5169.93,5166.52,5167.67,288.944,1772115599999,1493206.17182,1232,129.111,667232.42770,0
1772115600000,5167.68,5170.50,5164.53,5168.96,561.298,1772115899999,2900697.37300,1590,256.630,1326132.72467,0
1772115900000,5169.00,5172.96,5168.89,5171.42,257.330,1772116199999,1330653.44340,1476,148.375,767235.31000,0
1772116200000,5171.40,5171.40,5142.61,5166.78,6264.723,1772116499999,32288861.40161,11908,3040.065,15667943.56095,0
1772116500000,5166.78,5174.72,5165.18,5167.00,2527.288,1772116799999,13066262.07893,6134,1103.989,5707629.20883,0
1772116800000,5167.00,5174.17,5159.89,5172.74,1948.725,1772117099999,10069695.71532,5149,845.235,4367849.80334,0
1772117100000,5172.75,5175.74,5166.57,5172.47,1902.420,1772117399999,9838762.30601,4756,1031.641,5335486.34772,0
1772117400000,5172.47,5174.16,5165.61,5169.76,1342.588,1772117699999,6940412.10589,3919,811.964,4197057.45568,0
1772117700000,5169.91,5173.25,5166.12,5167.67,1675.346,1772117999999,8661581.51644,4372,1128.571,5834722.14475,0
1772118000000,5167.42,5173.47,5161.84,5169.64,1130.441,1772118299999,5841727.47489,4201,540.940,2795123.21137,0
1772118300000,5169.64,5171.79,5165.76,5168.86,790.136,1772118599999,4084183.07012,2947,365.144,1887353.27290,0
1772118600000,5168.96,5172.93,5163.71,5164.36,864.532,1772118899999,4468471.41643,3080,405.430,2095501.12298,0
1772118900000,5164.35,5165.09,5152.74,5160.53,1761.351,1772119199999,9085284.25364,4804,778.699,4016502.50471,0
1772119200000,5160.53,5163.98,5154.00,5156.44,1257.603,1772119499999,6487721.37831,4017,624.992,3224243.99841,0
1772119500000,5156.45,5159.68,5133.05,5144.78,4672.082,1772119799999,24035393.31330,10651,2315.676,11913501.07473,0
1772119800000,5144.77,5157.71,5143.68,5155.16,1741.327,1772120099999,8969799.71276,6032,970.036,4996479.71477,0
1772120100000,5154.96,5169.69,5153.90,5169.69,1711.403,1772120399999,8835405.55744,4253,946.669,4887279.16969,0
1772120400000,5169.64,5176.57,5166.46,5175.99,1433.472,1772120699999,7414129.94188,3877,604.079,3124346.42296,0
1772120700000,5176.00,5187.01,5175.62,5183.61,1768.067,1772120999999,9160934.57956,4714,809.311,4193501.23578,0
1772121000000,5183.60,5192.96,5181.95,5189.74,2128.386,1772121299999,11043197.18741,4977,1079.467,5600688.73096,0
1772121300000,5189.74,5192.48,5183.42,5185.60,1600.544,1772121599999,8303148.53434,3464,526.605,2732110.90651,0
1772121600000,5185.70,5187.12,5178.67,5179.53,1324.601,1772121899999,6864421.12418,3430,531.052,2752049.37902,0
1772121900000,5179.52,5181.07,5177.08,5179.04,1140.164,1772122199999,5904800.78216,2950,526.071,2724518.65852,0
1772122200000,5179.12,5180.50,5174.35,5178.20,901.816,1772122499999,4669288.09451,2545,466.589,2416121.09065,0
1772122500000,5178.20,5185.18,5175.68,5181.92,634.773,1772122799999,3288610.30040,2357,377.616,1956218.49321,0
1772122800000,5181.92,5184.52,5177.71,5179.37,473.690,1772123099999,2454345.42136,2006,237.673,1231490.26987,0
1772123100000,5179.37,5181.00,5176.78,5181.00,410.769,1772123399999,2127359.09832,1744,229.734,1189781.28619,0
1772123400000,5181.11,5184.44,5179.13,5182.77,532.988,1772123699999,2761513.10920,1886,283.655,1469713.69920,0
1772123700000,5182.78,5185.00,5180.80,5182.99,510.064,1772123999999,2643836.10112,1914,216.913,1124300.06773,0
1772124000000,5182.99,5186.49,5181.34,5184.06,511.380,1772124299999,2651026.65578,1808,258.212,1338540.53528,0
1772124300000,5184.07,5186.25,5179.39,5182.40,600.568,1772124599999,3112953.55933,1958,317.536,1645944.14832,0
1772124600000,5182.56,5184.44,5178.17,5179.79,537.012,1772124899999,2781999.69000,2019,259.968,1346730.89838,0
1772124900000,5179.79,5182.08,5177.06,5180.41,434.770,1772125199999,2251824.83153,1489,205.589,1064846.48261,0
1772125200000,5180.42,5184.03,5179.92,5183.04,389.147,1772125499999,2016707.35977,1557,230.469,1194346.14065,0
1772125500000,5183.04,5188.43,5182.64,5186.94,757.607,1772125799999,3928411.10000,1871,335.119,1737704.33857,0
1772125800000,5186.95,5190.84,5180.48,5180.49,881.585,1772126099999,4573486.34295,2379,439.567,2280852.83023,0
1772126100000,5180.55,5182.07,5176.32,5178.49,449.724,1772126399999,2329225.86308,1658,207.909,1076857.82869,0
1772126400000,5178.55,5181.99,5178.55,5180.10,296.539,1772126699999,1536287.50136,1215,165.217,855939.48937,0
1772126700000,5180.10,5180.73,5175.01,5175.36,443.559,1772126999999,2296401.25874,1367,200.962,1040385.66472,0
1772127000000,5175.36,5178.28,5173.20,5178.00,545.531,1772127299999,2823439.64182,1929,251.413,1301246.05736,0
1772127300000,5178.00,5178.88,5168.72,5174.88,1345.844,1772127599999,6963321.97808,2605,529.226,2738407.98089,0
1772127600000,5174.82,5177.15,5174.45,5175.38,298.306,1772127899999,1544051.92037,1060,110.903,574020.39516,0
1772127900000,5175.62,5175.89,5167.07,5170.24,753.771,1772128199999,3898118.16681,2061,303.479,1569499.96061,0
1772128200000,5170.23,5173.11,5165.51,5167.30,709.510,1772128499999,3667340.11483,2201,263.028,1359549.92593,0
1772128500000,5167.29,5168.95,5163.14,5167.71,993.806,1772128799999,5133951.85629,2391,515.304,2662089.13362,0
1772128800000,5167.71,5171.50,5167.71,5169.17,599.324,1772129099999,3098224.88522,1766,285.061,1473656.09625,0
1772129100000,5169.15,5170.88,5164.01,5170.43,347.674,1772129399999,1796595.03098,1655,184.005,950836.65597,0
1772129400000,5170.42,5174.00,5169.36,5174.00,335.711,1772129699999,1736057.62509,1505,211.380,1093115.05971,0
1772129700000,5173.99,5176.86,5172.39,5175.60,369.487,1772129999999,1912042.85873,1427,195.599,1012221.71257,0
1772130000000,5175.56,5177.33,5174.73,5175.39,238.142,1772130299999,1232647.54795,1085,140.068,725010.98258,0
1772130300000,5175.38,5178.92,5174.47,5177.28,247.775,1772130599999,1282742.94548,1043,107.043,554122.07764,0
1772130600000,5177.28,5180.33,5167.01,5168.32,1260.530,1772130899999,6524183.79406,3176,478.505,2476747.02865,0
1772130900000,5168.39,5177.62,5161.84,5175.59,1283.332,1772131199999,6634525.31786,3393,639.746,3307553.59436,0
1772131200000,5175.54,5182.17,5175.04,5181.33,489.896,1772131499999,2537157.56765,1664,232.525,1204215.89837,0
1772131500000,5181.29,5184.48,5181.15,5184.04,364.293,1772131799999,1888067.34544,1295,154.489,800654.80263,0
1772131800000,5184.05,5185.27,5180.53,5180.54,397.163,1772132099999,2058866.86761,1245,183.710,952392.42840,0
1772132100000,5180.52,5181.65,5178.57,5179.90,252.293,1772132399999,1306884.58312,1194,103.461,535938.47556,0
1772132400000,5179.90,5185.35,5179.38,5185.14,386.731,1772132699999,2004527.71174,1320,227.327,1178293.41102,0
1772132700000,5185.06,5187.00,5184.33,5185.51,487.101,1772132999999,2526036.42655,1494,207.609,1076584.26888,0
1772133000000,5185.52,5187.78,5184.77,5185.93,207.323,1772133299999,1075295.52862,846,100.032,518822.15396,0
1772133300000,5185.97,5187.20,5185.00,5187.06,251.738,1772133599999,1305508.19270,860,110.749,574328.76605,0
1772133600000,5187.05,5188.59,5185.07,5185.08,284.792,1772133899999,1477211.54655,968,111.914,580524.27797,0
1772133900000,5185.08,5185.85,5183.75,5184.52,382.408,1772134199999,1982685.17155,931,137.741,714148.02876,0
1772134200000,5184.53,5188.10,5182.56,5188.10,403.140,1772134499999,2090290.16693,1057,196.826,1020580.94479,0
1772134500000,5188.10,5189.72,5183.65,5184.31,360.717,1772134799999,1871123.21778,1166,158.559,822374.27077,0
1772134800000,5184.30,5186.46,5184.00,5185.75,187.551,1772135099999,972474.34199,629,100.586,521533.66198,0
1772135100000,5185.75,5192.80,5185.75,5192.80,452.883,1772135399999,2350879.75467,1430,234.623,1217849.44215,0
1772135400000,5192.85,5192.85,5188.95,5189.40,246.743,1772135699999,1280890.81687,776,59.241,307485.03690,0
1772135700000,5189.39,5190.48,5186.73,5187.36,248.721,1772135999999,1290542.78424,883,126.309,655377.56297,0
1772136000000,5187.36,5193.46,5187.14,5193.46,236.438,1772136299999,1227282.04162,925,180.868,938799.75205,0
1772136300000,5193.46,5195.50,5193.44,5194.26,384.966,1772136599999,1999724.19103,1049,219.340,1139386.17861,0
1772136600000,5194.43,5197.07,5193.61,5195.90,744.186,1772136899999,3866410.74207,1116,429.370,2230822.60226,0
1772136900000,5195.90,5196.33,5191.31,5193.30,352.878,1772137199999,1832626.55144,1154,129.968,674981.91719,0
1772137200000,5193.44,5196.95,5193.44,5196.94,175.121,1772137499999,909730.38223,680,96.575,501688.04462,0
1772137500000,5196.94,5196.94,5192.80,5192.80,142.093,1772137799999,738165.38242,774,44.358,230415.73142,0
1772137800000,5192.80,5194.57,5190.65,5193.82,239.672,1772138099999,1244516.83946,932,145.549,755779.05413,0
1772138100000,5193.91,5198.00,5193.89,5196.87,278.906,1772138399999,1449412.90042,833,101.945,529733.32879,0
1772138400000,5196.87,5198.49,5195.68,5197.72,218.695,1772138699999,1136603.61750,702,76.352,396811.33083,0
1772138700000,5197.71,5199.98,5197.71,5199.57,436.930,1772138999999,2271719.21202,1126,261.206,1358088.06169,0
1772139000000,5199.58,5199.62,5191.77,5193.20,362.865,1772139299999,1885098.70912,1216,163.930,851581.93455,0
1772139300000,5193.19,5195.99,5189.65,5195.58,475.747,1772139599999,2470394.21553,1374,209.777,1089268.76702,0
1772139600000,5195.68,5199.79,5195.68,5198.24,357.918,1772139899999,1860550.60478,1057,209.792,1090574.97696,0
1772139900000,5198.24,5199.14,5197.77,5198.76,141.899,1772140199999,737684.11721,495,47.726,248102.48267,0
1772140200000,5198.75,5198.75,5195.66,5196.49,162.602,1772140499999,845033.89428,562,46.373,240986.42811,0
1772140500000,5196.48,5196.64,5193.53,5194.82,261.206,1772140799999,1356883.73045,823,98.768,513063.34438,0
1772140800000,5194.72,5195.60,5190.89,5190.90,142.526,1772141099999,740159.39669,537,27.579,143214.20796,0
1772141100000,5190.90,5191.49,5185.78,5186.46,461.356,1772141399999,2393425.02205,1366,240.800,1249099.25031,0
1772141400000,5186.47,5189.06,5185.19,5185.81,271.595,1772141699999,1408704.00008,854,170.211,882854.97827,0
1772141700000,5185.80,5188.29,5185.17,5188.06,157.800,1772141999999,818470.95129,576,100.935,523513.31876,0
1772142000000,5188.05,5191.77,5187.86,5190.96,166.136,1772142299999,862278.81843,685,92.511,480133.26477,0
1772142300000,5190.88,5190.88,5188.33,5188.34,136.540,1772142599999,708557.43090,453,59.520,308870.17195,0
1772142600000,5188.33,5189.17,5184.58,5184.58,373.637,1772142899999,1937961.46364,992,172.650,895468.81356,0
1772142900000,5184.58,5187.18,5184.09,5185.95,100.947,1772143199999,523513.86833,439,71.824,372473.03643,0
1772143200000,5185.95,5188.62,5185.90,5188.62,65.932,1772143499999,341999.87434,218,50.164,260226.63099,0
1772143500000,5188.61,5188.62,5188.50,5188.51,33.522,1772143799999,173931.67990,155,6.490,33673.67685,0
1772143800000,5188.50,5189.44,5187.39,5189.43,258.117,1772144099999,1339185.83408,499,160.095,830617.77220,0
1772144100000,5189.59,5189.60,5188.39,5188.39,25.416,1772144399999,131893.68112,155,5.461,28340.01693,0
1772144400000,5188.39,5188.39,5187.65,5187.66,18.065,1772144699999,93720.87384,132,3.149,16337.68691,0
1772144700000,5187.66,5187.66,5185.12,5185.15,57.778,1772144999999,299650.40486,445,20.917,108466.94205,0
1772145000000,5185.15,5186.00,5185.15,5186.00,52.949,1772145299999,274571.82864,154,44.045,228402.13990,0
1772145300000,5186.02,5186.02,5184.13,5184.13,84.215,1772145599999,436677.44033,260,13.197,68422.99267,0
1772145600000,5184.13,5185.14,5180.69,5181.28,223.636,1772145899999,1159104.28144,748,51.302,265881.03276,0
1772145900000,5181.28,5187.77,5181.28,5187.77,153.441,1772146199999,795450.40381,449,145.446,754000.02774,0
1772146200000,5187.76,5187.77,5186.19,5186.71,79.849,1772146499999,414159.01729,439,21.664,112365.23114,0
1772146500000,5186.71,5187.59,5185.95,5186.49,109.892,1772146799999,569979.25003,380,33.607,174304.54830,0
1772146800000,5186.50,5190.79,5177.40,5181.90,1485.190,1772147099999,7696745.58618,3868,636.227,3297273.67253,0
1772147100000,5181.92,5185.92,5178.33,5184.63,664.324,1772147399999,3442857.29760,1720,330.032,1710341.08443,0
1772147400000,5184.63,5188.53,5183.36,5183.74,717.675,1772147699999,3722080.04714,1755,315.457,1636090.82488,0
1772147700000,5183.85,5186.24,5183.08,5184.16,201.121,1772147999999,1042783.91895,763,110.222,571469.33576,0
1772148000000,5184.16,5187.04,5183.69,5183.84,261.175,1772148299999,1354362.11543,881,132.018,684602.86274,0
1772148300000,5183.80,5185.59,5181.29,5183.71,309.459,1772148599999,1604069.76104,1046,138.665,718752.54872,0
1772148600000,5183.71,5184.74,5181.68,5183.36,329.728,1772148899999,1709117.84535,1140,110.594,573225.59589,0
1772148900000,5183.36,5187.00,5183.36,5186.88,210.941,1772149199999,1093823.68584,806,128.112,664299.17437,0
1772149200000,5186.87,5188.54,5184.13,5185.44,294.668,1772149499999,1528329.46095,1218,159.650,828025.98647,0
1772149500000,5185.43,5187.36,5183.33,5183.33,215.372,1772149799999,1116863.72434,898,85.069,441139.22397,0
1772149800000,5183.34,5185.66,5182.24,5184.48,282.486,1772150099999,1464331.40410,1036,142.501,738673.42077,0
1772150100000,5184.49,5184.54,5182.92,5183.72,131.414,1772150399999,681206.18669,559,67.331,349012.91676,0
1772150400000,5183.72,5184.60,5179.01,5180.20,438.279,1772150699999,2270983.45619,1647,229.975,1191597.55954,0
1772150700000,5180.21,5185.77,5179.52,5182.54,384.087,1772150999999,1990481.62554,1532,169.198,876817.83601,0
1772151000000,5182.54,5186.60,5182.54,5185.61,275.012,1772151299999,1425943.12954,1002,152.640,791417.97078,0
1772151300000,5185.61,5190.00,5185.29,5189.30,283.463,1772151599999,1470769.27838,1310,151.233,784660.32033,0
1772151600000,5189.40,5194.00,5188.80,5192.64,411.219,1772151899999,2134871.85746,1570,228.653,1187050.36294,0
1772151900000,5192.64,5192.73,5188.34,5188.65,401.722,1772152199999,2085025.13306,1025,101.016,524307.30939,0
1772152200000,5188.65,5189.92,5180.86,5182.56,460.171,1772152499999,2385805.72716,1479,277.781,1440097.70099,0
1772152500000,5182.56,5182.56,5172.89,5175.68,1067.021,1772152799999,5523761.52434,2880,574.207,2972433.85974,0
1772152800000,5175.68,5178.24,5172.00,5176.59,614.246,1772153099999,3178663.89837,2076,368.129,1905056.09115,0
1772153100000,5176.50,5177.82,5173.61,5175.28,499.434,1772153399999,2584858.33817,1665,260.059,1345855.22753,0
1772153400000,5175.27,5178.21,5174.10,5177.60,268.967,1772153699999,1392164.91522,1000,172.173,891118.44533,0
1772153700000,5177.61,5178.15,5175.37,5176.31,204.798,1772153999999,1060188.14181,794,86.253,446490.89953,0
1772154000000,5176.31,5177.59,5170.30,5176.13,1075.215,1772154299999,5563154.74827,2956,616.411,3189214.03254,0
1772154300000,5176.13,5177.12,5168.07,5174.64,921.986,1772154599999,4768504.22934,2613,413.382,2138020.75952,0
1772154600000,5174.64,5178.74,5174.64,5177.74,368.197,1772154899999,1906133.68477,1349,255.050,1320369.65656,0
1772154900000,5177.47,5179.20,5175.85,5178.42,291.468,1772155199999,1509164.11321,1072,162.496,841350.56725,0
1772155200000,5178.16,5180.41,5176.96,5178.55,252.779,1772155499999,1309087.40374,1021,140.617,728215.79169,0
1772155500000,5178.56,5179.03,5175.81,5175.97,252.973,1772155799999,1309728.97375,947,110.354,571336.72317,0
1772155800000,5175.98,5182.70,5174.21,5182.36,459.732,1772156099999,2380691.95023,1525,289.644,1499908.43931,0
1772156100000,5182.40,5190.27,5182.36,5189.84,822.949,1772156399999,4268526.89210,2039,406.176,2106560.54605,0
1772156400000,5189.85,5190.70,5186.75,5187.94,555.009,1772156699999,2879893.49683,1496,205.111,1064317.70408,0
1772156700000,5187.94,5189.20,5187.39,5188.13,240.462,1772156999999,1247586.66883,883,110.584,573730.00669,0
1772157000000,5188.30,5192.98,5187.98,5191.00,586.854,1772157299999,3046539.42730,1608,226.715,1176840.41275,0
1772157300000,5191.00,5192.50,5189.00,5192.49,295.296,1772157599999,1532649.75879,959,77.569,402634.96916,0
1772157600000,5192.50,5195.30,5191.21,5192.46,431.050,1772157899999,2238811.43391,1565,208.982,1085422.32344,0
1772157900000,5192.38,5198.30,5192.37,5195.01,557.019,1772158199999,2894596.52733,1716,315.516,1639584.84686,0
1772158200000,5195.26,5195.68,5191.63,5194.25,206.301,1772158499999,1071407.02649,1025,82.992,430982.49323,0
1772158500000,5194.25,5194.55,5191.00,5191.00,158.184,1772158799999,821369.76412,883,51.503,267433.89449,0
1772158800000,5191.00,5191.41,5186.00,5187.24,345.230,1772159099999,1791067.99757,1107,121.522,630436.37046,0
1772159100000,5187.25,5187.49,5184.84,5184.88,214.337,1772159399999,1111576.16330,775,80.112,415450.48491,0
1772159400000,5184.91,5186.39,5183.90,5184.75,550.020,1772159699999,2851765.25106,1538,352.681,1828559.98367,0
1772159700000,5184.75,5185.28,5176.37,5179.45,1139.032,1772159999999,5899799.98720,2644,604.615,3131536.76131,0
1772160000000,5179.52,5182.95,5179.07,5182.56,441.322,1772160299999,2286373.45994,1373,305.040,1580284.07196,0
1772160300000,5182.40,5183.70,5178.41,5179.61,401.063,1772160599999,2077844.34284,1134,235.521,1220124.48670,0
1772160600000,5179.60,5179.80,5175.21,5178.62,499.302,1772160899999,2584949.45127,1380,333.371,1725841.80571,0
1772160900000,5178.63,5184.20,5177.99,5183.79,352.021,1772161199999,1823612.70456,1063,144.410,748098.99638,0
1772161200000,5183.78,5185.02,5182.41,5182.94,417.463,1772161499999,2164135.25152,980,232.606,1205861.92684,0
1772161500000,5182.93,5183.84,5181.47,5182.74,202.702,1772161799999,1050515.43787,864,94.932,491985.87170,0
1772161800000,5182.74,5183.35,5182.00,5182.40,196.018,1772162099999,1015889.23188,780,105.460,546546.60820,0
1772162100000,5182.55,5184.09,5181.71,5183.33,174.550,1772162399999,904682.64310,750,88.519,458784.64281,0
1772162400000,5183.32,5184.84,5182.24,5184.68,234.953,1772162699999,1217890.15030,865,147.414,764125.38977,0
1772162700000,5184.68,5187.36,5184.68,5186.24,299.030,1772162999999,1550874.99474,978,118.696,615555.65083,0
1772163000000,5186.35,5188.17,5185.59,5187.81,280.373,1772163299999,1454321.62347,917,151.670,786720.20195,0
1772163300000,5187.82,5187.82,5184.44,5186.55,153.414,1772163599999,795670.10526,682,111.529,578433.96245,0
1772163600000,5186.56,5187.68,5186.23,5187.68,113.004,1772163899999,586148.01459,475,63.460,329163.35903,0
1772163900000,5187.67,5190.56,5187.51,5190.00,452.932,1772164199999,2350355.30658,1027,284.548,1476515.67219,0
1772164200000,5190.00,5190.71,5189.54,5189.77,222.806,1772164499999,1156371.05868,734,97.054,503711.99325,0
1772164500000,5189.77,5190.49,5184.75,5184.76,341.180,1772164799999,1770300.43120,954,105.873,549304.42799,0
1772164800000,5184.75,5187.20,5184.48,5186.53,340.526,1772165099999,1765941.76032,1164,246.954,1280668.88308,0
1772165100000,5186.54,5188.60,5186.44,5187.45,157.501,1772165399999,817076.78302,708,129.608,672367.82721,0
1772165400000,5187.36,5187.52,5186.08,5187.52,288.571,1772165699999,1496738.11740,802,195.102,1011933.61754,0
1772165700000,5187.51,5187.84,5185.28,5185.28,443.941,1772165999999,2302657.00174,700,144.964,751846.98312,0
1772166000000,5185.28,5188.00,5182.79,5187.67,410.631,1772166299999,2129202.20030,1260,247.084,1281162.92546,0
1772166300000,5187.68,5188.90,5187.26,5187.43,169.232,1772166599999,877968.35226,431,104.409,541653.82604,0
1772166600000,5187.59,5187.59,5185.87,5186.87,165.936,1772166899999,860668.80918,498,73.882,383196.82577,0
1772166900000,5186.62,5188.20,5186.62,5187.39,111.742,1772167199999,579701.38170,389,43.378,225029.98509,0
1772167200000,5187.40,5188.02,5186.98,5187.32,80.246,1772167499999,416276.51844,424,43.700,226694.85092,0
1772167500000,5187.31,5187.31,5185.41,5185.46,122.024,1772167799999,632849.23496,442,33.084,171585.67891,0
1772167800000,5185.45,5185.76,5182.83,5182.83,205.837,1772168099999,1067185.31678,598,39.926,207005.82124,0
1772168100000,5182.81,5184.00,5181.33,5182.05,205.473,1772168399999,1064900.48964,664,104.079,539407.03312,0
1772168400000,5182.05,5184.46,5182.04,5184.45,125.804,1772168699999,652078.82606,588,82.971,430071.97153,0
1772168700000,5184.46,5185.69,5184.45,5185.01,73.332,1772168999999,380229.27597,376,30.532,158305.34544,0
1772169000000,5185.01,5187.40,5184.65,5186.96,132.246,1772169299999,685884.21839,476,72.860,377874.24359,0
1772169300000,5186.97,5187.20,5186.17,5187.00,171.464,1772169599999,889356.24188,533,60.355,313042.52908,0
1772169600000,5187.00,5189.38,5186.97,5188.96,152.512,1772169899999,791206.73513,491,107.173,555986.44076,0
1772169900000,5188.95,5193.65,5188.95,5193.65,711.703,1772170199999,3694733.13329,1410,385.708,2002111.36471,0
1772170200000,5193.64,5195.99,5193.28,5195.64,978.886,1772170499999,5085260.31744,2141,441.156,2291735.15489,0
1772170500000,5195.37,5195.51,5190.54,5194.13,446.367,1772170799999,2318064.10172,1423,249.347,1294823.88535,0
1772170800000,5194.06,5194.06,5191.40,5191.94,293.171,1772171099999,1522434.44478,1051,149.634,777031.99328,0
1772171100000,5191.95,5192.80,5190.53,5190.53,381.582,1772171399999,1981135.88427,978,164.746,855350.72222,0
1772171400000,5190.46,5195.20,5190.40,5193.92,240.274,1772171699999,1247708.65602,743,144.537,750535.84119,0
1772171700000,5193.93,5198.69,5193.41,5197.00,558.860,1772171999999,2904318.80707,1488,302.471,1571818.28373,0
1772172000000,5197.00,5197.21,5193.53,5193.54,417.729,1772172299999,2170247.44874,1249,226.535,1176920.23547,0
1772172300000,5193.54,5196.00,5193.54,5193.77,301.084,1772172599999,1564071.58766,995,123.090,639408.54128,0
1772172600000,5193.77,5196.98,5193.61,5195.72,413.473,1772172899999,2148257.19444,1148,168.665,876289.53216,0
1772172900000,5195.71,5197.70,5193.96,5194.43,458.432,1772173199999,2382006.59935,1165,146.637,761928.26177,0
1772173200000,5194.44,5195.99,5193.61,5194.13,196.630,1772173499999,1021424.84016,723,80.719,419308.30151,0
1772173500000,5194.13,5194.18,5191.93,5192.65,286.884,1772173799999,1489688.33096,888,163.019,846487.45560,0
1772173800000,5192.65,5195.42,5192.64,5192.75,454.365,1772174099999,2359871.11016,1236,233.452,1212484.34833,0
1772174100000,5192.70,5194.88,5191.93,5193.69,298.381,1772174399999,1549501.06931,879,164.860,856101.95624,0
1772174400000,5193.74,5195.51,5192.80,5193.04,228.237,1772174699999,1185518.19483,795,117.491,610267.23974,0
1772174700000,5193.10,5193.48,5191.40,5191.64,191.099,1772174999999,992241.76032,561,105.690,548770.11756,0
1772175000000,5191.63,5192.25,5188.03,5188.79,348.269,1772175299999,1807579.88272,1086,142.614,740171.93019,0
1772175300000,5188.78,5188.79,5186.24,5187.01,436.594,1772175599999,2264668.16724,1214,314.408,1630847.61014,0
1772175600000,5186.97,5188.75,5185.05,5186.40,538.148,1772175899999,2791075.47901,1263,394.642,2046723.63299,0
1772175900000,5186.33,5190.50,5186.33,5188.40,362.838,1772176199999,1882597.18665,988,250.226,1298287.31763,0
1772176200000,5188.39,5189.58,5184.00,5184.01,848.015,1772176499999,4397964.99142,1426,300.706,1559517.82295,0
1772176500000,5184.01,5184.64,5179.70,5179.79,1341.355,1772176799999,6950773.05916,2031,906.152,4695800.44586,0
1772176800000,5179.80,5185.00,5179.80,5183.75,611.142,1772177099999,3167158.85590,1524,387.900,2010132.65130,0
1772177100000,5183.74,5186.12,5180.64,5180.95,341.226,1772177399999,1768634.38235,1028,182.245,944563.99557,0
1772177400000,5180.94,5182.72,5177.49,5181.50,714.776,1772177699999,3702446.33827,1625,410.315,2125401.00788,0
1772177700000,5181.49,5185.39,5181.49,5185.20,460.916,1772177999999,2389240.74180,1178,287.466,1490083.26573,0
1772178000000,5185.19,5185.20,5182.57,5182.62,153.960,1772178299999,798071.19454,604,60.354,312829.53120,0
1772178300000,5182.62,5184.10,5182.24,5183.87,210.733,1772178599999,1092268.26518,739,159.421,826302.67339,0
1772178600000,5183.87,5184.00,5181.00,5182.19,332.837,1772178899999,1724854.24884,785,181.469,940418.68588,0
1772178900000,5182.29,5184.80,5179.04,5179.04,414.536,1772179199999,2147799.72597,1035,287.778,1491028.14831,0
1772179200000,5179.04,5184.11,5179.04,5182.69,435.504,1772179499999,2256834.82074,1467,257.482,1334245.82304,0
1772179500000,5182.68,5183.84,5180.32,5182.58,292.474,1772179799999,1515529.36453,896,132.244,685214.97997,0
1772179800000,5182.58,5182.88,5180.16,5180.66,256.992,1772180099999,1331741.33265,704,144.565,749125.46459,0
1772180100000,5180.75,5182.40,5179.95,5181.29,306.778,1772180399999,1589336.38697,936,142.908,740377.93820,0
1772180400000,5181.29,5181.75,5177.68,5177.87,425.162,1772180699999,2202426.20676,1092,278.389,1442150.55938,0
1772180700000,5177.87,5182.00,5177.86,5180.01,275.210,1772180999999,1425494.97977,878,188.287,975226.89715,0
1772181000000,5180.01,5183.88,5179.76,5183.88,190.086,1772181299999,984926.93283,866,137.606,713026.04074,0
1772181300000,5183.87,5184.32,5182.60,5182.67,184.219,1772181599999,954868.67332,761,94.400,489300.17079,0
1772181600000,5182.88,5183.96,5182.46,5183.25,85.870,1772181899999,445091.36117,443,61.406,318284.89447,0
1772181900000,5183.24,5184.89,5182.50,5182.50,195.755,1772182199999,1014692.12163,675,114.459,593286.46871,0
1772182200000,5182.50,5183.68,5179.84,5181.20,234.795,1772182499999,1216670.33022,822,140.302,727007.12227,0
1772182500000,5181.20,5182.91,5181.01,5181.80,130.172,1772182799999,674552.34100,575,78.875,408733.41051,0
1772182800000,5181.80,5184.00,5180.28,5181.06,249.966,1772183099999,1295269.76651,1091,142.371,737716.61932,0
1772183100000,5181.06,5182.15,5179.10,5180.47,464.770,1772183399999,2407632.91142,1027,238.425,1235088.71557,0
1772183400000,5180.47,5180.98,5178.00,5180.65,307.979,1772183699999,1595072.68790,1060,142.407,737538.25724,0
1772183700000,5180.65,5183.49,5180.00,5180.64,175.166,1772183999999,907644.46633,671,87.621,453989.37239,0
1772184000000,5180.65,5182.98,5180.04,5181.44,268.406,1772184299999,1390697.50739,771,114.836,595006.04727,0
1772184300000,5181.43,5183.68,5180.80,5180.81,301.870,1772184599999,1564328.18350,844,84.918,440044.67751,0
1772184600000,5180.81,5182.20,5180.00,5181.19,177.576,1772184899999,920004.82030,581,64.088,332034.85456,0
1772184900000,5181.18,5181.87,5179.98,5181.87,191.716,1772185199999,993267.83276,714,117.323,607839.54011,0
1772185200000,5181.86,5183.28,5181.55,5182.50,238.252,1772185499999,1234692.14078,659,97.415,504838.17586,0
1772185500000,5182.50,5183.52,5175.88,5178.90,722.726,1772185799999,3743454.45690,1872,339.695,1759449.05217,0
1772185800000,5178.90,5179.63,5175.01,5176.02,379.053,1772186099999,1962438.08689,1122,146.205,756935.97605,0
1772186100000,5176.01,5178.20,5175.00,5178.01,347.956,1772186399999,1801150.48933,1070,144.992,750578.93257,0
1772186400000,5178.02,5179.42,5174.65,5175.35,443.675,1772186699999,2296942.01484,1094,209.670,1085348.71929,0
1772186700000,5175.36,5178.70,5175.36,5177.04,258.461,1772186999999,1338063.66627,908,142.155,735922.48512,0
1772187000000,5177.04,5177.60,5171.47,5177.06,790.248,1772187299999,4088697.08375,1999,384.403,1988847.94939,0
1772187300000,5177.06,5182.15,5175.81,5180.89,581.503,1772187599999,3012067.51347,1524,294.659,1526302.87145,0
1772187600000,5180.90,5182.72,5178.88,5179.36,417.618,1772187899999,2163595.52230,1093,214.227,1109827.23362,0
1772187900000,5179.36,5184.42,5176.18,5176.86,568.095,1772188199999,2942771.46757,1164,363.869,1884833.74132,0
1772188200000,5176.85,5178.53,5174.52,5174.52,735.653,1772188499999,3808611.93163,1637,454.721,2354165.67433,0
1772188500000,5174.53,5176.89,5172.69,5176.50,396.668,1772188799999,2052468.01814,1150,234.193,1211756.30251,0
1772188800000,5176.51,5178.34,5174.84,5178.33,312.199,1772189099999,1616031.93906,868,159.300,824563.13281,0
1772189100000,5178.34,5181.26,5178.02,5180.41,328.268,1772189399999,1700375.34664,987,181.945,942427.87063,0
1772189400000,5180.40,5180.74,5178.21,5179.99,170.567,1772189699999,883439.97846,723,74.032,383437.95679,0
1772189700000,5180.00,5180.81,5178.74,5180.60,238.727,1772189999999,1236567.63407,509,100.375,519910.97158,0
1772190000000,5180.60,5180.86,5178.81,5178.95,312.611,1772190299999,1619185.85157,788,175.836,910749.09357,0
1772190300000,5178.96,5179.99,5178.39,5179.55,413.839,1772190599999,2143265.48404,756,221.560,1147440.42751,0
1772190600000,5179.55,5180.29,5176.42,5176.53,283.532,1772190899999,1468389.46138,674,152.352,788950.59898,0
1772190900000,5176.52,5177.28,5175.71,5177.03,265.473,1772191199999,1374240.35890,675,180.893,936404.58569,0
1772191200000,5177.02,5180.56,5176.34,5179.50,256.274,1772191499999,1327188.37869,738,195.572,1012848.63027,0
1772191500000,5179.50,5181.69,5178.29,5180.52,409.381,1772191799999,2120607.33881,912,204.650,1060121.83226,0
1772191800000,5180.53,5183.30,5180.53,5182.71,542.960,1772192099999,2813770.05762,1284,353.814,1833573.61037,0
1772192100000,5182.66,5182.84,5180.65,5181.53,326.008,1772192399999,1689371.67369,806,182.809,947307.36938,0
1772192400000,5181.54,5182.72,5180.85,5181.55,273.625,1772192699999,1417781.65227,812,183.366,950091.92429,0
1772192700000,5181.55,5185.47,5181.54,5184.91,366.221,1772192999999,1898447.22950,982,260.799,1351922.25159,0
1772193000000,5184.92,5186.33,5184.31,5186.06,419.642,1772193299999,2175905.91807,997,246.437,1277803.50640,0
1772193300000,5186.05,5189.29,5186.05,5189.29,494.445,1772193599999,2565103.56480,1436,307.796,1596780.68228,0
1772193600000,5189.30,5190.78,5189.30,5190.06,649.251,1772193899999,3369654.04067,1690,322.297,1672724.78770,0
1772193900000,5190.05,5193.20,5189.08,5191.15,927.399,1772194199999,4814648.76078,1857,499.939,2595552.31523,0
1772194200000,5191.15,5191.15,5188.73,5188.78,355.122,1772194499999,1843189.54377,1089,114.350,593515.62345,0
1772194500000,5188.77,5190.92,5184.03,5190.35,1017.418,1772194799999,5278160.16011,1833,300.338,1558432.33940,0
1772194800000,5190.34,5192.20,5189.46,5189.47,418.538,1772195099999,2172541.64746,1120,191.290,992937.93724,0
1772195100000,5189.46,5189.83,5187.57,5188.96,262.244,1772195399999,1360724.87836,937,87.115,451999.38468,0
1772195400000,5188.95,5190.05,5187.65,5187.65,376.564,1772195699999,1953886.31359,963,189.680,984171.13594,0
1772195700000,5187.65,5188.69,5186.35,5187.48,456.115,1772195999999,2366189.30124,1035,176.954,917972.38860,0
1772196000000,5187.68,5189.24,5186.87,5187.46,316.255,1772196299999,1640698.88319,898,139.440,723376.77660,0
1772196300000,5187.46,5188.70,5185.79,5186.48,534.959,1772196599999,2774890.69255,1216,278.423,1444185.97752,0
1772196600000,5186.48,5188.24,5185.43,5188.24,596.499,1772196899999,3093730.89576,1120,239.065,1239882.54466,0
1772196900000,5188.24,5190.53,5187.65,5189.21,353.885,1772197199999,1836307.57779,943,163.384,847798.64173,0
1772197200000,5189.20,5196.74,5188.75,5196.33,1301.209,1772197499999,6758475.76983,3022,679.081,3527147.83883,0
1772197500000,5196.33,5218.00,5196.00,5212.24,4514.997,1772197799999,23512230.27054,9124,2426.268,12634259.23344,0
1772197800000,5212.24,5214.84,5210.60,5213.80,2149.508,1772198099999,11205434.83981,4272,869.523,4532897.92857,0
1772198100000,5213.90,5223.84,5213.90,5221.16,2394.177,1772198399999,12497133.94416,5158,1629.029,8503342.88544,0
1772198400000,5221.16,5240.99,5219.50,5239.83,3600.154,1772198699999,18837720.34194,7988,2252.055,11783781.70646,0
1772198700000,5239.84,5249.00,5231.81,5234.86,10582.791,1772198999999,55462378.56214,23847,4774.276,25017435.76691,0
1772199000000,5234.87,5235.88,5220.11,5227.68,4571.322,1772199299999,23898778.86330,9480,2152.670,11254239.02141,0
1772199300000,5227.68,5229.20,5217.65,5221.71,2167.144,1772199599999,11316593.43979,5702,967.458,5051660.90077,0
1772199600000,5221.71,5221.71,5208.31,5219.10,2596.001,1772199899999,13538583.95818,6043,1002.073,5226636.00561,0
1772199900000,5219.11,5221.89,5214.41,5215.74,1354.742,1772200199999,7069487.33111,4056,649.430,3388873.11845,0
1772200200000,5215.80,5220.76,5213.57,5219.61,1033.618,1772200499999,5392955.63042,3055,551.986,2880094.69058,0
1772200500000,5219.61,5229.12,5217.03,5226.45,1360.761,1772200799999,7108715.79181,3565,860.768,4496707.04829,0
1772200800000,5226.45,5233.29,5226.28,5229.30,1583.106,1772201099999,8280146.07580,3411,827.812,4329840.80324,0
1772201100000,5229.31,5230.49,5220.56,5222.36,1316.248,1772201399999,6877962.26615,3157,432.924,2262327.06564,0
1772201400000,5222.37,5230.38,5221.86,5229.96,940.087,1772201699999,4914866.19115,2478,618.594,3234152.40573,0
1772201700000,5230.00,5231.20,5226.25,5231.20,678.979,1772201999999,3550392.61845,1947,343.186,1794611.09798,0
1772202000000,5231.20,5238.65,5230.50,5234.79,1559.427,1772202299999,8164697.37780,3468,749.382,3923550.12923,0
1772202300000,5234.79,5235.40,5228.09,5233.68,1089.498,1772202599999,5699785.22850,2916,415.401,2173289.79916,0
1772202600000,5233.61,5235.84,5220.15,5226.09,1879.970,1772202899999,9829766.38827,6179,903.090,4722027.31840,0
1772202900000,5226.09,5232.00,5220.56,5221.30,1160.954,1772203199999,6068149.40966,3854,622.618,3254539.63064,0
1772203200000,5221.30,5229.68,5216.66,5227.46,2576.573,1772203499999,13455389.25246,5487,1411.041,7369782.88671,0
1772203500000,5227.45,5227.61,5217.24,5223.88,1846.141,1772203799999,9642032.50757,4711,831.307,4341945.05587,0
1772203800000,5223.80,5230.23,5223.80,5226.73,1141.412,1772204099999,5966844.84542,3280,481.717,2518346.81085,0
1772204100000,5226.72,5228.49,5223.14,5224.59,689.935,1772204399999,3605310.13727,2667,240.114,1254704.51314,0
1772204400000,5224.59,5228.39,5221.71,5224.09,1687.769,1772204699999,8816901.86445,4929,645.005,3369448.53462,0
1772204700000,5224.09,5236.70,5223.41,5231.97,1776.422,1772204999999,9292079.71865,3764,832.425,4354509.42007,0
1772205000000,5231.97,5241.21,5231.95,5238.88,1235.892,1772205299999,6473846.88395,4015,639.454,3349543.05194,0
1772205300000,5238.88,5240.60,5224.23,5226.19,2191.892,1772205599999,11464518.53076,4855,874.070,4571635.76396,0
1772205600000,5226.19,5227.99,5219.03,5221.24,1687.290,1772205899999,8812188.73725,3972,558.441,2916539.97975,0
1772205900000,5221.39,5231.80,5217.58,5231.80,1675.009,1772206199999,8753939.62362,3909,536.188,2801997.89062,0
1772206200000,5231.79,5234.19,5228.64,5229.85,1218.394,1772206499999,6374595.28330,3027,458.688,2399707.83562,0
1772206500000,5229.85,5236.66,5227.70,5233.07,1570.824,1772206799999,8221196.93875,3144,719.886,3767819.01003,0
1772206800000,5232.89,5234.75,5230.03,5231.95,715.826,1772207099999,3745244.82658,1954,297.761,1557880.88590,0
1772207100000,5231.94,5237.25,5231.00,5235.90,775.348,1772207399999,4058305.01716,2068,283.710,1485040.19309,0
1772207400000,5235.90,5244.18,5232.89,5235.00,1825.199,1772207699999,9561949.34340,3851,1143.514,5991226.88481,0
1772207700000,5234.99,5254.63,5234.99,5241.70,2931.089,1772207999999,15375147.77775,5477,1918.220,10063280.65322,0
1772208000000,5241.71,5248.01,5235.00,5245.11,1993.600,1772208299999,10447528.59162,3727,1067.359,5593765.89588,0
1772208300000,5245.15,5247.29,5241.57,5245.46,1084.835,1772208599999,5689524.85862,2675,605.928,3178054.06785,0
1772208600000,5245.45,5259.12,5245.11,5257.31,2826.373,1772208899999,14847388.24778,6123,1826.567,9595071.84086,0
1772208900000,5257.15,5262.30,5253.74,5253.99,2060.729,1772209199999,10837484.06516,3875,1121.176,5896890.96688,0
1772209200000,5254.00,5254.00,5225.55,5233.41,4367.221,1772209499999,22882508.18068,8068,1880.951,9854610.46819,0
1772209500000,5233.40,5239.56,5230.85,5236.71,1709.631,1772209799999,8951734.39888,4252,896.128,4692151.14426,0
1772209800000,5236.71,5241.07,5232.71,5234.97,1250.798,1772210099999,6550157.68745,3238,455.635,2386209.69702,0
1772210100000,5235.04,5239.65,5232.00,5237.31,798.937,1772210399999,4182917.44341,2505,331.620,1736127.67224,0
1772210400000,5237.39,5240.20,5235.00,5237.50,707.046,1772210699999,3703313.74246,2180,362.529,1898802.71397,0
1772210700000,5237.49,5239.04,5234.21,5236.14,800.476,1772210999999,4191619.64394,2100,337.950,1769576.29387,0
1772211000000,5236.26,5239.35,5231.58,5232.12,793.424,1772211299999,4153402.42072,2276,332.946,1742923.94527,0
1772211300000,5232.44,5234.24,5230.17,5230.75,754.527,1772211599999,3947875.49561,2050,341.728,1787958.87969,0
1772211600000,5230.76,5235.48,5228.26,5233.80,820.179,1772211899999,4291036.59001,2287,416.911,2181223.53674,0
1772211900000,5233.91,5236.26,5232.51,5234.55,381.947,1772212199999,1999238.88393,1583,180.227,943341.86952,0
1772212200000,5234.55,5237.70,5230.80,5232.89,528.159,1772212499999,2764359.03072,1652,274.598,1437159.96757,0
1772212500000,5232.89,5234.23,5229.77,5230.16,360.658,1772212799999,1886890.53455,1287,143.702,751838.23184,0
1772212800000,5230.16,5231.84,5226.08,5229.77,876.170,1772213099999,4581408.99930,2515,403.745,2111081.60027,0
1772213100000,5229.77,5233.51,5229.51,5231.20,409.301,1772213399999,2141381.21003,1587,199.385,1043108.12189,0
1772213400000,5231.08,5232.37,5223.11,5229.64,1842.948,1772213699999,9635043.13006,4166,781.032,4083206.44004,0
1772213700000,5229.63,5230.22,5225.35,5229.38,981.962,1772213999999,5133709.72292,2175,479.242,2505463.95424,0
1772214000000,5229.25,5236.92,5229.25,5234.47,980.672,1772214299999,5131644.18069,2145,527.699,2761112.34702,0
1772214300000,5234.47,5237.83,5233.27,5237.51,747.270,1772214599999,3912613.78662,1733,332.022,1738375.72404,0
1772214600000,5237.50,5237.60,5233.15,5236.36,436.451,1772214899999,2285204.08108,1447,200.943,1052109.83309,0
1772214900000,5236.35,5236.62,5233.31,5235.20,424.170,1772215199999,2220291.89375,1181,195.648,1024079.44168,0
1772215200000,5235.18,5239.00,5234.33,5237.21,339.790,1772215499999,1779377.87800,1222,171.581,898516.26131,0
1772215500000,5237.21,5238.35,5235.25,5236.78,444.125,1772215799999,2325895.35119,1307,238.268,1247798.28979,0
1772215800000,5236.78,5237.12,5234.76,5234.76,288.455,1772216099999,1510338.30025,1144,111.242,582443.79169,0
1772216100000,5234.75,5235.75,5233.42,5233.57,412.277,1772216399999,2158070.81400,1290,139.701,731238.67843,0
1772216400000,5233.70,5234.78,5228.00,5229.60,681.381,1772216699999,3564483.75603,1994,357.818,1871770.35783,0
1772216700000,5229.55,5234.10,5225.09,5232.77,686.732,1772216999999,3590717.19526,2486,317.898,1662186.31521,0
1772217000000,5232.76,5234.29,5229.01,5230.95,428.818,1772217299999,2243380.40540,1492,234.037,1224275.82939,0
1772217300000,5230.95,5234.19,5230.94,5233.39,298.107,1772217599999,1559859.68107,1280,140.718,736293.58281,0
1772217600000,5233.38,5242.59,5233.03,5241.70,667.217,1772217899999,3495230.27451,1548,484.518,2538209.22781,0
1772217900000,5241.70,5247.28,5240.83,5246.26,590.261,1772218199999,3095433.51780,1646,341.589,1791392.90905,0
1772218200000,5246.26,5247.71,5243.03,5247.71,469.092,1772218499999,2460229.60961,1363,191.511,1004459.58175,0
1772218500000,5247.71,5249.00,5246.41,5248.04,465.127,1772218799999,2440902.59789,1229,180.587,947690.60053,0
1772218800000,5248.05,5253.38,5248.04,5253.18,312.255,1772219099999,1639558.16593,1254,166.090,872120.50892,0
1772219100000,5253.18,5253.56,5250.97,5251.17,909.526,1772219399999,4777433.69956,1610,493.819,2593837.22177,0
1772219400000,5251.17,5251.70,5243.21,5249.09,920.922,1772219699999,4832410.10067,2247,412.668,2165235.95600,0
1772219700000,5249.09,5254.48,5247.71,5252.45,447.612,1772219999999,2350877.69707,1277,219.544,1153012.52773,0
1772220000000,5252.45,5252.91,5249.00,5250.70,244.583,1772220299999,1284270.69081,1080,111.178,583762.36323,0
1772220300000,5250.69,5252.23,5249.57,5250.96,417.141,1772220599999,2190331.73588,1060,253.418,1330664.47961,0
1772220600000,5250.97,5254.22,5250.97,5253.03,288.683,1772220899999,1516369.24256,925,163.513,858872.19855,0
1772220900000,5253.02,5254.14,5250.70,5250.83,202.369,1772221199999,1062938.10123,680,97.710,513195.35590,0
1772221200000,5250.71,5251.34,5248.00,5250.01,597.664,1772221499999,3137336.53942,1171,265.761,1394991.49561,0
1772221500000,5250.01,5251.69,5249.15,5251.61,179.793,1772221799999,943977.23826,793,109.551,575172.49826,0
1772221800000,5251.62,5253.89,5251.62,5252.92,401.946,1772222099999,2111361.81800,886,216.388,1136591.68266,0
1772222100000,5252.92,5255.45,5252.45,5254.34,276.890,1772222399999,1454823.60800,833,157.036,825052.13761,0
1772222400000,5254.26,5255.48,5252.15,5252.54,598.355,1772222699999,3144194.40285,1149,331.101,1739847.82096,0
1772222700000,5252.54,5254.80,5252.54,5254.00,107.458,1772222999999,564582.81478,576,41.177,216339.04045,0
1772223000000,5254.00,5255.95,5253.75,5255.42,238.624,1772223299999,1254012.59646,614,85.491,449253.36451,0
1772223300000,5255.43,5258.20,5255.43,5257.85,413.869,1772223599999,2175629.58469,959,303.579,1595844.08281,0
1772223600000,5257.84,5266.53,5256.66,5264.57,1078.522,1772223899999,5674783.32745,2556,693.133,3647056.58943,0
1772223900000,5264.57,5264.57,5258.67,5259.14,453.859,1772224199999,2388153.08806,1362,145.503,765596.32304,0
1772224200000,5259.14,5263.04,5258.40,5261.09,199.040,1772224499999,1047249.52816,963,88.995,468232.02717,0
1772224500000,5261.13,5261.14,5256.59,5258.76,161.084,1772224799999,847205.36943,884,79.066,415816.58886,0
1772224800000,5258.75,5265.00,5258.75,5262.32,328.495,1772225099999,1728503.92729,1086,175.303,922435.24030,0
1772225100000,5262.09,5264.53,5261.75,5263.96,175.928,1772225399999,925926.76134,945,81.558,429224.23289,0
1772225400000,5263.96,5266.18,5262.80,5265.39,556.509,1772225699999,2930109.44300,1307,330.438,1739817.84312,0
1772225700000,5265.47,5269.34,5263.28,5265.26,734.850,1772225999999,3870040.47020,2461,431.467,2272304.45712,0
1772226000000,5265.49,5265.52,5260.35,5261.83,355.356,1772226299999,1870111.63196,1344,145.139,763762.66832,0
1772226300000,5261.82,5265.79,5261.37,5263.00,216.736,1772226599999,1140966.83790,850,70.003,368474.06139,0
1772226600000,5263.00,5264.39,5260.45,5262.25,281.085,1772226899999,1479178.12675,814,151.951,799627.37133,0
1772226900000,5262.25,5262.60,5259.93,5261.42,294.389,1772227199999,1548771.33969,972,120.028,631425.79179,0
1772227200000,5261.43,5266.00,5261.42,5263.06,678.674,1772227499999,3572545.82817,1169,210.851,1109794.83412,0
1772227500000,5263.07,5264.52,5262.79,5263.58,390.762,1772227799999,2056942.40203,614,295.652,1556280.30841,0
1772227800000,5263.59,5263.96,5261.52,5262.85,173.694,1772228099999,914079.68506,555,53.325,280643.26615,0
1772228100000,5262.85,5269.38,5261.04,5269.38,429.583,1772228399999,2261395.62900,1343,213.129,1122037.12918,0
1772228400000,5269.38,5274.75,5269.38,5272.99,912.953,1772228699999,4814038.48482,2230,447.248,2358198.48461,0
1772228700000,5273.00,5276.74,5271.11,5275.62,645.940,1772228999999,3407489.48357,1494,307.737,1623424.56385,0
1772229000000,5275.61,5278.33,5274.45,5277.19,400.965,1772229299999,2115700.95106,1513,196.566,1037203.86838,0
1772229300000,5277.39,5279.00,5275.00,5276.83,559.411,1772229599999,2952364.27735,1811,335.215,1769219.69589,0
1772229600000,5276.83,5276.96,5276.00,5276.95,87.430,1772229899999,461315.81131,388,32.556,171781.18111,0
1772229900000,5276.95,5276.96,5275.15,5275.15,133.429,1772230199999,703980.09086,432,17.646,93103.84610,0
1772230200000,5275.15,5278.28,5274.67,5277.65,260.808,1772230499999,1376187.22682,767,123.841,653479.35199,0
1772230500000,5277.64,5282.40,5277.64,5282.20,378.120,1772230799999,1996385.02626,1149,270.326,1427262.65588,0
1772230800000,5282.21,5282.50,5280.80,5281.79,149.701,1772231099999,790650.67967,630,81.277,429269.65657,0
1772231100000,5281.78,5284.96,5281.13,5284.63,232.519,1772231399999,1228427.27555,925,169.801,897093.91571,0
1772231400000,5284.63,5286.26,5280.31,5284.11,462.764,1772231699999,2445232.90083,1567,191.170,1010091.15581,0
1772231700000,5284.11,5285.35,5283.09,5284.34,218.505,1772231999999,1154690.24261,825,139.602,737725.66085,0
1772232000000,5284.34,5285.14,5283.76,5285.14,194.563,1772232299999,1028180.21938,653,111.465,589046.88087,0
1772232300000,5285.15,5285.24,5280.05,5280.05,234.951,1772232599999,1241121.16646,1179,29.801,157419.48225,0
1772232600000,5280.06,5280.15,5279.88,5279.96,104.801,1772232899999,553353.30284,457,28.189,148838.57587,0
1772232900000,5279.96,5279.96,5278.45,5278.45,133.580,1772233199999,705206.23758,420,18.267,96440.05997,0
1772233200000,5278.46,5278.46,5275.45,5275.45,285.871,1772233499999,1508356.73577,932,51.252,270407.38557,0
1772233500000,5275.46,5276.55,5275.27,5275.55,279.257,1772233799999,1473298.17161,912,135.921,717088.86086,0
1772233800000,5275.56,5277.45,5275.55,5276.86,433.850,1772234099999,2289275.37462,981,240.095,1266906.99519,0
1772234100000,5276.86,5277.15,5276.46,5276.80,147.669,1772234399999,779221.80532,427,56.864,300061.68536,0
1772234400000,5276.80,5276.80,5275.15,5275.15,208.690,1772234699999,1101091.52908,726,46.479,245245.02798,0
1772234700000,5275.15,5275.16,5275.00,5275.02,125.399,1772234999999,661490.44453,571,39.753,209698.68455,0
1772235000000,5275.07,5275.24,5274.47,5274.47,222.414,1772235299999,1173186.44694,463,28.958,152745.02436,0
1772235300000,5274.48,5274.48,5273.70,5273.73,263.040,1772235599999,1387271.41436,643,30.014,158286.37720,0
1772235600000,5273.73,5273.77,5273.72,5273.77,81.819,1772235899999,431493.13640,254,35.784,188715.91880,0
1772235900000,5273.77,5273.77,5273.75,5273.75,64.652,1772236199999,340958.92024,221,38.668,203925.75502,0
1772236200000,5273.76,5273.76,5273.75,5273.75,56.585,1772236499999,298415.36599,229,22.224,117204.04224,0
1772236500000,5273.76,5273.87,5273.00,5273.01,311.265,1772236799999,1641521.21047,491,48.209,254244.14720,0
1772236800000,5273.01,5273.01,5271.59,5271.87,266.088,1772237099999,1402918.91959,752,96.049,506410.31411,0
1772237100000,5271.87,5271.90,5271.08,5271.08,194.756,1772237399999,1026651.47085,527,27.767,146372.84728,0
1772237400000,5271.09,5274.00,5271.08,5273.73,377.905,1772237699999,1992478.89950,803,308.521,1626707.35535,0
1772237700000,5273.73,5273.86,5273.72,5273.85,76.768,1772237999999,404859.93169,262,48.636,256497.46952,0
1772238000000,5273.86,5274.35,5272.51,5273.86,156.278,1772238299999,824133.60578,518,94.829,500084.53036,0
1772238300000,5273.87,5274.15,5273.86,5274.00,75.329,1772238599999,397287.86489,256,38.907,205196.35985,0
1772238600000,5274.01,5274.24,5273.51,5274.23,75.536,1772238899999,398376.75754,309,31.368,165435.65108,0
1772238900000,5274.23,5274.86,5274.23,5274.86,83.002,1772239199999,437792.84679,242,69.787,368091.98013,0
1772239200000,5274.87,5275.45,5274.87,5275.20,126.387,1772239499999,666723.88522,320,43.757,230827.95233,0
1772239500000,5275.21,5275.55,5275.21,5275.54,77.595,1772239799999,409350.98857,189,53.463,282041.65729,0
1772239800000,5275.55,5276.60,5275.50,5276.60,331.125,1772240099999,1747009.45229,497,237.266,1251811.67044,0
1772240100000,5276.60,5276.69,5276.59,5276.65,81.068,1772240399999,427768.20554,255,29.640,156400.03995,0
1772240400000,5276.66,5278.91,5276.65,5278.80,364.388,1772240699999,1923249.06545,996,300.551,1586301.70092,0
1772240700000,5278.81,5279.35,5278.65,5279.35,234.113,1772240999999,1235849.40647,720,190.744,1006911.87959,0
1772241000000,5279.35,5279.75,5279.34,5279.75,125.886,1772241299999,664614.40113,623,97.399,514220.84603,0
1772241300000,5279.75,5280.65,5279.55,5280.65,150.914,1772241599999,796848.75917,789,104.401,551263.55444,0
1772241600000,5280.65,5281.95,5280.64,5281.95,144.135,1772241899999,761215.08134,771,134.718,711481.51761,0
1772241900000,5281.95,5282.77,5281.94,5282.77,185.843,1772242199999,981676.64651,459,165.384,873603.85612,0
1772242200000,5282.77,5283.24,5281.35,5281.36,284.125,1772242499999,1500836.25220,754,67.830,358332.23391,0
1772242500000,5281.35,5281.36,5279.73,5279.73,154.930,1772242799999,818147.01217,374,16.365,86426.88935,0
1772242800000,5279.69,5281.95,5279.06,5280.75,358.628,1772243099999,1893712.49290,924,206.084,1088265.79038,0
1772243100000,5280.76,5281.15,5280.25,5280.25,101.240,1772243399999,534613.62446,295,51.242,270590.38212,0
1772243400000,5280.26,5281.14,5279.85,5281.13,76.027,1772243699999,401449.21724,323,47.139,248913.49037,0
1772243700000,5281.15,5281.55,5280.66,5280.98,206.752,1772243999999,1091898.97293,465,84.686,447233.93780,0
1772244000000,5280.98,5281.65,5280.97,5281.64,65.941,1772244299999,348244.48981,237,47.095,248715.75267,0
1772244300000,5281.65,5281.92,5280.47,5280.47,171.489,1772244599999,905686.35297,464,33.766,178334.65346,0
1772244600000,5280.47,5280.47,5279.96,5279.96,210.134,1772244899999,1109550.26441,443,35.535,187631.46475,0
1772244900000,5279.96,5281.25,5279.85,5281.25,169.530,1772245199999,895189.06489,584,81.205,428807.76205,0
1772245200000,5281.25,5281.35,5281.15,5281.16,50.696,1772245499999,267737.38700,254,19.726,104177.21284,0
1772245500000,5281.16,5281.16,5280.65,5280.78,92.135,1772245799999,486557.13383,319,43.213,228202.10199,0
1772245800000,5280.77,5280.79,5280.71,5280.71,62.468,1772246099999,329879.53685,190,11.717,61874.93375,0
1772246100000,5280.71,5280.72,5280.61,5280.61,32.949,1772246399999,173993.17035,192,18.843,99504.04102,0
1772246400000,5280.61,5280.95,5280.25,5280.73,93.909,1772246699999,495894.93801,325,48.433,255753.87501,0
1772246700000,5280.73,5280.73,5280.25,5280.25,54.481,1772246999999,287694.01879,223,14.359,75825.80523,0
1772247000000,5280.25,5280.26,5279.75,5280.04,139.595,1772247299999,737069.33256,342,29.651,156557.09119,0
1772247300000,5280.05,5280.05,5279.75,5279.84,62.845,1772247599999,331809.84331,215,28.738,151730.64875,0
1772247600000,5279.85,5280.25,5279.84,5280.01,77.815,1772247899999,410877.21057,300,42.008,221809.03232,0
1772247900000,5280.00,5280.22,5280.00,5280.14,37.866,1772248199999,199937.31516,148,20.416,107798.99666,0
1772248200000,5280.14,5280.16,5280.13,5280.16,38.839,1772248499999,205075.75267,155,14.349,75764.94420,0
1772248500000,5280.16,5280.16,5280.15,5280.15,22.330,1772248799999,117905.79758,110,4.808,25387.00928,0
1772248800000,5280.16,5280.16,5279.60,5279.95,139.707,1772249099999,737642.15162,338,57.158,301779.69932,0
1772249100000,5279.73,5280.60,5279.73,5280.54,119.883,1772249399999,633022.25012,443,71.513,377608.00476,0
1772249400000,5280.55,5280.55,5279.95,5280.31,82.580,1772249699999,436046.65892,263,28.945,152836.01454,0
1772249700000,5280.32,5280.32,5280.12,5280.12,42.981,1772249999999,226948.89711,149,9.939,52479.58770,0
1772250000000,5280.12,5280.13,5280.00,5280.01,77.092,1772250299999,407049.43913,210,14.803,78160.81567,0
1772250300000,5280.01,5280.01,5279.24,5279.74,136.995,1772250599999,723296.95422,411,32.947,173950.69794,0
1772250600000,5279.74,5279.74,5279.73,5279.74,41.259,1772250899999,217836.63905,124,25.898,136734.70652,0
1772250900000,5279.74,5280.00,5279.73,5280.00,41.058,1772251199999,216781.55792,180,32.222,170127.86079,0
1772251200000,5280.00,5280.00,5279.88,5279.89,43.928,1772251499999,231938.81257,225,22.685,119776.31259,0
1772251500000,5279.89,5279.99,5279.88,5279.88,24.035,1772251799999,126902.06528,124,3.486,18405.69654,0
1772251800000,5279.89,5279.89,5279.88,5279.89,19.807,1772252099999,104578.73666,229,15.350,81046.31150,0
1772252100000,5279.89,5280.01,5279.89,5280.00,48.585,1772252399999,256528.64760,213,36.060,190396.67474,0
1772252400000,5280.00,5281.60,5280.00,5281.59,205.320,1772252699999,1084174.53113,1015,171.974,908090.11365,0
1772252700000,5281.60,5282.35,5281.60,5282.24,133.455,1772252999999,704923.48291,567,78.482,414539.46652,0
1772253000000,5282.24,5282.24,5280.85,5281.04,172.478,1772253299999,910901.51450,403,31.595,166852.58820,0
1772253300000,5281.05,5281.65,5281.04,5281.65,32.717,1772253599999,172786.75213,218,23.931,126386.66873,0
1772253600000,5281.65,5281.96,5281.65,5281.96,80.182,1772253899999,423513.29590,212,35.918,189714.41088,0
1772253900000,5281.96,5282.15,5281.05,5281.07,174.923,1772254199999,923934.82173,474,52.144,275424.59222,0
1772254200000,5281.08,5281.55,5281.03,5281.55,82.444,1772254499999,435404.82532,231,58.123,306962.74419,0
1772254500000,5281.55,5281.55,5281.54,5281.54,13.597,1772254799999,71813.19741,98,9.803,51775.03465,0
1772254800000,5281.54,5281.55,5281.54,5281.54,27.730,1772255099999,146457.26840,115,16.420,86723.05100,0
1772255100000,5281.55,5281.92,5281.35,5281.92,50.189,1772255399999,265076.22852,238,33.614,177535.08262,0
1772255400000,5281.92,5281.92,5281.56,5281.56,57.863,1772255699999,305625.47765,203,17.427,92048.01984,0
1772255700000,5281.56,5282.05,5281.35,5282.05,86.579,1772255999999,457278.38732,302,49.931,263720.05457,0
1772256000000,5282.04,5282.45,5282.04,5282.45,93.753,1772256299999,495215.80868,325,78.420,414225.26672,0
1772256300000,5282.45,5282.45,5282.06,5282.06,72.528,1772256599999,383108.15917,262,36.427,192411.42095,0
1772256600000,5282.07,5283.15,5282.06,5283.15,102.253,1772256899999,540147.36940,380,81.994,433137.25130,0
1772256900000,5283.15,5283.50,5283.14,5283.50,110.853,1772257199999,585677.65813,282,89.479,472749.01937,0
1772257200000,5283.50,5283.85,5283.49,5283.84,59.051,1772257499999,312005.49979,212,35.144,185688.52780,0
1772257500000,5283.84,5284.16,5283.84,5284.15,148.986,1772257799999,787246.22168,416,111.083,586966.11599,0
1772257800000,5284.14,5284.88,5284.14,5284.88,337.580,1772258099999,1783864.96877,512,309.778,1636947.37744,0
1772258100000,5284.88,5285.94,5284.88,5285.94,169.103,1772258399999,893787.93857,464,125.372,662645.89028,0
1772258400000,5285.94,5285.94,5285.15,5285.20,242.357,1772258699999,1281033.41840,563,116.995,618407.87950,0
1772258700000,5285.21,5285.21,5283.89,5283.89,173.639,1772258999999,917628.62674,602,48.190,254674.15205,0
1772259000000,5283.90,5284.00,5283.16,5283.26,241.997,1772259299999,1278638.37602,692,88.592,468094.68416,0
1772259300000,5283.26,5288.83,5282.25,5288.83,1459.484,1772259599999,7712790.75047,2753,1019.114,5386025.01592,0
1772259600000,5288.83,5294.79,5287.63,5293.51,1996.978,1772259899999,10567731.60564,3391,1290.678,6829664.52640,0
1772259900000,5293.51,5308.96,5293.15,5305.94,3130.325,1772260199999,16592145.15839,5315,2381.743,12623683.36957,0
1772260200000,5305.94,5317.11,5304.11,5314.41,3016.705,1772260499999,16023602.84527,6193,1716.950,9119828.05635,0
1772260500000,5314.40,5324.82,5311.28,5322.97,2881.216,1772260799999,15323649.62440,5018,1984.814,10556807.05308,0
1772260800000,5322.98,5329.80,5315.01,5316.29,3538.407,1772261099999,18841933.91398,6969,1526.109,8127165.15143,0
1772261100000,5316.24,5320.00,5293.85,5311.30,6096.925,1772261399999,32353714.72930,15980,2786.458,14785286.32330,0
1772261400000,5311.29,5314.20,5306.00,5314.20,1587.722,1772261699999,8430212.47555,4398,975.399,5179009.82019,0
1772261700000,5314.19,5316.00,5311.62,5314.34,1682.421,1772261999999,8940500.99197,4831,891.787,4739032.26814,0
1772262000000,5314.33,5316.00,5310.66,5315.94,1311.780,1772262299999,6971373.86215,3983,765.728,4069641.59498,0
1772262300000,5315.93,5316.00,5296.62,5297.02,2237.867,1772262599999,11873925.00421,5215,668.532,3546652.91095,0
1772262600000,5297.01,5307.48,5295.00,5301.39,1370.248,1772262899999,7264073.45094,4228,717.702,3804624.59559,0
1772262900000,5301.39,5304.30,5295.00,5295.48,1088.385,1772263199999,5768264.06063,3707,482.528,2557532.39179,0
1772263200000,5295.48,5295.55,5291.58,5292.25,1945.651,1772263499999,10299623.53454,4179,742.184,3928614.04482,0
1772263500000,5292.25,5302.60,5292.25,5302.32,1555.326,1772263799999,8237703.69034,3608,939.103,4973132.23267,0
1772263800000,5302.31,5314.90,5302.15,5309.92,2188.724,1772264099999,11621324.94006,4659,1383.998,7348178.85017,0
1772264100000,5309.91,5314.38,5304.25,5307.90,2104.653,1772264399999,11176527.24875,4995,920.052,4886094.38942,0
1772264400000,5307.90,5308.00,5304.39,5305.30,1163.099,1772264699999,6171818.76243,2753,372.733,1977848.50539,0
1772264700000,5305.30,5310.00,5305.00,5310.00,890.368,1772264999999,4726072.33925,2669,540.384,2868445.68854,0
1772265000000,5310.00,5310.00,5301.00,5302.58,1951.730,1772265299999,10358663.33845,3696,684.372,3632655.00446,0
1772265300000,5302.58,5303.00,5300.72,5300.75,1250.708,1772265599999,6631064.28340,2765,518.103,2746917.54519,0
1772265600000,5300.76,5314.84,5300.20,5314.84,2070.190,1772265899999,10992164.91836,3901,1313.067,6971261.19873,0
1772265900000,5314.83,5323.99,5314.83,5317.75,1569.980,1772266199999,8352073.16814,3746,921.739,4903419.00593,0
1772266200000,5317.75,5323.84,5316.61,5322.81,1272.349,1772266499999,6770109.11330,3255,816.931,4346860.64746,0
1772266500000,5322.85,5325.00,5315.00,5321.79,1566.395,1772266799999,8334164.28909,3851,883.318,4699872.59544,0
1772266800000,5321.79,5326.66,5320.27,5326.66,935.586,1772267099999,4980361.91615,3460,580.052,3087925.42778,0
1772267100000,5326.66,5326.66,5322.26,5323.42,1024.774,1772267399999,5456490.32004,2975,450.280,2397381.73990,0
1772267400000,5323.41,5323.42,5313.21,5315.01,1170.057,1772267699999,6221411.93176,3212,520.367,2766750.77804,0
1772267700000,5315.00,5316.00,5310.72,5315.18,1070.978,1772267999999,5691297.14486,2651,584.933,3108323.26741,0
1772268000000,5315.18,5320.00,5314.38,5315.23,1301.647,1772268299999,6919822.60018,2708,817.585,4346406.02658,0
1772268300000,5315.23,5316.98,5313.12,5316.51,503.866,1772268599999,2678327.70501,2067,245.434,1304634.96049,0
1772268600000,5316.51,5320.00,5315.30,5319.22,864.101,1772268899999,4594777.30204,2398,345.668,1838019.56075,0
1772268900000,5319.44,5325.00,5317.39,5323.11,1076.025,1772269199999,5725072.81690,3035,561.209,2986230.94868,0
1772269200000,5323.11,5329.00,5323.10,5328.21,1649.256,1772269499999,8786247.57102,3315,934.118,4976360.67284,0
1772269500000,5328.21,5328.88,5317.70,5325.27,1867.546,1772269799999,9942543.20712,5157,984.812,5242688.47038,0
1772269800000,5325.28,5326.28,5321.01,5321.60,853.962,1772270099999,4546013.93335,4019,329.814,1755615.06273,0
1772270100000,5321.60,5325.25,5320.59,5324.35,854.017,1772270399999,4545835.67014,3142,425.304,2263853.62912,0
1772270400000,5324.35,5334.96,5322.82,5334.81,2441.232,1772270699999,13008944.72033,5732,1352.438,7206875.30325,0
1772270700000,5334.81,5344.13,5330.92,5337.48,4494.375,1772270999999,23994382.96910,12947,2061.013,11002691.25406,0
1772271000000,5337.74,5338.29,5327.30,5331.61,2193.580,1772271299999,11697587.60983,8072,1064.596,5676802.72175,0
1772271300000,5331.61,5341.60,5330.97,5341.59,1708.260,1772271599999,9115558.94151,6190,1084.570,5787524.81170,0
1772271600000,5341.47,5344.77,5336.50,5342.55,3583.860,1772271899999,19141859.83254,10887,1950.381,10417405.97665,0
1772271900000,5342.55,5358.00,5336.24,5352.31,5202.744,1772272199999,27811179.34078,12641,3141.498,16793770.39101,0
1772272200000,5352.31,5356.00,5346.41,5352.00,2274.107,1772272499999,12170231.02187,7170,1355.494,7253939.33155,0
1772272500000,5352.00,5374.20,5351.01,5365.75,4441.721,1772272799999,23829281.27440,12149,2573.765,13805761.00046,0
1772272800000,5365.75,5393.00,5365.75,5392.07,3892.403,1772273099999,20933684.64698,9578,2597.473,13969753.51576,0
1772273100000,5392.07,5393.20,5375.46,5384.86,4007.266,1772273399999,21584419.72465,11167,2136.552,11507891.74755,0
1772273400000,5385.00,5396.44,5381.73,5388.37,2341.608,1772273699999,12620251.17458,7904,1206.090,6499770.78451,0
1772273700000,5388.37,5388.89,5351.00,5374.53,6790.826,1772273999999,36465989.30872,18037,2999.717,16106639.45871,0
1772274000000,5375.49,5375.50,5358.01,5363.94,3890.647,1772274299999,20881116.27442,10615,1406.058,7544950.60811,0
1772274300000,5363.95,5367.00,5354.11,5356.44,2648.375,1772274599999,14197179.30933,7442,1175.274,6300533.66567,0
1772274600000,5356.44,5360.95,5352.00,5359.89,2963.949,1772274899999,15872427.86690,7193,1266.212,6780866.55405,0
1772274900000,5359.90,5373.81,5359.65,5373.15,2529.469,1772275199999,13575282.10179,6043,1443.532,7747575.20658,0
1772275200000,5373.16,5373.54,5368.90,5369.45,2020.566,1772275499999,10852873.53481,4322,783.112,4206084.53020,0
1772275500000,5369.45,5372.30,5357.56,5360.13,2087.742,1772275799999,11203583.60481,6393,903.665,4849536.36947,0
1772275800000,5360.05,5364.60,5355.06,5357.58,1653.611,1772276099999,8864251.00632,4772,722.287,3871785.97036,0
1772276100000,5357.58,5360.00,5337.00,5340.54,2915.441,1772276399999,15594594.90720,7706,1056.775,5653800.11905,0
1772276400000,5340.53,5352.94,5337.17,5349.75,2406.358,1772276699999,12860148.79087,5991,1508.649,8062591.18933,0
1772276700000,5349.74,5349.75,5332.05,5334.94,2366.536,1772276999999,12635195.55732,6373,773.629,4129327.06858,0
1772277000000,5334.94,5340.00,5330.00,5331.20,2128.590,1772277299999,11352846.48847,6506,977.118,5211787.06267,0
1772277300000,5331.24,5339.85,5331.00,5331.46,1127.759,1772277599999,6017253.65356,4303,469.884,2506979.99933,0
1772277600000,5331.46,5333.00,5305.00,5321.42,5365.988,1772277899999,28547563.92110,12054,1986.238,10562420.00864,0
1772277900000,5321.41,5325.15,5313.42,5321.62,2097.422,1772278199999,11158488.62466,6118,1131.889,6021822.12832,0
1772278200000,5321.63,5321.63,5292.59,5308.55,6414.464,1772278499999,34037457.93780,14106,2280.896,12104589.66681,0
1772278500000,5308.56,5310.00,5305.00,5307.24,2530.315,1772278799999,13426667.45482,4977,819.848,4350595.09355,0
1772278800000,5307.25,5311.23,5305.00,5305.00,1784.526,1772279099999,9472721.21960,5287,758.445,4026299.46060,0
1772279100000,5305.00,5306.89,5294.85,5295.64,2966.606,1772279399999,15723428.15668,6857,790.760,4189917.27523,0
1772279400000,5295.64,5300.10,5288.00,5297.86,3138.510,1772279699999,16615801.39407,6921,1382.932,7321685.55645,0
1772279700000,5297.85,5298.30,5283.10,5289.74,5060.350,1772279999999,26761760.55058,9263,2013.936,10650589.68011,0
1772280000000,5289.74,5350.00,5289.69,5331.55,12607.089,1772280299999,67154990.22455,27983,6899.849,36751001.38739,0
1772280300000,5331.54,5333.91,5315.25,5332.21,2700.148,1772280599999,14378308.34947,8850,1591.034,8472451.88440,0
1772280600000,5331.82,5332.54,5320.00,5324.45,1107.432,1772280899999,5897388.34269,5374,502.949,2678310.49654,0
1772280900000,5324.46,5333.99,5324.16,5333.61,1122.876,1772281199999,5983642.04833,4544,762.380,4062513.50216,0
1772281200000,5333.43,5334.00,5326.16,5328.06,1745.632,1772281499999,9306886.43357,4627,515.202,2746826.78573,0
1772281500000,5328.05,5329.62,5318.25,5320.49,1295.626,1772281799999,6895462.64925,5144,558.306,2971444.07330,0
1772281800000,5320.49,5332.40,5320.01,5327.68,2535.845,1772282099999,13502361.09196,13802,1458.543,7765357.49653,0
1772282100000,5327.68,5329.20,5324.00,5328.26,701.494,1772282399999,3736308.59439,3879,358.698,1910504.41707,0
1772282400000,5328.26,5330.66,5324.00,5324.63,929.646,1772282699999,4952120.71956,4387,426.408,2271287.91550,0
1772282700000,5324.26,5329.47,5321.03,5321.58,931.827,1772282999999,4962603.54642,4613,366.844,1953844.42209,0
1772283000000,5321.58,5324.41,5306.70,5310.52,1786.370,1772283299999,9494150.10085,5690,600.429,3190983.80023,0
1772283300000,5310.52,5314.05,5301.02,5306.29,2272.182,1772283599999,12059941.63251,9347,790.325,4194987.67529,0
1772283600000,5306.29,5309.86,5298.33,5301.80,1726.767,1772283899999,9159355.88667,7797,777.593,4125318.13183,0
1772283900000,5301.79,5308.00,5299.00,5308.00,977.547,1772284199999,5185766.07254,5146,524.069,2780245.12068,0
1772284200000,5307.99,5309.86,5307.39,5307.40,1029.795,1772284499999,5467414.72528,3708,601.109,3191499.05054,0
1772284500000,5307.40,5310.00,5307.39,5309.90,1274.133,1772284799999,6765369.66745,1949,1140.961,6058265.16779,0
1772284800000,5309.90,5309.90,5305.35,5305.63,748.700,1772285099999,3973647.67644,2257,270.272,1434339.29852,0
1772285100000,5305.63,5308.23,5295.80,5308.03,1376.821,1772285399999,7299591.60451,4339,564.969,2995847.73409,0
1772285400000,5308.04,5315.00,5308.04,5313.56,1037.296,1772285699999,5510571.00261,3441,614.339,3263463.64202,0
1772285700000,5313.57,5314.95,5312.00,5314.07,591.583,1772285999999,3143417.08785,2234,316.818,1683449.34950,0
1772286000000,5313.85,5314.95,5305.00,5306.82,1025.015,1772286299999,5443656.91593,3653,435.370,2312320.34503,0
1772286300000,5306.81,5307.02,5297.00,5302.54,1890.711,1772286599999,10024776.39049,5879,680.448,3607720.15569,0
1772286600000,5302.53,5302.53,5295.00,5296.42,1979.265,1772286899999,10488140.14445,6487,666.721,3533231.12188,0
1772286900000,5296.43,5299.77,5296.00,5298.43,1239.067,1772287199999,6564590.60191,3799,649.113,3439071.82634,0
1772287200000,5298.44,5303.62,5290.00,5300.90,2208.558,1772287499999,11695732.43585,6136,923.100,4889311.76646,0
1772287500000,5300.90,5304.00,5296.64,5300.48,965.602,1772287799999,5118911.99167,3015,496.368,2631399.72643,0
1772287800000,5300.48,5302.63,5297.28,5301.46,707.422,1772288099999,3749945.93089,2670,406.566,2155195.09151,0
1772288100000,5301.45,5305.00,5299.05,5303.84,837.764,1772288399999,4442491.77868,3068,498.266,2642287.42334,0
1772288400000,5303.85,5304.23,5297.44,5301.14,667.826,1772288699999,3539667.72609,2637,270.623,1434339.85422,0
1772288700000,5301.17,5303.80,5300.64,5303.05,507.922,1772288999999,2693332.93372,2108,284.868,1510548.06505,0
1772289000000,5303.04,5303.05,5290.00,5299.70,1866.569,1772289299999,9883374.54090,4374,785.796,4161174.94614,0
1772289300000,5299.70,5303.05,5297.06,5302.81,953.474,1772289599999,5053087.06371,2573,646.500,3426340.16175,0
1772289600000,5302.80,5303.80,5296.24,5297.83,952.399,1772289899999,5048682.66570,2323,481.648,2553340.56703,0
1772289900000,5297.83,5301.44,5294.87,5297.83,850.583,1772290199999,4506542.17235,3155,517.306,2740785.17557,0
1772290200000,5297.84,5303.48,5297.83,5303.48,994.436,1772290499999,5270491.77787,2782,639.477,3389237.19648,0
1772290500000,5303.49,5304.84,5300.60,5302.70,1171.259,1772290799999,6211473.95942,2526,573.241,3040002.77737,0
1772290800000,5302.70,5303.00,5299.05,5301.65,732.379,1772291099999,3882534.08067,2061,417.164,2211549.73967,0
1772291100000,5301.64,5302.00,5300.53,5301.99,383.619,1772291399999,2033732.12115,1120,256.909,1362006.68751,0
1772291400000,5302.00,5302.00,5297.24,5298.64,1050.844,1772291699999,5569864.74681,1962,545.817,2893378.06197,0
1772291700000,5298.83,5304.04,5296.24,5304.04,1015.182,1772291999999,5380023.57610,2645,595.009,3153701.82587,0
1772292000000,5304.03,5305.47,5302.65,5305.34,804.241,1772292299999,4265782.15556,1912,544.590,2888656.27777,0
1772292300000,5305.33,5305.44,5298.80,5300.05,1174.500,1772292599999,6226789.16337,2820,394.414,2091037.71692,0
1772292600000,5300.05,5301.79,5296.62,5300.93,696.459,1772292899999,3690608.14667,2069,343.024,1817768.51816,0
1772292900000,5300.93,5301.62,5295.52,5295.92,742.214,1772293199999,3932194.60661,2004,275.658,1460472.89905,0
1772293200000,5295.92,5300.00,5293.64,5293.64,875.128,1772293499999,4635257.55698,1833,340.983,1806301.23321,0
1772293500000,5293.65,5299.37,5292.84,5295.79,989.889,1772293799999,5242891.57371,3085,585.178,3099300.47291,0
1772293800000,5295.79,5296.60,5292.10,5295.68,1127.519,1772294099999,5969881.25092,3098,626.208,3315693.92504,0
1772294100000,5295.68,5296.42,5290.08,5290.61,2715.808,1772294399999,14377029.69354,4698,910.307,4819238.94920,0
1772294400000,5290.61,5314.95,5290.61,5305.83,5270.436,1772294699999,27969886.04468,9102,3199.418,16978616.05676,0
1772294700000,5305.83,5305.92,5302.00,5304.33,869.659,1772294999999,4612130.85758,3051,343.220,1820233.97806,0
1772295000000,5304.34,5309.04,5302.00,5307.52,1150.076,1772295299999,6103193.46542,2617,583.675,3097678.00766,0
1772295300000,5307.51,5307.96,5303.29,5306.82,544.368,1772295599999,2888070.75785,2405,310.561,1647536.39947,0
1772295600000,5306.82,5306.99,5303.73,5305.38,428.452,1772295899999,2273163.99873,1710,228.053,1209954.34388,0
1772295900000,5305.37,5308.20,5305.37,5307.35,535.042,1772296199999,2839769.65266,1978,281.196,1492436.07543,0
1772296200000,5307.35,5310.00,5305.01,5309.27,937.119,1772296499999,4974450.82841,2760,571.917,3035900.69943,0
1772296500000,5309.27,5313.00,5305.63,5311.60,1083.219,1772296799999,5752593.15492,3073,621.030,3298047.26665,0
1772296800000,5311.60,5312.58,5308.00,5308.68,736.615,1772297099999,3912046.51683,2420,441.513,2344855.85326,0
1772297100000,5308.67,5311.58,5307.92,5308.45,549.264,1772297399999,2916442.13004,1796,398.853,2117819.12470,0
1772297400000,5308.45,5309.00,5305.18,5308.62,576.900,1772297699999,3061619.59146,1568,288.608,1531587.48237,0
1772297700000,5308.61,5309.24,5306.10,5308.26,313.206,1772297999999,1662340.34803,1155,151.864,805958.69422,0
1772298000000,5308.25,5308.39,5306.80,5307.33,167.448,1772298299999,888736.93203,839,68.819,365257.90170,0
1772298300000,5307.32,5307.97,5303.35,5303.40,399.831,1772298599999,2121137.05482,1134,135.125,716787.24057,0
1772298600000,5303.41,5305.03,5300.73,5301.88,531.161,1772298899999,2816514.67896,1692,203.999,1081711.91287,0
1772298900000,5301.88,5305.56,5300.00,5303.48,547.336,1772299199999,2902338.59605,2077,297.227,1576100.46645,0
1772299200000,5303.47,5304.89,5300.82,5301.90,232.521,1772299499999,1232910.16998,1509,128.056,678977.66028,0
1772299500000,5301.91,5303.00,5300.50,5302.50,334.422,1772299799999,1772998.22025,1207,235.829,1250295.41565,0
1772299800000,5302.43,5303.00,5300.65,5302.23,205.247,1772300099999,1088258.35294,1054,70.959,376223.96883,0
1772300100000,5302.23,5303.00,5301.13,5301.14,264.999,1772300399999,1405125.19017,890,87.993,466582.48371,0
1772300400000,5301.13,5304.78,5300.57,5304.78,497.575,1772300699999,2638445.29066,1329,355.144,1883292.12322,0
1772300700000,5304.77,5305.00,5301.14,5302.89,509.491,1772300999999,2702032.86473,1611,195.084,1034583.42440,0
1772301000000,5302.89,5303.40,5301.53,5301.55,229.064,1772301299999,1214610.21885,1161,99.473,527444.54425,0
1772301300000,5301.53,5303.09,5299.68,5301.01,340.880,1772301599999,1807276.69635,1463,148.899,789494.29208,0
1772301600000,5301.02,5303.00,5300.53,5302.14,264.625,1772301899999,1402900.60237,1050,118.186,626574.34195,0
1772301900000,5302.14,5303.00,5300.67,5302.92,156.336,1772302199999,828887.94398,867,65.642,348031.42978,0
1772302200000,5302.93,5302.93,5300.14,5300.51,279.481,1772302499999,1481541.15269,1047,109.661,581320.29029,0
1772302500000,5300.51,5302.00,5299.00,5299.00,314.528,1772302799999,1667316.74444,820,83.892,444746.05735,0
1772302800000,5299.00,5299.84,5298.00,5298.55,159.600,1772303099999,845678.58549,782,79.428,420867.59522,0
1772303100000,5298.54,5299.84,5298.54,5298.71,111.686,1772303399999,591818.49441,624,73.258,388182.51006,0
1772303400000,5298.71,5298.94,5297.00,5297.13,356.772,1772303699999,1890044.85789,1335,148.090,784519.35654,0
1772303700000,5297.13,5297.99,5296.10,5296.37,349.672,1772303999999,1852318.87056,1140,145.563,771122.18123,0
1772304000000,5296.37,5298.00,5293.00,5295.10,608.331,1772304299999,3221183.33033,1442,186.756,988995.07990,0
1772304300000,5294.90,5294.99,5293.00,5293.99,453.600,1772304599999,2401317.43917,1338,205.053,1085516.50395,0
1772304600000,5293.98,5294.26,5291.32,5292.02,397.296,1772304899999,2102709.74825,1284,170.791,903940.48233,0
1772304900000,5292.02,5294.99,5288.05,5292.14,942.946,1772305199999,4988923.80305,2379,376.925,1994246.19466,0
1772305200000,5292.14,5297.80,5291.01,5295.90,346.406,1772305499999,1834176.85483,1726,202.372,1071540.51817,0
1772305500000,5295.91,5298.60,5294.96,5296.10,413.974,1772305799999,2192923.71662,1471,268.893,1424407.09497,0
1772305800000,5296.09,5301.66,5296.09,5300.33,321.379,1772306099999,1702823.71047,1501,226.181,1198440.82320,0
1772306100000,5300.32,5300.65,5296.41,5298.40,175.784,1772306399999,931312.75396,1143,84.611,448254.60991,0
1772306400000,5298.40,5299.94,5297.57,5297.58,117.974,1772306699999,625102.17791,930,55.621,294724.16810,0
1772306700000,5297.70,5298.59,5296.56,5298.09,97.656,1772306999999,517363.50152,747,59.840,317030.08336,0
1772307000000,5298.09,5298.84,5293.60,5293.60,324.858,1772307299999,1720546.80501,1481,107.310,568358.42671,0
1772307300000,5293.60,5294.57,5291.96,5291.97,257.658,1772307599999,1363781.68712,1353,113.736,601999.03138,0
1772307600000,5291.97,5293.58,5290.00,5290.15,352.712,1772307899999,1866277.46700,1374,144.298,763544.10033,0
1772307900000,5290.16,5290.38,5285.30,5285.30,881.279,1772308199999,4659312.45983,1514,115.774,612021.10240,0
1772308200000,5285.30,5287.99,5284.90,5285.00,1220.629,1772308499999,6451862.59592,2909,459.808,2430447.77260,0
1772308500000,5285.00,5285.49,5281.90,5283.89,1304.592,1772308799999,6892790.78855,2651,381.811,2017188.71763,0
1772308800000,5283.81,5295.50,5282.93,5292.99,2000.620,1772309099999,10583219.84444,4947,1332.767,7049896.70897,0
1772309100000,5292.99,5293.80,5288.84,5291.69,581.530,1772309399999,3077260.09146,1449,341.243,1805773.39003,0
1772309400000,5291.60,5293.88,5284.28,5292.05,992.383,1772309699999,5248991.44850,3517,620.764,3283718.33038,0
1772309700000,5292.04,5292.36,5286.07,5288.28,277.793,1772309999999,1469157.96397,1543,129.429,684485.31297,0
1772310000000,5288.27,5289.76,5281.01,5281.91,952.454,1772310299999,5032154.34276,3833,429.701,2270232.53539,0
1772310300000,5281.90,5285.18,5281.02,5282.98,570.701,1772310599999,3014706.55759,2081,295.802,1562541.48517,0
1772310600000,5282.97,5285.92,5282.56,5285.41,448.539,1772310899999,2370305.69036,1730,271.062,1432387.25763,0
1772310900000,5285.41,5287.50,5282.92,5286.60,308.980,1772311199999,1633229.66186,1397,149.766,791678.92396,0
1772311200000,5286.60,5286.63,5283.44,5284.74,271.663,1772311499999,1435700.53153,1192,114.565,605424.60481,0
1772311500000,5284.74,5284.75,5281.01,5282.43,805.279,1772311799999,4253699.75750,2157,422.787,2233337.62022,0
1772311800000,5282.47,5282.53,5281.01,5281.82,328.126,1772312099999,1733038.11281,1065,170.374,899841.53863,0
1772312100000,5281.82,5283.26,5281.20,5283.26,545.290,1772312399999,2880201.09966,1232,317.720,1678176.91253,0
1772312400000,5283.26,5285.26,5283.25,5284.12,350.943,1772312699999,1854461.16805,1145,237.871,1256915.13263,0
1772312700000,5284.12,5285.72,5284.11,5284.41,202.719,1772312999999,1071366.98426,809,99.224,524386.20586,0
1772313000000,5284.42,5287.38,5284.42,5286.07,339.090,1772313299999,1792525.34683,1177,195.916,1035642.69047,0
1772313300000,5286.07,5289.96,5286.06,5288.88,407.042,1772313599999,2152334.79828,1061,280.584,1483663.39973,0
1772313600000,5288.88,5292.90,5288.87,5291.19,438.843,1772313899999,2321814.54414,1145,268.076,1418349.04181,0
1772313900000,5291.19,5293.00,5289.24,5292.72,347.624,1772314199999,1839563.41642,1092,249.353,1319504.58874,0
1772314200000,5292.72,5295.48,5292.05,5295.48,587.297,1772314499999,3108686.95200,1139,372.209,1970196.99851,0
1772314500000,5295.48,5298.00,5294.49,5295.76,784.592,1772314799999,4155847.27027,2303,327.889,1736781.86877,0
1772314800000,5295.76,5296.16,5291.15,5292.78,631.260,1772315099999,3341675.49333,2260,282.367,1494704.27735,0
1772315100000,5292.78,5296.79,5290.78,5291.44,459.884,1772315399999,2434753.42142,1468,169.483,897301.30043,0
1772315400000,5291.45,5295.87,5290.90,5294.18,275.961,1772315699999,1460909.53119,1099,97.075,513857.91511,0
1772315700000,5294.31,5294.31,5290.50,5290.85,248.930,1772315999999,1317460.61767,1031,65.584,347095.80266,0
1772316000000,5290.85,5290.85,5283.39,5284.15,456.643,1772316299999,2413720.94383,2170,221.596,1171215.98907,0
1772316300000,5284.12,5287.46,5284.00,5286.00,148.497,1772316599999,784805.61951,786,65.061,343841.00839,0
1772316600000,5286.01,5287.44,5286.00,5286.43,58.945,1772316899999,311610.71190,553,36.483,192864.67219,0
1772316900000,5286.43,5288.67,5283.13,5287.15,381.195,1772317199999,2015167.37246,1432,228.338,1207185.63024,0
1772317200000,5287.15,5287.36,5286.20,5286.21,213.442,1772317499999,1128449.90320,521,157.584,833133.78140,0
1772317500000,5286.21,5289.91,5286.00,5289.91,181.487,1772317799999,959478.97080,559,105.141,555894.63229,0
1772317800000,5289.91,5297.00,5289.48,5294.92,252.972,1772318099999,1339142.87358,1233,180.283,954294.86190,0
1772318100000,5294.93,5295.96,5289.52,5289.52,220.583,1772318399999,1167551.09248,1239,141.370,748297.81110,0
1772318400000,5289.51,5291.70,5286.00,5291.70,252.737,1772318699999,1336600.84739,2057,140.294,741961.47184,0
1772318700000,5291.70,5297.50,5291.69,5294.51,318.514,1772318999999,1686544.13896,1761,187.415,992347.36388,0
1772319000000,5294.52,5294.59,5291.72,5293.54,103.165,1772319299999,546143.45643,915,65.460,346537.10192,0
1772319300000,5293.53,5294.56,5292.00,5293.45,73.487,1772319599999,389007.15079,1076,51.188,270964.47574,0
1772319600000,5293.45,5294.94,5292.44,5292.99,199.419,1772319899999,1055737.30098,987,96.257,509603.17921,0
1772319900000,5293.00,5294.65,5291.30,5291.70,233.042,1772320199999,1233463.38046,793,102.871,544487.61748,0
1772320200000,5291.70,5292.95,5290.35,5291.77,228.573,1772320499999,1209515.08029,942,125.795,665650.76570,0
1772320500000,5291.77,5294.37,5291.75,5294.29,232.169,1772320799999,1228869.72484,824,131.038,693591.49326,0
1772320800000,5294.30,5294.61,5292.60,5293.50,332.660,1772321099999,1761075.03841,986,116.763,618086.97636,0
1772321100000,5293.49,5294.00,5291.71,5293.16,197.334,1772321399999,1044535.70313,745,104.604,553685.62313,0
1772321400000,5293.09,5294.00,5291.29,5291.44,259.063,1772321699999,1371254.94933,1123,147.215,779228.50097,0
1772321700000,5291.44,5293.71,5288.92,5292.57,323.122,1772321999999,1709942.64285,1145,185.497,981721.00655,0
1772322000000,5292.56,5292.95,5288.00,5291.53,536.695,1772322299999,2839091.46753,1297,141.011,746067.71046,0
1772322300000,5291.53,5293.00,5290.34,5292.49,225.439,1772322599999,1193021.87853,986,156.946,830565.59527,0
1772322600000,5292.50,5293.49,5290.55,5290.91,340.266,1772322899999,1800704.01542,1303,193.885,1026022.27057,0
1772322900000,5290.91,5292.54,5289.18,5289.76,395.951,1772323199999,2095035.37196,1517,134.212,710110.78112,0
