open_time,open,high,low,close,volume,close_time,quote_volume,count,taker_buy_volume,taker_buy_quote_volume,ignore
1769904000000,78741.10000000,79393.25000000,78644.09000000,79337.87000000,578.79118000,1769904899999,45803402.21455790,106922,364.02988000,28817390.31642040,0
1769904900000,79337.87000000,79424.00000000,78970.46000000,79089.36000000,350.74162000,1769905799999,27766992.03472110,128051,169.16181000,13392741.48167590,0
1769905800000,79089.37000000,79225.99000000,78755.00000000,78755.54000000,454.12618000,1769906699999,35841439.59081770,119769,159.39434000,12582710.13443590,0
1769906700000,78755.54000000,79123.67000000,78745.00000000,78902.31000000,354.36700000,1769907599999,27994216.43968240,98403,230.07693000,18179728.96036980,0
1769907600000,78902.31000000,78943.62000000,78408.18000000,78696.13000000,446.35493000,1769908499999,35116484.30269900,113331,124.53897000,9799636.00221180,0
1769908500000,78696.13000000,78873.57000000,78388.56000000,78834.31000000,302.24242000,1769909399999,23739968.06746500,85359,141.78864000,11138819.88766460,0
1769909400000,78834.31000000,78872.43000000,78293.35000000,78343.50000000,229.78093000,1769910299999,18052923.89157320,99479,85.80475000,6740164.19851630,0
1769910300000,78343.50000000,78549.20000000,78284.00000000,78532.17000000,184.72256000,1769911199999,14492234.27124810,67189,79.77991000,6258891.72350700,0
1769911200000,78532.32000000,78856.61000000,78378.00000000,78817.97000000,249.08922000,1769912099999,19573317.28821100,87925,132.36840000,10403681.60999190,0
1769912100000,78817.96000000,78899.71000000,78520.00000000,78630.00000000,159.72196000,1769912999999,12570812.52704450,68668,63.16740000,4970189.06335740,0
1769913000000,78630.00000000,78810.09000000,78612.60000000,78749.48000000,157.71569000,1769913899999,12415927.97668290,63030,85.67112000,6743772.40984080,0
1769913900000,78749.48000000,79060.44000000,78730.00000000,78900.01000000,196.41782000,1769914799999,15499484.31562770,60452,124.67156000,9837104.51577520,0
1769914800000,78900.01000000,79008.36000000,78746.58000000,78864.18000000,154.96779000,1769915699999,12221860.91261790,55319,84.66826000,6676473.67649220,0
1769915700000,78864.18000000,78894.00000000,78666.73000000,78742.93000000,158.40058000,1769916599999,12475749.96493790,54851,57.32051000,4514884.13996990,0
1769916600000,78742.93000000,78865.10000000,78686.00000000,78733.27000000,157.23274000,1769917499999,12385926.05050540,50149,99.31899000,7823992.68996500,0
1769917500000,78733.26000000,78916.47000000,78733.26000000,78868.28000000,123.70922000,1769918399999,9754576.16665510,38133,63.65112000,5018450.81343650,0
1769918400000,78868.29000000,79005.49000000,78720.97000000,78964.13000000,116.60777000,1769919299999,9194351.50724530,38889,61.04393000,4813545.58322280,0
1769919300000,78964.12000000,79119.30000000,78906.03000000,78931.67000000,157.82296000,1769920199999,12467525.82998660,43042,100.52816000,7941665.63150190,0
1769920200000,78931.68000000,79018.00000000,78916.60000000,79012.99000000,84.79490000,1769921099999,6696646.14725590,37456,42.59844000,3364064.55218190,0
1769921100000,79012.99000000,79061.40000000,78969.71000000,78971.75000000,81.81625000,1769921999999,6465262.19175270,35018,42.60546000,3366756.99502760,0
1769922000000,78973.22000000,79006.00000000,78735.70000000,78851.34000000,296.72969000,1769922899999,23385603.67062910,58503,155.02662000,12217110.09931370,0
1769922900000,78851.34000000,78986.00000000,78735.69000000,78950.01000000,176.87310000,1769923799999,13946790.20060910,44223,109.82170000,8660789.77516530,0
1769923800000,78950.00000000,78953.28000000,78550.00000000,78581.34000000,122.22796000,1769924699999,9624214.84384810,36600,49.91124000,3930758.64710020,0
1769924700000,78581.34000000,78649.15000000,78527.13000000,78620.91000000,148.91205000,1769925599999,11703957.36499830,58981,76.83101000,6038772.23700450,0
1769925600000,78620.90000000,78717.10000000,78608.00000000,78711.25000000,106.43441000,1769926499999,8371158.04393670,43080,53.89072000,4238725.95958290,0
1769926500000,78711.25000000,78824.10000000,78685.35000000,78710.47000000,105.36972000,1769927399999,8297023.15634030,31246,51.92191000,4088432.10472190,0
1769927400000,78710.47000000,78786.00000000,78402.00000000,78526.02000000,148.16047000,1769928299999,11645107.21681970,51533,63.35017000,4978644.18769270,0
1769928300000,78526.02000000,78526.02000000,78266.63000000,78300.00000000,208.65946000,1769929199999,16352238.84657920,74451,84.94656000,6657482.83111640,0
1769929200000,78300.01000000,78359.99000000,77967.69000000,78122.90000000,327.62845000,1769930099999,25604432.44414770,100855,132.58946000,10365052.30825340,0
1769930100000,78122.90000000,78216.51000000,78002.13000000,78212.25000000,152.94972000,1769930999999,11949037.43263780,56513,67.06679000,5239687.55055890,0
1769931000000,78212.24000000,78724.01000000,78184.00000000,78580.11000000,194.47256000,1769931899999,15252772.78320900,88482,116.43225000,9133352.71889430,0
1769931900000,78580.12000000,78591.02000000,78342.72000000,78343.00000000,133.69473000,1769932799999,10490167.32758520,45167,45.56494000,3575596.33087940,0
1769932800000,78343.00000000,78532.00000000,78341.99000000,78446.06000000,89.92263000,1769933699999,7055095.09958140,40968,38.91178000,3053229.40051440,0
1769933700000,78446.07000000,78500.53000000,78252.64000000,78500.53000000,158.58748000,1769934599999,12429781.82108500,70420,65.48084000,5132593.29058500,0
1769934600000,78500.52000000,78863.00000000,78468.43000000,78863.00000000,129.57863000,1769935499999,10197396.16960870,64764,86.25413000,6787870.98474240,0
1769935500000,78862.99000000,78863.00000000,78551.53000000,78604.02000000,189.63515000,1769936399999,14921449.83730230,47428,71.79100000,5648912.98311800,0
1769936400000,78604.02000000,78840.00000000,78551.15000000,78760.51000000,108.96990000,1769937299999,8579848.13549130,53154,64.05480000,5043311.65598460,0
1769937300000,78760.51000000,78789.48000000,78640.44000000,78681.42000000,121.83405000,1769938199999,9591049.19237200,46173,62.52934000,4921851.82390550,0
1769938200000,78681.41000000,78909.65000000,78679.67000000,78867.00000000,101.33647000,1769939099999,7987396.30179470,37004,58.42244000,4604384.91972280,0
1769939100000,78867.00000000,79136.10000000,78750.00000000,79034.45000000,147.62187000,1769939999999,11649609.51948620,52720,95.93491000,7573140.90912080,0
1769940000000,79034.45000000,79220.72000000,78886.78000000,79175.80000000,187.52670000,1769940899999,14818923.91806990,60714,130.06035000,10278332.02371820,0
1769940900000,79175.79000000,79175.79000000,78993.43000000,79020.27000000,82.86696000,1769941799999,6550758.43157670,46014,40.96853000,3238502.52664730,0
1769941800000,79020.27000000,79034.88000000,78384.93000000,78384.93000000,355.51351000,1769942699999,27957001.81443740,114593,127.33845000,10009903.58573840,0
1769942700000,78384.94000000,78526.02000000,78148.10000000,78279.73000000,237.52848000,1769943599999,18615923.20221080,91510,107.78112000,8447104.45204550,0
1769943600000,78279.73000000,78514.65000000,78279.72000000,78499.99000000,129.41391000,1769944499999,10149213.80265480,55524,76.70099000,6014744.65043590,0
1769944500000,78500.00000000,78501.44000000,78311.10000000,78414.91000000,131.00954000,1769945399999,10272031.97561380,55866,34.26666000,2686642.31865730,0
1769945400000,78414.92000000,78873.40000000,78414.92000000,78839.52000000,174.53203000,1769946299999,13733388.53381640,69934,98.30984000,7734266.14643270,0
1769946300000,78839.53000000,78877.89000000,78707.10000000,78743.56000000,104.43108000,1769947199999,8224665.43454730,37585,53.99554000,4252774.81846230,0
1769947200000,78743.57000000,78760.00000000,78480.00000000,78569.80000000,137.59326000,1769948099999,10816175.19090200,56769,64.45659000,5066387.20637590,0
1769948100000,78569.81000000,78626.50000000,78244.00000000,78446.68000000,258.25963000,1769948999999,20268803.18285240,63697,114.20408000,8962721.11663020,0
1769949000000,78446.67000000,78667.15000000,78357.11000000,78378.45000000,142.53610000,1769949899999,11189892.53929870,49113,65.34724000,5129578.61988060,0
1769949900000,78378.46000000,78506.00000000,78378.46000000,78459.67000000,82.51830000,1769950799999,6473464.90481020,36492,49.37078000,3873038.54494110,0
1769950800000,78459.68000000,78741.78000000,78459.68000000,78673.47000000,121.41423000,1769951699999,9546784.13886510,49823,65.22874000,5129206.17352320,0
1769951700000,78673.47000000,78768.68000000,78608.00000000,78687.14000000,71.56456000,1769952599999,5630980.52703840,34170,46.03537000,3622321.83979060,0
1769952600000,78687.14000000,78695.51000000,78463.66000000,78526.34000000,108.42411000,1769953499999,8517903.82016870,45238,56.57576000,4444550.47199480,0
1769953500000,78526.34000000,78650.43000000,78203.21000000,78317.51000000,181.07142000,1769954399999,14199875.01603980,75995,76.28642000,5981467.89732040,0
1769954400000,78317.51000000,78440.00000000,78110.00000000,78188.32000000,205.54775000,1769955299999,16080137.66845290,84924,79.93442000,6253247.32235780,0
1769955300000,78188.31000000,78218.52000000,77816.24000000,77849.34000000,366.05394000,1769956199999,28561935.98210600,149704,134.32326000,10481911.54929990,0
1769956200000,77849.34000000,78134.94000000,77236.68000000,77887.62000000,744.21337000,1769957099999,57771218.21961890,224639,298.97178000,23225805.74911260,0
1769957100000,77887.63000000,78520.00000000,77812.13000000,78211.12000000,342.55572000,1769957999999,26794019.58777540,158347,199.77192000,15629976.94783570,0
1769958000000,78211.12000000,78254.20000000,77526.28000000,77618.62000000,259.68723000,1769958899999,20233669.41953560,112544,107.40222000,8369749.67220160,0
1769958900000,77618.63000000,77691.97000000,76931.25000000,76984.00000000,815.15313000,1769959799999,62934057.89966880,222421,362.57096000,27992349.91739810,0
1769959800000,76984.00000000,77392.00000000,76761.98000000,77169.80000000,672.61526000,1769960699999,51830698.14083450,198308,298.49951000,23000928.80327490,0
1769960700000,77169.80000000,77859.59000000,77152.00000000,77593.40000000,298.42205000,1769961599999,23135578.47309500,128811,140.92943000,10927616.13835370,0
1769961600000,77593.40000000,77606.16000000,77087.76000000,77571.98000000,335.03130000,1769962499999,25914425.02806970,129164,159.52282000,12342048.88608800,0
1769962500000,77571.98000000,77838.48000000,77125.16000000,77534.17000000,330.90606000,1769963399999,25638693.51681130,146313,149.74964000,11604905.40372310,0
1769963400000,77534.17000000,77750.00000000,77160.27000000,77242.29000000,230.63499000,1769964299999,17864543.19047210,122185,92.29829000,7153563.22193050,0
1769964300000,77242.30000000,77553.44000000,77134.38000000,77494.77000000,188.00101000,1769965199999,14536133.00010690,95610,80.74447000,6244618.07929350,0
1769965200000,77494.77000000,77748.00000000,77402.67000000,77641.20000000,162.97348000,1769966099999,12647630.32260010,95760,78.24955000,6072349.02955370,0
1769966100000,77641.19000000,77742.06000000,77338.00000000,77556.45000000,139.18558000,1769966999999,10791632.11751680,83298,66.70824000,5172801.71875970,0
1769967000000,77556.46000000,77640.00000000,77300.00000000,77475.73000000,126.09348000,1769967899999,9764280.89865220,73287,60.09605000,4654127.79776540,0
1769967900000,77475.73000000,77745.32000000,77366.21000000,77745.32000000,121.57073000,1769968799999,9431913.43926140,75188,56.82788000,4409355.39472880,0
1769968800000,77745.33000000,78279.51000000,77728.36000000,78234.00000000,270.44926000,1769969699999,21099544.08609420,122017,165.25202000,12894962.64431530,0
1769969700000,78233.99000000,78443.10000000,78003.31000000,78155.34000000,294.40405000,1769970599999,23023060.84493820,82649,103.69658000,8112461.35052030,0
1769970600000,78155.33000000,78188.00000000,77951.19000000,77990.70000000,104.61443000,1769971499999,8170803.88387570,60713,47.18374000,3685507.94155160,0
1769971500000,77990.71000000,78060.39000000,77727.27000000,78029.28000000,122.16858000,1769972399999,9515129.58026920,64574,58.24551000,4536869.53841040,0
1769972400000,78029.29000000,78106.10000000,77736.00000000,77736.00000000,102.56917000,1769973299999,7985988.31134400,60800,35.71263000,2780767.22984200,0
1769973300000,77736.00000000,77800.00000000,77607.32000000,77700.00000000,72.90412000,1769974199999,5665513.23004840,52010,35.03817000,2723090.82786630,0
1769974200000,77700.00000000,77799.02000000,77501.95000000,77544.37000000,92.38902000,1769975099999,7173527.64039550,55068,35.67618000,2770220.89313660,0
1769975100000,77544.37000000,77544.37000000,77000.01000000,77174.78000000,189.63558000,1769975999999,14648894.17338010,89624,82.19829000,6348392.24807700,0
1769976000000,77174.77000000,77306.01000000,76879.41000000,77193.13000000,265.61069000,1769976899999,20474468.16431810,103304,124.29526000,9583504.77247070,0
1769976900000,77193.13000000,77431.46000000,76606.00000000,76688.74000000,314.83161000,1769977799999,24245270.31639680,95287,129.85255000,10000941.07205450,0
1769977800000,76688.75000000,77740.91000000,76688.75000000,77416.62000000,319.45463000,1769978699999,24674879.70977250,114034,207.52862000,16018887.53032870,0
1769978700000,77416.63000000,77432.00000000,77073.66000000,77103.04000000,225.82189000,1769979599999,17443521.80105890,58489,95.74816000,7398069.66876600,0
1769979600000,77103.04000000,77128.49000000,76461.39000000,76742.48000000,553.12573000,1769980499999,42432369.74231900,104352,278.37900000,21358161.77942600,0
1769980500000,76742.49000000,77056.00000000,76536.00000000,76991.87000000,177.05550000,1769981399999,13586673.84417760,79979,89.45475000,6866684.76622550,0
1769981400000,76991.88000000,77161.26000000,76807.17000000,76841.43000000,145.98337000,1769982299999,11243781.26253640,73547,65.86437000,5074536.91091250,0
1769982300000,76841.43000000,76867.93000000,76359.87000000,76526.03000000,345.44130000,1769983199999,26459696.98703450,112688,137.06879000,10502343.47462460,0
1769983200000,76526.03000000,77779.63000000,76456.78000000,77491.44000000,513.60430000,1769984099999,39580268.81719450,122231,285.97489000,22038973.90030270,0
1769984100000,77491.44000000,77500.65000000,76696.30000000,77196.21000000,340.30721000,1769984999999,26224532.39089010,97565,149.70481000,11532667.33132240,0
1769985000000,77196.21000000,77611.22000000,77154.00000000,77456.14000000,165.41667000,1769985899999,12804687.04559240,108268,93.02964000,7199248.24326370,0
1769985900000,77456.15000000,77544.39000000,77166.66000000,77249.31000000,215.80500000,1769986799999,16686657.98214680,70435,137.16475000,10606472.33913770,0
1769986800000,77249.31000000,77338.00000000,75700.00000000,76639.72000000,2294.23462000,1769987699999,174987176.90319850,276479,1041.39459000,79462666.23273960,0
1769987700000,76639.73000000,77015.40000000,76153.69000000,76800.90000000,1644.55920000,1769988599999,125996954.86526130,189730,784.55128000,60099574.72763220,0
1769988600000,76800.90000000,77610.72000000,76706.59000000,77320.57000000,623.48355000,1769989499999,48163289.82871300,116371,287.21539000,22181434.71438980,0
1769989500000,77320.58000000,77329.93000000,76885.33000000,76968.21000000,287.74108000,1769990399999,22174281.19960180,94452,125.06586000,9638039.47508780,0
1769990400000,76968.22000000,77707.13000000,76606.39000000,77541.03000000,846.61078000,1769991299999,65202837.45065300,193041,501.21885000,38610263.72233660,0
1769991300000,77541.04000000,78083.45000000,77500.75000000,77932.20000000,474.98087000,1769992199999,36984558.69925450,195125,287.16814000,22360086.70849430,0
1769992200000,77932.21000000,78231.26000000,77751.11000000,77860.01000000,395.34187000,1769993099999,30833840.44125500,179445,250.40681000,19536817.77654830,0
1769993100000,77860.01000000,77976.60000000,77486.69000000,77672.61000000,243.22701000,1769993999999,18904720.63289240,137095,100.90012000,7845147.66814200,0
1769994000000,77672.61000000,77942.28000000,76792.83000000,76824.00000000,356.61031000,1769994899999,27577102.44199180,148968,138.25811000,10701141.99488130,0
1769994900000,76824.00000000,77924.91000000,76619.69000000,77773.57000000,480.41434000,1769995799999,37189758.07166030,172246,262.21059000,20299565.53026060,0
1769995800000,77773.58000000,77836.00000000,77430.60000000,77710.65000000,234.93864000,1769996699999,18241176.94161100,114909,121.03962000,9400165.70414900,0
1769996700000,77712.52000000,77754.34000000,77374.81000000,77518.87000000,166.05895000,1769997599999,12884458.31198320,85773,74.67753000,5794522.62999850,0
1769997600000,77518.87000000,77555.62000000,76972.24000000,77196.00000000,263.13471000,1769998499999,20332738.52990660,95987,123.07833000,9513194.12559420,0
1769998500000,77196.00000000,77540.00000000,77040.36000000,77124.38000000,223.39469000,1769999399999,17258433.55913090,83277,136.33499000,10533344.14524360,0
1769999400000,77124.38000000,77250.81000000,76774.86000000,76972.21000000,305.52881000,1770000299999,23521880.43222150,108474,164.34662000,12651054.57970960,0
1770000300000,76972.22000000,77022.40000000,76449.84000000,76491.17000000,614.12343000,1770001199999,47102391.43987920,122344,329.95932000,25313541.65305470,0
1770001200000,76491.18000000,76575.93000000,75848.30000000,75890.10000000,648.19380000,1770002099999,49408174.50509570,147508,241.28434000,18399417.79925840,0
1770002100000,75890.10000000,75905.59000000,75059.47000000,75102.92000000,2361.00950000,1770002999999,177923599.82247590,307647,1009.42040000,76065543.82041340,0
1770003000000,75102.92000000,75225.06000000,74604.00000000,74637.60000000,2478.00978000,1770003899999,185619683.23186040,311160,968.66760000,72554737.71318470,0
1770003900000,74637.61000000,76458.81000000,74612.80000000,76292.98000000,1358.18818000,1770004799999,102717050.67783990,242339,827.81380000,62569565.36565810,0
1770004800000,76292.98000000,76320.00000000,75335.90000000,75526.74000000,659.93649000,1770005699999,50006289.24599550,148248,264.30007000,20026408.29051220,0
1770005700000,75526.74000000,76512.32000000,75480.00000000,76481.93000000,911.24798000,1770006599999,69358975.08184600,154718,453.96465000,34568274.76847880,0
1770006600000,76481.93000000,76621.28000000,76156.20000000,76171.91000000,468.87886000,1770007499999,35802643.75680360,117768,194.34661000,14843309.89631440,0
1770007500000,76171.91000000,76181.51000000,75785.81000000,75894.15000000,346.97226000,1770008399999,26363587.37862220,85128,132.02763000,10029745.28749660,0
1770008400000,75894.15000000,75999.99000000,75287.63000000,75525.66000000,554.88808000,1770009299999,41967142.12257270,120547,146.44854000,11082463.69355150,0
1770009300000,75525.66000000,75539.52000000,74926.77000000,75088.00000000,682.17487000,1770010199999,51272248.50145100,145184,308.31904000,23171066.58039890,0
1770010200000,75087.99000000,75381.77000000,74911.14000000,75251.40000000,597.94346000,1770011099999,44937201.34455330,148874,282.61296000,21238795.03916350,0
1770011100000,75251.40000000,75681.58000000,75110.66000000,75502.10000000,492.55373000,1770011999999,37138834.70751450,143499,230.52656000,17380313.66641240,0
1770012000000,75502.10000000,75662.00000000,75160.10000000,75647.75000000,641.80635000,1770012899999,48416868.47925030,144946,265.58006000,20033423.63012900,0
1770012900000,75647.75000000,76083.59000000,75400.00000000,75703.59000000,605.17554000,1770013799999,45861548.89473000,148945,277.02918000,20995071.02895390,0
1770013800000,75703.59000000,76834.71000000,74957.51000000,76507.83000000,1397.40443000,1770014699999,105979539.95806110,213613,681.77754000,51682051.29541760,0
1770014700000,76507.82000000,76705.88000000,76093.87000000,76549.32000000,562.88593000,1770015599999,42984213.55974460,168695,277.09093000,21159713.49117180,0
1770015600000,76549.32000000,76846.84000000,76364.34000000,76537.52000000,329.37833000,1770016499999,25228302.93737090,136661,181.17636000,13879612.63437080,0
1770016500000,76537.52000000,76720.00000000,76327.90000000,76439.88000000,311.78926000,1770017399999,23851512.00637700,97713,147.12311000,11253811.77539250,0
1770017400000,76439.88000000,76710.34000000,76413.08000000,76569.99000000,487.91122000,1770018299999,37350950.88706550,121661,330.17103000,25274325.51395290,0
1770018300000,76569.99000000,76958.00000000,76549.06000000,76660.79000000,517.45170000,1770019199999,39721084.00721520,106413,365.16764000,28030745.95886560,0
1770019200000,76660.78000000,76972.30000000,76628.28000000,76870.09000000,452.71430000,1770020099999,34773872.79826950,99393,186.09660000,14296093.51765400,0
1770020100000,76870.09000000,77191.15000000,76709.17000000,76789.99000000,519.59232000,1770020999999,39991074.05491950,126525,346.03108000,26635829.36276040,0
1770021000000,76789.99000000,77065.19000000,76680.00000000,76920.01000000,265.73511000,1770021899999,20428923.85138190,83427,139.78269000,10745251.33826130,0
1770021900000,76920.01000000,77100.00000000,76840.96000000,76881.28000000,184.10279000,1770022799999,14175687.36888420,52194,98.22365000,7564536.97461720,0
1770022800000,76881.28000000,76960.00000000,76652.00000000,76799.99000000,191.58305000,1770023699999,14713368.06558240,93040,97.36681000,7477911.05620800,0
1770023700000,76800.00000000,77372.58000000,76692.64000000,77360.64000000,284.47072000,1770024599999,21922754.14343410,97219,180.03266000,13877167.01032870,0
1770024600000,77360.63000000,77707.85000000,77215.74000000,77437.28000000,511.99864000,1770025499999,39624279.31075450,142342,229.67493000,17778367.64917000,0
1770025500000,77437.29000000,77815.00000000,77431.85000000,77725.33000000,1208.35676000,1770026399999,93919763.03254510,127342,906.71364000,70474465.56394780,0
1770026400000,77725.33000000,77876.69000000,77591.28000000,77656.36000000,360.79832000,1770027299999,28050196.51961100,83223,200.87261000,15617516.60372450,0
1770027300000,77656.35000000,77721.25000000,77477.04000000,77664.68000000,260.60677000,1770028199999,20220762.48200160,68653,135.42465000,10508856.96505790,0
1770028200000,77664.67000000,77841.40000000,77500.00000000,77602.23000000,259.54425000,1770029099999,20154374.84909500,70695,130.74773000,10156218.55082740,0
1770029100000,77602.22000000,77619.10000000,77474.85000000,77504.54000000,168.91493000,1770029999999,13095786.19628060,45803,76.47642000,5929121.42730390,0
1770030000000,77504.54000000,77768.70000000,77451.11000000,77750.00000000,210.13494000,1770030899999,16310098.83382690,77983,122.44140000,9504791.95396900,0
1770030900000,77750.00000000,77814.79000000,77602.92000000,77814.78000000,142.66700000,1770031799999,11085530.39729170,52049,95.18684000,7396727.35072290,0
1770031800000,77814.79000000,77970.62000000,77761.64000000,77840.01000000,250.79298000,1770032699999,19530914.65786640,63683,154.67593000,12045826.37382000,0
1770032700000,77840.01000000,77960.00000000,77706.00000000,77759.99000000,379.49470000,1770033599999,29539794.11767960,74375,195.55405000,15221573.31846800,0
1770033600000,77760.00000000,77988.00000000,77706.00000000,77971.65000000,225.97434000,1770034499999,17597707.79984890,75328,119.69500000,9322313.94078770,0
1770034500000,77971.66000000,78434.00000000,77894.00000000,78175.43000000,455.71881000,1770035399999,35605924.89114070,99309,301.01061000,23518645.74959490,0
1770035400000,78175.43000000,78196.17000000,77844.91000000,77854.46000000,241.63933000,1770036299999,18842678.27353560,85741,96.47184000,7522758.62094520,0
1770036300000,77854.45000000,78059.10000000,77807.99000000,77988.51000000,180.63791000,1770037199999,14074334.28947370,60423,88.35488000,6884715.57845930,0
1770037200000,77988.50000000,78018.50000000,77800.00000000,77999.99000000,246.86761000,1770038099999,19228628.48553300,76851,146.96539000,11448299.46062580,0
1770038100000,78000.00000000,78128.54000000,77833.74000000,77918.32000000,194.41965000,1770038999999,15161040.26470590,88415,99.79331000,7782426.49570030,0
1770039000000,77918.32000000,78020.00000000,77815.60000000,77875.04000000,193.71574000,1770039899999,15093134.72094310,65935,77.37016000,6028133.81539090,0
1770039900000,77875.04000000,78458.00000000,77829.34000000,78224.79000000,325.76037000,1770040799999,25442750.50220430,91866,204.60253000,15980519.09522770,0
1770040800000,78224.80000000,78298.00000000,77728.00000000,77788.63000000,264.69528000,1770041699999,20638461.71088940,78876,100.87491000,7866721.86439860,0
1770041700000,77788.62000000,78100.55000000,77626.44000000,78022.04000000,301.92394000,1770042599999,23504319.70405530,93251,162.95167000,12687712.36790010,0
1770042600000,78022.03000000,78885.00000000,77982.37000000,78504.04000000,965.55624000,1770043499999,75802123.79574350,286947,547.04999000,42948925.08236170,0
1770043500000,78504.04000000,78760.70000000,77686.37000000,77844.79000000,687.90062000,1770044399999,53793078.30462190,178745,342.88641000,26811901.42254680,0
1770044400000,77844.78000000,78394.00000000,77564.62000000,78295.36000000,890.02520000,1770045299999,69416471.33739830,219825,397.18406000,30967700.17717510,0
1770045300000,78295.36000000,78945.53000000,78151.95000000,78622.00000000,804.62184000,1770046199999,63238089.98396490,193954,477.41700000,37522262.19700990,0
1770046200000,78622.01000000,79360.00000000,78433.10000000,79021.47000000,944.27486000,1770047099999,74484104.35582510,168988,534.14329000,42143038.74887430,0
1770047100000,79021.47000000,79197.03000000,78632.29000000,78850.06000000,599.08631000,1770047999999,47280933.36047160,155060,301.28121000,23777556.36022120,0
1770048000000,78850.06000000,79185.05000000,78617.16000000,79066.10000000,520.14717000,1770048899999,41049601.89955130,152792,283.67995000,22390073.70449410,0
1770048900000,79066.10000000,79288.28000000,78859.11000000,79180.01000000,612.72638000,1770049799999,48452072.40413860,126923,319.41343000,25258150.02868730,0
1770049800000,79180.00000000,79215.99000000,78822.34000000,79072.16000000,425.71842000,1770050699999,33644622.89693590,95744,219.60183000,17353984.58817500,0
1770050700000,79072.16000000,79078.18000000,78584.00000000,78634.76000000,429.15702000,1770051599999,33810535.42085630,96171,219.60873000,17298807.52210230,0
1770051600000,78634.75000000,78999.40000000,78603.93000000,78978.92000000,375.65720000,1770052499999,29633365.71439020,93245,216.90553000,17110046.41982910,0
1770052500000,78978.92000000,79213.99000000,78906.00000000,78965.63000000,397.29905000,1770053399999,31409706.31466790,81965,209.82308000,16587883.30922920,0
1770053400000,78965.64000000,79205.22000000,78770.65000000,78875.10000000,376.72072000,1770054299999,29752726.70205970,75406,199.65220000,15768477.95266030,0
1770054300000,78875.10000000,79072.41000000,78798.01000000,78988.64000000,257.33397000,1770055199999,20318664.16414610,53545,137.92745000,10889851.13907580,0
1770055200000,78988.65000000,78988.65000000,78662.00000000,78711.87000000,222.50505000,1770056099999,17537785.96753460,52566,113.74558000,8964633.79889560,0
1770056100000,78711.88000000,78742.43000000,78369.13000000,78430.36000000,324.25214000,1770056999999,25472138.61993470,62674,165.39984000,12993660.75930890,0
1770057000000,78430.36000000,78867.99000000,78404.40000000,78578.87000000,250.00297000,1770057899999,19664394.46794750,53779,138.26743000,10875940.57503080,0
1770057900000,78578.86000000,78698.00000000,78560.00000000,78569.84000000,195.89841000,1770058799999,15403801.37005320,53537,97.18211000,7641299.68331180,0
1770058800000,78569.83000000,78697.99000000,78375.44000000,78520.00000000,290.78858000,1770059699999,22832716.41179320,60567,156.06849000,12254185.59048730,0
1770059700000,78520.00000000,78611.30000000,78323.37000000,78480.02000000,285.03887000,1770060599999,22356240.25437340,42896,106.82115000,8381873.00771890,0
1770060600000,78480.03000000,78547.14000000,78296.82000000,78544.85000000,272.47895000,1770061499999,21365956.51264780,44623,135.39130000,10616427.15799600,0
1770061500000,78544.84000000,78546.97000000,78283.27000000,78341.50000000,226.35228000,1770062399999,17749481.63566390,50497,94.62619000,7421164.84107840,0
1770062400000,78341.50000000,78667.38000000,78132.46000000,78431.28000000,309.12677000,1770063299999,24230332.84007760,81172,162.43596000,12731198.00965690,0
1770063300000,78431.28000000,78544.50000000,78368.16000000,78415.29000000,156.47044000,1770064199999,12275229.95685170,51931,77.50032000,6079772.23171030,0
1770064200000,78415.30000000,78445.87000000,78155.29000000,78188.73000000,186.55715000,1770065099999,14605648.04147670,62736,90.31226000,7070560.92797130,0
1770065100000,78188.72000000,78227.04000000,77888.00000000,78008.59000000,250.39166000,1770065999999,19546764.93698880,70356,117.87782000,9202265.95584850,0
1770066000000,78008.59000000,78402.00000000,77922.00000000,78345.26000000,198.71908000,1770066899999,15541661.28927260,59338,121.50369000,9501855.23490150,0
1770066900000,78345.26000000,78459.63000000,78205.83000000,78291.47000000,92.94778000,1770067799999,7278387.36327860,37273,52.53875000,4114146.97686090,0
1770067800000,78291.47000000,78552.76000000,78270.64000000,78367.53000000,117.96943000,1770068699999,9252998.60234100,35358,51.85050000,4066637.20780300,0
1770068700000,78367.53000000,78533.47000000,78366.56000000,78532.06000000,97.60797000,1770069599999,7657690.16084940,25959,49.81778000,3908251.95222870,0
1770069600000,78532.07000000,78853.35000000,78528.21000000,78765.35000000,214.37743000,1770070499999,16874450.83681430,30176,155.98865000,12278182.88573830,0
1770070500000,78765.35000000,78765.36000000,78601.99000000,78661.43000000,73.08893000,1770071399999,5749665.85106700,25935,31.25141000,2458250.51817260,0
1770071400000,78661.43000000,78839.74000000,78637.51000000,78831.03000000,91.95693000,1770072299999,7241979.76466730,23588,41.73972000,3287420.37531140,0
1770072300000,78831.03000000,78847.73000000,78656.60000000,78795.20000000,108.82155000,1770073199999,8571786.29128200,28663,43.60887000,3434799.24705600,0
1770073200000,78795.20000000,78841.48000000,78667.80000000,78748.72000000,196.92432000,1770074099999,15505011.18197910,47987,92.34440000,7271115.57811940,0
1770074100000,78748.71000000,78822.20000000,78560.00000000,78620.73000000,169.75106000,1770074999999,13356713.95394560,26406,60.47587000,4757959.17583040,0
1770075000000,78620.73000000,78962.78000000,78597.91000000,78892.42000000,196.50774000,1770075899999,15491256.95754180,33407,96.61464000,7617030.38557780,0
1770075900000,78892.43000000,78892.43000000,78696.01000000,78738.61000000,157.80495000,1770076799999,12434745.15753790,22952,52.67519000,4150405.00100240,0
1770076800000,78738.60000000,78783.77000000,78408.05000000,78576.85000000,267.89217000,1770077699999,21037433.91285880,60259,103.92284000,8161508.90707960,0
1770077700000,78576.85000000,78938.70000000,78521.32000000,78909.49000000,247.70580000,1770078599999,19500782.14414880,59055,142.64909000,11229860.28471560,0
1770078600000,78909.49000000,78960.00000000,78760.00000000,78951.48000000,242.32229000,1770079499999,19110263.44825910,55384,95.59548000,7538947.62760090,0
1770079500000,78951.49000000,79099.99000000,78840.00000000,79065.24000000,236.36581000,1770080399999,18664555.80698380,54097,125.19274000,9886499.28788640,0
1770080400000,79065.24000000,79186.81000000,78794.10000000,78930.00000000,362.96763000,1770081299999,28670673.46011900,82720,149.09629000,11776917.93736950,0
1770081300000,78930.00000000,78990.00000000,78716.79000000,78905.59000000,266.20201000,1770082199999,20987373.23756130,72926,134.93613000,10638791.43266670,0
1770082200000,78905.59000000,78947.80000000,78798.12000000,78940.00000000,182.74791000,1770083099999,14412596.74275390,66617,102.72928000,8101531.34419980,0
1770083100000,78940.00000000,79023.88000000,78864.26000000,79017.63000000,178.26985000,1770083999999,14075590.39060630,55696,91.27844000,7207055.24202500,0
1770084000000,79017.64000000,79017.64000000,78474.46000000,78527.78000000,174.25352000,1770084899999,13715409.98523540,68565,78.25044000,6158352.09891930,0
1770084900000,78527.78000000,78845.64000000,78508.65000000,78700.00000000,130.56795000,1770085799999,10277646.06166840,52585,78.14707000,6151485.86117080,0
1770085800000,78699.99000000,78714.95000000,78379.67000000,78393.01000000,170.74683000,1770086699999,13411974.07250030,73323,72.78398000,5717362.81552760,0
1770086700000,78393.02000000,78393.02000000,77800.00000000,77808.01000000,484.19928000,1770087599999,37793156.08807030,123449,170.05251000,13271357.34087170,0
1770087600000,77808.02000000,78102.00000000,77644.09000000,78021.53000000,333.24447000,1770088499999,25945771.36131590,93348,139.85514000,10890944.02560530,0
1770088500000,78021.54000000,78307.83000000,77788.16000000,78306.00000000,288.49317000,1770089399999,22511936.21773230,106000,191.53539000,14947880.12767040,0
1770089400000,78306.01000000,78623.22000000,78251.70000000,78560.01000000,193.46388000,1770090299999,15179248.38452040,80251,112.61740000,8835680.31113860,0
1770090300000,78560.00000000,78907.18000000,78510.32000000,78753.32000000,253.08591000,1770091199999,19927619.12631730,80063,150.49308000,11849823.01648050,0
1770091200000,78753.32000000,78791.10000000,78542.64000000,78759.99000000,143.64202000,1770092099999,11301368.22815470,58915,64.61471000,5082903.54334070,0
1770092100000,78759.99000000,78760.00000000,78488.00000000,78509.36000000,136.09613000,1770092999999,10700242.62483530,36867,65.11507000,5120254.20943230,0
1770093000000,78509.36000000,78999.99000000,78508.16000000,78979.63000000,273.20085000,1770093899999,21511657.30998080,58930,161.37957000,12703312.59151990,0
1770093900000,78979.63000000,78990.00000000,78773.05000000,78798.39000000,166.06677000,1770094799999,13100671.76812900,42239,64.51479000,5090190.00657150,0
1770094800000,78798.38000000,78809.78000000,78500.03000000,78504.10000000,145.33258000,1770095699999,11438121.97537240,41966,42.32495000,3332043.13470080,0
1770095700000,78504.11000000,78520.00000000,78269.56000000,78431.82000000,169.78897000,1770096599999,13312722.40636620,50294,57.31587000,4493991.00970820,0
1770096600000,78431.82000000,78500.00000000,78317.08000000,78362.35000000,169.98682000,1770097499999,13331022.98674710,54901,60.53143000,4747257.54024830,0
1770097500000,78362.35000000,78499.99000000,78218.98000000,78240.45000000,96.63668000,1770098399999,7570711.86043230,44713,49.43368000,3872680.93996250,0
1770098400000,78240.45000000,78317.08000000,77950.00000000,78069.73000000,204.40172000,1770099299999,15962667.63531370,61309,91.87412000,7174428.15838780,0
1770099300000,78069.72000000,78632.00000000,78040.01000000,78566.97000000,322.71530000,1770100199999,25275909.92297090,61355,220.95927000,17306425.56733460,0
1770100200000,78566.20000000,78630.02000000,78424.06000000,78464.62000000,169.27853000,1770101099999,13292881.95526040,54926,79.42869000,6237842.30790000,0
1770101100000,78464.62000000,78665.91000000,78464.61000000,78594.17000000,184.64166000,1770101999999,14507283.51459940,51066,107.15575000,8419451.58446940,0
1770102000000,78594.01000000,78899.09000000,78488.01000000,78750.00000000,167.55818000,1770102899999,13194698.72060120,70222,74.27500000,5847427.13483700,0
1770102900000,78750.01000000,78800.00000000,78600.00000000,78670.92000000,173.50485000,1770103799999,13652999.22628610,58573,94.26645000,7416806.69495850,0
1770103800000,78670.92000000,78923.93000000,78640.00000000,78839.99000000,178.73594000,1770104699999,14088018.30835240,67700,79.14629000,6238061.59523980,0
1770104700000,78839.99000000,78867.43000000,78709.79000000,78794.67000000,185.26087000,1770105599999,14594710.73025170,47967,107.93253000,8502548.35815430,0
1770105600000,78794.67000000,78927.63000000,78464.60000000,78488.66000000,228.49142000,1770106499999,17980260.58810980,71044,61.76029000,4862108.15803180,0
1770106500000,78488.66000000,78972.88000000,78465.28000000,78882.20000000,224.67387000,1770107399999,17709466.61539310,65285,141.25398000,11136731.99597160,0
1770107400000,78882.20000000,79084.29000000,78788.64000000,79005.32000000,231.71517000,1770108299999,18294668.96475390,58477,146.07257000,11533525.31320480,0
1770108300000,79005.31000000,79010.00000000,78680.00000000,78747.96000000,155.44484000,1770109199999,12258200.29686000,43944,59.60357000,4698047.70757090,0
1770109200000,78747.96000000,78841.35000000,78170.66000000,78180.80000000,297.23391000,1770110099999,23326801.86088830,92380,132.48929000,10399184.99574290,0
1770110100000,78180.80000000,78368.94000000,77960.50000000,77960.51000000,376.07838000,1770110999999,29380378.64971410,110452,156.48518000,12229346.80301670,0
1770111000000,77960.51000000,78423.71000000,77950.00000000,78312.15000000,222.88887000,1770111899999,17429113.06314120,72489,128.49755000,10049321.91502560,0
1770111900000,78312.14000000,78447.41000000,78212.18000000,78400.01000000,76.74234000,1770112799999,6011551.90484180,40592,39.35278000,3083278.98309560,0
1770112800000,78400.01000000,78552.50000000,78339.87000000,78529.83000000,162.72935000,1770113699999,12771952.90079900,47020,91.00146000,7142612.95874550,0
1770113700000,78529.82000000,78560.00000000,78391.75000000,78466.07000000,95.55319000,1770114599999,7498569.55568250,37560,55.74050000,4374502.21008060,0
1770114600000,78466.06000000,78466.06000000,78129.95000000,78165.48000000,131.11752000,1770115499999,10257314.79441490,66246,52.63916000,4116868.11486810,0
1770115500000,78165.48000000,78226.44000000,78070.00000000,78120.36000000,116.47110000,1770116399999,9100666.53184490,42252,58.99877000,4609466.92028990,0
1770116400000,78120.36000000,78259.20000000,78081.80000000,78231.09000000,104.64384000,1770117299999,8181040.24343430,47042,57.22663000,4473689.07877830,0
1770117300000,78231.10000000,78279.48000000,78018.00000000,78058.20000000,148.77088000,1770118199999,11624022.82714090,51777,47.02468000,3674347.12007410,0
1770118200000,78058.21000000,78270.08000000,78004.08000000,78220.19000000,123.99398000,1770119099999,9693813.87838030,57454,84.29015000,6589540.21373260,0
1770119100000,78220.19000000,78349.24000000,78076.47000000,78079.50000000,98.42601000,1770119999999,7701668.54908750,47920,50.20580000,3929283.06540740,0
1770120000000,78079.50000000,78325.70000000,78000.00000000,78222.20000000,204.74289000,1770120899999,15995081.64759710,62332,104.58570000,8170873.21585480,0
1770120900000,78222.20000000,78331.50000000,78134.88000000,78318.65000000,293.17292000,1770121799999,22928639.88491290,54507,142.15710000,11117880.19216560,0
1770121800000,78318.64000000,78347.67000000,78202.06000000,78237.41000000,257.19672000,1770122699999,20135407.12553210,59836,140.66017000,11011306.89881660,0
1770122700000,78237.40000000,78416.90000000,78224.00000000,78330.26000000,178.51457000,1770123599999,13987033.33452720,43897,78.17817000,6125213.50499730,0
1770123600000,78330.26000000,78449.00000000,78241.02000000,78410.15000000,118.44086000,1770124499999,9281412.19825160,51971,71.88122000,5632523.20572790,0
1770124500000,78410.14000000,78458.89000000,78200.00000000,78423.52000000,174.56791000,1770125399999,13677805.95223970,48227,101.49683000,7952390.18352490,0
1770125400000,78423.52000000,78458.00000000,78287.51000000,78300.92000000,104.71430000,1770126299999,8204995.33954060,54484,47.45034000,3717877.29494420,0
1770126300000,78300.92000000,78413.71000000,78187.91000000,78307.65000000,131.76904000,1770127199999,10318767.36906800,46154,60.95644000,4773258.50507930,0
1770127200000,78307.65000000,78416.55000000,78262.74000000,78358.47000000,137.98067000,1770128099999,10806434.18646690,48369,84.70949000,6634120.52487120,0
1770128100000,78358.47000000,78434.61000000,78084.95000000,78425.83000000,268.25566000,1770128999999,20989108.31543240,78065,114.63103000,8971066.14964290,0
1770129000000,78425.83000000,78429.91000000,77663.15000000,77875.71000000,755.72704000,1770129899999,58931289.20829290,251698,342.38345000,26697060.78714830,0
1770129900000,77875.70000000,78211.87000000,77156.24000000,77201.22000000,849.45153000,1770130799999,65919080.97350250,255449,384.29043000,29820759.89231110,0
1770130800000,77201.21000000,77675.97000000,77090.02000000,77173.56000000,517.71645000,1770131699999,40052030.62204710,189540,240.08082000,18574412.42648820,0
1770131700000,77174.07000000,78112.00000000,77055.54000000,77736.20000000,743.46809000,1770132599999,57712932.34739360,198764,390.58399000,30319455.90067770,0
1770132600000,77736.78000000,78196.00000000,77480.00000000,77480.00000000,448.78141000,1770133499999,34929973.86187000,186727,207.19511000,16130402.15505860,0
1770133500000,77480.00000000,78196.83000000,77324.88000000,78132.33000000,359.11812000,1770134399999,27970566.69358480,158471,188.31798000,14668385.77156920,0
1770134400000,78132.34000000,78134.53000000,77350.00000000,77363.77000000,349.79280000,1770135299999,27163983.10874190,132939,175.48096000,13625125.79978620,0
1770135300000,77365.52000000,77411.53000000,76683.70000000,76693.53000000,1010.93590000,1770136199999,77812985.16517700,163185,420.75867000,32389983.09199100,0
1770136200000,76693.53000000,76904.75000000,76400.00000000,76753.45000000,1321.10839000,1770137099999,101341848.35703430,197180,452.82759000,34758029.56974090,0
1770137100000,76753.44000000,76859.80000000,76476.47000000,76488.08000000,517.39915000,1770137999999,39663000.22496220,149570,229.88311000,17621323.82004150,0
1770138000000,76488.08000000,76525.44000000,75688.00000000,75699.08000000,817.47097000,1770138899999,62231997.15507510,180848,296.58446000,22589703.00244360,0
1770138900000,75699.08000000,76102.81000000,75688.00000000,75900.30000000,635.06605000,1770139799999,48201046.74971480,171489,349.14787000,26500633.78550810,0
1770139800000,75900.30000000,75960.00000000,75086.83000000,75147.94000000,752.83596000,1770140699999,56843383.56043180,149384,295.81622000,22347545.70868860,0
1770140700000,75147.94000000,75395.00000000,74882.28000000,74915.79000000,1005.16268000,1770141599999,75452903.19918880,187342,423.26337000,31780456.04334370,0
1770141600000,74915.79000000,75302.76000000,74680.41000000,74680.42000000,1108.74565000,1770142499999,83150480.77139890,183463,443.20217000,33241359.99610780,0
1770142500000,74680.41000000,74856.30000000,73800.00000000,74088.14000000,3686.50818000,1770143399999,273779827.74625980,294618,1134.07734000,84300720.87055960,0
1770143400000,74088.14000000,74298.21000000,73710.88000000,73726.80000000,2433.74898000,1770144299999,180124284.22051610,232484,820.91977000,60788178.69475570,0
1770144300000,73726.74000000,73776.57000000,73137.66000000,73139.13000000,1703.04020000,1770145199999,124960916.71005790,256481,731.51195000,53673625.97816560,0
1770145200000,73139.12000000,74916.66000000,72945.50000000,74582.30000000,1605.31925000,1770146099999,118248999.29633010,271127,819.10892000,60398747.23545480,0
1770146100000,74582.29000000,75291.10000000,74252.51000000,74933.99000000,877.19711000,1770146999999,65620544.85889860,210819,465.09049000,34804747.76360070,0
1770147000000,74934.00000000,75250.00000000,74787.79000000,74912.83000000,512.47326000,1770147899999,38424050.59548940,156328,276.92843000,20764435.69174570,0
1770147900000,74912.83000000,75056.58000000,74316.13000000,74935.00000000,502.83317000,1770148799999,37559240.03920080,140543,224.58896000,16778936.84591320,0
1770148800000,74935.00000000,75087.75000000,74587.12000000,74709.12000000,300.67080000,1770149699999,22486121.38273190,127604,126.09303000,9429645.93483790,0
1770149700000,74709.11000000,75876.00000000,74586.54000000,75662.44000000,535.90546000,1770150599999,40377330.30384390,152510,293.29777000,22094339.98701030,0
1770150600000,75663.42000000,76614.03000000,75635.36000000,76388.64000000,934.54894000,1770151499999,71270046.44880820,196762,503.80517000,38418922.88425410,0
1770151500000,76388.64000000,76721.25000000,76198.81000000,76475.52000000,351.74381000,1770152399999,26898056.88277280,108493,175.80412000,13447260.27063680,0
1770152400000,76475.53000000,76960.00000000,76453.80000000,76795.01000000,551.71061000,1770153299999,42377443.04774270,84497,199.91874000,15354811.90916490,0
1770153300000,76795.01000000,76816.41000000,76353.79000000,76497.41000000,200.99822000,1770154199999,15381351.99101120,65395,93.71488000,7170982.10030100,0
1770154200000,76497.41000000,76650.33000000,76227.66000000,76368.51000000,185.90741000,1770155099999,14206064.19661800,53252,73.35453000,5605933.11734310,0
1770155100000,76368.52000000,76470.58000000,76124.05000000,76239.43000000,172.35528000,1770155999999,13144615.46364560,53615,70.96423000,5412361.99593650,0
1770156000000,76239.43000000,76299.19000000,75761.09000000,75838.59000000,331.73562000,1770156899999,25186729.66011210,54388,167.78493000,12730502.29938090,0
1770156900000,75838.42000000,76076.00000000,75516.00000000,76030.42000000,263.03103000,1770157799999,19940345.78301740,77438,139.62189000,10584737.69682230,0
1770157800000,76030.41000000,76082.22000000,75803.05000000,75803.06000000,211.88170000,1770158699999,16090914.71899120,55096,61.81191000,4695725.22096840,0
1770158700000,75803.06000000,75806.00000000,75406.79000000,75708.83000000,207.33087000,1770159599999,15677522.03038390,82952,72.78203000,5503132.78695600,0
1770159600000,75708.82000000,75770.00000000,75428.16000000,75770.00000000,311.42146000,1770160499999,23537221.19069310,78794,125.11112000,9459062.72910030,0
1770160500000,75770.00000000,75962.00000000,75648.82000000,75751.64000000,184.10082000,1770161399999,13957444.71990690,57579,95.29500000,7225051.05116120,0
1770161400000,75751.65000000,76000.00000000,75684.29000000,75859.34000000,137.58048000,1770162299999,10439662.54873660,43319,67.27830000,5105194.13793640,0
1770162300000,75859.34000000,75864.56000000,75560.00000000,75770.21000000,161.57948000,1770163199999,12234876.54824810,43245,57.45050000,4349714.21617530,0
1770163200000,75770.21000000,75774.47000000,75467.22000000,75467.23000000,260.08889000,1770164099999,19676301.14051500,72094,99.41094000,7521451.47894730,0
1770164100000,75467.23000000,76053.61000000,75467.23000000,76029.01000000,190.42621000,1770164999999,14438713.89990390,68591,99.63788000,7555211.47617230,0
1770165000000,76029.02000000,76264.00000000,75960.00000000,76056.00000000,170.36948000,1770165899999,12973376.31678950,70123,87.31438000,6648867.14034090,0
1770165900000,76056.01000000,76255.04000000,75882.00000000,75910.88000000,109.74435000,1770166799999,8349527.36724300,55648,50.27618000,3825490.35295140,0
1770166800000,75910.88000000,76565.00000000,75910.88000000,76535.62000000,226.39159000,1770167699999,17283781.20891490,92762,143.73645000,10971269.69030200,0
1770167700000,76535.62000000,76586.00000000,76342.58000000,76471.10000000,154.27400000,1770168599999,11797896.62949970,69428,66.07906000,5052749.18682730,0
1770168600000,76471.09000000,76798.12000000,76443.71000000,76694.61000000,348.08843000,1770169499999,26682002.49444350,83763,134.40527000,10303253.97975570,0
1770169500000,76694.61000000,76699.98000000,76293.80000000,76423.73000000,223.97540000,1770170399999,17133335.05794670,61742,68.75223000,5257677.22977490,0
1770170400000,76423.73000000,76604.60000000,76338.40000000,76412.98000000,150.78295000,1770171299999,11526949.94744350,58478,55.88888000,4273067.73917790,0
1770171300000,76413.20000000,76610.04000000,76180.36000000,76186.63000000,217.81779000,1770172199999,16644581.18238010,59571,84.82070000,6482503.03594040,0
1770172200000,76186.63000000,76190.68000000,75707.41000000,75999.91000000,264.58711000,1770173099999,20103055.22472720,84255,102.49836000,7786596.03035260,0
1770173100000,75999.90000000,76083.23000000,75762.38000000,75963.35000000,220.20103000,1770173999999,16718077.71210800,75793,110.32364000,8374759.85319240,0
1770174000000,75963.35000000,76661.53000000,75906.05000000,76638.00000000,290.50380000,1770174899999,22186758.42359850,90526,160.05384000,12226120.40542100,0
1770174900000,76638.00000000,76709.61000000,76380.00000000,76390.12000000,186.77271000,1770175799999,14289719.26178630,57667,73.01827000,5586624.90912010,0
1770175800000,76390.11000000,76971.52000000,76383.11000000,76682.88000000,393.15593000,1770176699999,30161707.27611620,77185,166.74601000,12788334.41700070,0
1770176700000,76682.88000000,76770.77000000,76650.33000000,76698.17000000,166.50354000,1770177599999,12772807.62423840,40531,72.98211000,5598395.33265510,0
1770177600000,76698.17000000,76830.69000000,76612.67000000,76730.69000000,144.90448000,1770178499999,11118208.10458820,50693,56.82786000,4360521.08491680,0
1770178500000,76730.70000000,76735.14000000,76529.76000000,76595.94000000,122.96814000,1770179399999,9421662.69903790,38658,36.79851000,2819342.77494590,0
1770179400000,76595.94000000,76760.00000000,76590.74000000,76594.38000000,158.39187000,1770180299999,12141693.01488910,44433,59.46675000,4558307.58953860,0
1770180300000,76594.38000000,76594.39000000,76413.64000000,76479.75000000,151.12569000,1770181199999,11561096.76782630,35678,46.21820000,3535243.53958230,0
1770181200000,76479.75000000,76520.00000000,76409.73000000,76476.81000000,405.44037000,1770182099999,31005634.08369400,52414,186.76830000,14285571.31026090,0
1770182100000,76476.82000000,76526.80000000,76339.64000000,76466.27000000,195.06465000,1770182999999,14909756.67517500,51081,85.65073000,6547363.59343260,0
1770183000000,76466.27000000,76466.27000000,76242.11000000,76245.30000000,190.74856000,1770183899999,14562028.49712600,40005,73.45613000,5608258.82127010,0
1770183900000,76245.29000000,76339.56000000,76105.30000000,76279.99000000,265.48133000,1770184799999,20235342.61306960,43117,121.19870000,9237123.74741120,0
1770184800000,76280.00000000,76579.91000000,76259.90000000,76550.62000000,141.25994000,1770185699999,10796616.33919910,38738,63.46644000,4850929.21564600,0
1770185700000,76550.62000000,76569.13000000,76400.48000000,76486.01000000,143.71283000,1770186599999,10992241.71015700,41338,66.15819000,5060227.68641250,0
1770186600000,76486.01000000,76746.00000000,76444.00000000,76711.56000000,167.14796000,1770187499999,12809040.44797730,42505,87.75229000,6724873.01613100,0
1770187500000,76711.56000000,76780.00000000,76560.97000000,76652.68000000,157.21942000,1770188399999,12053597.26807210,43829,51.10203000,3917942.80576070,0
1770188400000,76652.68000000,76657.31000000,76335.46000000,76612.23000000,165.94695000,1770189299999,12693026.51716120,56068,64.42173000,4928451.92013350,0
1770189300000,76612.22000000,76626.24000000,76394.46000000,76452.28000000,126.05868000,1770190199999,9643394.89167700,38545,54.42380000,4163852.40777510,0
1770190200000,76452.29000000,76617.73000000,76376.05000000,76554.40000000,186.42708000,1770191099999,14259814.14759940,58677,94.79260000,7250611.72078690,0
1770191100000,76554.41000000,76587.77000000,76446.72000000,76514.30000000,115.15255000,1770191999999,8811852.54572620,29693,57.35367000,4388942.99562910,0
1770192000000,76514.30000000,76532.82000000,76220.80000000,76408.58000000,316.01772000,1770192899999,24134108.13230870,68994,158.30746000,12090687.58806420,0
1770192900000,76408.58000000,76515.66000000,76082.91000000,76126.07000000,164.09295000,1770193799999,12519304.21998680,68582,67.25410000,5131666.79182580,0
1770193800000,76126.06000000,76386.00000000,76068.69000000,76365.90000000,128.59227000,1770194699999,9802215.35970250,60192,69.91468000,5330470.54809680,0
1770194700000,76365.90000000,76600.00000000,76365.90000000,76587.26000000,127.49179000,1770195599999,9752700.42460800,41168,58.51262000,4476223.95383900,0
1770195600000,76587.26000000,76607.69000000,76319.21000000,76319.22000000,121.46747000,1770196499999,9284679.84347020,49379,47.39005000,3621867.59749840,0
1770196500000,76319.21000000,76346.40000000,76124.00000000,76157.86000000,165.57941000,1770197399999,12618562.83468150,53376,65.91179000,5022441.82327470,0
1770197400000,76157.86000000,76232.69000000,75967.10000000,76097.00000000,238.95643000,1770198299999,18186856.80680340,69698,101.45784000,7722949.88069570,0
1770198300000,76096.99000000,76235.56000000,76078.59000000,76119.00000000,106.81884000,1770199199999,8135272.31160070,44056,49.51015000,3770704.74908180,0
1770199200000,76119.00000000,76220.00000000,76069.00000000,76149.99000000,113.81158000,1770200099999,8665531.62020800,52683,49.63053000,3778460.01256420,0
1770200100000,76150.00000000,76235.56000000,76110.00000000,76115.46000000,145.02861000,1770200999999,11048333.99928090,40382,76.11952000,5799380.95194260,0
1770201000000,76115.46000000,76338.00000000,76106.98000000,76263.73000000,104.81192000,1770201899999,7991193.36419520,39535,60.03555000,4577022.62305100,0
1770201900000,76263.74000000,76338.65000000,76224.26000000,76302.10000000,77.25866000,1770202799999,5892895.72354600,31488,46.18532000,3522854.37617210,0
1770202800000,76302.10000000,76302.10000000,75731.25000000,75817.36000000,329.85879000,1770203699999,25039371.65986510,94326,99.36602000,7542379.85930930,0
1770203700000,75817.36000000,76065.32000000,75666.00000000,75847.20000000,237.26618000,1770204599999,18005812.76621370,72351,89.31254000,6778259.68268310,0
1770204600000,75847.20000000,76238.59000000,75844.00000000,76035.99000000,233.10402000,1770205499999,17724868.69762070,58658,109.42146000,8321346.09070000,0
1770205500000,76036.00000000,76200.00000000,75972.30000000,76017.25000000,302.50418000,1770206399999,23022752.70862490,60297,157.91466000,12019062.79657870,0
1770206400000,76017.25000000,76220.90000000,76007.93000000,76110.88000000,275.46072000,1770207299999,20966335.16081420,73439,102.16138000,7775884.23718940,0
1770207300000,76110.88000000,76260.85000000,76000.00000000,76071.77000000,306.07991000,1770208199999,23307040.49602010,57037,132.39660000,10080996.14993020,0
1770208200000,76071.77000000,76260.00000000,76049.77000000,76177.40000000,179.99282000,1770209099999,13708067.22624790,47101,92.30196000,7029104.17384810,0
1770209100000,76177.39000000,76211.45000000,76068.11000000,76180.85000000,181.38368000,1770209999999,13812915.69304770,36869,78.17508000,5953162.35112660,0
1770210000000,76180.84000000,76186.98000000,76069.57000000,76112.01000000,108.55479000,1770210899999,8266114.18811200,44457,51.40464000,3914187.13411380,0
1770210900000,76112.00000000,76133.00000000,75751.31000000,75858.81000000,295.67658000,1770211799999,22447901.18525360,59953,92.31854000,7004536.94166160,0
1770211800000,75858.81000000,75939.99000000,75255.60000000,75358.07000000,522.79835000,1770212699999,39518441.03709010,103447,119.27817000,9018201.89761080,0
1770212700000,75358.08000000,75441.56000000,74867.00000000,74867.00000000,636.59464000,1770213599999,47829142.96053940,141592,257.65066000,19358699.44313350,0
1770213600000,74867.00000000,75357.55000000,74797.49000000,75350.76000000,498.74704000,1770214499999,37456465.55401880,145537,269.52506000,20245799.82644720,0
1770214500000,75350.76000000,75600.15000000,75219.90000000,75298.81000000,503.90066000,1770215399999,37996544.05783590,152276,326.47049000,24621616.30441760,0
1770215400000,75298.81000000,75769.23000000,74688.00000000,75212.01000000,1038.70839000,1770216299999,78105776.52845710,324979,500.47871000,37644239.55712320,0
1770216300000,75212.00000000,75520.23000000,74256.00000000,74359.53000000,760.54673000,1770217199999,56932818.76015210,245763,372.36305000,27898529.36242580,0
1770217200000,74359.53000000,75099.99000000,73867.75000000,74850.04000000,1410.58300000,1770218099999,105132075.10898330,357887,672.81433000,50157924.90556110,0
1770218100000,74850.03000000,75328.28000000,74506.25000000,74911.68000000,744.70003000,1770218999999,55735641.03840330,273742,401.24773000,30036566.45082250,0
1770219000000,74911.67000000,74991.90000000,73794.11000000,74363.46000000,962.60002000,1770219899999,71498699.06670750,288066,450.90450000,33497629.55514680,0
1770219900000,74363.84000000,74444.94000000,73880.00000000,74136.36000000,526.61793000,1770220799999,39034298.90416510,254254,279.35051000,20707358.98830760,0
1770220800000,74136.48000000,74209.98000000,73593.10000000,73896.34000000,858.86267000,1770221699999,63452750.04744950,235020,426.99979000,31543677.23518760,0
1770221700000,73896.35000000,74249.83000000,73404.01000000,74150.00000000,780.72583000,1770222599999,57581526.81922250,264205,374.45464000,27640050.15877600,0
1770222600000,74150.01000000,74230.32000000,73088.00000000,73113.02000000,846.70127000,1770223499999,62176315.93174090,226609,328.35358000,24114975.11388710,0
1770223500000,73113.01000000,73891.62000000,73076.92000000,73636.01000000,603.33915000,1770224399999,44330111.90176700,244640,352.27489000,25884326.34841590,0
1770224400000,73635.63000000,73851.06000000,72824.56000000,73608.88000000,1261.41129000,1770225299999,92435021.06156290,277677,575.64692000,42212552.77624820,0
1770225300000,73608.89000000,73863.92000000,72394.70000000,72473.56000000,1876.09599000,1770226199999,136634419.59123320,272534,630.46354000,46006029.95997050,0
1770226200000,72473.56000000,72952.09000000,72169.00000000,72769.18000000,1924.67436000,1770227099999,139648185.04931320,319541,689.90741000,50085913.55625290,0
1770227100000,72769.17000000,72913.94000000,72283.78000000,72576.08000000,702.62378000,1770227999999,50966978.72638380,232877,357.29080000,25918869.27283690,0
1770228000000,72576.08000000,73282.59000000,72273.68000000,72858.90000000,1135.80981000,1770228899999,82660717.37701280,268498,545.25538000,39676255.52803470,0
1770228900000,72858.91000000,73591.60000000,72652.47000000,73416.02000000,983.78819000,1770229799999,71832752.40423180,274564,443.55278000,32408634.55580150,0
1770229800000,73416.02000000,74140.00000000,73280.50000000,74002.00000000,947.08798000,1770230699999,69823285.60938360,285928,517.20509000,38135481.01397800,0
1770230700000,74002.00000000,74027.25000000,73401.21000000,73425.96000000,413.32841000,1770231599999,30447531.72458900,141525,197.66568000,14558750.27469230,0
1770231600000,73425.97000000,73925.00000000,73391.74000000,73532.36000000,323.91811000,1770232499999,23861595.21503910,148123,189.28569000,13943607.25896820,0
1770232500000,73532.35000000,73771.31000000,73084.36000000,73153.81000000,395.71617000,1770233399999,29043895.04548700,129715,192.44982000,14134385.38338570,0
1770233400000,73154.72000000,73627.45000000,73041.41000000,73604.47000000,381.15243000,1770234299999,27950053.06920920,142305,210.93758000,15467333.83294070,0
1770234300000,73604.48000000,74007.28000000,73431.39000000,73923.29000000,508.98837000,1770235199999,37567639.89725170,157368,298.84424000,22058403.47801330,0
1770235200000,73923.30000000,74144.00000000,73491.80000000,73535.60000000,406.83550000,1770236099999,30051402.80505660,136004,194.49511000,14368269.23488320,0
1770236100000,73535.61000000,73843.12000000,73529.61000000,73589.27000000,256.67126000,1770236999999,18918286.56237000,105990,137.76980000,10153530.37601000,0
1770237000000,73589.28000000,73712.05000000,73425.56000000,73649.30000000,230.10284000,1770237899999,16923149.92286440,79967,98.16688000,7220568.32961600,0
1770237900000,73649.30000000,73684.34000000,73500.26000000,73516.30000000,159.00703000,1770238799999,11701203.23562270,66780,63.90208000,4702619.92970030,0
1770238800000,73516.30000000,73654.00000000,73310.26000000,73569.13000000,300.85425000,1770239699999,22108429.21445640,108781,130.38031000,9580233.65598450,0
1770239700000,73569.13000000,73578.33000000,73092.20000000,73092.20000000,178.96728000,1770240599999,13108426.44482240,62995,66.67332000,4882415.36614080,0
1770240600000,73092.20000000,73334.00000000,72552.91000000,72639.97000000,328.94028000,1770241499999,24025987.62932500,96375,116.63273000,8524366.05342510,0
1770241500000,72639.97000000,72850.00000000,72210.00000000,72799.99000000,570.47658000,1770242399999,41325559.86352400,132195,278.92764000,20208065.58811250,0
1770242400000,72800.00000000,72861.81000000,71888.00000000,72331.65000000,1173.01139000,1770243299999,84600779.01407550,162277,430.66610000,31070794.29635570,0
1770243300000,72331.66000000,73680.00000000,72331.15000000,73510.02000000,530.94113000,1770244199999,38796597.69500130,187517,278.90590000,20369027.78029510,0
1770244200000,73510.01000000,73530.00000000,72701.67000000,72792.83000000,434.81469000,1770245099999,31803597.34366070,150415,154.57406000,11302848.15259200,0
1770245100000,72792.84000000,73084.90000000,72435.99000000,72543.38000000,287.85623000,1770245999999,20951715.40734670,109412,122.32024000,8902678.26976190,0
1770246000000,72543.38000000,72849.91000000,72468.12000000,72849.91000000,301.10345000,1770246899999,21869448.78277320,123758,148.21630000,10765658.86346720,0
1770246900000,72849.99000000,73388.82000000,72777.70000000,73380.95000000,404.20990000,1770247799999,29548513.75829330,102436,192.39150000,14063661.21084270,0
1770247800000,73380.95000000,73520.59000000,73219.90000000,73383.50000000,311.53646000,1770248699999,22856310.52222400,88440,137.26854000,10070799.70743800,0
1770248700000,73383.50000000,73518.51000000,73146.75000000,73165.83000000,279.46810000,1770249599999,20506109.33765880,54338,105.59152000,7749833.17524960,0
1770249600000,73165.84000000,73217.88000000,72762.99000000,72778.45000000,248.70274000,1770250499999,18166831.96943610,83878,97.30546000,7109035.98355160,0
1770250500000,72778.44000000,73325.60000000,72754.21000000,73252.79000000,378.76380000,1770251399999,27658687.31091220,91024,247.90102000,18102441.87293510,0
1770251400000,73252.78000000,73252.78000000,72899.47000000,73103.03000000,246.78264000,1770252299999,18030558.66487010,106177,105.98190000,7742917.85194520,0
1770252300000,73103.03000000,73170.00000000,72819.90000000,72868.02000000,157.31668000,1770253199999,11481693.94903510,75828,72.15656000,5265763.51811860,0
1770253200000,72868.02000000,73341.18000000,72810.17000000,73170.71000000,206.64333000,1770254099999,15103316.05096080,105043,116.35125000,8504719.33914950,0
1770254100000,73170.72000000,73170.72000000,71995.09000000,72967.15000000,762.46358000,1770254999999,55247307.06818160,260766,365.91774000,26508830.59650200,0
1770255000000,72967.15000000,73187.60000000,72262.87000000,72635.05000000,523.47422000,1770255899999,38059135.31726650,201392,248.78778000,18088190.92704560,0
1770255900000,72635.06000000,72797.64000000,72410.85000000,72421.26000000,303.91252000,1770256799999,22064200.89789800,123278,152.09078000,11042013.17959490,0
1770256800000,72421.26000000,72563.95000000,72028.75000000,72044.96000000,516.35400000,1770257699999,37282976.84538050,193099,263.36748000,19016117.25023990,0
1770257700000,72044.96000000,72380.38000000,71680.00000000,72325.59000000,809.67201000,1770258599999,58343805.11709560,235877,393.91405000,28391074.41013160,0
1770258600000,72326.15000000,72854.39000000,72259.91000000,72588.00000000,474.13281000,1770259499999,34394456.25387780,183141,263.95677000,19147080.96877780,0
1770259500000,72588.00000000,72618.77000000,71305.55000000,71454.44000000,1179.35783000,1770260399999,84614832.95133290,225539,431.54883000,30947502.58263920,0
1770260400000,71454.44000000,71884.47000000,71345.95000000,71525.52000000,1025.94965000,1770261299999,73496047.46529170,240060,556.59350000,39885031.26005320,0
1770261300000,71525.52000000,71768.00000000,71280.00000000,71515.60000000,495.66841000,1770262199999,35451743.92521680,215069,220.07587000,15743441.13434470,0
1770262200000,71515.60000000,71611.58000000,71288.02000000,71446.00000000,490.20690000,1770263099999,35016443.42380190,183840,217.52263000,15538894.56989410,0
1770263100000,71445.99000000,71520.97000000,71152.78000000,71223.25000000,537.03521000,1770263999999,38278560.95380120,166791,214.40499000,15282662.38852230,0
1770264000000,71223.25000000,71437.68000000,70723.00000000,70950.65000000,1542.32300000,1770264899999,109524724.30270610,253612,551.75410000,39189592.63472950,0
1770264900000,70950.64000000,71353.83000000,70701.00000000,71028.32000000,977.59261000,1770265799999,69495852.78073180,221918,416.25007000,29597650.12743390,0
1770265800000,71028.32000000,71400.00000000,70873.97000000,71354.81000000,1044.54106000,1770266699999,74245391.41442860,173021,508.03593000,36114258.57389880,0
1770266700000,71354.81000000,71368.13000000,70721.92000000,70888.08000000,729.53376000,1770267599999,51840416.08534320,149299,284.49384000,20228372.64688510,0
1770267600000,70888.09000000,71080.00000000,70672.00000000,70843.37000000,883.27975000,1770268499999,62595784.00207350,109509,345.81398000,24508175.85804130,0
1770268500000,70843.36000000,70973.95000000,70140.00000000,70433.11000000,1717.03792000,1770269399999,120934204.54788000,166948,548.93790000,38668811.95271830,0
1770269400000,70433.11000000,71150.16000000,70339.90000000,71019.55000000,960.98279000,1770270299999,68001688.73249800,141221,518.87592000,36729525.39936500,0
1770270300000,71019.54000000,71053.42000000,70581.58000000,70732.72000000,741.21248000,1770271199999,52452893.72484830,115122,313.80084000,22201600.91722760,0
1770271200000,70732.73000000,70918.05000000,70473.59000000,70665.79000000,576.12938000,1770272099999,40719333.91676380,114523,243.07341000,17180194.45039740,0
1770272100000,70665.79000000,70839.59000000,70434.05000000,70527.13000000,586.09480000,1770272999999,41354099.77273280,96981,264.57213000,18670254.50031510,0
1770273000000,70527.13000000,70984.62000000,70525.56000000,70884.57000000,451.04851000,1770273899999,31943874.27452740,87394,247.11204000,17497840.43887250,0
1770273900000,70885.79000000,70984.40000000,70580.65000000,70951.51000000,406.82457000,1770274799999,28804721.37846420,84413,180.08850000,12752341.35100020,0
1770274800000,70951.51000000,71622.82000000,70900.00000000,71098.99000000,988.02539000,1770275699999,70436665.23484170,133580,523.67703000,37336504.08501020,0
1770275700000,71099.00000000,71579.39000000,71000.00000000,71416.83000000,430.44840000,1770276599999,30700394.45106820,81880,228.06235000,16266904.66218530,0
1770276600000,71416.82000000,71439.31000000,70950.01000000,71161.07000000,582.45867000,1770277499999,41456755.70486340,77248,293.97904000,20925693.70273410,0
1770277500000,71161.08000000,71214.23000000,70644.73000000,70756.85000000,611.47183000,1770278399999,43382919.91508630,67035,317.85298000,22549550.62692850,0
1770278400000,70756.86000000,71105.93000000,70683.58000000,71079.99000000,482.03733000,1770279299999,34174326.90112200,85786,233.60467000,16562462.03586470,0
1770279300000,71079.99000000,71512.01000000,70959.90000000,71344.77000000,631.24882000,1770280199999,44968042.47958520,100566,413.64057000,29468493.40946040,0
1770280200000,71344.76000000,71550.00000000,71237.30000000,71252.73000000,447.81259000,1770281099999,31970509.29172960,70211,155.21371000,11080307.27902710,0
1770281100000,71252.73000000,71335.17000000,71045.00000000,71054.99000000,253.96162000,1770281999999,18075872.31333110,57887,118.80195000,8456474.00210940,0
1770282000000,71054.99000000,71864.85000000,71049.35000000,71823.45000000,575.67431000,1770282899999,41167490.69056140,119674,347.67745000,24853265.20410540,0
1770282900000,71823.44000000,71978.58000000,71624.76000000,71736.95000000,373.57328000,1770283799999,26819169.61099810,95654,168.06001000,12063443.54276300,0
1770283800000,71736.94000000,71811.01000000,71463.54000000,71483.39000000,463.87232000,1770284699999,33202999.07728940,61940,238.65480000,17081305.92333010,0
1770284700000,71483.39000000,71728.48000000,71439.72000000,71550.00000000,429.28715000,1770285599999,30721158.18665510,52427,243.45388000,17419286.11859850,0
1770285600000,71549.99000000,71649.80000000,71311.44000000,71493.96000000,333.24720000,1770286499999,23811128.12921300,55255,168.56299000,12043284.33665240,0
1770286500000,71493.96000000,71722.04000000,71421.16000000,71716.42000000,269.77722000,1770287399999,19313653.02851350,58437,155.20444000,11110378.66015370,0
1770287400000,71716.42000000,71726.79000000,71360.72000000,71365.95000000,219.18685000,1770288299999,15684713.81181820,52392,105.19393000,7528140.52439970,0
1770288300000,71365.94000000,71378.33000000,70656.59000000,70858.13000000,795.97069000,1770289199999,56455790.31022900,101017,348.79810000,24726171.43109860,0
1770289200000,70858.13000000,71063.94000000,70708.03000000,70792.79000000,467.83464000,1770290099999,33171264.94179690,80825,258.62166000,18338163.81950340,0
1770290100000,70792.80000000,70964.24000000,69970.01000000,70065.40000000,2067.25935000,1770290999999,145151258.23019320,201625,756.28442000,53109393.33924260,0
1770291000000,70067.21000000,70728.88000000,69922.00000000,70493.71000000,977.89940000,1770291899999,68726136.99394630,161488,566.41304000,39807274.46434600,0
1770291900000,70493.71000000,70599.99000000,70199.90000000,70318.35000000,594.09917000,1770292799999,41806211.67708470,99454,308.74870000,21728637.12131930,0
1770292800000,70318.35000000,70603.49000000,69918.00000000,69918.01000000,659.40342000,1770293699999,46318069.52079870,111832,291.70945000,20501878.25156600,0
1770293700000,69918.01000000,69940.00000000,69163.00000000,69640.86000000,2624.02851000,1770294599999,182476622.50627470,246788,1099.88494000,76484522.91223580,0
1770294600000,69640.87000000,69842.54000000,69206.97000000,69327.77000000,1019.18112000,1770295499999,70830098.57772560,198473,432.16431000,30036572.15156050,0
1770295500000,69327.77000000,69774.42000000,69200.00000000,69563.57000000,1028.76373000,1770296399999,71464497.41408880,159907,500.38615000,34766588.86677270,0
1770296400000,69563.56000000,69831.85000000,69415.27000000,69488.08000000,684.94422000,1770297299999,47681709.81738050,115968,345.45652000,24051970.80797500,0
1770297300000,69488.07000000,69600.00000000,69261.11000000,69294.31000000,543.16913000,1770298199999,37711760.28596040,105819,272.74278000,18935992.41529340,0
1770298200000,69294.31000000,69635.14000000,69265.00000000,69434.09000000,734.60095000,1770299099999,51048793.20322490,99903,369.28519000,25660595.65569150,0
1770299100000,69434.10000000,69750.00000000,69361.37000000,69688.94000000,624.94534000,1770299999999,43481242.82543010,95285,353.66210000,24612885.17873770,0
1770300000000,69688.94000000,70312.62000000,69688.93000000,69740.76000000,900.39712000,1770300899999,63015722.79365130,127375,454.74449000,31825032.27138930,0
1770300900000,69740.75000000,70150.00000000,69492.25000000,70129.13000000,564.49196000,1770301799999,39433317.45736800,100509,303.74763000,21226403.48543330,0
1770301800000,70129.29000000,70872.04000000,69927.47000000,70436.00000000,1160.30007000,1770302699999,81711615.19629190,233185,648.93951000,45709038.14059790,0
1770302700000,70435.25000000,70773.94000000,69285.71000000,69404.76000000,834.05623000,1770303599999,58349596.16647980,190942,377.08487000,26384702.46548690,0
1770303600000,69404.75000000,69616.29000000,68011.11000000,68014.24000000,3345.70322000,1770304499999,229777798.75536180,280823,1269.16657000,87162476.55822300,0
1770304500000,68014.24000000,68710.20000000,66818.00000000,66851.99000000,4763.75972000,1770305399999,322168826.25532950,348605,2037.07508000,137799113.84549120,0
1770305400000,66851.98000000,67818.90000000,66720.15000000,67519.99000000,3611.78816000,1770306299999,242879816.73095730,309259,2092.95634000,140752960.45408100,0
1770306300000,67519.99000000,68273.15000000,67014.74000000,67489.07000000,2115.32237000,1770307199999,143072507.18444420,242345,1082.48943000,73210267.70380320,0
1770307200000,67489.08000000,67768.95000000,66955.34000000,67046.11000000,1491.63518000,1770308099999,100394555.38196220,214347,781.94994000,52650595.30754040,0
1770308100000,67046.11000000,68258.12000000,67038.84000000,68175.28000000,1857.18268000,1770308999999,125804117.54804670,219920,1083.97299000,73418034.59012510,0
1770309000000,68176.68000000,68456.02000000,67830.21000000,67873.52000000,1415.54740000,1770309899999,96414381.02353880,187859,722.09123000,49187236.77889740,0
1770309900000,67873.52000000,68681.81000000,67580.22000000,68295.15000000,1096.41620000,1770310799999,74792484.47697450,167310,617.91061000,42173979.01242110,0
1770310800000,68295.15000000,68374.79000000,67153.84000000,67254.51000000,1486.81122000,1770311699999,100677030.26423990,194136,649.46936000,43972447.02785960,0
1770311700000,67254.51000000,67657.90000000,66462.00000000,67409.23000000,2128.83283000,1770312599999,142593162.17226730,235444,985.94905000,66085138.21432220,0
1770312600000,67408.20000000,67539.90000000,66533.97000000,67109.93000000,1191.60292000,1770313499999,79734850.62416980,216027,578.84358000,38731559.74037940,0
1770313500000,67109.93000000,67340.00000000,66152.00000000,66181.69000000,1319.98153000,1770314399999,87905061.36939440,194660,530.86022000,35391775.70169470,0
1770314400000,66181.68000000,66542.30000000,66161.20000000,66448.92000000,1127.43496000,1770315299999,74797005.88139690,177234,662.34604000,43946647.43759840,0
1770315300000,66448.91000000,66542.87000000,65500.00000000,65851.28000000,2294.63957000,1770316199999,151143288.00110750,188296,862.22300000,56759367.43228410,0
1770316200000,65851.28000000,66079.12000000,65503.89000000,65766.86000000,1027.24377000,1770317099999,67552487.21371660,164063,522.80084000,34369778.92724520,0
1770317100000,65766.86000000,66477.30000000,65385.00000000,66347.00000000,1254.36667000,1770317999999,82546882.51917810,186957,668.74486000,44057515.40602270,0
1770318000000,66347.01000000,66637.46000000,66036.92000000,66300.03000000,954.21247000,1770318899999,63245410.67449950,156858,416.36764000,27597768.95529060,0
1770318900000,66300.03000000,66574.21000000,65638.30000000,65864.30000000,729.37658000,1770319799999,48181453.92290270,129873,321.51179000,21250303.08528310,0
1770319800000,65864.29000000,66170.00000000,65684.45000000,65806.59000000,891.30405000,1770320699999,58721747.09559040,149136,396.95057000,26161124.16706150,0
1770320700000,65806.59000000,65930.00000000,65200.00000000,65265.65000000,1030.64407000,1770321599999,67425624.17487280,142868,482.78819000,31586782.69931340,0
1770321600000,65265.66000000,65700.00000000,65010.00000000,65051.38000000,1189.47084000,1770322499999,77669796.90315790,142301,550.65743000,35976333.50108290,0
1770322500000,65051.38000000,65085.43000000,63373.00000000,63866.59000000,5534.42710000,1770323399999,355435870.05905320,347438,1983.91116000,127295978.85724790,0
1770323400000,63866.59000000,64155.58000000,63147.90000000,63666.94000000,2925.38786000,1770324299999,186294981.42208660,308725,1332.58608000,84888545.64713730,0
1770324300000,63665.41000000,63880.00000000,62345.00000000,63775.67000000,3620.68953000,1770325199999,228510365.59495810,312670,1404.37496000,88634677.51876510,0
1770325200000,63775.66000000,64775.00000000,63399.88000000,63432.34000000,2456.21371000,1770326099999,157294742.12162450,287104,1007.16393000,64575023.12809850,0
1770326100000,63432.33000000,64208.03000000,62888.34000000,63969.92000000,1831.31311000,1770326999999,116433453.14979700,260396,856.87574000,54488920.35897240,0
1770327000000,63969.93000000,64248.71000000,63300.23000000,63696.29000000,1511.11288000,1770327899999,96486646.72941500,234471,666.40341000,42557647.11532530,0
1770327900000,63696.30000000,64015.11000000,63030.97000000,63213.34000000,929.02703000,1770328799999,58995255.54691590,180461,422.48463000,26830113.71363550,0
1770328800000,63213.34000000,63750.61000000,62711.36000000,63525.09000000,1473.47801000,1770329699999,93237349.42863410,199670,589.41188000,37309886.73670380,0
1770329700000,63525.09000000,64306.92000000,62690.90000000,64099.37000000,1310.95532000,1770330599999,82953011.73640870,166195,639.24833000,40469561.63294920,0
1770330600000,64099.37000000,64615.88000000,63624.31000000,64035.93000000,1173.49146000,1770331499999,75073406.28135170,145898,589.40247000,37726295.15845390,0
1770331500000,64035.93000000,64529.62000000,63707.53000000,63907.86000000,818.23572000,1770332399999,52480287.97428090,105356,405.84792000,26047071.12950000,0
1770332400000,63907.86000000,64908.00000000,63800.00000000,64581.12000000,1336.16566000,1770333299999,86275168.39820160,157936,765.68650000,49438166.17558170,0
1770333300000,64581.12000000,64726.92000000,64043.22000000,64409.83000000,710.57706000,1770334199999,45750715.31230730,113019,349.79923000,22516692.26891880,0
1770334200000,64409.82000000,64508.06000000,63459.90000000,63472.08000000,834.70481000,1770335099999,53262117.55962810,143318,394.89347000,25193672.38635520,0
1770335100000,63472.08000000,63612.86000000,62717.48000000,62909.86000000,1163.30833000,1770335999999,73440844.95096460,147902,526.43666000,33230391.08367240,0
1770336000000,62909.87000000,63074.76000000,60100.00000000,60255.65000000,6300.61320000,1770336899999,386848760.53328790,469321,2385.02860000,146585173.05300280,0
1770336900000,60255.65000000,61812.76000000,60000.00000000,61373.30000000,5208.63278000,1770337799999,316451680.25304550,449278,2801.81959000,170341645.89849300,0
1770337800000,61373.29000000,63415.44000000,61331.75000000,62965.51000000,2477.72723000,1770338699999,154669046.86827620,324420,1392.62220000,86892368.43054470,0
1770338700000,62965.51000000,63861.87000000,62513.63000000,63509.39000000,1978.70267000,1770339599999,125344361.57639190,270994,1063.39970000,67393260.61277940,0
1770339600000,63509.40000000,64933.33000000,63509.39000000,64325.16000000,2458.35341000,1770340499999,157918065.46087360,279377,1449.56361000,93089448.76568080,0
1770340500000,64325.17000000,64509.60000000,63999.99000000,64112.75000000,1151.76973000,1770341399999,74010985.25234770,196167,587.21919000,37740852.23016280,0
1770341400000,64112.75000000,64799.90000000,64019.94000000,64731.00000000,928.95497000,1770342299999,59849467.08009460,173775,504.88473000,32534180.06848090,0
1770342300000,64730.99000000,65760.00000000,64580.34000000,65714.96000000,1545.97297000,1770343199999,100983056.81183290,228348,909.01114000,59376156.12104320,0
1770343200000,65714.96000000,66010.00000000,64715.79000000,64854.12000000,1399.11750000,1770344099999,91478069.98482500,223716,561.40854000,36712340.37893550,0
1770344100000,64856.88000000,65130.00000000,64201.28000000,64612.73000000,1001.29848000,1770344999999,64708530.29912770,177125,448.50602000,28998217.90821200,0
1770345000000,64612.73000000,65410.44000000,64450.50000000,65189.82000000,1071.77320000,1770345899999,69556407.99724570,191455,611.31004000,39683654.48171560,0
1770345900000,65189.83000000,65272.32000000,64705.33000000,64990.10000000,699.87032000,1770346799999,45448985.86970050,149498,320.35794000,20802564.05650420,0
1770346800000,64990.11000000,65172.13000000,64368.73000000,64424.31000000,828.79226000,1770347699999,53664748.41212530,172344,384.89676000,24935879.98254050,0
1770347700000,64424.31000000,64925.32000000,64413.00000000,64700.01000000,554.09880000,1770348599999,35797456.83050020,151652,260.04368000,16798887.42982990,0
1770348600000,64700.00000000,64937.15000000,64450.61000000,64492.28000000,408.37701000,1770349499999,26444343.14612300,107154,203.53513000,13181694.75634130,0
1770349500000,64492.28000000,64522.24000000,63770.17000000,64168.33000000,966.34872000,1770350399999,61951099.33926660,171789,348.49832000,22347201.14066600,0
1770350400000,64168.33000000,64569.58000000,63914.62000000,64487.44000000,893.29065000,1770351299999,57388839.36266180,131278,322.72632000,20742657.96857270,0
1770351300000,64487.45000000,65000.00000000,64420.51000000,64911.47000000,923.11678000,1770352199999,59785730.09339940,104980,573.58936000,37162598.11059990,0
1770352200000,64911.46000000,64931.98000000,64552.68000000,64769.63000000,452.35812000,1770353099999,29291400.30285420,94512,195.51351000,12659738.17624910,0
1770353100000,64769.64000000,64997.23000000,64753.40000000,64905.84000000,410.00776000,1770353999999,26600219.79571610,73294,207.85487000,13485122.70505070,0
1770354000000,64905.54000000,65599.39000000,64800.01000000,65526.06000000,758.20758000,1770354899999,49447878.22740820,117806,492.60284000,32126318.66697980,0
1770354900000,65526.05000000,65717.95000000,65303.03000000,65466.12000000,629.68585000,1770355799999,41246279.52331320,100856,366.04330000,23981257.94555190,0
1770355800000,65466.12000000,65994.30000000,65385.69000000,65978.41000000,597.68129000,1770356699999,39312193.12492270,108922,334.02249000,21973777.18004550,0
1770356700000,65978.41000000,66826.50000000,65769.20000000,66408.11000000,1091.77161000,1770357599999,72463107.56646270,149664,662.18692000,43954083.52057300,0
1770357600000,66408.11000000,66800.00000000,66161.43000000,66176.69000000,1079.23760000,1770358499999,71824116.24378260,133637,474.65888000,31586350.22935460,0
1770358500000,66176.69000000,66190.68000000,65572.93000000,65841.60000000,679.92543000,1770359399999,44803671.22943580,123270,336.70326000,22187410.04460810,0
1770359400000,65841.59000000,65850.19000000,64954.54000000,65082.62000000,748.90346000,1770360299999,48937088.80342590,143148,343.54962000,22453609.44686150,0
1770360300000,65082.62000000,65248.32000000,64856.88000000,64988.26000000,1053.93609000,1770361199999,68547549.07235280,144855,499.94389000,32527810.81786070,0
1770361200000,64988.26000000,65080.00000000,64654.11000000,65040.06000000,699.09383000,1770362099999,45308100.43267310,126684,337.77439000,21891479.36718010,0
1770362100000,65040.06000000,65339.20000000,64802.63000000,64998.22000000,713.53818000,1770362999999,46433050.24423660,120731,358.41663000,23316167.14552880,0
1770363000000,64998.22000000,65543.79000000,64911.34000000,65209.87000000,1246.17469000,1770363899999,81339911.80936420,134202,827.12971000,53988226.53776980,0
1770363900000,65209.87000000,65229.28000000,64655.57000000,64856.00000000,1227.43437000,1770364799999,79700026.72249270,114496,816.40178000,53011255.49243350,0
1770364800000,64856.00000000,65205.18000000,64500.00000000,65108.90000000,694.78185000,1770365699999,45072466.07649640,116112,381.25406000,24741171.03062820,0
1770365700000,65108.90000000,65206.11000000,64760.00000000,64821.21000000,523.78749000,1770366599999,34040648.91316810,104006,303.39564000,19720300.56632410,0
1770366600000,64821.21000000,64920.00000000,64516.62000000,64769.27000000,698.46654000,1770367499999,45186817.19285580,119373,358.39282000,23190338.35057920,0
1770367500000,64769.26000000,65136.00000000,64713.00000000,64895.05000000,486.91354000,1770368399999,31614604.98329170,88456,248.63998000,16144038.62787180,0
1770368400000,64895.04000000,65210.00000000,64764.70000000,65114.44000000,587.92887000,1770369299999,38184288.13412920,81101,395.31957000,25676128.21462610,0
1770369300000,65114.44000000,65699.32000000,65010.87000000,65631.89000000,826.90403000,1770370199999,54117961.34234660,98860,564.60738000,36964638.06547540,0
1770370200000,65631.89000000,66092.72000000,65590.19000000,65867.64000000,780.90005000,1770371099999,51385615.37398960,111459,409.28509000,26931299.97828680,0
1770371100000,65867.64000000,66163.00000000,65614.24000000,65799.55000000,540.31703000,1770371999999,35619007.67051530,86638,287.13365000,18929929.64224070,0
1770372000000,65799.55000000,65944.35000000,65550.00000000,65833.57000000,506.41217000,1770372899999,33304001.84107890,81662,241.66442000,15893648.34818120,0
1770372900000,65833.57000000,66220.00000000,65833.57000000,66022.98000000,587.58743000,1770373799999,38787355.82038300,97676,332.29077000,21937137.14503900,0
1770373800000,66022.98000000,66154.36000000,65941.82000000,66065.99000000,528.07007000,1770374699999,34872263.60562150,103781,249.24575000,16459297.54405540,0
1770374700000,66066.00000000,66093.98000000,65805.98000000,65967.51000000,445.30580000,1770375599999,29370659.48788170,79579,197.00137000,12992697.27940160,0
1770375600000,65967.51000000,65999.00000000,65772.17000000,65943.34000000,384.37993000,1770376499999,25323246.98368620,66925,183.32588000,12078378.40049780,0
1770376500000,65943.58000000,66096.66000000,65844.29000000,66066.23000000,369.01547000,1770377399999,24340388.97047110,62264,211.22719000,13931536.40983310,0
1770377400000,66066.22000000,66426.91000000,66017.03000000,66322.23000000,726.13348000,1770378299999,48097929.60874870,87916,515.60812000,34154409.87362390,0
1770378300000,66322.23000000,66755.13000000,66157.57000000,66631.32000000,965.94210000,1770379199999,64203310.30997570,107041,532.00981000,35363994.75390650,0
1770379200000,66631.32000000,66631.32000000,66240.01000000,66414.94000000,505.83087000,1770380099999,33596071.32927250,87261,280.53605000,18632074.41103920,0
1770380100000,66414.94000000,66476.00000000,66212.12000000,66396.17000000,365.40987000,1770380999999,24243158.17253110,84153,195.73237000,12986752.00908740,0
1770381000000,66396.17000000,66398.40000000,66114.49000000,66339.44000000,584.14486000,1770381899999,38693549.34533370,93839,278.49825000,18448327.74197900,0
1770381900000,66339.43000000,66608.00000000,66316.51000000,66557.93000000,440.28359000,1770382799999,29246137.99629520,80880,233.68805000,15524334.87461200,0
1770382800000,66557.93000000,67077.41000000,66480.82000000,67037.01000000,1419.19684000,1770383699999,94810631.48196630,181664,781.01206000,52180612.89045880,0
1770383700000,67037.01000000,67499.97000000,66808.66000000,66935.99000000,1260.49926000,1770384599999,84715547.93776070,217487,569.35468000,38263680.09728010,0
1770384600000,66935.99000000,67388.24000000,66804.12000000,67232.01000000,653.72589000,1770385499999,43883099.42330970,158073,301.22353000,20220979.58886230,0
1770385500000,67232.02000000,67690.70000000,67225.61000000,67316.82000000,730.34396000,1770386399999,49245379.08516480,154766,345.06109000,23269057.39781080,0
1770386400000,67316.82000000,67406.17000000,66880.00000000,67187.02000000,853.47274000,1770387299999,57273212.82566560,138612,356.14704000,23901738.97868400,0
1770387300000,67187.02000000,67189.20000000,66629.36000000,67114.64000000,792.21088000,1770388199999,52990930.87677520,128542,300.03522000,20071974.62354830,0
1770388200000,67114.64000000,68363.00000000,67042.01000000,68300.00000000,2275.06802000,1770389099999,154553413.38300490,395113,1363.37064000,92633523.61421300,0
1770389100000,68300.00000000,68647.45000000,67918.36000000,68194.89000000,1673.82745000,1770389999999,114326347.80887910,340869,860.51099000,58779995.17814930,0
1770390000000,68194.90000000,68600.00000000,67772.00000000,67933.43000000,1620.37561000,1770390899999,110427898.79238010,324607,837.93224000,57100524.99116200,0
1770390900000,67933.43000000,68536.08000000,67841.50000000,68170.21000000,1242.72557000,1770391799999,84759302.91010330,229627,781.63424000,53309326.23035210,0
1770391800000,68170.21000000,68856.77000000,68053.40000000,68809.87000000,1350.03852000,1770392699999,92427887.01256830,200864,936.27199000,64104098.49451660,0
1770392700000,68810.84000000,69192.00000000,68335.19000000,68626.00000000,1839.67072000,1770393599999,126496083.00443190,182937,1118.45912000,76914768.19711670,0
1770393600000,68625.99000000,69450.26000000,68428.19000000,69290.00000000,1929.39207000,1770394499999,133345859.13057360,180559,1207.98743000,83473954.95536410,0
1770394500000,69290.00000000,69800.00000000,69154.57000000,69521.42000000,1896.24816000,1770395399999,131825825.65998640,183875,1257.96646000,87459548.66710840,0
1770395400000,69521.41000000,69808.95000000,69428.00000000,69802.00000000,1133.54782000,1770396299999,78905527.76380710,144096,676.04376000,47061605.02373650,0
1770396300000,69801.99000000,70224.62000000,69658.37000000,69954.01000000,1933.42192000,1770397199999,135240056.64334240,140201,1330.81641000,93092617.70421410,0
1770397200000,69954.01000000,70339.00000000,69593.43000000,70225.14000000,1306.02831000,1770398099999,91404195.08720410,144085,661.24294000,46256972.12820620,0
1770398100000,70225.14000000,70999.00000000,70161.43000000,70924.57000000,1573.32312000,1770398999999,111123782.37622080,148324,1025.76947000,72447885.27269360,0
1770399000000,70924.57000000,71500.00000000,70749.64000000,71075.10000000,1545.99705000,1770399899999,109919870.42565440,151949,847.16867000,60239583.67664450,0
1770399900000,71075.10000000,71281.38000000,70542.09000000,70753.53000000,799.19158000,1770400799999,56676726.41317040,107393,362.80371000,25737289.15106510,0
1770400800000,70753.53000000,70816.00000000,69686.88000000,70053.52000000,1156.91852000,1770401699999,81192985.96148670,159258,491.42485000,34474955.17549930,0
1770401700000,70053.52000000,70109.46000000,69340.91000000,69561.04000000,794.92283000,1770402599999,55385813.60225370,149073,397.77674000,27718817.49396250,0
1770402600000,69561.04000000,70295.97000000,69399.09000000,70000.01000000,825.63207000,1770403499999,57679014.57331340,111729,521.05662000,36397640.65540010,0
1770403500000,70000.01000000,70214.00000000,69755.95000000,69776.68000000,439.99977000,1770404399999,30796036.15417790,75281,216.98330000,15189283.18851390,0
1770404400000,69776.68000000,70204.22000000,69729.38000000,69829.87000000,393.19217000,1770405299999,27492988.87696450,82236,237.17496000,16580393.65549960,0
1770405300000,69829.86000000,70480.65000000,69662.22000000,70260.92000000,630.10898000,1770406199999,44121420.89213140,84941,397.43073000,27818265.52580990,0
1770406200000,70260.92000000,70505.80000000,70140.00000000,70388.57000000,383.23418000,1770407099999,26955571.07321610,59808,212.25279000,14929638.61531130,0
1770407100000,70388.57000000,70952.00000000,70388.57000000,70731.46000000,542.54072000,1770407999999,38373253.29714050,79523,332.10137000,23492856.37544390,0
1770408000000,70731.45000000,70844.01000000,70382.95000000,70510.69000000,359.16623000,1770408899999,25346615.14019440,84074,165.58532000,11683419.01412170,0
1770408900000,70510.69000000,70677.85000000,70229.86000000,70581.56000000,425.59576000,1770409799999,30002028.75328690,96305,188.50565000,13288612.21399820,0
1770409800000,70581.57000000,70996.77000000,70160.99000000,70279.90000000,686.04972000,1770410699999,48450924.61872720,123497,352.60201000,24917089.51949930,0
1770410700000,70279.90000000,70602.64000000,70000.12000000,70000.13000000,372.13558000,1770411599999,26147815.15938430,96439,154.81297000,10880067.02368460,0
1770411600000,70000.14000000,70228.00000000,69837.35000000,70006.40000000,381.30795000,1770412499999,26708254.66298100,96199,148.91212000,10430389.98951780,0
1770412500000,70006.39000000,70508.75000000,69942.75000000,70401.75000000,337.02706000,1770413399999,23673686.66885790,58864,216.19445000,15180704.22333200,0
1770413400000,70401.47000000,70407.07000000,70112.85000000,70285.99000000,219.61480000,1770414299999,15428207.74089890,49501,99.64173000,6999428.84268400,0
1770414300000,70285.99000000,70449.30000000,70254.52000000,70358.43000000,142.04351000,1770415199999,9992613.54282300,33129,65.38488000,4599398.74891480,0
1770415200000,70358.44000000,70775.29000000,70279.09000000,70438.12000000,317.33074000,1770416099999,22389934.46305290,54349,174.63174000,12320885.62594800,0
1770416100000,70438.12000000,70812.21000000,70419.79000000,70812.20000000,196.92690000,1770416999999,13911702.78244550,35504,114.59911000,8095815.96605500,0
1770417000000,70812.21000000,71461.77000000,70800.00000000,71192.17000000,504.39570000,1770417899999,35873553.32810640,71487,339.67825000,24152097.08656020,0
1770417900000,71192.18000000,71577.09000000,71063.26000000,71354.46000000,420.76487000,1770418799999,30025076.64022760,59781,250.91573000,17907091.46753600,0
1770418800000,71354.46000000,71751.33000000,71065.95000000,71121.62000000,565.50635000,1770419699999,40423414.74040920,59909,307.87123000,22020466.48812260,0
1770419700000,71121.63000000,71121.63000000,70541.30000000,70576.39000000,544.94018000,1770420599999,38573153.72147210,75375,230.62007000,16324459.58575460,0
1770420600000,70576.39000000,70879.89000000,70560.90000000,70645.22000000,178.40556000,1770421499999,12618550.45439150,44357,97.71084000,6911094.10047450,0
1770421500000,70645.21000000,70770.13000000,70505.00000000,70580.26000000,159.86809000,1770422399999,11288764.29395500,36536,62.75365000,4431719.90041720,0
1770422400000,70580.26000000,70600.00000000,70016.54000000,70271.66000000,491.31061000,1770423299999,34506174.39848010,122689,195.67898000,13743007.45841710,0
1770423300000,70271.66000000,70449.36000000,70070.00000000,70111.08000000,309.39490000,1770424199999,21738523.83518930,101327,144.55883000,10159650.09953790,0
1770424200000,70111.09000000,70179.97000000,69718.00000000,69734.97000000,495.29227000,1770425099999,34622188.30513130,109900,170.28454000,11901446.56361090,0
1770425100000,69734.97000000,70326.52000000,69720.82000000,69958.00000000,388.48749000,1770425999999,27206082.12795540,79718,186.17416000,13038732.60594620,0
1770426000000,69958.00000000,70087.88000000,69741.87000000,69841.12000000,305.69601000,1770426899999,21372514.40031480,69174,103.75572000,7257296.51607300,0
1770426900000,69841.12000000,70174.68000000,69823.00000000,69982.53000000,380.04497000,1770427799999,26601921.79053310,64884,215.65085000,15093556.22139710,0
1770427800000,69982.52000000,70331.59000000,69936.72000000,70287.56000000,199.66423000,1770428699999,14010243.52719780,57323,104.07976000,7304143.11465440,0
1770428700000,70287.55000000,70680.54000000,70269.18000000,70471.49000000,372.08181000,1770429599999,26235504.20432930,73218,223.61530000,15765415.95853480,0
1770429600000,70471.48000000,70624.49000000,70342.41000000,70427.77000000,176.07802000,1770430499999,12411604.40149910,63199,96.99284000,6838551.71249240,0
1770430500000,70427.77000000,70577.94000000,70320.01000000,70441.89000000,151.64149000,1770431399999,10679043.72872630,48051,72.02903000,5072290.96424310,0
1770431400000,70441.90000000,70553.93000000,70396.00000000,70456.70000000,198.38763000,1770432299999,13982098.52536570,48961,114.88380000,8097176.71413410,0
1770432300000,70456.70000000,70456.70000000,70151.51000000,70361.37000000,302.06475000,1770433199999,21228359.97741910,57880,171.00129000,12017649.21049420,0
1770433200000,70361.36000000,70804.80000000,70270.00000000,70741.07000000,312.81000000,1770434099999,22059670.62013900,69566,209.67317000,14788570.27112290,0
1770434100000,70741.06000000,70883.63000000,70572.10000000,70861.62000000,185.61390000,1770434999999,13126705.15519140,64968,97.93417000,6926214.23797520,0
1770435000000,70861.62000000,70861.62000000,70568.64000000,70729.59000000,249.45769000,1770435899999,17643885.56438580,59298,113.78953000,8048199.71532960,0
1770435900000,70729.58000000,70928.75000000,70623.36000000,70918.99000000,169.74787000,1770436799999,12012148.07657090,49134,89.30625000,6320856.13629100,0
1770436800000,70918.99000000,71316.00000000,70837.17000000,71219.82000000,670.27314000,1770437699999,47632928.53745760,126936,466.40379000,33138999.15549010,0
1770437700000,71219.82000000,71690.07000000,71074.24000000,71151.31000000,542.35337000,1770438599999,38699725.02245680,117576,311.52544000,22233426.30428820,0
1770438600000,71151.31000000,71254.97000000,70671.28000000,70705.52000000,373.59137000,1770439499999,26513473.30221680,78269,142.97001000,10153592.28970500,0
1770439500000,70705.51000000,70800.00000000,70604.55000000,70768.13000000,174.55351000,1770440399999,12342851.83091650,55286,95.61189000,6761345.51300650,0
1770440400000,70768.00000000,70936.39000000,70666.00000000,70916.00000000,220.19108000,1770441299999,15593905.36135570,58041,138.00637000,9773794.64979850,0
1770441300000,70916.00000000,71191.88000000,70168.47000000,70271.97000000,558.48475000,1770442199999,39494650.87675200,100545,213.22605000,15083233.60169200,0
1770442200000,70271.98000000,70410.00000000,70118.74000000,70236.00000000,649.70665000,1770443099999,45656418.31313360,89308,206.83436000,14532772.83967190,0
1770443100000,70236.00000000,70299.74000000,69800.00000000,70161.50000000,525.78796000,1770443999999,36821166.83569530,68443,131.43549000,9208637.94432310,0
1770444000000,70161.51000000,70310.00000000,69852.03000000,70104.44000000,715.90274000,1770444899999,50187452.80824830,71596,187.01000000,13115230.31615040,0
1770444900000,70104.43000000,70279.81000000,69879.75000000,70215.31000000,359.93296000,1770445799999,25201742.56101610,56795,220.73056000,15452896.25808620,0
1770445800000,70215.30000000,70300.00000000,69811.90000000,70063.41000000,762.10005000,1770446699999,53410120.29349860,62524,176.34654000,12369868.20475560,0
1770446700000,70063.41000000,70071.52000000,68757.68000000,68769.65000000,1229.87732000,1770447599999,85333705.31357170,182012,456.17509000,31663955.58040890,0
1770447600000,68769.66000000,69084.55000000,67941.30000000,67951.49000000,1476.52587000,1770448499999,101154842.91185340,207914,601.54874000,41231141.05281080,0
1770448500000,67951.47000000,68226.25000000,67348.33000000,68031.20000000,1994.30164000,1770449399999,135142278.41799230,264746,933.45813000,63255207.36619190,0
1770449400000,68031.19000000,68697.58000000,67556.23000000,68476.92000000,1317.48227000,1770450299999,89763947.37823240,188883,635.50033000,43303750.39499250,0
1770450300000,68476.92000000,68478.00000000,67300.00000000,68087.14000000,1700.25698000,1770451199999,115797314.95232750,141785,452.92074000,30855048.53349080,0
1770451200000,68087.13000000,68482.92000000,67747.65000000,68247.69000000,1154.36850000,1770452099999,78643418.72028950,136443,418.15443000,28501473.51685600,0
1770452100000,68247.70000000,68660.29000000,68110.07000000,68404.33000000,670.17644000,1770452999999,45847499.11115450,110263,289.74841000,19826827.14335010,0
1770453000000,68404.33000000,68790.00000000,68324.88000000,68352.11000000,553.97839000,1770453899999,37968097.96726980,92029,201.93519000,13843699.70755600,0
1770453900000,68352.12000000,68716.37000000,68352.12000000,68495.01000000,406.91908000,1770454799999,27897115.32426960,63173,132.86709000,9108934.91912670,0
1770454800000,68495.01000000,68757.68000000,68439.00000000,68753.40000000,477.88577000,1770455699999,32781713.99872670,67008,161.41893000,11072621.45321320,0
1770455700000,68753.40000000,68763.28000000,68457.38000000,68464.24000000,634.13702000,1770456599999,43510717.48611590,59112,170.36299000,11689573.48006680,0
1770456600000,68464.24000000,68471.04000000,68001.28000000,68116.99000000,897.35865000,1770457499999,61191525.24134700,92467,259.52666000,17694812.33408870,0
1770457500000,68116.99000000,68168.32000000,67885.86000000,68138.20000000,695.45334000,1770458399999,47317059.80471130,73458,216.10524000,14703537.81795370,0
1770458400000,68138.19000000,68299.30000000,67900.00000000,67960.81000000,538.28997000,1770459299999,36650017.07556220,63119,138.30896000,9419347.86679450,0
1770459300000,67960.80000000,68127.99000000,67850.19000000,67946.20000000,452.78420000,1770460199999,30788994.75952850,52281,142.39429000,9684269.82626620,0
1770460200000,67946.20000000,68073.08000000,67582.48000000,67793.87000000,573.64867000,1770461099999,38895412.72261080,73936,166.05529000,11258525.10562660,0
1770461100000,67793.87000000,68042.00000000,67600.00000000,67987.00000000,461.43385000,1770461999999,31298665.78066410,57396,179.23210000,12157450.55701330,0
1770462000000,67986.99000000,68157.21000000,67899.78000000,67946.06000000,237.70134000,1770462899999,16176837.13700040,47881,111.90702000,7616888.71115070,0
1770462900000,67946.07000000,68095.95000000,67875.91000000,67926.90000000,230.00523000,1770463799999,15635443.68905690,42613,74.05794000,5033707.12672940,0
1770463800000,67926.89000000,68049.68000000,67792.00000000,67823.19000000,289.03949000,1770464699999,19629148.27381890,47511,80.52603000,5467967.40718090,0
1770464700000,67823.20000000,68028.90000000,67700.00000000,67972.65000000,415.83564000,1770465599999,28211761.16762280,63131,181.09138000,12289646.20572650,0
1770465600000,67972.65000000,68962.29000000,67901.89000000,68849.66000000,914.34675000,1770466499999,62659766.98793020,153101,521.43305000,35745420.85763880,0
1770466500000,68849.66000000,69999.99000000,68720.79000000,69328.68000000,1150.50441000,1770467399999,79848041.77984660,205605,611.61106000,42451751.36918420,0
1770467400000,69328.68000000,69987.09000000,69104.41000000,69157.33000000,737.50259000,1770468299999,51294538.84132800,140676,344.36417000,23964707.78867500,0
1770468300000,69157.33000000,69310.57000000,68805.49000000,69024.98000000,570.42657000,1770469199999,39396739.74834380,106433,215.13613000,14858555.77181540,0
1770469200000,69024.98000000,69262.40000000,68901.80000000,68994.00000000,453.91641000,1770470099999,31349577.53651590,87468,180.31260000,12456796.37327100,0
1770470100000,68993.99000000,69280.00000000,68934.80000000,69256.58000000,352.94313000,1770470999999,24402457.92473080,62725,158.50025000,10959502.70303100,0
1770471000000,69256.58000000,69364.50000000,68821.64000000,68902.15000000,389.26841000,1770471899999,26876860.89898080,78003,143.47864000,9907580.41384010,0
1770471900000,68902.16000000,69118.90000000,68872.05000000,69093.98000000,266.37828000,1770472799999,18383531.25125250,46376,103.86944000,7167991.13927350,0
1770472800000,69093.98000000,69187.27000000,68942.74000000,69014.88000000,335.93832000,1770473699999,23195642.61041910,57353,90.11228000,6222008.13824690,0
1770473700000,69014.88000000,69150.55000000,68854.00000000,68952.69000000,419.60247000,1770474599999,28955677.69244980,54975,105.13330000,7255423.48149580,0
1770474600000,68953.24000000,69038.00000000,68452.88000000,68806.71000000,567.10181000,1770475499999,39015014.95472020,90757,210.96128000,14506276.42475210,0
1770475500000,68806.70000000,68847.00000000,68358.75000000,68645.99000000,457.83255000,1770476399999,31407615.06002780,85365,151.96628000,10426596.85987520,0
1770476400000,68646.00000000,69202.75000000,68556.00000000,69114.22000000,656.67538000,1770477299999,45257759.65975230,109467,287.26943000,19798274.81107940,0
1770477300000,69115.50000000,69499.52000000,68971.29000000,69268.53000000,818.84873000,1770478199999,56697302.02352340,113584,389.40187000,26969803.81351480,0
1770478200000,69268.52000000,69762.46000000,69178.97000000,69310.96000000,766.22035000,1770479099999,53239638.76043260,103836,310.86538000,21602522.90804880,0
1770479100000,69310.97000000,69483.24000000,69048.01000000,69151.50000000,433.33439000,1770479999999,29981363.05806630,75331,182.79756000,12645708.51896400,0
1770480000000,69151.50000000,69898.00000000,69001.50000000,69456.43000000,2296.22427000,1770480899999,159416403.96685330,331977,1132.28404000,78625620.38196950,0
1770480900000,69456.42000000,69756.69000000,69270.20000000,69305.50000000,674.83589000,1770481799999,46875944.79925860,122179,314.13830000,21823604.61633000,0
1770481800000,69305.50000000,69484.69000000,69142.00000000,69332.39000000,306.77046000,1770482699999,21262873.55855440,54065,112.03418000,7767015.23195800,0
1770482700000,69332.39000000,69368.00000000,68822.51000000,68957.16000000,489.63121000,1770483599999,33808523.95039040,66764,202.51856000,13981693.98399180,0
1770483600000,68957.16000000,69093.09000000,68648.66000000,68744.85000000,532.30854000,1770484499999,36643872.98491760,78000,152.48397000,10499559.17599940,0
1770484500000,68744.85000000,69131.80000000,68531.50000000,69077.29000000,347.03592000,1770485399999,23887076.72933990,61996,162.25766000,11175081.51215850,0
1770485400000,69077.29000000,69408.00000000,68949.55000000,69303.49000000,247.52546000,1770486299999,17120680.08140300,46815,148.76189000,10289736.05126070,0
1770486300000,69303.49000000,69333.82000000,69058.00000000,69188.81000000,134.08915000,1770487199999,9278216.57357290,25978,72.96372000,5048962.82124140,0
1770487200000,69188.81000000,69279.82000000,69009.09000000,69050.43000000,158.17071000,1770488099999,10935626.32137600,31583,89.39613000,6181261.43085560,0
1770488100000,69050.42000000,69538.33000000,69026.37000000,69353.65000000,251.95073000,1770488999999,17458219.73991070,40084,179.97141000,12469408.51498650,0
1770489000000,69353.66000000,69658.61000000,69266.94000000,69512.77000000,235.81730000,1770489899999,16383500.03135910,41867,165.93928000,11529333.91564430,0
1770489900000,69512.76000000,69690.89000000,69419.34000000,69514.11000000,169.28810000,1770490799999,11772418.36810180,41453,83.54399000,5809902.41393140,0
1770490800000,69514.11000000,69577.43000000,69289.40000000,69352.83000000,164.34893000,1770491699999,11408164.90014280,33761,89.10086000,6183631.08566230,0
1770491700000,69352.00000000,69542.00000000,69342.01000000,69430.38000000,131.64820000,1770492599999,9137785.89555900,22780,84.49148000,5863742.71238510,0
1770492600000,69430.39000000,69488.68000000,69284.61000000,69348.08000000,96.32963000,1770493499999,6683398.77285060,24880,51.42153000,3567261.87861470,0
1770493500000,69348.07000000,69501.99000000,69266.66000000,69373.61000000,157.34327000,1770494399999,10914481.15139180,27910,90.15005000,6253352.46794260,0
1770494400000,69373.61000000,69420.08000000,69252.72000000,69312.52000000,96.37750000,1770495299999,6682432.97240760,24948,47.22908000,3274759.83457430,0
1770495300000,69312.51000000,69489.84000000,69300.00000000,69443.73000000,132.00668000,1770496199999,9162002.24292770,21734,57.44395000,3986775.58572820,0
1770496200000,69443.72000000,69623.75000000,69380.00000000,69547.10000000,106.04081000,1770497099999,7374402.01324210,21159,57.63821000,4008474.09485820,0
1770497100000,69547.10000000,69728.83000000,69508.00000000,69631.18000000,96.78221000,1770497999999,6738526.00190700,21913,54.82701000,3817505.32679470,0
1770498000000,69631.18000000,69699.16000000,69451.31000000,69522.71000000,90.22043000,1770498899999,6274951.81934390,26512,40.62894000,2825708.87003340,0
1770498900000,69522.70000000,69605.50000000,69423.25000000,69500.01000000,71.60235000,1770499799999,4978365.47977970,18716,40.63423000,2825339.97447690,0
1770499800000,69500.01000000,69648.00000000,69458.93000000,69458.93000000,68.41764000,1770500699999,4760324.99160550,19364,35.26843000,2453949.21129080,0
1770500700000,69458.03000000,69498.00000000,69356.16000000,69497.99000000,92.69209000,1770501599999,6436546.97560200,22956,44.37883000,3081785.71567720,0
1770501600000,69497.99000000,69727.86000000,69461.12000000,69554.53000000,261.96960000,1770502499999,18233839.50763020,25357,202.10028000,14068086.06817370,0
1770502500000,69554.54000000,69574.38000000,69413.43000000,69574.37000000,93.64267000,1770503399999,6507303.67375960,19574,46.39916000,3224389.52700640,0
1770503400000,69574.37000000,69574.37000000,69370.48000000,69400.00000000,51.04734000,1770504299999,3546596.22904870,18618,24.11443000,1675516.33591260,0
1770504300000,69399.99000000,69486.20000000,69325.67000000,69399.34000000,62.99590000,1770505199999,4372925.46067980,18906,31.58673000,2192639.19776620,0
1770505200000,69399.34000000,69431.51000000,68863.13000000,69075.56000000,250.64324000,1770506099999,17316950.99861860,54910,97.58547000,6740162.24141160,0
1770506100000,69075.57000000,69120.00000000,68787.34000000,69040.81000000,165.99889000,1770506999999,11448834.21885250,35596,76.44551000,5273967.92543410,0
1770507000000,69040.82000000,69292.02000000,69040.82000000,69259.35000000,189.25932000,1770507899999,13091131.72841830,27429,129.25128000,8938218.53617380,0
1770507900000,69259.35000000,69462.42000000,69251.12000000,69289.38000000,93.51449000,1770508799999,6483406.52712530,14818,39.21732000,2719514.73267540,0
1770508800000,69289.37000000,69432.00000000,69161.86000000,69357.18000000,143.68649000,1770509699999,9957358.36711810,26966,65.56982000,4547351.53578400,0
1770509700000,69357.17000000,69357.18000000,69012.46000000,69050.00000000,188.43475000,1770510599999,13025290.81227110,47001,86.40296000,5970948.51010000,0
1770510600000,69050.00000000,69158.50000000,68888.00000000,68966.17000000,146.62533000,1770511499999,10121154.89880390,50453,77.52810000,5351997.81135910,0
1770511500000,68966.16000000,69194.58000000,68900.00000000,69133.79000000,203.87581000,1770512399999,14077760.67152570,50800,125.77973000,8685004.77634830,0
1770512400000,69133.80000000,69400.00000000,69100.43000000,69380.01000000,107.70180000,1770513299999,7458704.53020670,47721,55.56735000,3848005.82569270,0
1770513300000,69380.00000000,69380.00000000,69118.80000000,69151.49000000,138.23176000,1770514199999,9571729.33621610,42889,76.13734000,5271941.20893250,0
1770514200000,69151.50000000,69375.54000000,69095.17000000,69330.94000000,90.08442000,1770515099999,6240122.39732690,33718,53.54536000,3708978.01525700,0
1770515100000,69330.94000000,69500.00000000,69266.60000000,69379.57000000,97.36929000,1770515999999,6755436.09433600,39812,45.08658000,3128167.16774060,0
1770516000000,69379.57000000,69500.00000000,69242.45000000,69410.39000000,137.79385000,1770516899999,9555566.13206430,35273,65.78146000,4561550.05708310,0
1770516900000,69410.40000000,69696.57000000,69366.00000000,69436.99000000,113.00409000,1770517799999,7859176.30020390,46130,56.36448000,3920648.46650510,0
1770517800000,69436.99000000,69534.77000000,69259.91000000,69330.29000000,118.29969000,1770518699999,8206181.64313700,43405,54.06222000,3750372.48158410,0
1770518700000,69330.29000000,69390.80000000,69167.42000000,69370.70000000,83.61944000,1770519599999,5793372.78113820,33090,31.51746000,2183984.91237850,0
1770519600000,69370.69000000,69443.90000000,69196.29000000,69246.41000000,190.84484000,1770520499999,13220141.46447700,53949,72.80972000,5043691.50672320,0
1770520500000,69246.40000000,69387.12000000,69218.80000000,69341.45000000,99.10103000,1770521399999,6869409.06157780,30118,53.96497000,3740829.23195660,0
1770521400000,69341.44000000,69420.82000000,69231.75000000,69257.60000000,81.26975000,1770522299999,5634580.45130120,31156,32.31618000,2240576.29990540,0
1770522300000,69257.60000000,69300.00000000,69069.65000000,69099.99000000,86.46695000,1770523199999,5980701.81917170,24209,31.14791000,2154502.03557220,0
1770523200000,69100.00000000,69214.89000000,69050.01000000,69065.74000000,69.83171000,1770524099999,4829015.37046550,23367,34.13265000,2360084.59798180,0
1770524100000,69065.74000000,69327.03000000,68952.01000000,69234.59000000,217.19411000,1770524999999,15030724.24788330,39814,88.57915000,6130879.07447430,0
1770525000000,69234.59000000,69290.25000000,69125.05000000,69236.00000000,59.18580000,1770525899999,4097670.49857220,21820,29.54943000,2045633.44687390,0
1770525900000,69235.99000000,69372.06000000,69190.22000000,69340.16000000,44.20272000,1770526799999,3062829.12484850,18998,24.78885000,1717794.98051110,0
1770526800000,69340.15000000,69400.08000000,69238.00000000,69381.57000000,102.91768000,1770527699999,7133103.21601420,25197,61.93719000,4292879.73615800,0
1770527700000,69381.57000000,69422.43000000,69222.42000000,69276.44000000,95.31225000,1770528599999,6603880.79783640,28831,28.48844000,1974111.07005840,0
1770528600000,69276.44000000,69276.44000000,69146.47000000,69191.08000000,98.72942000,1770529499999,6832997.33503310,25399,42.49884000,2941561.76383250,0
1770529500000,69191.07000000,69249.13000000,69168.30000000,69220.52000000,89.05128000,1770530399999,6161899.86909440,14497,45.62067000,3156635.25298020,0
1770530400000,69220.53000000,69434.35000000,69090.00000000,69344.71000000,500.25651000,1770531299999,34660939.16388930,34456,413.07177000,28624878.36654900,0
1770531300000,69344.71000000,69518.56000000,69229.54000000,69372.08000000,507.37518000,1770532199999,35201520.87923540,55237,364.86818000,25317367.72993000,0
1770532200000,69372.07000000,69372.07000000,69257.76000000,69326.03000000,52.55410000,1770533099999,3642659.09450150,26096,26.06470000,1806516.71557580,0
1770533100000,69326.04000000,69429.49000000,69289.00000000,69361.18000000,60.83169000,1770533999999,4218309.96787170,21988,35.68006000,2474273.00869490,0
1770534000000,69361.18000000,69501.27000000,69215.69000000,69389.48000000,452.67277000,1770534899999,31402939.02922780,44415,300.14655000,20821423.51136600,0
1770534900000,69389.49000000,69527.05000000,69327.16000000,69473.66000000,299.59288000,1770535799999,20804763.51794290,42404,222.97208000,15483960.48887780,0
1770535800000,69473.66000000,69613.66000000,69422.54000000,69512.13000000,112.55153000,1770536699999,7825931.07972010,31567,74.67111000,5192014.36323440,0
1770536700000,69512.13000000,69719.07000000,69512.13000000,69710.69000000,115.91186000,1770537599999,8069371.31797570,25948,78.05408000,5434200.22191310,0
1770537600000,69710.69000000,69892.50000000,69574.97000000,69622.00000000,193.09805000,1770538499999,13466808.39439980,43168,109.05732000,7606107.79914360,0
1770538500000,69621.99000000,70398.11000000,69514.15000000,70212.08000000,720.16892000,1770539399999,50401437.27742320,96852,532.33981000,37253498.62482930,0
1770539400000,70212.07000000,70796.99000000,70077.72000000,70366.14000000,652.98376000,1770540299999,46024029.15154250,139525,389.01500000,27419493.94376210,0
1770540300000,70366.13000000,70720.36000000,70294.11000000,70665.59000000,309.32817000,1770541199999,21817858.50396170,75433,154.44700000,10892490.01797940,0
1770541200000,70665.59000000,70712.71000000,70342.40000000,70403.39000000,262.80444000,1770542099999,18534321.11387970,67684,134.23217000,9467717.57292580,0
1770542100000,70403.39000000,70515.99000000,70306.05000000,70453.59000000,194.19971000,1770542999999,13676219.35652090,47543,125.00865000,8805052.38684280,0
1770543000000,70453.59000000,70598.19000000,70129.42000000,70131.27000000,260.90969000,1770543899999,18337250.71366290,69679,113.37651000,7971963.79575260,0
1770543900000,70131.27000000,70295.46000000,70094.71000000,70107.19000000,310.98117000,1770544799999,21826060.07660290,68567,108.48194000,7614375.64901700,0
1770544800000,70107.20000000,70449.99000000,70107.20000000,70325.64000000,219.85262000,1770545699999,15456812.58302550,59338,112.95839000,7941505.32656240,0
1770545700000,70325.65000000,70416.48000000,69890.52000000,70046.13000000,443.36680000,1770546599999,31082718.58078900,85913,226.43902000,15875458.39511760,0
1770546600000,70046.48000000,70329.38000000,70017.66000000,70234.67000000,196.17485000,1770547499999,13764216.86944440,50986,94.82996000,6655137.01225000,0
1770547500000,70234.67000000,70413.57000000,70208.28000000,70266.41000000,203.12273000,1770548399999,14280145.80077740,43281,72.86505000,5122766.70515570,0
1770548400000,70266.41000000,70643.32000000,70210.26000000,70634.25000000,282.93253000,1770549299999,19928109.05448820,60273,123.87057000,8726778.06656140,0
1770549300000,70634.24000000,70935.00000000,70545.27000000,70704.00000000,329.46462000,1770550199999,23298519.32823360,73712,199.59279000,14115151.33522870,0
1770550200000,70704.01000000,71055.94000000,70669.42000000,70899.92000000,418.93029000,1770551099999,29699580.68517320,86832,279.39559000,19808737.77108020,0
1770551100000,70899.91000000,71220.00000000,70827.94000000,70999.98000000,310.99684000,1770551999999,22092767.32421330,70631,182.44758000,12960316.82658710,0
1770552000000,70999.99000000,71050.00000000,70838.46000000,70873.94000000,151.11541000,1770552899999,10718989.99187490,51084,74.94347000,5315848.61132310,0
1770552900000,70873.95000000,70968.59000000,70760.44000000,70959.88000000,145.94231000,1770553799999,10340945.53288740,42925,83.77336000,5936168.98638970,0
1770553800000,70959.87000000,71041.99000000,70710.57000000,70756.72000000,146.98621000,1770554699999,10416121.02789130,51778,71.93508000,5098678.21952620,0
1770554700000,70756.72000000,71281.74000000,70707.39000000,71249.95000000,347.09433000,1770555599999,24667006.55883110,67254,214.55180000,15247044.11003790,0
1770555600000,71249.65000000,71300.00000000,70956.00000000,71116.00000000,286.61537000,1770556499999,20382021.50252720,59541,122.91189000,8741297.44932380,0
1770556500000,71116.00000000,71499.99000000,71096.00000000,71454.66000000,235.92885000,1770557399999,16836548.15145710,67580,146.81381000,10477450.77322300,0
1770557400000,71454.93000000,71490.00000000,71199.72000000,71222.01000000,209.58346000,1770558299999,14946318.80100060,54081,124.91995000,8907817.83134240,0
1770558300000,71222.01000000,71517.27000000,71222.00000000,71514.77000000,348.77855000,1770559199999,24911980.36642500,50513,257.82482000,18417817.61607980,0
1770559200000,71514.77000000,71554.95000000,71281.39000000,71386.35000000,350.00883000,1770560099999,24995635.64652870,66774,198.41472000,14168234.24851960,0
1770560100000,71386.35000000,71453.87000000,71161.74000000,71242.85000000,223.52784000,1770560999999,15933455.15762880,57220,109.93035000,7837776.88435460,0
1770561000000,71242.85000000,71351.97000000,71105.00000000,71142.66000000,170.83939000,1770561899999,12167601.85594190,46276,77.65041000,5530848.45973390,0
1770561900000,71142.65000000,71265.81000000,71125.40000000,71262.19000000,128.05270000,1770562799999,9117475.41592340,39114,64.34980000,4581363.81772630,0
1770562800000,71262.18000000,71454.91000000,71214.21000000,71359.35000000,175.95944000,1770563699999,12556797.39356740,57013,93.04095000,6639196.77512750,0
1770563700000,71359.35000000,71465.93000000,70786.18000000,70906.30000000,361.90413000,1770564599999,25727663.12820290,85500,154.63592000,10995114.74410100,0
1770564600000,70906.30000000,71276.64000000,70870.00000000,71138.01000000,232.57983000,1770565499999,16537156.89865030,72673,144.20094000,10253153.77684840,0
1770565500000,71138.01000000,71189.00000000,70953.84000000,71188.99000000,144.30095000,1770566399999,10254036.47778600,46917,76.97468000,5469939.37079250,0
1770566400000,71188.99000000,71256.97000000,70990.92000000,70990.92000000,139.55688000,1770567299999,9923132.97564670,42006,64.41129000,4579782.23844530,0
1770567300000,70990.93000000,71219.61000000,70990.93000000,71150.74000000,171.05892000,1770568199999,12171994.94482390,41284,64.53438000,4591608.93382100,0
1770568200000,71150.74000000,71151.90000000,70736.38000000,70784.36000000,318.44802000,1770569099999,22596867.52735350,61665,93.90745000,6663500.01735520,0
1770569100000,70784.36000000,70838.90000000,70251.33000000,70416.00000000,465.42734000,1770569999999,32812667.68713650,118584,165.09079000,11635591.99930520,0
1770570000000,70415.99000000,70734.75000000,70407.42000000,70584.95000000,144.87118000,1770570899999,10232367.89022310,54342,81.87480000,5783534.46515470,0
1770570900000,70584.94000000,70866.00000000,70466.40000000,70560.33000000,138.94412000,1770571799999,9822841.27370850,57649,78.20430000,5529475.61541180,0
1770571800000,70560.33000000,70827.98000000,70560.33000000,70813.00000000,109.48163000,1770572699999,7742854.69252080,40611,56.75467000,4013517.18844520,0
1770572700000,70813.00000000,70871.66000000,70640.18000000,70785.99000000,122.10003000,1770573599999,8642112.34890840,36329,75.27172000,5327937.61550800,0
1770573600000,70786.00000000,71000.00000000,70750.00000000,70905.49000000,136.16366000,1770574499999,9654946.05070810,46075,88.82372000,6298615.15799040,0
1770574500000,70905.48000000,71070.00000000,70817.31000000,70984.41000000,98.02635000,1770575399999,6953401.99032550,40991,52.19595000,3703050.35717420,0
1770575400000,70984.41000000,71418.00000000,70984.09000000,71307.98000000,243.58602000,1770576299999,17352150.00863090,75970,159.12442000,11335155.71792330,0
1770576300000,71307.98000000,71415.96000000,71142.77000000,71147.25000000,165.86579000,1770577199999,11823497.82857660,46683,77.57809000,5529670.57169510,0
1770577200000,71147.24000000,71341.59000000,71142.77000000,71294.63000000,82.91882000,1770578099999,5909909.82778970,37936,52.49377000,3741699.01658560,0
1770578100000,71294.63000000,71376.92000000,71178.53000000,71201.49000000,78.29974000,1770578999999,5580677.14082790,28645,28.08626000,2001803.73665910,0
1770579000000,71201.49000000,71338.82000000,71149.74000000,71304.68000000,83.80168000,1770579899999,5970998.25293070,26402,46.10196000,3285091.80409530,0
1770579900000,71304.69000000,71538.05000000,71230.20000000,71422.97000000,221.62338000,1770580799999,15830582.61861580,43990,168.37592000,12027052.01296450,0
1770580800000,71422.96000000,71427.73000000,70914.93000000,71081.85000000,390.81190000,1770581699999,27770892.91667580,56403,89.20203000,6341106.26960960,0
1770581700000,71081.84000000,71185.00000000,70935.53000000,71025.69000000,166.65720000,1770582599999,11846622.00706400,41881,76.57914000,5443331.80110660,0
1770582600000,71025.70000000,71175.98000000,70994.28000000,71088.91000000,73.93836000,1770583499999,5257174.65356750,21830,35.85869000,2549700.42678030,0
1770583500000,71088.92000000,71138.71000000,70700.03000000,70835.17000000,171.73451000,1770584399999,12170954.82554110,42043,60.39926000,4279845.41870680,0
1770584400000,70835.17000000,71060.60000000,70728.55000000,71012.15000000,101.07700000,1770585299999,7167277.19080600,31529,46.91115000,3326546.29298880,0
1770585300000,71012.14000000,71136.03000000,70948.70000000,70972.39000000,124.47848000,1770586199999,8844172.76931170,28206,70.63684000,5019564.10216040,0
1770586200000,70972.39000000,71010.23000000,70645.17000000,70766.79000000,126.82248000,1770587099999,8975916.36211890,34036,56.77206000,4017700.52191020,0
1770587100000,70766.79000000,70882.04000000,70524.14000000,70700.00000000,269.32296000,1770587999999,19033100.30125010,36180,66.97595000,4734813.09292910,0
1770588000000,70700.01000000,70850.00000000,70692.44000000,70835.63000000,146.88739000,1770588899999,10395686.88602190,25010,83.23922000,5890939.45588820,0
1770588900000,70835.63000000,70974.01000000,70786.98000000,70851.43000000,145.15669000,1770589799999,10288789.18646700,24709,84.57122000,5994295.38731530,0
1770589800000,70851.43000000,70979.58000000,70652.11000000,70911.63000000,99.95468000,1770590699999,7078118.64326230,28063,52.70181000,3733304.73403500,0
1770590700000,70911.62000000,71100.04000000,70834.77000000,71066.09000000,176.07781000,1770591599999,12497029.79563800,29869,112.98559000,8019670.76445250,0
1770591600000,71066.09000000,72271.41000000,71038.03000000,71366.00000000,1340.59241000,1770592499999,96217045.98901680,163707,733.29434000,52607090.64201430,0
1770592500000,71366.00000000,71500.00000000,70335.58000000,70514.00000000,537.50542000,1770593399999,38074085.60949400,120547,217.70545000,15424198.41079920,0
1770593400000,70514.00000000,70520.54000000,70000.00000000,70469.73000000,635.88065000,1770594299999,44665225.89290090,128828,296.88777000,20860575.98528480,0
1770594300000,70469.73000000,70828.42000000,70252.00000000,70330.38000000,320.34661000,1770595199999,22598812.57272970,86062,168.26768000,11872030.45212570,0
1770595200000,70330.38000000,70648.20000000,70260.70000000,70609.99000000,308.23984000,1770596099999,21724193.41151260,108627,163.48469000,11523626.63898400,0
1770596100000,70609.99000000,70774.40000000,70362.86000000,70479.39000000,249.17050000,1770596999999,17589080.30302280,83632,128.91104000,9099351.00391730,0
1770597000000,70479.40000000,70616.44000000,70138.07000000,70278.68000000,218.63107000,1770597899999,15385214.78409200,68484,102.60211000,7223174.47247010,0
1770597900000,70278.67000000,70540.81000000,70123.02000000,70502.38000000,185.73395000,1770598799999,13070055.75421540,70083,92.04419000,6478205.39784290,0
1770598800000,70502.37000000,70662.63000000,70300.01000000,70413.99000000,169.85111000,1770599699999,11962643.04223500,74690,83.22442000,5861515.26817800,0
1770599700000,70414.00000000,70926.40000000,70288.13000000,70715.97000000,230.36134000,1770600599999,16288020.32322610,91755,123.59291000,8741820.00717470,0
1770600600000,70715.97000000,70794.67000000,70068.18000000,70250.01000000,319.20696000,1770601499999,22501522.46671040,89347,166.85991000,11775663.80677580,0
1770601500000,70250.00000000,70502.64000000,70077.90000000,70369.53000000,341.40661000,1770602399999,23989612.86049990,86444,181.18794000,12734331.89974710,0
1770602400000,70369.53000000,70507.95000000,70220.12000000,70342.54000000,170.72142000,1770603299999,12010963.98113590,77765,72.89065000,5128257.25550340,0
1770603300000,70342.49000000,70495.93000000,70281.16000000,70460.00000000,138.63050000,1770604199999,9761706.31601250,57566,65.45587000,4609649.14116200,0
1770604200000,70460.01000000,71000.00000000,70443.93000000,70875.06000000,308.65958000,1770605099999,21826541.45575910,83536,181.85285000,12854723.12033100,0
1770605100000,70875.06000000,70906.12000000,70598.11000000,70629.99000000,214.81845000,1770605999999,15192121.20548580,68387,95.91898000,6782895.41756880,0
1770606000000,70629.99000000,70859.14000000,70614.07000000,70761.16000000,172.96916000,1770606899999,12235992.44143340,56838,88.08277000,6230053.96430190,0
1770606900000,70761.16000000,70954.70000000,70709.43000000,70821.40000000,263.87845000,1770607799999,18691943.81382690,50858,152.38698000,10794346.63608480,0
1770607800000,70821.40000000,71363.27000000,70821.40000000,71134.96000000,393.21041000,1770608699999,27945927.82954790,81136,250.01605000,17769899.35626860,0
1770608700000,71134.96000000,71453.53000000,71040.24000000,71307.56000000,335.82506000,1770609599999,23920139.06876210,72209,188.79606000,13447544.85001120,0
1770609600000,71307.56000000,71359.37000000,71024.00000000,71035.55000000,265.85489000,1770610499999,18922908.08362190,50750,97.00955000,6903786.48935910,0
1770610500000,71035.55000000,71282.25000000,71030.00000000,71251.26000000,138.00508000,1770611399999,9824392.52244070,39295,66.60878000,4741741.21371200,0
1770611400000,71251.26000000,71251.26000000,70924.13000000,71038.61000000,140.74658000,1770612299999,10000751.22443830,34930,53.38160000,3792240.28380950,0
1770612300000,71038.60000000,71129.00000000,70957.29000000,71005.01000000,118.51611000,1770613199999,8418213.63800940,34668,57.62302000,4092954.94832910,0
1770613200000,71005.01000000,71005.01000000,70805.00000000,70823.50000000,177.57066000,1770614099999,12587060.43910080,37940,71.73876000,5085472.26916590,0
1770614100000,70823.51000000,71046.54000000,70805.00000000,71024.00000000,112.72545000,1770614999999,7995246.63458310,42162,61.80541000,4384097.21047630,0
1770615000000,71024.00000000,71112.00000000,70909.73000000,70975.24000000,118.61482000,1770615899999,8424459.43055260,46645,56.12752000,3985994.04687560,0
1770615900000,70975.25000000,71060.00000000,70849.56000000,71044.51000000,145.46689000,1770616799999,10320897.18803080,33460,64.06818000,4546944.46516720,0
1770616800000,71044.51000000,71044.52000000,70750.30000000,70895.87000000,148.07897000,1770617699999,10492205.30798470,59707,63.59416000,4506161.06735490,0
1770617700000,70895.87000000,70895.87000000,70311.70000000,70420.35000000,286.70619000,1770618599999,20220336.78496630,72186,114.78968000,8094298.79625490,0
1770618600000,70420.35000000,70590.00000000,70379.43000000,70550.84000000,127.39168000,1770619499999,8980990.32999110,45096,68.73730000,4845891.08767190,0
1770619500000,70550.83000000,70719.49000000,70514.15000000,70667.95000000,135.12636000,1770620399999,9541278.44046700,39860,62.24830000,4395839.26537830,0
1770620400000,70667.96000000,70830.38000000,70462.15000000,70796.84000000,160.31690000,1770621299999,11325159.10688200,48663,93.18547000,6583298.46459380,0
1770621300000,70796.83000000,70902.51000000,70646.89000000,70722.16000000,178.51847000,1770622199999,12631550.54168740,48131,89.66464000,6345048.42167160,0
1770622200000,70722.16000000,70743.91000000,70363.79000000,70432.07000000,342.90611000,1770623099999,24188755.86704230,69625,96.38131000,6799678.04946690,0
1770623100000,70432.07000000,70527.31000000,70331.57000000,70422.59000000,334.06024000,1770623999999,23534949.06288490,48873,119.42899000,8414217.25954350,0
1770624000000,70422.59000000,70608.83000000,70329.68000000,70532.47000000,230.14317000,1770624899999,16217152.88009220,58335,111.54467000,7860364.11024900,0
1770624900000,70532.48000000,70550.58000000,70054.12000000,70087.20000000,308.31168000,1770625799999,21659805.12267110,69510,124.98960000,8781036.66849870,0
1770625800000,70087.20000000,70106.00000000,69393.97000000,69807.99000000,867.11786000,1770626699999,60422209.07480760,144236,407.72212000,28389942.62240900,0
1770626700000,69807.99000000,70017.00000000,69740.00000000,69873.99000000,189.58280000,1770627599999,13248301.07472530,70981,98.65376000,6894394.42914480,0
1770627600000,69873.45000000,70116.00000000,69865.56000000,69866.85000000,247.15714000,1770628499999,17299725.30169590,60707,127.70663000,8939548.34524410,0
1770628500000,69866.85000000,69966.67000000,69718.41000000,69895.38000000,256.89434000,1770629399999,17942908.50496460,57686,108.33708000,7566392.91995450,0
1770629400000,69895.38000000,69976.66000000,69564.80000000,69691.70000000,252.41791000,1770630299999,17599854.81950730,65665,98.10877000,6840868.61184630,0
1770630300000,69691.71000000,69809.97000000,69478.63000000,69630.35000000,355.79480000,1770631199999,24783970.04620470,75813,201.51693000,14040864.75000860,0
1770631200000,69630.35000000,69730.38000000,69364.00000000,69540.01000000,393.26202000,1770632099999,27359299.69470590,82578,234.11561000,16286878.83752280,0
1770632100000,69540.00000000,69557.63000000,68982.76000000,69038.84000000,507.38825000,1770632999999,35095509.02762930,121298,194.94484000,13485995.34640690,0
1770633000000,69038.84000000,69040.70000000,68420.58000000,68622.43000000,743.68746000,1770633899999,51076858.27972060,156446,250.60711000,17213277.30316440,0
1770633900000,68622.43000000,68850.00000000,68439.00000000,68727.88000000,408.35802000,1770634799999,28034312.92800350,91300,209.28187000,14369310.53150510,0
1770634800000,68727.88000000,68980.76000000,68602.00000000,68614.44000000,384.03754000,1770635699999,26435471.40230360,84701,170.63119000,11747191.27946880,0
1770635700000,68614.44000000,68952.15000000,68573.31000000,68866.09000000,233.26159000,1770636599999,16044044.16244860,64839,116.13154000,7988575.80405770,0
1770636600000,68866.10000000,69022.89000000,68770.75000000,68914.94000000,212.13124000,1770637499999,14617968.28546450,59947,107.79252000,7428866.35480570,0
1770637500000,68914.94000000,68986.97000000,68668.79000000,68928.72000000,519.35184000,1770638399999,35731407.99125790,59338,230.42596000,15849352.86986780,0
1770638400000,68928.71000000,69262.91000000,68857.97000000,69182.59000000,332.16909000,1770639299999,22948664.00835690,87515,181.41433000,12534394.23354040,0
1770639300000,69182.59000000,69182.59000000,68982.90000000,69042.50000000,242.25990000,1770640199999,16733859.37149760,52312,109.12942000,7536861.13348680,0
1770640200000,69042.51000000,69236.65000000,68939.39000000,69151.50000000,237.70265000,1770641099999,16423313.34788210,52346,153.66685000,10618681.49593730,0
1770641100000,69151.50000000,69192.00000000,69006.02000000,69147.01000000,197.31723000,1770641999999,13632759.70669180,37624,122.92746000,8493309.38611220,0
1770642000000,69147.02000000,69299.99000000,68946.06000000,69250.60000000,262.69646000,1770642899999,18158846.67808510,63014,155.47443000,10748368.80929190,0
1770642900000,69250.60000000,69289.06000000,69006.48000000,69270.00000000,161.01006000,1770643799999,11136771.65518230,48954,83.96649000,5808334.21418600,0
1770643800000,69271.36000000,69271.36000000,69046.50000000,69074.59000000,192.20110000,1770644699999,13285614.14149090,52855,91.97422000,6357203.39502450,0
1770644700000,69074.58000000,69157.13000000,68586.48000000,68594.57000000,413.95074000,1770645599999,28490675.90650540,82438,106.70974000,7346067.39615330,0
1770645600000,68594.56000000,68831.56000000,68308.00000000,68608.87000000,464.74318000,1770646499999,31856889.78179040,116830,186.11189000,12758694.63165810,0
1770646500000,68608.86000000,69050.68000000,68400.92000000,68994.70000000,560.65154000,1770647399999,38529510.76121990,128108,357.67121000,24583620.49258360,0
1770647400000,68994.71000000,69755.59000000,68500.00000000,69176.47000000,956.97994000,1770648299999,66138007.31273670,268540,505.67512000,34940097.28855200,0
1770648300000,69176.48000000,69450.00000000,68959.31000000,69272.00000000,533.87383000,1770649199999,36966388.42854950,183587,264.66149000,18325006.26109010,0
1770649200000,69271.99000000,69884.82000000,69271.00000000,69483.18000000,868.37722000,1770650099999,60499584.96732350,129844,457.33871000,31854868.98340820,0
1770650100000,69483.18000000,69670.09000000,68780.00000000,68921.04000000,626.68973000,1770650999999,43306785.13526380,96801,294.00488000,20316644.42000470,0
1770651000000,68921.05000000,69653.23000000,68850.00000000,69542.29000000,490.18312000,1770651899999,33974278.98060300,122290,256.60508000,17785386.03288780,0
1770651900000,69542.29000000,69629.43000000,69172.41000000,69563.37000000,322.98209000,1770652799999,22429789.43016330,79271,170.88214000,11868339.73918780,0
1770652800000,69563.37000000,69720.00000000,69100.00000000,69205.01000000,330.44649000,1770653699999,22918614.73950850,78446,152.38453000,10570849.63979090,0
1770653700000,69205.01000000,69628.00000000,69160.04000000,69604.00000000,221.45319000,1770654599999,15365764.41780770,62827,116.88034000,8109496.71205380,0
1770654600000,69603.84000000,70029.80000000,69332.04000000,69942.02000000,411.11935000,1770655499999,28647698.44627400,86645,231.40246000,16130410.84102440,0
1770655500000,69942.01000000,70428.48000000,69935.33000000,70093.01000000,771.75509000,1770656399999,54147558.90855420,115142,360.18445000,25272388.83339380,0
1770656400000,70093.00000000,70342.50000000,69870.65000000,69926.39000000,316.90770000,1770657299999,22223964.93157330,73318,145.01116000,10171461.46411430,0
1770657300000,69926.40000000,70215.68000000,69880.01000000,70049.31000000,311.47358000,1770658199999,21813959.02703230,53031,144.38215000,10112734.30194320,0
1770658200000,70049.32000000,71000.00000000,69985.38000000,70853.59000000,999.08918000,1770659099999,70509715.17517150,114185,590.89281000,41703259.16830350,0
1770659100000,70853.60000000,70938.14000000,70588.47000000,70612.29000000,578.96122000,1770659999999,40956427.97060060,80690,232.68277000,16463249.66527670,0
1770660000000,70612.29000000,71012.00000000,70483.64000000,70540.86000000,529.60051000,1770660899999,37443170.11579210,88831,247.05327000,17474398.76034720,0
1770660900000,70540.86000000,70590.00000000,70088.88000000,70284.03000000,436.29922000,1770661799999,30681758.84347250,88426,194.94050000,13708429.22284970,0
1770661800000,70284.03000000,70503.86000000,70142.84000000,70437.75000000,258.42568000,1770662699999,18181924.10004890,69045,127.37388000,8962262.26487290,0
1770662700000,70437.74000000,70546.80000000,70259.39000000,70418.68000000,195.30779000,1770663599999,13744504.11792020,48483,88.13493000,6201988.58031720,0
1770663600000,70418.67000000,70530.46000000,70260.00000000,70484.79000000,160.12683000,1770664499999,11279150.24288320,48881,80.08539000,5640966.24803370,0
1770664500000,70484.79000000,70700.00000000,70454.82000000,70676.47000000,211.49839000,1770665399999,14926460.66938570,52679,110.98593000,7832212.87540680,0
1770665400000,70676.47000000,70961.90000000,70635.51000000,70928.68000000,190.13658000,1770666299999,13467696.66470420,56034,98.14270000,6951154.11351530,0
1770666300000,70928.68000000,71075.31000000,70786.82000000,70957.01000000,316.60268000,1770667199999,22465463.82851500,60046,165.82570000,11768326.48247280,0
1770667200000,70957.01000000,71126.00000000,70709.21000000,70987.99000000,284.94565000,1770668099999,20213213.55496660,57581,135.58823000,9622782.39585440,0
1770668100000,70987.99000000,70999.99000000,70500.37000000,70550.15000000,255.20287000,1770668999999,18024817.46139340,54207,76.90931000,5432833.56828920,0
1770669000000,70550.15000000,70834.25000000,70500.00000000,70832.00000000,220.86821000,1770669899999,15605618.80614650,44209,62.71936000,4431968.47905950,0
1770669900000,70832.00000000,70871.59000000,70694.00000000,70738.71000000,187.91941000,1770670799999,13301291.62818760,45379,63.20879000,4473684.99685250,0
1770670800000,70738.71000000,70807.75000000,70391.40000000,70412.02000000,179.03726000,1770671699999,12627017.68399050,37113,59.54410000,4200839.04079750,0
1770671700000,70412.03000000,70502.71000000,70292.32000000,70318.51000000,232.10762000,1770672599999,16337182.63969910,31448,53.18757000,3743829.69790410,0
1770672600000,70318.51000000,70363.48000000,69888.01000000,70011.42000000,354.50119000,1770673499999,24840336.56076720,50676,105.34392000,7381385.60478200,0
1770673500000,70011.43000000,70500.00000000,69823.52000000,70400.00000000,337.18594000,1770674399999,23669118.26996270,48315,158.55694000,11130674.73218080,0
1770674400000,70400.01000000,70719.70000000,70271.13000000,70645.28000000,228.15498000,1770675299999,16073046.83126170,35255,113.37021000,7989755.92791750,0
1770675300000,70645.27000000,70645.27000000,70369.35000000,70442.52000000,143.68098000,1770676199999,10129144.36700250,23480,62.32287000,4392820.11183290,0
1770676200000,70442.52000000,70555.00000000,70388.48000000,70513.55000000,88.85186000,1770677099999,6260186.89290640,22480,38.50629000,2712912.32424680,0
1770677100000,70513.56000000,70602.45000000,70340.90000000,70372.96000000,70.26199000,1770677999999,4947940.81498810,23990,23.01374000,1620468.68142350,0
1770678000000,70372.96000000,70572.84000000,70322.42000000,70442.67000000,96.93740000,1770678899999,6829711.76187850,31093,37.93610000,2672157.17083610,0
1770678900000,70442.68000000,70500.00000000,70265.40000000,70287.55000000,117.93770000,1770679799999,8299711.16811000,25282,42.42330000,2986135.70717140,0
1770679800000,70287.56000000,70441.02000000,70260.26000000,70391.49000000,78.22193000,1770680699999,5502988.24169080,18877,34.73663000,2443901.34979160,0
1770680700000,70391.50000000,70394.68000000,70083.45000000,70138.00000000,113.10460000,1770681599999,7939008.66907620,19618,36.48078000,2560417.44790580,0
1770681600000,70138.00000000,70255.36000000,69978.10000000,70184.80000000,139.14554000,1770682499999,9750860.04367880,33498,60.23071000,4221562.63094220,0
1770682500000,70184.79000000,70200.00000000,69881.57000000,69987.99000000,162.45592000,1770683399999,11366500.56559190,30490,73.80149000,5163156.64318230,0
1770683400000,69987.99000000,70112.00000000,69759.00000000,69784.23000000,164.83122000,1770684299999,11521483.42494030,36677,54.00069000,3775233.37111850,0
1770684300000,69784.22000000,69910.52000000,69743.80000000,69827.33000000,102.70410000,1770685199999,7171506.47982960,35416,48.82851000,3409489.55452090,0
1770685200000,69827.34000000,70151.49000000,69827.34000000,70115.99000000,130.67954000,1770686099999,9150919.54996670,42880,65.81352000,4608306.46649750,0
1770686100000,70115.99000000,70463.34000000,70061.77000000,70366.01000000,178.77075000,1770686999999,12552306.84508860,42360,102.78557000,7219864.26616410,0
1770687000000,70366.00000000,70527.59000000,70247.94000000,70465.60000000,96.61309000,1770687899999,6800027.71864130,41631,53.67491000,3778183.72637580,0
1770687900000,70465.61000000,70489.82000000,70277.16000000,70486.82000000,138.62335000,1770688799999,9759537.23488600,35519,81.36999000,5729146.69881610,0
1770688800000,70486.82000000,70486.82000000,70283.62000000,70355.14000000,110.05398000,1770689699999,7743545.35264270,34348,41.33683000,2908253.14869750,0
1770689700000,70355.15000000,70452.83000000,70246.18000000,70248.51000000,96.75265000,1770690599999,6807973.17392880,29582,62.66863000,4410494.60448650,0
1770690600000,70248.52000000,70299.44000000,70050.00000000,70051.69000000,119.49602000,1770691499999,8384924.67107050,34891,41.58145000,2918036.52638560,0
1770691500000,70051.68000000,70191.63000000,69982.27000000,70102.89000000,117.70442000,1770692399999,8252904.77641520,31050,54.39118000,3814270.39254580,0
1770692400000,70102.90000000,70166.22000000,69760.00000000,69844.00000000,147.89966000,1770693299999,10336573.48664450,47533,58.56867000,4092404.15095040,0
1770693300000,69844.01000000,69907.93000000,69487.17000000,69543.94000000,361.12010000,1770694199999,25150498.02236490,66377,111.74245000,7781265.73410650,0
1770694200000,69542.55000000,69542.55000000,69208.61000000,69378.34000000,259.16145000,1770695099999,17973379.76998990,68455,107.05036000,7423565.48837360,0
1770695100000,69378.34000000,69600.00000000,69353.20000000,69511.83000000,143.61594000,1770695999999,9981416.66441380,38344,67.14414000,4666457.84206610,0
1770696000000,69511.83000000,69863.81000000,69469.58000000,69792.98000000,192.37683000,1770696899999,13411410.22707100,39240,116.40997000,8116364.26511510,0
1770696900000,69792.97000000,69823.67000000,69611.94000000,69823.66000000,110.48524000,1770697799999,7702371.17784980,33496,41.99517000,2927993.37074860,0
1770697800000,69823.66000000,69868.74000000,69621.67000000,69696.90000000,84.22206000,1770698699999,5873745.44903290,25369,24.92505000,1738464.46681380,0
1770698700000,69696.89000000,69906.50000000,69658.33000000,69831.62000000,102.34368000,1770699599999,7142688.87288830,22929,40.59248000,2832745.25100380,0
1770699600000,69831.62000000,69864.00000000,69679.76000000,69807.35000000,103.71634000,1770700499999,7233438.53323910,29956,32.98551000,2300193.57943830,0
1770700500000,69807.35000000,69807.35000000,69483.18000000,69526.80000000,127.69120000,1770701399999,8888970.94954520,28463,32.99110000,2296923.10263890,0
1770701400000,69526.80000000,69705.24000000,69291.80000000,69366.68000000,143.39956000,1770702299999,9967312.81996460,41188,45.91191000,3192000.17750680,0
1770702300000,69366.69000000,69476.00000000,69210.76000000,69447.64000000,191.11731000,1770703199999,13250297.17705260,44196,64.76661000,4491000.27698970,0
1770703200000,69447.63000000,69499.90000000,69315.41000000,69340.46000000,140.93471000,1770704099999,9780778.15783340,41368,62.44154000,4333102.61596060,0
1770704100000,69340.45000000,69398.00000000,69082.68000000,69209.14000000,204.69496000,1770704999999,14170633.05303680,51070,72.33504000,5008700.00111400,0
1770705000000,69209.15000000,69297.15000000,69000.00000000,69031.10000000,338.50852000,1770705899999,23394640.68589430,51317,101.85115000,7043062.20197820,0
1770705900000,69031.10000000,69058.00000000,68682.00000000,68921.35000000,556.88223000,1770706799999,38342138.69783360,89239,272.69946000,18772874.45746470,0
1770706800000,68921.36000000,69218.64000000,68852.43000000,69119.69000000,277.72592000,1770707699999,19180246.06942230,49020,142.61334000,9848051.15279950,0
1770707700000,69119.69000000,69151.50000000,68960.00000000,69091.99000000,146.92193000,1770708599999,10147789.65179460,34652,67.01809000,4629591.45788540,0
1770708600000,69091.99000000,69142.47000000,68874.35000000,68958.00000000,168.46701000,1770709499999,11623948.60631550,30712,58.28369000,4021754.59013200,0
1770709500000,68958.01000000,69053.81000000,68897.25000000,68919.66000000,244.00028000,1770710399999,16827531.13087180,33986,116.38635000,8027328.62539760,0
1770710400000,68919.66000000,68996.69000000,68827.58000000,68838.00000000,208.42610000,1770711299999,14366677.23099050,36611,80.29958000,5535355.58970930,0
1770711300000,68838.00000000,69102.90000000,68725.81000000,69034.96000000,197.10098000,1770712199999,13579679.81459260,43423,83.23646000,5738291.92801030,0
1770712200000,69034.96000000,69137.97000000,68842.86000000,69071.19000000,169.83968000,1770713099999,11722085.87105860,41754,68.52462000,4729738.95481690,0
1770713100000,69071.19000000,69226.16000000,69071.19000000,69142.00000000,154.66817000,1770713999999,10694841.62020450,32348,71.50093000,4943953.16977700,0
1770714000000,69141.99000000,69363.34000000,69100.01000000,69263.60000000,273.37800000,1770714899999,18936265.61324020,41831,134.58189000,9322387.66459310,0
1770714900000,69263.59000000,69417.70000000,69235.45000000,69280.54000000,214.39178000,1770715799999,14861561.75246840,32501,92.89331000,6439160.32840500,0
1770715800000,69280.54000000,69290.49000000,69125.51000000,69204.20000000,159.60561000,1770716699999,11043044.78710750,27932,54.02581000,3737813.01747070,0
1770716700000,69204.19000000,69254.90000000,68950.00000000,69151.50000000,397.60641000,1770717599999,27469544.31925410,31078,115.94510000,8009647.02652830,0
1770717600000,69151.50000000,69229.41000000,69092.57000000,69149.92000000,199.30407000,1770718499999,13781214.11403340,25938,80.59775000,5573185.42591000,0
1770718500000,69149.91000000,69258.52000000,69009.57000000,69176.09000000,206.30787000,1770719399999,14260345.47179040,31412,92.34623000,6383935.28905240,0
1770719400000,69176.08000000,69176.08000000,68960.18000000,68997.79000000,127.93991000,1770720299999,8834270.72143710,25444,45.28479000,3126647.48287050,0
1770720300000,68997.79000000,69055.66000000,68921.64000000,68921.68000000,152.75557000,1770721199999,10540644.26992940,26821,85.44527000,5896755.29497330,0
1770721200000,68921.68000000,68997.23000000,68826.01000000,68904.68000000,203.80081000,1770722099999,14039967.47073340,35092,123.73105000,8523337.93384110,0
1770722100000,68904.67000000,69007.97000000,68890.33000000,68931.12000000,218.57204000,1770722999999,15070347.64310860,27884,82.42608000,5683197.23015930,0
1770723000000,68931.12000000,69085.79000000,68531.50000000,68666.41000000,302.39728000,1770723899999,20805664.39608800,41997,105.74798000,7279355.66370560,0
1770723900000,68666.41000000,68800.00000000,68459.89000000,68535.01000000,403.36943000,1770724799999,27672239.12691330,62702,186.98121000,12828675.81717990,0
1770724800000,68535.02000000,68828.92000000,68535.01000000,68636.48000000,248.71881000,1770725699999,17089665.50439560,50168,129.77412000,8916922.21725170,0
1770725700000,68636.48000000,68784.24000000,68541.21000000,68761.34000000,216.66063000,1770726599999,14876099.68890120,37947,63.39120000,4353215.10154740,0
1770726600000,68761.35000000,68855.35000000,68558.96000000,68569.80000000,136.82599000,1770727499999,9399132.47407470,35968,74.69737000,5130964.80729460,0
1770727500000,68569.80000000,68688.60000000,68434.00000000,68610.12000000,219.32575000,1770728399999,15037921.15379350,46649,107.95727000,7402400.59215880,0
1770728400000,68610.11000000,68616.64000000,68370.23000000,68587.96000000,320.64792000,1770729299999,21967591.88782440,57854,172.73441000,11833632.03137530,0
1770729300000,68587.96000000,68808.64000000,68531.44000000,68734.86000000,172.82952000,1770730199999,11871635.76271170,39524,113.76390000,7815073.55361330,0
1770730200000,68734.85000000,69063.00000000,68700.00000000,69029.99000000,281.97286000,1770731099999,19437329.19104290,55957,192.17438000,13247684.45194940,0
1770731100000,69029.99000000,69143.60000000,68898.00000000,69027.95000000,216.99254000,1770731999999,14979120.72565550,41572,135.31790000,9341187.93498580,0
1770732000000,69027.94000000,69210.60000000,68878.82000000,69133.82000000,195.36912000,1770732899999,13488863.73501710,45443,105.62154000,7292943.05019570,0
1770732900000,69133.82000000,69591.20000000,69133.82000000,69225.14000000,591.05415000,1770733799999,41025242.28330410,81155,347.29467000,24107378.79503600,0
1770733800000,69225.15000000,69434.31000000,67800.00000000,68229.65000000,1077.21244000,1770734699999,73679804.73004400,213464,448.48864000,30703462.02998510,0
1770734700000,68234.89000000,68593.18000000,67920.74000000,68460.40000000,489.11529000,1770735599999,33368146.37500830,146555,279.27932000,19054707.71363530,0
1770735600000,68460.40000000,69165.75000000,68300.90000000,68656.00000000,564.95119000,1770736499999,38847132.18068670,128121,302.38615000,20797014.74400840,0
1770736500000,68656.00000000,69332.00000000,68549.23000000,69224.17000000,345.03235000,1770737399999,23807601.10349490,123288,189.32528000,13065176.04693060,0
1770737400000,69224.17000000,69519.72000000,69182.59000000,69286.40000000,420.47427000,1770738299999,29163864.70290480,121984,228.94543000,15881166.35909380,0
1770738300000,69286.39000000,69434.51000000,69112.14000000,69293.37000000,345.93081000,1770739199999,23964198.95840270,101719,160.82827000,11141923.93092960,0
1770739200000,69293.37000000,69720.00000000,68945.23000000,69679.80000000,435.31408000,1770740099999,30136385.71568560,99010,209.64166000,14520399.64044950,0
1770740100000,69679.81000000,69810.35000000,69261.48000000,69425.24000000,483.33032000,1770740999999,33616624.36891370,99563,289.09593000,20113307.35441060,0
1770741000000,69425.24000000,69672.72000000,69271.31000000,69487.98000000,254.73597000,1770741899999,17698964.93880030,83316,111.76732000,7766202.43307590,0
1770741900000,69487.98000000,69608.98000000,69301.00000000,69517.71000000,220.70056000,1770742799999,15329108.30926280,68285,93.93155000,6524279.96108890,0
1770742800000,69517.71000000,69540.05000000,69309.35000000,69393.67000000,162.02704000,1770743699999,11246332.84364780,55847,63.23464000,4389277.22903460,0
1770743700000,69393.68000000,69819.40000000,69350.81000000,69671.23000000,256.35737000,1770744599999,17852326.88932130,72515,138.32223000,9631981.76191340,0
1770744600000,69671.23000000,69993.65000000,69628.66000000,69882.28000000,293.66416000,1770745499999,20511157.78817840,71082,154.43211000,10787037.57687500,0
1770745500000,69882.28000000,69945.99000000,69706.95000000,69925.31000000,187.73573000,1770746399999,13110514.32566150,44793,74.40334000,5196037.81797020,0
1770746400000,69925.31000000,69943.44000000,69563.53000000,69584.70000000,202.23107000,1770747299999,14095677.41698920,50997,91.28695000,6361168.54601430,0
1770747300000,69584.71000000,69593.57000000,68880.00000000,68903.74000000,239.39090000,1770748199999,16575999.33336580,80498,82.78442000,5731412.53760510,0
1770748200000,68903.73000000,69115.61000000,68775.54000000,68993.86000000,214.22712000,1770749099999,14773345.06178080,64761,77.24487000,5327707.23381500,0
1770749100000,68993.86000000,69044.00000000,68604.63000000,68894.36000000,241.88317000,1770749999999,16644153.34091920,57362,83.01046000,5714033.50137360,0
1770750000000,68894.36000000,68989.81000000,68690.32000000,68909.66000000,343.28456000,1770750899999,23634715.56943150,57405,90.02252000,6197878.96436800,0
1770750900000,68909.66000000,68950.00000000,68720.01000000,68932.00000000,137.83200000,1770751799999,9489109.17873310,40149,54.14804000,3727914.81068580,0
1770751800000,68931.99000000,69290.00000000,68889.21000000,69205.05000000,165.08632000,1770752699999,11411646.12171870,42636,77.94696000,5389014.64061020,0
1770752700000,69205.05000000,69303.99000000,69001.64000000,69062.01000000,159.69818000,1770753599999,11037311.87719580,29706,55.06384000,3805429.16879700,0
1770753600000,69062.00000000,69136.91000000,68738.63000000,68760.85000000,83.11870000,1770754499999,5730412.74937580,30704,26.68874000,1839860.09222990,0
1770754500000,68760.86000000,68907.32000000,68712.26000000,68812.75000000,121.35421000,1770755399999,8350962.82426650,24852,53.08514000,3652870.04317570,0
1770755400000,68812.75000000,68956.39000000,68629.47000000,68901.61000000,102.01743000,1770756299999,7020363.38538460,28313,39.90780000,2746357.74716730,0
1770756300000,68901.61000000,68973.80000000,68707.97000000,68753.70000000,119.41593000,1770757199999,8218296.60953790,32935,52.94289000,3643944.25931790,0
1770757200000,68753.69000000,69005.45000000,68730.72000000,68830.97000000,94.89563000,1770758099999,6538978.14146990,25730,34.48594000,2376349.66797970,0
1770758100000,68830.97000000,68927.72000000,68651.90000000,68652.27000000,66.44899000,1770758999999,4572446.20814890,15603,22.00604000,1514173.56401310,0
1770759000000,68652.28000000,68652.28000000,68362.00000000,68462.55000000,167.69644000,1770759899999,11484429.81174190,36488,61.11829000,4184914.35149300,0
1770759900000,68462.55000000,68726.50000000,68462.54000000,68656.21000000,73.84658000,1770760799999,5067358.71488750,19977,40.48956000,2778566.07668050,0
1770760800000,68656.22000000,68795.45000000,68600.00000000,68612.69000000,82.33935000,1770761699999,5655057.53131040,19812,35.67595000,2450537.30103550,0
1770761700000,68612.69000000,68700.00000000,68566.80000000,68686.95000000,72.09085000,1770762599999,4947598.35007070,15872,26.78838000,1838462.24654150,0
1770762600000,68686.94000000,68860.40000000,68651.90000000,68665.71000000,64.78910000,1770763499999,4454247.12740480,18576,30.42072000,2091393.16598670,0
1770763500000,68665.71000000,68763.41000000,68636.01000000,68707.18000000,70.26283000,1770764399999,4826222.47242650,16675,27.68645000,1901374.40406750,0
1770764400000,68707.18000000,68763.33000000,68595.53000000,68717.98000000,55.80544000,1770765299999,3832202.02833350,19326,19.89075000,1365916.09880830,0
1770765300000,68717.95000000,68717.95000000,68506.20000000,68663.25000000,67.91659000,1770766199999,4659884.47610460,19074,26.55430000,1821462.96555200,0
1770766200000,68663.25000000,68793.12000000,68590.00000000,68785.35000000,46.19294000,1770767099999,3173123.64997000,15173,25.72115000,1766878.28332580,0
1770767100000,68785.35000000,68860.09000000,68726.40000000,68841.29000000,52.38830000,1770767999999,3604622.47993490,14235,32.66815000,2247674.79285410,0
1770768000000,68841.28000000,68978.88000000,68784.47000000,68801.85000000,85.40068000,1770768899999,5881211.12562570,31665,47.44438000,3267450.80574880,0
1770768900000,68801.84000000,69242.42000000,68797.58000000,69186.76000000,164.41771000,1770769799999,11356208.97963480,46038,102.15256000,7056197.20433310,0
1770769800000,69186.76000000,69225.63000000,69018.75000000,69068.81000000,65.96456000,1770770699999,4559240.64716130,27011,26.17754000,1809283.63214720,0
1770770700000,69068.80000000,69244.45000000,69036.06000000,69201.14000000,121.85810000,1770771599999,8428398.12395890,30580,80.51917000,5569438.27133020,0
1770771600000,69201.14000000,69292.88000000,69089.12000000,69229.38000000,84.23330000,1770772499999,5827616.27102420,33457,38.31183000,2650939.78409690,0
1770772500000,69229.38000000,69265.73000000,68931.90000000,68959.72000000,70.90710000,1770773399999,4898442.57317740,31799,26.87067000,1856350.48197120,0
1770773400000,68959.54000000,69115.45000000,68914.73000000,69073.80000000,68.30921000,1770774299999,4712869.53187310,32540,41.23759000,2844881.78455590,0
1770774300000,69073.80000000,69118.81000000,68945.27000000,68982.00000000,80.07734000,1770775199999,5527251.96226120,34167,29.44495000,2032211.24065240,0
1770775200000,68982.00000000,69168.52000000,68941.40000000,68941.41000000,80.99006000,1770776099999,5592819.37138600,34457,29.51634000,2038487.41796720,0
1770776100000,68941.41000000,69133.03000000,68941.41000000,69057.20000000,70.05265000,1770776999999,4835961.34563940,30156,27.09458000,1870382.40328470,0
1770777000000,69057.21000000,69129.67000000,68869.82000000,68869.82000000,117.38539000,1770777899999,8098808.78468880,32490,39.64469000,2734861.20253730,0
1770777900000,68869.82000000,68869.82000000,68603.40000000,68677.33000000,129.92536000,1770778799999,8927391.12114270,47570,40.63203000,2791288.45229140,0
1770778800000,68677.34000000,68751.91000000,68521.17000000,68525.94000000,103.34071000,1770779699999,7094230.47314780,43049,43.25120000,2969164.37203650,0
1770779700000,68525.94000000,68559.76000000,68011.11000000,68288.19000000,403.45007000,1770780599999,27529162.40905520,76802,157.80826000,10763659.66958120,0
1770780600000,68288.18000000,68559.64000000,68262.00000000,68427.63000000,127.93351000,1770781499999,8755045.21214020,45123,69.89594000,4783337.34080120,0
1770781500000,68427.63000000,68528.24000000,68175.96000000,68187.99000000,143.98869000,1770782399999,9838774.21811550,31265,85.02071000,5809315.57311290,0
1770782400000,68188.00000000,68325.00000000,68021.69000000,68034.00000000,143.57517000,1770783299999,9791580.80846490,45924,69.49561000,4740428.12950770,0
1770783300000,68034.01000000,68175.56000000,67556.00000000,67576.63000000,534.37079000,1770784199999,36260022.55669340,100335,195.28283000,13248638.25932280,0
1770784200000,67576.63000000,67718.00000000,67368.00000000,67516.13000000,415.69979000,1770785099999,28079669.60317660,108037,145.19838000,9806392.99299360,0
1770785100000,67516.12000000,67695.17000000,67385.88000000,67584.46000000,201.53906000,1770785999999,13615189.65640140,74091,110.47201000,7463095.96163650,0
1770786000000,67584.47000000,67810.00000000,67575.00000000,67717.80000000,176.32739000,1770786899999,11941621.19740470,52258,96.73094000,6551596.84187330,0
1770786900000,67717.80000000,67804.15000000,67546.90000000,67587.43000000,154.21162000,1770787799999,10438692.59238160,44015,61.82570000,4184536.16683460,0
1770787800000,67587.42000000,67600.00000000,67397.86000000,67440.35000000,204.13185000,1770788699999,13775024.79755270,57968,68.52152000,4623899.76835350,0
1770788700000,67440.35000000,67583.47000000,67400.00000000,67404.28000000,209.41446000,1770789599999,14135074.17187490,43042,59.21555000,3997011.47514380,0
1770789600000,67404.28000000,67491.84000000,66819.24000000,66916.36000000,596.31006000,1770790499999,40027127.19745830,109747,208.26061000,13979767.67484820,0
1770790500000,66916.36000000,67171.93000000,66699.15000000,67120.96000000,482.54080000,1770791399999,32313177.15127870,101815,247.26792000,16567210.70644940,0
1770791400000,67120.97000000,67171.93000000,66850.70000000,66856.01000000,226.09664000,1770792299999,15152791.58687280,53163,96.37350000,6459301.18554580,0
1770792300000,66856.01000000,66907.13000000,66557.99000000,66820.32000000,536.84925000,1770793199999,35825062.02786050,82421,232.31899000,15502730.48618630,0
1770793200000,66819.84000000,66977.11000000,66652.27000000,66748.13000000,302.57184000,1770794099999,20220120.51643960,69818,185.83624000,12421430.65349670,0
1770794100000,66748.14000000,67019.66000000,66672.33000000,67005.98000000,330.47507000,1770794999999,22098319.93129970,57462,257.70064000,17232787.07545800,0
1770795000000,67005.99000000,67215.23000000,66953.61000000,67168.14000000,345.91730000,1770795899999,23212469.18418190,61253,254.71232000,17091292.99213510,0
1770795900000,67168.14000000,67254.60000000,67024.56000000,67032.72000000,314.99498000,1770796799999,21151241.20131380,31293,193.78466000,13014248.83483040,0
1770796800000,67032.71000000,67134.42000000,66846.12000000,66908.09000000,239.25290000,1770797699999,16029213.96885130,53836,105.71631000,7085164.72443260,0
1770797700000,66908.08000000,67076.70000000,66808.55000000,66926.17000000,286.98240000,1770798599999,19215798.10453430,63077,97.01537000,6496414.05174020,0
1770798600000,66926.16000000,67053.07000000,66793.93000000,67032.60000000,198.84858000,1770799499999,13308049.27965850,54360,75.22121000,5032993.78988170,0
1770799500000,67032.60000000,67036.48000000,66911.13000000,66981.07000000,146.70095000,1770800399999,9827263.95025720,36360,32.26136000,2161060.45982030,0
1770800400000,66981.08000000,67110.04000000,66825.03000000,66923.72000000,237.12145000,1770801299999,15876206.35288640,54262,88.54593000,5929305.47030420,0
1770801300000,66923.71000000,66978.44000000,66800.01000000,66978.43000000,171.38615000,1770802199999,11462151.66296910,42686,71.14872000,4758259.66510550,0
1770802200000,66978.43000000,67001.13000000,66800.00000000,66849.58000000,148.73783000,1770803099999,9951941.97212020,41170,61.57057000,4119976.33923250,0
1770803100000,66849.58000000,66872.03000000,66716.02000000,66872.03000000,155.72497000,1770803999999,10403279.97332300,40810,78.40276000,5238092.32954420,0
1770804000000,66872.03000000,66876.00000000,66648.63000000,66748.76000000,290.98143000,1770804899999,19416519.28796790,58964,121.20138000,8088472.53834050,0
1770804900000,66748.76000000,66891.64000000,66671.81000000,66865.55000000,118.22178000,1770805799999,7892392.27108090,36772,59.07759000,3943848.13226230,0
1770805800000,66865.56000000,66880.62000000,66565.08000000,66732.73000000,174.99139000,1770806699999,11671071.68332730,54714,86.08919000,5741602.81660970,0
1770806700000,66732.74000000,66780.33000000,66369.49000000,66531.99000000,733.83447000,1770807599999,48820612.57101810,98437,174.76888000,11626797.63015770,0
1770807600000,66531.99000000,66721.48000000,66500.84000000,66666.67000000,152.54888000,1770808499999,10166919.63709290,57486,80.38888000,5357343.80982050,0
1770808500000,66666.66000000,67110.77000000,66640.00000000,66993.06000000,253.18692000,1770809399999,16955410.36349490,65801,161.10370000,10789387.66988110,0
1770809400000,66993.06000000,67043.75000000,66879.62000000,66926.90000000,356.33194000,1770810299999,23856180.31025690,43263,254.82356000,17060639.72705400,0
1770810300000,66926.90000000,67091.15000000,66926.89000000,67053.03000000,249.23527000,1770811199999,16700848.65850430,33271,164.32119000,11009740.87928900,0
1770811200000,67053.03000000,67299.18000000,66959.67000000,67094.16000000,471.19479000,1770812099999,31633874.48961470,58076,323.09568000,21696609.10704640,0
1770812100000,67094.16000000,67424.24000000,67084.75000000,67220.85000000,404.92345000,1770812999999,27234395.85178690,63957,241.00321000,16206276.88549240,0
1770813000000,67220.85000000,67307.00000000,67018.15000000,67082.74000000,241.84083000,1770813899999,16246392.27219190,60356,106.27604000,7139735.47293730,0
1770813900000,67082.74000000,67187.31000000,67020.26000000,67133.50000000,133.24704000,1770814799999,8940110.06832910,40157,68.45345000,4592638.01091270,0
1770814800000,67133.51000000,67213.29000000,66840.36000000,66925.14000000,181.84944000,1770815699999,12186405.64601560,56919,62.31317000,4178085.06238770,0
1770815700000,66925.15000000,67038.67000000,66799.58000000,67018.77000000,175.71320000,1770816599999,11754568.37429720,51493,85.22165000,5702572.96552670,0
1770816600000,67022.57000000,67674.30000000,66882.13000000,67222.51000000,1250.51071000,1770817499999,84208572.14514410,154343,803.26566000,54098783.24052770,0
1770817500000,67222.50000000,67565.87000000,66914.00000000,67454.49000000,365.83893000,1770818399999,24602196.14530030,96868,199.08387000,13384758.58419230,0
1770818400000,67454.49000000,68834.34000000,67441.55000000,68458.52000000,964.80078000,1770819299999,65762540.47490540,199719,564.98561000,38505565.19449740,0
1770819300000,68458.53000000,68582.42000000,67932.00000000,68000.00000000,645.83398000,1770820199999,44033434.88733320,148254,237.42715000,16191349.59853960,0
1770820200000,68000.00000000,68245.60000000,66945.81000000,67236.43000000,722.45970000,1770821099999,48743941.40795700,244365,343.09785000,23155037.46320170,0
1770821100000,67236.42000000,67426.94000000,66435.62000000,66584.60000000,794.04613000,1770821999999,53092722.40067660,217975,337.70791000,22594016.99958840,0
1770822000000,66584.61000000,66799.58000000,65756.00000000,66113.25000000,1296.06878000,1770822899999,85738629.42874410,251183,664.63705000,43966958.85967060,0
1770822900000,66113.25000000,66551.92000000,65900.00000000,66191.99000000,664.29365000,1770823799999,43969936.64526760,235284,314.04729000,20786470.44421320,0
1770823800000,66191.99000000,66817.69000000,66112.54000000,66759.82000000,451.87410000,1770824699999,30031698.59730030,166019,216.84983000,14416103.10124530,0
1770824700000,66759.83000000,66818.18000000,66062.00000000,66519.73000000,384.08863000,1770825599999,25508435.47284930,148324,194.69572000,12930794.50455610,0
1770825600000,66519.72000000,67250.00000000,66415.09000000,67150.26000000,551.10188000,1770826499999,36820418.04761020,146414,305.59354000,20412162.84934430,0
1770826500000,67150.26000000,67186.60000000,66573.35000000,66602.71000000,369.35915000,1770827399999,24697427.25733010,119350,161.41195000,10791609.05522290,0
1770827400000,66602.70000000,66732.61000000,66118.40000000,66127.50000000,398.31287000,1770828299999,26448855.72156890,116497,172.37726000,11454420.54235870,0
1770828300000,66127.50000000,66317.91000000,65952.00000000,66039.09000000,427.68466000,1770829199999,28275540.74450280,87204,223.60796000,14782850.63389000,0
1770829200000,66039.08000000,66349.04000000,65876.00000000,66263.59000000,297.14521000,1770830099999,19646956.72652980,93094,129.82885000,8584388.16230680,0
1770830100000,66263.59000000,66740.00000000,66263.59000000,66655.40000000,311.99127000,1770830999999,20753404.13646160,85149,143.98691000,9574614.62209300,0
1770831000000,66655.41000000,66921.12000000,66544.01000000,66607.22000000,291.64333000,1770831899999,19463702.20461920,83043,136.23485000,9092535.88275170,0
1770831900000,66607.22000000,66780.00000000,66443.21000000,66518.26000000,209.43104000,1770832799999,13949413.45586300,60689,97.32458000,6482536.95276100,0
1770832800000,66518.26000000,66558.65000000,66150.66000000,66466.00000000,199.38102000,1770833699999,13230040.45815840,73103,102.62714000,6810208.67911340,0
1770833700000,66466.00000000,67083.90000000,66456.00000000,66917.96000000,272.96003000,1770834599999,18237010.78005070,91405,155.01571000,10355902.44738750,0
1770834600000,66917.96000000,67200.00000000,66796.11000000,67032.43000000,193.33966000,1770835499999,12953128.42825320,68572,101.61663000,6809408.00561810,0
1770835500000,67032.43000000,67305.28000000,67003.30000000,67275.34000000,269.57444000,1770836399999,18109716.11302720,74032,182.82585000,12281694.55291560,0
1770836400000,67275.34000000,67761.35000000,67105.79000000,67643.00000000,488.40468000,1770837299999,32954391.18255420,103544,333.20218000,22487257.14852670,0
1770837300000,67643.00000000,67763.34000000,67419.17000000,67436.32000000,243.91575000,1770838199999,16486447.37621290,72920,95.24860000,6439865.39713520,0
1770838200000,67436.32000000,67860.44000000,67304.28000000,67795.22000000,195.47921000,1770839099999,13216962.00723770,64527,131.94097000,8921542.28373930,0
1770839100000,67795.21000000,67830.82000000,67530.00000000,67586.67000000,285.14730000,1770839999999,19289090.94572100,84787,140.70942000,9519764.54759730,0
1770840000000,67586.66000000,67730.45000000,67431.81000000,67654.34000000,178.36977000,1770840899999,12050453.70539140,70031,106.11011000,7167102.03885740,0
1770840900000,67654.33000000,67757.70000000,67213.29000000,67213.30000000,131.52510000,1770841799999,8877845.64538740,52776,60.37473000,4076486.11657030,0
1770841800000,67213.29000000,67438.00000000,67190.00000000,67312.30000000,89.52326000,1770842699999,6026456.79801170,44060,57.15865000,3847561.74012860,0
1770842700000,67312.30000000,67651.95000000,67296.90000000,67555.98000000,114.85247000,1770843599999,7756797.47914190,49262,60.32047000,4073067.48191260,0
1770843600000,67555.98000000,67763.36000000,67417.04000000,67689.50000000,103.84467000,1770844499999,7019100.00200780,44352,54.15561000,3660706.26392280,0
1770844500000,67689.51000000,68278.77000000,67582.43000000,68202.84000000,1152.40356000,1770845399999,78356502.42979330,88077,660.68298000,44932815.25383840,0
1770845400000,68202.85000000,68369.77000000,67927.16000000,67998.02000000,446.02964000,1770846299999,30408357.63857000,68035,284.48044000,19401455.11544520,0
1770846300000,67998.03000000,68021.12000000,67804.01000000,67811.17000000,121.26065000,1770847199999,8234979.51030030,43556,58.80076000,3993479.68777220,0
1770847200000,67810.20000000,67872.68000000,67592.67000000,67667.93000000,133.03161000,1770848099999,9012045.28407950,41948,52.97395000,3588802.21392940,0
1770848100000,67667.93000000,67781.50000000,67387.24000000,67569.57000000,151.79651000,1770848999999,10258705.88546820,43911,67.39991000,4555075.62101790,0
1770849000000,67569.58000000,67696.86000000,67401.67000000,67647.55000000,151.91478000,1770849899999,10262406.72165530,41890,89.33561000,6035546.98642990,0
1770849900000,67647.56000000,67713.90000000,67408.91000000,67433.14000000,104.89433000,1770850799999,7084382.08800330,35589,53.19721000,3592953.67160740,0
1770850800000,67433.54000000,67563.77000000,67239.35000000,67330.55000000,134.27252000,1770851699999,9044411.56358970,47756,63.25915000,4261287.44032510,0
1770851700000,67330.55000000,67399.94000000,66901.45000000,67016.62000000,310.43753000,1770852599999,20820202.24064460,54585,105.17082000,7052672.94640560,0
1770852600000,67016.62000000,67131.12000000,66787.70000000,67083.68000000,146.36072000,1770853499999,9802492.94896120,45078,65.83687000,4409865.86473230,0
1770853500000,67083.69000000,67110.93000000,66880.90000000,67082.52000000,86.92544000,1770854399999,5823971.33166390,31969,40.86270000,2737633.69475540,0
1770854400000,67082.52000000,67381.67000000,67055.53000000,67365.56000000,185.47189000,1770855299999,12468260.18868130,52574,117.09220000,7871960.47640470,0
1770855300000,67365.56000000,67510.00000000,67316.61000000,67392.13000000,145.97561000,1770856199999,9837332.98149480,48011,58.81409000,3963153.17646810,0
1770856200000,67392.14000000,67700.00000000,67392.14000000,67584.00000000,123.03507000,1770857099999,8310059.15306910,59689,59.83226000,4041837.91068610,0
1770857100000,67584.00000000,67680.00000000,67460.74000000,67460.75000000,127.27783000,1770857999999,8596321.81656490,43293,33.79908000,2283082.97798630,0
1770858000000,67460.75000000,67700.00000000,67460.75000000,67699.99000000,102.80786000,1770858899999,6945235.79100880,49588,44.36559000,2997136.92688520,0
1770858900000,67699.99000000,67876.29000000,67564.53000000,67809.42000000,166.65255000,1770859799999,11287435.87349230,66184,81.18489000,5497919.32783820,0
1770859800000,67809.42000000,68047.48000000,67763.50000000,67859.75000000,169.79711000,1770860699999,11530993.54466260,56583,97.15425000,6597452.70354230,0
1770860700000,67859.75000000,67882.98000000,67608.72000000,67699.01000000,110.00314000,1770861599999,7447733.93199400,48188,46.65879000,3158760.81461100,0
1770861600000,67699.01000000,67800.00000000,67493.50000000,67498.17000000,161.59337000,1770862499999,10932850.93727200,49501,89.61273000,6064843.53681850,0
1770862500000,67498.17000000,67578.00000000,67418.00000000,67532.40000000,117.26062000,1770863399999,7916052.02983530,43354,56.29582000,3800510.19328120,0
1770863400000,67532.41000000,67756.81000000,67482.10000000,67740.49000000,161.41614000,1770864299999,10921705.80006840,46312,79.90542000,5405976.72355890,0
1770864300000,67740.49000000,67753.79000000,67420.72000000,67439.14000000,113.89806000,1770865199999,7700004.16137200,41449,47.09097000,3184198.23467280,0
1770865200000,67439.14000000,67559.81000000,67359.84000000,67491.57000000,113.63914000,1770866099999,7668524.61997520,48024,50.81922000,3429207.76940400,0
1770866100000,67491.58000000,67524.60000000,67306.61000000,67382.85000000,113.59727000,1770866999999,7656488.72563030,43966,38.62129000,2603401.71691160,0
1770867000000,67382.84000000,67539.28000000,67332.05000000,67496.49000000,84.06974000,1770867899999,5668964.68619260,38660,34.64463000,2336285.90903670,0
1770867900000,67496.50000000,67596.00000000,67442.28000000,67580.99000000,104.47499000,1770868799999,7054904.77199200,34700,30.02843000,2027543.84384730,0
1770868800000,67581.00000000,67682.69000000,67491.28000000,67577.41000000,138.39527000,1770869699999,9352631.76290330,49696,47.63456000,3218899.62494760,0
1770869700000,67577.41000000,67591.70000000,67200.00000000,67212.01000000,173.97465000,1770870599999,11722996.33526120,58570,80.61280000,5430267.02188540,0
1770870600000,67212.00000000,67297.00000000,67062.00000000,67235.48000000,168.81570000,1770871499999,11344413.94755950,51992,79.64913000,5352669.02261370,0
1770871500000,67235.47000000,67280.29000000,67000.00000000,67018.40000000,107.19328000,1770872399999,7196405.92890160,39219,40.14059000,2694739.90961890,0
1770872400000,67018.40000000,67209.99000000,66766.66000000,66805.97000000,213.60699000,1770873299999,14315813.47637260,64165,81.84677000,5486471.71958590,0
1770873300000,66805.98000000,66986.00000000,66670.45000000,66877.01000000,166.70247000,1770874199999,11137281.42389160,66417,87.66292000,5857310.87333220,0
1770874200000,66877.00000000,67132.32000000,66862.01000000,67086.86000000,175.18351000,1770875099999,11744149.65914870,54837,101.54617000,6808351.18556120,0
1770875100000,67086.86000000,67157.25000000,67000.00000000,67141.93000000,128.43079000,1770875999999,8614796.67523920,42427,74.89918000,5024295.73654260,0
1770876000000,67141.92000000,67249.99000000,67014.00000000,67118.00000000,130.53422000,1770876899999,8761012.72889200,53802,76.81824000,5156151.54045720,0
1770876900000,67118.00000000,67355.93000000,67082.69000000,67290.90000000,248.30108000,1770877799999,16698345.44684780,58485,189.82206000,12767210.12110930,0
1770877800000,67290.90000000,67350.00000000,67151.11000000,67237.31000000,225.70533000,1770878699999,15181349.68611040,56030,150.58154000,10128681.60537910,0
1770878700000,67237.32000000,67303.64000000,67085.29000000,67125.57000000,226.20887000,1770879599999,15205492.66584750,35331,161.34240000,10847794.62189430,0
1770879600000,67125.57000000,67156.79000000,66935.64000000,66992.17000000,146.75924000,1770880499999,9834644.28259570,49097,74.68930000,5004820.67038510,0
1770880500000,66992.17000000,67330.00000000,66955.90000000,67228.20000000,174.03091000,1770881399999,11691091.82384500,56692,124.87359000,8389266.18447750,0
1770881400000,67228.21000000,67254.48000000,67130.00000000,67130.01000000,144.51971000,1770882299999,9710830.63664760,47699,76.99944000,5173807.82152880,0
1770882300000,67130.01000000,67240.46000000,67090.00000000,67217.72000000,142.23985000,1770883199999,9552087.75488410,38984,64.94736000,4361610.07046900,0
1770883200000,67217.71000000,67344.00000000,67068.52000000,67248.48000000,436.61700000,1770884099999,29348134.42279880,58439,132.06503000,8879130.42341360,0
1770884100000,67248.41000000,67248.41000000,66891.60000000,66932.00000000,154.07178000,1770884999999,10332541.93419300,52684,59.71821000,4004671.30139660,0
1770885000000,66931.99000000,67071.23000000,66910.39000000,66973.75000000,107.44403000,1770885899999,7198618.78921780,54191,49.56772000,3321008.21463310,0
1770885900000,66973.75000000,67152.84000000,66973.65000000,67141.15000000,84.89357000,1770886799999,5692031.18590200,28324,45.44272000,3047087.41766450,0
1770886800000,67141.15000000,67228.00000000,67050.00000000,67187.84000000,97.30037000,1770887699999,6531671.09557540,39397,48.12686000,3230809.38427400,0
1770887700000,67187.83000000,67325.57000000,67166.00000000,67296.77000000,118.33590000,1770888599999,7959413.45907880,37687,57.63779000,3876466.40021160,0
1770888600000,67296.77000000,67471.52000000,67248.09000000,67422.01000000,182.22379000,1770889499999,12279886.25562820,42481,76.43139000,5150096.21883520,0
1770889500000,67422.01000000,67699.10000000,67348.81000000,67550.47000000,246.16350000,1770890399999,16628571.63763530,50849,154.16674000,10417530.20273910,0
1770890400000,67550.46000000,67632.27000000,67469.00000000,67570.54000000,169.60773000,1770891299999,11457776.86979670,44400,99.98656000,6755093.24419080,0
1770891300000,67570.54000000,67612.02000000,67404.02000000,67609.81000000,97.17858000,1770892199999,6559142.69558050,34315,39.62547000,2675185.25238290,0
1770892200000,67609.81000000,67850.00000000,67609.80000000,67665.99000000,234.95852000,1770893099999,15914615.79198820,57322,132.16139000,8951590.74662200,0
1770893100000,67665.98000000,68026.60000000,67655.07000000,68014.01000000,341.66206000,1770893999999,23189963.33877390,63029,263.19816000,17865117.30105240,0
1770894000000,68014.00000000,68117.19000000,67740.00000000,67906.74000000,455.79654000,1770894899999,30970991.47904090,87413,247.78878000,16844256.65551340,0
1770894900000,67906.75000000,68258.09000000,67836.83000000,68208.64000000,373.85098000,1770895799999,25447663.80155970,79787,236.64472000,16108173.45059740,0
1770895800000,68208.64000000,68299.00000000,68033.91000000,68084.79000000,370.57212000,1770896699999,25249939.08185070,70801,216.57887000,14758100.78680210,0
1770896700000,68084.79000000,68177.07000000,68009.56000000,68076.01000000,197.37983000,1770897599999,13440778.67868610,58807,107.80584000,7341326.75863820,0
1770897600000,68076.01000000,68162.02000000,67882.48000000,68022.23000000,224.72618000,1770898499999,15276379.07416430,67676,114.55254000,7786749.21092790,0
1770898500000,68022.24000000,68049.70000000,67853.34000000,67985.12000000,227.78868000,1770899399999,15475907.63043990,56992,115.55645000,7851779.89356070,0
1770899400000,67985.12000000,68002.47000000,67850.00000000,67872.87000000,163.84741000,1770900299999,11127353.82140000,54999,76.47760000,5193654.19467140,0
1770900300000,67872.88000000,67946.00000000,67720.00000000,67865.31000000,212.89596000,1770901199999,14444300.06562300,71184,104.03857000,7059209.51368030,0
1770901200000,67865.32000000,67885.36000000,67680.82000000,67844.30000000,259.36259000,1770902099999,17589293.90136300,60856,164.88610000,11183490.02283480,0
1770902100000,67844.30000000,68071.42000000,67691.75000000,67769.42000000,288.99005000,1770902999999,19623269.23401320,54375,182.51029000,12396371.00441340,0
1770903000000,67769.41000000,68170.75000000,67729.34000000,68116.83000000,162.17467000,1770903899999,11023420.40283970,58491,96.92505000,6589667.21772740,0
1770903900000,68116.82000000,68397.50000000,67981.24000000,68376.58000000,249.80260000,1770904799999,17033210.33563670,70723,146.31973000,9976821.60443550,0
1770904800000,68376.58000000,68410.52000000,67843.95000000,68016.28000000,230.65424000,1770905699999,15695959.88302380,71012,97.47276000,6632139.91801310,0
1770905700000,68016.27000000,68084.48000000,67873.56000000,67994.90000000,144.86434000,1770906599999,9845959.95334200,51682,69.90109000,4750929.91653040,0
1770906600000,67994.89000000,68283.38000000,67601.38000000,67625.01000000,475.08633000,1770907499999,32287057.61537840,183789,233.24066000,15852386.08985030,0
1770907500000,67625.01000000,67993.58000000,67493.78000000,67577.02000000,581.14672000,1770908399999,39352847.48562820,149568,210.77041000,14277078.57783780,0
1770908400000,67577.02000000,67814.92000000,67014.98000000,67415.99000000,587.76600000,1770909299999,39577376.96217630,176728,273.55010000,18422038.23850740,0
1770909300000,67416.00000000,67956.40000000,67359.59000000,67855.14000000,323.31594000,1770910199999,21888112.17674870,140907,183.25129000,12405033.58593480,0
1770910200000,67855.13000000,68000.00000000,67250.00000000,67400.41000000,350.82346000,1770911099999,23685478.37070600,121499,172.17193000,11624498.47329800,0
1770911100000,67400.42000000,67543.33000000,67065.85000000,67134.74000000,340.99699000,1770911999999,22938522.96122400,119774,178.64512000,12015144.57259450,0
1770912000000,67134.74000000,67232.04000000,66500.00000000,66558.41000000,830.22846000,1770912899999,55470798.70587620,210701,392.76280000,26228630.87356610,0
1770912900000,66558.41000000,66799.58000000,66000.01000000,66065.40000000,848.81005000,1770913799999,56369220.50929290,207882,416.45641000,27667775.96465260,0
1770913800000,66065.41000000,66540.25000000,65948.83000000,66271.97000000,623.03898000,1770914699999,41258814.80799560,205538,343.28281000,22737785.86405660,0
1770914700000,66271.98000000,66371.81000000,65556.00000000,65863.37000000,891.03822000,1770915599999,58703139.50575370,186944,417.23041000,27488065.96391470,0
1770915600000,65863.38000000,65999.11000000,65563.79000000,65740.35000000,635.02340000,1770916499999,41797456.47469770,154242,309.90490000,20400550.47045790,0
1770916500000,65740.35000000,66265.06000000,65613.68000000,66129.25000000,515.32046000,1770917399999,33960173.35501450,131510,272.03817000,17941829.30608900,0
1770917400000,66129.25000000,66200.88000000,65834.97000000,65978.00000000,347.30434000,1770918299999,22920502.79865610,114330,176.18282000,11628662.06517820,0
1770918300000,65978.00000000,66047.99000000,65374.56000000,65413.99000000,602.91203000,1770919199999,39559905.06117500,113490,196.92269000,12925879.67913700,0
1770919200000,65414.00000000,65800.00000000,65374.56000000,65694.08000000,347.62980000,1770920099999,22805282.54999630,108275,213.81722000,14023438.63568800,0
1770920100000,65694.08000000,65718.00000000,65235.00000000,65304.01000000,490.47449000,1770920999999,32076502.71411350,115655,198.49258000,12981671.09219600,0
1770921000000,65304.01000000,65534.50000000,65118.00000000,65432.80000000,514.04667000,1770921899999,33562507.49841500,117080,166.81357000,10896950.26645420,0
1770921900000,65432.80000000,65700.00000000,65412.56000000,65590.95000000,260.01943000,1770922799999,17059360.41884710,83462,151.13928000,9916194.67613880,0
1770922800000,65590.95000000,65750.00000000,65274.40000000,65448.57000000,299.61211000,1770923699999,19641135.58681700,86514,144.38131000,9469967.84613080,0
1770923700000,65448.56000000,65965.37000000,65408.84000000,65780.00000000,244.62289000,1770924599999,16070217.24132390,82046,138.96577000,9129326.48834710,0
1770924600000,65780.00000000,66102.97000000,65758.00000000,65979.20000000,185.02747000,1770925499999,12201439.84281210,70345,109.46126000,7217963.95698550,0
1770925500000,65979.21000000,66117.51000000,65781.70000000,65788.36000000,298.37402000,1770926399999,19678536.50543310,59481,153.51099000,10127056.12827370,0
1770926400000,65788.36000000,66042.24000000,65606.06000000,65704.14000000,220.40578000,1770927299999,14500057.23402080,66722,87.33465000,5746400.55630830,0
1770927300000,65704.14000000,65806.91000000,65486.00000000,65505.70000000,152.57663000,1770928199999,10012035.30455390,57420,67.30846000,4417958.89133550,0
1770928200000,65505.70000000,65685.31000000,65395.46000000,65546.68000000,218.68823000,1770929099999,14334497.63585080,75770,108.34781000,7101947.76043330,0
1770929100000,65546.68000000,65586.15000000,65215.06000000,65428.56000000,302.49519000,1770929999999,19778841.06893980,84290,131.90072000,8625107.88718650,0
1770930000000,65428.24000000,65672.65000000,65428.24000000,65669.89000000,133.98228000,1770930899999,8786302.56736950,50155,74.22501000,4867336.89930990,0
1770930900000,65669.88000000,65806.94000000,65484.23000000,65603.49000000,224.69261000,1770931799999,14741825.15476430,44365,115.57996000,7586026.32150400,0
1770931800000,65603.50000000,65848.31000000,65576.05000000,65817.22000000,145.36733000,1770932699999,9553479.10768200,37713,73.90102000,4857479.60680620,0
1770932700000,65817.22000000,65900.00000000,65731.05000000,65849.87000000,86.22201000,1770933599999,5675300.61271360,33649,42.35083000,2787683.45487070,0
1770933600000,65849.86000000,65881.21000000,65748.80000000,65816.45000000,175.70766000,1770934499999,11564019.90748450,30586,118.39927000,7792300.16373620,0
1770934500000,65816.46000000,65959.82000000,65643.34000000,65959.81000000,111.94506000,1770935399999,7366472.97176590,30784,70.41900000,4635325.46980490,0
1770935400000,65959.81000000,66200.00000000,65887.06000000,66199.99000000,150.78296000,1770936299999,9955475.07373640,35739,85.99345000,5677777.73437680,0
1770936300000,66199.99000000,66399.94000000,66186.75000000,66288.00000000,204.38565000,1770937199999,13550042.23292340,45068,105.87364000,7018830.08590590,0
1770937200000,66288.01000000,66477.35000000,66200.00000000,66313.25000000,254.03566000,1770938099999,16852942.69031280,61362,135.02358000,8957756.86619890,0
1770938100000,66313.25000000,66488.90000000,66263.89000000,66404.21000000,144.73329000,1770938999999,9605773.23737300,39797,76.29263000,5063456.63984000,0
1770939000000,66404.21000000,66484.32000000,66204.12000000,66247.44000000,163.56872000,1770939899999,10847873.00217210,40890,78.49226000,5205716.84003300,0
1770939900000,66246.00000000,66311.70000000,66156.47000000,66272.17000000,344.80023000,1770940799999,22829810.31705750,32775,61.71818000,4087741.85292010,0
1770940800000,66272.17000000,66527.09000000,66163.05000000,66374.88000000,232.42875000,1770941699999,15435087.14906590,56778,119.96926000,7969504.90994180,0
1770941700000,66374.88000000,66382.01000000,66008.39000000,66026.92000000,230.47008000,1770942599999,15243618.31745550,51980,83.78098000,5540918.82259520,0
1770942600000,66026.93000000,66144.26000000,65900.00000000,65952.16000000,171.85064000,1770943499999,11347471.52488570,53551,81.03888000,5351286.07931910,0
1770943500000,65952.16000000,66069.01000000,65872.46000000,65918.60000000,130.64049000,1770944399999,8618615.24052900,53052,65.47715000,4319755.21223400,0
1770944400000,65918.61000000,66270.60000000,65918.61000000,66251.12000000,162.95151000,1770945299999,10776026.21852230,76515,100.60851000,6652246.34850390,0
1770945300000,66251.12000000,66296.64000000,66086.41000000,66225.43000000,170.24117000,1770946199999,11269988.56140510,63469,82.76748000,5478677.69985680,0
1770946200000,66225.43000000,66511.39000000,66225.43000000,66420.00000000,235.18365000,1770947099999,15610063.89082560,63758,151.46153000,10053978.60369360,0
1770947100000,66420.01000000,66619.90000000,66330.00000000,66454.95000000,203.20911000,1770947999999,13510762.53562350,62882,132.12966000,8784668.17353720,0
1770948000000,66454.95000000,66577.15000000,66384.00000000,66565.50000000,103.23091000,1770948899999,6863079.52161170,47223,56.34591000,3745716.94599510,0
1770948900000,66565.49000000,66655.77000000,66388.16000000,66538.05000000,172.06662000,1770949799999,11449168.22269900,49020,82.74860000,5506447.83413480,0
1770949800000,66538.06000000,66636.73000000,66465.55000000,66592.23000000,90.35007000,1770950699999,6012487.13022120,38952,34.86601000,2320339.45624270,0
1770950700000,66592.23000000,66759.61000000,66546.79000000,66663.08000000,110.80581000,1770951599999,7385935.03377500,49551,61.24707000,4082468.30096630,0
1770951600000,66663.08000000,66779.93000000,66503.04000000,66522.24000000,124.93683000,1770952499999,8323427.00173750,43875,54.51726000,3632552.12570800,0
1770952500000,66522.24000000,66679.00000000,66483.40000000,66679.00000000,91.23615000,1770953399999,6074056.57092070,33142,42.10494000,2803395.38104050,0
1770953400000,66678.99000000,66814.00000000,66624.07000000,66643.69000000,106.36410000,1770954299999,7095650.64422230,42347,45.32267000,3023302.78590140,0
1770954300000,66643.69000000,66679.00000000,66462.40000000,66553.08000000,247.42627000,1770955199999,16456346.98601400,43238,159.97822000,10638179.01269340,0
1770955200000,66553.09000000,66600.00000000,66435.98000000,66537.60000000,128.77575000,1770956099999,8565128.04188430,49135,52.62210000,3499416.29943680,0
1770956100000,66537.60000000,66671.62000000,66450.00000000,66450.01000000,158.05547000,1770956999999,10519156.87839510,46942,60.78985000,4046103.25789780,0
1770957000000,66450.01000000,66478.30000000,66349.69000000,66365.87000000,90.00273000,1770957899999,5977186.91006400,30811,39.96555000,2653990.89052770,0
1770957900000,66365.87000000,66447.17000000,66308.48000000,66329.22000000,85.31620000,1770958799999,5662725.39346520,30988,31.88361000,2116144.09020340,0
1770958800000,66329.22000000,66454.88000000,66224.03000000,66246.87000000,120.08044000,1770959699999,7964096.21606650,42307,44.22972000,2933949.65070490,0
1770959700000,66246.88000000,66400.00000000,66232.28000000,66324.94000000,100.57887000,1770960599999,6669811.37736940,36311,44.41128000,2945083.41012360,0
1770960600000,66324.80000000,66476.80000000,66306.17000000,66470.06000000,102.71083000,1770961499999,6820829.44024060,34418,39.96252000,2653598.48793980,0
1770961500000,66470.06000000,66502.27000000,66175.79000000,66175.79000000,160.88036000,1770962399999,10669897.01975300,34721,37.33724000,2478402.04158500,0
1770962400000,66175.79000000,66308.70000000,66163.08000000,66233.33000000,170.37165000,1770963299999,11283886.92170540,33185,94.68189000,6270656.64293410,0
1770963300000,66233.33000000,66300.00000000,66037.99000000,66123.99000000,176.84640000,1770964199999,11694509.97693310,48564,61.02707000,4035661.82265310,0
1770964200000,66123.99000000,66125.71000000,66002.98000000,66086.00000000,139.03222000,1770965099999,9185520.13082540,43144,53.76878000,3552178.54052730,0
1770965100000,66086.00000000,66397.86000000,66050.25000000,66359.28000000,127.71586000,1770965999999,8457382.79837870,35737,72.72429000,4815235.78652480,0
1770966000000,66359.28000000,66568.47000000,66337.11000000,66528.27000000,175.39584000,1770966899999,11655225.85426520,55589,83.77829000,5567178.94606980,0
1770966900000,66528.27000000,66566.00000000,66417.52000000,66514.43000000,170.83752000,1770967799999,11354378.79303250,37609,102.30420000,6799097.25729880,0
1770967800000,66514.42000000,66514.42000000,66127.51000000,66127.51000000,242.76586000,1770968699999,16088592.76088300,44813,93.32590000,6184586.15313630,0
1770968700000,66127.51000000,66322.50000000,66050.21000000,66208.96000000,279.05394000,1770969599999,18467407.97107220,45192,116.79935000,7729688.61541470,0
1770969600000,66208.96000000,66491.84000000,66191.52000000,66260.28000000,130.25922000,1770970499999,8639725.81959280,43049,52.22670000,3464026.35995230,0
1770970500000,66260.29000000,66442.62000000,66210.83000000,66414.04000000,134.77979000,1770971399999,8941172.61560370,45866,69.50084000,4610946.21292070,0
1770971400000,66414.03000000,66539.16000000,66371.41000000,66504.63000000,148.72846000,1770972299999,9885424.00507610,38411,51.88819000,3448771.04941990,0
1770972300000,66504.62000000,66747.38000000,66504.62000000,66699.96000000,189.25909000,1770973199999,12612430.41526190,60668,89.05634000,5934103.53590850,0
1770973200000,66699.96000000,66850.85000000,66612.86000000,66684.60000000,146.39721000,1770974099999,9767908.16796240,55942,66.60824000,4444118.49961100,0
1770974100000,66684.59000000,66836.78000000,66627.99000000,66820.37000000,140.68851000,1770974999999,9388640.70818290,45420,65.50773000,4371959.47465640,0
1770975000000,66820.37000000,66937.79000000,66769.32000000,66858.77000000,148.59754000,1770975899999,9935964.19985970,44786,86.01930000,5751560.31754260,0
1770975900000,66858.77000000,67062.93000000,66858.76000000,66959.71000000,157.25143000,1770976799999,10532165.84627050,48756,101.89698000,6824854.27293030,0
1770976800000,66959.72000000,66965.74000000,66824.80000000,66905.43000000,137.81054000,1770977699999,9216410.67331660,58742,81.61782000,5458081.53454480,0
1770977700000,66905.43000000,67099.97000000,66800.00000000,66911.70000000,150.04182000,1770978599999,10040964.51452560,68854,90.40215000,6050056.02153690,0
1770978600000,66911.70000000,67116.00000000,66840.39000000,67029.95000000,128.48268000,1770979499999,8607084.10799680,68363,84.32539000,5649328.22349080,0
1770979500000,67029.95000000,67095.63000000,66970.73000000,66977.66000000,100.57785000,1770980399999,6741399.32450160,58590,52.04098000,3488194.02540140,0
1770980400000,66977.66000000,67031.03000000,66847.26000000,66889.36000000,82.85725000,1770981299999,5544693.07994200,50319,44.33737000,2966785.83122630,0
1770981300000,66889.35000000,67013.73000000,66867.98000000,66982.60000000,103.71372000,1770982199999,6942966.13446630,45708,60.35548000,4040778.50490450,0
1770982200000,66982.60000000,67025.00000000,66783.38000000,66997.10000000,144.76017000,1770983099999,9686226.85507620,60485,75.44117000,5047931.34546960,0
1770983100000,66997.10000000,67226.66000000,66965.46000000,67171.42000000,157.37951000,1770983999999,10559299.42731490,50655,111.69709000,7494620.38630250,0
1770984000000,67171.41000000,67177.20000000,66941.86000000,66985.84000000,133.18126000,1770984899999,8930834.10415470,57620,59.13205000,3964067.55696150,0
1770984900000,66985.84000000,67124.00000000,66918.38000000,67097.17000000,91.44808000,1770985799999,6129304.05397530,48512,50.65426000,3394746.63189540,0
1770985800000,67097.17000000,67133.99000000,67034.24000000,67094.03000000,81.91847000,1770986699999,5495521.89227190,48516,36.01202000,2415761.20700690,0
1770986700000,67094.03000000,67212.28000000,67006.23000000,67084.00000000,98.81207000,1770987599999,6630284.91147990,51922,52.03384000,3491333.88758220,0
1770987600000,67084.01000000,67187.47000000,66938.00000000,66969.46000000,184.32782000,1770988499999,12359209.87697890,82367,87.64556000,5876897.29553990,0
1770988500000,66969.47000000,67420.00000000,66969.46000000,67337.21000000,381.32817000,1770989399999,25619895.12710130,94699,210.77209000,14165821.18328930,0
1770989400000,67337.21000000,67615.34000000,67207.51000000,67301.39000000,748.41738000,1770990299999,50440363.53961540,166486,375.09519000,25283499.07891110,0
1770990300000,67301.28000000,67420.38000000,67105.48000000,67274.15000000,309.99202000,1770991199999,20852652.26082420,108914,132.72104000,8930412.04962990,0
1770991200000,67274.14000000,67310.61000000,67130.00000000,67164.48000000,136.78741000,1770992099999,9194548.11429370,81890,66.48169000,4468891.24275950,0
1770992100000,67164.48000000,67399.99000000,67164.47000000,67311.84000000,164.36609000,1770992999999,11061129.61131290,57806,95.89148000,6452501.54867560,0
1770993000000,67311.85000000,67600.00000000,66867.47000000,67331.47000000,618.59947000,1770993899999,41640755.29414580,293050,313.63176000,21122273.18610960,0
1770993900000,67331.48000000,68028.45000000,67331.48000000,67733.51000000,804.28547000,1770994799999,54517120.27911460,236187,376.25044000,25504699.53411340,0
1770994800000,67733.51000000,68598.00000000,67692.00000000,68382.00000000,1001.31756000,1770995699999,68250835.00945950,224676,624.18881000,42542342.47887910,0
1770995700000,68382.01000000,68899.93000000,68129.74000000,68895.88000000,593.58000000,1770996599999,40658097.85194890,271075,303.62286000,20803125.97855690,0
1770996600000,68895.88000000,69309.80000000,68718.02000000,68730.01000000,861.54661000,1770997499999,59468922.57443990,252785,466.95987000,32237767.49088270,0
1770997500000,68730.01000000,68800.00000000,68379.90000000,68692.12000000,676.64303000,1770998399999,46412037.71334500,194428,310.45696000,21297353.12153550,0
1770998400000,68692.12000000,69163.97000000,68540.83000000,69052.64000000,587.74205000,1770999299999,40489533.04371810,171598,358.00734000,24663687.68600190,0
1770999300000,69052.64000000,69165.11000000,68831.37000000,69079.39000000,463.05776000,1771000199999,31956068.70602150,125125,248.87676000,17179162.69399980,0
1771000200000,69079.39000000,69482.97000000,68983.29000000,69244.96000000,468.53594000,1771001099999,32453434.26021910,146783,279.63628000,19368024.16681370,0
1771001100000,69244.96000000,69259.70000000,68910.07000000,68954.69000000,256.35123000,1771001999999,17715158.07120920,92988,114.84926000,7937545.64731200,0
1771002000000,68954.69000000,69049.75000000,68636.36000000,68977.68000000,247.01141000,1771002899999,17009376.48487210,99656,118.72443000,8177090.62304510,0
1771002900000,68977.67000000,69150.49000000,68864.87000000,68975.97000000,265.58248000,1771003799999,18327854.72331190,101201,145.44302000,10039438.98787830,0
1771003800000,68975.97000000,69231.10000000,68964.50000000,69126.80000000,184.66064000,1771004699999,12765815.87257870,77855,98.95810000,6842398.17593240,0
1771004700000,69126.81000000,69250.25000000,69018.33000000,69047.99000000,224.04223000,1771005599999,15484914.11763270,85426,134.85518000,9321175.82843880,0
1771005600000,69048.00000000,69220.00000000,68903.27000000,69026.03000000,312.32001000,1771006499999,21574054.81634350,94377,189.44830000,13088056.03174010,0
1771006500000,69026.02000000,69158.79000000,68931.39000000,69069.99000000,176.26610000,1771007399999,12172978.67617920,69125,101.96739000,7041891.39980750,0
1771007400000,69070.00000000,69296.65000000,69016.00000000,69272.01000000,239.31040000,1771008299999,16555333.37583810,74921,170.74678000,11813183.35760700,0
1771008300000,69272.01000000,69411.44000000,69094.00000000,69129.99000000,335.69682000,1771009199999,23245103.70269330,61945,214.98691000,14886364.19224110,0
1771009200000,69129.99000000,69194.73000000,68967.50000000,69165.83000000,200.92493000,1771010099999,13881287.54821210,54591,108.88526000,7522926.70229440,0
1771010100000,69165.83000000,69236.33000000,69005.90000000,69008.00000000,137.13712000,1771010999999,9484906.15340450,41563,67.08456000,4640140.28993160,0
1771011000000,69008.00000000,69126.28000000,68918.79000000,68933.80000000,139.21029000,1771011899999,9608594.95285480,44172,56.54555000,3903249.61939400,0
1771011900000,68933.80000000,69085.62000000,68931.90000000,68938.91000000,82.77306000,1771012799999,5712668.78366030,32847,37.13603000,2563143.48967850,0
1771012800000,68938.91000000,68973.35000000,68805.80000000,68805.80000000,124.11760000,1771013699999,8553867.60591750,42467,63.09227000,4348205.72378410,0
1771013700000,68805.81000000,68917.94000000,68718.20000000,68828.52000000,137.61033000,1771014599999,9469618.73391470,51162,59.93130000,4124931.59593900,0
1771014600000,68828.52000000,68959.99000000,68730.59000000,68846.00000000,143.23076000,1771015499999,9860040.87086600,53414,74.12825000,5103170.84633850,0
1771015500000,68846.00000000,68870.38000000,68683.32000000,68777.12000000,150.36981000,1771016399999,10343350.69657740,51864,75.62338000,5201908.78931490,0
1771016400000,68777.13000000,69034.70000000,68731.75000000,69001.15000000,161.24621000,1771017299999,11112961.24460830,31765,110.94208000,7646342.50952340,0
1771017300000,69001.16000000,69079.40000000,68886.40000000,68903.11000000,115.81343000,1771018199999,7989175.45528950,26422,49.24017000,3397243.66119570,0
1771018200000,68903.11000000,68936.48000000,68806.00000000,68936.48000000,75.52243000,1771019099999,5201113.90551780,21897,32.16748000,2215338.82162620,0
1771019100000,68936.82000000,68939.63000000,68800.40000000,68902.48000000,110.83743000,1771019999999,7633080.29558890,20420,47.86563000,3296455.75842450,0
1771020000000,68902.48000000,68991.61000000,68726.40000000,68737.24000000,153.64688000,1771020899999,10585698.86293530,29921,62.14429000,4282343.86566560,0
1771020900000,68737.25000000,68886.05000000,68737.24000000,68879.60000000,98.52212000,1771021799999,6779967.00076350,19482,34.75529000,2391782.48942960,0
1771021800000,68879.60000000,68903.20000000,68792.97000000,68888.01000000,72.95529000,1771022699999,5023285.21119260,22988,29.27871000,2016038.28013730,0
1771022700000,68888.00000000,69000.00000000,68826.00000000,68995.28000000,218.91627000,1771023599999,15085715.28704670,38413,83.68860000,5766609.05755780,0
1771023600000,68995.29000000,69000.00000000,68841.76000000,68924.24000000,83.04143000,1771024499999,5724243.47635790,24293,37.69979000,2598733.66277100,0
1771024500000,68924.24000000,68991.25000000,68884.10000000,68906.01000000,58.03544000,1771025399999,4000091.55309330,18335,37.07590000,2555394.15581720,0
1771025400000,68906.01000000,68982.29000000,68829.20000000,68850.00000000,47.73694000,1771026299999,3289467.79951090,14301,23.40841000,1612958.48049480,0
1771026300000,68851.26000000,68946.00000000,68829.20000000,68853.96000000,72.37691000,1771027199999,4985751.89886590,15179,29.60871000,2039585.37322960,0
1771027200000,68853.97000000,68899.18000000,68784.33000000,68885.45000000,95.90624000,1771028099999,6602322.45850540,22340,45.07850000,3103271.12817220,0
1771028100000,68885.44000000,68903.20000000,68768.56000000,68903.19000000,65.94302000,1771028999999,4538766.55388580,18830,33.82294000,2327953.73338130,0
1771029000000,68903.19000000,69034.70000000,68886.40000000,69026.69000000,101.33707000,1771029899999,6989148.94770940,24317,70.09510000,4834556.49050660,0
1771029900000,69026.68000000,69137.50000000,68985.09000000,69090.24000000,183.91765000,1771030799999,12702306.56093820,34722,119.56744000,8257591.84059080,0
1771030800000,69090.25000000,69098.00000000,68969.83000000,69092.54000000,124.49500000,1771031699999,8593211.93838500,30704,53.23922000,3674891.05547930,0
1771031700000,69092.53000000,69108.80000000,68976.08000000,69052.53000000,112.75377000,1771032599999,7783102.85954210,26582,38.05694000,2627205.52077560,0
1771032600000,69052.53000000,69057.26000000,68964.50000000,68980.73000000,71.59044000,1771033499999,4940264.33879250,21768,30.79638000,2125074.98290570,0
1771033500000,68980.74000000,69026.65000000,68921.54000000,68964.51000000,35.85080000,1771034399999,2472878.66245010,17359,16.86530000,1163272.47257660,0
1771034400000,68964.51000000,69006.34000000,68916.00000000,68983.30000000,67.30525000,1771035299999,4642066.19329920,23124,32.03183000,2209134.09933540,0
1771035300000,68983.30000000,68994.23000000,68869.61000000,68907.84000000,73.79552000,1771036199999,5086986.87753820,20092,39.89100000,2749926.09374970,0
1771036200000,68907.84000000,68954.00000000,68865.13000000,68951.99000000,50.97524000,1771037099999,3512439.43155070,23090,23.60714000,1626530.11805700,0
1771037100000,68952.00000000,68953.99000000,68845.60000000,68884.21000000,69.66633000,1771037999999,4799904.47761040,22154,44.98704000,3099482.81582140,0
1771038000000,68884.21000000,68918.70000000,68852.00000000,68911.00000000,66.01003000,1771038899999,4547169.16422040,20188,35.18497000,2423645.01770200,0
1771038900000,68911.00000000,68954.78000000,68860.00000000,68937.99000000,79.86148000,1771039799999,5502303.36272430,20399,57.01522000,3928263.40146500,0
1771039800000,68937.99000000,69000.00000000,68923.84000000,68950.46000000,45.88515000,1771040699999,3164073.78723580,17956,27.63633000,1905620.62729960,0
1771040700000,68950.47000000,69027.14000000,68900.00000000,68981.99000000,46.63704000,1771041599999,3216025.78390920,16664,22.80587000,1572550.81625690,0
1771041600000,68982.00000000,68995.11000000,68869.55000000,68891.98000000,94.73904000,1771042499999,6531017.07433220,15840,56.56210000,3899081.59639760,0
1771042500000,68891.99000000,68926.73000000,68869.81000000,68907.99000000,104.23427000,1771043399999,7181516.35153300,14811,61.41076000,4230910.36712990,0
1771043400000,68907.98000000,68918.92000000,68826.80000000,68852.00000000,180.47686000,1771044299999,12428216.59042600,13479,96.39933000,6638013.89477850,0
1771044300000,68852.00000000,68852.00000000,68789.59000000,68790.00000000,110.33574000,1771045199999,7593380.40455660,11418,54.36990000,3741820.39626300,0
1771045200000,68790.01000000,68891.17000000,68762.30000000,68862.04000000,90.76247000,1771046099999,6247038.95071040,21225,60.98563000,4197543.36267930,0
1771046100000,68862.04000000,68910.00000000,68860.87000000,68876.16000000,59.69270000,1771046999999,4112371.18004140,15777,28.05204000,1932512.77854310,0
1771047000000,68876.15000000,68876.20000000,68792.62000000,68829.20000000,71.02207000,1771047899999,4888775.24514600,15572,35.30722000,2430338.71502480,0
1771047900000,68829.20000000,68850.93000000,68760.00000000,68773.42000000,86.78306000,1771048799999,5971194.21778020,20922,40.55175000,2790183.07515220,0
1771048800000,68773.41000000,68804.05000000,68730.13000000,68783.13000000,70.51570000,1771049699999,4849261.12144800,16073,38.73459000,2663732.58968980,0
1771049700000,68783.13000000,68893.99000000,68783.12000000,68893.98000000,210.28989000,1771050599999,14477975.55273330,29050,150.47358000,10359233.30983660,0
1771050600000,68893.98000000,68914.14000000,68852.51000000,68875.77000000,125.64066000,1771051499999,8654904.96347560,26308,58.96574000,4061795.76827470,0
1771051500000,68875.77000000,68936.98000000,68862.49000000,68936.98000000,63.99132000,1771052399999,4409605.27484230,13513,45.14618000,3111029.34190400,0
1771052400000,68936.98000000,68950.00000000,68900.11000000,68900.12000000,91.65447000,1771053299999,6317019.04092180,21411,38.22053000,2634264.78208480,0
1771053300000,68900.11000000,68964.59000000,68884.56000000,68956.92000000,102.69127000,1771054199999,7077824.09703750,23862,44.28197000,3052024.04437740,0
1771054200000,68956.92000000,69190.94000000,68944.03000000,69181.60000000,346.77608000,1771055099999,23950359.93634130,34630,245.73397000,16974303.76375070,0
1771055100000,69181.60000000,69343.00000000,69130.79000000,69219.26000000,378.76819000,1771055999999,26224057.37127730,40416,197.94528000,13705984.27893960,0
1771056000000,69219.27000000,69780.00000000,69218.71000000,69567.06000000,555.93194000,1771056899999,38652087.44427720,74753,349.47594000,24293920.35112040,0
1771056900000,69567.05000000,69651.19000000,69465.67000000,69495.50000000,142.24649000,1771057799999,9891135.21390520,54595,73.48889000,5110342.41944400,0
1771057800000,69495.50000000,69735.61000000,69470.94000000,69663.12000000,200.84665000,1771058699999,13985511.91008920,63757,128.69189000,8960188.41732860,0
1771058700000,69663.12000000,69870.99000000,69663.12000000,69746.20000000,448.77835000,1771059599999,31313236.71312720,94358,237.25978000,16555000.86867710,0
1771059600000,69746.20000000,69900.00000000,69689.00000000,69716.33000000,231.06354000,1771060499999,16129682.99352560,53388,140.84931000,9833458.90866280,0
1771060500000,69716.32000000,69766.33000000,69566.78000000,69595.11000000,124.36330000,1771061399999,8662492.81388870,40744,56.52858000,3937869.42889050,0
1771061400000,69595.10000000,69769.85000000,69595.10000000,69726.97000000,136.73796000,1771062299999,9532240.70628460,23749,108.76984000,7583161.22548690,0
1771062300000,69726.96000000,69768.15000000,69694.10000000,69714.93000000,63.19905000,1771063199999,4406568.96991620,20900,32.07926000,2236788.13015010,0
1771063200000,69714.94000000,69714.94000000,69590.00000000,69651.11000000,109.99129000,1771064099999,7659274.00256010,28118,52.23995000,3637594.54988520,0
1771064100000,69651.11000000,69664.42000000,69585.15000000,69619.98000000,51.59535000,1771064999999,3592219.07543860,16965,19.54546000,1360865.94796330,0
1771065000000,69619.98000000,69673.67000000,69607.80000000,69607.81000000,39.59589000,1771065899999,2757394.56255960,14292,18.78837000,1308359.58045170,0
1771065900000,69607.80000000,69683.80000000,69607.80000000,69671.86000000,56.07280000,1771066799999,3904925.68904820,16346,21.41942000,1491701.02638740,0
1771066800000,69671.86000000,70164.90000000,69671.86000000,70097.89000000,320.53616000,1771067699999,22418476.55587760,68369,234.05767000,16371253.36339200,0
1771067700000,70097.88000000,70488.00000000,69983.55000000,70194.00000000,404.35777000,1771068599999,28402416.95174860,114624,228.43655000,16049415.72682900,0
1771068600000,70194.00000000,70312.60000000,70062.10000000,70310.59000000,297.59614000,1771069499999,20886759.62462000,73009,123.44350000,8663638.18579340,0
1771069500000,70310.58000000,70560.01000000,70226.71000000,70505.74000000,348.06441000,1771070399999,24505316.00262320,78828,232.36711000,16360659.18693900,0
1771070400000,70505.74000000,70533.67000000,70360.58000000,70488.47000000,228.34078000,1771071299999,16082079.12574480,76119,98.15933000,6913784.51812750,0
1771071300000,70488.48000000,70488.48000000,70300.00000000,70356.38000000,172.74348000,1771072199999,12159191.69282410,53343,53.12101000,3738907.27692290,0
1771072200000,70356.38000000,70369.50000000,70012.36000000,70087.52000000,323.38333000,1771073099999,22685840.79128250,84125,105.44743000,7397006.19925910,0
1771073100000,70087.52000000,70113.16000000,69600.00000000,69640.20000000,553.72815000,1771073999999,38664747.12173920,106042,182.78296000,12761765.44271460,0
1771074000000,69640.20000000,69735.46000000,69398.22000000,69713.23000000,316.88343000,1771074899999,22045602.00288570,82575,138.38243000,9629216.08742870,0
1771074900000,69713.23000000,69771.91000000,69064.60000000,69270.67000000,1703.94553000,1771075799999,118230050.43924810,151468,370.51772000,25713142.76654000,0
1771075800000,69270.68000000,69577.21000000,69263.99000000,69447.99000000,527.22290000,1771076699999,36590157.25885170,69455,154.77532000,10745193.18995540,0
1771076700000,69448.00000000,69584.80000000,69280.00000000,69460.00000000,845.70784000,1771077599999,58711506.81094660,75657,199.71045000,13867211.66994250,0
1771077600000,69460.00000000,69500.00000000,69208.09000000,69460.10000000,904.73738000,1771078499999,62758602.56596330,56565,198.86290000,13800464.95595760,0
1771078500000,69460.09000000,69633.00000000,69378.67000000,69455.60000000,422.26905000,1771079399999,29348673.85310090,60949,106.74172000,7420448.43205560,0
1771079400000,69455.61000000,69673.60000000,69455.60000000,69673.60000000,188.14292000,1771080299999,13093617.25235840,49622,111.79314000,7780361.60785550,0
1771080300000,69673.60000000,69856.70000000,69589.00000000,69701.66000000,164.86325000,1771081199999,11498033.61607550,69521,75.59139000,5272292.03774320,0
1771081200000,69701.66000000,69798.12000000,69616.18000000,69616.19000000,149.79464000,1771082099999,10440783.30210560,49012,59.18728000,4125554.38293070,0
1771082100000,69616.18000000,70048.39000000,69560.00000000,69874.24000000,345.63120000,1771082999999,24139676.18721520,75727,197.57908000,13803735.68533280,0
1771083000000,69874.25000000,69959.40000000,69772.30000000,69867.84000000,126.64144000,1771083899999,8847492.65045230,44073,49.13929000,3433041.71159450,0
1771083900000,69867.83000000,69897.15000000,69722.38000000,69778.28000000,129.58592000,1771084799999,9044955.13810910,40920,34.67398000,2420520.76048170,0
1771084800000,69778.28000000,69815.00000000,69648.00000000,69687.47000000,229.03219000,1771085699999,15967076.30972870,42576,44.45677000,3099997.62460080,0
1771085700000,69687.47000000,69687.48000000,69326.71000000,69424.93000000,267.36880000,1771086599999,18573032.96196820,87421,75.76781000,5263197.40497890,0
1771086600000,69424.92000000,69661.87000000,69283.02000000,69651.11000000,272.33820000,1771087499999,18922068.50460620,69177,96.86570000,6731060.73307270,0
1771087500000,69651.11000000,69791.61000000,69539.26000000,69755.10000000,237.93984000,1771088399999,16579541.69984950,70086,91.90088000,6402982.83754450,0
1771088400000,69755.10000000,69861.00000000,69609.00000000,69860.98000000,281.54993000,1771089299999,19632439.88015250,71280,86.35417000,6022813.00962050,0
1771089300000,69860.99000000,69930.90000000,69758.00000000,69819.16000000,208.40356000,1771090199999,14557997.24141260,58675,61.01919000,4262479.25037060,0
1771090200000,69819.17000000,69881.34000000,69663.46000000,69784.00000000,143.80161000,1771091099999,10033808.18063550,44610,45.78271000,3193677.63025440,0
1771091100000,69784.00000000,69813.89000000,69683.70000000,69739.38000000,52.11891000,1771091999999,3634604.02982920,25068,20.40048000,1422556.79301650,0
1771092000000,69739.38000000,69856.70000000,69672.55000000,69764.00000000,91.63142000,1771092899999,6393706.87967750,28090,44.37955000,3096761.59761530,0
1771092900000,69764.00000000,69838.00000000,69712.78000000,69742.19000000,41.38709000,1771093799999,2888011.67655680,20648,20.03167000,1397769.79411220,0
1771093800000,69742.19000000,69808.95000000,69683.70000000,69731.52000000,84.39882000,1771094699999,5887877.02713100,29488,36.84902000,2570579.60428920,0
1771094700000,69731.53000000,69792.00000000,69707.00000000,69772.31000000,53.00315000,1771095599999,3697405.94878800,17914,32.90388000,2295223.14514310,0
1771095600000,69772.30000000,69856.70000000,69716.05000000,69755.00000000,72.83959000,1771096499999,5084104.05223600,24168,48.09587000,3357113.11855190,0
1771096500000,69755.00000000,69877.58000000,69619.52000000,69840.14000000,109.08578000,1771097399999,7610734.75754310,38770,71.24486000,4970813.67927340,0
1771097400000,69840.13000000,69900.00000000,69806.02000000,69888.92000000,57.32825000,1771098299999,4004474.75003270,26610,31.31844000,2187602.09403100,0
1771098300000,69888.92000000,69920.60000000,69822.00000000,69873.99000000,93.05344000,1771099199999,6501502.27100210,39590,48.92475000,3418479.97026720,0
1771099200000,69873.99000000,69992.45000000,69805.38000000,69828.00000000,130.50052000,1771100099999,9123249.80215110,29572,92.93871000,6497755.26620830,0
1771100100000,69828.00000000,69912.72000000,69732.75000000,69830.88000000,115.48946000,1771100999999,8067047.22850210,30213,76.84152000,5367776.21029920,0
1771101000000,69830.88000000,69975.53000000,69818.01000000,69954.46000000,96.55180000,1771101899999,6747231.43817290,21626,71.76981000,5015537.07321620,0
1771101900000,69954.45000000,70028.59000000,69949.50000000,70023.09000000,91.59305000,1771102799999,6411068.59013190,22161,61.24617000,4286934.01984360,0
1771102800000,70023.10000000,70250.01000000,70023.09000000,70211.82000000,232.84271000,1771103699999,16336787.39658390,44586,112.26626000,7875685.45160260,0
1771103700000,70211.82000000,70250.46000000,69985.94000000,69997.74000000,176.11434000,1771104599999,12351773.14394380,35636,74.25175000,5208351.04857570,0
1771104600000,69997.74000000,70023.95000000,69668.05000000,69860.90000000,185.96519000,1771105499999,12986610.86674280,38973,77.57591000,5418386.82280760,0
1771105500000,69860.90000000,69935.87000000,69802.38000000,69935.86000000,45.97360000,1771106399999,3212501.73844980,19462,23.41934000,1636659.64448380,0
1771106400000,69935.86000000,70038.20000000,69845.96000000,70006.81000000,63.02073000,1771107299999,4407778.71568960,23882,34.80174000,2434259.67135300,0
1771107300000,70006.80000000,70006.81000000,69781.00000000,69940.72000000,66.68921000,1771108199999,4661159.56101960,28371,30.83703000,2155151.18354050,0
1771108200000,69940.72000000,70033.70000000,69922.00000000,69988.09000000,77.23415000,1771109099999,5404672.85109990,17537,40.94580000,2865222.77221330,0
1771109100000,69988.09000000,70100.00000000,69950.00000000,69959.75000000,85.96330000,1771109999999,6018041.31809150,28836,42.73852000,2991870.01047740,0
1771110000000,69959.74000000,70008.00000000,69905.42000000,69977.27000000,63.38141000,1771110899999,4433595.85407000,24259,27.51843000,1924838.34011650,0
1771110900000,69977.26000000,70020.00000000,69723.18000000,69828.09000000,157.85992000,1771111799999,11022067.94051120,29582,54.03034000,3772530.18919420,0
1771111800000,69828.10000000,69861.00000000,69774.92000000,69816.03000000,59.00255000,1771112699999,4119972.00893890,20148,21.47234000,1499342.36267560,0
1771112700000,69816.04000000,69865.38000000,69772.87000000,69822.95000000,56.41926000,1771113599999,3939131.92548540,17584,21.25607000,1484058.59044670,0
1771113600000,69822.94000000,69864.74000000,69670.58000000,69681.93000000,70.07560000,1771114499999,4890070.35613920,31045,23.97978000,1673764.06117490,0
1771114500000,69681.93000000,69772.40000000,69644.75000000,69695.77000000,96.17515000,1771115399999,6703102.04548570,37228,32.93187000,2295278.60753690,0
1771115400000,69695.76000000,69758.00000000,69628.00000000,69634.01000000,68.98048000,1771116299999,4806294.91529560,24626,27.82851000,1938828.72596490,0
1771116300000,69634.00000000,69798.40000000,69600.00000000,69777.07000000,57.04652000,1771117199999,3976218.14288150,20110,27.99391000,1951277.95308510,0
1771117200000,69777.06000000,69902.70000000,69753.80000000,69902.69000000,51.07357000,1771118099999,3567597.87724130,17193,27.03144000,1888229.29672730,0
1771118100000,69902.69000000,69902.69000000,69450.01000000,69529.34000000,161.59554000,1771118999999,11252417.60964820,41664,61.46667000,4277439.45451940,0
1771119000000,69529.34000000,69670.00000000,69350.00000000,69407.22000000,125.92550000,1771119899999,8754591.44289240,42812,48.42353000,3367451.11152790,0
1771119900000,69407.22000000,69725.40000000,69393.69000000,69717.65000000,61.60578000,1771120799999,4284666.39923160,21075,34.85310000,2424696.98070110,0
1771120800000,69717.65000000,69753.90000000,69477.42000000,69548.41000000,91.70693000,1771121699999,6384224.84418330,32871,28.11673000,1957135.90420110,0
1771121700000,69548.41000000,69622.60000000,69408.00000000,69475.48000000,112.25816000,1771122599999,7801330.72568600,22472,41.41679000,2877889.96550300,0
1771122600000,69475.48000000,69564.40000000,69341.27000000,69510.71000000,115.70104000,1771123499999,8037878.79324500,32899,61.74872000,4290175.58193710,0
1771123500000,69510.71000000,69576.00000000,69437.85000000,69480.01000000,55.55332000,1771124399999,3861743.69975270,20746,16.87306000,1172817.05646250,0
1771124400000,69480.00000000,69595.19000000,69466.92000000,69466.92000000,58.30817000,1771125299999,4055024.42656720,24968,23.38304000,1626272.79482660,0
1771125300000,69466.93000000,69586.47000000,69445.60000000,69445.60000000,58.49869000,1771126199999,4067676.29546570,23412,21.71215000,1509709.53394700,0
1771126200000,69445.61000000,69539.58000000,69251.50000000,69360.11000000,246.44502000,1771127099999,17093229.54093580,69477,100.25792000,6953888.92968880,0
1771127100000,69360.12000000,69990.02000000,69360.11000000,69954.50000000,333.99182000,1771127999999,23318979.85667260,76965,221.24125000,15440886.91987300,0
1771128000000,69954.50000000,70450.80000000,69459.35000000,70424.50000000,1693.06104000,1771128899999,118609065.38663950,128551,520.80749000,36535860.31953110,0
1771128900000,70424.51000000,70518.57000000,70172.29000000,70198.17000000,261.19796000,1771129799999,18373098.81661450,62553,129.59245000,9117118.68206340,0
1771129800000,70198.18000000,70370.40000000,70190.00000000,70225.61000000,176.87583000,1771130699999,12431180.32776240,43776,102.57940000,7209656.28639100,0
1771130700000,70225.62000000,70342.00000000,70113.96000000,70183.99000000,144.03330000,1771131599999,10115809.73971850,35473,74.27605000,5216748.10622450,0
1771131600000,70184.00000000,70295.99000000,70132.54000000,70205.38000000,108.88262000,1771132499999,7644633.82338560,31060,58.64584000,4117464.44635160,0
1771132500000,70205.38000000,70472.43000000,70170.00000000,70331.18000000,250.86639000,1771133399999,17653072.42107200,37814,168.72226000,11871829.06120370,0
1771133400000,70331.18000000,70422.75000000,70274.29000000,70357.27000000,101.97681000,1771134299999,7173084.16801450,29338,40.01324000,2814850.04027400,0
1771134300000,70357.28000000,70444.70000000,70267.60000000,70267.61000000,78.73201000,1771135199999,5538928.07855490,25954,36.26746000,2551324.25344430,0
1771135200000,70267.60000000,70286.88000000,70184.09000000,70231.50000000,98.70455000,1771136099999,6931933.61687810,22494,35.38789000,2485011.41628870,0
1771136100000,70231.50000000,70531.00000000,70200.45000000,70375.97000000,188.21409000,1771136999999,13252358.40894760,35833,127.42197000,8972823.11287290,0
1771137000000,70375.97000000,70540.99000000,70361.18000000,70370.30000000,132.21488000,1771137899999,9315035.70932570,27699,75.34154000,5307862.91343200,0
1771137900000,70370.31000000,70423.86000000,70292.97000000,70405.12000000,86.58199000,1771138799999,6091599.19446080,27882,42.99942000,3025275.50577000,0
1771138800000,70405.12000000,70439.76000000,70307.11000000,70423.67000000,118.88808000,1771139699999,8367931.70682530,32254,62.07647000,4369692.44080720,0
1771139700000,70423.67000000,70880.44000000,70400.00000000,70674.99000000,656.34957000,1771140599999,46397657.98590770,130173,461.90979000,32650770.44005660,0
1771140600000,70675.00000000,70926.42000000,70595.40000000,70741.62000000,413.00452000,1771141499999,29247951.37816770,90636,242.68205000,17187323.17341090,0
1771141500000,70741.62000000,70828.43000000,70690.01000000,70828.42000000,237.56058000,1771142399999,16805159.34961930,38877,147.13289000,10408492.81595150,0
1771142400000,70828.43000000,70983.00000000,70732.01000000,70741.82000000,302.98276000,1771143299999,21475923.73521200,68289,199.01052000,14107549.57088040,0
1771143300000,70741.82000000,70831.27000000,70568.01000000,70568.02000000,168.12805000,1771144199999,11888907.84758970,46489,82.06718000,5802804.55910290,0
1771144200000,70568.01000000,70608.80000000,70182.31000000,70330.24000000,354.54314000,1771145099999,24942679.48305540,111914,202.35536000,14238008.03546680,0
1771145100000,70330.23000000,70454.70000000,70297.38000000,70446.52000000,72.72433000,1771145999999,5119532.93682690,38954,36.06368000,2538769.93374550,0
1771146000000,70446.52000000,70668.00000000,70388.30000000,70582.01000000,119.87959000,1771146899999,8457834.53156270,52337,77.60515000,5475479.78262130,0
1771146900000,70582.02000000,70628.82000000,70513.47000000,70628.82000000,60.23295000,1771147799999,4250443.49780370,31775,29.13402000,2055938.00940880,0
1771147800000,70628.81000000,70631.85000000,70451.26000000,70504.23000000,84.94443000,1771148699999,5992653.07992660,37487,45.70310000,3224295.00524830,0
1771148700000,70504.23000000,70520.10000000,70370.30000000,70419.11000000,69.93429000,1771149599999,4925851.57261990,24736,19.78225000,1393308.10561240,0
1771149600000,70419.12000000,70461.92000000,70208.16000000,70304.38000000,129.33317000,1771150499999,9094257.95315440,49838,62.02630000,4361780.91582080,0
1771150500000,70304.37000000,70453.54000000,70226.55000000,70433.43000000,98.00666000,1771151399999,6892997.73029930,39450,47.38125000,3331851.16314860,0
1771151400000,70433.42000000,70456.86000000,70300.00000000,70456.86000000,81.87600000,1771152299999,5762113.99549240,36929,35.15519000,2474205.13306660,0
1771152300000,70456.85000000,70523.94000000,70414.04000000,70427.02000000,73.03320000,1771153199999,5147089.36254350,23066,34.11950000,2404591.67955890,0
1771153200000,70427.02000000,70543.14000000,70410.00000000,70419.84000000,49.53656000,1771154099999,3490201.46937910,24101,17.96596000,1265929.89584090,0
1771154100000,70419.84000000,70477.86000000,70350.00000000,70384.09000000,67.76667000,1771154999999,4771001.52654380,22018,23.04901000,1622681.64045660,0
1771155000000,70384.09000000,70387.46000000,70284.59000000,70362.80000000,175.84840000,1771155899999,12369267.16610770,33555,30.10162000,2117244.27461240,0
1771155900000,70362.79000000,70391.88000000,70267.60000000,70295.22000000,164.48398000,1771156799999,11566268.93328520,33682,31.25174000,2197534.27678780,0
1771156800000,70295.22000000,70322.29000000,70164.80000000,70224.74000000,217.29447000,1771157699999,15262576.64312820,44936,48.36893000,3397105.72856520,0
1771157700000,70224.74000000,70393.97000000,70024.48000000,70370.31000000,185.64596000,1771158599999,13033895.23476530,41729,65.17066000,4576944.09342560,0
1771158600000,70370.30000000,70418.48000000,70154.24000000,70260.91000000,80.57465000,1771159499999,5663283.76787000,35587,34.31782000,2412204.35317400,0
1771159500000,70260.91000000,70260.92000000,69309.87000000,69314.21000000,543.83080000,1771160399999,37899019.03250520,157140,183.81610000,12803166.22245490,0
1771160400000,69314.22000000,69554.99000000,69296.26000000,69511.10000000,480.46968000,1771161299999,33360030.91007360,108640,171.80974000,11928281.53102130,0
1771161300000,69511.10000000,69620.06000000,69015.11000000,69056.85000000,419.25608000,1771162199999,29082393.11141010,92243,128.22106000,8897279.19705440,0
1771162200000,69056.86000000,69169.82000000,68878.36000000,68925.99000000,590.70609000,1771163099999,40752127.71174690,125410,167.92940000,11587732.01768290,0
1771163100000,68926.00000000,69069.95000000,68772.20000000,68930.00000000,258.86509000,1771163999999,17838824.25306170,85323,114.69202000,7905140.89316790,0
1771164000000,68930.00000000,69119.91000000,68845.72000000,68957.98000000,279.79818000,1771164899999,19303460.02679240,86229,125.61258000,8666390.87466880,0
1771164900000,68957.98000000,69094.00000000,68956.45000000,69088.50000000,99.66548000,1771165799999,6880361.94710340,45801,41.33294000,2853220.64557160,0
1771165800000,69088.50000000,69219.71000000,68980.00000000,69167.88000000,140.34812000,1771166699999,9699145.79528860,53139,62.75615000,4337739.52950600,0
1771166700000,69167.88000000,69194.00000000,69050.00000000,69170.51000000,109.51399000,1771167599999,7570148.97253220,31626,35.14055000,2428774.02560100,0
1771167600000,69170.51000000,69255.60000000,69109.58000000,69212.57000000,111.97909000,1771168499999,7748873.84316100,45798,61.86506000,4281152.88333580,0
1771168500000,69212.57000000,69212.57000000,68888.00000000,68894.50000000,132.75240000,1771169399999,9161181.97695420,53105,59.84943000,4129740.42871730,0
1771169400000,68894.49000000,69087.31000000,68888.03000000,69085.97000000,122.70966000,1771170299999,8467816.27714850,45769,81.17288000,5601502.82303330,0
1771170300000,69085.97000000,69108.69000000,68958.35000000,69099.99000000,79.15550000,1771171199999,5465319.02326270,34004,49.10913000,3390700.25507180,0
1771171200000,69100.00000000,69100.00000000,68658.00000000,68987.81000000,723.00280000,1771172099999,49797395.78730140,73215,191.32962000,13180061.90578610,0
1771172100000,68987.81000000,69065.50000000,68760.62000000,69065.49000000,533.52631000,1771172999999,36754260.29120840,46834,136.67868000,9420771.98027360,0
1771173000000,69065.49000000,69096.43000000,68922.89000000,69030.69000000,127.88035000,1771173899999,8827140.88584720,32117,66.42463000,4585944.83491440,0
1771173900000,69030.70000000,69084.21000000,69006.26000000,69017.75000000,57.68065000,1771174799999,3982515.77081630,20796,24.93708000,1721729.94443280,0
1771174800000,69017.76000000,69085.22000000,68956.60000000,69069.02000000,78.78879000,1771175699999,5440081.07433640,25545,37.71879000,2604209.33417510,0
1771175700000,69069.01000000,69069.01000000,68915.00000000,68985.99000000,61.49677000,1771176599999,4241269.88149350,25052,22.23410000,1533161.73612080,0
1771176600000,68985.99000000,69061.39000000,68823.05000000,68823.06000000,217.07519000,1771177499999,14966761.20662200,40366,48.24792000,3327561.42863840,0
1771177500000,68823.05000000,68823.05000000,68203.60000000,68641.21000000,837.35143000,1771178399999,57329577.60289280,155259,299.41717000,20500803.99305730,0
1771178400000,68641.21000000,68748.88000000,68440.70000000,68692.80000000,177.54475000,1771179299999,12178686.85069490,57740,90.22111000,6190291.02987670,0
1771179300000,68692.80000000,68800.00000000,68559.92000000,68559.92000000,72.13409000,1771180199999,4956565.13419900,31769,37.51877000,2578687.63538760,0
1771180200000,68559.92000000,68717.60000000,68274.31000000,68700.05000000,1122.16648000,1771181099999,76838209.39035980,112482,291.83873000,19994634.27156590,0
1771181100000,68700.06000000,68709.68000000,68348.14000000,68451.44000000,1323.52111000,1771181999999,90636551.09452850,87486,342.73408000,23477877.48881940,0
1771182000000,68451.45000000,68527.65000000,68000.00000000,68177.22000000,2231.76991000,1771182899999,152057865.29286620,146233,595.66966000,40598280.17799140,0
1771182900000,68177.22000000,68560.84000000,68102.67000000,68549.39000000,327.33198000,1771183799999,22379609.10865930,60738,177.14367000,12110737.11464680,0
1771183800000,68549.40000000,68551.40000000,68208.52000000,68246.40000000,128.23506000,1771184699999,8765653.54802570,47883,55.16759000,3770811.47555990,0
1771184700000,68246.41000000,68443.96000000,68239.84000000,68286.63000000,120.01668000,1771185599999,8203214.92928010,33114,50.13179000,3426441.48094330,0
1771185600000,68286.64000000,68440.14000000,68120.00000000,68418.58000000,149.50535000,1771186499999,10206608.20849500,39923,72.89754000,4976943.43935660,0
1771186500000,68418.57000000,68490.00000000,68294.52000000,68484.94000000,83.17003000,1771187399999,5687487.22997380,28486,43.43239000,2970487.77564910,0
1771187400000,68484.95000000,68560.22000000,68422.85000000,68509.62000000,108.35193000,1771188299999,7421080.97077150,26206,58.93093000,4036140.16403770,0
1771188300000,68509.62000000,68509.62000000,68396.78000000,68450.00000000,58.91548000,1771189199999,4033233.33570950,20076,31.99131000,2189972.10595880,0
1771189200000,68450.00000000,68770.30000000,68450.00000000,68739.03000000,112.54380000,1771190099999,7726100.14247100,32535,64.57040000,4432081.48956070,0
1771190100000,68739.03000000,68813.43000000,68661.46000000,68789.99000000,91.70709000,1771190999999,6304434.44332330,25051,60.47390000,4157615.47572610,0
1771191000000,68789.99000000,68950.16000000,68730.75000000,68735.73000000,103.34114000,1771191899999,7113805.23928020,33868,55.56030000,3824869.49999530,0
1771191900000,68735.73000000,68933.64000000,68711.00000000,68852.01000000,99.96757000,1771192799999,6881019.68477330,26109,62.35178000,4292376.48955240,0
1771192800000,68852.01000000,68959.78000000,68801.69000000,68801.96000000,81.76150000,1771193699999,5633074.72773510,27583,45.13846000,3110015.05115590,0
1771193700000,68801.97000000,69048.00000000,68801.06000000,69011.19000000,88.26302000,1771194599999,6085829.81895170,23709,54.33103000,3746610.70238720,0
1771194600000,69011.19000000,69078.49000000,68969.60000000,69044.29000000,73.37488000,1771195499999,5063939.15129930,20712,33.16370000,2288658.40073260,0
1771195500000,69044.29000000,69078.03000000,68910.27000000,68999.96000000,140.67556000,1771196399999,9702628.04604700,29940,58.05136000,4004045.68653730,0
1771196400000,68999.96000000,68999.96000000,68319.64000000,68490.80000000,223.24007000,1771197299999,15303697.29524250,69141,67.52343000,4628605.37079400,0
1771197300000,68490.81000000,68665.22000000,68400.00000000,68648.11000000,109.32780000,1771198199999,7490847.08465350,39310,55.54414000,3805844.30017760,0
1771198200000,68648.11000000,68800.00000000,68548.02000000,68682.40000000,121.11596000,1771199099999,8314905.10441890,34487,60.40403000,4147248.91057920,0
1771199100000,68682.40000000,68837.10000000,68670.53000000,68832.58000000,67.36362000,1771199999999,4631493.37311320,23839,40.76357000,2802685.05132880,0
1771200000000,68832.59000000,69006.00000000,68732.61000000,68943.37000000,113.23313000,1771200899999,7798425.99089840,46452,68.97367000,4749764.64330070,0
1771200900000,68943.38000000,69065.50000000,68771.85000000,68850.96000000,92.97467000,1771201799999,6406708.42900250,41176,46.99938000,3239055.92696470,0
1771201800000,68850.95000000,68974.42000000,68754.01000000,68754.01000000,62.75147000,1771202699999,4322111.69104340,32827,28.55290000,1966898.50586510,0
1771202700000,68754.01000000,68950.00000000,68700.00000000,68845.81000000,80.91057000,1771203599999,5571769.99542080,32520,46.51639000,3203749.39960060,0
1771203600000,68845.81000000,69041.97000000,68787.08000000,68865.20000000,76.16979000,1771204499999,5250126.64829290,37428,38.80863000,2675205.48301920,0
1771204500000,68865.20000000,68923.33000000,68663.45000000,68722.90000000,56.36293000,1771205399999,3877113.09896700,31294,18.48763000,1271708.47965320,0
1771205400000,68722.89000000,68773.80000000,68454.54000000,68590.12000000,87.74160000,1771206299999,6017667.66708650,42352,25.42548000,1743601.61240500,0
1771206300000,68590.13000000,68670.95000000,68572.97000000,68630.81000000,49.80841000,1771207199999,3418227.91083050,23864,29.98171000,2057446.68515800,0
1771207200000,68630.81000000,68734.00000000,68472.06000000,68566.13000000,158.58063000,1771208099999,10878566.63783120,40729,41.13460000,2822066.20304740,0
1771208100000,68566.12000000,68574.94000000,68325.05000000,68350.51000000,278.75656000,1771208999999,19077462.91879210,60820,67.18750000,4597751.32854010,0
1771209000000,68350.51000000,68526.03000000,68333.90000000,68458.17000000,152.96206000,1771209899999,10466848.92651020,43166,62.35554000,4267175.47573930,0
1771209900000,68458.16000000,68519.40000000,68243.68000000,68320.48000000,93.43475000,1771210799999,6386306.01073410,38925,36.79148000,2514589.33846780,0
1771210800000,68320.49000000,68450.82000000,68311.62000000,68382.12000000,85.07894000,1771211699999,5817720.63886060,29589,51.17380000,3499078.19607680,0
1771211700000,68382.12000000,68416.00000000,68171.92000000,68182.59000000,159.78555000,1771212599999,10910182.91595530,38233,40.23645000,2747566.05225670,0
1771212600000,68182.58000000,68355.27000000,68143.22000000,68353.87000000,141.61361000,1771213499999,9660327.11429680,36224,59.11229000,4033053.20901110,0
1771213500000,68353.86000000,68463.96000000,68324.66000000,68424.82000000,66.93357000,1771214399999,4578090.48840080,21078,33.67675000,2303467.45858350,0
1771214400000,68424.82000000,68665.57000000,68417.17000000,68640.00000000,109.14283000,1771215299999,7483239.74427350,28693,55.88493000,3831370.71215640,0
1771215300000,68640.00000000,68797.61000000,68625.70000000,68783.05000000,121.27391000,1771216199999,8334272.35829130,22623,69.93449000,4805389.91724880,0
1771216200000,68783.05000000,68817.45000000,68692.14000000,68694.83000000,109.19528000,1771217099999,7505272.84100030,21686,44.48917000,3057888.99254040,0
1771217100000,68694.84000000,68894.52000000,68694.83000000,68870.07000000,125.59539000,1771217999999,8644292.80862340,23127,89.74304000,6177136.89158480,0
1771218000000,68870.07000000,68900.00000000,68463.96000000,68473.16000000,128.81667000,1771218899999,8845510.51138620,35999,44.93538000,3085205.08702720,0
1771218900000,68473.17000000,68524.80000000,68385.71000000,68457.98000000,71.32488000,1771219799999,4882556.23859880,29549,34.13511000,2336739.52883300,0
1771219800000,68457.99000000,68493.43000000,68293.28000000,68340.84000000,99.99504000,1771220699999,6837650.41947470,35841,47.30251000,3234963.18556540,0
1771220700000,68340.83000000,68434.29000000,68333.45000000,68385.29000000,53.74769000,1771221599999,3675602.22082590,18391,24.08805000,1647276.66376080,0
1771221600000,68385.29000000,68441.73000000,68352.34000000,68360.38000000,55.59583000,1771222499999,3802909.51005780,20513,24.14693000,1651673.13970870,0
1771222500000,68360.38000000,68394.57000000,68228.76000000,68348.37000000,79.74974000,1771223399999,5447534.37661810,30741,41.88667000,2860874.82753300,0
1771223400000,68348.36000000,68527.80000000,68336.22000000,68474.59000000,64.74367000,1771224299999,4433587.50307630,26827,42.45428000,2907040.49536860,0
1771224300000,68474.58000000,68476.57000000,68400.00000000,68450.80000000,40.47691000,1771225199999,2770186.77284460,13712,25.22680000,1726352.91437270,0
1771225200000,68450.80000000,68630.89000000,68380.00000000,68611.54000000,112.83886000,1771226099999,7728631.29177110,33688,74.32357000,5090900.36366410,0
1771226100000,68611.53000000,68672.59000000,68539.71000000,68575.14000000,72.03535000,1771226999999,4941088.74335580,20571,47.04544000,3226810.60049580,0
1771227000000,68575.14000000,68646.00000000,68440.79000000,68499.12000000,88.14202000,1771227899999,6042182.48805900,32338,46.78983000,3207233.78322830,0
1771227900000,68499.12000000,68611.22000000,68499.11000000,68587.90000000,89.18683000,1771228799999,6114133.49463040,19068,40.13881000,2751617.85482940,0
1771228800000,68587.89000000,68669.77000000,68548.19000000,68549.91000000,63.37659000,1771229699999,4348890.34178310,17866,35.70787000,2450320.43182280,0
1771229700000,68549.90000000,68746.76000000,68542.63000000,68735.38000000,84.81106000,1771230599999,5825289.99899280,16058,58.20180000,3997074.53778050,0
1771230600000,68735.38000000,68770.00000000,68633.89000000,68766.18000000,69.90702000,1771231499999,4803817.44779440,21108,41.64572000,2861724.21665730,0
1771231500000,68766.18000000,68798.70000000,68681.49000000,68762.85000000,83.72428000,1771232399999,5756470.48242190,19027,48.92168000,3363514.45982710,0
1771232400000,68762.86000000,68959.97000000,68748.02000000,68886.01000000,130.53252000,1771233299999,8988839.86874800,40727,89.19441000,6141933.42527000,0
1771233300000,68886.01000000,68974.35000000,68803.35000000,68964.62000000,65.70478000,1771234199999,4525226.05924230,22805,35.27199000,2429445.78269710,0
1771234200000,68964.62000000,69060.77000000,68876.27000000,69029.54000000,156.53385000,1771235099999,10798988.79643790,36570,90.40458000,6236737.45784360,0
1771235100000,69029.54000000,69046.03000000,68941.47000000,68992.71000000,100.31366000,1771235999999,6921328.97091380,18241,56.65483000,3908807.10437570,0
1771236000000,68992.70000000,68992.71000000,68885.44000000,68945.91000000,97.93471000,1771236899999,6750815.12250130,17451,49.39890000,3405040.61971840,0
1771236900000,68945.92000000,68945.92000000,68690.85000000,68797.39000000,118.88142000,1771237799999,8180034.01631430,35327,47.34642000,3258413.67758140,0
1771237800000,68797.39000000,68933.59000000,68747.00000000,68785.32000000,75.02652000,1771238699999,5163417.87528940,33255,47.45022000,3265402.98846640,0
1771238700000,68785.32000000,68840.00000000,68765.47000000,68798.22000000,66.84109000,1771239599999,4599374.80804850,22765,27.79703000,1912659.55980560,0
1771239600000,68798.21000000,68848.49000000,68470.00000000,68515.88000000,141.98145000,1771240499999,9746152.12865780,51218,66.63069000,4575013.93965100,0
1771240500000,68515.88000000,68686.30000000,68338.90000000,68666.03000000,154.87245000,1771241399999,10609381.42816400,63891,80.54004000,5518432.01466930,0
1771241400000,68666.04000000,68717.53000000,68561.09000000,68585.81000000,56.19143000,1771242299999,3857184.45251980,28735,35.75663000,2454552.85778420,0
1771242300000,68585.81000000,68918.22000000,68585.81000000,68812.83000000,142.46226000,1771243199999,9796664.67197320,47535,91.54853000,6295688.36433600,0
1771243200000,68812.84000000,68983.99000000,68812.84000000,68897.93000000,171.66523000,1771244099999,11831297.71956710,54469,112.45529000,7750881.62794780,0
1771244100000,68897.94000000,69619.23000000,68807.54000000,69505.01000000,598.21339000,1771244999999,41441270.63989250,134432,386.01730000,26746028.16580150,0
1771245000000,69505.01000000,69554.74000000,69298.76000000,69436.93000000,409.70128000,1771245899999,28434203.26007590,126479,245.00901000,17004376.59210560,0
1771245900000,69436.93000000,69848.48000000,69368.58000000,69763.24000000,422.70039000,1771246799999,29448664.72345470,147544,279.76585000,19490662.04448990,0
1771246800000,69763.24000000,70126.67000000,69623.75000000,69662.00000000,377.04556000,1771247699999,26350802.05367850,128874,203.02500000,14190119.76789920,0
1771247700000,69662.01000000,69754.97000000,68520.07000000,68611.00000000,538.29601000,1771248599999,37182423.28451990,176224,238.26163000,16447990.15790060,0
1771248600000,68611.01000000,68899.28000000,68272.02000000,68430.65000000,504.40720000,1771249499999,34575437.07512630,191047,245.37487000,16825822.43893880,0
1771249500000,68430.65000000,68490.90000000,68225.00000000,68395.10000000,300.87189000,1771250399999,20563776.80093880,114655,159.10717000,10873816.45419180,0
1771250400000,68395.11000000,68563.56000000,68260.39000000,68413.82000000,289.13529000,1771251299999,19779250.09724480,102368,137.86680000,9432652.93256080,0
1771251300000,68413.81000000,68647.33000000,68263.20000000,68316.81000000,432.82962000,1771252199999,29654705.48953720,121348,326.16352000,22349461.83791530,0
1771252200000,68316.80000000,68630.00000000,68287.35000000,68504.81000000,205.69948000,1771253099999,14089726.44143730,121786,119.14421000,8160429.59476180,0
1771253100000,68504.81000000,68718.30000000,68290.01000000,68427.64000000,164.93601000,1771253999999,11294716.62134810,85411,91.18057000,6244086.19666900,0
1771254000000,68427.64000000,68607.22000000,68323.52000000,68338.80000000,349.66290000,1771254899999,23960810.21763410,103651,269.47506000,18467213.80603390,0
1771254900000,68338.80000000,68401.46000000,68243.06000000,68243.07000000,153.12551000,1771255799999,10463557.05981580,86454,80.82203000,5523294.37501700,0
1771255800000,68243.06000000,68257.28000000,67294.11000000,67449.07000000,1334.85262000,1771256699999,90228024.60163390,309652,505.11054000,34145927.51746260,0
1771256700000,67449.07000000,67709.99000000,67360.00000000,67539.52000000,310.42919000,1771257599999,20965762.82949150,145500,155.18386000,10480630.76407040,0
1771257600000,67539.53000000,67838.15000000,67513.94000000,67739.99000000,374.38791000,1771258499999,25346655.73489100,132438,168.33182000,11394121.12944190,0
1771258500000,67739.99000000,67805.90000000,67579.00000000,67777.47000000,149.52908000,1771259399999,10122015.42327770,81118,68.93099000,4666348.26864750,0
1771259400000,67777.47000000,67927.66000000,67609.75000000,67927.66000000,192.11928000,1771260299999,13015355.55990100,76251,93.40907000,6329215.53503190,0
1771260300000,67927.65000000,67974.86000000,67800.67000000,67888.70000000,179.54492000,1771261199999,12189507.40252020,79459,88.66495000,6019293.01285300,0
1771261200000,67888.70000000,67989.80000000,67709.82000000,67749.28000000,155.06390000,1771262099999,10520750.19184190,63463,77.92835000,5287448.08726230,0
1771262100000,67749.28000000,67973.04000000,67600.93000000,67929.61000000,147.31745000,1771262999999,9980781.78928900,54156,66.94388000,4536385.73919680,0
1771263000000,67929.61000000,68074.12000000,67891.17000000,68027.23000000,110.24897000,1771263899999,7497853.08938040,63128,69.45977000,4723727.67425960,0
1771263900000,68027.22000000,68027.22000000,67895.46000000,67951.86000000,89.13296000,1771264799999,6056241.91673760,45455,47.68222000,3239611.77812990,0
1771264800000,67951.85000000,68159.79000000,67913.77000000,68131.45000000,108.92738000,1771265699999,7414091.29033620,44931,68.54270000,4665492.29460820,0
1771265700000,68131.45000000,68245.34000000,68076.00000000,68135.43000000,215.23214000,1771266599999,14673944.67307120,50539,163.72803000,11163541.74134260,0
1771266600000,68135.43000000,68135.43000000,67969.84000000,68002.04000000,75.94940000,1771267499999,5167669.33511970,42805,40.92548000,2784586.70545700,0
1771267500000,68002.05000000,68034.30000000,67830.82000000,67860.13000000,206.13896000,1771268399999,13998003.45046120,39227,58.59116000,3980398.92013790,0
1771268400000,67860.13000000,67983.20000000,67860.13000000,67983.20000000,48.09170000,1771269299999,3266453.60594170,25965,29.79355000,2023605.92282630,0
1771269300000,67983.20000000,68041.40000000,67824.91000000,67970.25000000,92.82596000,1771270199999,6308429.57264150,41912,58.95946000,4007361.83192190,0
1771270200000,67970.26000000,68130.00000000,67970.26000000,68096.25000000,66.85348000,1771271099999,4549060.90565310,28188,44.00085000,2993899.47303920,0
1771271100000,68096.24000000,68105.55000000,67900.43000000,67913.43000000,55.20510000,1771271999999,3753051.43276450,21988,23.50061000,1597300.72295060,0
1771272000000,67913.44000000,67956.38000000,67827.11000000,67954.09000000,97.78534000,1771272899999,6639934.55890940,31782,48.21815000,3273826.83186610,0
1771272900000,67954.08000000,68238.55000000,67920.29000000,68227.73000000,108.33610000,1771273799999,7374491.38476740,40662,71.89860000,4894183.38010290,0
1771273800000,68227.73000000,68286.00000000,68102.00000000,68237.99000000,87.27230000,1771274699999,5951178.04112480,32844,52.71559000,3594341.32770550,0
1771274700000,68238.00000000,68549.14000000,68202.30000000,68530.00000000,164.19162000,1771275599999,11230710.70392970,55932,101.62821000,6950573.06162440,0
1771275600000,68530.00000000,68586.69000000,68427.18000000,68576.21000000,155.45388000,1771276499999,10649667.08797970,51912,100.22642000,6866196.90442480,0
1771276500000,68576.20000000,68625.80000000,68456.88000000,68525.99000000,126.49147000,1771277399999,8670964.46607710,54970,68.17850000,4673152.73707480,0
1771277400000,68525.99000000,68586.70000000,68457.30000000,68546.20000000,84.02417000,1771278299999,5756859.60757390,40911,52.02389000,3564192.55772520,0
1771278300000,68546.20000000,68933.85000000,68465.39000000,68862.88000000,168.30473000,1771279199999,11563671.72074980,56826,97.95182000,6729602.66779180,0
1771279200000,68862.89000000,68890.00000000,68683.17000000,68758.71000000,143.46413000,1771280099999,9867544.56127600,56995,62.54927000,4302417.25894480,0
1771280100000,68758.71000000,68821.68000000,68586.69000000,68601.00000000,120.96978000,1771280999999,8312657.52014590,37339,46.96031000,3226314.54926760,0
1771281000000,68600.99000000,68728.27000000,68515.75000000,68600.84000000,214.34050000,1771281899999,14715431.51084320,44894,128.44880000,8818144.37586700,0
1771281900000,68600.84000000,68672.73000000,68509.07000000,68591.02000000,77.98338000,1771282799999,5349673.73069960,40714,40.43852000,2773815.71099270,0
1771282800000,68591.01000000,68757.46000000,68538.57000000,68741.42000000,89.08517000,1771283699999,6117198.58828940,44268,51.20754000,3516160.07447520,0
1771283700000,68741.42000000,68837.10000000,68648.00000000,68648.01000000,69.44370000,1771284599999,4773058.05647540,30648,39.06646000,2685176.07234450,0
1771284600000,68648.01000000,68734.67000000,68620.00000000,68684.87000000,61.17102000,1771285499999,4201875.10648230,29916,37.05744000,2545360.28681440,0
1771285500000,68684.87000000,68978.88000000,68684.87000000,68892.43000000,129.25366000,1771286399999,8900522.44343640,39696,81.09573000,5584586.46570450,0
1771286400000,68892.43000000,68916.24000000,68750.27000000,68899.99000000,120.44230000,1771287299999,8290557.47245940,48193,58.00050000,3992301.71784660,0
1771287300000,68900.00000000,68930.29000000,68704.36000000,68880.59000000,85.03788000,1771288199999,5852240.72746440,41309,45.69166000,3144364.91809010,0
1771288200000,68880.59000000,68959.00000000,68837.01000000,68865.99000000,175.48055000,1771289099999,12087741.95572430,43364,121.01091000,8335196.50134830,0
1771289100000,68866.00000000,69042.74000000,68838.01000000,68878.27000000,95.73070000,1771289999999,6601319.33421500,52430,53.93555000,3719720.64575440,0
1771290000000,68878.27000000,68996.67000000,68786.66000000,68929.57000000,96.79639000,1771290899999,6667874.52330220,48646,51.47368000,3545972.32548900,0
1771290900000,68929.57000000,68966.70000000,68837.00000000,68865.21000000,85.31304000,1771291799999,5878753.36793170,30233,42.31209000,2915556.30412060,0
1771291800000,68865.21000000,68995.82000000,68825.94000000,68853.12000000,92.08474000,1771292699999,6346218.06036740,37998,41.79109000,2880069.53528000,0
1771292700000,68853.13000000,68886.32000000,68563.16000000,68618.11000000,225.69725000,1771293599999,15500889.65110800,57556,56.04514000,3849882.70284480,0
1771293600000,68618.12000000,69241.50000000,68387.20000000,69124.74000000,329.38869000,1771294499999,22670984.22748940,113988,152.49831000,10500487.35871350,0
1771294500000,69124.73000000,69183.98000000,68988.65000000,69041.60000000,127.37356000,1771295399999,8798808.56665970,51039,75.87770000,5241558.89245430,0
1771295400000,69041.60000000,69083.88000000,68912.17000000,68948.06000000,79.88619000,1771296299999,5510936.63895430,36099,33.68674000,2323883.24457800,0
1771296300000,68948.05000000,69043.40000000,68838.48000000,68838.48000000,89.00812000,1771297199999,6138331.36754350,38056,47.93629000,3306142.58749250,0
1771297200000,68838.48000000,68860.68000000,68638.17000000,68726.00000000,130.83279000,1771298099999,8990064.41826270,47869,46.14335000,3170195.57714590,0
1771298100000,68725.99000000,68762.06000000,68586.60000000,68652.00000000,74.90803000,1771298999999,5144865.72634720,36238,35.49747000,2437855.03568230,0
1771299000000,68651.99000000,68658.59000000,68493.64000000,68564.78000000,90.12395000,1771299899999,6180039.95655550,40191,43.78515000,3002172.05646100,0
1771299900000,68564.78000000,68584.35000000,68470.00000000,68474.90000000,71.99212000,1771300799999,4933786.04320350,26405,39.85245000,2731052.30121550,0
1771300800000,68474.90000000,68621.12000000,68392.96000000,68588.01000000,86.17668000,1771301699999,5903572.09249050,32339,38.73830000,2653988.12642940,0
1771301700000,68588.01000000,68707.49000000,68486.08000000,68603.95000000,83.52796000,1771302599999,5730579.29578670,30580,45.64138000,3131588.44228260,0
1771302600000,68603.95000000,68603.95000000,68288.00000000,68428.32000000,103.86432000,1771303499999,7103418.88257580,40777,48.06291000,3286504.58269890,0
1771303500000,68428.33000000,68499.60000000,68390.00000000,68481.67000000,56.12126000,1771304399999,3840910.91383800,23033,33.68471000,2305318.70952930,0
1771304400000,68481.68000000,68510.76000000,68333.31000000,68346.01000000,95.65723000,1771305299999,6547432.22915880,32831,30.48002000,2086112.14642440,0
1771305300000,68346.00000000,68357.35000000,67940.00000000,68052.01000000,280.51458000,1771306199999,19110072.82459340,80187,85.15612000,5800351.87906160,0
1771306200000,68052.00000000,68196.75000000,67892.00000000,68164.65000000,157.79409000,1771307099999,10737690.98998120,74243,77.64912000,5284526.73775340,0
1771307100000,68164.65000000,68285.90000000,68115.20000000,68245.71000000,99.11158000,1771307999999,6760297.00301560,37450,50.46878000,3442529.35954090,0
1771308000000,68245.71000000,68450.19000000,68242.49000000,68373.58000000,90.23371000,1771308899999,6166341.03496870,34840,47.09616000,3217826.60113480,0
1771308900000,68373.58000000,68475.19000000,68301.08000000,68433.58000000,50.66177000,1771309799999,3464248.02345600,29955,25.73812000,1760103.60575180,0
1771309800000,68433.57000000,68519.99000000,68391.64000000,68450.00000000,50.62848000,1771310699999,3465108.78702490,27167,21.27805000,1456399.12738270,0
1771310700000,68449.99000000,68477.09000000,68397.90000000,68400.00000000,38.86343000,1771311599999,2659232.68998750,18552,18.61203000,1273547.86704330,0
1771311600000,68400.01000000,68405.34000000,68266.00000000,68321.41000000,62.54053000,1771312499999,4274170.07655570,44841,23.35374000,1596060.80862890,0
1771312500000,68321.41000000,68383.83000000,68200.26000000,68211.49000000,68.06676000,1771313399999,4648137.32062950,34190,21.96471000,1500245.70653300,0
1771313400000,68211.48000000,68480.00000000,68165.02000000,68409.60000000,106.45496000,1771314299999,7275709.25529810,46572,54.35507000,3715086.27625170,0
1771314300000,68409.60000000,68476.27000000,68377.31000000,68388.12000000,77.68531000,1771315199999,5316431.04455410,23162,35.57436000,2434492.83610320,0
1771315200000,68388.12000000,68479.17000000,68372.49000000,68387.99000000,60.02725000,1771316099999,4107266.83252440,23101,28.41261000,1944132.06831680,0
1771316100000,68387.99000000,68388.00000000,68274.12000000,68299.56000000,81.12172000,1771316999999,5541306.25678270,34556,41.34771000,2824431.68596290,0
1771317000000,68299.56000000,68345.98000000,68145.81000000,68225.40000000,80.63399000,1771317899999,5501961.32669740,36737,34.25139000,2337054.05227680,0
1771317900000,68225.40000000,68262.00000000,68130.78000000,68177.53000000,64.18371000,1771318799999,4376285.55450300,26570,27.31521000,1862572.79641890,0
1771318800000,68177.53000000,68308.37000000,68060.98000000,68109.03000000,108.35096000,1771319699999,7390126.79835310,41476,57.81789000,3944013.92355010,0
1771319700000,68109.02000000,68165.95000000,67992.03000000,68031.33000000,108.98461000,1771320599999,7415421.04304490,43145,46.75492000,3181334.49093900,0
1771320600000,68031.34000000,68099.63000000,67996.68000000,68074.92000000,71.50723000,1771321499999,4865524.19124840,29248,39.36587000,2678510.57986950,0
1771321500000,68074.92000000,68171.85000000,68049.42000000,68126.28000000,115.34295000,1771322399999,7857818.11505340,29700,74.34634000,5064984.59000780,0
1771322400000,68126.29000000,68194.46000000,68074.70000000,68132.98000000,72.83374000,1771323299999,4962577.56244010,34553,32.64991000,2224670.71950500,0
1771323300000,68132.99000000,68132.99000000,67800.00000000,67916.30000000,193.27230000,1771324199999,13122340.60669350,69423,80.42941000,5460173.40129360,0
1771324200000,67916.30000000,67944.36000000,67755.00000000,67786.85000000,115.82621000,1771325099999,7859111.88944750,53463,49.37635000,3350103.96894840,0
1771325100000,67786.85000000,67857.87000000,67704.96000000,67845.30000000,122.46726000,1771325999999,8302010.99877290,47152,49.32870000,3343657.03642990,0
1771326000000,67845.30000000,67913.46000000,67690.00000000,67891.15000000,169.95948000,1771326899999,11528443.53397650,50653,64.98052000,4407946.73127220,0
1771326900000,67891.14000000,67935.73000000,67730.00000000,67900.00000000,165.91632000,1771327799999,11256535.49597590,38443,65.16280000,4420788.50566920,0
1771327800000,67900.00000000,67916.40000000,67735.39000000,67742.05000000,70.28278000,1771328699999,4767155.99796200,27653,22.72801000,1541464.95102860,0
1771328700000,67742.06000000,67899.05000000,67721.27000000,67854.60000000,101.51926000,1771329599999,6885372.92643780,35471,59.75334000,4052181.02812210,0
1771329600000,67854.60000000,68176.54000000,67827.52000000,68068.07000000,220.87583000,1771330499999,15024290.55752310,50698,113.70055000,7733457.86324890,0
1771330500000,68068.07000000,68157.44000000,68018.14000000,68107.81000000,99.36070000,1771331399999,6765524.81894280,41193,49.39910000,3363250.04119970,0
1771331400000,68107.81000000,68299.40000000,68085.63000000,68180.14000000,138.39261000,1771332299999,9438455.53661850,46091,75.32217000,5137069.18377970,0
1771332300000,68180.14000000,68184.64000000,67862.94000000,67919.49000000,149.31122000,1771333199999,10155068.59231960,46553,49.25954000,3350169.65244750,0
1771333200000,67919.49000000,68115.30000000,67734.36000000,68101.08000000,180.90985000,1771334099999,12289781.81398160,83953,101.61288000,6904650.20896970,0
1771334100000,68101.09000000,68360.50000000,67986.20000000,68122.14000000,220.51283000,1771334999999,15034286.28834040,72929,127.98234000,8726975.61431840,0
1771335000000,68122.15000000,68125.20000000,67963.00000000,68019.92000000,101.33580000,1771335899999,6893330.39382340,45828,41.59166000,2829093.46164030,0
1771335900000,68019.93000000,68356.85000000,67989.85000000,68136.34000000,214.11885000,1771336799999,14596369.88533440,66535,132.40569000,9025911.62061910,0
1771336800000,68136.35000000,68337.60000000,68056.29000000,68097.67000000,179.50757000,1771337699999,12241098.23243340,52131,65.59265000,4473591.37646830,0
1771337700000,68097.67000000,68187.07000000,67984.40000000,68026.68000000,217.78561000,1771338599999,14831099.13709290,44449,74.87396000,5099356.93668390,0
1771338600000,68026.68000000,68250.46000000,66902.15000000,67103.87000000,1155.38057000,1771339499999,78073448.67334260,292236,364.89548000,24673173.43043170,0
1771339500000,67103.87000000,67115.59000000,66734.30000000,66875.06000000,775.96264000,1771340399999,51915789.42479410,267678,381.69088000,25540124.07353010,0
1771340400000,66875.06000000,67210.00000000,66795.55000000,66800.02000000,572.51095000,1771341299999,38366509.56717360,231840,249.23249000,16705515.55359720,0
1771341300000,66800.02000000,67166.41000000,66734.99000000,66845.00000000,715.50346000,1771342199999,47907983.93101660,208747,233.64994000,15643073.01232170,0
1771342200000,66845.00000000,67005.00000000,66621.06000000,67005.00000000,622.65003000,1771343099999,41609901.97128310,171252,258.06278000,17246268.03805670,0
1771343100000,67005.00000000,67409.99000000,66992.52000000,67392.05000000,398.37686000,1771343999999,26785127.44029060,159303,199.89296000,13438488.09674840,0
1771344000000,67392.06000000,67970.80000000,67317.60000000,67743.88000000,522.73381000,1771344899999,35404464.55820730,191212,274.55617000,18593399.70799620,0
1771344900000,67743.88000000,67940.50000000,67508.95000000,67531.95000000,258.18860000,1771345799999,17490985.11538960,127434,118.27413000,8013624.37258210,0
1771345800000,67531.94000000,68158.10000000,67433.05000000,67701.26000000,421.76793000,1771346699999,28632004.46623420,154828,233.60348000,15863045.36818200,0
1771346700000,67701.27000000,67793.99000000,67503.69000000,67517.36000000,246.07617000,1771347599999,16644357.93210010,114189,91.37326000,6181597.53355900,0
1771347600000,67517.36000000,67714.28000000,67072.07000000,67266.89000000,279.52025000,1771348499999,18840911.89027140,125395,102.25080000,6891494.72674190,0
1771348500000,67266.89000000,67468.00000000,67200.01000000,67467.46000000,261.14313000,1771349399999,17575140.82070230,99697,153.56232000,10334214.44518320,0
1771349400000,67467.46000000,67496.60000000,66970.00000000,67005.99000000,371.08831000,1771350299999,24919298.58972670,96155,137.75541000,9245361.64196090,0
1771350300000,67006.00000000,67310.30000000,66881.08000000,67244.22000000,232.63422000,1771351199999,15614556.29112580,82445,100.96791000,6778407.54868290,0
1771351200000,67244.22000000,67389.83000000,67127.86000000,67357.03000000,135.90451000,1771352099999,9138194.98210210,78846,48.95543000,3291850.54443750,0
1771352100000,67357.02000000,67815.41000000,67242.84000000,67739.40000000,189.98511000,1771352999999,12839919.33143720,100498,100.49220000,6791213.49114310,0
1771353000000,67739.40000000,68138.34000000,67688.90000000,67974.36000000,213.28248000,1771353899999,14489446.12273150,85296,132.30555000,8990956.53084500,0
1771353900000,67974.36000000,68227.41000000,67853.03000000,68098.62000000,285.76205000,1771354799999,19449086.20554630,93942,186.59317000,12700660.14720250,0
1771354800000,68098.63000000,68197.00000000,67990.72000000,68173.47000000,267.43451000,1771355699999,18205744.03769340,70772,208.51215000,14195375.54779870,0
1771355700000,68173.47000000,68235.39000000,67862.00000000,67880.20000000,238.01537000,1771356599999,16193529.93138440,74077,134.28256000,9137088.49189290,0
1771356600000,67880.20000000,67995.63000000,67793.99000000,67990.79000000,104.06281000,1771357499999,7063790.40962970,57246,47.80587000,3245254.06746650,0
1771357500000,67990.79000000,68064.00000000,67695.45000000,67793.32000000,176.36758000,1771358399999,11957749.02205920,58188,43.51854000,2953229.42438160,0
1771358400000,67793.32000000,67846.61000000,67547.58000000,67602.00000000,177.50126000,1771359299999,12011075.01992830,69268,50.23574000,3398868.05166100,0
1771359300000,67601.99000000,67788.43000000,67484.16000000,67735.60000000,108.05384000,1771360199999,7304669.69501150,59996,50.16728000,3391712.11430090,0
1771360200000,67735.60000000,67928.08000000,67538.56000000,67857.97000000,94.44517000,1771361099999,6397462.30384040,54991,56.28282000,3812456.80290180,0
1771361100000,67857.97000000,67889.10000000,67724.80000000,67753.30000000,91.88596000,1771361999999,6228523.65369950,37475,44.32597000,3004682.69493920,0
1771362000000,67753.30000000,67899.82000000,67665.78000000,67885.23000000,83.71344000,1771362899999,5671164.06289760,37735,50.18793000,3400256.40340300,0
1771362900000,67885.22000000,67926.29000000,67581.07000000,67590.85000000,57.20077000,1771363799999,3872224.84221510,32734,22.16805000,1500602.61620380,0
1771363800000,67590.85000000,67608.00000000,67538.00000000,67590.80000000,49.75201000,1771364699999,3361800.71221660,19527,22.55747000,1524062.15470490,0
1771364700000,67590.80000000,67688.04000000,67572.96000000,67680.54000000,62.58405000,1771365599999,4231970.09407360,20478,23.66353000,1600376.03010100,0
1771365600000,67680.55000000,67686.74000000,67525.64000000,67587.83000000,45.96017000,1771366499999,3106640.11903270,18748,17.38482000,1175064.80089720,0
1771366500000,67587.83000000,67700.00000000,67533.30000000,67699.99000000,50.50094000,1771367399999,3415645.62354160,19080,30.74153000,2079277.91005620,0
1771367400000,67699.99000000,67788.42000000,67614.03000000,67629.62000000,45.56805000,1771368299999,3086015.37863630,19927,29.16543000,1975531.63190550,0
1771368300000,67629.62000000,67644.69000000,67513.42000000,67527.72000000,34.94425000,1771369199999,2361370.79402870,20317,15.17350000,1025321.80206160,0
1771369200000,67527.72000000,67555.16000000,67395.51000000,67467.05000000,109.87049000,1771370099999,7413122.60523640,37697,51.72013000,3489288.36773500,0
1771370100000,67467.04000000,67617.46000000,67441.25000000,67444.05000000,44.31707000,1771370999999,2992750.40034070,26042,23.75675000,1604195.79600880,0
1771371000000,67444.06000000,67534.65000000,67394.00000000,67526.84000000,52.65917000,1771371899999,3553011.10992230,28486,21.47872000,1449167.52559730,0
1771371900000,67526.85000000,67585.37000000,67489.99000000,67503.52000000,33.42163000,1771372799999,2256935.27812260,19039,18.05474000,1219269.38996830,0
1771372800000,67503.52000000,67627.97000000,67501.82000000,67625.38000000,32.01906000,1771373699999,2163665.35853650,24131,16.45455000,1111965.27998650,0
1771373700000,67625.38000000,67625.39000000,67442.00000000,67495.79000000,35.69633000,1771374599999,2411241.74496130,27083,14.82197000,1001166.92952970,0
1771374600000,67495.79000000,67610.37000000,67460.00000000,67460.00000000,35.64663000,1771375499999,2407796.96462870,22234,13.32839000,900428.46850180,0
1771375500000,67460.01000000,67460.01000000,67290.30000000,67302.65000000,83.63625000,1771376399999,5632829.43936530,35594,29.98412000,2019363.86572980,0
1771376400000,67302.65000000,67378.26000000,67055.97000000,67100.78000000,171.94959000,1771377299999,11549761.16797190,56874,60.97885000,4095473.25079030,0
1771377300000,67100.79000000,67233.15000000,67045.99000000,67053.18000000,79.42036000,1771378199999,5332959.15604360,32647,36.56062000,2455423.93737690,0
1771378200000,67053.19000000,67189.45000000,66892.03000000,67176.07000000,181.78198000,1771379099999,12182622.50282140,53926,101.37472000,6794642.49962790,0
1771379100000,67176.07000000,67198.64000000,67062.06000000,67165.20000000,112.53637000,1771379999999,7555416.77932660,31677,69.95203000,4696267.53409450,0
1771380000000,67165.21000000,67400.00000000,67153.36000000,67277.03000000,85.64565000,1771380899999,5762870.74282860,35813,50.46743000,3395978.58307560,0
1771380900000,67277.02000000,67328.81000000,67220.00000000,67220.00000000,57.39632000,1771381799999,3861512.29496490,28411,23.59938000,1587763.12833100,0
1771381800000,67220.01000000,67421.99000000,67213.08000000,67366.19000000,61.60758000,1771382699999,4149101.00595190,26895,35.85161000,2414418.86281170,0
1771382700000,67366.19000000,67373.85000000,67268.48000000,67335.04000000,45.99086000,1771383599999,3096889.50234530,23413,19.47365000,1311305.23376700,0
1771383600000,67335.04000000,67470.82000000,67326.98000000,67416.30000000,64.14028000,1771384499999,4323139.44901560,25174,31.08980000,2095526.27694540,0
1771384500000,67416.30000000,67557.01000000,67408.78000000,67539.43000000,62.53484000,1771385399999,4219622.63033480,20327,30.19173000,2037185.88830160,0
1771385400000,67539.44000000,67650.00000000,67514.53000000,67632.74000000,61.78132000,1771386299999,4175615.57330760,24847,27.88001000,1884232.42050570,0
1771386300000,67632.73000000,67705.65000000,67580.63000000,67629.11000000,55.10417000,1771387199999,3728383.46495100,26008,34.79781000,2354559.01206540,0
1771387200000,67629.10000000,67718.75000000,67500.10000000,67562.22000000,85.70558000,1771388099999,5791733.68652980,33698,33.91632000,2291998.07627720,0
1771388100000,67562.22000000,67674.55000000,67556.00000000,67674.00000000,45.01641000,1771388999999,3044120.57566090,17689,17.91601000,1211423.55732310,0
1771389000000,67674.00000000,67754.99000000,67632.01000000,67694.50000000,116.91423000,1771389899999,7913864.25501310,19519,90.22681000,6106962.12215480,0
1771389900000,67694.50000000,67900.00000000,67659.60000000,67823.54000000,81.04847000,1771390799999,5493758.00221650,20856,49.71413000,3369988.15966290,0
1771390800000,67823.55000000,67896.17000000,67748.78000000,67880.01000000,58.31757000,1771391699999,3954493.62129970,21514,29.18811000,1979344.58682400,0
1771391700000,67880.00000000,67938.00000000,67702.70000000,67723.62000000,89.95233000,1771392599999,6101036.59714720,28001,33.26161000,2256107.76309760,0
1771392600000,67723.62000000,67760.81000000,67617.18000000,67649.53000000,83.48905000,1771393499999,5651162.21671100,31524,43.77810000,2962865.46123540,0
1771393500000,67649.53000000,67730.00000000,67606.45000000,67654.80000000,80.12524000,1771394399999,5421453.22741870,23605,46.46813000,3144224.99621050,0
1771394400000,67654.81000000,67801.66000000,67614.91000000,67801.66000000,47.42240000,1771395299999,3211149.58713030,18355,29.70431000,2012068.25146590,0
1771395300000,67801.66000000,67900.00000000,67743.86000000,67869.16000000,82.50852000,1771396199999,5595106.70127190,23909,51.76435000,3509721.97532800,0
1771396200000,67869.15000000,67948.77000000,67830.00000000,67912.55000000,74.90283000,1771397099999,5085498.00773660,27210,52.71346000,3578963.86159230,0
1771397100000,67912.55000000,67976.51000000,67822.67000000,67850.52000000,59.92252000,1771397999999,4068606.30616130,23431,32.09584000,2179598.04280510,0
1771398000000,67850.53000000,67883.79000000,67750.45000000,67758.66000000,39.60107000,1771398899999,2686102.29064820,22219,17.09965000,1159965.76252410,0
1771398900000,67758.66000000,67783.92000000,67702.70000000,67751.14000000,45.62237000,1771399799999,3090645.84224270,20909,17.36745000,1176526.97720780,0
1771399800000,67751.15000000,68103.90000000,67751.14000000,68074.00000000,250.63516000,1771400699999,17038011.38678740,41855,204.38623000,13894564.94530860,0
1771400700000,68074.00000000,68219.81000000,68026.00000000,68106.44000000,192.63586000,1771401599999,13127231.25411950,37088,86.75357000,5912368.82965810,0
1771401600000,68106.44000000,68272.80000000,68095.06000000,68221.20000000,119.04059000,1771402499999,8116888.88624070,36792,84.88446000,5787921.81020840,0
1771402500000,68221.19000000,68476.22000000,68208.00000000,68287.35000000,185.69630000,1771403399999,12694408.75540670,65147,105.92348000,7241718.09496850,0
1771403400000,68287.35000000,68300.01000000,68121.56000000,68169.90000000,96.45222000,1771404299999,6578076.47860540,36061,41.21637000,2810515.84211220,0
1771404300000,68169.90000000,68224.66000000,68071.58000000,68132.82000000,131.50881000,1771405199999,8961241.32604550,33158,56.08598000,3821989.73249160,0
1771405200000,68132.83000000,68210.00000000,68010.11000000,68192.84000000,99.94271000,1771406099999,6804448.93381870,33364,39.94129000,2719883.76113190,0
1771406100000,68192.84000000,68256.34000000,68149.87000000,68149.87000000,90.72218000,1771406999999,6188037.55121890,33053,45.53468000,3105965.24715410,0
1771407000000,68149.88000000,68276.00000000,68134.00000000,68276.00000000,60.23070000,1771407899999,4108965.57505700,18654,30.20065000,2060063.91947160,0
1771407900000,68276.00000000,68276.00000000,68148.47000000,68157.79000000,88.47563000,1771408799999,6034211.33885910,20325,33.20968000,2264863.87672450,0
1771408800000,68157.80000000,68184.41000000,68084.78000000,68164.22000000,71.94008000,1771409699999,4901454.51394180,22911,29.67105000,2021528.31705010,0
1771409700000,68164.22000000,68164.22000000,67977.03000000,68041.90000000,109.32012000,1771410599999,7438674.93803510,19283,50.14544000,3412705.10133270,0
1771410600000,68041.91000000,68041.91000000,67731.95000000,67780.22000000,127.54938000,1771411499999,8658749.37214790,34430,27.61498000,1874053.32097170,0
1771411500000,67780.22000000,67852.32000000,67762.37000000,67801.26000000,86.30229000,1771412399999,5852044.60576140,33426,43.78086000,2968713.33032370,0
1771412400000,67801.26000000,67805.08000000,67076.90000000,67389.89000000,375.52636000,1771413299999,25273422.36219140,95566,204.87128000,13779017.65210960,0
1771413300000,67389.88000000,67496.60000000,67234.00000000,67455.43000000,102.03058000,1771414199999,6873611.15681100,45974,52.77888000,3556196.07464370,0
1771414200000,67455.43000000,67585.59000000,67415.66000000,67553.52000000,97.13830000,1771415099999,6556122.63082740,38651,59.73372000,4031533.65484520,0
1771415100000,67553.53000000,67599.70000000,67358.00000000,67369.75000000,80.27833000,1771415999999,5417637.39874330,36313,42.19570000,2847792.78996240,0
1771416000000,67369.75000000,67689.76000000,67369.09000000,67592.73000000,138.76151000,1771416899999,9373139.71494290,54373,74.99842000,5066754.72749900,0
1771416900000,67592.72000000,67643.35000000,67486.51000000,67569.31000000,64.87095000,1771417799999,4383090.41795580,32459,27.40769000,1851734.06405270,0
1771417800000,67569.31000000,67584.82000000,67345.00000000,67547.19000000,190.17146000,1771418699999,12834459.37976230,47527,63.75262000,4301127.97449920,0
1771418700000,67547.20000000,67599.70000000,67450.61000000,67458.06000000,65.70370000,1771419599999,4438081.98956050,23222,39.57816000,2673711.25789360,0
1771419600000,67458.06000000,67587.50000000,67383.41000000,67536.97000000,67.62624000,1771420499999,4564763.40344700,34272,35.63077000,2404866.84199810,0
1771420500000,67536.97000000,67599.70000000,67420.00000000,67480.18000000,76.16911000,1771421399999,5141618.80255420,25498,34.06665000,2299587.78778620,0
1771421400000,67480.19000000,67490.64000000,67224.36000000,67287.84000000,199.16467000,1771422299999,13418825.17720970,35906,128.43138000,8654327.37865730,0
1771422300000,67287.84000000,67316.38000000,67051.81000000,67236.88000000,206.48563000,1771423199999,13870109.01851400,61030,90.47497000,6077370.34472430,0
1771423200000,67236.89000000,67362.26000000,67219.40000000,67280.25000000,232.30092000,1771424099999,15626270.73347460,41766,121.73111000,8187882.62893340,0
1771424100000,67280.24000000,67298.01000000,67063.04000000,67086.01000000,170.56118000,1771424999999,11451604.26320140,42135,54.66894000,3670840.64149620,0
1771425000000,67086.00000000,67329.90000000,67000.00000000,67144.67000000,461.24306000,1771425899999,30970339.60113690,190221,257.06356000,17264545.91842160,0
1771425900000,67144.67000000,67311.40000000,66717.30000000,67223.76000000,689.61156000,1771426799999,46228115.51059480,141019,378.10872000,25360509.04675010,0
1771426800000,67223.77000000,67543.20000000,67192.25000000,67369.78000000,380.36199000,1771427699999,25626533.10149260,108637,246.94550000,16636802.23821670,0
1771427700000,67369.78000000,67515.23000000,67317.37000000,67320.87000000,216.19679000,1771428599999,14571937.31395720,88626,93.88420000,6327858.27042400,0
1771428600000,67320.86000000,68347.72000000,67295.89000000,68109.60000000,828.47448000,1771429499999,56343290.08409810,153080,453.91748000,30863053.59819660,0
1771429500000,68109.59000000,68124.86000000,67613.09000000,67694.01000000,342.43370000,1771430399999,23248842.14603090,101877,168.32006000,11426686.93373950,0
1771430400000,67694.01000000,67706.94000000,66995.97000000,67072.01000000,470.79403000,1771431299999,31660036.18692430,140569,224.04516000,15065849.58586310,0
1771431300000,67072.01000000,67369.49000000,66994.23000000,67256.05000000,276.07245000,1771432199999,18551982.28009770,86716,165.99661000,11154870.85285820,0
1771432200000,67256.05000000,67332.98000000,67045.00000000,67230.83000000,159.41776000,1771433099999,10709210.49817550,65673,71.31227000,4790937.50023090,0
1771433100000,67230.84000000,67277.70000000,67037.20000000,67145.34000000,123.02978000,1771433999999,8261045.98706010,54561,67.81651000,4553334.76615420,0
1771434000000,67145.35000000,67486.97000000,67057.13000000,67084.00000000,154.35396000,1771434899999,10381363.34592270,71265,80.81650000,5434853.56000990,0
1771434900000,67084.00000000,67199.03000000,67057.93000000,67141.62000000,180.79434000,1771435799999,12136187.54309690,62477,141.39856000,9491371.08628600,0
1771435800000,67141.62000000,67246.20000000,67085.63000000,67096.70000000,182.97357000,1771436699999,12286399.30315490,43666,100.14799000,6725475.92168160,0
1771436700000,67096.71000000,67228.99000000,67085.00000000,67187.39000000,158.85461000,1771437599999,10667433.62523690,44433,100.45842000,6746276.19068340,0
1771437600000,67187.40000000,67229.76000000,67085.00000000,67121.03000000,82.02692000,1771438499999,5507240.11287680,37013,39.57721000,2657075.04261420,0
1771438500000,67121.03000000,67167.63000000,66639.00000000,66882.41000000,309.10063000,1771439399999,20664736.63892340,95682,113.59114000,7594882.92923590,0
1771439400000,66882.41000000,66939.90000000,66307.60000000,66342.30000000,527.23837000,1771440299999,35096338.70008430,101112,181.51661000,12091341.77746520,0
1771440300000,66342.31000000,66544.68000000,66200.00000000,66359.99000000,386.12539000,1771441199999,25625548.22049520,103712,223.25691000,14819076.94749440,0
1771441200000,66360.00000000,66619.00000000,66310.78000000,66371.90000000,249.04616000,1771442099999,16554351.34925000,85193,142.77753000,9490960.17785700,0
1771442100000,66371.89000000,66478.58000000,66115.57000000,66274.49000000,260.77517000,1771442999999,17288052.61568490,109814,116.59916000,7730258.20274250,0
1771443000000,66274.31000000,66307.79000000,65870.00000000,66163.20000000,551.08608000,1771443899999,36394023.39380530,117852,179.67666000,11868213.62799490,0
1771443900000,66163.20000000,66386.17000000,66062.54000000,66177.14000000,240.23471000,1771444799999,15909284.43223110,86592,121.02741000,8014930.74601890,0
1771444800000,66177.15000000,66358.57000000,66141.90000000,66259.64000000,153.65253000,1771445699999,10181516.26797400,66693,81.62835000,5408960.90291940,0
1771445700000,66259.63000000,66374.99000000,66160.23000000,66301.60000000,134.39860000,1771446599999,8905993.82955260,51541,78.80821000,5222049.87751610,0
1771446600000,66301.59000000,66550.00000000,66294.84000000,66429.22000000,127.36080000,1771447499999,8463964.61099270,45642,74.67608000,4963206.97043400,0
1771447500000,66429.23000000,66522.96000000,66160.96000000,66268.39000000,267.50194000,1771448399999,17738524.75276600,63663,115.43903000,7654793.08754760,0
1771448400000,66268.40000000,66341.04000000,66053.60000000,66207.26000000,286.29043000,1771449299999,18942400.12006800,53665,130.90709000,8662664.19689440,0
1771449300000,66207.25000000,66411.80000000,66190.94000000,66411.79000000,112.47869000,1771450199999,7460521.46353340,31369,74.33938000,4930725.87137390,0
1771450200000,66411.79000000,66504.20000000,66352.38000000,66438.43000000,181.43493000,1771451099999,12055167.52572710,28723,46.35246000,3079247.21592910,0
1771451100000,66438.44000000,66466.36000000,66267.23000000,66342.76000000,329.16987000,1771451999999,21858496.26249380,29671,178.86464000,11875567.88912670,0
1771452000000,66342.76000000,66391.21000000,66232.02000000,66258.00000000,164.61071000,1771452899999,10918846.04939570,23320,113.33407000,7517628.88226880,0
1771452900000,66257.99000000,66373.92000000,66235.19000000,66324.00000000,65.05427000,1771453799999,4314285.37639430,21799,31.96756000,2119829.29525800,0
1771453800000,66324.01000000,66461.22000000,66324.01000000,66400.01000000,68.35911000,1771454699999,4539272.40485270,20821,41.05934000,2726342.25696590,0
1771454700000,66400.00000000,66477.70000000,66399.01000000,66408.82000000,54.06725000,1771455599999,3591709.31167460,19976,21.84491000,1451090.26938070,0
1771455600000,66408.83000000,66446.50000000,66275.71000000,66379.09000000,83.04766000,1771456499999,5509766.83131100,30993,41.96472000,2783667.76233800,0
1771456500000,66379.09000000,66399.87000000,66285.58000000,66314.18000000,69.64442000,1771457399999,4620170.22000700,20791,38.11686000,2528558.75112200,0
1771457400000,66314.18000000,66482.97000000,66314.17000000,66470.70000000,104.91499000,1771458299999,6968112.73100690,24888,62.80285000,4171443.41376770,0
1771458300000,66470.70000000,66502.49000000,66431.26000000,66461.00000000,65.52953000,1771459199999,4355124.84425980,17920,43.00739000,2858175.86162570,0
1771459200000,66461.00000000,66597.03000000,66399.08000000,66411.04000000,112.40032000,1771460099999,7472730.79181670,28553,65.62817000,4363866.71425780,0
1771460100000,66411.05000000,66548.76000000,66345.00000000,66405.07000000,91.16991000,1771460999999,6057902.49463360,29817,45.87419000,3047527.92426840,0
1771461000000,66405.08000000,66550.30000000,66356.01000000,66532.00000000,35.16347000,1771461899999,2337300.52141450,18431,24.93744000,1657658.57154870,0
1771461900000,66532.00000000,66558.95000000,66390.90000000,66446.49000000,58.68854000,1771462799999,3900336.44922470,19965,34.17281000,2270879.69631920,0
1771462800000,66446.49000000,66770.00000000,66446.48000000,66705.94000000,133.28132000,1771463699999,8880720.91007870,36820,91.27357000,6080941.20083150,0
1771463700000,66705.93000000,66738.23000000,66539.50000000,66704.35000000,106.52071000,1771464599999,7102646.24136140,27883,50.46289000,3364433.39400060,0
1771464600000,66704.35000000,66823.54000000,66622.00000000,66798.41000000,96.26144000,1771465499999,6424678.61002720,33925,56.98850000,3803507.98889900,0
1771465500000,66798.41000000,66884.16000000,66756.44000000,66866.62000000,79.08324000,1771466399999,5285380.20840050,21918,51.25282000,3425070.29666990,0
1771466400000,66866.63000000,66870.78000000,66756.15000000,66827.71000000,62.14008000,1771467299999,4151632.75677610,26514,28.88361000,1929613.23647870,0
1771467300000,66827.72000000,66958.90000000,66808.20000000,66939.51000000,95.83826000,1771468199999,6410449.81239020,26470,48.79246000,3263812.14476580,0
1771468200000,66939.51000000,66941.46000000,66639.99000000,66662.72000000,127.00492000,1771469099999,8480587.09920340,35633,45.35896000,3028902.24711370,0
1771469100000,66662.72000000,66871.98000000,66662.72000000,66835.20000000,77.60543000,1771469999999,5179309.40801480,21099,55.51873000,3704964.39985420,0
1771470000000,66835.20000000,66887.03000000,66727.27000000,66799.07000000,42.98928000,1771470899999,2872066.03181150,23183,19.88192000,1328380.46597030,0
1771470900000,66799.08000000,66963.44000000,66799.07000000,66956.44000000,59.38977000,1771471799999,3974377.29367750,21679,35.42851000,2370867.14701420,0
1771471800000,66956.44000000,66956.45000000,66842.39000000,66909.99000000,85.31643000,1771472699999,5707131.97968480,19901,40.36581000,2700347.44039170,0
1771472700000,66910.00000000,66997.07000000,66856.25000000,66980.91000000,74.37980000,1771473599999,4978226.81620800,19429,34.70357000,2323071.04846400,0
1771473600000,66980.91000000,67070.56000000,66945.80000000,66985.58000000,95.30536000,1771474499999,6385692.66389920,24261,52.32838000,3506019.25139100,0
1771474500000,66985.57000000,66985.58000000,66851.78000000,66888.17000000,120.50578000,1771475399999,8063027.50827470,25257,69.23944000,4633114.07347660,0
1771475400000,66888.16000000,66945.80000000,66815.97000000,66816.04000000,94.99110000,1771476299999,6354928.68772060,24605,50.49521000,3378234.64943180,0
1771476300000,66816.05000000,66892.00000000,66759.00000000,66802.75000000,78.21478000,1771477199999,5226424.72676540,22249,38.29316000,2558910.51166440,0
1771477200000,66802.74000000,66846.00000000,66679.76000000,66773.58000000,74.28961000,1771478099999,4960033.75461970,27113,28.53004000,1904752.51603880,0
1771478100000,66773.58000000,66893.06000000,66687.68000000,66741.53000000,64.27125000,1771478999999,4291669.62728360,28940,28.28886000,1889243.59354940,0
1771479000000,66741.53000000,66819.75000000,66719.49000000,66774.70000000,66.45149000,1771479899999,4437210.48175820,31075,26.20749000,1750023.29466250,0
1771479900000,66774.70000000,66877.90000000,66727.00000000,66871.35000000,48.78160000,1771480799999,3259531.82333900,19949,25.89349000,1730256.44562730,0
1771480800000,66871.34000000,67000.00000000,66865.43000000,66993.71000000,140.96422000,1771481699999,9435706.59594260,26555,46.12944000,3088369.91146630,0
1771481700000,66993.70000000,67211.99000000,66961.00000000,67176.84000000,116.92681000,1771482599999,7848668.80813710,35669,71.26004000,4783419.16760840,0
1771482600000,67176.84000000,67290.40000000,67085.76000000,67104.83000000,120.30688000,1771483499999,8080012.35740120,38781,61.01356000,4097995.81596100,0
1771483500000,67104.83000000,67204.61000000,67100.04000000,67150.12000000,90.39842000,1771484399999,6070722.91918500,20618,38.10104000,2558360.62526950,0
1771484400000,67150.12000000,67207.65000000,67028.70000000,67141.75000000,98.62045000,1771485299999,6618189.53552930,31893,57.07440000,3829906.16397660,0
1771485300000,67141.75000000,67265.11000000,67141.74000000,67213.02000000,121.68928000,1771486199999,8179271.98720930,27041,56.17840000,3775517.45440160,0
1771486200000,67213.02000000,67320.00000000,67111.37000000,67193.46000000,140.72158000,1771487099999,9459885.16911040,34577,85.57560000,5753580.38686670,0
1771487100000,67193.46000000,67219.90000000,67144.04000000,67206.45000000,120.72127000,1771487999999,8111431.15513450,21967,58.61639000,3938224.38281980,0
1771488000000,67206.45000000,67206.45000000,67034.00000000,67062.91000000,235.37160000,1771488899999,15792246.81858320,35748,66.80741000,4481348.88838640,0
1771488900000,67062.91000000,67100.00000000,66872.60000000,66914.43000000,100.12627000,1771489799999,6706127.61628110,37066,39.34965000,2635396.21283980,0
1771489800000,66914.44000000,66955.06000000,66785.56000000,66933.82000000,126.93669000,1771490699999,8489328.98458070,46543,57.60095000,3852229.79231680,0
1771490700000,66933.81000000,66979.22000000,66832.92000000,66966.12000000,97.32913000,1771491599999,6512938.48902150,34231,50.88923000,3405494.06875190,0
1771491600000,66966.12000000,67045.40000000,66877.68000000,67019.53000000,105.21917000,1771492499999,7046042.94848050,41547,55.28207000,3702430.90877050,0
1771492500000,67019.54000000,67191.83000000,66995.49000000,67133.86000000,77.09926000,1771493399999,5171899.72478620,29562,54.05828000,3626203.98581820,0
1771493400000,67133.87000000,67147.21000000,67039.84000000,67075.63000000,91.78897000,1771494299999,6158184.86786870,28825,33.51653000,2248603.73096830,0
1771494300000,67075.64000000,67075.64000000,66754.23000000,66836.00000000,189.18588000,1771495199999,12650699.13307400,50487,54.42965000,3637874.08305810,0
1771495200000,66836.01000000,66925.25000000,66741.77000000,66871.21000000,113.35822000,1771496099999,7576188.23077770,53295,54.80984000,3662849.59826900,0
1771496100000,66871.20000000,66931.97000000,66864.11000000,66871.21000000,109.87713000,1771496999999,7349647.93270850,26254,46.77693000,3128927.40036370,0
1771497000000,66871.21000000,66958.40000000,66807.01000000,66958.30000000,83.46368000,1771497899999,5581275.87895560,32405,48.51589000,3244182.67262640,0
1771497900000,66958.30000000,66958.30000000,66770.35000000,66843.08000000,61.55518000,1771498799999,4114180.10204620,26514,28.31263000,1892227.04376090,0
1771498800000,66843.08000000,66927.91000000,66823.50000000,66919.87000000,61.93313000,1771499699999,4141840.17111610,18759,34.82725000,2329306.08409790,0
1771499700000,66919.87000000,66936.42000000,66840.20000000,66840.92000000,50.51420000,1771500599999,3378618.05867960,17483,19.05048000,1274201.60979720,0
1771500600000,66840.93000000,66850.18000000,66652.16000000,66673.30000000,169.08350000,1771501499999,11286457.41168790,33853,45.67987000,3047726.99879590,0
1771501500000,66673.30000000,66719.99000000,66478.02000000,66496.02000000,206.49378000,1771502399999,13746275.27273380,53725,74.51859000,4960021.22613320,0
1771502400000,66496.03000000,66576.22000000,66325.34000000,66564.14000000,173.20515000,1771503299999,11509722.30840320,58476,86.99536000,5781519.79635080,0
1771503300000,66564.13000000,66680.70000000,66489.09000000,66669.51000000,128.75016000,1771504199999,8572485.52206170,39916,87.80124000,5846254.89791230,0
1771504200000,66669.50000000,66673.81000000,66460.42000000,66608.00000000,128.95289000,1771505099999,8587279.19464690,33027,62.36140000,4152881.69353910,0
1771505100000,66608.00000000,66634.04000000,66502.56000000,66516.67000000,53.50205000,1771505999999,3559954.32252650,26924,27.80352000,1849950.30179760,0
1771506000000,66516.67000000,66556.59000000,66230.26000000,66387.99000000,178.38542000,1771506899999,11840813.55112350,65807,75.04844000,4981111.44470150,0
1771506900000,66387.99000000,66418.21000000,66137.14000000,66179.23000000,309.85766000,1771507799999,20526720.73834720,77730,162.66857000,10776497.16395560,0
1771507800000,66179.23000000,66306.63000000,65925.70000000,65965.59000000,527.84532000,1771508699999,34893085.35200990,88801,181.55480000,12008320.92094210,0
1771508700000,65965.59000000,65999.80000000,65763.00000000,65913.37000000,361.41687000,1771509599999,23815852.32776330,112523,202.51031000,13344686.70179120,0
1771509600000,65913.38000000,66107.78000000,65839.30000000,66039.99000000,195.70322000,1771510499999,12909867.89984640,72398,117.18536000,7731421.00549440,0
1771510500000,66039.99000000,66063.57000000,65879.87000000,65981.83000000,168.42740000,1771511399999,11110845.68712350,65320,88.71795000,5852497.55103500,0
1771511400000,65981.83000000,66341.43000000,65631.83000000,66260.56000000,544.13103000,1771512299999,35893932.37319300,236738,261.64494000,17268548.21232090,0
1771512300000,66260.56000000,66662.30000000,66098.46000000,66421.20000000,598.11104000,1771513199999,39726245.29493290,164968,291.65882000,19367322.11580330,0
1771513200000,66421.20000000,66755.39000000,66036.36000000,66076.73000000,334.84722000,1771514099999,22243893.65990320,152833,154.81038000,10288573.48605270,0
1771514100000,66076.74000000,66397.40000000,65974.87000000,66048.01000000,314.25024000,1771514999999,20789061.61278560,119893,171.18659000,11327175.16966610,0
1771515000000,66048.00000000,66550.00000000,65966.00000000,66474.03000000,248.51041000,1771515899999,16474898.97180380,109065,155.53186000,10308031.81540230,0
1771515900000,66474.03000000,66594.41000000,66148.40000000,66398.00000000,185.69766000,1771516799999,12322512.44250750,85020,94.86444000,6295312.35760730,0
1771516800000,66398.01000000,66398.01000000,65899.25000000,66153.73000000,332.23161000,1771517699999,21962090.56435610,103395,177.96266000,11762952.68914580,0
1771517700000,66153.74000000,66408.73000000,66107.58000000,66188.26000000,218.61072000,1771518599999,14484550.57977110,84250,110.36331000,7312813.62733180,0
1771518600000,66188.27000000,66514.95000000,66188.27000000,66416.11000000,188.24570000,1771519499999,12500397.16808960,80247,106.84032000,7092893.34380840,0
1771519500000,66416.10000000,66473.70000000,66188.00000000,66293.53000000,201.87436000,1771520399999,13392466.38641520,80217,74.88695000,4967792.06549440,0
1771520400000,66293.53000000,66682.30000000,66266.60000000,66660.76000000,196.79151000,1771521299999,13086105.13793210,70162,131.48743000,8745942.56754240,0
1771521300000,66660.77000000,67049.99000000,66570.13000000,66621.45000000,335.75129000,1771522199999,22450388.82129860,99227,174.54448000,11672764.41357150,0
1771522200000,66621.44000000,66726.38000000,66483.01000000,66609.81000000,132.39380000,1771523099999,8814338.64110760,73848,68.73517000,4576359.95203800,0
1771523100000,66609.80000000,66665.59000000,66173.15000000,66369.42000000,234.10402000,1771523999999,15536584.51577030,79507,86.46563000,5740080.87563750,0
1771524000000,66369.42000000,66649.39000000,66228.49000000,66639.09000000,195.72385000,1771524899999,12999767.88816400,68928,123.45429000,8201616.35903580,0
1771524900000,66639.10000000,66916.00000000,66467.55000000,66903.70000000,160.91452000,1771525799999,10733433.24414480,68557,80.62722000,5379709.21227540,0
1771525800000,66903.69000000,67016.00000000,66714.28000000,67008.47000000,249.81979000,1771526699999,16705429.70910140,86231,122.07032000,8163377.86422360,0
1771526700000,67008.47000000,67073.13000000,66887.50000000,67030.49000000,259.05885000,1771527599999,17357449.57945090,81412,148.45730000,9946539.74954970,0
1771527600000,67030.50000000,67198.10000000,66864.41000000,66910.21000000,225.79905000,1771528499999,15134434.16160580,75585,117.95963000,7907334.16192250,0
1771528500000,66910.21000000,67075.59000000,66847.11000000,66935.40000000,130.76143000,1771529399999,8755877.14947130,63409,59.49900000,3984158.20427770,0
1771529400000,66935.39000000,66962.61000000,66700.00000000,66876.78000000,153.02873000,1771530299999,10225312.32449810,57124,63.90474000,4270290.39319100,0
1771530300000,66876.77000000,67130.23000000,66785.15000000,67050.00000000,196.88868000,1771531199999,13187937.01795000,57539,109.01340000,7301720.57432930,0
1771531200000,67050.00000000,67127.32000000,66938.56000000,66974.09000000,113.19176000,1771532099999,7586973.83777440,44107,46.82877000,3138936.63665910,0
1771532100000,66974.09000000,66996.04000000,66823.03000000,66940.00000000,83.08504000,1771532999999,5559838.68093550,39728,37.66024000,2519892.11748640,0
1771533000000,66939.99000000,67034.78000000,66899.99000000,66942.04000000,95.91162000,1771533899999,6422574.55023920,41774,39.21595000,2626077.54524090,0
1771533900000,66942.04000000,67166.98000000,66942.04000000,67149.11000000,152.69494000,1771534799999,10248630.06510580,50882,95.00731000,6376490.32319590,0
1771534800000,67149.11000000,67168.86000000,67027.85000000,67027.90000000,78.25782000,1771535699999,5251536.40349950,32551,41.03479000,2753658.12648860,0
1771535700000,67027.91000000,67073.35000000,66993.89000000,67040.99000000,64.82120000,1771536599999,4344194.85701130,25775,34.35703000,2302455.93804510,0
1771536600000,67040.99000000,67075.72000000,66956.43000000,66958.00000000,63.32203000,1771537499999,4243183.14985420,24747,31.96311000,2141907.35497900,0
1771537500000,66957.99000000,66989.93000000,66900.92000000,66916.51000000,59.00342000,1771538399999,3950047.10471660,16980,29.53872000,1977567.00207290,0
1771538400000,66916.51000000,66933.00000000,66688.30000000,66891.98000000,430.60215000,1771539299999,28777299.09908200,43338,127.09137000,8495101.26396220,0
1771539300000,66891.98000000,66891.98000000,66772.00000000,66772.00000000,146.70868000,1771540199999,9802410.75331250,26868,44.94528000,3002681.19184390,0
1771540200000,66772.00000000,66856.89000000,66652.34000000,66852.65000000,150.65139000,1771541099999,10051465.89862570,31195,83.70883000,5584396.60606750,0
1771541100000,66852.65000000,67000.00000000,66761.55000000,66915.14000000,126.05990000,1771541999999,8431505.23475920,33944,74.93558000,5011905.40344580,0
1771542000000,66915.15000000,66980.99000000,66814.76000000,66850.77000000,110.83435000,1771542899999,7413301.17214070,44998,56.22196000,3760441.41358260,0
1771542900000,66850.78000000,67023.61000000,66850.77000000,67006.28000000,71.38077000,1771543799999,4779768.14747700,22029,47.91594000,3208420.38999080,0
1771543800000,67006.27000000,67006.27000000,66913.49000000,66965.49000000,48.83982000,1771544699999,3270235.70283390,21196,22.58823000,1512429.73281650,0
1771544700000,66965.48000000,67022.90000000,66907.11000000,67003.73000000,73.58475000,1771545599999,4927037.10926540,22095,27.90432000,1868614.87266930,0
1771545600000,67003.73000000,67193.99000000,66949.41000000,67191.72000000,82.52418000,1771546499999,5532391.58553650,37070,47.51115000,3185659.01301360,0
1771546500000,67191.72000000,67486.62000000,67150.00000000,67388.99000000,363.21136000,1771547399999,24445491.85817490,77987,234.48689000,15782286.51594370,0
1771547400000,67388.99000000,67388.99000000,67254.38000000,67284.01000000,88.47463000,1771548299999,5956037.63735460,37882,41.17865000,2771992.54108270,0
1771548300000,67284.00000000,67296.19000000,67208.50000000,67228.91000000,60.79245000,1771549199999,4088568.45824420,25882,25.05648000,1685041.40048770,0
1771549200000,67228.91000000,67355.79000000,67221.19000000,67336.00000000,74.92642000,1771550099999,5042173.49858530,31253,37.35103000,2513431.44941510,0
1771550100000,67336.00000000,67336.00000000,67150.00000000,67209.61000000,63.88034000,1771550999999,4293632.75551980,29430,25.61848000,1721930.84151750,0
1771551000000,67209.60000000,67348.83000000,67191.17000000,67330.48000000,57.49023000,1771551899999,3869022.41753750,22364,32.41670000,2181509.56267280,0
1771551900000,67330.47000000,67330.47000000,67167.79000000,67279.90000000,117.01899000,1771552799999,7869604.56476110,29804,59.97608000,4033427.43397650,0
1771552800000,67279.91000000,67347.76000000,67244.00000000,67281.34000000,64.67566000,1771553699999,4353383.02307980,20267,26.67058000,1795204.70922460,0
1771553700000,67281.35000000,67298.68000000,67181.28000000,67201.90000000,53.54773000,1771554599999,3600024.64625280,19578,21.50889000,1446072.97460780,0
1771554600000,67201.89000000,67315.01000000,67201.89000000,67304.23000000,62.77295000,1771555499999,4222494.93941540,17160,32.75371000,2203286.87973800,0
1771555500000,67304.24000000,67332.56000000,67242.02000000,67242.03000000,51.10125000,1771556399999,3438936.48308820,17831,18.67295000,1256587.53430760,0
1771556400000,67242.03000000,67316.75000000,67242.02000000,67280.39000000,39.57047000,1771557299999,2662378.31781550,14723,21.22638000,1428105.30034290,0
1771557300000,67280.39000000,67481.30000000,67241.24000000,67414.25000000,112.07953000,1771558199999,7550165.44669700,25546,62.61574000,4219448.56091910,0
1771558200000,67414.26000000,67488.67000000,67306.91000000,67324.97000000,106.63673000,1771559099999,7187818.89105450,29790,43.63497000,2941241.32270860,0
1771559100000,67324.97000000,67394.00000000,67306.91000000,67366.25000000,74.21819000,1771559999999,4998469.44028310,23155,35.36710000,2381802.26964380,0
1771560000000,67366.25000000,67402.23000000,67248.75000000,67326.24000000,96.00630000,1771560899999,6463554.22781830,29876,41.67389000,2805544.06412360,0
1771560900000,67326.24000000,67353.39000000,67115.38000000,67229.55000000,117.09748000,1771561799999,7871781.13656190,34905,49.00035000,3293935.51476880,0
1771561800000,67229.54000000,67329.48000000,67172.91000000,67302.00000000,71.96428000,1771562699999,4840742.81336870,21637,29.13038000,1959526.19731700,0
1771562700000,67301.99000000,67301.99000000,67219.80000000,67264.83000000,77.32368000,1771563599999,5201074.37173030,16877,32.70011000,2199429.62205580,0
1771563600000,67264.83000000,67275.33000000,67203.19000000,67257.54000000,60.27907000,1771564499999,4053819.84744410,12419,17.65602000,1187342.12781630,0
1771564500000,67257.55000000,67450.00000000,67249.13000000,67407.34000000,128.19665000,1771565399999,8634861.26702430,21600,64.52283000,4345434.00609060,0
1771565400000,67407.34000000,67949.00000000,67407.34000000,67910.17000000,499.28355000,1771566299999,33803232.13861910,79911,307.58765000,20807431.95920920,0
1771566300000,67910.17000000,68006.00000000,67724.09000000,67790.10000000,419.62671000,1771567199999,28509063.09601300,53482,279.54535000,18999683.14684010,0
1771567200000,67790.11000000,67894.20000000,67699.38000000,67857.31000000,174.31055000,1771568099999,11816257.27401410,33625,61.80813000,4191144.03727020,0
1771568100000,67857.31000000,67888.00000000,67668.16000000,67721.02000000,122.07414000,1771568999999,8275283.67751240,27086,48.38269000,3280265.42617150,0
1771569000000,67721.03000000,67844.00000000,67660.12000000,67753.28000000,107.74731000,1771569899999,7302828.35522990,31246,41.02839000,2780996.59861320,0
1771569900000,67753.28000000,67893.00000000,67719.85000000,67847.47000000,78.53353000,1771570799999,5327818.70776540,24951,46.42536000,3149639.37718740,0
1771570800000,67847.47000000,67863.30000000,67771.76000000,67822.50000000,98.37881000,1771571699999,6672337.47506060,22817,59.72999000,4051129.57773050,0
1771571700000,67822.50000000,67990.00000000,67822.50000000,67948.63000000,113.84036000,1771572599999,7732407.75077350,26416,73.18164000,4971012.07880680,0
1771572600000,67948.63000000,67955.81000000,67860.81000000,67879.79000000,130.09606000,1771573499999,8835278.59325360,30129,59.56066000,4044810.63803050,0
1771573500000,67879.79000000,67941.28000000,67767.40000000,67825.91000000,116.71982000,1771574399999,7920012.09714070,22331,51.15002000,3470894.10004480,0
1771574400000,67825.91000000,67896.53000000,67803.57000000,67869.99000000,68.66069000,1771575299999,4658721.62841690,15147,27.02036000,1833401.46549050,0
1771575300000,67869.99000000,67950.85000000,67847.45000000,67870.00000000,84.74037000,1771576199999,5752737.48514730,17184,49.20357000,3340044.67493700,0
1771576200000,67870.01000000,67896.75000000,67747.33000000,67792.86000000,89.59378000,1771577099999,6074346.98662430,23045,41.80355000,2834104.01106760,0
1771577100000,67792.87000000,67900.00000000,67779.27000000,67879.99000000,47.00551000,1771577999999,3188577.29633310,23036,21.61207000,1466008.52406900,0
1771578000000,67879.99000000,68230.01000000,67879.99000000,68132.01000000,661.08273000,1771578899999,45039114.53760080,76620,432.08569000,29429324.45588890,0
1771578900000,68132.01000000,68208.08000000,68106.00000000,68200.60000000,148.85927000,1771579799999,10145147.41017020,32112,72.26551000,4925004.05987630,0
1771579800000,68200.60000000,68224.80000000,68118.64000000,68135.42000000,89.86522000,1771580699999,6126216.53157950,30430,41.11562000,2803063.81664040,0
1771580700000,68135.42000000,68226.10000000,68130.03000000,68218.85000000,96.98068000,1771581599999,6612742.43540670,19218,56.25303000,3835906.81132880,0
1771581600000,68218.85000000,68318.39000000,68103.04000000,68182.18000000,174.74888000,1771582499999,11920445.54481000,41278,80.10886000,5465272.48705000,0
1771582500000,68182.19000000,68294.91000000,68130.00000000,68263.00000000,90.82352000,1771583399999,6195970.41278740,31826,47.82082000,3262350.56524250,0
1771583400000,68263.01000000,68291.65000000,68144.05000000,68162.35000000,90.42025000,1771584299999,6168629.91689860,21640,30.60309000,2087796.88707620,0
1771584300000,68162.35000000,68187.01000000,67843.42000000,67948.99000000,282.74993000,1771585199999,19224945.80018280,44756,84.66025000,5756923.76649940,0
1771585200000,67948.99000000,67983.91000000,67787.46000000,67869.99000000,233.30390000,1771586099999,15841934.00409450,36834,90.41438000,6140907.35270490,0
1771586100000,67869.99000000,67888.40000000,67779.99000000,67874.58000000,273.49106000,1771586999999,18547175.46335520,25774,140.57155000,9531202.73738510,0
1771587000000,67874.59000000,67895.20000000,67388.39000000,67443.55000000,646.84456000,1771587899999,43745815.15647610,48983,104.89740000,7095087.45247160,0
1771587900000,67443.56000000,67609.00000000,67280.60000000,67318.41000000,335.46437000,1771588799999,22636269.80044140,53464,149.97612000,10121070.33343100,0
1771588800000,67318.41000000,67500.00000000,67276.41000000,67477.54000000,153.43717000,1771589699999,10343009.61602420,41332,79.06570000,5330283.88055520,0
1771589700000,67477.54000000,67531.53000000,67280.00000000,67323.72000000,177.53419000,1771590599999,11963598.93030250,33796,52.93256000,3567387.88195170,0
1771590600000,67323.72000000,67500.00000000,67304.45000000,67475.31000000,99.26266000,1771591499999,6691809.52381420,25715,51.83617000,3494572.63865860,0
1771591500000,67475.31000000,67594.00000000,67464.00000000,67541.77000000,172.92382000,1771592399999,11675112.34715780,25631,93.60419000,6320401.02042010,0
1771592400000,67541.78000000,67541.78000000,67084.71000000,67143.24000000,391.38023000,1771593299999,26329623.32367640,66103,128.61027000,8646811.27020650,0
1771593300000,67143.24000000,67253.61000000,66983.00000000,67202.01000000,200.23899000,1771594199999,13435496.61471910,40611,97.27541000,6528491.55185650,0
1771594200000,67202.01000000,67220.88000000,66280.20000000,66624.09000000,2631.31210000,1771595099999,175213286.39363060,177226,788.73689000,52544599.45855900,0
1771595100000,66624.09000000,66957.48000000,66500.00000000,66801.62000000,3855.66359000,1771595999999,257275281.61481520,170469,1104.58350000,73759193.08741770,0
1771596000000,66801.62000000,67000.00000000,66772.17000000,66926.73000000,330.20677000,1771596899999,22093868.21800260,48911,187.21665000,12527961.19241070,0
1771596900000,66926.74000000,67079.98000000,66532.87000000,66976.34000000,2647.72909000,1771597799999,176720169.10395090,107440,752.49366000,50239586.82635460,0
1771597800000,66976.34000000,67317.50000000,66755.82000000,67065.30000000,2046.52044000,1771598699999,136993271.39514520,164301,810.24789000,54290715.84450710,0
1771598700000,67065.30000000,67147.94000000,66866.66000000,67069.65000000,239.03178000,1771599599999,16020124.64040300,89404,105.54434000,7072714.72599680,0
1771599600000,67069.65000000,68083.98000000,66866.88000000,66889.91000000,1602.78899000,1771600499999,108235386.74605070,263897,899.58660000,60755955.82227740,0
1771600500000,66889.90000000,67598.94000000,66536.64000000,67453.71000000,635.70389000,1771601399999,42689733.48205700,184548,345.07692000,23177364.52068970,0
1771601400000,67453.71000000,67475.37000000,66936.03000000,67229.99000000,449.31679000,1771602299999,30164490.53367020,153014,252.93769000,16977328.44435390,0
1771602300000,67229.98000000,67676.92000000,67151.45000000,67582.95000000,455.40089000,1771603199999,30724960.36776790,113394,274.93216000,18550547.88143200,0
1771603200000,67582.95000000,67796.40000000,67502.38000000,67725.13000000,458.30545000,1771604099999,31028609.02653560,111267,243.20537000,16464416.31976740,0
1771604100000,67725.13000000,67921.70000000,67307.29000000,67316.87000000,409.97942000,1771604999999,27732206.50186350,114909,196.13829000,13273667.38981620,0
1771605000000,67316.86000000,67528.12000000,67283.24000000,67495.45000000,182.46288000,1771605899999,12300244.83166230,84265,95.07286000,6408045.27790180,0
1771605900000,67495.45000000,67914.70000000,67491.47000000,67795.47000000,262.15528000,1771606799999,17755660.79888540,65415,172.91044000,11713436.24855190,0
1771606800000,67795.48000000,67795.48000000,67057.17000000,67067.03000000,489.74623000,1771607699999,33017883.14916100,91167,160.40415000,10823350.76011390,0
1771607700000,67067.04000000,67255.23000000,67005.53000000,67031.71000000,483.71173000,1771608599999,32457250.80796330,103390,239.28423000,16057364.98796920,0
1771608600000,67031.71000000,67312.33000000,66952.11000000,67238.00000000,321.79068000,1771609499999,21600212.25179230,91203,147.75466000,9918792.48384260,0
1771609500000,67238.00000000,67680.79000000,66971.21000000,67613.37000000,4789.90686000,1771610399999,321798151.73373750,198894,1398.49157000,94043766.71735120,0
1771610400000,67613.38000000,67784.46000000,67484.13000000,67574.97000000,326.38466000,1771611299999,22075578.29780780,71478,199.85424000,13518079.45160910,0
1771611300000,67574.97000000,67687.20000000,67466.11000000,67664.75000000,214.13210000,1771612199999,14466421.49839140,75270,108.78554000,7349474.07277050,0
1771612200000,67664.56000000,68000.00000000,67527.01000000,67791.66000000,474.90839000,1771613099999,32189659.16395030,118455,307.01599000,20814368.43368340,0
1771613100000,67791.67000000,67977.28000000,67683.73000000,67924.21000000,306.20745000,1771613999999,20771760.28391750,78603,171.10293000,11607371.18034430,0
1771614000000,67924.22000000,68000.00000000,67672.32000000,67709.07000000,251.02037000,1771614899999,17026336.98370660,66480,124.43176000,8439472.39801290,0
1771614900000,67709.08000000,67796.40000000,67557.52000000,67625.23000000,200.74641000,1771615799999,13585654.87128060,47161,78.41133000,5307220.90957260,0
1771615800000,67625.23000000,67836.60000000,67548.85000000,67610.60000000,148.77071000,1771616699999,10071054.34739890,40745,90.42103000,6121129.72525940,0
1771616700000,67610.60000000,67729.58000000,67570.58000000,67646.03000000,253.91818000,1771617599999,17179424.61495820,37075,189.09181000,12794776.74817850,0
1771617600000,67646.03000000,67885.55000000,67636.30000000,67816.34000000,260.99094000,1771618499999,17693790.78051000,45299,214.21980000,14524400.55816600,0
1771618500000,67816.33000000,67816.33000000,67565.52000000,67580.10000000,137.83055000,1771619399999,9328691.78607860,38599,75.91663000,5137483.77633910,0
1771619400000,67580.09000000,67734.01000000,67520.30000000,67734.00000000,107.43878000,1771620299999,7266249.11498490,31655,71.37193000,4826911.45089900,0
1771620300000,67734.00000000,67762.49000000,67631.14000000,67750.40000000,179.67807000,1771621199999,12166908.00755210,29982,106.69317000,7224455.94701900,0
1771621200000,67750.40000000,67806.25000000,67639.29000000,67720.54000000,178.58861000,1771622099999,12096233.20372440,32494,116.18128000,7869169.24864550,0
1771622100000,67720.55000000,67748.84000000,67659.50000000,67746.05000000,95.87028000,1771622999999,6491507.68592720,15924,66.19098000,4482173.44644520,0
1771623000000,67746.05000000,67840.00000000,67704.30000000,67764.00000000,88.81896000,1771623899999,6020254.23124290,20233,54.03449000,3662500.07059120,0
1771623900000,67764.01000000,67832.28000000,67725.00000000,67825.87000000,88.64742000,1771624799999,6009768.47310420,17337,55.99944000,3796363.13879600,0
1771624800000,67825.87000000,67830.00000000,67639.31000000,67659.40000000,141.67928000,1771625699999,9596929.35873770,22687,57.46205000,3892340.68438760,0
1771625700000,67659.41000000,68000.00000000,67659.40000000,67936.48000000,208.59105000,1771626599999,14157137.66376110,35549,145.71782000,9888585.18449420,0
1771626600000,67936.49000000,68116.60000000,67890.88000000,67963.75000000,205.81216000,1771627499999,13998392.88306400,38151,139.80564000,9509147.47174330,0
1771627500000,67963.76000000,68104.00000000,67924.27000000,68078.13000000,113.55348000,1771628399999,7724700.84305820,30459,77.75513000,5289157.09233370,0
1771628400000,68078.13000000,68233.99000000,68017.24000000,68026.40000000,222.45804000,1771629299999,15154763.00787350,42161,139.78877000,9522921.50955030,0
1771629300000,68026.41000000,68059.30000000,67953.95000000,67996.48000000,104.94902000,1771630199999,7137144.68867110,17017,71.17737000,4840459.07025710,0
1771630200000,67996.47000000,68032.01000000,67914.00000000,67975.91000000,129.97186000,1771631099999,8835440.02434210,20578,77.78039000,5287350.77788080,0
1771631100000,67975.91000000,68040.46000000,67962.66000000,68020.01000000,125.36009000,1771631999999,8526169.59796070,14841,84.76754000,5765258.38246340,0
1771632000000,68020.00000000,68051.16000000,67950.00000000,68017.36000000,132.18200000,1771632899999,8986871.23620280,20722,76.38432000,5193789.79337540,0
1771632900000,68017.36000000,68017.36000000,67891.72000000,67927.99000000,105.78930000,1771633799999,7188914.26358550,16800,57.87171000,3932626.90803010,0
1771633800000,67927.99000000,67947.33000000,67830.00000000,67840.67000000,148.93760000,1771634699999,10109907.47514180,18691,61.88704000,4201700.92857470,0
1771634700000,67840.68000000,67871.36000000,67787.19000000,67841.00000000,150.63604000,1771635599999,10217430.13930520,19765,73.15577000,4962268.57047230,0
1771635600000,67841.00000000,67928.82000000,67841.00000000,67928.82000000,85.53928000,1771636499999,5806611.30960640,16732,62.06687000,4213198.94133250,0
1771636500000,67928.81000000,67928.81000000,67856.59000000,67856.59000000,81.34852000,1771637399999,5521946.90744710,10837,57.18627000,3881751.96424650,0
1771637400000,67856.60000000,68003.74000000,67856.60000000,67976.28000000,48.42422000,1771638299999,3289691.08899080,13198,29.43896000,1999962.81062080,0
1771638300000,67976.27000000,68005.99000000,67944.56000000,67951.24000000,35.31495000,1771639199999,2400646.79205820,9041,20.55977000,1397610.80551920,0
1771639200000,67951.25000000,68016.56000000,67913.30000000,67989.01000000,78.54613000,1771640099999,5338941.96962080,11256,62.90744000,4276113.41065580,0
1771640100000,67989.01000000,68055.22000000,67974.77000000,68055.21000000,40.04279000,1771640999999,2723931.30281550,11029,25.86907000,1759818.59105840,0
1771641000000,68055.22000000,68099.54000000,68013.40000000,68077.87000000,63.67845000,1771641899999,4333411.96158930,12755,29.55115000,2011071.21424070,0
1771641900000,68077.86000000,68077.86000000,67990.70000000,68001.05000000,42.29760000,1771642799999,2876882.38719220,11902,17.04158000,1158977.50405960,0
1771642800000,68001.04000000,68001.04000000,67676.61000000,67761.42000000,251.70908000,1771643699999,17064581.94250340,34466,95.08645000,6445077.41474140,0
1771643700000,67761.42000000,67828.33000000,67735.99000000,67800.29000000,104.39952000,1771644599999,7078074.84222050,14365,61.61148000,4177262.87905450,0
1771644600000,67800.30000000,67830.10000000,67534.69000000,67616.93000000,159.81944000,1771645499999,10812854.86398810,23166,55.42827000,3749022.78434830,0
1771645500000,67616.93000000,67670.99000000,67587.10000000,67667.77000000,53.43049000,1771646399999,3613399.64678310,17393,27.16484000,1837006.61004510,0
1771646400000,67667.77000000,67704.40000000,67595.80000000,67662.19000000,67.26923000,1771647299999,4551227.61195060,14665,32.35789000,2189359.50340590,0
1771647300000,67662.20000000,67721.32000000,67593.99000000,67717.00000000,55.63240000,1771648199999,3763700.94852570,14420,33.54530000,2269449.53362830,0
1771648200000,67717.01000000,67763.36000000,67691.82000000,67691.82000000,45.90930000,1771649099999,3109196.06976000,12622,29.94781000,2028158.16173380,0
1771649100000,67691.83000000,67846.88000000,67691.83000000,67816.97000000,59.81348000,1771649999999,4052673.12667220,13223,41.36423000,2802603.20056610,0
1771650000000,67816.98000000,67876.00000000,67816.97000000,67848.19000000,24.84130000,1771650899999,1685537.62813660,10356,15.15757000,1028468.10603340,0
1771650900000,67848.20000000,67879.05000000,67818.10000000,67860.94000000,67.46323000,1771651799999,4577214.59969090,9925,40.69871000,2761427.04070110,0
1771651800000,67860.93000000,67888.40000000,67799.70000000,67858.55000000,32.78843000,1771652699999,2224495.25296550,11214,11.61806000,788219.39561730,0
1771652700000,67858.54000000,67867.88000000,67823.25000000,67851.93000000,16.15418000,1771653599999,1096012.99147840,7501,7.06259000,479159.13786430,0
1771653600000,67851.93000000,67924.39000000,67846.88000000,67917.32000000,106.70012000,1771654499999,7243374.69355700,13098,66.09951000,4486980.34972690,0
1771654500000,67917.32000000,67922.14000000,67873.25000000,67873.26000000,26.40590000,1771655399999,1792964.71655790,7431,6.86867000,466390.05848680,0
1771655400000,67873.25000000,67873.26000000,67752.30000000,67783.71000000,72.56408000,1771656299999,4919601.43674750,14747,24.58471000,1666608.74433330,0
1771656300000,67783.71000000,67795.36000000,67750.96000000,67793.38000000,22.48041000,1771657199999,1523645.60329730,7874,9.27891000,628893.88806470,0
1771657200000,67793.39000000,67850.01000000,67749.59000000,67825.45000000,24.20960000,1771658099999,1641567.59620470,9357,11.58596000,785677.92305210,0
1771658100000,67825.45000000,67860.68000000,67825.44000000,67856.01000000,24.56248000,1771658999999,1666431.66234100,4939,14.01748000,950981.01497310,0
1771659000000,67856.01000000,67884.74000000,67818.96000000,67834.07000000,29.34936000,1771659899999,1991410.31431360,8997,8.43158000,572120.33762670,0
1771659900000,67834.08000000,67858.56000000,67834.07000000,67856.01000000,40.08867000,1771660799999,2719932.42390150,6608,12.99206000,881453.81911090,0
1771660800000,67856.01000000,67910.50000000,67807.30000000,67910.49000000,64.03227000,1771661699999,4345580.40937310,8136,26.21780000,1779421.11399190,0
1771661700000,67910.49000000,67996.48000000,67910.49000000,67980.85000000,69.50956000,1771662599999,4724237.74103730,13421,33.67190000,2288412.83718030,0
1771662600000,67980.84000000,68010.00000000,67937.84000000,68000.02000000,55.73937000,1771663499999,3788943.86290380,11877,22.92250000,1558291.96951930,0
1771663500000,68000.02000000,68079.41000000,67960.06000000,68055.03000000,103.88201000,1771664399999,7065672.12464380,15945,61.73990000,4199527.89985800,0
1771664400000,68055.04000000,68070.08000000,67978.90000000,68000.27000000,61.10460000,1771665299999,4156485.51879710,11838,20.08557000,1366165.83070240,0
1771665300000,68000.27000000,68272.85000000,68000.27000000,68235.09000000,241.58237000,1771666199999,16473755.42317630,33101,157.42623000,10733686.03098510,0
1771666200000,68235.10000000,68314.54000000,68125.72000000,68194.90000000,201.85559000,1771667099999,13771571.79384260,25714,117.76519000,8035513.61138850,0
1771667100000,68194.90000000,68220.01000000,68141.03000000,68147.53000000,95.24998000,1771667999999,6495066.64740230,11201,44.13357000,3009621.23278740,0
1771668000000,68147.54000000,68250.00000000,68147.53000000,68182.25000000,63.03765000,1771668899999,4299348.28499530,14444,39.65688000,2704725.67748950,0
1771668900000,68182.25000000,68213.15000000,68139.65000000,68184.94000000,61.32947000,1771669799999,4181219.02764050,13504,28.55699000,1946908.22641630,0
1771669800000,68184.95000000,68236.29000000,68181.82000000,68230.84000000,60.03346000,1771670699999,4094371.62906650,12985,38.68989000,2638597.10441290,0
1771670700000,68230.84000000,68234.42000000,68164.30000000,68215.54000000,27.81708000,1771671599999,1897136.15050600,10762,12.94325000,882715.56632140,0
1771671600000,68215.55000000,68271.45000000,68195.47000000,68269.92000000,59.63245000,1771672499999,4069379.76915680,16199,30.45115000,2078028.65993850,0
1771672500000,68269.91000000,68283.34000000,68177.22000000,68185.61000000,90.49953000,1771673399999,6175496.93999630,20021,41.40106000,2825251.21338700,0
1771673400000,68185.60000000,68198.20000000,68090.06000000,68094.00000000,82.45827000,1771674299999,5618663.78594810,15620,35.90931000,2446821.17669790,0
1771674300000,68094.00000000,68120.72000000,68084.00000000,68092.45000000,46.73406000,1771675199999,3182776.61626740,14154,23.91273000,1628483.89963950,0
1771675200000,68092.45000000,68137.99000000,67953.83000000,67989.96000000,116.57984000,1771676099999,7930083.43074210,19688,24.14524000,1642593.79775250,0
1771676100000,67989.96000000,68013.03000000,67954.85000000,67968.00000000,53.17874000,1771676999999,3615395.03846700,12980,26.73702000,1817788.40843470,0
1771677000000,67968.00000000,68036.41000000,67915.00000000,68031.31000000,47.07137000,1771677899999,3199596.65807850,14036,24.10574000,1638771.24514690,0
1771677900000,68031.30000000,68218.20000000,68031.30000000,68203.42000000,91.05412000,1771678799999,6202952.48657150,20533,56.57662000,3854076.81936850,0
1771678800000,68203.42000000,68203.42000000,68130.53000000,68147.29000000,43.00446000,1771679699999,2931347.85437440,13131,14.02015000,955650.81894390,0
1771679700000,68147.29000000,68250.00000000,68106.89000000,68237.93000000,74.91840000,1771680599999,5108378.68158160,18416,39.09139000,2665573.53830390,0
1771680600000,68237.92000000,68243.47000000,68167.61000000,68167.61000000,35.99476000,1771681499999,2454963.60731190,12570,17.08605000,1165353.94753840,0
1771681500000,68167.62000000,68260.00000000,68167.61000000,68259.99000000,48.34183000,1771682399999,3298024.33962830,11806,31.38528000,2141300.86908150,0
1771682400000,68259.99000000,68268.00000000,68180.53000000,68267.99000000,84.68817000,1771683299999,5778332.90846660,18320,45.10724000,3077672.14814840,0
1771683300000,68267.99000000,68644.00000000,68219.23000000,68432.80000000,430.60149000,1771684199999,29481227.84754760,56954,233.22549000,15965172.26063200,0
1771684200000,68432.80000000,68624.40000000,68415.71000000,68541.67000000,275.22000000,1771685099999,18862528.44144470,34905,155.27160000,10641858.08958240,0
1771685100000,68541.68000000,68586.48000000,68438.00000000,68450.01000000,90.00778000,1771685999999,6166633.95656830,23603,35.70604000,2446058.19298710,0
1771686000000,68450.01000000,68520.10000000,68422.32000000,68489.47000000,66.31677000,1771686899999,4540203.81112170,18451,41.86260000,2865900.28935930,0
1771686900000,68489.47000000,68570.00000000,68453.60000000,68453.61000000,66.19596000,1771687799999,4534633.35077260,17067,30.81286000,2110987.02145870,0
1771687800000,68453.61000000,68698.70000000,68417.00000000,68631.72000000,197.82591000,1771688699999,13558146.53533420,31224,120.58121000,8265072.81883530,0
1771688700000,68631.72000000,68696.63000000,68594.74000000,68615.00000000,97.30576000,1771689599999,6679479.04753060,21583,48.35846000,3319453.84322030,0
1771689600000,68615.01000000,68630.76000000,68309.16000000,68356.78000000,217.00785000,1771690499999,14848002.66991840,45592,88.35781000,6044074.57492630,0
1771690500000,68356.77000000,68356.77000000,68101.78000000,68274.36000000,241.21261000,1771691399999,16455784.46775890,38438,109.27893000,7454663.75164680,0
1771691400000,68274.37000000,68356.01000000,68138.00000000,68356.00000000,157.82279000,1771692299999,10769597.20167580,24799,106.85715000,7291919.37976170,0
1771692300000,68356.00000000,68356.01000000,68310.54000000,68322.60000000,42.45595000,1771693199999,2901234.45510010,11527,19.66851000,1344001.71673790,0
1771693200000,68322.61000000,68349.26000000,68200.00000000,68264.45000000,56.90234000,1771694099999,3885266.98700020,17129,27.43540000,1873171.85718820,0
1771694100000,68264.46000000,68322.70000000,68208.06000000,68283.38000000,42.32045000,1771694999999,2889413.41056640,19009,19.77513000,1350084.88303360,0
1771695000000,68283.37000000,68474.01000000,68264.38000000,68425.60000000,65.96034000,1771695899999,4509886.10876900,17043,39.78219000,2720408.96425970,0
1771695900000,68425.60000000,68469.61000000,68393.10000000,68437.45000000,47.04702000,1771696799999,3219372.83138880,15272,20.67359000,1414684.57674470,0
1771696800000,68437.45000000,68445.00000000,68383.08000000,68407.61000000,28.44931000,1771697699999,1946568.11284180,11769,10.34675000,707946.13828540,0
1771697700000,68407.62000000,68558.20000000,68407.62000000,68490.45000000,108.72128000,1771698599999,7447179.32216180,16117,53.15793000,3641107.84435970,0
1771698600000,68490.45000000,68579.72000000,68489.12000000,68546.03000000,73.73466000,1771699499999,5053244.69099210,17468,35.70177000,2446668.21638000,0
1771699500000,68546.04000000,68644.00000000,68494.22000000,68574.00000000,109.37737000,1771700399999,7502106.98338000,16395,57.36683000,3934586.52324400,0
1771700400000,68573.99000000,68658.50000000,68528.60000000,68591.34000000,76.43122000,1771701299999,5243435.45844350,14510,34.85958000,2391773.11852240,0
1771701300000,68591.34000000,68622.04000000,68540.57000000,68573.68000000,51.94559000,1771702199999,3562955.87591180,11818,20.74521000,1422930.06127550,0
1771702200000,68573.68000000,68649.08000000,68563.65000000,68627.16000000,52.30738000,1771703099999,3588465.21090570,11345,23.64988000,1622412.35225920,0
1771703100000,68627.15000000,68627.15000000,68526.81000000,68543.51000000,38.46823000,1771703999999,2637801.16749800,8173,11.79840000,808973.09135680,0
1771704000000,68543.51000000,68551.14000000,68478.36000000,68489.18000000,54.36584000,1771704899999,3724473.29040560,10579,20.85376000,1428462.22181040,0
1771704900000,68489.18000000,68605.63000000,68488.99000000,68565.05000000,82.99499000,1771705799999,5689621.95784950,11998,57.07117000,3911974.43012680,0
1771705800000,68565.05000000,68571.03000000,68322.68000000,68385.30000000,109.22839000,1771706699999,7473705.66264950,14124,30.13930000,2061862.04038090,0
1771706700000,68385.29000000,68417.65000000,68190.00000000,68211.19000000,122.78314000,1771707599999,8385005.67016390,18383,34.83983000,2379384.75358820,0
1771707600000,68211.19000000,68346.35000000,68183.10000000,68291.03000000,81.16492000,1771708499999,5539963.42708200,17905,34.07107000,2325848.37550230,0
1771708500000,68291.03000000,68372.30000000,68278.89000000,68345.55000000,36.54383000,1771709399999,2497287.67031480,11812,16.73957000,1143911.82861810,0
1771709400000,68345.55000000,68377.97000000,68288.30000000,68289.88000000,32.37447000,1771710299999,2212332.13205740,10326,8.14889000,556885.41085810,0
1771710300000,68289.88000000,68390.93000000,68289.65000000,68379.95000000,20.54495000,1771711199999,1404230.61631680,7783,12.20113000,833899.98342050,0
1771711200000,68379.95000000,68437.56000000,68221.54000000,68251.30000000,57.66558000,1771712099999,3942344.15360440,16047,26.94083000,1842019.74082550,0
1771712100000,68251.30000000,68324.75000000,68244.52000000,68263.55000000,48.29719000,1771712999999,3297832.89703160,12998,21.48964000,1467440.91243500,0
1771713000000,68263.55000000,68289.78000000,67966.00000000,68099.02000000,131.05771000,1771713899999,8926269.34763890,31508,44.77907000,3049920.76930050,0
1771713900000,68099.02000000,68181.50000000,67900.00000000,67972.00000000,141.70870000,1771714799999,9637981.76248810,36542,60.43885000,4109888.23346460,0
1771714800000,67972.00000000,68017.28000000,67941.02000000,67950.48000000,58.34060000,1771715699999,3966025.57136310,28211,28.73626000,1953402.43143690,0
1771715700000,67950.48000000,68095.53000000,67950.47000000,68075.77000000,39.71879000,1771716599999,2702218.17526390,14369,21.12990000,1437547.67508810,0
1771716600000,68075.77000000,68124.54000000,68054.66000000,68058.00000000,42.32487000,1771717499999,2881940.81462230,12143,17.72347000,1206862.20407310,0
1771717500000,68057.99000000,68062.09000000,67973.68000000,67975.93000000,62.43229000,1771718399999,4245812.21858890,19123,30.32532000,2062307.11155940,0
1771718400000,67975.93000000,68037.43000000,67939.74000000,68015.09000000,70.97327000,1771719299999,4825816.05794820,21107,41.31289000,2809150.90029370,0
1771719300000,68015.08000000,68060.40000000,67809.78000000,67856.03000000,114.51834000,1771720199999,7775741.74274770,29548,46.55340000,3161188.10662370,0
1771720200000,67856.03000000,67931.16000000,67841.36000000,67846.01000000,61.16487000,1771721099999,4152249.98592650,18909,32.50986000,2206956.42699690,0
1771721100000,67846.01000000,67962.60000000,67844.00000000,67946.00000000,47.94903000,1771721999999,3255058.43453900,14158,31.32366000,2126486.01145350,0
1771722000000,67946.00000000,68081.26000000,67945.99000000,68033.38000000,76.14433000,1771722899999,5179335.28873150,16747,52.91647000,3599378.69261360,0
1771722900000,68033.38000000,68116.60000000,68010.14000000,68116.60000000,91.61801000,1771723799999,6237231.07802950,14784,42.43733000,2888733.01826870,0
1771723800000,68116.60000000,68156.94000000,68039.36000000,68126.46000000,53.68981000,1771724699999,3656399.42514600,14076,35.12248000,2391894.98166870,0
1771724700000,68126.45000000,68171.46000000,68093.98000000,68159.31000000,43.63902000,1771725599999,2973416.91274870,10346,18.51908000,1262047.15007420,0
1771725600000,68159.32000000,68222.16000000,68121.78000000,68215.41000000,53.78904000,1771726499999,3667057.38799520,17147,36.44748000,2484882.51233170,0
1771726500000,68215.41000000,68215.41000000,68051.32000000,68056.09000000,31.44238000,1771727399999,2141557.78244030,10991,14.76474000,1005485.70609660,0
1771727400000,68056.10000000,68116.67000000,67980.53000000,67983.82000000,106.68940000,1771728299999,7258588.78116850,18577,52.29440000,3557605.58767100,0
1771728300000,67983.82000000,68031.61000000,67872.76000000,67909.68000000,97.49799000,1771729199999,6624593.47262530,15366,32.23729000,2190420.98713640,0
1771729200000,67909.67000000,68022.98000000,67906.18000000,68018.00000000,43.96950000,1771730099999,2988979.24740210,18080,25.28784000,1718831.09112510,0
1771730100000,68018.01000000,68040.05000000,67824.90000000,67968.68000000,131.89863000,1771730999999,8953941.41147260,34962,43.11819000,2928033.99955260,0
1771731000000,67968.68000000,67992.91000000,67898.36000000,67992.90000000,53.29280000,1771731899999,3621351.19164910,21634,29.32433000,1992717.47651500,0
1771731900000,67992.90000000,68062.03000000,67936.59000000,68041.43000000,36.20560000,1771732799999,2462273.16428010,17588,16.35306000,1112179.56237810,0
1771732800000,68041.42000000,68086.00000000,68030.52000000,68069.63000000,42.67004000,1771733699999,2903916.72468090,12660,28.13395000,1914579.37480530,0
1771733700000,68069.63000000,68069.63000000,67973.41000000,68013.40000000,30.94123000,1771734599999,2104857.97657000,22591,9.22781000,627631.85728400,0
1771734600000,68013.41000000,68047.00000000,67966.52000000,67987.14000000,50.86462000,1771735499999,3458796.68161270,19338,21.98219000,1494786.85935890,0
1771735500000,67987.15000000,68006.51000000,67973.38000000,67983.50000000,75.08680000,1771736399999,5105475.39082900,15706,36.28982000,2467497.16529160,0
1771736400000,67983.50000000,68011.75000000,67881.81000000,67913.79000000,70.57533000,1771737299999,4794083.65955020,14140,24.13066000,1639132.42817770,0
1771737300000,67913.79000000,67964.22000000,67900.91000000,67947.88000000,24.43192000,1771738199999,1659635.20005090,9030,13.10099000,889886.78474620,0
1771738200000,67947.89000000,67947.89000000,67925.65000000,67940.10000000,15.76490000,1771739099999,1071035.13866250,4912,3.83995000,260872.71560360,0
1771739100000,67940.11000000,67977.52000000,67885.45000000,67977.52000000,43.99209000,1771739999999,2987488.10141690,12843,27.60621000,1874645.60731460,0
1771740000000,67977.52000000,68052.00000000,67972.89000000,68046.27000000,54.96727000,1771740899999,3739425.52854980,14684,35.10172000,2388028.83049760,0
1771740900000,68046.27000000,68178.79000000,68020.28000000,68116.50000000,117.21205000,1771741799999,7984262.07155830,14916,79.97958000,5447794.45036530,0
1771741800000,68116.50000000,68174.41000000,68056.24000000,68058.61000000,61.81610000,1771742699999,4209540.00889990,19265,20.63191000,1405133.17885730,0
1771742700000,68058.62000000,68087.31000000,68038.13000000,68038.13000000,69.09700000,1771743599999,4702858.21909420,15948,24.17670000,1645563.35267030,0
1771743600000,68038.14000000,68038.14000000,67990.50000000,68036.27000000,90.02454000,1771744499999,6123340.80193290,20442,24.94360000,1696573.22267980,0
1771744500000,68036.27000000,68038.94000000,68000.00000000,68023.58000000,51.08253000,1771745399999,3474575.74446510,13553,13.64107000,927798.43465220,0
1771745400000,68023.59000000,68095.57000000,68015.96000000,68085.95000000,53.08890000,1771746299999,3612916.82638750,11382,16.01395000,1089808.25339050,0
1771746300000,68085.96000000,68085.96000000,68001.00000000,68005.30000000,72.17668000,1771747199999,4911034.01826930,13421,19.48754000,1325799.90936670,0
1771747200000,68005.30000000,68019.46000000,67980.00000000,67986.78000000,26.63084000,1771748099999,1810800.31693480,10742,9.83002000,668396.70348890,0
1771748100000,67986.78000000,68006.00000000,67912.02000000,67963.26000000,50.13522000,1771748999999,3407529.52784650,15057,15.09837000,1026375.94383110,0
1771749000000,67963.26000000,67993.93000000,67926.40000000,67959.13000000,59.14555000,1771749899999,4019633.53259840,18365,21.23634000,1443146.95620350,0
1771749900000,67959.12000000,67988.58000000,67946.11000000,67950.10000000,47.74929000,1771750799999,3245115.39939170,14669,11.42533000,776445.04880680,0
1771750800000,67950.11000000,68043.04000000,67948.74000000,68043.03000000,55.84515000,1771751699999,3796956.70967630,16656,20.58218000,1399394.92583780,0
1771751700000,68043.03000000,68054.82000000,68014.22000000,68024.11000000,33.74272000,1771752599999,2295592.11851560,15806,12.37187000,841674.42354620,0
1771752600000,68024.11000000,68053.14000000,67988.85000000,68050.56000000,34.74015000,1771753499999,2363294.70271590,13733,18.18346000,1237011.45774160,0
1771753500000,68050.57000000,68101.46000000,68050.57000000,68053.32000000,48.73701000,1771754399999,3317852.72549250,14203,17.64316000,1201043.88468970,0
1771754400000,68053.33000000,68053.33000000,68012.78000000,68045.41000000,29.36674000,1771755299999,1997916.34551800,8066,9.22253000,627440.37442650,0
1771755300000,68045.42000000,68126.40000000,68030.02000000,68090.44000000,65.34428000,1771756199999,4448653.52232880,15004,28.36642000,1931198.38730750,0
1771756200000,68090.43000000,68138.00000000,68078.03000000,68099.36000000,72.90700000,1771757099999,4965545.33350360,13198,42.14843000,2870772.09940930,0
1771757100000,68099.37000000,68153.20000000,68096.67000000,68129.56000000,37.30841000,1771757999999,2541759.52774300,8554,18.02726000,1228148.97825600,0
1771758000000,68129.57000000,68243.44000000,68129.56000000,68207.60000000,72.75073000,1771758899999,4961675.63537070,16514,48.79396000,3327572.69977510,0
1771758900000,68207.61000000,68245.00000000,68200.00000000,68231.00000000,36.44575000,1771759799999,2486364.69694550,10257,18.46259000,1259524.52035890,0
1771759800000,68230.99000000,68238.13000000,68157.74000000,68186.45000000,33.47703000,1771760699999,2283438.85283050,9644,11.04035000,752880.01122470,0
1771760700000,68186.46000000,68219.98000000,68186.45000000,68219.97000000,28.81550000,1771761599999,1965196.51395720,5975,18.78907000,1281436.71657770,0
1771761600000,68219.97000000,68232.40000000,67977.96000000,68012.16000000,131.14341000,1771762499999,8923337.81797540,33675,49.97949000,3400438.31546960,0
1771762500000,68012.17000000,68086.00000000,67980.30000000,68077.15000000,48.93773000,1771763399999,3330007.24778050,27112,23.48923000,1598236.79993920,0
1771763400000,68077.15000000,68077.16000000,67892.40000000,67892.40000000,123.08558000,1771764299999,8364417.55872060,36973,34.86843000,2369733.66117100,0
1771764300000,67892.41000000,67980.00000000,67871.59000000,67928.22000000,69.26144000,1771765199999,4705557.21756050,24800,25.52318000,1733944.84020030,0
1771765200000,67928.23000000,68013.50000000,67928.23000000,67988.56000000,54.84757000,1771766099999,3728146.88073810,22397,33.48770000,2276174.03764340,0
1771766100000,67988.56000000,68040.80000000,67923.78000000,67930.51000000,51.78669000,1771766999999,3520074.79210280,18441,18.92806000,1286597.50367620,0
1771767000000,67930.52000000,67973.85000000,67571.08000000,67633.61000000,372.69979000,1771767899999,25240797.22378470,82147,141.80628000,9602664.83747170,0
1771767900000,67633.62000000,67712.33000000,67593.38000000,67652.38000000,200.26063000,1771768799999,13546168.98436210,45103,100.53804000,6800324.43317800,0
1771768800000,67652.38000000,67671.28000000,67468.24000000,67650.31000000,174.33408000,1771769699999,11779444.88055660,52658,64.53873000,4361216.68291340,0
1771769700000,67650.32000000,67680.00000000,67573.48000000,67626.45000000,86.24391000,1771770599999,5831968.46643270,27619,28.48951000,1926639.48447590,0
1771770600000,67626.45000000,67682.47000000,67398.23000000,67440.00000000,200.96313000,1771771499999,13572934.39637090,41938,79.41923000,5365517.27311110,0
1771771500000,67440.01000000,67571.27000000,67353.75000000,67443.89000000,364.02965000,1771772399999,24551999.41211470,66761,155.46581000,10487495.74242720,0
1771772400000,67443.89000000,67486.76000000,67303.50000000,67413.99000000,186.43112000,1771773299999,12563663.68728480,52252,72.27737000,4870406.50407240,0
1771773300000,67414.00000000,67609.00000000,67341.80000000,67599.03000000,136.90391000,1771774199999,9238871.95698620,37236,71.38437000,4817033.62707200,0
1771774200000,67599.03000000,67813.20000000,67540.34000000,67777.51000000,258.09365000,1771775099999,17470659.44249310,55840,119.69251000,8102740.96254070,0
1771775100000,67777.52000000,67810.96000000,67669.91000000,67684.14000000,72.21102000,1771775999999,4891716.24213690,25448,25.92496000,1756244.43647330,0
1771776000000,67684.15000000,67718.13000000,67572.39000000,67581.60000000,86.74336000,1771776899999,5867366.01947130,26294,28.39726000,1920848.20819330,0
1771776900000,67581.60000000,67631.96000000,67534.99000000,67535.74000000,88.74429000,1771777799999,5996707.42112750,25062,57.69286000,3898249.61376590,0
1771777800000,67535.74000000,67575.86000000,67513.83000000,67569.39000000,49.94996000,1771778699999,3374156.45622290,21407,30.08772000,2032442.07302030,0
1771778700000,67569.40000000,67652.00000000,67566.20000000,67632.76000000,73.83959000,1771779599999,4993253.03708830,19503,51.46003000,3479885.68350580,0
1771779600000,67632.76000000,67635.22000000,67530.67000000,67571.29000000,78.72571000,1771780499999,5321410.92190020,16925,45.89452000,3101934.44876920,0
1771780500000,67571.30000000,67576.04000000,67496.26000000,67496.27000000,71.03417000,1771781399999,4797682.56692210,17514,33.64219000,2272319.06901880,0
1771781400000,67496.26000000,67538.85000000,67190.00000000,67260.75000000,409.26274000,1771782299999,27534176.98258180,68567,169.23174000,11384314.55608160,0
1771782300000,67260.75000000,67401.59000000,67260.75000000,67384.49000000,132.07920000,1771783199999,8893231.16784850,37615,66.62726000,4486201.40804920,0
1771783200000,67384.48000000,67426.29000000,67331.26000000,67403.06000000,127.42071000,1771784099999,8586207.21481150,28221,78.22714000,5271543.44580030,0
1771784100000,67403.05000000,67461.41000000,67329.36000000,67340.58000000,74.96617000,1771784999999,5052710.87420700,23432,43.08047000,2903673.53029040,0
1771785000000,67340.58000000,67387.06000000,67313.54000000,67376.13000000,71.99805000,1771785899999,4849067.13216330,20105,39.55400000,2663902.02622950,0
1771785900000,67376.13000000,67451.24000000,67376.13000000,67422.62000000,88.14212000,1771786799999,5942008.32732300,18585,50.12482000,3379033.78152430,0
1771786800000,67422.63000000,67484.00000000,67403.37000000,67411.89000000,57.55203000,1771787699999,3882155.59002040,19512,35.77311000,2413004.43180280,0
1771787700000,67411.89000000,67463.39000000,67410.00000000,67433.58000000,47.42919000,1771788599999,3198311.31354960,14827,30.21873000,2037696.26889550,0
1771788600000,67433.58000000,67488.70000000,67414.45000000,67484.41000000,62.28623000,1771789499999,4202013.93296010,16037,42.58750000,2873085.45892300,0
1771789500000,67484.40000000,67484.40000000,67414.00000000,67428.32000000,55.48852000,1771790399999,3742361.29759490,12550,37.59073000,2535236.78858290,0
1771790400000,67428.32000000,67458.76000000,67366.83000000,67385.78000000,57.03342000,1771791299999,3845112.62659240,15591,36.12218000,2435270.26469540,0
1771791300000,67385.77000000,67491.96000000,67385.77000000,67450.55000000,50.85978000,1771792199999,3429957.88236600,17006,39.09531000,2636476.18502860,0
1771792200000,67450.55000000,67453.22000000,67397.20000000,67414.14000000,69.30649000,1771793099999,4672924.07818240,15569,35.49767000,2393250.90122340,0
1771793100000,67414.15000000,67486.68000000,67350.00000000,67401.74000000,95.30395000,1771793999999,6424085.99828880,25419,55.62831000,3749903.70641310,0
1771794000000,67401.74000000,67480.70000000,67401.74000000,67447.92000000,55.99478000,1771794899999,3776834.55363310,14006,42.18936000,2845605.08717200,0
1771794900000,67447.93000000,67513.60000000,67447.92000000,67458.45000000,50.62965000,1771795799999,3416288.84514460,13463,36.44691000,2459264.22994330,0
1771795800000,67458.45000000,67617.25000000,67458.44000000,67591.14000000,79.05256000,1771796699999,5340466.18427200,23774,46.48619000,3140193.51017020,0
1771796700000,67591.14000000,67643.94000000,67585.50000000,67612.66000000,50.18617000,1771797599999,3393094.55484530,13214,38.59461000,2609353.54043410,0
1771797600000,67612.66000000,67616.98000000,67485.34000000,67510.40000000,88.62144000,1771798499999,5985944.00350220,14915,50.75990000,3428561.17674190,0
1771798500000,67510.40000000,67691.14000000,67510.40000000,67594.09000000,85.98689000,1771799399999,5811952.52471640,21040,51.95640000,3511351.07964170,0
1771799400000,67594.10000000,67710.80000000,67542.11000000,67679.27000000,100.00052000,1771800299999,6761719.22237050,26961,60.50529000,4090978.61484560,0
1771800300000,67679.27000000,67751.44000000,67656.00000000,67666.16000000,95.05493000,1771801199999,6435698.13701140,36510,54.11927000,3664006.86550470,0
1771801200000,67666.16000000,67726.19000000,67482.42000000,67497.03000000,118.80643000,1771802099999,8033607.40967670,43343,60.55119000,4094350.24107680,0
1771802100000,67497.03000000,67616.28000000,67469.58000000,67606.64000000,134.06644000,1771802999999,9054818.56647200,43084,83.70943000,5653256.32292970,0
1771803000000,67606.65000000,67606.65000000,67489.04000000,67508.55000000,73.32682000,1771803899999,4953539.41110580,33743,53.43708000,3609809.25614870,0
1771803900000,67508.55000000,67730.98000000,67495.66000000,67643.40000000,92.59383000,1771804799999,6260546.19729160,31412,73.15930000,4946694.92733850,0
1771804800000,67643.39000000,67684.86000000,67599.61000000,67627.55000000,66.70824000,1771805699999,4511481.13264590,35313,41.06045000,2776961.52963210,0
1771805700000,67627.55000000,67630.49000000,67400.00000000,67474.01000000,126.51792000,1771806599999,8540759.92112750,34489,79.77684000,5384840.96472110,0
1771806600000,67474.00000000,67474.00000000,67168.33000000,67180.25000000,159.80232000,1771807499999,10750919.40526620,48246,78.56635000,5285596.25256220,0
1771807500000,67180.24000000,67180.25000000,66715.01000000,66740.47000000,412.19843000,1771808399999,27610175.12583380,92082,166.07007000,11123320.53038820,0
1771808400000,66740.47000000,66740.47000000,65264.16000000,65481.74000000,2549.80869000,1771809299999,167900306.37441250,405238,1366.93738000,89964620.19942240,0
1771809300000,65481.74000000,65510.00000000,65000.00000000,65050.00000000,1491.06632000,1771810199999,97186790.70907360,360323,712.78397000,46468660.57803040,0
1771810200000,65050.00000000,65409.62000000,65006.11000000,65123.14000000,773.80503000,1771811099999,50452291.79686590,190059,426.05878000,27777640.73861820,0
1771811100000,65123.14000000,65171.00000000,64290.71000000,64427.65000000,2509.38204000,1771811999999,162388697.23381080,349970,1178.02680000,76211321.76347020,0
1771812000000,64427.64000000,64797.59000000,64325.98000000,64762.87000000,675.11760000,1771812899999,43594960.09996170,192247,358.62623000,23156323.24752790,0
1771812900000,64762.87000000,64811.58000000,64524.72000000,64759.75000000,419.83721000,1771813799999,27156671.16672780,125746,220.51898000,14262267.36309480,0
1771813800000,64759.75000000,64916.85000000,64685.93000000,64844.68000000,401.47421000,1771814699999,26022009.29013750,108013,260.25857000,16869546.77554920,0
1771814700000,64844.68000000,64890.70000000,64710.00000000,64783.56000000,346.82788000,1771815599999,22473637.40257320,79001,179.07273000,11603091.07799080,0
1771815600000,64783.56000000,65079.79000000,64773.31000000,64939.65000000,349.57153000,1771816499999,22697858.09260760,74548,212.31327000,13785501.83246090,0
1771816500000,64939.65000000,64939.65000000,64700.00000000,64769.26000000,279.55932000,1771817399999,18110587.00456280,56233,153.80536000,9962572.88639750,0
1771817400000,64769.26000000,65016.76000000,64721.68000000,65016.75000000,280.76071000,1771818299999,18212242.57040630,55180,180.75374000,11725550.57305000,0
1771818300000,65016.75000000,65016.76000000,64909.76000000,64934.17000000,180.22755000,1771819199999,11707169.29605440,41428,107.70375000,6995904.80219310,0
1771819200000,64934.18000000,65040.29000000,64828.62000000,65023.03000000,263.76164000,1771820099999,17131570.85426350,47739,169.21598000,10992479.37384410,0
1771820100000,65023.03000000,65023.03000000,64719.98000000,64778.13000000,180.14510000,1771820999999,11683829.60790290,38642,76.06035000,4932878.98157440,0
1771821000000,64778.14000000,64823.81000000,64685.64000000,64728.73000000,176.90826000,1771821899999,11455192.03165620,37286,79.09091000,5120983.89570300,0
1771821900000,64728.72000000,64830.80000000,64710.00000000,64808.31000000,172.04638000,1771822799999,11143406.93920610,25731,85.82286000,5558157.22896940,0
1771822800000,64808.31000000,65194.51000000,64796.85000000,65096.27000000,344.34908000,1771823699999,22376034.11754070,52134,195.35457000,12693414.14805880,0
1771823700000,65096.26000000,65294.80000000,64862.50000000,65044.73000000,468.48241000,1771824599999,30481650.75194920,67324,236.33672000,15392664.91046340,0
1771824600000,65044.73000000,65164.38000000,65015.12000000,65024.69000000,264.11672000,1771825499999,17192256.28470780,38704,157.88037000,10278748.80238140,0
1771825500000,65024.69000000,65086.06000000,64956.36000000,65070.90000000,138.24119000,1771826399999,8987687.73146900,37225,60.79015000,3952356.84752270,0
1771826400000,65070.90000000,65381.90000000,65033.90000000,65363.79000000,272.87906000,1771827299999,17802352.99970120,45001,176.94582000,11547124.79271890,0
1771827300000,65363.78000000,65456.55000000,65309.74000000,65310.00000000,255.26146000,1771828199999,16684884.48306910,55386,111.08185000,7260245.79340540,0
1771828200000,65310.00000000,65677.50000000,65283.80000000,65533.40000000,308.62059000,1771829099999,20225850.43251560,70706,155.67006000,10201898.49751670,0
1771829100000,65533.41000000,65802.09000000,65524.79000000,65757.32000000,248.32035000,1771829999999,16315552.67489680,62830,132.54151000,8707694.93304050,0
1771830000000,65757.33000000,65899.99000000,65697.50000000,65785.56000000,232.73677000,1771830899999,15315602.58203680,69099,128.03021000,8425557.55948380,0
1771830900000,65785.57000000,65833.81000000,65641.55000000,65689.65000000,222.40343000,1771831799999,14621790.44704310,48192,113.07965000,7434396.60595820,0
1771831800000,65689.65000000,66015.22000000,65683.71000000,65949.06000000,309.37217000,1771832699999,20379562.61564570,61082,209.81549000,13819095.45541030,0
1771832700000,65949.07000000,65991.46000000,65892.13000000,65958.94000000,262.18266000,1771833599999,17289975.71996900,30802,160.12622000,10559511.31566980,0
1771833600000,65958.94000000,65958.94000000,65700.00000000,65845.72000000,356.61855000,1771834499999,23472947.73674200,48900,123.07901000,8101252.33628540,0
1771834500000,65845.71000000,65873.17000000,65593.12000000,65682.68000000,230.47283000,1771835399999,15143665.15375450,54403,100.78258000,6621721.45280330,0
1771835400000,65682.69000000,65736.41000000,65579.71000000,65618.09000000,173.63336000,1771836299999,11396757.54058260,41329,68.06283000,4467538.11799010,0
1771836300000,65618.10000000,65696.94000000,65565.78000000,65676.44000000,134.82222000,1771837199999,8847536.82773370,33875,60.52786000,3971903.84674540,0
1771837200000,65676.44000000,65831.04000000,65672.76000000,65816.87000000,185.37186000,1771838099999,12194971.82136490,38095,90.33756000,5942243.77310260,0
1771838100000,65816.87000000,65874.60000000,65711.07000000,65844.09000000,152.12122000,1771838999999,10008822.01930510,35911,84.36158000,5551639.22736250,0
1771839000000,65844.09000000,66335.85000000,65823.01000000,66275.84000000,404.08986000,1771839899999,26741615.78208350,104693,235.46430000,15579377.14944980,0
1771839900000,66275.84000000,66456.50000000,66244.18000000,66404.91000000,233.37737000,1771840799999,15486830.09992540,76570,103.18614000,6847413.72298210,0
1771840800000,66404.92000000,66600.00000000,66296.17000000,66317.40000000,333.49047000,1771841699999,22151765.45736060,86713,111.68800000,7419733.01195770,0
1771841700000,66317.39000000,66511.51000000,66269.72000000,66363.25000000,169.66918000,1771842599999,11268156.41611770,47179,72.17641000,4793661.77158600,0
1771842600000,66363.25000000,66382.95000000,66220.00000000,66342.62000000,163.35451000,1771843499999,10832482.62044260,40094,69.29346000,4594790.46433330,0
1771843500000,66342.63000000,66410.00000000,66244.17000000,66319.69000000,122.52784000,1771844399999,8127593.53224530,36969,45.14796000,2994827.42638540,0
1771844400000,66319.69000000,66386.27000000,66249.44000000,66367.07000000,98.84931000,1771845299999,6556609.35453120,31634,37.61162000,2494545.98412980,0
1771845300000,66367.08000000,66487.37000000,66305.38000000,66325.30000000,127.44314000,1771846199999,8461801.54605760,36104,59.28895000,3937041.92936810,0
1771846200000,66325.31000000,66325.31000000,66114.30000000,66128.00000000,161.60298000,1771847099999,10699055.90164540,43567,51.48469000,3408407.54819190,0
1771847100000,66127.99000000,66221.44000000,66114.22000000,66207.23000000,146.55622000,1771847999999,9698521.76439580,38509,61.66126000,4080261.87055260,0
1771848000000,66207.23000000,66261.47000000,66162.57000000,66220.81000000,96.77124000,1771848899999,6406851.68760400,33476,36.64565000,2426316.31687840,0
1771848900000,66220.81000000,66240.60000000,66025.04000000,66138.83000000,155.79404000,1771849799999,10304131.34731020,42855,65.07035000,4303649.50775020,0
1771849800000,66138.82000000,66495.81000000,65886.51000000,66419.33000000,344.54327000,1771850699999,22796739.49425170,100571,192.31398000,12728586.82472190,0
1771850700000,66419.33000000,66511.51000000,66228.01000000,66280.40000000,156.96832000,1771851599999,10413304.25745390,48738,64.16064000,4257059.48177860,0
1771851600000,66280.40000000,66387.11000000,66211.87000000,66220.51000000,213.46859000,1771852499999,14149803.11514750,43475,77.86704000,5162077.09375700,0
1771852500000,66220.51000000,66259.50000000,66124.34000000,66226.66000000,216.84017000,1771853399999,14356905.15471240,44345,52.86033000,3499083.40725390,0
1771853400000,66226.65000000,66430.52000000,66142.07000000,66353.16000000,201.90328000,1771854299999,13376934.42667490,67244,124.13397000,8224283.15977930,0
1771854300000,66353.15000000,66370.06000000,66103.35000000,66132.66000000,175.20150000,1771855199999,11607011.38884570,57351,53.32227000,3533423.24688900,0
1771855200000,66132.65000000,66264.95000000,66121.08000000,66243.40000000,124.04916000,1771856099999,8212440.86999500,44976,44.90847000,2972905.76744010,0
1771856100000,66243.40000000,66252.37000000,66049.54000000,66086.27000000,106.45952000,1771856999999,7038064.59932350,33080,42.95662000,2839701.68894540,0
1771857000000,66086.26000000,66224.59000000,65529.73000000,65832.41000000,447.27685000,1771857899999,29458387.60564420,232601,186.35993000,12276162.15186750,0
1771857900000,65832.42000000,66115.16000000,65616.06000000,65923.53000000,293.96061000,1771858799999,19383249.68877750,209641,150.45801000,9922394.57447110,0
1771858800000,65923.52000000,66091.10000000,65700.01000000,65958.25000000,287.06491000,1771859699999,18913407.78322650,157846,154.84583000,10204108.46438220,0
1771859700000,65958.26000000,66250.00000000,65750.00000000,65806.54000000,382.87293000,1771860599999,25242300.32183380,123221,229.97056000,15162231.14077500,0
1771860600000,65806.54000000,65936.00000000,65709.62000000,65794.14000000,251.24037000,1771861499999,16537774.41054030,117147,126.55960000,8330287.67257300,0
1771861500000,65794.14000000,65919.29000000,65579.53000000,65660.10000000,341.92533000,1771862399999,22481474.35535840,118496,187.27968000,12313631.27092670,0
1771862400000,65660.10000000,65689.99000000,65178.83000000,65225.99000000,525.57343000,1771863299999,34380440.36994770,163999,227.09767000,14856075.75744580,0
1771863300000,65226.00000000,65672.26000000,65225.99000000,65633.14000000,434.65572000,1771864199999,28442381.36675510,145376,251.98198000,16485057.36468380,0
1771864200000,65633.13000000,65724.28000000,65450.33000000,65572.57000000,287.35217000,1771865099999,18848639.30165070,118802,147.97848000,9705984.92852470,0
1771865100000,65572.56000000,65603.17000000,65301.89000000,65364.65000000,254.88251000,1771865999999,16671701.15177670,92458,125.94150000,8236435.34452430,0
1771866000000,65364.66000000,65451.01000000,65043.51000000,65081.03000000,371.97197000,1771866899999,24283149.93574970,84386,155.63516000,10166908.62536350,0
1771866900000,65081.07000000,65180.31000000,64571.58000000,64579.25000000,767.70561000,1771867799999,49779805.19525710,186923,267.09569000,17315312.87600950,0
1771867800000,64577.76000000,64688.55000000,64333.38000000,64467.13000000,682.66356000,1771868699999,44037111.78430900,185509,384.01640000,24772790.69570420,0
1771868700000,64467.13000000,64813.62000000,64152.04000000,64813.26000000,702.44826000,1771869599999,45303051.95864520,171030,455.99901000,29425760.06256940,0
1771869600000,64813.27000000,64865.67000000,64621.65000000,64781.97000000,277.91597000,1771870499999,17996487.97722520,129609,149.63207000,9690301.71557610,0
1771870500000,64781.98000000,64913.38000000,64602.90000000,64818.83000000,225.22266000,1771871399999,14589583.22307410,104770,125.82151000,8151336.46398620,0
1771871400000,64818.84000000,65194.51000000,64735.00000000,64891.99000000,252.57111000,1771872299999,16418136.78163680,112138,164.39344000,10687241.09464860,0
1771872300000,64891.99000000,64891.99000000,64586.00000000,64635.49000000,238.97959000,1771873199999,15478531.02146330,74224,121.90718000,7896416.45601930,0
1771873200000,64635.49000000,64855.18000000,64603.34000000,64698.00000000,151.66805000,1771874099999,9817699.22906030,87469,83.89134000,5430057.98265440,0
1771874100000,64698.00000000,64709.07000000,64354.27000000,64463.84000000,332.77485000,1771874999999,21465611.80440600,95446,143.65979000,9267765.58097770,0
1771875000000,64463.84000000,64545.55000000,64048.71000000,64213.24000000,1357.73344000,1771875899999,87233195.61103380,130675,349.15627000,22446758.08357060,0
1771875900000,64213.24000000,64358.54000000,64098.64000000,64295.10000000,315.82687000,1771876799999,20289751.24183890,106174,139.53357000,8963747.43100900,0
1771876800000,64295.11000000,64376.86000000,63915.82000000,63961.55000000,429.30186000,1771877699999,27528118.10760380,112205,165.51830000,10622887.69178210,0
1771877700000,63961.56000000,64174.86000000,63888.79000000,64004.36000000,503.48641000,1771878599999,32236530.54920920,117771,276.28884000,17689646.55054770,0
1771878600000,64004.35000000,64323.42000000,63989.85000000,64269.42000000,167.10092000,1771879499999,10728805.25334710,90128,100.74336000,6467707.93851450,0
1771879500000,64269.42000000,64487.94000000,64238.05000000,64473.14000000,213.32536000,1771880399999,13730825.38210480,88819,107.79996000,6937442.33122730,0
1771880400000,64473.14000000,64704.36000000,64459.44000000,64599.99000000,235.46139000,1771881299999,15205334.76510760,86641,117.79402000,7606476.54838960,0
1771881300000,64600.00000000,64646.85000000,64510.74000000,64558.27000000,106.61901000,1771882199999,6886091.65183640,44236,48.51184000,3133379.38748660,0
1771882200000,64558.27000000,64783.54000000,64530.83000000,64649.68000000,142.85172000,1771883099999,9232569.51961630,47685,73.23992000,4732684.61867670,0
1771883100000,64649.67000000,64723.13000000,64555.16000000,64580.66000000,108.31473000,1771883999999,6999817.72318750,25957,55.63062000,3594816.75990330,0
1771884000000,64580.66000000,65004.09000000,64555.59000000,64968.59000000,822.20770000,1771884899999,53341430.00888010,86777,378.51497000,24550768.49003950,0
1771884900000,64968.59000000,65035.98000000,64850.09000000,64941.99000000,327.23651000,1771885799999,21258910.80637870,41377,251.62017000,16347709.78410970,0
1771885800000,64942.00000000,64942.00000000,64758.72000000,64794.50000000,184.38341000,1771886699999,11962453.06437100,40203,116.50663000,7558862.89585350,0
1771886700000,64794.49000000,64878.00000000,64639.97000000,64725.56000000,118.02903000,1771887599999,7646453.20209080,49343,73.26872000,4746529.06902100,0
1771887600000,64725.56000000,64900.63000000,64702.53000000,64860.22000000,96.46392000,1771888499999,6251044.33367220,51083,57.53056000,3727475.55750030,0
1771888500000,64860.23000000,64895.19000000,64780.23000000,64839.94000000,62.36422000,1771889399999,4043398.12018920,24069,30.55798000,1981041.70282080,0
1771889400000,64839.93000000,64879.88000000,64612.88000000,64621.91000000,71.53122000,1771890299999,4631197.40804750,31204,36.81290000,2383985.15087680,0
1771890300000,64621.95000000,64683.77000000,64538.90000000,64656.02000000,174.45277000,1771891199999,11268727.29541720,36602,70.51560000,4556303.45870090,0
1771891200000,64656.01000000,64895.02000000,64656.01000000,64895.02000000,101.96620000,1771892099999,6602785.67551010,52382,67.12449000,4347034.20505880,0
1771892100000,64895.01000000,65026.75000000,64803.42000000,64858.78000000,153.33086000,1771892999999,9955960.69367630,43812,93.02938000,6041275.17214270,0
1771893000000,64858.77000000,64986.68000000,64826.60000000,64918.95000000,102.05144000,1771893899999,6622636.88079920,43965,65.79145000,4268906.62764790,0
1771893900000,64918.94000000,64999.76000000,64874.99000000,64941.43000000,80.25147000,1771894799999,5212912.17377570,36902,34.01320000,2209314.89232930,0
1771894800000,64941.42000000,64941.42000000,64240.49000000,64324.95000000,349.43723000,1771895699999,22549272.61793590,104054,121.21701000,7822496.45132210,0
1771895700000,64324.95000000,64535.09000000,63433.84000000,64432.90000000,1390.44722000,1771896599999,88888542.65185410,350410,650.03460000,41574013.02250640,0
1771896600000,64432.89000000,64614.50000000,64068.34000000,64334.00000000,445.87377000,1771897499999,28699480.21771190,152754,193.22786000,12438678.97388470,0
1771897500000,64334.01000000,64406.45000000,64067.41000000,64160.27000000,217.00105000,1771898399999,13933594.93737470,111543,103.53901000,6648056.81182790,0
1771898400000,64160.26000000,64322.70000000,64000.00000000,64245.23000000,199.59822000,1771899299999,12804884.19817200,120243,93.92124000,6024698.94871070,0
1771899300000,64245.24000000,64317.25000000,64023.11000000,64313.72000000,138.14920000,1771900199999,8866212.62458690,86608,65.91659000,4231826.79701780,0
1771900200000,64313.73000000,64500.00000000,64115.29000000,64132.43000000,152.87463000,1771901099999,9834661.35141750,79622,82.51902000,5309728.26864610,0
1771901100000,64132.42000000,64180.88000000,64078.59000000,64109.81000000,109.01322000,1771901999999,6991114.11687740,57895,60.98245000,3910736.16535050,0
1771902000000,64109.80000000,64109.80000000,63558.15000000,63685.23000000,500.40398000,1771902899999,31937983.24268450,172663,170.91291000,10907898.13274350,0
1771902900000,63685.23000000,63853.00000000,63576.74000000,63705.78000000,233.80621000,1771903799999,14899648.81363760,120270,142.20771000,9061743.67008510,0
1771903800000,63705.79000000,63789.38000000,63639.34000000,63672.47000000,174.28979000,1771904699999,11102831.32417920,97815,83.83039000,5340428.03445840,0
1771904700000,63672.47000000,63689.81000000,63342.90000000,63595.51000000,404.26933000,1771905599999,25679543.86053300,116588,143.42680000,9112053.83403800,0
1771905600000,63595.51000000,63628.52000000,63000.00000000,63012.06000000,617.46395000,1771906499999,39065698.79230450,153088,231.00863000,14622534.39855240,0
1771906500000,63012.06000000,63394.15000000,62868.69000000,63220.71000000,853.97108000,1771907399999,53877908.94263720,193455,388.41561000,24506754.37886050,0
1771907400000,63220.71000000,63367.81000000,62986.16000000,63338.78000000,270.33845000,1771908299999,17083653.87591640,86441,142.04555000,8979681.06842520,0
1771908300000,63338.78000000,63394.16000000,63239.75000000,63378.84000000,355.13702000,1771909199999,22484545.34282270,62611,110.43314000,6992928.47889970,0
1771909200000,63378.84000000,63551.58000000,63280.00000000,63497.07000000,205.37288000,1771910099999,13029679.52609840,77519,119.53765000,7585034.30117990,0
1771910100000,63497.06000000,63497.07000000,62700.80000000,62820.77000000,510.57008000,1771910999999,32155471.06141720,147493,178.42717000,11237413.17220820,0
1771911000000,62820.77000000,63084.56000000,62728.04000000,62989.98000000,306.28975000,1771911899999,19282937.42830900,103672,194.11070000,12224248.63222900,0
1771911900000,62989.99000000,63105.84000000,62952.68000000,63104.79000000,251.83766000,1771912799999,15874686.07089190,57341,154.76017000,9755617.97678800,0
1771912800000,63104.79000000,63229.34000000,62900.00000000,63145.35000000,189.83012000,1771913699999,11973228.29877470,77725,81.65565000,5150245.20779240,0
1771913700000,63145.36000000,63316.64000000,63109.94000000,63211.11000000,174.96643000,1771914599999,11060103.67239100,55759,103.66939000,6553087.58084780,0
1771914600000,63211.11000000,63322.28000000,63170.00000000,63260.01000000,109.12325000,1771915499999,6902906.47792290,55380,53.79264000,3402750.19738140,0
1771915500000,63260.01000000,63260.01000000,62919.50000000,63082.79000000,204.02788000,1771916399999,12870641.65416540,66688,70.53755000,4450804.46729500,0
1771916400000,63082.79000000,63367.20000000,62866.42000000,63327.48000000,298.24435000,1771917299999,18820517.72334030,71473,127.74529000,8070976.62677510,0
1771917300000,63327.48000000,63346.30000000,63155.57000000,63274.86000000,159.69324000,1771918199999,10099786.55860760,59014,59.68566000,3774469.36742790,0
1771918200000,63274.87000000,63300.00000000,63087.85000000,63096.48000000,242.64085000,1771919099999,15337323.42226430,56772,135.28761000,8552406.13497780,0
1771919100000,63096.47000000,63200.00000000,63005.31000000,63192.96000000,190.38281000,1771919999999,12011766.00553090,45886,116.75665000,7366632.36194010,0
1771920000000,63192.79000000,63274.65000000,63009.92000000,63218.67000000,211.72998000,1771920899999,13372807.24303670,55968,123.10367000,7775935.52008510,0
1771920900000,63218.66000000,63323.34000000,63087.19000000,63298.21000000,160.97766000,1771921799999,10175536.51088670,63967,84.85307000,5363195.43476000,0
1771921800000,63298.21000000,63425.94000000,63267.48000000,63381.79000000,157.30548000,1771922699999,9966051.21247140,55368,97.00370000,6145593.79913940,0
1771922700000,63381.79000000,63444.66000000,63345.22000000,63392.15000000,139.13344000,1771923599999,8819505.74010750,45376,71.83290000,4553195.78052620,0
1771923600000,63392.15000000,63411.80000000,63212.29000000,63285.29000000,159.70402000,1771924499999,10111706.12054370,56373,72.30076000,4577724.84047380,0
1771924500000,63285.29000000,63300.00000000,63100.00000000,63144.83000000,133.95882000,1771925399999,8460243.95713140,50739,69.69571000,4401405.34870030,0
1771925400000,63144.83000000,63200.00000000,62908.92000000,63150.18000000,246.96668000,1771926299999,15571570.47205310,69366,109.92403000,6933537.77478860,0
1771926300000,63150.18000000,63257.59000000,63050.39000000,63249.99000000,116.54114000,1771927199999,7361675.45032470,43565,62.18614000,3928637.53593030,0
1771927200000,63250.00000000,63282.86000000,63112.70000000,63219.31000000,147.96890000,1771928099999,9351247.53887750,38985,75.51227000,4770753.13495400,0
1771928100000,63219.31000000,63307.84000000,63156.24000000,63269.99000000,82.27170000,1771928999999,5205032.74456880,35628,39.95818000,2528200.36083810,0
1771929000000,63269.99000000,63300.00000000,63150.00000000,63205.91000000,129.81515000,1771929899999,8208000.11359470,41328,54.23677000,3429235.12092290,0
1771929900000,63205.92000000,63369.71000000,63165.49000000,63284.50000000,87.13636000,1771930799999,5513029.89789710,32000,47.80673000,3024790.61316740,0
1771930800000,63284.51000000,63317.95000000,63183.42000000,63197.35000000,80.43146000,1771931699999,5086864.01927650,27036,37.08487000,2345308.18296880,0
1771931700000,63197.35000000,63237.32000000,63147.06000000,63170.01000000,101.45785000,1771932599999,6411459.32068560,35288,42.09147000,2659898.06575810,0
1771932600000,63170.01000000,63250.00000000,63063.63000000,63201.35000000,174.05697000,1771933499999,10991002.57070210,44454,96.92368000,6120564.73638700,0
1771933500000,63201.34000000,63240.00000000,63150.03000000,63227.10000000,105.13754000,1771934399999,6644495.07190850,25397,48.79142000,3083508.34726670,0
1771934400000,63227.11000000,63306.92000000,63101.70000000,63264.40000000,130.36658000,1771935299999,8240226.32522900,37425,72.28894000,4570236.09268640,0
1771935300000,63264.39000000,63343.59000000,63222.89000000,63324.02000000,88.62969000,1771936199999,5608766.16944660,32195,54.43382000,3445046.79894430,0
1771936200000,63324.03000000,63340.48000000,63080.40000000,63113.58000000,166.83380000,1771937099999,10542783.09346520,42230,73.34755000,4635313.42630670,0
1771937100000,63113.58000000,63135.81000000,62965.21000000,62969.05000000,256.32845000,1771937999999,16154988.67710550,52277,108.54371000,6840556.60984790,0
1771938000000,62969.04000000,63097.65000000,62910.57000000,63079.86000000,254.01049000,1771938899999,16007573.23835840,66419,127.86169000,8056979.35294370,0
1771938900000,63079.86000000,63100.00000000,62851.63000000,62920.29000000,274.83778000,1771939799999,17305400.82597350,73368,118.14045000,7438397.01501850,0
1771939800000,62920.30000000,63091.57000000,62510.28000000,62931.54000000,1630.81889000,1771940699999,102332436.44675880,165885,953.85334000,59826624.59910990,0
1771940700000,62931.54000000,63030.02000000,62890.39000000,62900.00000000,202.53232000,1771941599999,12752869.68636930,71424,95.69654000,6025671.10391200,0
1771941600000,62900.01000000,63016.00000000,62762.03000000,62944.02000000,234.32359000,1771942499999,14734602.23011130,82083,108.80707000,6842035.60456380,0
1771942500000,62944.03000000,63029.07000000,62800.70000000,63000.89000000,154.34074000,1771943399999,9712593.76778870,74525,65.04008000,4093465.22267260,0
1771943400000,63000.89000000,63463.83000000,62767.30000000,63336.41000000,537.82226000,1771944299999,33934156.92319670,252571,242.00939000,15274669.22559050,0
1771944300000,63336.40000000,63834.21000000,63267.14000000,63453.99000000,481.70296000,1771945199999,30618758.60731880,212509,226.81081000,14416470.40476960,0
1771945200000,63454.00000000,63661.00000000,63300.00000000,63585.00000000,281.45654000,1771946099999,17866405.40622200,172917,154.25344000,9793372.72848870,0
1771946100000,63581.94000000,63970.05000000,63550.06000000,63928.22000000,396.02354000,1771946999999,25250395.70232510,165452,218.63864000,13939906.11804510,0
1771947000000,63928.21000000,63983.72000000,63666.22000000,63748.29000000,241.77146000,1771947899999,15438827.03105590,113230,107.23482000,6846453.87002200,0
1771947900000,63748.28000000,64031.76000000,63720.41000000,63973.97000000,207.85534000,1771948799999,13281014.53449440,105985,124.16139000,7934631.91818210,0
1771948800000,63973.98000000,64428.90000000,63956.62000000,64163.30000000,692.90147000,1771949699999,44512856.48449160,200881,389.14138000,25001004.23855930,0
1771949700000,64163.30000000,64219.38000000,63882.75000000,63956.21000000,242.86809000,1771950599999,15560863.21539800,113175,147.62053000,9459484.55257960,0
1771950600000,63956.21000000,64132.15000000,63689.54000000,64043.02000000,285.53605000,1771951499999,18237415.04878430,128439,144.31706000,9216520.80039470,0
1771951500000,64043.03000000,64300.00000000,63814.53000000,64265.52000000,201.90412000,1771952399999,12926529.27438870,90100,93.03193000,5960184.17237570,0
1771952400000,64265.53000000,64520.00000000,64166.17000000,64412.00000000,359.74568000,1771953299999,23154381.86859760,128745,212.60818000,13686165.60056970,0
1771953300000,64412.00000000,64412.00000000,64109.94000000,64147.96000000,361.74243000,1771954199999,23235323.22324980,80840,141.30285000,9074554.93121440,0
1771954200000,64147.96000000,64264.55000000,64099.74000000,64099.75000000,96.22308000,1771955099999,6175205.34591150,64360,39.21893000,2516788.83769210,0
1771955100000,64099.75000000,64264.37000000,64042.80000000,64219.71000000,199.61386000,1771955999999,12800296.91624050,60135,97.70679000,6266294.05073950,0
1771956000000,64219.70000000,64414.88000000,63872.72000000,63970.62000000,309.11887000,1771956899999,19827865.57142660,75426,99.21020000,6368328.92467770,0
1771956900000,63970.63000000,64348.91000000,63931.59000000,64292.00000000,159.52238000,1771957799999,10240584.44707440,71148,92.95339000,5967205.48135580,0
1771957800000,64292.01000000,64498.18000000,64287.44000000,64370.98000000,156.09965000,1771958699999,10050016.55513130,70538,86.27135000,5554701.87692920,0
1771958700000,64370.97000000,64500.00000000,64364.70000000,64435.06000000,185.15228000,1771959599999,11930905.42569920,49751,67.51761000,4350108.81588640,0
1771959600000,64435.05000000,64743.11000000,64259.10000000,64310.66000000,360.40810000,1771960499999,23268515.91878750,96226,182.04839000,11754988.00973340,0
1771960500000,64310.66000000,64426.79000000,64250.52000000,64312.96000000,118.94033000,1771961399999,7652015.98542760,64595,62.26046000,4005509.07424510,0
1771961400000,64312.96000000,64518.96000000,64303.75000000,64472.18000000,138.95585000,1771962299999,8952873.53287030,52735,91.58752000,5901365.45371570,0
1771962300000,64472.18000000,64488.58000000,64387.31000000,64435.03000000,103.99035000,1771963199999,6702368.07038460,41312,45.24010000,2915902.96299880,0
1771963200000,64435.03000000,64481.76000000,64318.03000000,64397.43000000,101.49585000,1771964099999,6536917.98078460,49963,37.39029000,2408178.43704300,0
1771964100000,64397.43000000,64508.61000000,64397.43000000,64473.95000000,89.46982000,1771964999999,5768993.74739630,38350,45.51493000,2934799.82992260,0
1771965000000,64473.96000000,64591.99000000,64392.82000000,64499.99000000,105.75054000,1771965899999,6820704.91243610,41112,54.61941000,3523280.12366740,0
1771965900000,64499.99000000,64520.69000000,64388.80000000,64472.90000000,112.50823000,1771966799999,7251466.16033490,49041,49.88872000,3215553.30937820,0
1771966800000,64472.90000000,64472.90000000,64134.97000000,64241.10000000,195.96124000,1771967699999,12590083.45462650,49012,58.55619000,3760235.21985810,0
1771967700000,64241.09000000,64241.10000000,63820.50000000,63916.22000000,196.76875000,1771968599999,12593546.23213130,59073,75.35925000,4823528.87661190,0
1771968600000,63916.22000000,64070.22000000,63871.79000000,64015.28000000,100.53349000,1771969499999,6429341.27176590,36241,49.34677000,3156114.66126950,0
1771969500000,64015.28000000,64086.29000000,63993.60000000,64042.66000000,83.14564000,1771970399999,5324947.69055080,31470,42.16038000,2699961.73731950,0
1771970400000,64042.66000000,64227.81000000,63973.79000000,64219.60000000,105.00516000,1771971299999,6735079.96712500,54574,64.61084000,4143551.46476400,0
1771971300000,64219.60000000,64219.70000000,64086.24000000,64145.11000000,51.16498000,1771972199999,3282602.37647120,23537,20.89230000,1340300.10719240,0
1771972200000,64145.11000000,64187.23000000,64073.93000000,64090.44000000,66.98984000,1771973099999,4295722.16987250,22015,27.93031000,1790891.45920600,0
1771973100000,64090.44000000,64145.52000000,63984.32000000,64120.95000000,65.00184000,1771973999999,4165515.45391720,20289,26.99450000,1729685.00528070,0
1771974000000,64120.96000000,64148.70000000,63853.99000000,64071.98000000,173.68681000,1771974899999,11109585.60776270,47080,80.11306000,5123442.22435750,0
1771974900000,64071.97000000,64220.04000000,64067.55000000,64185.01000000,101.53435000,1771975799999,6511148.31505110,28968,46.97671000,3012788.17130320,0
1771975800000,64185.01000000,64248.65000000,64128.29000000,64142.19000000,57.90066000,1771976699999,3715989.74325650,31499,28.60169000,1835746.05456490,0
1771976700000,64142.19000000,64142.19000000,64027.00000000,64058.15000000,56.29523000,1771977599999,3607550.86918340,23823,25.62802000,1642478.40517160,0
1771977600000,64058.15000000,64080.81000000,63913.27000000,63919.23000000,56.57361000,1771978499999,3621453.25784370,31493,16.80472000,1076120.68550460,0
1771978500000,63919.22000000,64061.34000000,63918.26000000,63959.99000000,61.23366000,1771979399999,3918062.42308620,33254,27.03047000,1729694.55953900,0
1771979400000,63960.00000000,64271.42000000,63960.00000000,64257.60000000,75.60152000,1771980299999,4849896.25904560,35078,56.36895000,3616325.54401660,0
1771980300000,64257.59000000,64319.29000000,64139.19000000,64224.30000000,98.97158000,1771981199999,6358979.84030480,36069,46.98807000,3019027.97076290,0
1771981200000,64224.29000000,65940.92000000,64145.20000000,65606.34000000,1083.87647000,1771982099999,70651839.18262470,212745,653.66887000,42562470.64326770,0
1771982100000,65606.34000000,66300.00000000,65423.53000000,65944.66000000,967.94544000,1771982999999,63868569.07223350,273202,541.76297000,35752033.63824350,0
1771983000000,65944.67000000,66271.99000000,65769.46000000,65813.69000000,498.11719000,1771983899999,32907576.73687770,155915,217.65530000,14381165.90928370,0
1771983900000,65813.68000000,66057.14000000,65784.10000000,65896.75000000,290.14146000,1771984799999,19125512.99693940,87060,162.38999000,10704439.56228000,0
1771984800000,65896.74000000,66310.00000000,65890.62000000,66229.81000000,676.96241000,1771985699999,44757131.67529570,141385,351.73204000,23260094.59024710,0
1771985700000,66229.81000000,66257.40000000,66036.58000000,66113.25000000,216.54153000,1771986599999,14322917.48400780,79748,101.65726000,6723588.10447940,0
1771986600000,66113.24000000,66173.73000000,65883.01000000,65933.96000000,161.27210000,1771987499999,10643476.15755730,61788,74.03493000,4885028.01059620,0
1771987500000,65933.96000000,66025.93000000,65866.66000000,65884.83000000,198.13998000,1771988399999,13065022.88036630,48994,75.59403000,4985237.92423920,0
1771988400000,65884.84000000,65955.87000000,65807.35000000,65834.99000000,152.93683000,1771989299999,10073890.28754630,60397,84.24982000,5549695.75176070,0
1771989300000,65834.99000000,65848.61000000,65493.80000000,65586.17000000,283.38366000,1771990199999,18595691.72731950,83280,147.67698000,9688312.82741200,0
1771990200000,65586.17000000,65636.61000000,65371.99000000,65459.61000000,210.34669000,1771991099999,13777812.09767900,75230,102.05690000,6686009.20788090,0
1771991100000,65459.62000000,65553.28000000,65350.28000000,65391.73000000,155.12800000,1771991999999,10151806.58901020,56964,72.06413000,4715930.89539630,0
1771992000000,65391.74000000,65533.82000000,65116.65000000,65439.57000000,289.31100000,1771992899999,18898503.20929440,75420,147.30834000,9624539.50945680,0
1771992900000,65439.56000000,65622.91000000,65349.37000000,65589.68000000,194.80301000,1771993799999,12762269.87591400,58500,107.86992000,7066506.10147560,0
1771993800000,65589.68000000,65650.00000000,65536.58000000,65638.65000000,132.95104000,1771994699999,8721097.64445200,44781,76.25990000,5002330.99941950,0
1771994700000,65638.66000000,65638.66000000,65412.00000000,65457.99000000,106.43212000,1771995599999,6970036.51109140,31516,36.15978000,2367465.36378840,0
1771995600000,65458.00000000,65511.21000000,65311.20000000,65339.80000000,107.63133000,1771996499999,7042480.34143660,40862,48.95642000,3203526.27376120,0
1771996500000,65339.81000000,65381.08000000,65157.94000000,65197.50000000,159.80646000,1771997399999,10425308.39253530,51430,43.85625000,2861584.23417030,0
1771997400000,65197.50000000,65239.72000000,64755.26000000,64839.45000000,406.52815000,1771998299999,26415860.37310390,92377,152.17371000,9885496.91968890,0
1771998300000,64839.45000000,64993.60000000,64769.69000000,64882.76000000,157.64749000,1771999199999,10232388.35883670,54316,76.03884000,4934822.26452960,0
1771999200000,64882.77000000,65024.57000000,64882.29000000,64989.10000000,110.59028000,1772000099999,7185147.17147450,37853,54.08664000,3513641.15388740,0
1772000100000,64989.10000000,65124.04000000,64908.20000000,65027.52000000,84.40495000,1772000999999,5489296.16979480,38570,36.78830000,2392631.91958160,0
1772001000000,65027.52000000,65118.92000000,64982.50000000,65093.50000000,75.54170000,1772001899999,4915071.55555850,28341,41.15051000,2677152.77647610,0
1772001900000,65093.50000000,65094.73000000,64865.78000000,64898.22000000,124.23269000,1772002799999,8067737.49100880,28797,30.36700000,1972638.10411310,0
1772002800000,64898.22000000,65080.39000000,64781.18000000,65027.36000000,88.66070000,1772003699999,5756084.95563400,40487,43.35908000,2815270.80698550,0
1772003700000,65027.35000000,65193.25000000,65002.74000000,65116.59000000,168.67317000,1772004599999,10981620.03634070,43521,113.47755000,7387759.83333970,0
1772004600000,65116.59000000,65189.87000000,64876.91000000,64944.66000000,207.55569000,1772005499999,13493718.81978040,62573,68.82872000,4475029.13645170,0
1772005500000,64944.66000000,65045.57000000,64930.28000000,65028.30000000,217.70055000,1772006399999,14146299.05919390,28871,107.98011000,7016317.78193250,0
1772006400000,65028.30000000,65090.34000000,64955.79000000,65032.95000000,135.31113000,1772007299999,8797286.33887760,41844,96.48328000,6272520.37519220,0
1772007300000,65032.95000000,65247.10000000,65011.99000000,65192.31000000,127.27675000,1772008199999,8293659.81770530,49723,98.48476000,6417401.33139080,0
1772008200000,65192.32000000,65464.20000000,65188.89000000,65420.85000000,212.43458000,1772009099999,13884608.49400250,66393,135.61459000,8861561.94976790,0
1772009100000,65420.85000000,65586.87000000,65375.40000000,65530.49000000,219.34143000,1772009999999,14360744.15116020,68662,141.96794000,9294551.47796590,0
1772010000000,65530.48000000,65692.62000000,65454.43000000,65552.00000000,223.00552000,1772010899999,14617570.01289030,67786,126.45029000,8289142.94178130,0
1772010900000,65552.00000000,65641.12000000,65511.45000000,65570.10000000,141.69987000,1772011799999,9288968.62059360,40808,81.30296000,5329812.57815940,0
1772011800000,65570.09000000,65570.10000000,65396.47000000,65467.38000000,100.35865000,1772012699999,6571557.45126220,36400,35.78489000,2343315.72974660,0
1772012700000,65467.39000000,65579.67000000,65455.84000000,65558.71000000,80.74428000,1772013599999,5291044.70888710,27300,42.66512000,2795333.42654430,0
1772013600000,65558.71000000,65612.49000000,65473.02000000,65568.58000000,75.39097000,1772014499999,4939897.04758290,41417,33.48031000,2193645.75299960,0
1772014500000,65568.57000000,65648.74000000,65362.25000000,65368.19000000,95.59820000,1772015399999,6257417.18204190,28769,46.23033000,3025994.61576150,0
1772015400000,65368.19000000,65425.00000000,65345.00000000,65423.96000000,54.87021000,1772016299999,3587818.26246210,17623,32.56350000,2129166.94362630,0
1772016300000,65423.96000000,65512.50000000,65361.83000000,65400.87000000,89.26615000,1772017199999,5841753.04311580,21209,49.87712000,3263738.11077590,0
1772017200000,65400.87000000,65401.47000000,65200.80000000,65244.63000000,126.19576000,1772018099999,8239509.51088600,41991,51.77523000,3380025.49554440,0
1772018100000,65244.64000000,65400.00000000,65204.00000000,65362.21000000,96.27349000,1772018999999,6287363.30688290,36479,62.11442000,4056242.61041890,0
1772019000000,65362.20000000,65485.91000000,65331.99000000,65433.81000000,123.75137000,1772019899999,8094236.67602520,36113,77.98535000,5100799.63687580,0
1772019900000,65433.81000000,65459.97000000,65375.14000000,65430.04000000,96.37948000,1772020799999,6304640.23709360,20716,48.31425000,3160382.27764390,0
1772020800000,65430.04000000,65531.01000000,65324.62000000,65498.32000000,144.57665000,1772021699999,9463329.49592010,41349,93.44906000,6117126.14795560,0
1772021700000,65498.33000000,65929.94000000,65490.13000000,65780.60000000,340.10294000,1772022599999,22355125.24085010,78196,216.48799000,14229399.72503640,0
1772022600000,65780.60000000,65887.87000000,65749.10000000,65842.02000000,198.63298000,1772023499999,13072833.64201610,55773,108.23180000,7123478.07444560,0
1772023500000,65842.02000000,66240.00000000,65820.01000000,66068.94000000,633.40559000,1772024399999,41843501.11685440,85490,315.40446000,20831094.70118900,0
1772024400000,66068.94000000,66300.00000000,66033.21000000,66050.01000000,452.82069000,1772025299999,29953015.33850340,76817,271.69055000,17972544.67955280,0
1772025300000,66050.01000000,66250.00000000,66025.39000000,66179.44000000,280.55153000,1772026199999,18552278.49029010,60322,152.45069000,10082300.87797290,0
1772026200000,66179.44000000,66416.69000000,66142.70000000,66315.81000000,299.27363000,1772027099999,19833044.62047930,58194,214.86756000,14239250.34455170,0
1772027100000,66315.81000000,66684.10000000,66219.36000000,66248.62000000,827.39702000,1772027999999,55000690.09314940,90845,463.45843000,30807215.25327820,0
1772028000000,66248.63000000,66499.79000000,66207.72000000,66482.86000000,321.57639000,1772028899999,21350646.82954010,63944,219.67026000,14585842.92079350,0
1772028900000,66482.86000000,66628.21000000,66436.67000000,66579.46000000,286.00879000,1772029799999,19031525.13254510,57828,197.66418000,13153931.12369740,0
1772029800000,66579.20000000,66779.64000000,66202.66000000,66259.02000000,795.05952000,1772030699999,52855867.43769110,182754,451.86375000,30056959.77851900,0
1772030700000,66259.02000000,67009.78000000,66253.20000000,66973.20000000,777.52314000,1772031599999,51894018.65848720,161776,499.98859000,33369378.06959930,0
1772031600000,66973.19000000,67249.20000000,66765.47000000,66844.44000000,623.91251000,1772032499999,41796929.03082240,148639,335.63005000,22486987.12709640,0
1772032500000,66844.45000000,67071.91000000,66715.13000000,67071.05000000,519.76152000,1772033399999,34773834.75781360,116456,355.95751000,23817531.60764510,0
1772033400000,67071.06000000,67550.83000000,66966.84000000,67515.29000000,726.07324000,1772034299999,48905881.04601170,150719,489.01832000,32944481.08722820,0
1772034300000,67515.30000000,67578.00000000,67218.71000000,67412.33000000,653.16105000,1772035199999,44031210.31960280,126348,379.05903000,25553096.71035420,0
1772035200000,67412.32000000,67788.52000000,67404.00000000,67601.23000000,481.88619000,1772036099999,32557896.02450300,107255,288.25435000,19477848.86759430,0
1772036100000,67601.24000000,68100.01000000,67575.01000000,67872.16000000,815.17234000,1772036999999,55371160.09677900,131000,452.64967000,30743035.20421680,0
1772037000000,67872.17000000,68000.00000000,67823.52000000,67954.52000000,290.41419000,1772037899999,19725779.05926260,74470,163.04540000,11073820.11660640,0
1772037900000,67954.53000000,68332.00000000,67954.52000000,68297.35000000,471.95661000,1772038799999,32158736.01432520,89138,323.88916000,22074773.90212590,0
1772038800000,68297.35000000,68647.23000000,68016.53000000,68512.40000000,855.87451000,1772039699999,58477742.57347440,160040,412.83437000,28221274.34313670,0
1772039700000,68512.39000000,68686.86000000,68275.62000000,68565.44000000,470.70027000,1772040599999,32250521.97244280,120682,220.33532000,15098238.64757230,0
1772040600000,68565.44000000,68770.00000000,68400.89000000,68770.00000000,550.99398000,1772041499999,37790641.16100410,103619,256.96188000,17631561.14856210,0
1772041500000,68770.00000000,68879.96000000,68600.00000000,68674.20000000,585.61790000,1772042399999,40267862.79849030,80238,372.81496000,25640067.58941000,0
1772042400000,68674.20000000,68918.79000000,68373.33000000,68871.08000000,419.40543000,1772043299999,28805533.25883570,91848,234.38363000,16103695.50623880,0
1772043300000,68871.09000000,69500.00000000,68708.35000000,69348.39000000,772.35968000,1772044199999,53355043.64614070,112989,467.16521000,32287226.40424470,0
1772044200000,69348.39000000,69550.00000000,69203.49000000,69478.55000000,483.69138000,1772045099999,33579338.10160340,109854,225.57360000,15661414.05725050,0
1772045100000,69478.55000000,69509.26000000,69262.70000000,69328.07000000,429.55124000,1772045999999,29786870.86705940,78708,157.35464000,10910458.25808770,0
1772046000000,69328.06000000,69406.93000000,68764.94000000,68915.55000000,865.41042000,1772046899999,59775590.81607470,116378,318.00115000,21956986.04551680,0
1772046900000,68915.55000000,69153.28000000,68854.45000000,68972.90000000,361.16227000,1772047799999,24911943.97956970,66188,172.90013000,11927031.26046470,0
1772047800000,68972.90000000,69004.56000000,68779.60000000,68896.61000000,295.59371000,1772048699999,20355437.13151050,50031,136.50491000,9399591.44885770,0
1772048700000,68896.62000000,69093.34000000,68850.08000000,69038.26000000,150.67322000,1772049599999,10395163.77055440,44704,69.39934000,4787747.13175710,0
1772049600000,69038.26000000,69091.40000000,68619.22000000,68644.69000000,290.75600000,1772050499999,20011509.31863350,62986,93.95232000,6468634.67903460,0
1772050500000,68644.68000000,68873.18000000,68640.76000000,68802.37000000,180.96159000,1772051399999,12445439.35066470,40183,72.80290000,5006386.71030540,0
1772051400000,68802.38000000,69200.00000000,68775.76000000,69124.96000000,276.91968000,1772052299999,19122822.65305400,58897,166.53391000,11497768.74577520,0
1772052300000,69124.96000000,69374.95000000,69100.01000000,69148.69000000,328.29276000,1772053199999,22720461.68180980,78344,171.36206000,11859074.80652200,0
1772053200000,69148.69000000,69226.28000000,68940.00000000,68990.91000000,170.81181000,1772054099999,11807476.58286840,58200,64.15440000,4435245.80606740,0
1772054100000,68990.92000000,69069.50000000,68800.00000000,68803.70000000,149.89128000,1772054999999,10339075.89893890,49109,77.01996000,5313563.18119200,0
1772055000000,68803.71000000,69988.83000000,68773.83000000,69221.59000000,916.38811000,1772055899999,63650849.87000270,192710,475.60505000,33047971.53814380,0
1772055900000,69221.59000000,69221.59000000,68812.40000000,68919.72000000,325.02830000,1772056799999,22423701.44147650,108253,136.97021000,9449731.46883330,0
1772056800000,68919.72000000,69176.00000000,68886.99000000,69074.88000000,151.84201000,1772057699999,10483075.27379830,52666,76.39438000,5274634.74719550,0
1772057700000,69074.88000000,69089.25000000,68830.01000000,68878.86000000,123.46817000,1772058599999,8510381.29350290,33743,58.23699000,4013571.10776750,0
1772058600000,68878.87000000,68905.97000000,68268.53000000,68420.42000000,522.57564000,1772059499999,35808447.69952250,69319,218.53642000,14966927.52295470,0
1772059500000,68420.42000000,68529.83000000,68055.91000000,68432.13000000,294.99849000,1772060399999,20148694.03637790,77742,159.03947000,10862298.58136630,0
1772060400000,68432.13000000,68696.97000000,68212.52000000,68517.64000000,240.50348000,1772061299999,16468866.12850990,60418,98.45570000,6741094.56600610,0
1772061300000,68517.64000000,68522.00000000,68262.83000000,68277.25000000,133.66587000,1772062199999,9138869.86895910,40997,70.40474000,4813690.65011610,0
1772062200000,68277.24000000,68294.02000000,67600.00000000,67695.86000000,397.66262000,1772063099999,27020039.64374220,79490,160.70214000,10919232.81464220,0
1772063100000,67695.87000000,68000.00000000,67642.39000000,67988.04000000,248.38595000,1772063999999,16860366.08571010,67016,168.29841000,11424237.66362970,0
1772064000000,67988.04000000,68172.00000000,67727.52000000,68153.57000000,331.99165000,1772064899999,22554177.93117010,77498,251.03126000,17055468.87368850,0
1772064900000,68153.58000000,68445.82000000,68119.70000000,68280.80000000,289.06987000,1772065799999,19746913.52147050,74875,159.59961000,10902199.01023560,0
1772065800000,68280.79000000,68539.17000000,67974.51000000,68195.93000000,349.76130000,1772066699999,23871227.48853110,97840,154.61474000,10558692.88084560,0
1772066700000,68195.93000000,68373.25000000,68119.04000000,68335.99000000,163.74560000,1772067599999,11179696.42451750,48295,102.77098000,7018689.82637940,0
1772067600000,68335.99000000,68700.00000000,68210.35000000,68568.51000000,267.51805000,1772068499999,18318610.03237630,74541,143.35558000,9819330.61775760,0
1772068500000,68568.50000000,68593.91000000,68370.23000000,68390.41000000,106.34404000,1772069399999,7282595.88323340,43067,42.45815000,2908131.37887770,0
1772069400000,68390.41000000,68551.99000000,68221.44000000,68347.47000000,135.03695000,1772070299999,9233165.03594640,48390,59.14625000,4044332.28326970,0
1772070300000,68347.47000000,68393.20000000,68224.60000000,68248.30000000,110.29131000,1772071199999,7532294.82014760,41504,42.27814000,2887094.38257950,0
1772071200000,68248.30000000,68267.10000000,67779.93000000,67863.22000000,411.82375000,1772072099999,27980038.21130740,80386,193.40307000,13132514.46665400,0
1772072100000,67863.23000000,68152.15000000,67863.22000000,67936.40000000,156.45883000,1772072999999,10636843.66272260,55273,68.84489000,4681165.04670360,0
1772073000000,67936.41000000,68201.35000000,67936.41000000,68184.94000000,138.64922000,1772073899999,9435098.08440130,53417,76.73522000,5222177.62301210,0
1772073900000,68184.94000000,68351.00000000,68105.65000000,68257.45000000,126.26230000,1772074799999,8615214.51645990,44581,78.67156000,5367932.06734360,0
1772074800000,68257.46000000,68379.59000000,68046.38000000,68145.89000000,163.81709000,1772075699999,11171477.22742390,47611,64.19570000,4378272.41678410,0
1772075700000,68145.89000000,68186.54000000,68072.39000000,68102.57000000,82.47484000,1772076599999,5619017.35521150,32532,49.32522000,3360711.97994550,0
1772076600000,68102.57000000,68279.75000000,68044.18000000,68239.36000000,99.23363000,1772077499999,6768109.30799090,49496,48.51980000,3309412.89299670,0
1772077500000,68239.37000000,68316.16000000,68182.40000000,68216.86000000,62.99187000,1772078399999,4299024.61762370,30017,30.32723000,2069604.52986210,0
1772078400000,68216.87000000,68613.69000000,68179.62000000,68526.27000000,176.56337000,1772079299999,12082252.07836050,50349,105.13176000,7193827.58041700,0
1772079300000,68526.27000000,68693.42000000,68424.76000000,68562.56000000,136.27460000,1772080199999,9344581.09904300,47500,66.75333000,4576732.49035630,0
1772080200000,68562.55000000,68860.00000000,68552.12000000,68728.89000000,175.19436000,1772081099999,12043631.39525970,71007,99.37966000,6831870.13157770,0
1772081100000,68728.89000000,68745.38000000,68570.57000000,68571.36000000,99.52641000,1772081999999,6833639.90400710,37694,49.81332000,3420367.10878720,0
1772082000000,68571.36000000,68571.37000000,68231.31000000,68301.57000000,128.32136000,1772082899999,8774394.70123790,64595,47.35802000,3238410.42037770,0
1772082900000,68301.56000000,68412.48000000,68127.58000000,68357.86000000,181.22615000,1772083799999,12370744.45671130,62354,101.46456000,6927177.53878560,0
1772083800000,68357.86000000,68447.40000000,68261.72000000,68414.34000000,80.28250000,1772084699999,5488405.24137960,38468,46.07583000,3149830.77325000,0
1772084700000,68414.35000000,68509.57000000,68348.85000000,68443.81000000,96.98982000,1772085599999,6636834.20019400,31669,51.26328000,3507860.57558920,0
1772085600000,68443.82000000,68522.00000000,68282.70000000,68459.95000000,139.20252000,1772086499999,9521630.46330900,37654,75.38979000,5155716.94739170,0
1772086500000,68459.96000000,68459.96000000,68250.01000000,68255.65000000,214.52335000,1772087399999,14667545.91500720,35090,104.95664000,7175519.00474710,0
1772087400000,68255.65000000,68260.20000000,68122.54000000,68127.56000000,146.24808000,1772088299999,9972452.60302830,39904,43.30448000,2952653.04839030,0
1772088300000,68127.56000000,68226.98000000,68042.90000000,68176.75000000,118.65964000,1772089199999,8083214.49924010,38201,49.34072000,3362039.79276840,0
1772089200000,68176.75000000,68264.70000000,68167.91000000,68229.23000000,107.68225000,1772090099999,7345988.88530290,37419,55.08185000,3757460.64370690,0
1772090100000,68229.22000000,68290.18000000,68103.30000000,68177.70000000,97.68789000,1772090999999,6662556.61058540,32642,48.18391000,3286279.70450170,0
1772091000000,68177.69000000,68194.11000000,67994.81000000,67999.85000000,308.16041000,1772091899999,20978647.44750400,47697,96.94110000,6597901.98830630,0
1772091900000,67999.85000000,68018.93000000,67817.87000000,67825.04000000,326.61351000,1772092799999,22176203.67722750,44968,77.42452000,5256673.35603470,0
1772092800000,67825.05000000,68049.72000000,67792.00000000,68048.93000000,155.24777000,1772093699999,10542722.20092150,41691,89.19844000,6057687.57430040,0
1772093700000,68048.93000000,68236.00000000,67965.70000000,68029.71000000,173.46396000,1772094599999,11813129.66968460,54118,99.29617000,6762983.35197370,0
1772094600000,68029.72000000,68144.27000000,67927.74000000,67990.00000000,206.29937000,1772095499999,14038365.24252110,53306,119.86136000,8156752.82560560,0
1772095500000,67990.00000000,68116.70000000,67904.00000000,67954.01000000,226.67998000,1772096399999,15412938.73989320,46140,84.67115000,5758461.52549300,0
1772096400000,67954.00000000,68418.51000000,67933.25000000,68325.83000000,290.78052000,1772097299999,19811823.41598500,54604,137.00379000,9336385.50699580,0
1772097300000,68325.83000000,68328.13000000,68159.12000000,68188.52000000,123.51204000,1772098199999,8426673.90653310,36753,67.36579000,4596190.20258970,0
1772098200000,68188.52000000,68471.89000000,68150.00000000,68400.03000000,218.76908000,1772099099999,14961951.69113250,50467,152.82640000,10451360.69879340,0
1772099100000,68400.04000000,68644.59000000,68400.03000000,68589.41000000,462.25455000,1772099999999,31683644.20943620,36468,301.74683000,20681238.11929480,0
1772100000000,68589.41000000,68722.64000000,68500.00000000,68514.86000000,241.91584000,1772100899999,16594448.60427620,45100,124.06148000,8510813.00490570,0
1772100900000,68514.85000000,68542.17000000,68332.27000000,68332.28000000,232.33770000,1772101799999,15904154.07934940,39191,112.28564000,7685417.12060300,0
1772101800000,68332.27000000,68464.49000000,68270.96000000,68440.00000000,125.07367000,1772102699999,8552575.66582660,40226,68.26993000,4668223.58668600,0
1772102700000,68439.99000000,68450.40000000,68257.64000000,68301.62000000,89.33351000,1772103599999,6104813.55248040,37840,35.90528000,2453508.71114690,0
1772103600000,68301.61000000,68404.25000000,68261.10000000,68347.55000000,142.90431000,1772104499999,9766471.00794480,39189,84.79358000,5794751.75080070,0
1772104500000,68347.55000000,68352.19000000,68144.15000000,68158.58000000,160.93932000,1772105399999,10982768.98714880,42119,51.52101000,3515672.32554910,0
1772105400000,68158.59000000,68230.70000000,68071.68000000,68084.73000000,187.97669000,1772106299999,12814499.18374670,30841,77.56657000,5287522.91091690,0
1772106300000,68084.72000000,68100.39000000,67965.46000000,68051.31000000,231.12899000,1772107199999,15720073.24282630,37348,86.94175000,5913813.82520460,0
1772107200000,68051.30000000,68238.39000000,68027.85000000,68202.45000000,144.71435000,1772108099999,9862745.10503530,39123,80.00967000,5452755.05674050,0
1772108100000,68202.45000000,68303.83000000,68139.42000000,68150.46000000,178.36254000,1772108999999,12171084.60504790,45701,104.50428000,7132127.97826120,0
1772109000000,68150.45000000,68290.17000000,68082.32000000,68082.32000000,143.28963000,1772109899999,9772413.35060470,47066,64.08100000,4370154.86474090,0
1772109900000,68082.33000000,68232.20000000,68009.88000000,68171.56000000,175.71229000,1772110799999,11969832.89963050,45664,102.04133000,6951145.92207630,0
1772110800000,68171.55000000,68213.98000000,67994.43000000,68032.95000000,128.25476000,1772111699999,8736267.37915670,52309,65.06986000,4432567.63406240,0
1772111700000,68032.95000000,68166.10000000,67923.34000000,68158.51000000,162.51058000,1772112599999,11054471.52807150,49228,70.16462000,4774636.42659960,0
1772112600000,68158.51000000,68193.71000000,67972.74000000,68081.66000000,148.02757000,1772113499999,10078171.54698790,50578,73.85155000,5028127.49519770,0
1772113500000,68081.65000000,68195.52000000,67848.69000000,67905.35000000,260.17492000,1772114399999,17693874.73668030,60187,127.42248000,8666249.38319500,0
1772114400000,67905.34000000,68034.46000000,67650.82000000,67987.84000000,366.54696000,1772115299999,24854782.22108380,80903,120.62215000,8181386.29677460,0
1772115300000,67987.83000000,68151.78000000,67817.20000000,68116.00000000,161.35704000,1772116199999,10971728.97293540,54577,95.16483000,6471938.45071030,0
1772116200000,68116.00000000,68272.21000000,67738.43000000,67799.74000000,547.01684000,1772117099999,37195374.19695290,186295,244.29831000,16613041.65845140,0
1772117100000,67799.59000000,67826.62000000,67264.22000000,67697.74000000,694.34649000,1772117999999,46853792.29232070,168898,309.35649000,20870037.95933930,0
1772118000000,67696.89000000,67743.36000000,67249.70000000,67374.30000000,323.80666000,1772118899999,21863738.99946950,121027,137.09933000,9258141.66133350,0
1772118900000,67374.30000000,67395.66000000,66855.21000000,66979.88000000,800.47130000,1772119799999,53654045.64405440,180853,365.28737000,24485355.70798570,0
1772119800000,66979.87000000,67468.01000000,66761.16000000,67347.34000000,624.50857000,1772120699999,41903155.68582700,171455,337.73815000,22670103.62934880,0
1772120700000,67347.34000000,67610.47000000,67230.81000000,67382.00000000,347.09487000,1772121599999,23396721.88983080,113429,193.12365000,13020313.28836430,0
1772121600000,67382.00000000,67441.97000000,67055.00000000,67150.03000000,316.71777000,1772122499999,21289773.13103030,104472,139.54662000,9377842.23859410,0
1772122500000,67150.03000000,67566.85000000,67114.21000000,67452.01000000,187.96313000,1772123399999,12654180.05112180,79366,120.21221000,8094316.54834940,0
1772123400000,67452.00000000,67458.05000000,66909.09000000,67041.58000000,331.64348000,1772124299999,22253200.09212930,115185,171.37275000,11499304.48942340,0
1772124300000,67041.58000000,67061.24000000,66500.00000000,66643.55000000,1213.87655000,1772125199999,80951956.53160260,148011,470.99419000,31413873.37824910,0
1772125200000,66643.56000000,67011.54000000,66600.46000000,66890.89000000,393.91989000,1772126099999,26334692.37862900,111811,211.47084000,14135915.24448850,0
1772126100000,66890.88000000,67044.10000000,66761.47000000,66936.31000000,171.18212000,1772126999999,11450586.17201970,72554,81.39218000,5444807.10629080,0
1772127000000,66936.31000000,67022.65000000,66710.00000000,66747.47000000,156.98806000,1772127899999,10494835.64369730,60084,70.29964000,4700346.99101980,0
1772127900000,66747.46000000,66854.57000000,66620.01000000,66826.80000000,163.73748000,1772128799999,10931630.29373180,59231,85.29239000,5694872.36678590,0
1772128800000,66826.80000000,66883.64000000,66575.73000000,66771.52000000,267.19274000,1772129699999,17825827.86456320,81060,104.45360000,6968803.11668000,0
1772129700000,66771.51000000,67027.24000000,66745.24000000,66863.00000000,171.94366000,1772130599999,11503978.11095100,59276,97.33768000,6512567.82563970,0
1772130600000,66863.00000000,67373.90000000,66842.51000000,67262.95000000,441.80897000,1772131499999,29694044.26518280,81313,297.65044000,20005032.46309600,0
1772131500000,67262.94000000,67352.84000000,67181.81000000,67310.53000000,177.52659000,1772132399999,11942585.46452660,45746,99.60191000,6700905.40680380,0
1772132400000,67310.53000000,67903.12000000,67285.99000000,67503.83000000,473.43139000,1772133299999,32020593.32087060,88006,271.78873000,18380323.36154420,0
1772133300000,67503.83000000,67770.51000000,67487.86000000,67572.96000000,290.29708000,1772134199999,19628262.67947560,58015,143.28654000,9686584.35287250,0
1772134200000,67572.95000000,67703.69000000,67394.64000000,67478.24000000,266.22393000,1772135099999,17989210.36423080,48290,77.06142000,5205897.76809320,0
1772135100000,67478.24000000,67713.96000000,67478.24000000,67589.22000000,205.99773000,1772135999999,13923459.35905200,39512,137.81457000,9313862.78183030,0
1772136000000,67589.21000000,67827.34000000,67589.21000000,67679.90000000,131.19495000,1772136899999,8884732.21991530,41273,62.73027000,4248609.71443530,0
1772136900000,67679.89000000,67831.11000000,67550.54000000,67559.79000000,92.18501000,1772137799999,6239715.64064760,32514,42.70692000,2890492.05401290,0
1772137800000,67559.79000000,67559.79000000,67269.42000000,67470.59000000,272.58408000,1772138699999,18372029.94028790,39478,101.95956000,6875295.95208060,0
1772138700000,67470.59000000,67470.60000000,67290.72000000,67414.07000000,101.92583000,1772139599999,6868008.26172220,31742,48.22318000,3249570.41034490,0
1772139600000,67414.07000000,67447.26000000,67150.14000000,67358.60000000,121.83983000,1772140499999,8200349.15836650,42252,56.14132000,3778933.51340090,0
1772140500000,67358.60000000,67503.61000000,67316.96000000,67477.12000000,77.15956000,1772141399999,5201561.92161670,25824,51.40744000,3466192.13292120,0
1772141400000,67477.11000000,67481.10000000,67372.00000000,67440.03000000,44.79763000,1772142299999,3020232.66090860,19753,18.00124000,1213677.17759240,0
1772142300000,67440.02000000,67575.97000000,67401.82000000,67463.65000000,56.05030000,1772143199999,3782881.62845240,22480,27.64526000,1865842.67769810,0
1772143200000,67463.65000000,67591.78000000,67405.75000000,67546.77000000,62.69691000,1772144099999,4230350.87772730,14502,26.43627000,1783704.53468040,0
1772144100000,67546.77000000,67554.42000000,67301.75000000,67414.52000000,80.34937000,1772144999999,5414681.05887650,15672,19.27932000,1299351.99923450,0
1772145000000,67414.52000000,67630.22000000,67405.13000000,67600.21000000,107.19477000,1772145899999,7242520.17562700,17770,74.26908000,5018076.73169850,0
1772145900000,67600.20000000,67628.00000000,67500.01000000,67572.30000000,41.39255000,1772146799999,2796993.53491050,15751,22.08823000,1492569.48861540,0
1772146800000,67572.30000000,67572.30000000,67390.65000000,67519.48000000,72.53365000,1772147699999,4893895.10692680,25224,29.32791000,1978753.78274310,0
1772147700000,67519.49000000,67625.11000000,67454.60000000,67569.44000000,73.23740000,1772148599999,4949246.11691860,15150,50.32952000,3401262.77879180,0
1772148600000,67569.43000000,67656.11000000,67490.00000000,67506.23000000,122.01942000,1772149499999,8246218.80950770,24956,73.20748000,4947707.28681880,0
1772149500000,67506.22000000,67519.83000000,67414.65000000,67485.18000000,46.72690000,1772150399999,3152950.97800750,20636,22.88135000,1543838.94227360,0
1772150400000,67485.19000000,67537.84000000,67273.00000000,67356.64000000,155.40660000,1772151299999,10480934.09280700,38240,27.89382000,1880915.89771840,0
1772151300000,67356.64000000,67385.89000000,67170.00000000,67307.23000000,68.10791000,1772152199999,4581098.52270800,34726,27.27866000,1834876.25582060,0
1772152200000,67307.23000000,67317.75000000,67032.11000000,67132.81000000,134.42519000,1772153099999,9025625.10361180,47423,56.34200000,3784215.52081860,0
1772153100000,67132.80000000,67285.84000000,67000.00000000,67226.50000000,104.97060000,1772153999999,7050381.46469700,40662,57.17053000,3841916.42221480,0
1772154000000,67226.50000000,67243.10000000,66885.00000000,66998.09000000,183.20050000,1772154899999,12277301.49553750,49846,72.44133000,4855589.41115820,0
1772154900000,66998.09000000,67150.49000000,66974.00000000,67073.13000000,65.93743000,1772155799999,4422191.18812460,40001,37.05242000,2485018.48365620,0
1772155800000,67073.12000000,67312.47000000,67023.13000000,67152.24000000,402.70100000,1772156699999,27066487.36554760,71965,203.22307000,13658875.23503280,0
1772156700000,67152.25000000,67398.86000000,67114.00000000,67352.26000000,166.31545000,1772157599999,11185605.58211680,59679,99.05045000,6663462.49778000,0
1772157600000,67352.26000000,67484.89000000,67300.00000000,67325.34000000,115.92699000,1772158499999,7814356.06593110,50797,55.78954000,3760899.87667560,0
1772158500000,67325.35000000,67529.11000000,67280.00000000,67412.48000000,153.16492000,1772159399999,10321681.09652480,47835,87.45016000,5892399.12501480,0
1772159400000,67412.48000000,67546.15000000,67360.70000000,67430.64000000,93.33443000,1772160299999,6297737.28343520,27809,54.84428000,3700808.02029520,0
1772160300000,67430.64000000,67483.82000000,67263.56000000,67266.58000000,100.66977000,1772161199999,6782282.36988810,28939,48.00443000,3234042.40667880,0
1772161200000,67266.58000000,67294.11000000,67112.24000000,67177.70000000,104.35154000,1772162099999,7012910.13007400,28866,48.20471000,3239668.98879170,0
1772162100000,67177.69000000,67231.67000000,67099.71000000,67112.05000000,62.56535000,1772162999999,4201890.21156500,23763,28.64499000,1923656.21653560,0
1772163000000,67112.06000000,67400.00000000,67112.06000000,67395.27000000,97.29994000,1772163899999,6546188.54027560,30446,63.86237000,4296449.87396500,0
1772163900000,67395.27000000,67712.16000000,67332.20000000,67600.84000000,151.45688000,1772164799999,10225853.90560500,38978,88.92334000,6004502.59599400,0
1772164800000,67600.84000000,67962.28000000,67578.67000000,67927.79000000,319.79966000,1772165699999,21679545.76224890,71720,180.59250000,12242411.32556720,0
1772165700000,67927.78000000,68216.80000000,67884.94000000,67947.90000000,278.44663000,1772166599999,18944628.60823310,69387,145.39112000,9892778.55365360,0
1772166600000,67947.91000000,67964.60000000,67685.22000000,67759.60000000,226.70705000,1772167499999,15372030.17769200,38319,69.58327000,4717804.76049090,0
1772167500000,67759.60000000,67974.59000000,67700.00000000,67747.49000000,493.58477000,1772168399999,33496369.69312240,40676,267.36315000,18144873.71661300,0
1772168400000,67747.49000000,67924.00000000,67717.82000000,67859.09000000,116.58905000,1772169299999,7907101.12363710,31312,78.52507000,5325778.63651030,0
1772169300000,67859.09000000,67885.35000000,67688.03000000,67806.87000000,153.28067000,1772170199999,10390199.17547570,30880,95.09471000,6444845.25975200,0
1772170200000,67806.88000000,67878.47000000,67774.83000000,67841.51000000,73.28571000,1772171099999,4971290.93939930,20953,33.72034000,2287419.74754970,0
1772171100000,67841.51000000,67861.79000000,67683.30000000,67724.99000000,68.41060000,1772171999999,4635505.46021220,20334,31.33967000,2123652.60125240,0
1772172000000,67725.00000000,67780.50000000,67654.18000000,67667.13000000,95.41364000,1772172899999,6460622.27033660,19828,36.48014000,2470789.41746220,0
1772172900000,67667.12000000,67701.34000000,67525.46000000,67605.15000000,151.98496000,1772173799999,10272690.33907150,29942,40.92085000,2766477.66718910,0
1772173800000,67605.15000000,67772.52000000,67605.14000000,67740.21000000,80.00571000,1772174699999,5416345.80973640,26486,41.02915000,2777647.05082310,0
1772174700000,67740.21000000,67823.90000000,67652.32000000,67658.14000000,71.19937000,1772175599999,4822223.34351190,23846,35.74913000,2421302.93323700,0
1772175600000,67658.14000000,67720.01000000,67569.89000000,67653.86000000,62.46861000,1772176499999,4225698.55796960,22009,30.95301000,2093824.32614150,0
1772176500000,67653.85000000,67664.25000000,67459.30000000,67506.39000000,195.95443000,1772177399999,13235452.35426180,26845,45.59742000,3082058.02101580,0
1772177400000,67506.40000000,67630.74000000,67463.32000000,67549.02000000,248.65815000,1772178299999,16795975.60047870,41577,140.47897000,9488650.85604620,0
1772178300000,67549.01000000,67774.48000000,67517.50000000,67690.60000000,389.48367000,1772179199999,26362373.88185870,38096,289.86157000,19620029.59888040,0
1772179200000,67690.60000000,68050.00000000,67655.86000000,67890.94000000,175.39531000,1772180099999,11904121.55847640,45094,111.15888000,7544942.92604700,0
1772180100000,67890.94000000,67984.82000000,67866.46000000,67967.90000000,134.32605000,1772180999999,9123734.60922310,26672,56.31122000,3824936.41179880,0
1772181000000,67967.90000000,68030.21000000,67745.08000000,67924.38000000,125.93400000,1772181899999,8546804.48854070,29912,67.10546000,4554665.55314430,0
1772181900000,67924.38000000,68079.83000000,67900.00000000,67926.24000000,277.32511000,1772182799999,18848997.46297210,33107,106.00096000,7205442.18562820,0
1772182800000,67926.25000000,68046.40000000,67836.95000000,67972.86000000,881.08899000,1772183699999,59850563.85488020,50442,179.41096000,12187059.95105370,0
1772183700000,67972.86000000,68149.93000000,67877.50000000,68026.05000000,149.49039000,1772184599999,10164575.65568370,30969,73.36361000,4988557.40890960,0
1772184600000,68026.04000000,68042.43000000,67609.70000000,67609.71000000,153.40522000,1772185499999,10409826.25469630,29838,66.90593000,4541534.08424990,0
1772185500000,67609.70000000,67609.80000000,67284.22000000,67355.73000000,193.30560000,1772186399999,13034114.44454330,49901,88.07860000,5938444.20621460,0
1772186400000,67355.72000000,67416.78000000,66837.18000000,66874.31000000,396.50942000,1772187299999,26592797.83918100,68084,156.15518000,10472707.57964020,0
1772187300000,66874.31000000,67051.54000000,66688.91000000,66788.31000000,493.27724000,1772188199999,32973060.29709250,53257,174.80073000,11689349.18402340,0
1772188200000,66789.24000000,66959.62000000,66705.46000000,66816.06000000,254.67469000,1772189099999,17020210.94102770,38082,129.10068000,8628349.77211710,0
1772189100000,66816.06000000,66838.61000000,66574.00000000,66604.91000000,270.37076000,1772189999999,18029733.46312940,41098,100.22987000,6683420.63329480,0
1772190000000,66604.90000000,66778.68000000,66603.74000000,66700.53000000,202.47670000,1772190899999,13504128.22601930,31898,89.22308000,5951174.78427560,0
1772190900000,66700.53000000,66700.98000000,66361.00000000,66525.66000000,362.77335000,1772191799999,24125741.51152840,45554,132.98396000,8845196.64811480,0
1772191800000,66525.65000000,66575.95000000,65960.01000000,66002.58000000,546.81846000,1772192699999,36203315.12606700,60673,192.79822000,12767531.68855960,0
1772192700000,66002.59000000,66185.23000000,65987.50000000,66126.99000000,287.52405000,1772193599999,18999303.73030850,34767,192.87414000,12745634.97734450,0
1772193600000,66126.99000000,66217.42000000,65904.66000000,65988.97000000,303.54287000,1772194499999,20055048.92416610,38348,141.96428000,9381165.15211220,0
1772194500000,65988.97000000,66127.84000000,65891.48000000,65899.99000000,890.70507000,1772195399999,58763275.03012840,37183,510.25971000,33662760.58859490,0
1772195400000,65900.00000000,66044.10000000,65860.00000000,65897.31000000,253.42907000,1772196299999,16709213.69143140,29449,129.79702000,8558016.77748450,0
1772196300000,65897.31000000,65928.01000000,65734.71000000,65928.01000000,407.35628000,1772197199999,26802984.64624390,43972,182.22717000,11990409.94243410,0
1772197200000,65928.01000000,66164.43000000,65901.58000000,66043.03000000,277.42250000,1772198099999,18320102.13782600,33802,146.15598000,9651300.36850580,0
1772198100000,66043.04000000,66150.30000000,65920.26000000,66018.00000000,254.94746000,1772198999999,16837576.07249400,29007,125.37507000,8280828.81543630,0
1772199000000,66017.99000000,66057.18000000,65649.34000000,66030.92000000,477.99649000,1772199899999,31468263.57113920,60818,232.84168000,15333192.41836710,0
1772199900000,66031.20000000,66344.90000000,66029.76000000,66270.55000000,268.18672000,1772200799999,17755425.21248290,50299,142.44822000,9430584.53790790,0
1772200800000,66270.55000000,66334.87000000,66145.69000000,66323.22000000,195.15233000,1772201699999,12929287.71979130,42481,78.56452000,5204635.67651870,0
1772201700000,66323.22000000,66323.23000000,66002.68000000,66117.81000000,209.37325000,1772202599999,13838841.79481670,46263,106.17051000,7016663.47779270,0
1772202600000,66117.81000000,66316.30000000,65790.00000000,65880.01000000,652.73502000,1772203499999,43082066.72451340,103227,346.24007000,22851266.89556430,0
1772203500000,65880.00000000,65992.32000000,65686.64000000,65887.59000000,346.97146000,1772204399999,22839901.60197100,101673,202.63566000,13340256.15695770,0
1772204400000,65887.59000000,66237.68000000,65845.18000000,66034.27000000,346.11019000,1772205299999,22863522.22640770,91860,197.17285000,13026410.37375470,0
1772205300000,66034.26000000,66237.35000000,65900.00000000,66113.99000000,229.12654000,1772206199999,15138491.43469100,66883,123.34321000,8150280.39757210,0
1772206200000,66113.98000000,66129.61000000,65866.00000000,66076.41000000,175.04284000,1772207099999,11552789.14515890,48097,69.21389000,4567977.59253810,0
1772207100000,66076.41000000,66311.11000000,66062.75000000,66095.40000000,206.84021000,1772207999999,13688265.30600530,50510,93.73992000,6202979.43402540,0
1772208000000,66095.40000000,66121.03000000,65755.40000000,65897.56000000,314.75793000,1772208899999,20747556.39738830,63490,116.50174000,7678733.24573010,0
1772208900000,65897.55000000,66067.38000000,65847.52000000,65996.26000000,158.06407000,1772209799999,10424843.87989350,46228,79.48875000,5241798.75334430,0
1772209800000,65996.26000000,66054.36000000,65700.00000000,65729.57000000,169.97711000,1772210699999,11196995.71750050,42324,76.13697000,5014824.70201000,0
1772210700000,65729.57000000,65808.65000000,65462.93000000,65475.21000000,492.76576000,1772211599999,32310769.61563170,78438,173.90627000,11401564.27743240,0
1772211600000,65475.21000000,65665.72000000,65408.00000000,65460.09000000,254.06538000,1772212499999,16654002.04359280,54236,119.95356000,7862678.58103620,0
1772212500000,65460.08000000,65543.61000000,65190.59000000,65205.21000000,368.16691000,1772213399999,24056874.31036130,66695,153.53584000,10036110.26304910,0
1772213400000,65205.21000000,65536.06000000,65113.72000000,65411.38000000,432.97629000,1772214299999,28308010.78130920,69777,271.07935000,17726375.64245530,0
1772214300000,65411.39000000,65765.06000000,65384.54000000,65703.19000000,210.18851000,1772215199999,13785862.91639960,47501,156.84334000,10288416.90423710,0
1772215200000,65703.18000000,65788.07000000,65506.79000000,65545.82000000,170.40386000,1772216099999,11188488.38074500,44405,98.50233000,6469592.36068780,0
1772216100000,65545.82000000,65610.63000000,65379.79000000,65576.39000000,147.45327000,1772216999999,9653933.89247590,37412,61.93833000,4056254.27377470,0
1772217000000,65576.39000000,65679.88000000,65520.07000000,65574.31000000,122.80721000,1772217899999,8056039.21923210,31594,88.02189000,5774437.33930260,0
1772217900000,65574.30000000,65581.86000000,65228.33000000,65314.76000000,182.34403000,1772218799999,11911987.57956330,38194,60.58150000,3958097.84124870,0
1772218800000,65314.76000000,65434.88000000,65172.60000000,65287.27000000,132.34216000,1772219699999,8641704.29743590,36948,58.17363000,3798405.97957750,0
1772219700000,65287.26000000,65420.35000000,65214.00000000,65339.58000000,182.12593000,1772220599999,11886753.93694000,28785,99.44248000,6491404.52145720,0
1772220600000,65339.59000000,65420.81000000,65250.00000000,65293.63000000,356.99799000,1772221499999,23338049.57362060,24482,140.50662000,9186367.57188150,0
1772221500000,65293.64000000,65457.35000000,65258.41000000,65392.18000000,180.48983000,1772222399999,11803956.89596480,27141,151.43613000,9904483.03814440,0
1772222400000,65392.18000000,65600.00000000,65392.18000000,65566.41000000,121.95433000,1772223299999,7989142.74656950,29028,77.65863000,5088076.42828140,0
1772223300000,65566.41000000,65644.81000000,65553.73000000,65577.54000000,101.81660000,1772224199999,6678562.78034380,21609,64.05155000,4201361.73713470,0
1772224200000,65577.55000000,65657.22000000,65464.00000000,65631.29000000,85.70967000,1772225099999,5620290.48152530,24805,34.77704000,2280534.17562150,0
1772225100000,65631.29000000,65666.66000000,65556.00000000,65594.67000000,135.38408000,1772225999999,8882194.30382130,35224,44.33655000,2908691.32556790,0
1772226000000,65594.67000000,65713.70000000,65496.05000000,65577.21000000,103.70191000,1772226899999,6803196.86070060,30280,52.77405000,3462620.04641830,0
1772226900000,65577.22000000,65749.94000000,65577.21000000,65704.54000000,56.19089000,1772227799999,3691273.64059460,16687,31.38344000,2061483.99348780,0
1772227800000,65704.54000000,65718.62000000,65577.21000000,65621.37000000,61.60524000,1772228699999,4042779.80844010,18637,30.21619000,1982771.39546970,0
1772228700000,65621.36000000,65621.37000000,65400.00000000,65527.59000000,61.15836000,1772229599999,4007013.71175800,14902,22.41384000,1468453.34333200,0
1772229600000,65527.59000000,65590.78000000,65450.00000000,65546.28000000,47.42714000,1772230499999,3106706.59721150,13291,16.17394000,1059624.60816490,0
1772230500000,65546.28000000,65615.30000000,65446.98000000,65466.66000000,48.02683000,1772231399999,3146816.88998220,16056,18.69363000,1224980.95964180,0
1772231400000,65466.66000000,65597.06000000,64914.46000000,65597.05000000,526.29676000,1772232299999,34307801.36564780,56535,200.82023000,13110789.77355880,0
1772232300000,65597.06000000,65673.33000000,65516.26000000,65637.99000000,91.78417000,1772233199999,6021666.85575830,18935,59.31033000,3891303.86084830,0
1772233200000,65638.00000000,65869.63000000,65551.67000000,65736.63000000,121.31981000,1772234099999,7973115.74139380,23826,65.30307000,4292255.26262630,0
1772234100000,65736.62000000,65900.00000000,65731.44000000,65886.41000000,67.00800000,1772234999999,4412725.07002600,14896,34.27693000,2257009.88434390,0
1772235000000,65886.42000000,65953.20000000,65828.32000000,65833.15000000,73.18095000,1772235899999,4822537.85385430,14771,48.44810000,3192845.82187940,0
1772235900000,65833.14000000,65917.80000000,65832.00000000,65872.10000000,65.35244000,1772236799999,4305507.19795940,13527,37.01551000,2438576.71259910,0
1772236800000,65872.09000000,66025.52000000,65830.00000000,65998.04000000,114.94719000,1772237699999,7576295.85672440,24014,61.19696000,4034260.96739800,0
1772237700000,65998.04000000,66012.87000000,65721.13000000,65775.80000000,126.07475000,1772238599999,8302580.91119680,19172,50.72810000,3341426.30823610,0
1772238600000,65775.80000000,65966.85000000,65735.74000000,65950.21000000,44.63379000,1772239499999,2938760.33158420,12760,25.67969000,1691032.43281610,0
1772239500000,65950.21000000,65985.18000000,65903.30000000,65942.00000000,48.76876000,1772240399999,3216108.68051950,11534,30.67754000,2022992.67250440,0
1772240400000,65942.01000000,65971.93000000,65822.43000000,65859.38000000,42.92563000,1772241299999,2828434.49000680,13465,17.98623000,1185228.86911280,0
1772241300000,65859.39000000,65970.00000000,65814.01000000,65838.00000000,118.79863000,1772242199999,7830605.03655830,23642,79.18735000,5220070.65166590,0
1772242200000,65838.01000000,65856.36000000,65743.71000000,65791.58000000,60.11518000,1772243099999,3955329.60536320,22253,23.69037000,1558851.17660210,0
1772243100000,65791.57000000,65867.45000000,65756.15000000,65770.36000000,45.97330000,1772243999999,3026510.23414320,11723,31.70609000,2087641.70636990,0
1772244000000,65770.36000000,65930.51000000,65761.94000000,65870.61000000,40.97832000,1772244899999,2698475.05502940,17893,22.76097000,1499074.91101850,0
1772244900000,65870.61000000,65975.68000000,65870.61000000,65918.71000000,33.98770000,1772245799999,2240703.72319480,12495,19.74924000,1301979.60583700,0
1772245800000,65918.70000000,65992.01000000,65913.33000000,65964.51000000,61.63236000,1772246699999,4064980.47460320,13277,46.81710000,3087692.65799910,0
1772246700000,65964.50000000,66018.85000000,65949.74000000,65961.13000000,67.49450000,1772247599999,4453125.51231820,12842,23.21318000,1531735.37291750,0
1772247600000,65961.13000000,65966.40000000,65850.48000000,65859.14000000,61.06033000,1772248499999,4023564.64453400,15002,23.50963000,1549223.76145650,0
1772248500000,65859.14000000,65982.34000000,65859.14000000,65889.86000000,56.18968000,1772249399999,3703644.09646680,17450,32.93053000,2170408.82460590,0
1772249400000,65889.86000000,65924.36000000,65745.39000000,65768.82000000,92.00432000,1772250299999,6055837.23231310,18968,29.51732000,1942864.32467870,0
1772250300000,65768.81000000,65849.15000000,65768.81000000,65797.42000000,30.15964000,1772251199999,1984679.67401620,11865,11.75498000,773565.51697190,0
1772251200000,65797.42000000,65818.44000000,65707.62000000,65750.93000000,42.89575000,1772252099999,2821245.02044710,15057,12.51430000,823057.62212220,0
1772252100000,65750.92000000,65815.31000000,65641.62000000,65673.05000000,73.97027000,1772252999999,4861107.34037240,18202,31.08230000,2043033.40227360,0
1772253000000,65673.05000000,65681.48000000,65488.00000000,65650.44000000,123.60817000,1772253899999,8107071.05651290,27511,35.59794000,2335050.15308490,0
1772253900000,65650.44000000,65705.17000000,65604.05000000,65663.20000000,71.06263000,1772254799999,4665409.99698630,18503,28.00442000,1838597.05327460,0
1772254800000,65663.21000000,65724.83000000,65623.44000000,65722.52000000,58.44726000,1772255699999,3838178.04893910,15769,27.14696000,1782921.05530180,0
1772255700000,65722.51000000,65729.65000000,65646.07000000,65646.08000000,47.03451000,1772256599999,3089460.90434030,13208,15.71668000,1032303.79175940,0
1772256600000,65646.08000000,65646.08000000,65500.00000000,65557.51000000,121.90431000,1772257499999,7992046.78774020,23948,28.17573000,1847193.00452900,0
1772257500000,65557.50000000,65591.04000000,65501.24000000,65591.03000000,72.81787000,1772258399999,4771466.64172410,16339,31.60630000,2070982.98637680,0
1772258400000,65591.03000000,65591.04000000,65466.63000000,65492.96000000,43.83470000,1772259299999,2872988.24368680,13325,16.38632000,1074057.05002020,0
1772259300000,65492.96000000,65504.55000000,64400.00000000,64570.21000000,1108.86586000,1772260199999,71900560.18257250,186035,440.51472000,28565118.45333670,0
1772260200000,64570.21000000,64580.05000000,63574.51000000,64052.07000000,1208.31958000,1772261099999,77270175.18517580,258836,488.23935000,31217551.44404980,0
1772261100000,64052.07000000,64073.20000000,63030.00000000,63216.01000000,814.17431000,1772261999999,51655392.28841490,157644,344.66708000,21856476.13465450,0
1772262000000,63216.01000000,63824.55000000,63038.00000000,63769.71000000,616.27397000,1772262899999,39142178.35798570,144368,377.24279000,23957871.64886060,0
1772262900000,63769.72000000,63890.88000000,63351.18000000,63512.86000000,414.06658000,1772263799999,26323397.88815530,97063,197.76394000,12574912.98683790,0
1772263800000,63512.85000000,64327.22000000,63467.11000000,64056.29000000,700.08225000,1772264699999,44799007.72671850,115281,343.81243000,21988407.94681910,0
1772264700000,64058.04000000,64068.74000000,63807.99000000,63826.00000000,397.55647000,1772265599999,25415637.75074760,60209,163.20932000,10432681.22500990,0
1772265600000,63825.99000000,63877.09000000,63540.03000000,63623.20000000,394.73057000,1772266499999,25135923.73046260,71284,175.51481000,11177089.80952270,0
1772266500000,63623.20000000,63800.00000000,63420.00000000,63628.10000000,304.85834000,1772267399999,19392647.61991540,85438,149.59151000,9519754.60755330,0
1772267400000,63628.11000000,63763.85000000,63532.61000000,63611.87000000,213.24389000,1772268299999,13571383.99492690,59654,115.87548000,7375495.01023730,0
1772268300000,63611.88000000,63691.02000000,63411.39000000,63473.28000000,205.30558000,1772269199999,13050008.30628560,47795,88.22395000,5606840.12848250,0
1772269200000,63473.27000000,63715.52000000,63372.10000000,63708.79000000,207.33573000,1772270099999,13167649.49603780,66983,112.72907000,7160269.90753760,0
1772270100000,63708.80000000,64005.35000000,63592.11000000,63842.21000000,266.23352000,1772270999999,16997638.28151900,62566,189.81637000,12123765.00504410,0
1772271000000,63842.20000000,63842.21000000,63557.89000000,63623.58000000,141.55096000,1772271899999,9016733.12804780,47550,64.59880000,4114251.35827420,0
1772271900000,63623.58000000,63726.23000000,63543.98000000,63658.54000000,121.99718000,1772272799999,7764297.08729790,43696,72.26031000,4599309.14527390,0
1772272800000,63658.55000000,63658.55000000,63452.64000000,63565.53000000,223.35101000,1772273699999,14192634.55522430,47876,93.59012000,5947520.61109690,0
1772273700000,63565.53000000,64053.93000000,63528.80000000,63844.20000000,1043.16126000,1772274599999,66625517.94335910,62760,609.63418000,38939649.34808560,0
1772274600000,63846.23000000,64053.62000000,63842.77000000,63952.01000000,230.14341000,1772275499999,14725283.54534900,50203,112.14855000,7175797.91859820,0
1772275500000,63952.01000000,64029.21000000,63880.00000000,64010.39000000,136.77144000,1772276399999,8747453.59141540,36930,62.77091000,4014448.66130180,0
1772276400000,64010.38000000,64221.00000000,63966.00000000,64089.45000000,254.84884000,1772277299999,16339142.49450200,44692,148.54156000,9524120.54632430,0
1772277300000,64089.45000000,64307.26000000,64040.00000000,64250.89000000,237.10188000,1772278199999,15210063.54855870,38580,139.99557000,8980297.06613080,0
1772278200000,64250.90000000,64307.44000000,63992.75000000,64015.97000000,380.39870000,1772279099999,24396035.70449350,37893,159.89700000,10254052.39929080,0
1772279100000,64015.97000000,64076.92000000,63791.25000000,63844.20000000,373.29034000,1772279999999,23865718.45722720,35390,215.99308000,13813230.98203220,0
1772280000000,63844.20000000,63970.53000000,63838.84000000,63944.59000000,87.60455000,1772280899999,5598799.27570240,26308,47.61771000,3043164.95121820,0
1772280900000,63944.59000000,64082.66000000,63941.88000000,64000.00000000,124.84137000,1772281799999,7991224.26554480,22546,94.52217000,6050846.95198750,0
1772281800000,63999.99000000,64071.01000000,63979.15000000,64014.95000000,165.34907000,1772282699999,10587723.42518720,17885,128.43733000,8224343.26576110,0
1772282700000,64014.05000000,64043.41000000,63827.20000000,64017.19000000,97.04670000,1772283599999,6205513.42600760,28625,46.23721000,2956882.34091730,0
1772283600000,64017.18000000,64113.39000000,63912.06000000,64068.61000000,145.09736000,1772284499999,9289610.30670320,22380,94.44894000,6047658.79934530,0
1772284500000,64068.61000000,64205.01000000,63989.14000000,64029.50000000,343.98286000,1772285399999,22053078.71475440,23677,234.58035000,15037066.71881180,0
1772285400000,64029.50000000,64098.49000000,63888.89000000,64055.82000000,233.03600000,1772286299999,14904741.26851910,25337,139.20939000,8903481.37078870,0
1772286300000,64055.81000000,65216.97000000,64055.81000000,65106.44000000,1026.01433000,1772287199999,66355531.36473790,168540,561.13987000,36301653.75556470,0
1772287200000,65106.45000000,65360.51000000,64758.00000000,64823.00000000,468.44740000,1772288099999,30470166.45546220,123143,256.38050000,16679917.77148070,0
1772288100000,64822.99000000,64922.87000000,64650.00000000,64793.52000000,194.99258000,1772288999999,12631765.62701530,60786,103.76632000,6722742.14352980,0
1772289000000,64793.51000000,65159.10000000,64673.97000000,64934.20000000,294.48822000,1772289899999,19121180.14643280,70813,151.65346000,9847924.24271960,0
1772289900000,64934.21000000,65033.38000000,64278.50000000,64435.61000000,374.04424000,1772290799999,24161071.96704100,77165,161.20463000,10414938.35641520,0
1772290800000,64435.62000000,64597.04000000,64200.00000000,64224.27000000,205.02658000,1772291699999,13205623.53612810,55423,86.49095000,5574146.41560260,0
1772291700000,64224.28000000,64845.82000000,64224.28000000,64752.83000000,187.52124000,1772292599999,12108929.71320250,54581,129.22063000,8345543.43544470,0
1772292600000,64752.82000000,65020.75000000,64644.01000000,64832.40000000,249.75474000,1772293499999,16197876.57000620,55089,135.11386000,8764345.18078680,0
1772293500000,64832.39000000,64899.99000000,64724.50000000,64841.18000000,89.23633000,1772294399999,5784220.28431160,39969,46.20860000,2995310.31441320,0
1772294400000,64841.17000000,64969.85000000,64681.81000000,64889.70000000,83.60009000,1772295299999,5418270.43829280,51297,41.11944000,2664961.44101500,0
1772295300000,64889.70000000,65001.14000000,64754.33000000,64942.77000000,122.97361000,1772296199999,7984133.30971520,46108,59.76517000,3880436.89509100,0
1772296200000,64942.76000000,65206.25000000,64888.77000000,65162.62000000,126.62696000,1772297099999,8232428.56565750,53656,76.18611000,4954151.48618030,0
1772297100000,65162.62000000,65193.50000000,65000.00000000,65094.30000000,167.03299000,1772297999999,10872344.01432290,48549,116.63889000,7591648.60344780,0
1772298000000,65094.29000000,65106.90000000,64933.80000000,64945.79000000,146.22854000,1772298899999,9506910.32565740,32601,31.69160000,2060739.98851410,0
1772298900000,64945.80000000,65128.84000000,64895.14000000,65102.11000000,85.33372000,1772299799999,5544938.78768950,38589,49.57047000,3221513.08029870,0
1772299800000,65102.12000000,65189.56000000,64904.47000000,64957.95000000,109.74926000,1772300699999,7138656.63902450,37190,51.30910000,3337613.94381850,0
1772300700000,64957.96000000,65555.00000000,64828.03000000,65442.62000000,254.27257000,1772301599999,16587335.26145620,67223,147.72620000,9643721.71524610,0
1772301600000,65442.61000000,65455.32000000,65263.90000000,65273.58000000,116.50929000,1772302499999,7616029.90677950,62564,55.01961000,3596646.44199930,0
1772302500000,65273.57000000,65347.12000000,65185.70000000,65187.71000000,92.95192000,1772303399999,6066036.75282730,34498,34.53359000,2253282.81887510,0
1772303400000,65187.72000000,65808.00000000,65187.71000000,65665.04000000,240.21882000,1772304299999,15757549.08530710,88191,153.86820000,10092785.80898060,0
1772304300000,65665.03000000,66157.61000000,65623.28000000,65911.84000000,380.90145000,1772305199999,25102646.81984410,93720,229.04952000,15095208.30380630,0
1772305200000,65911.83000000,65950.55000000,65602.65000000,65758.56000000,168.75947000,1772306099999,11101589.54609730,71996,92.89590000,6109974.72204280,0
1772306100000,65758.55000000,65813.24000000,65660.00000000,65736.01000000,92.48323000,1772306999999,6078008.60441040,37802,46.34697000,3045976.06132320,0
1772307000000,65736.00000000,66664.16000000,65717.92000000,66376.97000000,497.33018000,1772307899999,32960173.29213480,139280,315.21159000,20883868.80627260,0
1772307900000,66376.97000000,66666.65000000,66243.01000000,66362.01000000,314.15836000,1772308799999,20885447.40053610,73314,202.27189000,13454462.49180440,0
1772308800000,66362.01000000,66635.86000000,66190.61000000,66569.54000000,148.62977000,1772309699999,9868331.91408820,61085,93.58119000,6216029.86544410,0
1772309700000,66569.53000000,67045.00000000,66467.45000000,66750.14000000,346.16235000,1772310599999,23137746.06049010,116582,195.88800000,13092774.47061720,0
1772310600000,66750.14000000,66917.80000000,66620.88000000,66781.55000000,131.06915000,1772311499999,8749708.05474490,73589,62.92004000,4200474.21959970,0
1772311500000,66781.54000000,67151.68000000,66765.48000000,66959.62000000,214.27136000,1772312399999,14351331.21191370,78554,124.45416000,8334920.86826480,0
1772312400000,66959.63000000,66988.42000000,66407.05000000,66571.22000000,345.18792000,1772313299999,22983024.56069290,87870,106.31094000,7076488.11067190,0
1772313300000,66571.23000000,66586.19000000,66368.42000000,66472.01000000,102.36197000,1772314199999,6805673.10600000,38070,42.06939000,2796967.86948770,0
1772314200000,66472.01000000,67055.56000000,66404.05000000,66845.33000000,301.03685000,1772315099999,20102775.49364830,66011,216.19082000,14438379.97037430,0
1772315100000,66845.33000000,66947.55000000,66536.43000000,66723.22000000,186.17310000,1772315999999,12417620.41013520,56491,69.28176000,4622089.18179570,0
1772316000000,66723.23000000,66987.22000000,66608.82000000,66938.93000000,320.58703000,1772316899999,21417565.64159340,64604,125.03620000,8358767.93065350,0
1772316900000,66938.93000000,67137.84000000,66884.37000000,67005.30000000,361.65780000,1772317799999,24236555.48843680,66514,239.19624000,16028924.36183090,0
1772317800000,67005.30000000,67760.00000000,66963.54000000,67338.93000000,402.52845000,1772318699999,27134036.40120810,152104,221.58555000,14931821.32571270,0
1772318700000,67338.94000000,67619.40000000,67082.31000000,67103.64000000,225.31790000,1772319599999,15162076.67233940,111795,89.50153000,6025115.60458420,0
1772319600000,67103.63000000,67210.00000000,66916.77000000,66961.58000000,114.96375000,1772320499999,7712804.78082930,53382,44.05685000,2956015.17577360,0
1772320500000,66961.58000000,67055.04000000,66891.13000000,66896.07000000,84.38887000,1772321399999,5651148.60453270,38516,36.65889000,2454993.85070180,0
1772321400000,66896.07000000,67019.07000000,66733.73000000,66886.16000000,171.65397000,1772322299999,11480227.96465860,45851,62.42866000,4174220.34246300,0
1772322300000,66886.16000000,67051.68000000,66886.16000000,66973.26000000,112.13100000,1772323199999,7511136.33603220,29708,58.54450000,3921290.43761650,0
